{"type":"FeatureCollection", "features": [
{"type":"Feature","geometry":{"type":"Polygon","coordinates":[[[20.37890643427535,40.28362354706622],[20.37889161620994,40.28356220861776],[20.379063900873454,40.28356488631246],[20.379328235340598,40.283794003239734],[20.379363233818662,40.2840043655548],[20.378925845195855,40.28410789898706],[20.378868027802877,40.28396463861678],[20.378889882647687,40.28379183419251],[20.37890174208712,40.283723413826394],[20.378914041881547,40.283655038228126],[20.37890643427535,40.28362354706622]],[[20.37915230355153,40.28402544943069],[20.379270884164868,40.28401798955695],[20.379266085187727,40.28397478553911],[20.37929298201562,40.28397303325945],[20.37928211037496,40.28387515867311],[20.379256251127316,40.28387684335626],[20.379251604227633,40.28383500827947],[20.379196271429223,40.28383856151997],[20.379194158487067,40.28381904767039],[20.37912139765023,40.28382378784012],[20.379123510571638,40.283843301691114],[20.379128258808525,40.283886049811244],[20.37910466602521,40.28388781831015],[20.37911361087769,40.28398480179165],[20.379147670880453,40.28398374197107],[20.37915230355153,40.28402544943069]]]},"properties":{"Zk_Numer":2239,"Zk_Emer":"KOSOVË-GOSNISHT","Nr_Pas":"160/2","Vol":1,"Faqe":6,"Pronaret":"SHOQËRIA SHPK 'GOSNISHT'","Kufizimet":"","Siperfaqe":1521}},
{"type":"Feature","geometry":{"type":"Polygon","coordinates":[[[20.380312582080936,40.28497381784758],[20.380294884959643,40.28488008814741],[20.380237750869362,40.28488641495573],[20.380205421200085,40.284889917570304],[20.380180658072472,40.284758762640706],[20.38021298768065,40.284755260033236],[20.380203724130933,40.28470619674389],[20.380317396589025,40.28469360906806],[20.38028939668055,40.284545311749646],[20.38038398147991,40.28453483768448],[20.380387148641777,40.28455161199264],[20.380423769477424,40.284569481463066],[20.380444254716878,40.28466581259108],[20.380430635866226,40.2846810692455],[20.380411981590402,40.284683134979346],[20.38035989662848,40.28468890273793],[20.38039392377227,40.28486912090251],[20.38041934786277,40.28486630550489],[20.380437045152085,40.28496003518548],[20.380312582080936,40.28497381784758]]]},"properties":{"Zk_Numer":2239,"Zk_Emer":"KOSOVË-GOSNISHT","Nr_Pas":"161/2","Vol":1,"Faqe":8,"Pronaret":"SHOQËRIA SHPK 'GOSNISHT'","Kufizimet":"","Siperfaqe":598}},
{"type":"Feature","geometry":{"type":"Polygon","coordinates":[[[20.374189308200013,40.27932370040296],[20.37453650017311,40.28012987796945],[20.37430574555032,40.280404853943054],[20.37396723535081,40.28068291533156],[20.37369931897983,40.281091301636025],[20.373613166516947,40.28153214020135],[20.373737537973415,40.28168683617458],[20.373891914655136,40.2818196388407],[20.373507868810396,40.28189232929631],[20.37273877028473,40.28226409843881],[20.372278377878366,40.28266441652893],[20.37218918419912,40.28198466526423],[20.371973467586418,40.28178860695183],[20.371694551432505,40.28161425235537],[20.371853110337156,40.280877244134665],[20.372096178081637,40.28089294377279],[20.372297115140597,40.28087691037777],[20.372635191119006,40.28077122774451],[20.374189308200013,40.27932370040296]]]},"properties":{"Zk_Numer":2239,"Zk_Emer":"KOSOVË-GOSNISHT","Nr_Pas":"175","Vol":1,"Faqe":41,"Pronaret":"KLEMENTINA THANASI IBRAHIM, BUKURIE BEQIRI GANI, ALBINA HODO IBRAHIM, TAHIR BEQIRI IBRAHIM, HYSEN BEQIRI IBRAHIM, ARTUR BEQIRI IBRAHIM","Kufizimet":"","Siperfaqe":36000}},
{"type":"Feature","geometry":{"type":"Polygon","coordinates":[[[20.378625864197872,40.27915757762],[20.37828572588332,40.28072621115557],[20.377824575195806,40.28103991255718],[20.377382354041792,40.28094230113267],[20.37694191657948,40.280919970385035],[20.376385343180107,40.2809187376975],[20.376021210004556,40.28095574510968],[20.375773711950455,40.28100987621554],[20.375246523835298,40.280965964196824],[20.37703772861608,40.2789885461168],[20.37741349796516,40.27828497080664],[20.378080755060545,40.277483505799644],[20.37854880399396,40.27793050207763],[20.3786192688134,40.27820096137276],[20.378625864197872,40.27915757762]]]},"properties":{"Zk_Numer":2239,"Zk_Emer":"KOSOVË-GOSNISHT","Nr_Pas":"174","Vol":1,"Faqe":38,"Pronaret":"TAHIR BEQIRI IBRAHIM, HYSEN BEQIRI IBRAHIM, ARTUR BEQIRI IBRAHIM, KLEMENTINA THANASI IBRAHIM, ALBINA HODO IBRAHIM, BUKURIE BEQIRI GANI","Kufizimet":"","Siperfaqe":57000}},
{"type":"Feature","geometry":{"type":"Polygon","coordinates":[[[20.378080755060545,40.277483505799644],[20.37867397895415,40.27751502957936],[20.379113276837113,40.27757503926659],[20.379946332862186,40.27780116552243],[20.380613243557693,40.2779326273484],[20.3809690792832,40.27798567987413],[20.381125654259503,40.27801073641601],[20.38132383950071,40.278194550075575],[20.381504091339657,40.278378312796974],[20.381606737205963,40.278635397298565],[20.381965148982957,40.2790280615147],[20.38231519327463,40.279321220110475],[20.38275831455398,40.279586457384404],[20.383146605346038,40.279759034955795],[20.383674667620895,40.27986842675259],[20.384413663844764,40.280263115421086],[20.38469901228518,40.28052750337119],[20.3851059915611,40.2806859687901],[20.38548358492614,40.28101478518894],[20.385603224481358,40.28109798425762],[20.38515992272251,40.28190737392276],[20.3848903325905,40.282256961023144],[20.38434638274464,40.28151655176168],[20.38390725409902,40.28105612077982],[20.383575596332772,40.280943102777506],[20.38282077683106,40.28125046676607],[20.38269898463306,40.28136309411416],[20.38269803437084,40.28149283905821],[20.382788508143012,40.28187984421206],[20.382986276323493,40.28228071367398],[20.383412257420936,40.28252040982107],[20.384327869251056,40.282638410242406],[20.38393310234676,40.28290631895217],[20.38314697874204,40.283087338868704],[20.38288229629288,40.28321476845221],[20.382816698919594,40.28311077409629],[20.382799785676344,40.28308396074109],[20.38258072207086,40.282736666802485],[20.382364900662626,40.282327559568316],[20.382199958115546,40.28218159724313],[20.381701686186624,40.281886531662735],[20.381208019924426,40.28146620973476],[20.38090221945501,40.28112771290576],[20.38047149708095,40.280795898330325],[20.380252693081548,40.280357774721764],[20.380288182168027,40.279911540661786],[20.380287961167866,40.279388884463984],[20.380214412439024,40.278884406854914],[20.379730793948877,40.27866433443089],[20.37944695201376,40.278618246774506],[20.378867624218405,40.278949776296315],[20.378625864197872,40.27915757762],[20.3786192688134,40.27820096137276],[20.37854880399396,40.27793050207763],[20.378080755060545,40.277483505799644]]]},"properties":{"Zk_Numer":2239,"Zk_Emer":"KOSOVË-GOSNISHT","Nr_Pas":"173","Vol":1,"Faqe":37,"Pronaret":"BUKURIE BEQIRI GANI, ALBINA HODO IBRAHIM, KLEMENTINA THANASI IBRAHIM, TAHIR BEQIRI IBRAHIM, HYSEN BEQIRI IBRAHIM, ARTUR BEQIRI IBRAHIM","Kufizimet":"","Siperfaqe":132000}},
{"type":"Feature","geometry":{"type":"Polygon","coordinates":[[[20.374189308200013,40.27932370040296],[20.37409105158331,40.27908562189505],[20.37401189169795,40.27858472417298],[20.373893373825354,40.277649094906074],[20.372990337815935,40.27611851445316],[20.373470394697947,40.276172691344215],[20.37499355322498,40.27620339981483],[20.376663612908068,40.276691792230594],[20.376904317616138,40.27682654583784],[20.377814722231747,40.277314389927724],[20.378080755060545,40.277483505799644],[20.37576193392791,40.27839148743465],[20.374189308200013,40.27932370040296]]]},"properties":{"Zk_Numer":2239,"Zk_Emer":"KOSOVË-GOSNISHT","Nr_Pas":"176","Vol":1,"Faqe":40,"Pronaret":"ARTUR BEQIRI IBRAHIM, HYSEN BEQIRI IBRAHIM, TAHIR BEQIRI IBRAHIM, KLEMENTINA THANASI IBRAHIM, ALBINA HODO GANI, BUKURIE BEQIRI GANI","Kufizimet":"","Siperfaqe":75000}},
{"type":"Feature","geometry":{"type":"Polygon","coordinates":[[[20.389077799967215,40.28416139588221],[20.389457929957338,40.284711969017565],[20.38974008762463,40.285000202908186],[20.390246611918176,40.28533549209808],[20.390829930744644,40.2854647413961],[20.391307059478073,40.28553626677044],[20.392392895402576,40.28607250838892],[20.393279556610437,40.2866686160941],[20.393613375382028,40.287009133501094],[20.39389772111105,40.28719232393362],[20.396273836225067,40.2879363424823],[20.397011795682022,40.28803251127267],[20.397583078561123,40.28822012311583],[20.398062988215298,40.28851110134131],[20.39834741969051,40.28874336371749],[20.398587416987617,40.288883083781485],[20.39762205608974,40.288929113588324],[20.396176543294196,40.28881303602087],[20.394999316336904,40.28850979957085],[20.392642702184837,40.28787129551041],[20.391561311577902,40.287622068362616],[20.39030773915924,40.287509030419095],[20.388764935108654,40.28745838888777],[20.38801488002726,40.28752073048109],[20.386796123041016,40.28777967303826],[20.3856566950187,40.287723634465614],[20.385782960412207,40.28738184547822],[20.385763841891006,40.28709408880978],[20.385519154719468,40.2867077413984],[20.384543742914612,40.28593671638062],[20.38196873390064,40.283696585841],[20.38240663522657,40.283394826780764],[20.38291253185659,40.28325539820634],[20.383955829527068,40.28322747589539],[20.384875217417854,40.28343649901511],[20.385886561285115,40.283813122121664],[20.38647193264285,40.283850523111845],[20.38704613159974,40.283756535143645],[20.38792378281884,40.28344928367173],[20.389077799967215,40.28416139588221]],[[20.388732375579433,40.285311314461296],[20.38886078268427,40.28509190434728],[20.388633135589735,40.28485588750899],[20.38815806304953,40.28463563503113],[20.387962746909356,40.28469703457165],[20.387590108762364,40.285073475183154],[20.387610325839468,40.285209579259735],[20.388126515042423,40.28532310563113],[20.388732375579433,40.285311314461296]],[[20.391281066869098,40.28722786479159],[20.392425115535787,40.28718887400776],[20.392575628524586,40.286973790803955],[20.392555113124317,40.286547887551414],[20.392406978153097,40.286424052080335],[20.39221135976214,40.28632816309454],[20.391575908339547,40.28646069049364],[20.391289458124692,40.28662218724562],[20.39109725708857,40.28675777289602],[20.391059528577927,40.28685879671667],[20.39113725219499,40.28710335612684],[20.391281066869098,40.28722786479159]]]},"properties":{"Zk_Numer":2239,"Zk_Emer":"KOSOVË-GOSNISHT","Nr_Pas":"97","Vol":1,"Faqe":39,"Pronaret":"BESIME BEQIRI FADIL, HAVA BEQIRI FADIL, ZARË BEQIRI HYSEN, LULËZIME BEQIRI FADIL, KASTRIOT BEQIRI FADIL, XHEVAIRE BEQIRI FADIL, BEKIM BEQIRI FADIL, PËRPARIM BEQIRI FADIL","Kufizimet":"","Siperfaqe":300000}},
{"type":"Feature","geometry":{"type":"Polygon","coordinates":[[[20.368919319799033,40.28906265400964],[20.368073513572394,40.28906395722797],[20.367495844996505,40.28910623174861],[20.367199278689835,40.28915649092857],[20.366817583491624,40.289345577223465],[20.366386737644913,40.28940449055542],[20.366168352181447,40.28952490297226],[20.3658930000263,40.289497846915886],[20.365618595804197,40.28940391792683],[20.36540850301998,40.289275992872156],[20.365179847182617,40.28909588227604],[20.364939769098598,40.28894548202473],[20.364688393345695,40.288851023748215],[20.364440278169724,40.28888468017303],[20.364215691012312,40.28894278901253],[20.363716454943,40.289195455134326],[20.363564411849218,40.28920271297418],[20.363425822521208,40.2891894588485],[20.363218093258446,40.289133938918155],[20.36270383600499,40.28893389983148],[20.362937173215922,40.287823184644914],[20.36557392882287,40.285573744112675],[20.36807258058952,40.28572572932966],[20.368739720006037,40.28496150428919],[20.369720111317786,40.2842134066237],[20.370490450210838,40.28486222780974],[20.370221340324644,40.28531139554029],[20.369856446753513,40.28577714720243],[20.36967013884751,40.28619443946749],[20.369593951990147,40.286332901359714],[20.368993644551672,40.28696417650905],[20.36895119381141,40.287118279291114],[20.368965201656163,40.28725132865189],[20.369004329232542,40.287364132529554],[20.36902076755097,40.28745039478773],[20.369003229986713,40.28752182958422],[20.368883708582892,40.28771424194374],[20.368878388855812,40.287821543735305],[20.368941662680708,40.28794713982942],[20.368995873448807,40.28802473166278],[20.369027252525203,40.288114006882836],[20.369017783865992,40.288350275386875],[20.368915400980217,40.28868431818315],[20.36891423462549,40.28880972813588],[20.36894676294488,40.28888216683753],[20.36895059076821,40.288963778262165],[20.368919319799033,40.28906265400964]]]},"properties":{"Zk_Numer":2239,"Zk_Emer":"KOSOVË-GOSNISHT","Nr_Pas":"190","Vol":1,"Faqe":42,"Pronaret":"KISHA PËRMET ORTODOKSE","Kufizimet":"","Siperfaqe":200000}},
{"type":"Feature","geometry":{"type":"Polygon","coordinates":[[[20.366060482512598,40.28258402640504],[20.364362651411653,40.28254238378551],[20.3645283519999,40.282178480796844],[20.364560089712473,40.282008354292905],[20.36454860459826,40.28171013453636],[20.364370178081938,40.2806659553746],[20.364423016460883,40.2806609047172],[20.3648398818735,40.28056386423501],[20.365841931650444,40.28050545459317],[20.3665903372676,40.280370415834604],[20.36726800629143,40.280360190231136],[20.367658293253733,40.28037452732525],[20.367645705717024,40.281151072433985],[20.36723084289999,40.28116637878525],[20.36682870838283,40.281340339097056],[20.366802988871193,40.281358064411194],[20.366632477945092,40.28147557636197],[20.36656153120083,40.281524470925184],[20.36636861027787,40.281696686345875],[20.366290053273488,40.2817668117696],[20.366259957001578,40.28182047144812],[20.36615797572253,40.28200229669098],[20.366134412129313,40.28209798477535],[20.36610350898623,40.282223477217144],[20.36605443271057,40.28249924413619],[20.366060482512598,40.28258402640504]]]},"properties":{"Zk_Numer":2239,"Zk_Emer":"KOSOVË-GOSNISHT","Nr_Pas":"380","Vol":1,"Faqe":47,"Pronaret":"DASHNOR JASHARI NEKI, DIANA JASHARI NEKI, REFAT JASHARI NEKI, HABIB JASHARI NEKI, VLADIMIR JASHARI NEKI, DUKO JASHARI HABIB, SEMINE JASHARI HABIB, MIMOZA JASHARI NEKI, KASO JASHARI HABIB, RESMIE JASHARI HABIB, LUMTURI JASHARI","Kufizimet":"","Siperfaqe":46000}},
{"type":"Feature","geometry":{"type":"Polygon","coordinates":[[[20.37204387830962,40.282786586311026],[20.371836789246483,40.282774856582115],[20.37165874262612,40.28275502417868],[20.371552111574143,40.282751555391286],[20.3714015093881,40.28275776160027],[20.37130737256031,40.282777134051905],[20.37116259617939,40.28282134252379],[20.37109387579671,40.282830746661546],[20.37096880400003,40.282837146566756],[20.37080686248627,40.28285323604865],[20.37072168118012,40.28287210618775],[20.370618311934003,40.282908916292584],[20.370348244830858,40.28308737410353],[20.37012948905362,40.28324260177678],[20.369905269199432,40.283401977427154],[20.36971132335594,40.2835731346571],[20.369526030875413,40.283845402221154],[20.369466286345826,40.28388090385391],[20.36937674479851,40.283893044737674],[20.3692851664495,40.283895531461745],[20.369131214839115,40.28387455870775],[20.36882329901317,40.28388970830969],[20.368611191126522,40.28391121925896],[20.368122300534875,40.28405732326062],[20.369172134397573,40.28266229338778],[20.369464312159597,40.28054463580543],[20.370168610950575,40.28065617247816],[20.370722979511978,40.280757390373125],[20.371256406496066,40.28085028081988],[20.37135790082862,40.28154760802941],[20.371725691107148,40.282252403804456],[20.37204387830962,40.282786586311026]]]},"properties":{"Zk_Numer":2239,"Zk_Emer":"KOSOVË-GOSNISHT","Nr_Pas":"381","Vol":1,"Faqe":48,"Pronaret":"REFAT JASHARI NEKI, DASHNOR JASHARI NEKI, HABIB JASHARI NEKI, VLADIMIR JASHARI NEKI, DIANA JASHARI NEKI, KASO JASHARI HABIB, SEMINE JASHARI HABIB, DUKO JASHARI HABIB, RESMIE JASHARI HABIB, LUMTURI JASHARI, MIMOZA JASHARI NEKI","Kufizimet":"","Siperfaqe":59000}},
{"type":"Feature","geometry":{"type":"Polygon","coordinates":[[[20.367720560185724,40.284539150091966],[20.36779019581615,40.28459531017069],[20.36788226562629,40.28464371985547],[20.3679742519069,40.284676700816696],[20.368067750111376,40.28469487800084],[20.368130420506574,40.28469899727717],[20.368256943584562,40.284687689001586],[20.368352137141937,40.28465948853248],[20.36815736191804,40.28502450138581],[20.367518860830437,40.28485973162889],[20.367720560185724,40.284539150091966]]]},"properties":{"Zk_Numer":2239,"Zk_Emer":"KOSOVË-GOSNISHT","Nr_Pas":"37","Vol":1,"Faqe":51,"Pronaret":"KISHA PËRMET ORTODOKSE","Kufizimet":"","Siperfaqe":1960}},
{"type":"Feature","geometry":{"type":"Polygon","coordinates":[[[20.368034496835012,40.284464618620916],[20.36806816392047,40.284409225519994],[20.368162382770613,40.28444265993109],[20.368128715745893,40.28449805305884],[20.368034496835012,40.284464618620916]]]},"properties":{"Zk_Numer":2239,"Zk_Emer":"KOSOVË-GOSNISHT","Nr_Pas":"35","Vol":1,"Faqe":49,"Pronaret":"KISHA PËRMET ORTODOKSE","Kufizimet":"","Siperfaqe":60}},
{"type":"Feature","geometry":{"type":"Polygon","coordinates":[[[20.36839164187926,40.2844942986746],[20.368290337227492,40.28461493781415],[20.36815607471093,40.28462572946895],[20.367976130044955,40.284618241929785],[20.36781454233128,40.284550264480906],[20.367781075052786,40.28451363076597],[20.367767073939014,40.284475448433646],[20.36785395919263,40.28432057307259],[20.368140699016706,40.28438305003783],[20.36839164187926,40.2844942986746]],[[20.368034496835012,40.284464618620916],[20.368128715745893,40.28449805305884],[20.368162382770613,40.28444265993109],[20.36806816392047,40.284409225519994],[20.368034496835012,40.284464618620916]]]},"properties":{"Zk_Numer":2239,"Zk_Emer":"KOSOVË-GOSNISHT","Nr_Pas":"36","Vol":1,"Faqe":50,"Pronaret":"KISHA PËRMET ORTODOKSE","Kufizimet":"","Siperfaqe":1120}},
{"type":"Feature","geometry":{"type":"Polygon","coordinates":[[[20.400238587468817,40.305273354301924],[20.400213884494562,40.305298336302315],[20.40018721788759,40.305297174216584],[20.400170206106882,40.305291646448566],[20.400157136688073,40.30527048288716],[20.400158414750493,40.30519433340861],[20.400137745359814,40.305026669400846],[20.40006459457979,40.30482963872523],[20.399928074524137,40.30466551420063],[20.39975146117435,40.30457189891874],[20.399252368812657,40.30444597901701],[20.399066558351997,40.30436673522653],[20.399025783221873,40.30431918360719],[20.399064507927765,40.30422549793676],[20.399188529538954,40.30406242053967],[20.399312151143782,40.303899868203615],[20.39932572344665,40.303824718929405],[20.39925992147805,40.30375699621448],[20.399152334498893,40.30373352548278],[20.39907460822207,40.30375644363378],[20.398998775644404,40.303836575875614],[20.398858273204088,40.30389177596537],[20.39872116606011,40.30394358987578],[20.398630115568942,40.304029260045866],[20.398474718413038,40.304102653519074],[20.39837445803333,40.30409341003543],[20.39833193832908,40.30405160549693],[20.398456530995066,40.30393850873933],[20.398504581480616,40.30379177178891],[20.398465616103252,40.30370652986076],[20.39842317495262,40.3036136839552],[20.39827606522772,40.30338158282981],[20.398118555321243,40.30310116025167],[20.397890366674208,40.30284015153665],[20.39753733939478,40.30261435598591],[20.397350168214626,40.302479924416325],[20.3970833926781,40.30242691897481],[20.396845038724983,40.30237701183595],[20.396694777407717,40.30237879792277],[20.396319098009666,40.30227170223787],[20.396189601649574,40.30212366066112],[20.396021317389987,40.30173911751904],[20.39596086284484,40.30158918842271],[20.395724175035657,40.30145233053829],[20.39569188500776,40.30140491015575],[20.395691642364287,40.301363321233474],[20.39574806541098,40.301278097194334],[20.395793182501617,40.30114180895023],[20.395899524329096,40.30099253570682],[20.395979288509213,40.30084147566152],[20.39598926878078,40.30068890939796],[20.395973136258917,40.30058210750985],[20.395890160358007,40.300404900863],[20.395793433038065,40.30027085732118],[20.39574461697723,40.300207233106775],[20.395672811662166,40.300188934634676],[20.395586559711656,40.300185520856516],[20.39548841530847,40.30019371161328],[20.395423054422785,40.30020181704252],[20.395380041653812,40.30019964589411],[20.395353316055782,40.30018629110446],[20.395328850736412,40.30014510944795],[20.39531407023903,40.3001000738252],[20.395266833674945,40.299949854819545],[20.395178477637156,40.299743918179885],[20.39490667056284,40.29948692549043],[20.394421197328914,40.29902608779592],[20.394115144523703,40.29890979690733],[20.393911941510986,40.29888485664788],[20.393678427462355,40.29887166126544],[20.39347943639397,40.298914544325704],[20.393362455503453,40.29895124274872],[20.393119822142506,40.29907408329972],[20.392937637859166,40.299120869035676],[20.392752128212678,40.29912741770987],[20.392572101348424,40.29911778934672],[20.39239218605256,40.29910614708854],[20.392222801414682,40.299143849892175],[20.392185883345874,40.29917474220392],[20.39208405464718,40.29920703789361],[20.39194967773592,40.29922406006998],[20.39181801142514,40.299205636797225],[20.39173874855757,40.299199248010346],[20.39167858807097,40.29916861066789],[20.39324990575021,40.29764162194242],[20.393511710513128,40.297211653789226],[20.393549634592457,40.296718529865934],[20.393919152800606,40.29658632883492],[20.395103438615692,40.29637740274319],[20.397219722419123,40.297541719783325],[20.39801962009441,40.2979781029384],[20.399726692212816,40.29952329890196],[20.40152161777428,40.301224972052395],[20.40235517244427,40.30185322819155],[20.403360418159053,40.30222751633813],[20.404185807316363,40.30246180627591],[20.406942410007968,40.3022456428955],[20.405827146106198,40.305009227080006],[20.405330489188195,40.30564140918336],[20.404929756050457,40.30596442923733],[20.40483783915464,40.30592993030855],[20.4047866493754,40.30592264041806],[20.404757677870073,40.305922732547984],[20.404736622404563,40.30592539841748],[20.40470331353569,40.30594295823551],[20.40464345071449,40.30599185725232],[20.404429608334706,40.30610401764766],[20.404037525157797,40.30613296327801],[20.403751429119552,40.3060858917338],[20.40342709712744,40.30600757092193],[20.403307849284772,40.305994009126756],[20.403222760497172,40.30600085368294],[20.403180515161754,40.306003496308406],[20.40314812662881,40.30599197090871],[20.403116114911377,40.30598057958531],[20.403062806286545,40.30593175993671],[20.40298683995747,40.30586219036294],[20.40285743076818,40.3057118084205],[20.4026949559826,40.30561660021666],[20.402510619457882,40.305574585914485],[20.402359956474385,40.305539896870904],[20.402285069231386,40.305516681951445],[20.402221738460625,40.30547542592863],[20.402197893279563,40.30543593324473],[20.40218069120763,40.30533784001397],[20.402137918772816,40.3052331197033],[20.402098364017768,40.30518632293858],[20.402040509550943,40.30515505224665],[20.401876617079697,40.30512425733213],[20.40174956670006,40.305076257796664],[20.401653707569643,40.30502067519958],[20.40154023118641,40.30492683196187],[20.40138823730197,40.30486744496461],[20.401186023616706,40.304872030276094],[20.4010734589072,40.3048918227039],[20.40102747361105,40.304904192473614],[20.40096334023463,40.30492144393038],[20.40092263311858,40.304917584658966],[20.400899431209393,40.304907378876074],[20.400871936406517,40.30488604378949],[20.400831367410277,40.30483822794618],[20.40078926550798,40.30482156600343],[20.40074153956051,40.3048224620831],[20.400679861357926,40.30484189173724],[20.400614495102126,40.30489946487291],[20.400532303776412,40.30499202966065],[20.400238587468817,40.305273354301924]]]},"properties":{"Zk_Numer":2239,"Zk_Emer":"KOSOVË-GOSNISHT","Nr_Pas":"191","Vol":1,"Faqe":43,"Pronaret":"KISHA PËRMET ORTODOKSE","Kufizimet":"","Siperfaqe":500000}},
{"type":"Feature","geometry":{"type":"Polygon","coordinates":[[[20.38751031879009,40.30210304760794],[20.38750608238891,40.301821361590186],[20.387723906285977,40.30153171595615],[20.387634343589884,40.3013832253694],[20.3874280085032,40.30143897514328],[20.38725375084319,40.30003303426533],[20.387418097537807,40.3001204460246],[20.387569665092485,40.30031855416824],[20.3878920621453,40.30052858451755],[20.38799089463891,40.300444936373985],[20.38758674506728,40.30004074409819],[20.387420459588334,40.299914552677194],[20.387225539581436,40.299761329525715],[20.3872197429512,40.29975864563395],[20.387174186705323,40.29939107685492],[20.38947074090127,40.30049654631111],[20.390185801894066,40.3011402848293],[20.39025888176031,40.30120607452999],[20.39101155586822,40.30188365456962],[20.389634698532348,40.30449465520757],[20.387822759520002,40.30480250514176],[20.387552269614336,40.30290468537818],[20.387546768894563,40.302397119649385],[20.38751031879009,40.30210304760794]]]},"properties":{"Zk_Numer":2239,"Zk_Emer":"KOSOVË-GOSNISHT","Nr_Pas":"192","Vol":1,"Faqe":44,"Pronaret":"KISHA PËRMET ORTODOKSE","Kufizimet":"","Siperfaqe":115673}},
{"type":"Feature","geometry":{"type":"Polygon","coordinates":[[[20.395520815181683,40.32167300648103],[20.394472191189656,40.32181596120662],[20.393991257602767,40.3216656728175],[20.393729558528317,40.32139939307729],[20.39349882927012,40.321221070381],[20.392980167740827,40.321030691509264],[20.392085656847783,40.32100344223688],[20.391681478719153,40.32083077664718],[20.391489024084173,40.32063508288834],[20.391234577695375,40.320162282018444],[20.390969213609505,40.31987190385756],[20.390396857143905,40.3194500428018],[20.389748989696624,40.31929595390309],[20.389433251485848,40.319288454020764],[20.38928135309268,40.31926682965164],[20.389135587393284,40.3191702219509],[20.38907065368305,40.31898108608084],[20.389079910629622,40.31875350369457],[20.389045685428577,40.31849350525689],[20.388970131059892,40.31791953435283],[20.389772775163706,40.31795108741688],[20.390727676031556,40.31810208788631],[20.391099401453413,40.31822003074145],[20.391867208099306,40.31872878781732],[20.392057741819315,40.31901161420125],[20.392181429635418,40.319232033387166],[20.39219238034338,40.319613444451974],[20.392495625673597,40.31988679120398],[20.392929583033784,40.32008273406748],[20.393620491040164,40.32018136175494],[20.394313711456658,40.32043523408864],[20.39476720315959,40.320885957715554],[20.395119007085576,40.32116281910756],[20.395520815181683,40.32167300648103]]]},"properties":{"Zk_Numer":2239,"Zk_Emer":"KOSOVË-GOSNISHT","Nr_Pas":"193","Vol":1,"Faqe":45,"Pronaret":"KISHA PËRMET ORTODOKSE","Kufizimet":"","Siperfaqe":80000}},
{"type":"Feature","geometry":{"type":"Polygon","coordinates":[[[20.361567714091674,40.286073460810385],[20.360381059876428,40.28604369429342],[20.36040152413751,40.28537363649921],[20.36054120822264,40.28537320132533],[20.360909895871064,40.285289157284346],[20.36128235217742,40.28527156334667],[20.36148878801369,40.28531803003485],[20.361567714091674,40.286073460810385]]]},"properties":{"Zk_Numer":2239,"Zk_Emer":"KOSOVË-GOSNISHT","Nr_Pas":"198","Vol":1,"Faqe":3,"Pronaret":"SHTET","Kufizimet":"KONTRATË QERAJE NR. 2211 REP, NR. 963/3 KOL, DT 18.11.2018","Siperfaqe":8000}},
{"type":"Feature","geometry":{"type":"Polygon","coordinates":[[[20.361961312858607,40.286211428066046],[20.361933934091912,40.28616465207791],[20.36191684252421,40.286131669397115],[20.361895060692824,40.28604268803856],[20.361910561069642,40.28595074605945],[20.361922574291633,40.28582697975292],[20.361850449063468,40.28560553305501],[20.361834842844175,40.28513757525807],[20.36174050968964,40.28509090961385],[20.3614677038181,40.28502968196337],[20.361442015031376,40.284951452776255],[20.36143322143786,40.28485331327786],[20.361871647646275,40.284816990229146],[20.361991347746812,40.28466850420488],[20.362156339991234,40.284666339896084],[20.362316467400674,40.28470107058745],[20.362507738060664,40.28489404389459],[20.362615277609,40.28500254010856],[20.362644962284218,40.28518488339985],[20.36262534859003,40.28538479903564],[20.36260243634103,40.28544888870111],[20.362530956764687,40.285670861914944],[20.362496242953124,40.28611018571704],[20.362392506207854,40.28619080289687],[20.361961312858607,40.286211428066046]]]},"properties":{"Zk_Numer":2239,"Zk_Emer":"KOSOVË-GOSNISHT","Nr_Pas":"197","Vol":1,"Faqe":2,"Pronaret":"SHTET","Kufizimet":"KONTRATË QERAJE NR. 2211 REP, NR. 963/3 KOL, DT 18.11.2018.","Siperfaqe":10450}},
{"type":"Feature","geometry":{"type":"Polygon","coordinates":[[[20.364589360463555,40.28581807709957],[20.36445148370056,40.28571185647663],[20.364253768186696,40.28558579907734],[20.364235560684566,40.285546601549974],[20.36425131625899,40.28552009650712],[20.364410950703665,40.28529790288669],[20.364595326809848,40.28506083962505],[20.364828496259577,40.28457557686611],[20.364856571649398,40.28451481902769],[20.364917601357938,40.28449949752938],[20.364980349008583,40.28449929961711],[20.365027352600073,40.28451386264149],[20.365042121908136,40.284553927314484],[20.365070561825487,40.28476634523937],[20.36509170602697,40.28480171204169],[20.36513086004648,40.2848481279976],[20.365167387135102,40.284912454219274],[20.365174859072397,40.28500447849306],[20.36510185760482,40.2852199412455],[20.365109295396934,40.28530415620165],[20.36509840565423,40.28536798755012],[20.365040364461287,40.28542594275365],[20.364944462765752,40.28552170208782],[20.36486653092801,40.28555767509387],[20.364803107766516,40.28560456022492],[20.364742738182372,40.285688727515435],[20.364687046789243,40.28575168558828],[20.364648652883254,40.285817070652016],[20.364589360463555,40.28581807709957]]]},"properties":{"Zk_Numer":2239,"Zk_Emer":"KOSOVË-GOSNISHT","Nr_Pas":"196","Vol":1,"Faqe":1,"Pronaret":"SHTET","Kufizimet":"KONTRATË QERAJE NR. 2211 REP, NR. 963/3 KOL, DT 18.11.2018.","Siperfaqe":5900}},
{"type":"Feature","geometry":{"type":"Polygon","coordinates":[[[20.380032337234216,40.28443681720575],[20.380053442150825,40.28443205034256],[20.3801935537617,40.28453256430872],[20.38028761781292,40.28452754451525],[20.38038793955866,40.28452112329207],[20.380441997097027,40.28455904980334],[20.38046741110029,40.28467674853047],[20.380397418022863,40.28470234084462],[20.380443188294237,40.2849685981207],[20.380372189938782,40.28497776966036],[20.380226833489257,40.284992631539694],[20.380209446766525,40.284906844187546],[20.380195455013503,40.284908507336084],[20.380149825726956,40.28464508686184],[20.380098599051376,40.28456585301385],[20.380032337234216,40.28443681720575]],[[20.380312582080936,40.28497381784758],[20.380437045152085,40.28496003518548],[20.38041934786277,40.28486630550489],[20.38039392377227,40.28486912090251],[20.38035989662848,40.28468890273793],[20.380411981590402,40.284683134979346],[20.380430635866226,40.2846810692455],[20.380444254716878,40.28466581259108],[20.380423769477424,40.284569481463066],[20.380387148641777,40.28455161199264],[20.38038398147991,40.28453483768448],[20.38028939668055,40.284545311749646],[20.380317396589025,40.28469360906806],[20.380203724130933,40.28470619674389],[20.38021298768065,40.284755260033236],[20.380180658072472,40.284758762640706],[20.380205421200085,40.284889917570304],[20.380237750869362,40.28488641495573],[20.380294884959643,40.28488008814741],[20.380312582080936,40.28497381784758]]]},"properties":{"Zk_Numer":2239,"Zk_Emer":"KOSOVË-GOSNISHT","Nr_Pas":"161/3","Vol":1,"Faqe":9,"Pronaret":"SHOQËRIA SHPK 'GOSTNISHT'","Kufizimet":"","Siperfaqe":602}},
{"type":"Feature","geometry":{"type":"Polygon","coordinates":[[[20.37915230355153,40.28402544943069],[20.379147670880453,40.28398374197107],[20.37911361087769,40.28398480179165],[20.37910466602521,40.28388781831015],[20.379128258808525,40.283886049811244],[20.379123510571638,40.283843301691114],[20.37912139765023,40.28382378784012],[20.379194158487067,40.28381904767039],[20.379196271429223,40.28383856151997],[20.379251604227633,40.28383500827947],[20.379256251127316,40.28387684335626],[20.37928211037496,40.28387515867311],[20.37929298201562,40.28397303325945],[20.379266085187727,40.28397478553911],[20.379270884164868,40.28401798955695],[20.37915230355153,40.28402544943069]]]},"properties":{"Zk_Numer":2239,"Zk_Emer":"KOSOVË-GOSNISHT","Nr_Pas":"160/3","Vol":1,"Faqe":7,"Pronaret":"SHOQËRIA SHPK 'GOSNISHT'","Kufizimet":"","Siperfaqe":279}},
{"type":"Feature","geometry":{"type":"Polygon","coordinates":[[[20.374340035021827,40.285739767714595],[20.37436472519189,40.28587771988223],[20.374281082974306,40.28594766870862],[20.374223897667733,40.28603523725062],[20.37427121083019,40.286133952978275],[20.37443166590338,40.28631229377323],[20.374448396852337,40.28643714473479],[20.37443596921627,40.286483026460886],[20.374351756137965,40.286469648974],[20.374243865513538,40.28647452516869],[20.374164846030887,40.28647171157832],[20.374122848403722,40.28647209503933],[20.374041861549113,40.28647013786629],[20.373954391029073,40.28644524781185],[20.3738543692741,40.28640410149453],[20.373780128849226,40.28637862641497],[20.373669624813367,40.286357782974434],[20.373570481209992,40.28633746200515],[20.373510097718327,40.28632251742952],[20.3734442105727,40.28631886935024],[20.373388302026445,40.28631809337708],[20.373309271554113,40.28632884725616],[20.373230548291644,40.286342650327846],[20.37315106422897,40.28635133604741],[20.373725729693614,40.28550512028215],[20.374340035021827,40.285739767714595]]]},"properties":{"Zk_Numer":2239,"Zk_Emer":"KOSOVË-GOSNISHT","Nr_Pas":"212","Vol":1,"Faqe":52,"Pronaret":"SHTET","Kufizimet":"KONTRATË QERAJE NR. 2211 REP, NR. 963/3 KOL, DT 18.11.2018.","Siperfaqe":7000}},
{"type":"Feature","geometry":{"type":"Polygon","coordinates":[[[20.379087930056258,40.286501039554985],[20.37915347175159,40.286804507176655],[20.379096344550472,40.2870707005208],[20.379076222311603,40.28711039584279],[20.379065644986863,40.28717229797547],[20.37890140520443,40.287252982768315],[20.37883692669452,40.28727590997061],[20.37877294002976,40.28732776089146],[20.378511658009757,40.28730110389436],[20.378267532112332,40.28724919115265],[20.377943102562355,40.28714434562614],[20.377548773067176,40.28703124186724],[20.377587371972435,40.28644076785838],[20.379004575282114,40.286387408386375],[20.379087930056258,40.286501039554985]]]},"properties":{"Zk_Numer":2239,"Zk_Emer":"KOSOVË-GOSNISHT","Nr_Pas":"218","Vol":1,"Faqe":54,"Pronaret":"SHTET","Kufizimet":"KONTRATË QERAJE NR. 2211 REP, NR. 963/3 KOL, DT 18.11.2018.","Siperfaqe":11600}},
{"type":"Feature","geometry":{"type":"Polygon","coordinates":[[[20.37315106422897,40.28635133604741],[20.373073055592933,40.286344763966156],[20.37299954368595,40.28630392858057],[20.37277937912478,40.286132250409146],[20.372437926886516,40.2860742587153],[20.372441974336247,40.28594398988315],[20.37257481569168,40.285854237875704],[20.372778451625265,40.28576433716796],[20.37292341697835,40.28575776228721],[20.372972169974314,40.28572547578808],[20.373001705811642,40.28570396226894],[20.373010473738724,40.28566438447611],[20.373028565690955,40.285617513507965],[20.37306081180545,40.28559809677333],[20.373125049356535,40.285565567202966],[20.373147443553613,40.285536362374856],[20.373173429861318,40.285505159294814],[20.373190432225492,40.285476372602375],[20.37319304924911,40.28544888500213],[20.372957629332806,40.28526391816154],[20.37305654725122,40.28518451282996],[20.37308483632151,40.28514952354232],[20.37312092047495,40.285107861987015],[20.37316273039852,40.28505574702339],[20.37320121599729,40.28500964327973],[20.373233715747542,40.284985730921015],[20.373262257464035,40.28495865050037],[20.373318114773067,40.28491889374442],[20.37335555171952,40.28488099754547],[20.373394365763613,40.284842694334365],[20.373426558413403,40.28482283638793],[20.373463753432606,40.28481215532842],[20.37353427578584,40.28481023730802],[20.373586399612552,40.28482203402809],[20.373683191722282,40.284849233952784],[20.37374636327905,40.284855425781444],[20.37378421270956,40.28486577987365],[20.373847392147905,40.28487531904878],[20.37394469127157,40.28490593388726],[20.373986123334067,40.284925155076614],[20.37405544216513,40.28493528218023],[20.374150158996432,40.284941137655146],[20.374204682538664,40.284937899387614],[20.374309109929044,40.284903748671205],[20.374352944365153,40.284889413529896],[20.37435979708761,40.28492556865712],[20.374337412457905,40.284968442498275],[20.374284832136023,40.285083529612365],[20.37428686627725,40.28516339108821],[20.374383633863506,40.28526203572899],[20.374353076174586,40.285369903188155],[20.37433490802157,40.28542307729739],[20.374376840317634,40.28549973924605],[20.374383937006048,40.285636331875715],[20.374340035021827,40.285739767714595],[20.373725729693614,40.28550512028215],[20.37315106422897,40.28635133604741]]]},"properties":{"Zk_Numer":2239,"Zk_Emer":"KOSOVË-GOSNISHT","Nr_Pas":"213","Vol":1,"Faqe":53,"Pronaret":"SHTET","Kufizimet":"","Siperfaqe":13000}},
{"type":"Feature","geometry":{"type":"Polygon","coordinates":[[[20.379894627500416,40.284172777345816],[20.379945839009636,40.28434768266824],[20.379978351423496,40.28444643549137],[20.380048512542597,40.284600602899694],[20.380093758685685,40.28470002338575],[20.380097634554907,40.28470781507275],[20.38004311397348,40.28471825582723],[20.38012003278571,40.28490768850887],[20.38019456320441,40.28509235815391],[20.38024784674691,40.28528896996595],[20.380289616089616,40.28552015205598],[20.38004565645893,40.28554536535321],[20.37986864677043,40.28554334944715],[20.379576212411987,40.28444637738584],[20.379734525095543,40.2842772410158],[20.379894627500416,40.284172777345816]]]},"properties":{"Zk_Numer":2239,"Zk_Emer":"KOSOVË-GOSNISHT","Nr_Pas":"170/1","Vol":1,"Faqe":10,"Pronaret":"BUKURIJE BEQIRI GANI, IBRAHIM BEQIRI HYSEN, ARTOR BEQIRI IBRAHIM","Kufizimet":"PASURIA KUFIZOHET PËR PLOTËSIM TË DOKUMENTACIONIT TEKNIKO-LIGJOR.","Siperfaqe":5000}},
{"type":"Feature","geometry":{"type":"Polygon","coordinates":[[[20.37892214462357,40.28463111092891],[20.378952933770517,40.28461856449865],[20.37915769553663,40.28457948919337],[20.379512061614317,40.2844995776848],[20.379576212411987,40.28444637738584],[20.37986864677043,40.28554334944715],[20.38004565645893,40.28554536535321],[20.380123960644315,40.28584979324522],[20.380205363074193,40.286003272509994],[20.38033586083851,40.28612582791536],[20.379593048892914,40.28636204248576],[20.379087930056258,40.286501039554985],[20.379004575282114,40.286387408386375],[20.377587371972435,40.28644076785838],[20.377591570397687,40.286362042657],[20.377656836035282,40.28588306290686],[20.37768190308392,40.28550912751579],[20.37789378412869,40.28539901464682],[20.377788770962407,40.28523588274535],[20.378167352991778,40.285084310946466],[20.378132469077027,40.28500372077834],[20.37838379189977,40.284832230979084],[20.378718870687774,40.284713943764515],[20.37886586466244,40.28465404471097],[20.37892214462357,40.28463111092891]]]},"properties":{"Zk_Numer":2239,"Zk_Emer":"KOSOVË-GOSNISHT","Nr_Pas":"219","Vol":1,"Faqe":55,"Pronaret":"SHTET","Kufizimet":"KONTRATË QERAJE NR. 2211 REP, NR. 963/3 KOL, DT 18.11.2018.","Siperfaqe":34400}},
{"type":"Feature","geometry":{"type":"Polygon","coordinates":[[[20.37890643427535,40.28362354706622],[20.378739458357295,40.283607537265205],[20.378744828870715,40.28336944637979],[20.378742893337673,40.283184548061726],[20.378718995444828,40.28315477466812],[20.37869906147895,40.28313193515298],[20.378269855526934,40.282874470129315],[20.378386679383507,40.282799321867984],[20.37849457277663,40.2827601623697],[20.378612415403538,40.28275297020794],[20.37892775596643,40.28278418038399],[20.379106444034985,40.28302541972192],[20.379114350946185,40.283246796237805],[20.37897464269262,40.28340316845397],[20.37889398386869,40.283511020348904],[20.37889161620994,40.28356220861776],[20.37890643427535,40.28362354706622]]]},"properties":{"Zk_Numer":2239,"Zk_Emer":"KOSOVË-GOSNISHT","Nr_Pas":"160/4","Vol":1,"Faqe":11,"Pronaret":"BUKURIJE BEQIRI GANI, ARTOR BEQIRI IBRAHIM, IBRAHIM BEQIRI HYSEN","Kufizimet":"PASURIA KUFIZOHET PËR PLOTËSIM TË DOKUMENTACIONIT TEKNIKO-LIGJOR.","Siperfaqe":3250}},
{"type":"Feature","geometry":{"type":"Polygon","coordinates":[[[20.378284841443033,40.282760029658085],[20.378205524024793,40.28260337878916],[20.37838005258717,40.282547638134815],[20.378459370341183,40.28270428888408],[20.378284841443033,40.282760029658085]]]},"properties":{"Zk_Numer":2239,"Zk_Emer":"KOSOVË-GOSNISHT","Nr_Pas":"160/5","Vol":1,"Faqe":12,"Pronaret":"SHTET","Kufizimet":"PASURIA POSEDOHET NGA BRAHIM (IBRAHIM) HYSEN BEQIRI SIPAS AMTP NR. 2032.","Siperfaqe":300}},
{"type":"Feature","geometry":{"type":"Polygon","coordinates":[[[20.37816129408356,40.28346859364546],[20.378124093452115,40.283505615983934],[20.37774150154564,40.28355373659589],[20.37756521630661,40.283425076921674],[20.377931452259645,40.28305919545419],[20.37797178057086,40.28301890586547],[20.37819907414244,40.28316924143057],[20.37819841042753,40.2832974503274],[20.37819154597188,40.28343848670801],[20.37816129408356,40.28346859364546]]]},"properties":{"Zk_Numer":2239,"Zk_Emer":"KOSOVË-GOSNISHT","Nr_Pas":"167/2","Vol":1,"Faqe":13,"Pronaret":"IBRAHIM BEQIRI HYSEN, BUKURIJE BEQIRI GANI, ARTOR BEQIRI IBRAHIM","Kufizimet":"PASURIA KUFIZOHET PËR PLOTËSIM TË DOKUMENTACIONIT TEKNIKO-LIGJOR.","Siperfaqe":2000}},
{"type":"Feature","geometry":{"type":"Polygon","coordinates":[[[20.37869763394072,40.28230286644116],[20.37887253214292,40.2815232113949],[20.37897901928813,40.2815409548163],[20.3790626514921,40.281597177140526],[20.379123641539117,40.281717452639555],[20.379178595095887,40.281912158381125],[20.37919301353859,40.282038824151044],[20.379251906590124,40.28218590824226],[20.37925645175939,40.28227804985134],[20.379252025799524,40.282331200422064],[20.378710025575067,40.2823029959277],[20.37869763394072,40.28230286644116]]]},"properties":{"Zk_Numer":2239,"Zk_Emer":"KOSOVË-GOSNISHT","Nr_Pas":"163/2","Vol":1,"Faqe":15,"Pronaret":"IBRAHIM BEQIRI HYSEN, ARTOR BEQIRI IBRAHIM, BUKURIJE BEQIRI GANI","Kufizimet":"PASURIA KUFIZOHET PËR PLOTËSIM TË DOKUMENTACIONIT TEKNIKO-LIGJOR.","Siperfaqe":2850}},
{"type":"Feature","geometry":{"type":"Polygon","coordinates":[[[20.378870644878624,40.28274034845208],[20.37881203474421,40.28273400275607],[20.378667904126246,40.28272403791644],[20.37874287801986,40.282553745917255],[20.3789139753603,40.28258303629635],[20.378870644878624,40.28274034845208]]]},"properties":{"Zk_Numer":2239,"Zk_Emer":"KOSOVË-GOSNISHT","Nr_Pas":"160/6","Vol":1,"Faqe":16,"Pronaret":"SHTET","Kufizimet":"PASURIA POSEDOHET NGA BASHKIM FADIL BEQIRI SIPAS AMTP NR. 2031.","Siperfaqe":300}},
{"type":"Feature","geometry":{"type":"Polygon","coordinates":[[[20.37951247894878,40.28293999467964],[20.379457035544156,40.28291412513343],[20.379205161935953,40.28314515312111],[20.379114350946185,40.283246796237805],[20.379106444034985,40.28302541972192],[20.37892775596643,40.28278418038399],[20.378929255023778,40.28274669411836],[20.37896740887702,40.28258914886022],[20.37903902356403,40.28252896981795],[20.379211303231628,40.28242235309849],[20.379180932264042,40.28251476417539],[20.379175657534557,40.28256366689727],[20.379193915592392,40.28261337775233],[20.37921732069705,40.28263958249151],[20.379305249687587,40.28272197443705],[20.37937251564135,40.28277674190212],[20.379452274816074,40.282816019888095],[20.37955247660284,40.282845479112694],[20.37954833808169,40.28285910627121],[20.37951247894878,40.28293999467964]]]},"properties":{"Zk_Numer":2239,"Zk_Emer":"KOSOVË-GOSNISHT","Nr_Pas":"160/7","Vol":1,"Faqe":17,"Pronaret":"PRONËSI E PASAKTËSUAR","Kufizimet":"PASURIA POSEDOHET NGA BASHKIM FADIL BEQIRI SIPAS AMTP NR. 2031.","Siperfaqe":2000}},
{"type":"Feature","geometry":{"type":"Polygon","coordinates":[[[20.37869763394072,40.28230286644116],[20.378257214061367,40.282298263405984],[20.378438214739763,40.281491428607936],[20.378484181889892,40.28150255242028],[20.378657653534034,40.2815197454889],[20.378806975746386,40.2815181288463],[20.37887253214292,40.2815232113949],[20.37869763394072,40.28230286644116]]]},"properties":{"Zk_Numer":2239,"Zk_Emer":"KOSOVË-GOSNISHT","Nr_Pas":"163/1","Vol":1,"Faqe":18,"Pronaret":"PRONËSI E PASAKTËSUAR","Kufizimet":"PASURIA POSEDOHET NGA BASHKIM FADIL BEQIRI SIPAS AMTP NR. 2031.","Siperfaqe":3280}},
{"type":"Feature","geometry":{"type":"Polygon","coordinates":[[[20.377580508315898,40.282815299482365],[20.377931452259645,40.28305919545419],[20.37756521630661,40.283425076921674],[20.377251771389297,40.28314413686094],[20.37738239274552,40.282981677260885],[20.377580508315898,40.282815299482365]]]},"properties":{"Zk_Numer":2239,"Zk_Emer":"KOSOVË-GOSNISHT","Nr_Pas":"167/1","Vol":1,"Faqe":19,"Pronaret":"PRONËSI E PASAKTËSUAR","Kufizimet":"PASURIA POSEDOHET NGA BASHKIM FADIL BEQIRI SIPAS AMTP NR. 2031.","Siperfaqe":2000}},
{"type":"Feature","geometry":{"type":"Polygon","coordinates":[[[20.375220714557923,40.283680431361006],[20.37496163668832,40.283621492462856],[20.37475026938464,40.283548673405484],[20.374651303067303,40.28351457790737],[20.37448603741159,40.28328624619007],[20.3752828595163,40.28302443002478],[20.375310183078632,40.28301958849223],[20.375996798532938,40.28354978295085],[20.375952982007412,40.2835803943607],[20.375908061799205,40.28359311069342],[20.375846630435973,40.28358357407128],[20.37574112144194,40.283552859025185],[20.375589277166487,40.2835438828224],[20.37540653571026,40.28353625587191],[20.375290821471662,40.28358340656145],[20.375220714557923,40.283680431361006]]]},"properties":{"Zk_Numer":2239,"Zk_Emer":"KOSOVË-GOSNISHT","Nr_Pas":"186/1","Vol":1,"Faqe":20,"Pronaret":"PRONËSI E PASAKTËSUAR","Kufizimet":"PASURIA POSEDOHET NGA BASHKIM FADIL BEQIRI SIPAS AMTP NR. 2031.","Siperfaqe":5000}},
{"type":"Feature","geometry":{"type":"Polygon","coordinates":[[[20.377515794885863,40.28459817653626],[20.377436109219172,40.28454039344263],[20.377350203099095,40.28445723157487],[20.3772458482699,40.284290735975],[20.37710375159885,40.28410302527655],[20.377002150872755,40.284007070892095],[20.37695879177751,40.28396900524269],[20.377493445232325,40.28377452802197],[20.377713989655337,40.28362832512334],[20.37806930011774,40.28357504413485],[20.3780459463295,40.28376914456496],[20.378045875897442,40.28392053382574],[20.37811792816231,40.28415628241327],[20.378097210676604,40.28459561958776],[20.3778970188898,40.28457900382171],[20.377815655777088,40.28446874082881],[20.377645912297,40.28445902784771],[20.377515794885863,40.28459817653626]]]},"properties":{"Zk_Numer":2239,"Zk_Emer":"KOSOVË-GOSNISHT","Nr_Pas":"167/3","Vol":1,"Faqe":21,"Pronaret":"DASHNOR JASHARI NEKI, HABIB JASHARI NEKI, VLADIMIR JASHARI NEKI, DJANA GRIMALDI NEKI, MIMOZA KAPURANI NEKI, REFAT JASHARI NEKI","Kufizimet":"","Siperfaqe":7000}},
{"type":"Feature","geometry":{"type":"Polygon","coordinates":[[[20.3752828595163,40.28302443002478],[20.37448603741159,40.28328624619007],[20.37425817236732,40.28310414530451],[20.374163524122096,40.28299819992042],[20.374179056804035,40.282636631985206],[20.375239714450593,40.282131982005204],[20.3752828595163,40.28302443002478]]]},"properties":{"Zk_Numer":2239,"Zk_Emer":"KOSOVË-GOSNISHT","Nr_Pas":"186/2","Vol":1,"Faqe":14,"Pronaret":"ARTOR BEQIRI IBRAHIM, IBRAHIM BEQIRI HYSEN, BUKURIJE BEQIRI GANI","Kufizimet":"PASURIA KUFIZOHET PËR PLOTËSIM TË DOKUMENTACIONIT TEKNIKO-LIGJOR.","Siperfaqe":8000}},
{"type":"Feature","geometry":{"type":"Polygon","coordinates":[[[20.376957642429517,40.283189988297735],[20.37686367305773,40.28315582418113],[20.376331985772968,40.282888487072874],[20.37622964726051,40.28270554369063],[20.376214443649918,40.28251694720376],[20.376082859820638,40.28224050790454],[20.37661094560841,40.28212952146557],[20.376581705274692,40.28199965753552],[20.376977452503045,40.28195873797514],[20.377858503430183,40.28188214326837],[20.377819128608504,40.28203162451506],[20.37779449951689,40.2822008708079],[20.37781047260507,40.282425763181806],[20.37767926636845,40.28251237898985],[20.377451588452566,40.28276319693327],[20.377163967168272,40.28307884364791],[20.377045695341636,40.28317935873889],[20.376957642429517,40.283189988297735]]]},"properties":{"Zk_Numer":2239,"Zk_Emer":"KOSOVË-GOSNISHT","Nr_Pas":"186/3","Vol":1,"Faqe":22,"Pronaret":"MIMOZA KAPURANI NEKI, HABIB JASHARI NEKI, REFAT JASHARI NEKI, DJANA GRIMALDI NEKI, DASHNOR JASHARI NEKI, VLADIMIR JASHARI NEKI","Kufizimet":"","Siperfaqe":14000}},
{"type":"Feature","geometry":{"type":"Polygon","coordinates":[[[20.378257214061367,40.282298263405984],[20.378193415422743,40.28229759647734],[20.377971622498656,40.2823613396831],[20.377860178254558,40.28240842975478],[20.37785888284581,40.28240326862381],[20.377831836213648,40.28220026778208],[20.377852792234698,40.28208349442996],[20.377874390943983,40.28195914289929],[20.377910004747477,40.28184961843959],[20.37791006811558,40.28173056147425],[20.37788734310005,40.28168867248826],[20.377889971427074,40.28166631306393],[20.377915912784513,40.281637229746636],[20.37804044830394,40.28154719325892],[20.378123653270272,40.28149642515869],[20.378162330044375,40.281429314044615],[20.37834547012449,40.281459100625945],[20.378438214739763,40.281491428607936],[20.378257214061367,40.282298263405984]]]},"properties":{"Zk_Numer":2239,"Zk_Emer":"KOSOVË-GOSNISHT","Nr_Pas":"163/3","Vol":1,"Faqe":24,"Pronaret":"REFAT JASHARI NEKI, MIMOZA KAPURANI NEKI, DJANA GRIMALDI NEKI, VLADIMIR JASHARI NEKI, DASHNOR JASHARI NEKI, HABIB JASHARI NEKI","Kufizimet":"","Siperfaqe":3680}},
{"type":"Feature","geometry":{"type":"Polygon","coordinates":[[[20.37479176934233,40.28482102128954],[20.374411085444326,40.28470536821047],[20.374199790676105,40.28469850857547],[20.374008623973836,40.284603681351726],[20.373803887122204,40.284525260149564],[20.373674709775482,40.284432433306144],[20.373633510940078,40.28432347322524],[20.373779932052102,40.28423082862509],[20.374571664637156,40.284013279744364],[20.374867453090705,40.28397961314809],[20.374797736178444,40.28435767811227],[20.37479176934233,40.28482102128954]]]},"properties":{"Zk_Numer":2239,"Zk_Emer":"KOSOVË-GOSNISHT","Nr_Pas":"180/1","Vol":1,"Faqe":25,"Pronaret":"TOMOR TEME KAMBER, KËZE TEME SHAHIN, ILIRJAN TEME TOMOR","Kufizimet":"","Siperfaqe":6000}},
{"type":"Feature","geometry":{"type":"Polygon","coordinates":[[[20.375069961636996,40.284550456499275],[20.375044928577385,40.28434442017474],[20.375013854310815,40.28396815212718],[20.37534578165729,40.28373973639872],[20.375425453070534,40.28368285053564],[20.37553554021826,40.28366804746267],[20.37573054460622,40.2840218324043],[20.37586990901374,40.28450913556308],[20.375647851895195,40.28449353317239],[20.375069961636996,40.284550456499275]]]},"properties":{"Zk_Numer":2239,"Zk_Emer":"KOSOVË-GOSNISHT","Nr_Pas":"167/4","Vol":1,"Faqe":26,"Pronaret":"TOMOR TEME KAMBER, KËZE TEME SHAHIN, ILIRJAN TEME TOMOR","Kufizimet":"","Siperfaqe":5000}},
{"type":"Feature","geometry":{"type":"Polygon","coordinates":[[[20.376086274055915,40.28571744582427],[20.376021248661015,40.285745379082314],[20.375913736290496,40.28579981602738],[20.37572504973242,40.28591881574406],[20.375305776883327,40.28610658245986],[20.375036222575453,40.285942161106085],[20.375009154849955,40.28572747742046],[20.375062113193295,40.285720627001055],[20.375131415092618,40.28571718746122],[20.37521414817576,40.28566847051178],[20.375342400455533,40.28563032442659],[20.375482812883515,40.28559132075909],[20.375577743224966,40.28550262218061],[20.375601912985495,40.28547530694335],[20.375644234778164,40.2854731708583],[20.37585003824922,40.28550770114062],[20.375986371140804,40.28555101351282],[20.376086274055915,40.28571744582427]]]},"properties":{"Zk_Numer":2239,"Zk_Emer":"KOSOVË-GOSNISHT","Nr_Pas":"177/1","Vol":1,"Faqe":27,"Pronaret":"KËZE TEME SHAHIN, TOMOR TEME KAMBER, ILIRJAN TEME TOMOR","Kufizimet":"","Siperfaqe":3600}},
{"type":"Feature","geometry":{"type":"Polygon","coordinates":[[[20.376086274055915,40.28571744582427],[20.375986371140804,40.28555101351282],[20.37607159051219,40.28554828454314],[20.37623459501911,40.285442328351365],[20.376223180551275,40.28543202956162],[20.3764051762299,40.28537190379062],[20.376452676326497,40.28535762730884],[20.376476621383446,40.28535043044709],[20.376535231586608,40.28546479842608],[20.37656712290363,40.285527028804346],[20.376409601130224,40.28562059658982],[20.376224073697923,40.28565825040142],[20.376086274055915,40.28571744582427]]]},"properties":{"Zk_Numer":2239,"Zk_Emer":"KOSOVË-GOSNISHT","Nr_Pas":"171/1","Vol":1,"Faqe":28,"Pronaret":"ILIRJAN TEME TOMOR, KËZE TEME SHAHIN, TOMOR TEME KAMBER","Kufizimet":"","Siperfaqe":1000}},
{"type":"Feature","geometry":{"type":"Polygon","coordinates":[[[20.376476621383446,40.28535043044709],[20.376517582168436,40.28533811936897],[20.376593881786356,40.28531518688305],[20.376589752765966,40.28530721710829],[20.376615609816568,40.285299360408125],[20.376600523474345,40.285270240974974],[20.37657466643305,40.28527809767174],[20.376560044044528,40.285249873708345],[20.37670838416288,40.28521313433202],[20.376745883829035,40.2853096776376],[20.376729277746005,40.28532970037084],[20.376535231586608,40.28546479842608],[20.376476621383446,40.28535043044709]]]},"properties":{"Zk_Numer":2239,"Zk_Emer":"KOSOVË-GOSNISHT","Nr_Pas":"171/2","Vol":1,"Faqe":29,"Pronaret":"SHTET","Kufizimet":"PASURIA POSEDOHET NGA TOMOR KAMBER TEME SIPAS AMTP NR. 2033.","Siperfaqe":300}},
{"type":"Feature","geometry":{"type":"Polygon","coordinates":[[[20.373133700628202,40.28414909204161],[20.37475026938464,40.283548673405484],[20.37496163668832,40.283621492462856],[20.375220714557923,40.283680431361006],[20.374940354754614,40.28385667516656],[20.374746968956,40.28386261667639],[20.37423159816147,40.28396913886779],[20.373492903600123,40.284222612402104],[20.373413575810336,40.28420082959787],[20.373133700628202,40.28414909204161]]]},"properties":{"Zk_Numer":2239,"Zk_Emer":"KOSOVË-GOSNISHT","Nr_Pas":"188/1","Vol":1,"Faqe":30,"Pronaret":"KËZE TEME SHAHIN, TOMOR TEME KAMBER, ILIRJAN TEME TOMOR","Kufizimet":"","Siperfaqe":4000}},
{"type":"Feature","geometry":{"type":"Polygon","coordinates":[[[20.375069961636996,40.284550456499275],[20.375647851895195,40.28449353317239],[20.37586990901374,40.28450913556308],[20.37573054460622,40.2840218324043],[20.37553554021826,40.28366804746267],[20.375665627280505,40.283669884054234],[20.37581775231458,40.283716187201286],[20.375868385249042,40.28372989048509],[20.37592713633553,40.28371063120745],[20.376136249848162,40.283988431457075],[20.376323791567174,40.28416708761773],[20.37643492456014,40.284469738583155],[20.37692321250355,40.2848361544412],[20.37679908590349,40.28490499967975],[20.376644119588818,40.284944552104704],[20.376579362246247,40.284938013376525],[20.376464095618015,40.28491610140611],[20.376367920062712,40.28491693262744],[20.376232343881576,40.28494339032582],[20.37610859685338,40.28498007388412],[20.375973159530528,40.28502311658791],[20.375786622802657,40.28509628505763],[20.375592280239392,40.28511304336763],[20.37538014582902,40.28509640082896],[20.375243705617716,40.28504113196743],[20.375299139257546,40.28484484770729],[20.375069961636996,40.284550456499275]]]},"properties":{"Zk_Numer":2239,"Zk_Emer":"KOSOVË-GOSNISHT","Nr_Pas":"167/5","Vol":1,"Faqe":31,"Pronaret":"MBARESË TEME MEDI, LUAN TEME IQMET, KAMBER TEME IQMET, IQMET TEME KAMBER","Kufizimet":"PASURIA KUFIZOHET PËR PLOTËSIM TË DOKUMENTACIONIT TEKNIKO-LIGJOR.","Siperfaqe":11000}},
{"type":"Feature","geometry":{"type":"Polygon","coordinates":[[[20.373133700628202,40.28414909204161],[20.372733612939786,40.28415833899195],[20.372603059253027,40.28413180414969],[20.37448603741159,40.28328624619007],[20.374651303067303,40.28351457790737],[20.37475026938464,40.283548673405484],[20.373133700628202,40.28414909204161]]]},"properties":{"Zk_Numer":2239,"Zk_Emer":"KOSOVË-GOSNISHT","Nr_Pas":"188/2","Vol":1,"Faqe":32,"Pronaret":"PRONËSI E PASAKTËSUAR","Kufizimet":"PASURIA OKUPOHET NGA IQMET KAMBER TEME (SHIKO PROCES-VERBALIN E DORËZIMIT TË NGASTRËS REF. 00000013)","Siperfaqe":5000}},
{"type":"Feature","geometry":{"type":"Polygon","coordinates":[[[20.376046326638402,40.28531287824926],[20.37614671219625,40.28546401715953],[20.376058004163863,40.2855216790911],[20.375992687287507,40.285523770724254],[20.375861526884783,40.285482101624595],[20.375663220924583,40.285440259379534],[20.375582805312767,40.28543893821203],[20.375549016037397,40.285476269054364],[20.375460684577664,40.285568728278356],[20.37532999826905,40.28560503022178],[20.375196657379156,40.285644689807064],[20.375118421218374,40.28569075876763],[20.375058023855058,40.2856937563608],[20.37500961836419,40.285685050103204],[20.374950871162923,40.285453068858025],[20.374985180479516,40.28522388099175],[20.376046326638402,40.28531287824926]]]},"properties":{"Zk_Numer":2239,"Zk_Emer":"KOSOVË-GOSNISHT","Nr_Pas":"177/2","Vol":1,"Faqe":33,"Pronaret":"IQMET TEME KAMBER, LUAN TEME IQMET, MBARESË TEME MEDI, KAMBER TEME IQMET","Kufizimet":"PASURIA KUFIZOHET PËR PLOTËSIM TË DOKUMENTACIONIT TEKNIKO-LIGJOR.","Siperfaqe":3000}},
{"type":"Feature","geometry":{"type":"Polygon","coordinates":[[[20.376223180551275,40.28543202956162],[20.37621176608691,40.2854217307707],[20.37614671219625,40.28546401715953],[20.376046326638402,40.28531287824926],[20.37601016988359,40.28523502243287],[20.37611451137999,40.28514672717401],[20.376264697676447,40.28512074286539],[20.376342457704325,40.28511756912516],[20.376401413505008,40.28514456207815],[20.376476621383446,40.28535043044709],[20.376452676326497,40.28535762730884],[20.3764051762299,40.28537190379062],[20.376223180551275,40.28543202956162]]]},"properties":{"Zk_Numer":2239,"Zk_Emer":"KOSOVË-GOSNISHT","Nr_Pas":"171/3","Vol":1,"Faqe":34,"Pronaret":"IQMET TEME KAMBER, KAMBER TEME IQMET, LUAN TEME IQMET, MBARESË TEME MEDI","Kufizimet":"PASURIA KUFIZOHET PËR PLOTËSIM TË DOKUMENTACIONIT TEKNIKO-LIGJOR.","Siperfaqe":1000}},
{"type":"Feature","geometry":{"type":"Polygon","coordinates":[[[20.376560044044528,40.285249873708345],[20.37657466643305,40.28527809767174],[20.376600523474345,40.285270240974974],[20.376615609816568,40.285299360408125],[20.376589752765966,40.28530721710829],[20.376593881786356,40.28531518688305],[20.376517582168436,40.28533811936897],[20.376476621383446,40.28535043044709],[20.376401413505008,40.28514456207815],[20.376342457704325,40.28511756912516],[20.37657358608203,40.28511276532613],[20.376578293926407,40.28513300023154],[20.376583588170007,40.285177948569874],[20.37653456936528,40.28518133477824],[20.376548488811085,40.28523370101476],[20.376560044044528,40.285249873708345]]]},"properties":{"Zk_Numer":2239,"Zk_Emer":"KOSOVË-GOSNISHT","Nr_Pas":"171/4","Vol":1,"Faqe":35,"Pronaret":"SHTET","Kufizimet":"PASURIA POSEDOHET NGA HIQMET KAMBER TEME SIPAS AMTP NR. 2034.","Siperfaqe":300}},
{"type":"Feature","geometry":{"type":"Polygon","coordinates":[[[20.378540008724162,40.28424176587684],[20.378625393819977,40.28441826503988],[20.3784705079887,40.28446503945658],[20.37838052262058,40.28429013780858],[20.378540008724162,40.28424176587684]]]},"properties":{"Zk_Numer":2239,"Zk_Emer":"KOSOVË-GOSNISHT","Nr_Pas":"160/8","Vol":1,"Faqe":23,"Pronaret":"SHTET","Kufizimet":"PASURIA POSEDOHET NGA NEKI HABIB JASHARI SIPAS AMTP-S NR. 2030.","Siperfaqe":300}},
{"type":"Feature","geometry":{"type":"Polygon","coordinates":[[[20.378584396087206,40.283943814122765],[20.37857699742548,40.28392235968015],[20.378581304904188,40.283792311944545],[20.37859614728144,40.28372526079655],[20.37862029829996,40.28368478209429],[20.37868668857689,40.28360219847991],[20.378739458357295,40.283607537265205],[20.37890643427535,40.28362354706622],[20.378914041881547,40.283655038228126],[20.37890174208712,40.283723413826394],[20.378889882647687,40.28379183419251],[20.378868027802877,40.28396463861678],[20.378584396087206,40.283943814122765]]]},"properties":{"Zk_Numer":2239,"Zk_Emer":"KOSOVË-GOSNISHT","Nr_Pas":"160/9","Vol":1,"Faqe":36,"Pronaret":"SHTET","Kufizimet":"PASURIA OKUPOHET NGA KANEN JAKUPI.","Siperfaqe":944}},
{"type":"Feature","geometry":{"type":"Polygon","coordinates":[[[20.3856566950187,40.287723634465614],[20.385615863025716,40.288797600907245],[20.385476692361514,40.28923016155977],[20.385462539857905,40.28933996635984],[20.38544954442879,40.28947088630561],[20.38548948526745,40.289853694289],[20.385767323317456,40.29046345611608],[20.387046961096168,40.29209566821827],[20.386792425314226,40.29211156459806],[20.386367356690574,40.29218338865852],[20.38573299646481,40.292454162998084],[20.384976511111613,40.29296076622246],[20.383033793530853,40.29128418490877],[20.380659362275,40.289455389544194],[20.380355793288206,40.289147809307764],[20.38001327176042,40.28879716551591],[20.379820898968134,40.28845313780864],[20.38036004964935,40.288488172215466],[20.380505457556517,40.288670223839766],[20.38068913076133,40.28878252750667],[20.381154301239324,40.28878262164918],[20.3815403525868,40.2886886919382],[20.381709259537757,40.288507696520256],[20.38176334968298,40.28830594729257],[20.3817371941797,40.2881873668199],[20.38157353111017,40.287953961936005],[20.380798765391795,40.28715008964822],[20.38196352680851,40.28701189467228],[20.38305753407544,40.28744629563957],[20.38384345834627,40.287675348381406],[20.38478716217768,40.28773111797636],[20.3856566950187,40.287723634465614]]]},"properties":{"Zk_Numer":2239,"Zk_Emer":"KOSOVË-GOSNISHT","Nr_Pas":"379","Vol":1,"Faqe":46,"Pronaret":"REFAT JASHARI NEKI, VLADIMIR JASHARI NEKI, RESMIE JASHARI HABIB, KASO JASHARI HABIB, LUMTURI JASHARI, DASHNOR JASHARI NEKI, DIANA JASHARI NEKI, DUKO JASHARI HABIB, SEMINE JASHARI HABIB, MIMOZA JASHARI NEKI, HABIB JASHARI NEKI","Kufizimet":"","Siperfaqe":190000}},
{"type":"Feature","geometry":{"type":"Polygon","coordinates":[[[20.3735115820654,40.29980029104145],[20.37396147831853,40.29962290011689],[20.37403089229886,40.29999266839991],[20.374145531865604,40.30032361094563],[20.37337650912654,40.300625757322294],[20.372866068523102,40.300886503692254],[20.372684018169114,40.30055007385089],[20.37347922994207,40.299813047152725],[20.3735115820654,40.29980029104145]]]},"properties":{"Zk_Numer":2239,"Zk_Emer":"KOSOVË-GOSNISHT","Nr_Pas":"78/1","Vol":1,"Faqe":56,"Pronaret":"DONIKË BEÇI QAKO, TEUTA BEÇI PEÇI, GJERGJI BEÇI PEÇI, KOSTANDIN BEÇI GJERGJI, SOTIRAQ BEÇI GJERGJI, KOSTANDINE BEÇI LLUKAN, PEÇI BEÇI SOTIR","Kufizimet":"PASURIA KUFIZOHET PËR PLOTËSIM TË DOKUMENTACIONIT TEKNIKO-LIGJOR.","Siperfaqe":8200}},
{"type":"Feature","geometry":{"type":"Polygon","coordinates":[[[20.371111415616966,40.300964923965466],[20.370843856520555,40.300657009129786],[20.37092679601051,40.30048079199719],[20.37105970436339,40.300277265328425],[20.37151986613649,40.30030286108259],[20.371583388881685,40.30065623794596],[20.371553565784907,40.300859263041914],[20.371111415616966,40.300964923965466]]]},"properties":{"Zk_Numer":2239,"Zk_Emer":"KOSOVË-GOSNISHT","Nr_Pas":"78/2","Vol":1,"Faqe":57,"Pronaret":"PEÇI BEÇI SOTIR, KOSTANDINE BEÇI LLUKAN, GJERGJI BEÇI PEÇI, TEUTA BEÇI PEÇI, DONIKË BEÇI QAKO, SOTIRAQ BEÇI GJERGJI, KOSTANDIN BEÇI GJERGJI","Kufizimet":"PASURIA KUFIZOHET PËR PLOTËSIM TË DOKUMENTACIONIT TEKNIKO-LIGJOR.","Siperfaqe":3600}},
{"type":"Feature","geometry":{"type":"Polygon","coordinates":[[[20.381078745669726,40.305781192762446],[20.38157191011823,40.306261745924964],[20.381252227694834,40.306548735726544],[20.380781538156935,40.306066607243444],[20.380818174794967,40.306047225151154],[20.380861353574947,40.30590671884894],[20.381078745669726,40.305781192762446]]]},"properties":{"Zk_Numer":2239,"Zk_Emer":"KOSOVË-GOSNISHT","Nr_Pas":"91/2","Vol":1,"Faqe":58,"Pronaret":"PEÇI BEÇI SOTIR, KONSTANDINE BEÇI LLUKAN, GJERGJI BEÇI PEÇI, KOSTANDIN BEÇI GJERGJI, SOTIRAQ BEÇI GJERGJI, DONIKË BEÇI QAKO, TEUTA BEÇI PEÇI","Kufizimet":"PASURIA KUFIZOHET PËR PLOTËSIM TË DOKUMENTACIONIT TEKNIKO-LIGJOR.","Siperfaqe":2800}},
{"type":"Feature","geometry":{"type":"Polygon","coordinates":[[[20.371553565784907,40.300859263041914],[20.372292202764392,40.30068274596479],[20.372574370067458,40.30110831467247],[20.37155375857128,40.301450263869484],[20.371111415616966,40.300964923965466],[20.371553565784907,40.300859263041914]]]},"properties":{"Zk_Numer":2239,"Zk_Emer":"KOSOVË-GOSNISHT","Nr_Pas":"78/3","Vol":1,"Faqe":59,"Pronaret":"SAZAN RUSTEMI ALI, ROZINË RUSTEMI VASIL, BARDHUL RUSTEMI SAZAN, ZYMBYLE RUSTEMI JONUZ, DONIKA RUSTEMI HASAN, MARSELA RUSTEMI BARDHUL","Kufizimet":"PASURIA KUFIZOHET PËR PLOTËSIM TË DOKUMENTACIONIT TEKNIKO-LIGJOR.","Siperfaqe":5800}},
{"type":"Feature","geometry":{"type":"Polygon","coordinates":[[[20.38186952048169,40.305963646474204],[20.38215807311319,40.30611067933768],[20.381794203656202,40.30620625527632],[20.381706572903937,40.3061577710329],[20.38186952048169,40.305963646474204]]]},"properties":{"Zk_Numer":2239,"Zk_Emer":"KOSOVË-GOSNISHT","Nr_Pas":"91/3","Vol":1,"Faqe":60,"Pronaret":"ROZINË RUSTEMI VASIL, ZYMBYLE RUSTEMI JONUZ, SAZAN RUSTEMI ALI, BARDHUL RUSTEMI SAZAN, DONIKA RUSTEMI HASAN, MARSELA RUSTEMI BARDHUL","Kufizimet":"PASURIA KUFIZOHET PËR PLOTËSIM TË DOKUMENTACIONIT TEKNIKO-LIGJOR.","Siperfaqe":500}},
{"type":"Feature","geometry":{"type":"Polygon","coordinates":[[[20.381078745669726,40.305781192762446],[20.38178534170116,40.30592075266553],[20.38186952048169,40.305963646474204],[20.381706572903937,40.3061577710329],[20.381794203656202,40.30620625527632],[20.38157191011823,40.306261745924964],[20.381078745669726,40.305781192762446]]]},"properties":{"Zk_Numer":2239,"Zk_Emer":"KOSOVË-GOSNISHT","Nr_Pas":"91/4","Vol":1,"Faqe":61,"Pronaret":"SHTET","Kufizimet":"PASURIA OKUPOHET NGA SAZAN ALI RUSTEMI","Siperfaqe":1574}},
{"type":"Feature","geometry":{"type":"Polygon","coordinates":[[[20.38158738306444,40.30308120441988],[20.38172251358806,40.30297199205385],[20.381914285969245,40.302952148141735],[20.38194455733823,40.30307883082567],[20.382182919791603,40.30343571120298],[20.381980636174653,40.303456005178],[20.38158738306444,40.30308120441988]]]},"properties":{"Zk_Numer":2239,"Zk_Emer":"KOSOVË-GOSNISHT","Nr_Pas":"217/7","Vol":1,"Faqe":62,"Pronaret":"MARSELA RUSTEMI BARDHUL, DONIKA RUSTEMI HASAN, ZYMBYLE RUSTEMI JONUZ, BARDHUL RUSTEMI SAZAN, SAZAN RUSTEMI ALI, ROZINË RUSTEMI VASIL","Kufizimet":"PASURIA KUFIZOHET PËR PLOTËSIM TË DOKUMENTACIONIT TEKNIKO-LIGJOR.","Siperfaqe":1300}},
{"type":"Feature","geometry":{"type":"Polygon","coordinates":[[[20.37396147831853,40.29962290011689],[20.3735115820654,40.29980029104145],[20.37341276476298,40.29967302742417],[20.372525177812314,40.300343341424316],[20.372280768027643,40.30002946888135],[20.37334943458816,40.29951332247962],[20.37348819102643,40.29922090882463],[20.374022241787404,40.299292466148735],[20.37396147831853,40.29962290011689]]]},"properties":{"Zk_Numer":2239,"Zk_Emer":"KOSOVË-GOSNISHT","Nr_Pas":"78/4","Vol":1,"Faqe":63,"Pronaret":"ARDJANA LIKA XHEVDET, PANDORA LIKA QAKO, KOSTANDIN LIKA QAKO, STEFANAQ LIKA QAKO, VITORI LIKA THIMJO, QAKO LIKA GOLI, KLEVIS LIKA STEFANAQ, ARLIND LIKA STEFANAQ","Kufizimet":"PASURIA KUFIZOHET PËR PLOTËSIM TË DOKUMENTACIONIT TEKNIKO-LIGJOR.","Siperfaqe":5600}},
{"type":"Feature","geometry":{"type":"Polygon","coordinates":[[[20.380781538156935,40.306066607243444],[20.381252227694834,40.306548735726544],[20.381110260334186,40.3067986101554],[20.380790368778428,40.30643386855432],[20.380706054948096,40.30629778827116],[20.380735308170774,40.30609106452774],[20.380781538156935,40.306066607243444]]]},"properties":{"Zk_Numer":2239,"Zk_Emer":"KOSOVË-GOSNISHT","Nr_Pas":"91/5","Vol":1,"Faqe":64,"Pronaret":"VITORI LIKA THIMJO, KOSTANDIN LIKA QAKO, PANDORA LIKA QAKO, ARDJANA LIKA XHEVDET, KLEVIS LIKA STEFANAQ, ARLIND LIKA STEFANAQ, QAKO LIKA GOLI, STEFANAQ LIKA QAKO","Kufizimet":"PASURIA KUFIZOHET PËR PLOTËSIM TË DOKUMENTACIONIT TEKNIKO-LIGJOR.","Siperfaqe":1600}},
{"type":"Feature","geometry":{"type":"Polygon","coordinates":[[[20.377250191163554,40.30543711657762],[20.377435238685056,40.30553600696553],[20.377300515674975,40.305786041009576],[20.37727532509783,40.306051315216486],[20.3774134225675,40.30608339897847],[20.377343178491227,40.30650494408045],[20.377169716955805,40.3069707533128],[20.37686174610698,40.30698901699883],[20.37681203343872,40.30651909031453],[20.376435588829658,40.3061990517046],[20.376058599925912,40.30596285511121],[20.37566602752086,40.30583020035064],[20.375865318869096,40.30568669423621],[20.37632981704793,40.30552005876351],[20.376490820777175,40.30554004944438],[20.376818538771527,40.30547296248294],[20.377250191163554,40.30543711657762]]]},"properties":{"Zk_Numer":2239,"Zk_Emer":"KOSOVË-GOSNISHT","Nr_Pas":"78/14","Vol":1,"Faqe":65,"Pronaret":"ALBAN PASHO KAMBER, ARDIAN PASHO KAMBER, GRAMOZ PASHO KAMBER, LULE PASHO HYDA, VALDET PASHO KAMBER, KRENAR PASHO KAMBER, KAMBER PASHO METE","Kufizimet":"PASURIA KUFIZOHET PËR PLOTËSIM TË DOKUMENTACIONIT TEKNIKO-LIGJOR.","Siperfaqe":12800}},
{"type":"Feature","geometry":{"type":"Polygon","coordinates":[[[20.379936435458173,40.30206907006971],[20.37978849280767,40.301945815354806],[20.379799766162627,40.30180356923961],[20.379968831051688,40.30169827517609],[20.380488441314508,40.3015470740489],[20.380598130791082,40.30168643955496],[20.380193276341952,40.301809664224415],[20.379996173084358,40.30195990839657],[20.379936435458173,40.30206907006971]]]},"properties":{"Zk_Numer":2239,"Zk_Emer":"KOSOVË-GOSNISHT","Nr_Pas":"217/1","Vol":1,"Faqe":66,"Pronaret":"KRENAR PASHO KAMBER, KAMBER PASHO METE, LULE PASHO HYDA, GRAMOZ PASHO KAMBER, ARDIAN PASHO KAMBER, ALBAN PASHO KAMBER, VALDET PASHO KAMBER","Kufizimet":"PASURIA KUFIZOHET PËR PLOTËSIM TË DOKUMENTACIONIT TEKNIKO-LIGJOR.","Siperfaqe":1500}},
{"type":"Feature","geometry":{"type":"Polygon","coordinates":[[[20.380221003074496,40.30059522064194],[20.37961163784566,40.30108722976973],[20.379051526368492,40.30092385896305],[20.379387852868998,40.30051556733821],[20.379953849241364,40.300443253954214],[20.380221003074496,40.30059522064194]]]},"properties":{"Zk_Numer":2239,"Zk_Emer":"KOSOVË-GOSNISHT","Nr_Pas":"217/2","Vol":1,"Faqe":67,"Pronaret":"ILIA GUDA STAVRO, MIHALLAQ GUDA STAVRO, VASILIKA GUDA THODHOR, STAVRO GUDA ILIA","Kufizimet":"","Siperfaqe":4000}},
{"type":"Feature","geometry":{"type":"Polygon","coordinates":[[[20.37631509765136,40.30243180196325],[20.3760949591628,40.30204393170833],[20.376349765446953,40.301820190194846],[20.377021851181826,40.30148250670891],[20.37715878286935,40.30168828558425],[20.377188612512025,40.30236235667143],[20.37659420814701,40.30248884556716],[20.37631509765136,40.30243180196325]]]},"properties":{"Zk_Numer":2239,"Zk_Emer":"KOSOVË-GOSNISHT","Nr_Pas":"76/3","Vol":1,"Faqe":70,"Pronaret":"PRONËSI E PASAKTËSUAR","Kufizimet":"PASURIA POSEDOHET NGA ENVER JASHAR SULEJMANI SIPAS AMTP NR.1987.","Siperfaqe":7000}},
{"type":"Feature","geometry":{"type":"Polygon","coordinates":[[[20.37768228867508,40.30484533453466],[20.377398509857542,40.30474342082395],[20.37738514727324,40.304419528786646],[20.3778965003532,40.30431182069517],[20.377902348738296,40.30454149240775],[20.37774105851153,40.30471300697113],[20.37768228867508,40.30484533453466]]]},"properties":{"Zk_Numer":2239,"Zk_Emer":"KOSOVË-GOSNISHT","Nr_Pas":"76/2","Vol":1,"Faqe":69,"Pronaret":"PRONËSI E PASAKTËSUAR","Kufizimet":"PASURIA POSEDOHET NGA ENVER JASHAR SULEJMANI SIPAS AMTP NR.1987.","Siperfaqe":1800}},
{"type":"Feature","geometry":{"type":"Polygon","coordinates":[[[20.378075610600238,40.30388950106807],[20.37727826204658,40.30417365431507],[20.377314318178463,40.303531380919324],[20.3772397024229,40.30311727201782],[20.37761494042276,40.303147432880586],[20.378239607004602,40.30324178899167],[20.378152115340416,40.30363617891421],[20.378075610600238,40.30388950106807]]]},"properties":{"Zk_Numer":2239,"Zk_Emer":"KOSOVË-GOSNISHT","Nr_Pas":"76/1","Vol":1,"Faqe":68,"Pronaret":"PRONËSI E PASAKTËSUAR","Kufizimet":"PASURIA POSEDOHET NGA ENVER JASHAR SULEJMANI SIPAS AMTP NR.1987.","Siperfaqe":7000}},
{"type":"Feature","geometry":{"type":"Polygon","coordinates":[[[20.37768228867508,40.30484533453466],[20.37775758391716,40.304872375205406],[20.377534586461667,40.305156934819145],[20.37758269823886,40.30547719261587],[20.377433005681958,40.305399717116906],[20.377344285588258,40.30505760164315],[20.377398509857542,40.30474342082395],[20.37768228867508,40.30484533453466]]]},"properties":{"Zk_Numer":2239,"Zk_Emer":"KOSOVË-GOSNISHT","Nr_Pas":"76/4","Vol":1,"Faqe":71,"Pronaret":"ALEKSANDRA NACE KICI","Kufizimet":"PASURIA KUFIZOHET PËR PLOTËSIM TË DOKUMENTACIONIT TEKNIKO-LIGJOR.","Siperfaqe":1400}},
{"type":"Feature","geometry":{"type":"Polygon","coordinates":[[[20.380598130791082,40.30168643955496],[20.380700355021812,40.30183569985104],[20.38023509987227,40.301983400631045],[20.380031200940827,40.30220042069867],[20.379936435458173,40.30206907006971],[20.379996173084358,40.30195990839657],[20.380193276341952,40.301809664224415],[20.380598130791082,40.30168643955496]]]},"properties":{"Zk_Numer":2239,"Zk_Emer":"KOSOVË-GOSNISHT","Nr_Pas":"217/3","Vol":1,"Faqe":72,"Pronaret":"SHTET","Kufizimet":"","Siperfaqe":1300}},
{"type":"Feature","geometry":{"type":"Polygon","coordinates":[[[20.38208629694788,40.306651386526276],[20.382284295917565,40.3065127289245],[20.38237230419113,40.306579622808314],[20.38220026457075,40.30668197292267],[20.38208629694788,40.306651386526276]]]},"properties":{"Zk_Numer":2239,"Zk_Emer":"KOSOVË-GOSNISHT","Nr_Pas":"91/1","Vol":1,"Faqe":73,"Pronaret":"ASAN PAÇE ESTREF, NEBAHETE PAÇE NAZAR, SOKOL PAÇE ASAN, SAIMIR PAÇE ASAN, MIMOZA PAÇE ASAN, THËLLËZA PAÇE ASAN","Kufizimet":"PASURIA OKUPOHET NGA ASAN ESTREF PAÇE. KA HEQUR DORË NGA POSEDIMI I NGASTRËS SIPAS DEKLARATËS PERSONALE REF. 00000030)","Siperfaqe":200}},
{"type":"Feature","geometry":{"type":"Polygon","coordinates":[[[20.382840093934867,40.304341854303566],[20.383221532303622,40.30409391677082],[20.383612798421918,40.30365167778279],[20.383703583491513,40.30415404087644],[20.382651204948086,40.30498367322214],[20.38242892773573,40.30465970428812],[20.382840093934867,40.304341854303566]]]},"properties":{"Zk_Numer":2239,"Zk_Emer":"KOSOVË-GOSNISHT","Nr_Pas":"93/2","Vol":1,"Faqe":74,"Pronaret":"ASAN PAÇE ESTREF, SOKOL PAÇE ASAN, MIMOZA PAÇE ASAN, SAIMIR PAÇE ASAN, THËLLËZA PAÇE ASAN, NEBAHETE PAÇE NAZAR","Kufizimet":"","Siperfaqe":5200}},
{"type":"Feature","geometry":{"type":"Polygon","coordinates":[[[20.384796388300423,40.30426058844432],[20.384710665784844,40.30410748416697],[20.38495876266032,40.30378502436181],[20.385584271993793,40.30393434270832],[20.385609157868394,40.304129755037785],[20.385072651541385,40.30427004133569],[20.384796388300423,40.30426058844432]]]},"properties":{"Zk_Numer":2239,"Zk_Emer":"KOSOVË-GOSNISHT","Nr_Pas":"203/1","Vol":1,"Faqe":75,"Pronaret":"SOKOL PAÇE ASAN, SAIMIR PAÇE ASAN, THËLLËZA PAÇE ASAN, MIMOZA PAÇE ASAN, NEBAHETE PAÇE NAZAR, ASAN PAÇE ESTREF","Kufizimet":"","Siperfaqe":2800}},
{"type":"Feature","geometry":{"type":"Polygon","coordinates":[[[20.386539065124985,40.304298201022256],[20.38632116683033,40.30406122763874],[20.386133750473153,40.303811193298124],[20.38638338940157,40.3036432000495],[20.386646432844504,40.30399124724431],[20.386539065124985,40.304298201022256]]]},"properties":{"Zk_Numer":2239,"Zk_Emer":"KOSOVË-GOSNISHT","Nr_Pas":"108","Vol":1,"Faqe":76,"Pronaret":"SOKOL PAÇE ASAN, NEBAHETE PAÇE NAZAR, ASAN PAÇE ESTREF, THËLLËZA PAÇE ASAN, MIMOZA PAÇE ASAN, SAIMIR PAÇE ASAN","Kufizimet":"","Siperfaqe":1500}},
{"type":"Feature","geometry":{"type":"Polygon","coordinates":[[[20.385086691142604,40.30271614624619],[20.385082567440836,40.302918003232875],[20.384662311536328,40.30291229377294],[20.3846599097319,40.30271404229753],[20.385086691142604,40.30271614624619]]]},"properties":{"Zk_Numer":2239,"Zk_Emer":"KOSOVË-GOSNISHT","Nr_Pas":"96/3","Vol":1,"Faqe":79,"Pronaret":"PRONËSI E PASAKTËSUAR","Kufizimet":"PASURIA POSEDOHET NGA TAHIR VELI BREGU SIPAS AMTP NR. 1999.","Siperfaqe":800}},
{"type":"Feature","geometry":{"type":"Polygon","coordinates":[[[20.381884014715155,40.30282546544658],[20.382046676986736,40.302689927002156],[20.382320094496272,40.302600391441075],[20.382630454654688,40.302443779578944],[20.382797765287336,40.30232683095966],[20.383027916625625,40.30223489857198],[20.383185413010377,40.30216687653896],[20.383278534084575,40.302481054112995],[20.38334096767049,40.30258748553204],[20.38306916152061,40.30275773582074],[20.383015023913035,40.30284701130544],[20.382982724851782,40.30300520439919],[20.382714752110566,40.30347998662171],[20.382531145634747,40.30359141283399],[20.38233885113877,40.30368981364202],[20.382182919791603,40.30343571120298],[20.38194455733823,40.30307883082567],[20.381914285969245,40.302952148141735],[20.381884014715155,40.30282546544658]]]},"properties":{"Zk_Numer":2239,"Zk_Emer":"KOSOVË-GOSNISHT","Nr_Pas":"96/2","Vol":1,"Faqe":78,"Pronaret":"PRONËSI E PASAKTËSUAR","Kufizimet":"PASURIA POSEDOHET NGA TAHIR VELI BREGU SIPAS AMTP NR. 1999.","Siperfaqe":10400}},
{"type":"Feature","geometry":{"type":"Polygon","coordinates":[[[20.386116115555417,40.30315011122431],[20.38598472487058,40.30357573578067],[20.385132524450245,40.303372662719525],[20.385156332909066,40.303030329137684],[20.385631404046027,40.30304932800247],[20.385813448134982,40.30308066417226],[20.386116115555417,40.30315011122431]]]},"properties":{"Zk_Numer":2239,"Zk_Emer":"KOSOVË-GOSNISHT","Nr_Pas":"96/6","Vol":1,"Faqe":82,"Pronaret":"HERMON JEMINI RIZA, RIZA JEMINI SAMIT, TRANDAFILE JEMINI QAZIM, MYSLIM JEMINI RIZA, ARIAN JEMINI RIZA, ENGJËLLUSHE JEMINI RIZA, ELDA JEMINI RIZA","Kufizimet":"","Siperfaqe":3600}},
{"type":"Feature","geometry":{"type":"Polygon","coordinates":[[[20.385156332909066,40.303030329137684],[20.3851855155445,40.302918771887725],[20.38589504812723,40.30292498928466],[20.386195235480713,40.30301195244004],[20.386116115555417,40.30315011122431],[20.385813448134982,40.30308066417226],[20.385631404046027,40.30304932800247],[20.385156332909066,40.303030329137684]]]},"properties":{"Zk_Numer":2239,"Zk_Emer":"KOSOVË-GOSNISHT","Nr_Pas":"96/5","Vol":1,"Faqe":81,"Pronaret":"ERJONA IBRAHIMI TOMOR, QAMILE IBRAHIMI TELE, TOMOR IBRAHIMI MAZLLUM, ALMA IBRAHIMI TOMOR, LORENC IBRAHIMI TOMOR","Kufizimet":"PASURIA KUFIZOHET PËR  MUNGESË TË DOKUMENTACIONIT TEKNIKO-LIGJOR.","Siperfaqe":1300}},
{"type":"Feature","geometry":{"type":"Polygon","coordinates":[[[20.386195235480713,40.30301195244004],[20.38589504812723,40.30292498928466],[20.38588314966223,40.30274369703041],[20.38634055367804,40.302900415058616],[20.386195235480713,40.30301195244004]]]},"properties":{"Zk_Numer":2239,"Zk_Emer":"KOSOVË-GOSNISHT","Nr_Pas":"96/4","Vol":1,"Faqe":80,"Pronaret":"PRONËSI E PASAKTËSUAR","Kufizimet":"PASURIA POSEDOHET NGA TELI GOGO RRUSHA SIPAS AMTP NR. 2002.","Siperfaqe":600}},
{"type":"Feature","geometry":{"type":"Polygon","coordinates":[[[20.385850543868678,40.302371379718636],[20.38592295050395,40.30236666768084],[20.38649021232045,40.30242711255759],[20.386476782163225,40.302640974062214],[20.38634055367804,40.302900415058616],[20.38588314966223,40.30274369703041],[20.385879064133988,40.30268144719687],[20.385850543868678,40.302371379718636]]]},"properties":{"Zk_Numer":2239,"Zk_Emer":"KOSOVË-GOSNISHT","Nr_Pas":"96/1","Vol":1,"Faqe":77,"Pronaret":"THËLLËZA PAÇE ASAN, SAIMIR PAÇE ASAN, MIMOZA PAÇE ASAN, SOKOL PAÇE ASAN, NEBAHETE PAÇE NAZAR, ASAN PAÇE ESTREF","Kufizimet":"","Siperfaqe":2400}},
{"type":"Feature","geometry":{"type":"Polygon","coordinates":[[[20.380943619164047,40.302015971549636],[20.380448833997015,40.30216983121503],[20.380174834373673,40.302416032833854],[20.380031200940827,40.30220042069867],[20.38023509987227,40.301983400631045],[20.380700355021812,40.30183569985104],[20.380943619164047,40.302015971549636]]]},"properties":{"Zk_Numer":2239,"Zk_Emer":"KOSOVË-GOSNISHT","Nr_Pas":"217/4","Vol":1,"Faqe":83,"Pronaret":"PRONËSI E PASAKTËSUAR","Kufizimet":"PASURIA POSEDOHET NGA HALIL ESTREF PACE SIPAS AMTP NR. 2011.","Siperfaqe":2000}},
{"type":"Feature","geometry":{"type":"Polygon","coordinates":[[[20.37576726958798,40.304597321376946],[20.375650219658226,40.30516038703083],[20.375269130311757,40.30525042497583],[20.37512992744332,40.30509071518011],[20.374889931582544,40.30498422181407],[20.37527311230332,40.30475412609118],[20.37576726958798,40.304597321376946]]]},"properties":{"Zk_Numer":2239,"Zk_Emer":"KOSOVË-GOSNISHT","Nr_Pas":"78/5","Vol":1,"Faqe":84,"Pronaret":"PRONËSI E PASAKTËSUAR","Kufizimet":"PASURIA POSEDOHET NGA HALIL ESTREF PACE SIPAS AMTP NR. 2011.","Siperfaqe":2900}},
{"type":"Feature","geometry":{"type":"Polygon","coordinates":[[[20.375897490538367,40.30512758334778],[20.37596705440936,40.304947734837825],[20.375956963032298,40.30459353485244],[20.375956818162038,40.30459172528482],[20.37636944473434,40.304410014420064],[20.376594579491684,40.304172472648226],[20.37685204215766,40.304083655257344],[20.37696406642393,40.30456082745096],[20.377219288253038,40.304797822297886],[20.37683797763818,40.30479917344799],[20.37633203103346,40.30502953085643],[20.375897490538367,40.30512758334778]]]},"properties":{"Zk_Numer":2239,"Zk_Emer":"KOSOVË-GOSNISHT","Nr_Pas":"78/11","Vol":1,"Faqe":90,"Pronaret":"SHPRESË PACE RAPI, BEHAR PACE ESTREF, RITA PACE BEHAR, ALEKSANDËR PACE BEHAR","Kufizimet":"PASURIA KUFIZOHET PËR PLOTËSIM TË DOKUMENTACIONIT TEKNIKO-LIGJOR.","Siperfaqe":6200}},
{"type":"Feature","geometry":{"type":"Polygon","coordinates":[[[20.380781538156935,40.306066607243444],[20.380735308170774,40.30609106452774],[20.38057623599464,40.30600616140998],[20.38063657673158,40.30571297155172],[20.38077064061895,40.3055801071855],[20.381033826459994,40.30558579232461],[20.38130487843905,40.30568322710446],[20.38178534170116,40.30592075266553],[20.381078745669726,40.305781192762446],[20.380861353574947,40.30590671884894],[20.380818174794967,40.306047225151154],[20.380781538156935,40.306066607243444]]]},"properties":{"Zk_Numer":2239,"Zk_Emer":"KOSOVË-GOSNISHT","Nr_Pas":"91/7","Vol":1,"Faqe":102,"Pronaret":"AGIM KANE JAUP, DORJAN SULEJMANI AGIM, KLODJAN SULEJMANI AGIM, ENKELEDA SULEJMANI AGIM, BARDHA SULEJMANI DULE","Kufizimet":"PASURIA KUFIZOHET PËR PLOTËSIM TË DOKUMENTACIONIT TEKNIKO-LIGJOR.","Siperfaqe":2200}},
{"type":"Feature","geometry":{"type":"Polygon","coordinates":[[[20.373082383929983,40.303013464864975],[20.372896356757696,40.30253089860485],[20.372736936941116,40.302724210887455],[20.372585194849133,40.30282312779028],[20.37253713928166,40.30250394984825],[20.372925717896987,40.302033602893594],[20.373067469124063,40.30202509329672],[20.373592241610577,40.30287171615158],[20.373082383929983,40.303013464864975]]]},"properties":{"Zk_Numer":2239,"Zk_Emer":"KOSOVË-GOSNISHT","Nr_Pas":"78/6","Vol":1,"Faqe":85,"Pronaret":"PËLLUMB IBRAHIMI BIDO, NESLIE IBRAHIMI IDAJET, EMIRJON IBRAHIMI PËLLUMB, ESTELA IBRAHIMI PËLLUMB","Kufizimet":"","Siperfaqe":5000}},
{"type":"Feature","geometry":{"type":"Polygon","coordinates":[[[20.373082383929983,40.303013464864975],[20.373592241610577,40.30287171615158],[20.374204972568855,40.30365236134102],[20.373682561192048,40.30382903828669],[20.373082383929983,40.303013464864975]]]},"properties":{"Zk_Numer":2239,"Zk_Emer":"KOSOVË-GOSNISHT","Nr_Pas":"78/8","Vol":1,"Faqe":88,"Pronaret":"BIDO IBRAHIMI SALI, ALTIN IBRAHIMI BIDO, HANËME IBRAHIMI BESIM","Kufizimet":"PASURIA KUFIZOHET PËR PLOTËSIM TË DOKUMENTACIONIT TEKNIKO-LIGJOR.","Siperfaqe":4800}},
{"type":"Feature","geometry":{"type":"Polygon","coordinates":[[[20.37539986238472,40.304041061487716],[20.374336664940902,40.30474676965914],[20.37421969136862,40.30462108347051],[20.37440962366479,40.30451327187105],[20.374834906411706,40.304125944173634],[20.37501351684799,40.30389071495272],[20.37513206586616,40.30378273758137],[20.37539986238472,40.304041061487716]]]},"properties":{"Zk_Numer":2239,"Zk_Emer":"KOSOVË-GOSNISHT","Nr_Pas":"78/9","Vol":1,"Faqe":87,"Pronaret":"LINDITA PASHO AVDULLA, REFAT PASHO METE, FATIME PASHO HYSNI","Kufizimet":"","Siperfaqe":2800}},
{"type":"Feature","geometry":{"type":"Polygon","coordinates":[[[20.380281766891866,40.30517042875389],[20.380245610165694,40.30477698660981],[20.380437877905017,40.304728668216086],[20.38052677389492,40.30506742111211],[20.380281766891866,40.30517042875389]]]},"properties":{"Zk_Numer":2239,"Zk_Emer":"KOSOVË-GOSNISHT","Nr_Pas":"217/5","Vol":1,"Faqe":93,"Pronaret":"FATIME PASHO HYSNI, REFAT PASHO METE, LINDITA PASHO AVDULLA","Kufizimet":"","Siperfaqe":800}},
{"type":"Feature","geometry":{"type":"Polygon","coordinates":[[[20.37513206586616,40.30378273758137],[20.37604756635935,40.30327162774522],[20.37612926875542,40.30337480989486],[20.376368359781893,40.30362522139149],[20.3765281105584,40.30375750118411],[20.37664720508723,40.30387741328738],[20.375732116173598,40.30439530506101],[20.375694492827307,40.3043252671201],[20.37539986238472,40.304041061487716],[20.37513206586616,40.30378273758137]]]},"properties":{"Zk_Numer":2239,"Zk_Emer":"KOSOVË-GOSNISHT","Nr_Pas":"78/10","Vol":1,"Faqe":89,"Pronaret":"PRONËSI E PASAKTËSUAR","Kufizimet":"PASURIA POSEDOHET NGA XHAFER ISLAM LAME SIPAS AMTP NR. 1988.","Siperfaqe":8000}},
{"type":"Feature","geometry":{"type":"Polygon","coordinates":[[[20.380174834373673,40.302416032833854],[20.380448833997015,40.30216983121503],[20.380943619164047,40.302015971549636],[20.381067925372218,40.30215074390184],[20.381170942591375,40.302193367025055],[20.380782435548387,40.302444680010005],[20.38031934982482,40.30272806865442],[20.380279310969485,40.30255758348695],[20.380174834373673,40.302416032833854]]]},"properties":{"Zk_Numer":2239,"Zk_Emer":"KOSOVË-GOSNISHT","Nr_Pas":"217/6","Vol":1,"Faqe":94,"Pronaret":"PRONËSI E PASAKTËSUAR","Kufizimet":"PASURIA POSEDOHET NGA XHAFER ISLAM LAME SIPAS AMTP NR. 1988.","Siperfaqe":3000}},
{"type":"Feature","geometry":{"type":"Polygon","coordinates":[[[20.37454258755545,40.30372314423819],[20.374576216332155,40.303241243208085],[20.374588091888143,40.302917594673666],[20.375803296044662,40.30272998807471],[20.375808113225034,40.30275995653706],[20.375943825359972,40.303184170730354],[20.37604756635935,40.30327162774522],[20.37513206586616,40.30378273758137],[20.374720817176616,40.30373043460372],[20.37454258755545,40.30372314423819]]]},"properties":{"Zk_Numer":2239,"Zk_Emer":"KOSOVË-GOSNISHT","Nr_Pas":"78/7","Vol":1,"Faqe":86,"Pronaret":"EVISJANA JEMINI NOVRUZ, SPARTAK JEMINI NOVRUZ, ESMERALDA JEMINI NOVRUZ, FLORJAN JEMINI NOVRUZ, LULJETA JEMINI XHEMAL, NOVRUZ JEMINI SAMIT","Kufizimet":"PASURIA KUFIZOHET PËR PLOTËSIM TË DOKUMENTACIONIT TEKNIKO-LIGJOR.","Siperfaqe":10400}},
{"type":"Feature","geometry":{"type":"Polygon","coordinates":[[[20.380476907639583,40.30419766218367],[20.380380544924254,40.304183395859404],[20.380288331224648,40.303863625917536],[20.380206452176722,40.303682713066834],[20.380305145432164,40.30358922768585],[20.38063168735059,40.30367892510947],[20.380693787082073,40.30386615422763],[20.380741627854842,40.30394943682881],[20.380886332400006,40.30425827580938],[20.380476907639583,40.30419766218367]]]},"properties":{"Zk_Numer":2239,"Zk_Emer":"KOSOVË-GOSNISHT","Nr_Pas":"217/8","Vol":1,"Faqe":95,"Pronaret":"NOVRUZ JEMINI SAMIT, SPARTAK JEMINI NOVRUZ, ESMERALDA JEMINI NOVRUZ, FLORJAN JEMINI NOVRUZ, EVISJANA JEMINI NOVRUZ, LULJETA JEMINI XHEMAL","Kufizimet":"PASURIA KUFIZOHET PËR PLOTËSIM TË DOKUMENTACIONIT TEKNIKO-LIGJOR.","Siperfaqe":2400}},
{"type":"Feature","geometry":{"type":"Polygon","coordinates":[[[20.374635468677706,40.30251773477151],[20.374730720838404,40.30199931071015],[20.374804052981524,40.301668548723555],[20.375292347331,40.30161488163569],[20.375426477671734,40.30189951810621],[20.375654654916005,40.30217407084069],[20.37510983751535,40.30246374194424],[20.374635468677706,40.30251773477151]]]},"properties":{"Zk_Numer":2239,"Zk_Emer":"KOSOVË-GOSNISHT","Nr_Pas":"78/12","Vol":1,"Faqe":91,"Pronaret":"MAZLLUM IBRAHIMI HYSEN, AGRON IBRAHIMI MAZLLUM, MERXHE IBRAHIMI MUHAREM","Kufizimet":"PASURIA KUFIZOHET PËR MUNGESË TË DOKUMENTACIONIT TEKNIKO-LIGJOR., PASURIA KUFIZOHET PËR PLOTËSIM TË DOKUMENTACIONIT TEKNIKO-LIGJOR.","Siperfaqe":5600}},
{"type":"Feature","geometry":{"type":"Polygon","coordinates":[[[20.380886332400006,40.30425827580938],[20.380943915903515,40.30459028592841],[20.38081279077672,40.3049212065778],[20.380686942181526,40.304901620724586],[20.380712897509977,40.30461015902217],[20.380641434295683,40.30446624840136],[20.380476907639583,40.30419766218367],[20.380886332400006,40.30425827580938]]]},"properties":{"Zk_Numer":2239,"Zk_Emer":"KOSOVË-GOSNISHT","Nr_Pas":"217/9","Vol":1,"Faqe":96,"Pronaret":"AGRON IBRAHIMI MAZLLUM, MAZLLUM IBRAHIMI HYSEN, MERXHE IBRAHIMI MUHAREM","Kufizimet":"PASURIA KUFIZOHET PËR MUNGESË TË DOKUMENTACIONIT TEKNIKO-LIGJOR., PASURIA KUFIZOHET PËR PLOTËSIM TË DOKUMENTACIONIT TEKNIKO-LIGJOR.","Siperfaqe":1600}},
{"type":"Feature","geometry":{"type":"Polygon","coordinates":[[[20.380380544924254,40.304183395859404],[20.380476907639583,40.30419766218367],[20.380641434295683,40.30446624840136],[20.380712897509977,40.30461015902217],[20.380686942181526,40.304901620724586],[20.380577762679227,40.304897429965315],[20.380514109123247,40.30455691239833],[20.38013694702962,40.30427861971017],[20.380144434213502,40.3041484397341],[20.380380544924254,40.304183395859404]]]},"properties":{"Zk_Numer":2239,"Zk_Emer":"KOSOVË-GOSNISHT","Nr_Pas":"217/10","Vol":1,"Faqe":97,"Pronaret":"SHTET","Kufizimet":"PASURIA OKUPOHET NGA DHIONIS KOSTA TATAMI.","Siperfaqe":1600}},
{"type":"Feature","geometry":{"type":"Polygon","coordinates":[[[20.380693787082073,40.30386615422763],[20.380873440446386,40.30386901195266],[20.38092388926731,40.30402524250754],[20.380886332400006,40.30425827580938],[20.380741627854842,40.30394943682881],[20.380693787082073,40.30386615422763]]]},"properties":{"Zk_Numer":2239,"Zk_Emer":"KOSOVË-GOSNISHT","Nr_Pas":"217/11","Vol":1,"Faqe":98,"Pronaret":"LLAMBRO GORE POLIKRON, KONSTANDINE GORE VASIL, TATJANË GORE POLIKRON, POLIKRON GORE NIKO","Kufizimet":"","Siperfaqe":400}},
{"type":"Feature","geometry":{"type":"Polygon","coordinates":[[[20.38085595285536,40.30370194761044],[20.38117162323369,40.30340791412991],[20.381224547871152,40.30344955266099],[20.381388419888342,40.30357847871351],[20.381164026106585,40.30392693649557],[20.38085595285536,40.30370194761044]]]},"properties":{"Zk_Numer":2239,"Zk_Emer":"KOSOVË-GOSNISHT","Nr_Pas":"217/12","Vol":1,"Faqe":99,"Pronaret":"POLIKRON GORE NIKO, KONSTANDINE GORE VASIL, TATJANË GORE POLIKRON, LLAMBRO GORE POLIKRON","Kufizimet":"","Siperfaqe":1300}},
{"type":"Feature","geometry":{"type":"Polygon","coordinates":[[[20.37362559811799,40.30226220460448],[20.374150437255036,40.30223841538794],[20.374377849255342,40.30205815843088],[20.374730720838404,40.30199931071015],[20.374635468677706,40.30251773477151],[20.37459356040078,40.30276855851746],[20.374190555078254,40.302980271879704],[20.37389897953764,40.302657472932054],[20.37362559811799,40.30226220460448]]]},"properties":{"Zk_Numer":2239,"Zk_Emer":"KOSOVË-GOSNISHT","Nr_Pas":"78/13","Vol":1,"Faqe":100,"Pronaret":"SHTET","Kufizimet":"PASURIA OKUPOHET NGA POLIKRON NIKO GORE. KA HEQUR DORË NGA POSEDIMI I NGASTRËS SIPAS DEKLARATËS PERSONALE REF. 00000033)","Siperfaqe":5600}},
{"type":"Feature","geometry":{"type":"Polygon","coordinates":[[[20.381224547871152,40.30344955266099],[20.381446531533054,40.30324352313712],[20.38158738306444,40.30308120441988],[20.381980636174653,40.303456005178],[20.381799228560205,40.303480451517366],[20.38150596741263,40.303493168517946],[20.381388419888342,40.30357847871351],[20.381224547871152,40.30344955266099]]]},"properties":{"Zk_Numer":2239,"Zk_Emer":"KOSOVË-GOSNISHT","Nr_Pas":"217/14","Vol":1,"Faqe":101,"Pronaret":"PRONËSI E PASAKTËSUAR","Kufizimet":"PASURIA POSEDOHET NGA MUSTAFA SHEFQET MEÇE SIPAS AMTP NR. 2004.","Siperfaqe":1600}},
{"type":"Feature","geometry":{"type":"Polygon","coordinates":[[[20.374824508386375,40.3015762847809],[20.374804052981524,40.301668548723555],[20.374730720838404,40.30199931071015],[20.374377849255342,40.30205815843088],[20.374150437255036,40.30223841538794],[20.37362559811799,40.30226220460448],[20.373498872894256,40.302067175180774],[20.373573879186228,40.30174284660004],[20.374222632689957,40.3016907767662],[20.374270366463836,40.30166313150838],[20.374824508386375,40.3015762847809]]]},"properties":{"Zk_Numer":2239,"Zk_Emer":"KOSOVË-GOSNISHT","Nr_Pas":"78/15","Vol":1,"Faqe":92,"Pronaret":"PRONËSI E PASAKTËSUAR","Kufizimet":"PASURIA POSEDOHET NGA MUSTAFA SHEFQET MEÇE SIPAS AMTP NR. 2004.","Siperfaqe":5600}},
{"type":"Feature","geometry":{"type":"Polygon","coordinates":[[[20.395259656439244,40.300410455102],[20.395460760906776,40.300439239131336],[20.395625315133657,40.30050971344186],[20.39568228586891,40.300612268432936],[20.39566320205914,40.300711920029165],[20.395205996110818,40.30055838544852],[20.395259656439244,40.300410455102]]]},"properties":{"Zk_Numer":2239,"Zk_Emer":"KOSOVË-GOSNISHT","Nr_Pas":"119/26","Vol":1,"Faqe":103,"Pronaret":"AGIM KANE JAUP, DORJAN SULEJMANI AGIM, KLODJAN SULEJMANI AGIM, ENKELEDA SULEJMANI AGIM, BARDHA SULEJMANI DULE","Kufizimet":"PASURIA KUFIZOHET PËR PLOTËSIM TË DOKUMENTACIONIT TEKNIKO-LIGJOR.","Siperfaqe":770}},
{"type":"Feature","geometry":{"type":"Polygon","coordinates":[[[20.39311361529569,40.29995919893207],[20.393054761500917,40.299966551248716],[20.39285529412103,40.30001592375455],[20.392595541164916,40.299706267280726],[20.39277168507703,40.299605533571125],[20.39311361529569,40.29995919893207]]]},"properties":{"Zk_Numer":2239,"Zk_Emer":"KOSOVË-GOSNISHT","Nr_Pas":"119/4","Vol":1,"Faqe":104,"Pronaret":"JEMIN JEMINI SAMIT, MARIANTHI JEMINI KIÇO, LULJETA JEMINI JEMIN, BUJAR JEMINI MUSTAFA, ALKETA JEMINI JEMIN","Kufizimet":"PASURIA KUFIZOHET PËR PLOTËSIM TË DOKUMENTACIONIT TEKNIKO-LIGJOR.","Siperfaqe":897}},
{"type":"Feature","geometry":{"type":"Polygon","coordinates":[[[20.395171942058496,40.300652265030806],[20.395060202945135,40.300600897096196],[20.395191071339113,40.30038462876772],[20.395259656439244,40.300410455102],[20.395205996110818,40.30055838544852],[20.395171942058496,40.300652265030806]]]},"properties":{"Zk_Numer":2239,"Zk_Emer":"KOSOVË-GOSNISHT","Nr_Pas":"119/5","Vol":1,"Faqe":105,"Pronaret":"BUJAR JEMINI MUSTAFA, ALKETA JEMINI JEMIN, MARIANTHI JEMINI KIÇO, JEMIN JEMINI SAMIT, LULJETA JEMINI JEMIN","Kufizimet":"PASURIA KUFIZOHET PËR PLOTËSIM TË DOKUMENTACIONIT TEKNIKO-LIGJOR.","Siperfaqe":235}},
{"type":"Feature","geometry":{"type":"Polygon","coordinates":[[[20.3929670518437,40.30045537633081],[20.392792219487987,40.30047444906175],[20.39270471411417,40.300287144406276],[20.39263209784383,40.300093384328335],[20.392860729248746,40.300089587299496],[20.392916039501376,40.30026301286524],[20.3929670518437,40.30045537633081]]]},"properties":{"Zk_Numer":2239,"Zk_Emer":"KOSOVË-GOSNISHT","Nr_Pas":"119/3","Vol":1,"Faqe":106,"Pronaret":"BARDHUL RUSTEMI SAZAN, SAZAN RUSTEMI ALI, ROZINË RUSTEMI VASIL, ZYMBYLE RUSTEMI JONUZ, DONIKA RUSTEMI HASAN, MARSELA RUSTEMI BARDHUL","Kufizimet":"PASURIA KUFIZOHET PËR PLOTËSIM TË DOKUMENTACIONIT TEKNIKO-LIGJOR.","Siperfaqe":750}},
{"type":"Feature","geometry":{"type":"Polygon","coordinates":[[[20.39310691453052,40.30042374048092],[20.3929670518437,40.30045537633081],[20.392916039501376,40.30026301286524],[20.393174999132945,40.3001384658901],[20.393487540843445,40.30011509657959],[20.3934571496445,40.300330860527446],[20.39310691453052,40.30042374048092]]]},"properties":{"Zk_Numer":2239,"Zk_Emer":"KOSOVË-GOSNISHT","Nr_Pas":"119/1","Vol":1,"Faqe":107,"Pronaret":"KASO IBRAHIMI BAJRAM, KUJTIM IBRAHIMI BAJRAM, ILIRJAN IBRAHIMI BAJRAM, BAJRAM IBRAHIMI KASO, ALBJON IBRAHIMI LAVDIMIR, SABAJETE IBRAHIMI MUSA, GJYRXHI IBRAHIMI TEFIK","Kufizimet":"PASURIA KUFIZOHET PËR PLOTËSIM TË DOKUMENTACIONIT TEKNIKO-LIGJOR.","Siperfaqe":1200}},
{"type":"Feature","geometry":{"type":"Polygon","coordinates":[[[20.393704911358675,40.300441912664944],[20.3934571496445,40.300330860527446],[20.393487540843445,40.30011509657959],[20.393802661430264,40.30007956148271],[20.39396123303841,40.30004810033838],[20.394037591439144,40.30041766145651],[20.39380455112078,40.300474932869],[20.393704911358675,40.300441912664944]]]},"properties":{"Zk_Numer":2239,"Zk_Emer":"KOSOVË-GOSNISHT","Nr_Pas":"119/2","Vol":1,"Faqe":108,"Pronaret":"PANAJOT RANGA APOSTOLL, AGRON RANGA PANAJOT, ATHINA RANGA DHIMITRI, KRISTAQ RANGA NIKOLLA, ELSA RANGA NIKOLLA, ANASTASIA RANGA NIKOLLA, ALEKSANDRA RANGA PANAJOT, ATHINA RANGA VAJO, NIKOLLA RANGA APOSTOLL","Kufizimet":"PASURIA KUFIZOHET PËR PLOTËSIM TË DOKUMENTACIONIT TEKNIKO-LIGJOR.","Siperfaqe":1700}},
{"type":"Feature","geometry":{"type":"Polygon","coordinates":[[[20.39431312375366,40.30028321459614],[20.39417818515772,40.30033043481762],[20.394037591439144,40.30041766145651],[20.39396123303841,40.30004810033838],[20.39430060620347,40.30000083215653],[20.39431312375366,40.30028321459614]]]},"properties":{"Zk_Numer":2239,"Zk_Emer":"KOSOVË-GOSNISHT","Nr_Pas":"119/6","Vol":1,"Faqe":109,"Pronaret":"ALEKSANDRA NAÇE KICI","Kufizimet":"PASURIA KUFIZOHET PËR PLOTËSIM TË DOKUMENTACIONIT TEKNIKO-LIGJOR.","Siperfaqe":960}},
{"type":"Feature","geometry":{"type":"Polygon","coordinates":[[[20.39431312375366,40.30028321459614],[20.39430060620347,40.30000083215653],[20.394450097964274,40.300029416635745],[20.394618841305146,40.3000877419823],[20.394607367592023,40.30036810078859],[20.394606777394813,40.30038252213001],[20.394603710910687,40.300457450917484],[20.394381734089155,40.300428862176524],[20.39431312375366,40.30028321459614]]]},"properties":{"Zk_Numer":2239,"Zk_Emer":"KOSOVË-GOSNISHT","Nr_Pas":"119/7","Vol":1,"Faqe":110,"Pronaret":"PRONËSI E PASAKTËSUAR","Kufizimet":"PASURIA POSEDOHET NGA XHAFER ISLAM LAME SIPAS AMTP NR. 1988.","Siperfaqe":1100}},
{"type":"Feature","geometry":{"type":"Polygon","coordinates":[[[20.39494121636356,40.300191533879925],[20.39481362234739,40.30042902885174],[20.394607367592023,40.30036810078859],[20.394618841305146,40.3000877419823],[20.39494121636356,40.300191533879925]]]},"properties":{"Zk_Numer":2239,"Zk_Emer":"KOSOVË-GOSNISHT","Nr_Pas":"119/8","Vol":1,"Faqe":111,"Pronaret":"PRONËSI E PASAKTËSUAR","Kufizimet":"PASURIA POSEDOHET NGA ENVER JASHAR SULEJMANI SIPAS AMTP NR.1987.","Siperfaqe":700}},
{"type":"Feature","geometry":{"type":"Polygon","coordinates":[[[20.392622526503636,40.3000622144807],[20.3923192203088,40.2997978301938],[20.392437314440723,40.29973788620216],[20.392595541164916,40.299706267280726],[20.39285529412103,40.30001592375455],[20.392622526503636,40.3000622144807]]]},"properties":{"Zk_Numer":2239,"Zk_Emer":"KOSOVË-GOSNISHT","Nr_Pas":"119/9","Vol":1,"Faqe":112,"Pronaret":"ALTIN IBRAHIMI BIDO, BIDO IBRAHIMI SALI, HANËME IBRAHIMI BESIM","Kufizimet":"PASURIA KUFIZOHET PËR PLOTËSIM TË DOKUMENTACIONIT TEKNIKO-LIGJOR.","Siperfaqe":900}},
{"type":"Feature","geometry":{"type":"Polygon","coordinates":[[[20.39286694776358,40.29949176177933],[20.39329962703119,40.29993596118877],[20.39311361529569,40.29995919893207],[20.39277168507703,40.299605533571125],[20.39286694776358,40.29949176177933]]]},"properties":{"Zk_Numer":2239,"Zk_Emer":"KOSOVË-GOSNISHT","Nr_Pas":"119/10","Vol":1,"Faqe":113,"Pronaret":"PRONËSI E PASAKTËSUAR","Kufizimet":"PASURIA POSEDOHET NGA ANDON LIKO LOÇE SIPAS AMTP NR. 1990.","Siperfaqe":780}},
{"type":"Feature","geometry":{"type":"Polygon","coordinates":[[[20.39286694776358,40.29949176177933],[20.393114429819523,40.2993579593171],[20.393512333173245,40.29978979777675],[20.39329962703119,40.29993596118877],[20.39286694776358,40.29949176177933]]]},"properties":{"Zk_Numer":2239,"Zk_Emer":"KOSOVË-GOSNISHT","Nr_Pas":"119/11","Vol":1,"Faqe":114,"Pronaret":"PRONËSI E PASAKTËSUAR","Kufizimet":"PASURIA POSEDOHET NGA XHEMAL ESTREF PAÇE SIPAS AMTP NR. 2019.","Siperfaqe":1500}},
{"type":"Feature","geometry":{"type":"Polygon","coordinates":[[[20.39342605038827,40.299279991964625],[20.393770958861236,40.29970079901194],[20.393512333173245,40.29978979777675],[20.393114429819523,40.2993579593171],[20.39342605038827,40.299279991964625]]]},"properties":{"Zk_Numer":2239,"Zk_Emer":"KOSOVË-GOSNISHT","Nr_Pas":"119/12","Vol":1,"Faqe":115,"Pronaret":"KOSTANDINE BEÇI LLUKAN, GJERGJI BEÇI PEÇI, DONIKË BEÇI QAKO, SOTIRAQ BEÇI GJERGJI, KOSTANDIN BEÇI GJERGJI, TEUTA BEÇI PEÇI, PEÇI BEÇI SOTIR","Kufizimet":"PASURIA KUFIZOHET PËR PLOTËSIM TË DOKUMENTACIONIT TEKNIKO-LIGJOR.","Siperfaqe":1440}},
{"type":"Feature","geometry":{"type":"Polygon","coordinates":[[[20.393914698200902,40.29967313504275],[20.393841892265698,40.29967638913182],[20.393770958861236,40.29970079901194],[20.39342605038827,40.299279991964625],[20.393619019063287,40.299203516189365],[20.39382514831761,40.299200207855634],[20.393848560030666,40.29941780185439],[20.393914698200902,40.29967313504275]]]},"properties":{"Zk_Numer":2239,"Zk_Emer":"KOSOVË-GOSNISHT","Nr_Pas":"119/13","Vol":1,"Faqe":116,"Pronaret":"SHTET","Kufizimet":"","Siperfaqe":1280}},
{"type":"Feature","geometry":{"type":"Polygon","coordinates":[[[20.3940702390729,40.29975296307417],[20.39404966973723,40.29966710231644],[20.393914698200902,40.29967313504275],[20.393848560030666,40.29941780185439],[20.39382514831761,40.299200207855634],[20.394159386298544,40.2992538139236],[20.394333656910966,40.29936717910953],[20.394548431347445,40.29959669281483],[20.394610784231368,40.29969905945058],[20.3940702390729,40.29975296307417]]]},"properties":{"Zk_Numer":2239,"Zk_Emer":"KOSOVË-GOSNISHT","Nr_Pas":"119/14","Vol":1,"Faqe":117,"Pronaret":"SHTET","Kufizimet":"","Siperfaqe":2520}},
{"type":"Feature","geometry":{"type":"Polygon","coordinates":[[[20.392751690085902,40.29950619083221],[20.392336641880686,40.29959908555151],[20.392314369742518,40.29949368679748],[20.392356786959215,40.29938859201586],[20.392408167830794,40.299361140217215],[20.392593601501144,40.29930883881868],[20.39289066080492,40.299314064743605],[20.392751690085902,40.29950619083221]]]},"properties":{"Zk_Numer":2239,"Zk_Emer":"KOSOVË-GOSNISHT","Nr_Pas":"119/15","Vol":1,"Faqe":118,"Pronaret":"EDVIS NAQE GOGO, MARGARITA NAQE LIKO, GOGO NAQE QAKO, DHOKSI NAQE TAVE, QAKO NAQE FOTO, ARBEN NAQE GOGO","Kufizimet":"","Siperfaqe":1000}},
{"type":"Feature","geometry":{"type":"Polygon","coordinates":[[[20.39285529412103,40.30001592375455],[20.393054761500917,40.299966551248716],[20.39311361529569,40.29995919893207],[20.39329962703119,40.29993596118877],[20.39333541243758,40.3000035373889],[20.393596615992763,40.29998910949969],[20.39359247410293,40.30007118861104],[20.39346648449771,40.30008505676205],[20.393141044009045,40.30005536711467],[20.392622526503636,40.3000622144807],[20.39285529412103,40.30001592375455]]]},"properties":{"Zk_Numer":2239,"Zk_Emer":"KOSOVË-GOSNISHT","Nr_Pas":"119/16","Vol":1,"Faqe":119,"Pronaret":"VALDET PASHO KAMBER, GRAMOZ PASHO KAMBER, KRENAR PASHO KAMBER, ALBAN PASHO KAMBER, ARDIAN PASHO KAMBER, KAMBER PASHO METE, LULE PASHO HYDA","Kufizimet":"PASURIA KUFIZOHET PËR PLOTËSIM TË DOKUMENTACIONIT TEKNIKO-LIGJOR.","Siperfaqe":660}},
{"type":"Feature","geometry":{"type":"Polygon","coordinates":[[[20.3940702390729,40.29975296307417],[20.39412635509027,40.299996003658684],[20.393972319289603,40.3000173674333],[20.393894990997907,40.30002970162324],[20.393841892265698,40.29967638913182],[20.393914698200902,40.29967313504275],[20.39404966973723,40.29966710231644],[20.3940702390729,40.29975296307417]]]},"properties":{"Zk_Numer":2239,"Zk_Emer":"KOSOVË-GOSNISHT","Nr_Pas":"119/17","Vol":1,"Faqe":120,"Pronaret":"SHTET","Kufizimet":"PASURIA OKUPOHET NGA DHIONIS KOSTA TATAMI (DEKLARATË PËR HEQJE DORË)","Siperfaqe":720}},
{"type":"Feature","geometry":{"type":"Polygon","coordinates":[[[20.3940702390729,40.29975296307417],[20.394610784231368,40.29969905945058],[20.39444124588817,40.299994752446764],[20.394421223392534,40.29998837418865],[20.39430182162968,40.29997166731239],[20.39412635509027,40.299996003658684],[20.3940702390729,40.29975296307417]]]},"properties":{"Zk_Numer":2239,"Zk_Emer":"KOSOVË-GOSNISHT","Nr_Pas":"119/18","Vol":1,"Faqe":121,"Pronaret":"XHEMAL PASHO PASHO, MIRANDA PASHO PASHO, OLTJANA PASHO PASHO, PASHO PASHO METE, RAZIE PASHO SABRI, YLLKA PASHO PASHO","Kufizimet":"PASURIA KUFIZOHET PËR PLOTËSIM TË DOKUMENTACIONIT TEKNIKO-LIGJOR.","Siperfaqe":1036}},
{"type":"Feature","geometry":{"type":"Polygon","coordinates":[[[20.394610784231368,40.29969905945058],[20.394773580960866,40.29983150592971],[20.394956840757928,40.29994048835858],[20.395016308485207,40.30019338998903],[20.39485741665404,40.30013376087846],[20.394546861680197,40.30002839676579],[20.39444124588817,40.299994752446764],[20.394610784231368,40.29969905945058]]]},"properties":{"Zk_Numer":2239,"Zk_Emer":"KOSOVË-GOSNISHT","Nr_Pas":"119/19","Vol":1,"Faqe":122,"Pronaret":"FATIME PASHO HYSNI, LINDITA PASHO AVDULLA, REFAT PASHO METE","Kufizimet":"","Siperfaqe":1260}},
{"type":"Feature","geometry":{"type":"Polygon","coordinates":[[[20.39359247410293,40.30007118861104],[20.393596615992763,40.29998910949969],[20.39333541243758,40.3000035373889],[20.39329962703119,40.29993596118877],[20.393512333173245,40.29978979777675],[20.393770958861236,40.29970079901194],[20.393841892265698,40.29967638913182],[20.393894990997907,40.30002970162324],[20.39372182902973,40.300058384481005],[20.39359247410293,40.30007118861104]]]},"properties":{"Zk_Numer":2239,"Zk_Emer":"KOSOVË-GOSNISHT","Nr_Pas":"119/20","Vol":1,"Faqe":123,"Pronaret":"SHTET","Kufizimet":"PASURIA OKUPOHET NGA HIPOKRAT KURETA.","Siperfaqe":1310}},
{"type":"Feature","geometry":{"type":"Polygon","coordinates":[[[20.392038808360763,40.300996572118386],[20.392331593421865,40.301153391245116],[20.392308142066792,40.301269331974005],[20.392218246028563,40.301356487394195],[20.39212846551451,40.30151076527024],[20.392083019166908,40.30160997404896],[20.39202336158294,40.30181227851588],[20.39194439477346,40.30165251024569],[20.391855652406857,40.301572805276955],[20.39168158889505,40.3014482816614],[20.391638417048547,40.30127357366402],[20.391775289539556,40.301257420878784],[20.392038808360763,40.300996572118386]]]},"properties":{"Zk_Numer":2239,"Zk_Emer":"KOSOVË-GOSNISHT","Nr_Pas":"118/3","Vol":1,"Faqe":126,"Pronaret":"SABAJETE IBRAHIMI MUSA, ILIRJAN IBRAHIMI BAJRAM, KUJTIM IBRAHIMI BAJRAM, KASO IBRAHIMI BAJRAM, GJYRXHI IBRAHIMI TEFIK, BAJRAM IBRAHIMI KASO, ALBJON IBRAHIMI LAVDIMIR","Kufizimet":"PASURIA KUFIZOHET PËR PLOTËSIM TË DOKUMENTACIONIT TEKNIKO-LIGJOR.","Siperfaqe":2500}},
{"type":"Feature","geometry":{"type":"Polygon","coordinates":[[[20.391775289539556,40.301257420878784],[20.39160659923772,40.30106127311442],[20.39148050976685,40.30088305640463],[20.391466945172517,40.30081699474978],[20.391690112228428,40.30074344933803],[20.39172098619271,40.300840525824405],[20.39182515811897,40.30088213760183],[20.392038808360763,40.300996572118386],[20.391775289539556,40.301257420878784]]]},"properties":{"Zk_Numer":2239,"Zk_Emer":"KOSOVË-GOSNISHT","Nr_Pas":"118/2","Vol":1,"Faqe":125,"Pronaret":"ALEKSANDËR PACE BEHAR, BEHAR PACE ESTREF, SHPRESË PACE RAPI, RITA PACE BEHAR","Kufizimet":"PASURIA KUFIZOHET PËR PLOTËSIM TË DOKUMENTACIONIT TEKNIKO-LIGJOR.","Siperfaqe":1300}},
{"type":"Feature","geometry":{"type":"Polygon","coordinates":[[[20.392331593421865,40.301153391245116],[20.392038808360763,40.300996572118386],[20.39182515811897,40.30088213760183],[20.39172098619271,40.300840525824405],[20.391690112228428,40.30074344933803],[20.391867279371386,40.300759610322075],[20.392086487352643,40.30033841578274],[20.39244758250753,40.30048188502009],[20.392443386383025,40.3005219395171],[20.392380035469788,40.300701452025045],[20.392374787538653,40.30091515356051],[20.392331593421865,40.301153391245116]]]},"properties":{"Zk_Numer":2239,"Zk_Emer":"KOSOVË-GOSNISHT","Nr_Pas":"118/1","Vol":1,"Faqe":124,"Pronaret":"SHTET","Kufizimet":"PASURIA OKUPOHET NGA BAJRAM IBRAHIMI.","Siperfaqe":3000}},
{"type":"Feature","geometry":{"type":"Polygon","coordinates":[[[20.392267369642436,40.29999085744242],[20.392143313242208,40.30022922744164],[20.39152472727942,40.30022116556165],[20.391593101168898,40.300043543698365],[20.391774804479137,40.29982572748019],[20.391955885792836,40.29976592338448],[20.392108037448597,40.29989452226248],[20.392267369642436,40.29999085744242]]]},"properties":{"Zk_Numer":2239,"Zk_Emer":"KOSOVË-GOSNISHT","Nr_Pas":"118/4","Vol":1,"Faqe":127,"Pronaret":"SHTET","Kufizimet":"PASURIA OKUPOHET NGA XHEMAL PAÇE.","Siperfaqe":2150}},
{"type":"Feature","geometry":{"type":"Polygon","coordinates":[[[20.374824508386375,40.3015762847809],[20.374270366463836,40.30166313150838],[20.374222632689957,40.3016907767662],[20.373573879186228,40.30174284660004],[20.373595067403308,40.301670659487115],[20.373607899730786,40.30131872212972],[20.373703877325127,40.30120529333339],[20.374862321903414,40.301244219908746],[20.374824508386375,40.3015762847809]]]},"properties":{"Zk_Numer":2239,"Zk_Emer":"KOSOVË-GOSNISHT","Nr_Pas":"78/16","Vol":1,"Faqe":128,"Pronaret":"SHTET","Kufizimet":"","Siperfaqe":5187}},
{"type":"Feature","geometry":{"type":"Polygon","coordinates":[[[20.38157191011823,40.306261745924964],[20.381794203656202,40.30620625527632],[20.38215807311319,40.30611067933768],[20.382482294077057,40.306374070984255],[20.382284295917565,40.3065127289245],[20.38208629694788,40.306651386526276],[20.38157191011823,40.306261745924964]]]},"properties":{"Zk_Numer":2239,"Zk_Emer":"KOSOVË-GOSNISHT","Nr_Pas":"91/6","Vol":1,"Faqe":129,"Pronaret":"SHTET","Kufizimet":"PASURIA OKUPOHET NGA HIPOKRAT KURETA.","Siperfaqe":2356}},
{"type":"Feature","geometry":{"type":"Polygon","coordinates":[[[20.382840093934867,40.304341854303566],[20.38236769629755,40.30373681887062],[20.38257616172852,40.30365052809006],[20.382765319618155,40.30349879452815],[20.382980212067142,40.30313941424606],[20.383113855299737,40.30297309888882],[20.38313963552569,40.30286714046622],[20.383193295376582,40.30279839314976],[20.38339550107961,40.30262688145015],[20.383634007344792,40.30312128339138],[20.383612798421918,40.30365167778279],[20.383221532303622,40.30409391677082],[20.382840093934867,40.304341854303566]]]},"properties":{"Zk_Numer":2239,"Zk_Emer":"KOSOVË-GOSNISHT","Nr_Pas":"93/1","Vol":1,"Faqe":130,"Pronaret":"SHTET","Kufizimet":"PASURIA OKUPOHET NGA HIPOKRAT KURETA.","Siperfaqe":10148}},
{"type":"Feature","geometry":{"type":"Polygon","coordinates":[[[20.380380544924254,40.304183395859404],[20.380144434213502,40.3041484397341],[20.38016011170087,40.303737447832454],[20.380206452176722,40.303682713066834],[20.380288331224648,40.303863625917536],[20.380380544924254,40.304183395859404]]]},"properties":{"Zk_Numer":2239,"Zk_Emer":"KOSOVË-GOSNISHT","Nr_Pas":"217/15","Vol":1,"Faqe":131,"Pronaret":"SHTET","Kufizimet":"PASURIA OKUPOHET NGA NAZLLEM IBRAHIMI.","Siperfaqe":660}},
{"type":"Feature","geometry":{"type":"Polygon","coordinates":[[[20.38709490429314,40.30041860448373],[20.38686892981201,40.30052501182652],[20.386939335478875,40.30094835363229],[20.386413242698424,40.30109242831174],[20.386041640596616,40.30092553643565],[20.386057394988867,40.30072928199134],[20.386191246984474,40.30053263338936],[20.38650680540108,40.30024760320538],[20.38683064077075,40.30023103129175],[20.38709490429314,40.30041860448373]]]},"properties":{"Zk_Numer":2239,"Zk_Emer":"KOSOVË-GOSNISHT","Nr_Pas":"106/12","Vol":1,"Faqe":132,"Pronaret":"KUJTIM IBRAHIMI BAJRAM, BAJRAM IBRAHIMI KASO, GJYRXHI IBRAHIMI TEFIK, KASO IBRAHIMI BAJRAM, ILIRJAN IBRAHIMI BAJRAM, SABAJETE IBRAHIMI MUSA, ALBJON IBRAHIMI LAVDIMIR","Kufizimet":"PASURIA KUFIZOHET PËR PLOTËSIM TË DOKUMENTACIONIT TEKNIKO-LIGJOR.","Siperfaqe":5500}},
{"type":"Feature","geometry":{"type":"Polygon","coordinates":[[[20.38608367447706,40.30025194894037],[20.386055508183574,40.30011073386924],[20.386371687347623,40.30001297946811],[20.38658789905266,40.29996144567452],[20.38679618161833,40.299917051567064],[20.386921592520384,40.299893757470166],[20.386940017809238,40.300088679984555],[20.386601375543613,40.30007908479096],[20.38608367447706,40.30025194894037]]]},"properties":{"Zk_Numer":2239,"Zk_Emer":"KOSOVË-GOSNISHT","Nr_Pas":"106/1","Vol":1,"Faqe":134,"Pronaret":"MARIKA KRECI LILI, MAKSI KRECI ARQILE, ARQILE KRECI SOKRAT, MARGARITA KRECI ARQILE, SOKRAT KRECI STATHI, MARGARITË KRECI KALAM","Kufizimet":"PASURIA KUFIZOHET PËR PLOTËSIM TË DOKUMENTACIONIT TEKNIKO-LIGJOR.","Siperfaqe":1200}},
{"type":"Feature","geometry":{"type":"Polygon","coordinates":[[[20.386485530392637,40.29910952747005],[20.386525357082018,40.299257309910296],[20.386481769789285,40.29931287739478],[20.38648855575775,40.2994278245021],[20.38589268025511,40.29950023768673],[20.385639922088217,40.299069084685755],[20.385998562443707,40.2990365386593],[20.386485530392637,40.29910952747005]]]},"properties":{"Zk_Numer":2239,"Zk_Emer":"KOSOVË-GOSNISHT","Nr_Pas":"106/2","Vol":1,"Faqe":133,"Pronaret":"LIGOR LIKA NIKO, NIKO LIKA QAKO, MAGALINA LIKA KRISTO, FABJOLA LIKA NIKO","Kufizimet":"KJO PASURI KA DIFERENCË FAKT-DOKUMENT BRENDA 20% TË TOTALIT TË AMTP-SË\".\r\n\r\n","Siperfaqe":2800}},
{"type":"Feature","geometry":{"type":"Polygon","coordinates":[[[20.386049904344013,40.30005883403652],[20.385978197222265,40.29978830540586],[20.38591844944085,40.299562893922904],[20.386006100125247,40.299523526204865],[20.386489634459945,40.29946500294885],[20.386683429242446,40.29945297325855],[20.386759719693504,40.299465424050894],[20.38695874195291,40.29958060370888],[20.38707458118314,40.29967507485597],[20.386869809707726,40.299872205517396],[20.386666252515194,40.29988854658431],[20.386420506165965,40.29995174729169],[20.386049904344013,40.30005883403652]]]},"properties":{"Zk_Numer":2239,"Zk_Emer":"KOSOVË-GOSNISHT","Nr_Pas":"106/3","Vol":1,"Faqe":135,"Pronaret":"SHTET","Kufizimet":"","Siperfaqe":4300}},
{"type":"Feature","geometry":{"type":"Polygon","coordinates":[[[20.38697627725461,40.29900660971732],[20.387070887063047,40.2992390706868],[20.386928082248783,40.29951677237402],[20.386847122298473,40.29946279425672],[20.38673465498694,40.29942533173895],[20.38648855575775,40.2994278245021],[20.386481769789285,40.29931287739478],[20.386525357082018,40.299257309910296],[20.386485530392637,40.29910952747005],[20.38642890534067,40.2988994112258],[20.38674427002829,40.298925173955055],[20.38697627725461,40.29900660971732]]]},"properties":{"Zk_Numer":2239,"Zk_Emer":"KOSOVË-GOSNISHT","Nr_Pas":"106/4","Vol":1,"Faqe":136,"Pronaret":"SHTET","Kufizimet":"","Siperfaqe":2550}},
{"type":"Feature","geometry":{"type":"Polygon","coordinates":[[[20.385890497757245,40.298689134955715],[20.386061381686705,40.29873147738479],[20.38642383574925,40.298780187167914],[20.38642890534067,40.2988994112258],[20.386485530392637,40.29910952747005],[20.385998562443707,40.2990365386593],[20.385639922088217,40.299069084685755],[20.3855540404894,40.298851319858784],[20.38562937867294,40.298702030274775],[20.385890497757245,40.298689134955715]]]},"properties":{"Zk_Numer":2239,"Zk_Emer":"KOSOVË-GOSNISHT","Nr_Pas":"106/6","Vol":1,"Faqe":137,"Pronaret":"SUZANA IBRAHIMI XHELAL, BUJAR IBRAHIMI XHELAL, ALMA IBRAHIMI XHELAL, XHELAL IBRAHIMI SALI, FIKE IBRAHIMI BEKTASH","Kufizimet":"PASURIA KUFIZOHET PËR PLOTËSIM TË DOKUMENTACIONIT TEKNIKO-LIGJOR.","Siperfaqe":2700}},
{"type":"Feature","geometry":{"type":"Polygon","coordinates":[[[20.38642383574925,40.298780187167914],[20.386396272769424,40.29845508920863],[20.38643098932225,40.298333655438235],[20.38679550458028,40.29837699993005],[20.38697627725461,40.29900660971732],[20.38674427002829,40.298925173955055],[20.38642890534067,40.2988994112258],[20.38642383574925,40.298780187167914]]]},"properties":{"Zk_Numer":2239,"Zk_Emer":"KOSOVË-GOSNISHT","Nr_Pas":"106/5","Vol":1,"Faqe":138,"Pronaret":"SHTET","Kufizimet":"","Siperfaqe":2500}},
{"type":"Feature","geometry":{"type":"Polygon","coordinates":[[[20.386061381686705,40.29873147738479],[20.386135684234574,40.29819711175014],[20.386474634396386,40.29822408635315],[20.38643098932225,40.298333655438235],[20.386396272769424,40.29845508920863],[20.38642383574925,40.298780187167914],[20.386061381686705,40.29873147738479]]]},"properties":{"Zk_Numer":2239,"Zk_Emer":"KOSOVË-GOSNISHT","Nr_Pas":"106/7","Vol":1,"Faqe":139,"Pronaret":"MIHALLAQ GUDA STAVRO, VASILIKA GUDA THODHOR, STAVRO GUDA ILIA, ILIA GUDA STAVRO","Kufizimet":"","Siperfaqe":1670}},
{"type":"Feature","geometry":{"type":"Polygon","coordinates":[[[20.385820290628498,40.298256304646664],[20.385909093222207,40.29817907843666],[20.386135684234574,40.29819711175014],[20.386061381686705,40.29873147738479],[20.385890497757245,40.298689134955715],[20.385820290628498,40.298256304646664]]]},"properties":{"Zk_Numer":2239,"Zk_Emer":"KOSOVË-GOSNISHT","Nr_Pas":"106/8","Vol":1,"Faqe":140,"Pronaret":"FLORJAN JEMINI NOVRUZ, SPARTAK JEMINI NOVRUZ, ESMERALDA JEMINI NOVRUZ, NOVRUZ JEMINI SAMIT, LULJETA JEMINI XHEMAL, EVISJANA JEMINI NOVRUZ","Kufizimet":"PASURIA KUFIZOHET PËR PLOTËSIM TË DOKUMENTACIONIT TEKNIKO-LIGJOR.","Siperfaqe":1200}},
{"type":"Feature","geometry":{"type":"Polygon","coordinates":[[[20.38562937867294,40.298702030274775],[20.385524913020436,40.29843317998362],[20.385820290628498,40.298256304646664],[20.385890497757245,40.298689134955715],[20.38562937867294,40.298702030274775]]]},"properties":{"Zk_Numer":2239,"Zk_Emer":"KOSOVË-GOSNISHT","Nr_Pas":"106/9","Vol":1,"Faqe":141,"Pronaret":"PRONËSI E PASAKTËSUAR","Kufizimet":"PASURIA POSEDOHET NGA XHAFER ISLAM LAME SIPAS AMTP NR. 1988.","Siperfaqe":1000}},
{"type":"Feature","geometry":{"type":"Polygon","coordinates":[[[20.38725375084319,40.30003303426533],[20.38712252166088,40.29996323652351],[20.387002564665877,40.29979888651047],[20.387088696521115,40.29969796982704],[20.3872197429512,40.29975864563395],[20.38725375084319,40.30003303426533]]]},"properties":{"Zk_Numer":2239,"Zk_Emer":"KOSOVË-GOSNISHT","Nr_Pas":"106/10","Vol":2,"Faqe":181,"Pronaret":"MYSLIM JEMINI RIZA, TRANDAFILE JEMINI QAZIM, ENGJËLLUSHE JEMINI RIZA, HERMON JEMINI RIZA, RIZA JEMINI SAMIT, ARIAN JEMINI RIZA, ELDA JEMINI RIZA","Kufizimet":"","Siperfaqe":437}},
{"type":"Feature","geometry":{"type":"Polygon","coordinates":[[[20.3872197429512,40.29975864563395],[20.387225539581436,40.299761329525715],[20.387420459588334,40.299914552677194],[20.38758674506728,40.30004074409819],[20.38799089463891,40.300444936373985],[20.3878920621453,40.30052858451755],[20.387569665092485,40.30031855416824],[20.387418097537807,40.3001204460246],[20.38725375084319,40.30003303426533],[20.3872197429512,40.29975864563395]]]},"properties":{"Zk_Numer":2239,"Zk_Emer":"KOSOVË-GOSNISHT","Nr_Pas":"106/11","Vol":2,"Faqe":183,"Pronaret":"MBIVENDOSJE","Kufizimet":"PASURIA KUFIZOHET PËR SHKAK TË MBIVENDOSJES","Siperfaqe":1563}},
{"type":"Feature","geometry":{"type":"Polygon","coordinates":[[[20.38751031879009,40.30210304760794],[20.38719181458997,40.30228356166375],[20.386882286798492,40.30233978921471],[20.38679184387144,40.30200452956587],[20.38688075869524,40.30171582519947],[20.387233549187037,40.30149151577677],[20.3874280085032,40.30143897514328],[20.38751031879009,40.30210304760794]]]},"properties":{"Zk_Numer":2239,"Zk_Emer":"KOSOVË-GOSNISHT","Nr_Pas":"107/1","Vol":2,"Faqe":182,"Pronaret":"PRONËSI E PASAKTËSUAR","Kufizimet":"PASURIA POSEDOHET NGA POTOL ALEKO ÇEKANI SIPAS AMTP NR. 2015.","Siperfaqe":4236}},
{"type":"Feature","geometry":{"type":"Polygon","coordinates":[[[20.3874280085032,40.30143897514328],[20.387634343589884,40.3013832253694],[20.387723906285977,40.30153171595615],[20.38750608238891,40.301821361590186],[20.38751031879009,40.30210304760794],[20.3874280085032,40.30143897514328]]]},"properties":{"Zk_Numer":2239,"Zk_Emer":"KOSOVË-GOSNISHT","Nr_Pas":"107/2","Vol":2,"Faqe":184,"Pronaret":"MBIVENDOSJE","Kufizimet":"PASURIA KUFIZOHET PËR SHKAK TË MBIVENDOSJES","Siperfaqe":764}},
{"type":"Feature","geometry":{"type":"Polygon","coordinates":[[[20.38169036331715,40.302353435118064],[20.381590667818394,40.30224568491481],[20.38125597199217,40.3019519120996],[20.381527838207425,40.30183876171455],[20.38189238474089,40.30180548635155],[20.382226862082575,40.30164401870542],[20.382640392364905,40.3010944361649],[20.382768082842173,40.30123928698319],[20.382909872255816,40.30140013059681],[20.3822558431616,40.3022259183939],[20.382100128732386,40.30210626358922],[20.38169036331715,40.302353435118064]]]},"properties":{"Zk_Numer":2239,"Zk_Emer":"KOSOVË-GOSNISHT","Nr_Pas":"86/1","Vol":1,"Faqe":179,"Pronaret":"ALMA IBRAHIMI TOMOR, ERJONA IBRAHIMI TOMOR, LORENC IBRAHIMI TOMOR, TOMOR IBRAHIMI MAZLLUM, QAMILE IBRAHIMI TELE","Kufizimet":"PASURIA KUFIZOHET PËR  MUNGESË TË DOKUMENTACIONIT TEKNIKO-LIGJOR.","Siperfaqe":6700}},
{"type":"Feature","geometry":{"type":"Polygon","coordinates":[[[20.38125597199217,40.3019519120996],[20.380968907717477,40.301691745264],[20.381220379787553,40.301500209122],[20.381521982478237,40.301341384377054],[20.38179677332612,40.301243173799044],[20.382281280862145,40.300873679637334],[20.382640392364905,40.3010944361649],[20.382226862082575,40.30164401870542],[20.38189238474089,40.30180548635155],[20.381527838207425,40.30183876171455],[20.38125597199217,40.3019519120996]]]},"properties":{"Zk_Numer":2239,"Zk_Emer":"KOSOVË-GOSNISHT","Nr_Pas":"86/2","Vol":1,"Faqe":180,"Pronaret":"BUJAR ÇIPI MUSTAFA, MARIANTHI JEMINI KIÇO, ALKETA JEMINI JEMIN, LULJETA JEMINI JEMIN, JEMIN JEMINI SAMIT","Kufizimet":"PASURIA KUFIZOHET PËR PLOTËSIM TË DOKUMENTACIONIT TEKNIKO-LIGJOR.","Siperfaqe":7500}},
{"type":"Feature","geometry":{"type":"Polygon","coordinates":[[[20.382470605550335,40.300668384920286],[20.382281280862145,40.300873679637334],[20.38179677332612,40.301243173799044],[20.381568867975012,40.30095272046358],[20.381042991353446,40.30026969498945],[20.381885748811808,40.30008217613931],[20.382240116001256,40.300489538655086],[20.382470605550335,40.300668384920286]]]},"properties":{"Zk_Numer":2239,"Zk_Emer":"KOSOVË-GOSNISHT","Nr_Pas":"86/3","Vol":1,"Faqe":181,"Pronaret":"OREST IBRAHIMI KONGRES, ERMIR IBRAHIMI KONGRES, KONGRES IBRAHIMI BAJRAM, HYSNIJE IBRAHIMI MUHAREM, FATJON IBRAHIMI KONGRES","Kufizimet":"","Siperfaqe":8000}},
{"type":"Feature","geometry":{"type":"Polygon","coordinates":[[[20.38345962691055,40.301859508910226],[20.38331896721969,40.3016009172213],[20.383060343112184,40.30146031263395],[20.382909872255816,40.30140013059681],[20.382768082842173,40.30123928698319],[20.382640392364905,40.3010944361649],[20.382281280862145,40.300873679637334],[20.382470605550335,40.300668384920286],[20.382693844821194,40.3005793762315],[20.383158635943676,40.30052906498012],[20.38348937848849,40.30052336146894],[20.38385798779937,40.3005286700536],[20.383765965558272,40.30088662198172],[20.383963730132056,40.301362751713775],[20.384061472561324,40.30159806967251],[20.384093692044804,40.30170239171774],[20.384257416896514,40.301844061148],[20.38345962691055,40.301859508910226]]]},"properties":{"Zk_Numer":2239,"Zk_Emer":"KOSOVË-GOSNISHT","Nr_Pas":"86/5","Vol":1,"Faqe":183,"Pronaret":"RIZA JEMINI SAMIT, ENGJËLLUSHE JEMINI RIZA, ARIAN JEMINI RIZA, TRANDAFILE JEMINI QAZIM, HERMON JEMINI RIZA, ELDA JEMINI RIZA, MYSLIM JEMINI RIZA","Kufizimet":"","Siperfaqe":13830}},
{"type":"Feature","geometry":{"type":"Polygon","coordinates":[[[20.383846557554584,40.302182297981716],[20.38362848142413,40.302012636750156],[20.38345962691055,40.301859508910226],[20.384257416896514,40.301844061148],[20.384261544879205,40.3022191374872],[20.383846557554584,40.302182297981716]]]},"properties":{"Zk_Numer":2239,"Zk_Emer":"KOSOVË-GOSNISHT","Nr_Pas":"86/4","Vol":1,"Faqe":182,"Pronaret":"PRONËSI E PASAKTËSUAR","Kufizimet":"PASURIA POSEDOHET NGA TELI GOGO RRUSHA SIPAS AMTP NR. 2002.","Siperfaqe":2000}},
{"type":"Feature","geometry":{"type":"Polygon","coordinates":[[[20.382909872255816,40.30140013059681],[20.383060343112184,40.30146031263395],[20.38331896721969,40.3016009172213],[20.38345962691055,40.301859508910226],[20.38362848142413,40.302012636750156],[20.383846557554584,40.302182297981716],[20.383979139012933,40.30226408196515],[20.383945418908926,40.30232212637669],[20.38331932000703,40.30212546941444],[20.383119816153773,40.302114933035185],[20.38286660267256,40.302247085370006],[20.382704018486972,40.30228445283586],[20.38249922887471,40.30240030444223],[20.382290559752906,40.30250536830927],[20.38187715997568,40.302672113561066],[20.38169036331715,40.302353435118064],[20.382100128732386,40.30210626358922],[20.3822558431616,40.3022259183939],[20.382909872255816,40.30140013059681]]]},"properties":{"Zk_Numer":2239,"Zk_Emer":"KOSOVË-GOSNISHT","Nr_Pas":"86/6","Vol":1,"Faqe":184,"Pronaret":"SHTET","Kufizimet":"","Siperfaqe":9196}},
{"type":"Feature","geometry":{"type":"Polygon","coordinates":[[[20.384713421625115,40.302638208891466],[20.385148855873496,40.30236989898553],[20.385681420042587,40.30218587241312],[20.385799534757766,40.30228664847758],[20.385669334604575,40.30237120501025],[20.385579094092385,40.30242470686259],[20.385337877094084,40.30255003717639],[20.385153427178555,40.30262648755105],[20.384996714019785,40.30264424647119],[20.384713421625115,40.302638208891466]]]},"properties":{"Zk_Numer":2239,"Zk_Emer":"KOSOVË-GOSNISHT","Nr_Pas":"98/1","Vol":1,"Faqe":185,"Pronaret":"PRONËSI E PASAKTËSUAR","Kufizimet":"PASURIA POSEDOHET NGA POTOL ALEKO ÇEKANI SIPAS AMTP NR. 2015.","Siperfaqe":1800}},
{"type":"Feature","geometry":{"type":"Polygon","coordinates":[[[20.385681420042587,40.30218587241312],[20.385148855873496,40.30236989898553],[20.384713421625115,40.302638208891466],[20.384374321336015,40.30243810447513],[20.383979139012933,40.30226408196515],[20.383846557554584,40.302182297981716],[20.384261544879205,40.3022191374872],[20.384867321791557,40.30225713883214],[20.385496170062957,40.30202781535263],[20.385681420042587,40.30218587241312]]]},"properties":{"Zk_Numer":2239,"Zk_Emer":"KOSOVË-GOSNISHT","Nr_Pas":"98/2","Vol":1,"Faqe":186,"Pronaret":"PRONËSI E PASAKTËSUAR","Kufizimet":"PASURIA POSEDOHET NGA ENVER JASHAR SULEJMANI SIPAS AMTP NR.1987.","Siperfaqe":3600}},
{"type":"Feature","geometry":{"type":"Polygon","coordinates":[[[20.385496170062957,40.30202781535263],[20.384867321791557,40.30225713883214],[20.384261544879205,40.3022191374872],[20.384257416896514,40.301844061148],[20.38476466442848,40.301897307559166],[20.38522304914175,40.30204184199113],[20.385496170062957,40.30202781535263]]]},"properties":{"Zk_Numer":2239,"Zk_Emer":"KOSOVË-GOSNISHT","Nr_Pas":"98/4","Vol":1,"Faqe":188,"Pronaret":"PRONËSI E PASAKTËSUAR","Kufizimet":"PASURIA POSEDOHET NGA HALIL ESTREF PACE SIPAS AMTP NR. 2011.","Siperfaqe":2870}},
{"type":"Feature","geometry":{"type":"Polygon","coordinates":[[[20.38487984354084,40.30165922922302],[20.38476466442848,40.301897307559166],[20.384257416896514,40.301844061148],[20.384093692044804,40.30170239171774],[20.384621224532754,40.301625301714054],[20.38487984354084,40.30165922922302]]]},"properties":{"Zk_Numer":2239,"Zk_Emer":"KOSOVË-GOSNISHT","Nr_Pas":"98/3","Vol":1,"Faqe":187,"Pronaret":"REFAT PASHO METE, FATIME PASHO HYSNI, LINDITA PASHO AVDULLA","Kufizimet":"","Siperfaqe":1337}},
{"type":"Feature","geometry":{"type":"Polygon","coordinates":[[[20.386467133953996,40.301937028043945],[20.386486831497585,40.30211208754967],[20.38651693939616,40.3023459285603],[20.38629283942621,40.302312818290766],[20.386071891967894,40.30228043286981],[20.385799534757766,40.30228664847758],[20.385681420042587,40.30218587241312],[20.385496170062957,40.30202781535263],[20.385564774025273,40.30188744263481],[20.386467133953996,40.301937028043945]]]},"properties":{"Zk_Numer":2239,"Zk_Emer":"KOSOVË-GOSNISHT","Nr_Pas":"98/5","Vol":1,"Faqe":189,"Pronaret":"KAMBER PASHO METE, VALDET PASHO KAMBER, KRENAR PASHO KAMBER, ALBAN PASHO KAMBER, ARDIAN PASHO KAMBER, GRAMOZ PASHO KAMBER, LULE PASHO HYDA","Kufizimet":"PASURIA KUFIZOHET PËR PLOTËSIM TË DOKUMENTACIONIT TEKNIKO-LIGJOR.","Siperfaqe":3200}},
{"type":"Feature","geometry":{"type":"Polygon","coordinates":[[[20.385564774025273,40.30188744263481],[20.385496170062957,40.30202781535263],[20.38522304914175,40.30204184199113],[20.38476466442848,40.301897307559166],[20.38487984354084,40.30165922922302],[20.384947090615384,40.30152022688043],[20.385632576457542,40.30174870934375],[20.385564774025273,40.30188744263481]]]},"properties":{"Zk_Numer":2239,"Zk_Emer":"KOSOVË-GOSNISHT","Nr_Pas":"98/6","Vol":1,"Faqe":190,"Pronaret":"PRONËSI E PASAKTËSUAR","Kufizimet":"PASURIA POSEDOHET NGA XHAFER ISLAM LAME SIPAS AMTP NR. 1988.","Siperfaqe":2681}},
{"type":"Feature","geometry":{"type":"Polygon","coordinates":[[[20.38498467215639,40.301381023554256],[20.384947090615384,40.30152022688043],[20.38487984354084,40.30165922922302],[20.384621224532754,40.301625301714054],[20.384093692044804,40.30170239171774],[20.384061472561324,40.30159806967251],[20.383963730132056,40.301362751713775],[20.384499777750765,40.30137229007136],[20.38498467215639,40.301381023554256]]]},"properties":{"Zk_Numer":2239,"Zk_Emer":"KOSOVË-GOSNISHT","Nr_Pas":"98/7","Vol":1,"Faqe":191,"Pronaret":"MAZLLUM IBRAHIMI HYSEN, AGRON IBRAHIMI MAZLLUM, MERXHE IBRAHIMI MUHAREM","Kufizimet":"PASURIA KUFIZOHET PËR MUNGESË TË DOKUMENTACIONIT TEKNIKO-LIGJOR., PASURIA KUFIZOHET PËR PLOTËSIM TË DOKUMENTACIONIT TEKNIKO-LIGJOR.","Siperfaqe":2465}},
{"type":"Feature","geometry":{"type":"Polygon","coordinates":[[[20.386381508892747,40.30165240720617],[20.38599135681858,40.3016866380951],[20.3856474739395,40.30168443935193],[20.38569329567132,40.30148675669937],[20.38576482814692,40.301275753108335],[20.38608063254515,40.30125698984225],[20.386360083704,40.301515201365675],[20.386381508892747,40.30165240720617]]]},"properties":{"Zk_Numer":2239,"Zk_Emer":"KOSOVË-GOSNISHT","Nr_Pas":"98/8","Vol":1,"Faqe":192,"Pronaret":"MARSELA RUSTEMI BARDHUL, DONIKA RUSTEMI HASAN, BARDHL RUSTEMI SAZAN, ZYMBYLE RUSTEMI JONUZ, ROZINË RUSTEMI VASIL, SAZAN RUSTEMI ALI","Kufizimet":"PASURIA KUFIZOHET PËR PLOTËSIM TË DOKUMENTACIONIT TEKNIKO-LIGJOR.","Siperfaqe":2250}},
{"type":"Feature","geometry":{"type":"Polygon","coordinates":[[[20.385168015152356,40.30101764454484],[20.38576482814692,40.301275753108335],[20.38569329567132,40.30148675669937],[20.3856474739395,40.30168443935193],[20.385632576457542,40.30174870934375],[20.384947090615384,40.30152022688043],[20.38498467215639,40.301381023554256],[20.3850411128635,40.30126916061323],[20.385168015152356,40.30101764454484]]]},"properties":{"Zk_Numer":2239,"Zk_Emer":"KOSOVË-GOSNISHT","Nr_Pas":"98/9","Vol":1,"Faqe":193,"Pronaret":"SHTET","Kufizimet":"PASURIA OKUPOHET NGA DHIONIS KOSTA TATAMI (DEKLARATË PËR HEQJE DORE)","Siperfaqe":3386}},
{"type":"Feature","geometry":{"type":"Polygon","coordinates":[[[20.385417887399832,40.30082593224984],[20.385553878373102,40.30084157781336],[20.38579762808905,40.30097979497232],[20.38608063254515,40.30125698984225],[20.38576482814692,40.301275753108335],[20.385168015152356,40.30101764454484],[20.384712967331552,40.30108703027041],[20.384642425181383,40.30084668631543],[20.38494717734186,40.300792217470196],[20.385247504768834,40.30080632974011],[20.385417887399832,40.30082593224984]]]},"properties":{"Zk_Numer":2239,"Zk_Emer":"KOSOVË-GOSNISHT","Nr_Pas":"98/10","Vol":1,"Faqe":194,"Pronaret":"KOSTANDIN BEÇI GJERGJI, SOTIRAQ BEÇI GJERGJI, DONIKË BEÇI QAKO, GJERGJI BEÇI PEÇI, KOSTANDINE BEÇI LLUKAM, PEÇI BEÇI SOTIR, TEUTA BEÇI PEÇI","Kufizimet":"PASURIA KUFIZOHET PËR PLOTËSIM TË DOKUMENTACIONIT TEKNIKO-LIGJOR.","Siperfaqe":3310}},
{"type":"Feature","geometry":{"type":"Polygon","coordinates":[[[20.384975579022495,40.300198026633936],[20.38522443238184,40.30028085828943],[20.385429658437488,40.30036928142722],[20.385417887399832,40.30082593224984],[20.385247504768834,40.30080632974011],[20.38494717734186,40.300792217470196],[20.384975579022495,40.300198026633936]]]},"properties":{"Zk_Numer":2239,"Zk_Emer":"KOSOVË-GOSNISHT","Nr_Pas":"98/11","Vol":1,"Faqe":195,"Pronaret":"PRONËSI E PASAKTËSUAR","Kufizimet":"PASURIA POSEDOHET NGA ENVER JASHAR SULEJMANI SIPAS AMTP NR.1987.","Siperfaqe":2320}},
{"type":"Feature","geometry":{"type":"Polygon","coordinates":[[[20.38579762808905,40.30097979497232],[20.385553878373102,40.30084157781336],[20.385417887399832,40.30082593224984],[20.385429658437488,40.30036928142722],[20.385539708438536,40.300416697023934],[20.3857232051284,40.30056394018512],[20.38579762808905,40.30097979497232]]]},"properties":{"Zk_Numer":2239,"Zk_Emer":"KOSOVË-GOSNISHT","Nr_Pas":"98/12","Vol":1,"Faqe":196,"Pronaret":"VALDET PASHO KAMBER, ARDIAN PASHO KAMBER, ALBAN PASHO KAMBER, KRENAR PASHO KAMBER, KAMBER PASHO METE, LULE PASHO HYDA, GRAMOZ PASHO KAMBER","Kufizimet":"PASURIA KUFIZOHET PËR PLOTËSIM TË DOKUMENTACIONIT TEKNIKO-LIGJOR.","Siperfaqe":1300}},
{"type":"Feature","geometry":{"type":"Polygon","coordinates":[[[20.384975579022495,40.300198026633936],[20.38494717734186,40.300792217470196],[20.384642425181383,40.30084668631543],[20.38448559288502,40.30036123896876],[20.384348881413228,40.30042206709196],[20.384126080961558,40.300146760837436],[20.384511803459514,40.300116655826685],[20.384633117457785,40.30012413040714],[20.38478093342188,40.30013323769233],[20.384975579022495,40.300198026633936]]]},"properties":{"Zk_Numer":2239,"Zk_Emer":"KOSOVË-GOSNISHT","Nr_Pas":"98/13","Vol":1,"Faqe":197,"Pronaret":"BARDHA SULEJMANI DULE, ENKELEDA SULEJMANI AGIM, AGIM KANE JAUP, KLODJAN SULEJMANI AGIM, DORJAN SULEJMANI AGIM","Kufizimet":"PASURIA KUFIZOHET PËR PLOTËSIM TË DOKUMENTACIONIT TEKNIKO-LIGJOR.","Siperfaqe":3387}},
{"type":"Feature","geometry":{"type":"Polygon","coordinates":[[[20.384975579022495,40.300198026633936],[20.38478093342188,40.30013323769233],[20.384633117457785,40.30012413040714],[20.38460295299902,40.299663940699176],[20.385085812803336,40.29970614151309],[20.38532909200152,40.299793902104575],[20.384975579022495,40.300198026633936]]]},"properties":{"Zk_Numer":2239,"Zk_Emer":"KOSOVË-GOSNISHT","Nr_Pas":"98/14","Vol":1,"Faqe":198,"Pronaret":"ERJONA IBRAHIMI TOMOR, ALMA IBRAHIMI TOMOR, QAMILE IBRAHIMI TELE, TOMOR IBRAHIMI MAZLLUM, LORENC IBRAHIMI TOMOR","Kufizimet":"PASURIA KUFIZOHET PËR  MUNGESË TË DOKUMENTACIONIT TEKNIKO-LIGJOR.","Siperfaqe":2450}},
{"type":"Feature","geometry":{"type":"Polygon","coordinates":[[[20.383688158401593,40.30010008976322],[20.38435824427575,40.299737571708384],[20.38444392938025,40.29970916304086],[20.38460295299902,40.299663940699176],[20.384633117457785,40.30012413040714],[20.384511803459514,40.300116655826685],[20.384126080961558,40.300146760837436],[20.38381814407895,40.300372406663755],[20.383688158401593,40.30010008976322]]]},"properties":{"Zk_Numer":2239,"Zk_Emer":"KOSOVË-GOSNISHT","Nr_Pas":"98/15","Vol":1,"Faqe":199,"Pronaret":"ASAN PAÇE ESTREF, SOKOL PAÇE ASAN, THËLLËZA PAÇE ASAN, NEBAHETE PAÇE NAZAR, SAIMIR PAÇE ASAN, MIMOZA PAÇE ASAN","Kufizimet":"","Siperfaqe":2900}},
{"type":"Feature","geometry":{"type":"Polygon","coordinates":[[[20.383688158401593,40.30010008976322],[20.383725182389078,40.29983888554585],[20.38367736991539,40.29968323801874],[20.384041472176634,40.29959992433636],[20.384357911839707,40.299451451743664],[20.384383173139813,40.29952713561865],[20.38444392938025,40.29970916304086],[20.38435824427575,40.299737571708384],[20.383688158401593,40.30010008976322]]]},"properties":{"Zk_Numer":2239,"Zk_Emer":"KOSOVË-GOSNISHT","Nr_Pas":"98/16","Vol":1,"Faqe":200,"Pronaret":"ALEKSANDRA RANGA PANAJOT, PANAJOT RANGA APOSTOLL, ATHINA RANGA VAJO, NIKOLLA RANGA APOSTOLL, ATHINA RANGA DHIMITRI, KRISTAQ RANGA NIKOLLA, AGRON RANGA PANAJOT, ELSA RANGA NIKOLLA, ANASTASIA RANGA NIKOLLA","Kufizimet":"PASURIA KUFIZOHET PËR PLOTËSIM TË DOKUMENTACIONIT TEKNIKO-LIGJOR.","Siperfaqe":2155}},
{"type":"Feature","geometry":{"type":"Polygon","coordinates":[[[20.385299713625223,40.299337445595995],[20.3853811760649,40.299374279721455],[20.38549074884309,40.29952428114817],[20.385713745669875,40.299852052725555],[20.385550143367034,40.29995232822086],[20.38532909200152,40.299793902104575],[20.385085812803336,40.29970614151309],[20.385093702397377,40.299511554396894],[20.385299713625223,40.299337445595995]]]},"properties":{"Zk_Numer":2239,"Zk_Emer":"KOSOVË-GOSNISHT","Nr_Pas":"98/17","Vol":1,"Faqe":201,"Pronaret":"HYSNIJE IBRAHIMI MUHAREM, OREST IBRAHIMI KONGRES, ERMIR IBRAHIMI KONGRES, FATJON IBRAHIMI KONGRES, KONGRES IBRAHIMI BAJRAM","Kufizimet":"","Siperfaqe":1880}},
{"type":"Feature","geometry":{"type":"Polygon","coordinates":[[[20.38546628450305,40.29918314333921],[20.38545204301521,40.29933326935093],[20.385343681317536,40.299317265906126],[20.385306192069198,40.29931172926462],[20.385032909061998,40.29927136876362],[20.384596051861134,40.299236406626804],[20.384248261348997,40.299215396480754],[20.384180302680566,40.2990023527454],[20.384747882457216,40.29910915418139],[20.38546628450305,40.29918314333921]]]},"properties":{"Zk_Numer":2239,"Zk_Emer":"KOSOVË-GOSNISHT","Nr_Pas":"98/18","Vol":1,"Faqe":202,"Pronaret":"SOTIRAQ BEÇI GJERGJI, KOSTANDIN BEÇI GJERGJI, TEUTA BEÇI PEÇI, GJERGJI BEÇI PEÇI, KOSTANDINE BEÇI LLUKAN, PEÇI BEÇI SOTIR, DONIKË BEÇI QAKO","Kufizimet":"PASURIA KUFIZOHET PËR PLOTËSIM TË DOKUMENTACIONIT TEKNIKO-LIGJOR.","Siperfaqe":1800}},
{"type":"Feature","geometry":{"type":"Polygon","coordinates":[[[20.38444392938025,40.29970916304086],[20.384383173139813,40.29952713561865],[20.384357911839707,40.299451451743664],[20.384041472176634,40.29959992433636],[20.38367736991539,40.29968323801874],[20.383692849046675,40.29933937848279],[20.383942065868805,40.29923066241777],[20.384248261348997,40.299215396480754],[20.384596051861134,40.299236406626804],[20.385032909061998,40.29927136876362],[20.385306192069198,40.29931172926462],[20.385299713625223,40.299337445595995],[20.385093702397377,40.299511554396894],[20.385085812803336,40.29970614151309],[20.38460295299902,40.299663940699176],[20.38444392938025,40.29970916304086]]]},"properties":{"Zk_Numer":2239,"Zk_Emer":"KOSOVË-GOSNISHT","Nr_Pas":"98/19","Vol":1,"Faqe":203,"Pronaret":"SHTET","Kufizimet":"","Siperfaqe":5360}},
{"type":"Feature","geometry":{"type":"Polygon","coordinates":[[[20.376977452503045,40.28195873797514],[20.37699756130135,40.28167095919113],[20.377114679863535,40.281636333686585],[20.37737357964816,40.28159338810725],[20.377517372365656,40.281575641593854],[20.377646142607627,40.28155941678239],[20.377847876650478,40.28151292646031],[20.378000642467832,40.28145057474138],[20.37810280279182,40.28142385572028],[20.37809075081801,40.28146266623215],[20.378057847125042,40.2814913421466],[20.37797804837892,40.281536648918696],[20.37791274904937,40.28158950965106],[20.37786601285733,40.28163064983556],[20.377841793530184,40.28168664133319],[20.3778683965188,40.2817714433549],[20.37786722414114,40.28184870914936],[20.377858503430183,40.28188214326837],[20.376977452503045,40.28195873797514]]]},"properties":{"Zk_Numer":2239,"Zk_Emer":"KOSOVË-GOSNISHT","Nr_Pas":"186/4","Vol":1,"Faqe":204,"Pronaret":"SHTET","Kufizimet":"","Siperfaqe":2905}},
{"type":"Feature","geometry":{"type":"Polygon","coordinates":[[[20.37819511996355,40.283560967715424],[20.37864961058262,40.2835689111992],[20.37855566900042,40.28367417790649],[20.378525881209985,40.283820565100626],[20.378529896022275,40.28409001122809],[20.3785026912408,40.2840847958535],[20.378502845003254,40.28416296502726],[20.37830337801899,40.28417667565738],[20.378265349878646,40.284063419671696],[20.378226487010973,40.2840299927906],[20.378176833206066,40.28398867360145],[20.378127782667537,40.28392587442283],[20.378126207915415,40.28385704945461],[20.37815420540473,40.28369535033426],[20.37819511996355,40.283560967715424]]]},"properties":{"Zk_Numer":2239,"Zk_Emer":"KOSOVË-GOSNISHT","Nr_Pas":"160/10","Vol":1,"Faqe":205,"Pronaret":"SHTET","Kufizimet":"PASURIA OKUPOHET NGA NEKI HABIB JASHARI","Siperfaqe":2050}},
{"type":"Feature","geometry":{"type":"Polygon","coordinates":[[[20.377580508315898,40.282815299482365],[20.37762872932436,40.28271966904455],[20.37782650226432,40.282492428284755],[20.377928899761862,40.28268210590601],[20.377993535176053,40.28275604615333],[20.37824739122665,40.282898581328745],[20.378490632808916,40.283050614738286],[20.378656973896902,40.28314864333724],[20.378698332403037,40.28319032597516],[20.378705745456113,40.28344803567205],[20.37864961058262,40.2835689111992],[20.37819511996355,40.283560967715424],[20.37819154597188,40.28343848670801],[20.37819841042753,40.2832974503274],[20.37819907414244,40.28316924143057],[20.37797178057086,40.28301890586547],[20.377931452259645,40.28305919545419],[20.377580508315898,40.282815299482365]]]},"properties":{"Zk_Numer":2239,"Zk_Emer":"KOSOVË-GOSNISHT","Nr_Pas":"160/11","Vol":1,"Faqe":206,"Pronaret":"SHTET","Kufizimet":"","Siperfaqe":4334}},
{"type":"Feature","geometry":{"type":"Polygon","coordinates":[[[20.372603059253027,40.28413180414969],[20.372421785906482,40.28404888319861],[20.372384986255692,40.28373922655295],[20.372788576684922,40.28362076337549],[20.373347827231242,40.28310799594771],[20.374149681571694,40.28258210934682],[20.374179056804035,40.282636631985206],[20.374163524122096,40.28299819992042],[20.37425817236732,40.28310414530451],[20.37448603741159,40.28328624619007],[20.372603059253027,40.28413180414969]]]},"properties":{"Zk_Numer":2239,"Zk_Emer":"KOSOVË-GOSNISHT","Nr_Pas":"188/3","Vol":1,"Faqe":207,"Pronaret":"SHTET","Kufizimet":"","Siperfaqe":11058}},
{"type":"Feature","geometry":{"type":"Polygon","coordinates":[[[20.377914042565276,40.28144350778517],[20.378198077054222,40.28093505142065],[20.37959098434628,40.281013246987754],[20.379213610774993,40.28183035996631],[20.37917280269887,40.281704758546844],[20.379132723948775,40.28161886188491],[20.37907256295575,40.28153647164643],[20.378998469992244,40.281493712723055],[20.378965704536743,40.28148354772061],[20.378886210275542,40.28147000372189],[20.378847561438413,40.28147015780833],[20.378731614925368,40.2814706199902],[20.378639640563332,40.28146943563504],[20.378529389472288,40.281455088913724],[20.378382699049443,40.28141739726963],[20.37821678221166,40.28138611384961],[20.37813963469988,40.28138092713105],[20.378071309318077,40.28138366646488],[20.378023404985075,40.28139397847586],[20.377914042565276,40.28144350778517]]]},"properties":{"Zk_Numer":2239,"Zk_Emer":"KOSOVË-GOSNISHT","Nr_Pas":"163/4","Vol":1,"Faqe":208,"Pronaret":"SHTET","Kufizimet":"","Siperfaqe":7024}},
{"type":"Feature","geometry":{"type":"Polygon","coordinates":[[[20.379427379418164,40.284404247259076],[20.379321415253663,40.284439952150265],[20.379040321997916,40.28445493874675],[20.37886477049907,40.28449993726731],[20.37876960062861,40.28437927411146],[20.37870465352226,40.28427993852926],[20.378583822049986,40.28404360368034],[20.378584396087206,40.283943814122765],[20.378868027802877,40.28396463861678],[20.378925845195855,40.28410789898706],[20.379001925733355,40.284296410933116],[20.379427379418164,40.284404247259076]]]},"properties":{"Zk_Numer":2239,"Zk_Emer":"KOSOVË-GOSNISHT","Nr_Pas":"160/12","Vol":1,"Faqe":209,"Pronaret":"SHTET","Kufizimet":"PASURIA OKUPOHET NGA AVNI JAKUPI","Siperfaqe":1733}},
{"type":"Feature","geometry":{"type":"Polygon","coordinates":[[[20.379427379418164,40.284404247259076],[20.37949301078355,40.28430857821699],[20.379619931516128,40.284231941291246],[20.37984381955333,40.28409316612351],[20.37985920587684,40.28410547010019],[20.37968234316935,40.28422285022658],[20.379556282254345,40.284323328200266],[20.37949344226589,40.284393490129695],[20.379462112829884,40.28442051967988],[20.379416509394463,40.28444186596486],[20.379326280518843,40.28446236156261],[20.37927707198624,40.28446489484741],[20.37918602716849,40.28446595320026],[20.379131889872703,40.28447561140534],[20.378915418246386,40.28456429966939],[20.3788869506612,40.28452812350457],[20.37886477049907,40.28449993726731],[20.379040321997916,40.28445493874675],[20.379321415253663,40.284439952150265],[20.379427379418164,40.284404247259076]]]},"properties":{"Zk_Numer":2239,"Zk_Emer":"KOSOVË-GOSNISHT","Nr_Pas":"160/13","Vol":1,"Faqe":210,"Pronaret":"SHTET","Kufizimet":"","Siperfaqe":372}},
{"type":"Feature","geometry":{"type":"Polygon","coordinates":[[[20.378915418246386,40.28456429966939],[20.379131889872703,40.28447561140534],[20.37918602716849,40.28446595320026],[20.37927707198624,40.28446489484741],[20.379326280518843,40.28446236156261],[20.379416509394463,40.28444186596486],[20.379462112829884,40.28442051967988],[20.37949344226589,40.284393490129695],[20.379556282254345,40.284323328200266],[20.37968234316935,40.28422285022658],[20.37985920587684,40.28410547010019],[20.379882388885825,40.28412400883759],[20.379886565642522,40.28413241021102],[20.379890543397963,40.284145217204994],[20.379705899854184,40.28427611920569],[20.379598910261866,40.284381007835],[20.379530904390364,40.284442528819305],[20.379455981489183,40.28448306679885],[20.379339192043307,40.28450654784393],[20.37918913449223,40.284524986232356],[20.37912172588158,40.28453846226035],[20.37893620741115,40.28459906596771],[20.378933577394136,40.284587376008076],[20.378915418246386,40.28456429966939]]]},"properties":{"Zk_Numer":2239,"Zk_Emer":"KOSOVË-GOSNISHT","Nr_Pas":"160/14","Vol":1,"Faqe":211,"Pronaret":"SHTET","Kufizimet":"","Siperfaqe":558}},
{"type":"Feature","geometry":{"type":"Polygon","coordinates":[[[20.379894627500416,40.284172777345816],[20.379734525095543,40.2842772410158],[20.379576212411987,40.28444637738584],[20.379512061614317,40.2844995776848],[20.37915769553663,40.28457948919337],[20.378952933770517,40.28461856449865],[20.37892214462357,40.28463111092891],[20.378932109289035,40.28461510479081],[20.37893620741115,40.28459906596771],[20.37912172588158,40.28453846226035],[20.37918913449223,40.284524986232356],[20.379339192043307,40.28450654784393],[20.379455981489183,40.28448306679885],[20.379530904390364,40.284442528819305],[20.379598910261866,40.284381007835],[20.379705899854184,40.28427611920569],[20.379890543397963,40.284145217204994],[20.379894627500416,40.284172777345816]]]},"properties":{"Zk_Numer":2239,"Zk_Emer":"KOSOVË-GOSNISHT","Nr_Pas":"170/2","Vol":1,"Faqe":212,"Pronaret":"SHTET","Kufizimet":"","Siperfaqe":322}},
{"type":"Feature","geometry":{"type":"Polygon","coordinates":[[[20.378234795984348,40.28285456374982],[20.378050925445713,40.28275118086521],[20.37797362037766,40.282680800829354],[20.37794516230427,40.28259252247821],[20.377874944161448,40.28246725960661],[20.378047347397562,40.28240678723264],[20.378188923825462,40.28237894588921],[20.37854777481207,40.282381497130636],[20.378589202718906,40.28271859661588],[20.378504473968647,40.282727875055166],[20.378420655742023,40.28274708694724],[20.37833417622508,40.28279152425799],[20.378234795984348,40.28285456374982]],[[20.378284841443033,40.282760029658085],[20.378459370341183,40.28270428888408],[20.37838005258717,40.282547638134815],[20.378205524024793,40.28260337878916],[20.378284841443033,40.282760029658085]]]},"properties":{"Zk_Numer":2239,"Zk_Emer":"KOSOVË-GOSNISHT","Nr_Pas":"160/15","Vol":1,"Faqe":213,"Pronaret":"SHTET","Kufizimet":"PASURIA OKUPOHET NGA BRAHIM BEQIRI","Siperfaqe":1962}},
{"type":"Feature","geometry":{"type":"Polygon","coordinates":[[[20.37854777481207,40.282381497130636],[20.379225138198585,40.28239336286075],[20.379211303231628,40.28242235309849],[20.37903902356403,40.28252896981795],[20.37896740887702,40.28258914886022],[20.378929255023778,40.28274669411836],[20.378870644878624,40.28274034845208],[20.3789139753603,40.28258303629635],[20.37874287801986,40.282553745917255],[20.378667904126246,40.28272403791644],[20.378589202718906,40.28271859661588],[20.37854777481207,40.282381497130636]]]},"properties":{"Zk_Numer":2239,"Zk_Emer":"KOSOVË-GOSNISHT","Nr_Pas":"160/16","Vol":1,"Faqe":214,"Pronaret":"SHTET","Kufizimet":"PASURIA OKUPOHET NGA BASHKIM BEQIRI","Siperfaqe":1230}},
{"type":"Feature","geometry":{"type":"Polygon","coordinates":[[[20.378234795984348,40.28285456374982],[20.37833417622508,40.28279152425799],[20.378420655742023,40.28274708694724],[20.378504473968647,40.282727875055166],[20.378589202718906,40.28271859661588],[20.378667904126246,40.28272403791644],[20.37881203474421,40.28273400275607],[20.378870644878624,40.28274034845208],[20.378929255023778,40.28274669411836],[20.37892775596643,40.28278418038399],[20.378612415403538,40.28275297020794],[20.37849457277663,40.2827601623697],[20.378386679383507,40.282799321867984],[20.378269855526934,40.282874470129315],[20.378234795984348,40.28285456374982]]]},"properties":{"Zk_Numer":2239,"Zk_Emer":"KOSOVË-GOSNISHT","Nr_Pas":"160/17","Vol":1,"Faqe":215,"Pronaret":"SHTET","Kufizimet":"","Siperfaqe":234}},
{"type":"Feature","geometry":{"type":"Polygon","coordinates":[[[20.37886635439309,40.28458868752505],[20.378804127953725,40.28449048422784],[20.378743132828124,40.284391834442346],[20.378688310066764,40.28431316717936],[20.378643595241176,40.2843265675609],[20.378565168495953,40.28417322119888],[20.378294780892396,40.28419124800823],[20.37829930507702,40.28424806203052],[20.378305587803997,40.28433260252544],[20.37833185672565,40.28442305116624],[20.378422461890676,40.2846127486015],[20.378357308892234,40.284619868157534],[20.37838748085471,40.28467383947839],[20.378353023895798,40.28467517860099],[20.378330720865012,40.28462640409501],[20.37832229002976,40.284554800145266],[20.37831092626111,40.28446548481414],[20.378281895257153,40.284328570977586],[20.378270558625413,40.284187500250766],[20.378242517873954,40.284070468061785],[20.378163431554892,40.284010247493896],[20.37810340002707,40.28393271647392],[20.378097403516517,40.28384941070623],[20.378116663633577,40.283691913481654],[20.37815843602035,40.28355738280621],[20.37816129408356,40.28346859364546],[20.37819154597188,40.28343848670801],[20.37819511996355,40.283560967715424],[20.37815420540473,40.28369535033426],[20.378126207915415,40.28385704945461],[20.378127782667537,40.28392587442283],[20.378176833206066,40.28398867360145],[20.378226487010973,40.2840299927906],[20.378265349878646,40.284063419671696],[20.37830337801899,40.28417667565738],[20.378502845003254,40.28416296502726],[20.3785026912408,40.2840847958535],[20.378529896022275,40.28409001122809],[20.378525881209985,40.283820565100626],[20.37855566900042,40.28367417790649],[20.37864961058262,40.2835689111992],[20.378705745456113,40.28344803567205],[20.378698332403037,40.28319032597516],[20.378656973896902,40.28314864333724],[20.378490632808916,40.283050614738286],[20.37824739122665,40.282898581328745],[20.377993535176053,40.28275604615333],[20.377928899761862,40.28268210590601],[20.37782650226432,40.282492428284755],[20.37781047260507,40.282425763181806],[20.37779449951689,40.2822008708079],[20.377819128608504,40.28203162451506],[20.377858503430183,40.28188214326837],[20.37786722414114,40.28184870914936],[20.3778683965188,40.2817714433549],[20.377841793530184,40.28168664133319],[20.37786601285733,40.28163064983556],[20.37791274904937,40.28158950965106],[20.37797804837892,40.281536648918696],[20.378057847125042,40.2814913421466],[20.37809075081801,40.28146266623215],[20.37810280279182,40.28142385572028],[20.378162330044375,40.281429314044615],[20.378123653270272,40.28149642515869],[20.37804044830394,40.28154719325892],[20.377915912784513,40.281637229746636],[20.377889971427074,40.28166631306393],[20.37788734310005,40.28168867248826],[20.37791006811558,40.28173056147425],[20.377910004747477,40.28184961843959],[20.377874390943983,40.28195914289929],[20.377852792234698,40.28208349442996],[20.377831836213648,40.28220026778208],[20.37785888284581,40.28240326862381],[20.377860178254558,40.28240842975478],[20.377874944161448,40.28246725960661],[20.37794516230427,40.28259252247821],[20.37797362037766,40.282680800829354],[20.378050925445713,40.28275118086521],[20.378234795984348,40.28285456374982],[20.378269855526934,40.282874470129315],[20.37869906147895,40.28313193515298],[20.378718995444828,40.28315477466812],[20.378742893337673,40.283184548061726],[20.378744828870715,40.28336944637979],[20.378739458357295,40.283607537265205],[20.37868668857689,40.28360219847991],[20.37862029829996,40.28368478209429],[20.37859614728144,40.28372526079655],[20.378581304904188,40.283792311944545],[20.37857699742548,40.28392235968015],[20.378584396087206,40.283943814122765],[20.378583822049986,40.28404360368034],[20.37870465352226,40.28427993852926],[20.37876960062861,40.28437927411146],[20.37886477049907,40.28449993726731],[20.3788869506612,40.28452812350457],[20.378915418246386,40.28456429966939],[20.378933577394136,40.284587376008076],[20.37893620741115,40.28459906596771],[20.378932109289035,40.28461510479081],[20.37892214462357,40.28463111092891],[20.37886586466244,40.28465404471097],[20.378878086609895,40.28462136098794],[20.37887610100828,40.28460665325834],[20.37886635439309,40.28458868752505]]]},"properties":{"Zk_Numer":2239,"Zk_Emer":"KOSOVË-GOSNISHT","Nr_Pas":"160/18","Vol":1,"Faqe":216,"Pronaret":"SHTET","Kufizimet":"","Siperfaqe":2187}},
{"type":"Feature","geometry":{"type":"Polygon","coordinates":[[[20.37838748085471,40.28467383947839],[20.378357308892234,40.284619868157534],[20.378422461890676,40.2846127486015],[20.37833185672565,40.28442305116624],[20.378305587803997,40.28433260252544],[20.37829930507702,40.28424806203052],[20.378294780892396,40.28419124800823],[20.378565168495953,40.28417322119888],[20.378643595241176,40.2843265675609],[20.378688310066764,40.28431316717936],[20.378743132828124,40.284391834442346],[20.378804127953725,40.28449048422784],[20.37886635439309,40.28458868752505],[20.378563592135954,40.28467460703603],[20.378454515459698,40.284682102010976],[20.37838748085471,40.28467383947839]],[[20.378540008724162,40.28424176587684],[20.37838052262058,40.28429013780858],[20.3784705079887,40.28446503945658],[20.378625393819977,40.28441826503988],[20.378540008724162,40.28424176587684]]]},"properties":{"Zk_Numer":2239,"Zk_Emer":"KOSOVË-GOSNISHT","Nr_Pas":"160/19","Vol":1,"Faqe":217,"Pronaret":"SHTET","Kufizimet":"MBI KËTË PASURI KA 1 NDËRTIM TË PALIGJSHËM","Siperfaqe":1463}},
{"type":"Feature","geometry":{"type":"Polygon","coordinates":[[[20.374199790676105,40.28469850857547],[20.374411085444326,40.28470536821047],[20.37479176934233,40.28482102128954],[20.375243705617716,40.28504113196743],[20.37538014582902,40.28509640082896],[20.375592280239392,40.28511304336763],[20.375786622802657,40.28509628505763],[20.375973159530528,40.28502311658791],[20.37610859685338,40.28498007388412],[20.376232343881576,40.28494339032582],[20.376367920062712,40.28491693262744],[20.376464095618015,40.28491610140611],[20.376579362246247,40.284938013376525],[20.376644119588818,40.284944552104704],[20.37679908590349,40.28490499967975],[20.37692321250355,40.2848361544412],[20.377505695834156,40.28463919941221],[20.377599389822453,40.28463212597811],[20.377703724934737,40.28463043170306],[20.37779764515076,40.284623409417975],[20.37786320843615,40.28464620616675],[20.377936929872224,40.28470484586314],[20.37799395949758,40.28478316678522],[20.378057743237594,40.28480393863089],[20.378358871963933,40.28472972766807],[20.378563592135954,40.28467460703603],[20.37886635439309,40.28458868752505],[20.37887610100828,40.28460665325834],[20.378878086609895,40.28462136098794],[20.37886586466244,40.28465404471097],[20.378718870687774,40.284713943764515],[20.37838379189977,40.284832230979084],[20.378080529675643,40.284875719752065],[20.378006171678706,40.2848780942251],[20.377944900571595,40.28483698145473],[20.377876224776685,40.28476054050618],[20.37777084545102,40.28469658772232],[20.377524950194786,40.28471759499897],[20.377296192641992,40.2847790862593],[20.37698173394161,40.28490718034361],[20.376690323500757,40.285010263836575],[20.376659303857966,40.28507833206267],[20.3765656982857,40.285078862560376],[20.376217121158255,40.28506812238823],[20.37609700423704,40.285103831120054],[20.375974013212346,40.28515716660376],[20.37590106245578,40.28518880185059],[20.375719466081197,40.28523722997994],[20.37553536998986,40.28524478599231],[20.375326027294552,40.28520893409078],[20.375098748069032,40.28512676376494],[20.37493374428613,40.28502815361828],[20.374773798290175,40.2849493876197],[20.374446623127184,40.28489493633369],[20.374400991786565,40.28482427467084],[20.374199790676105,40.28469850857547]]]},"properties":{"Zk_Numer":2239,"Zk_Emer":"KOSOVË-GOSNISHT","Nr_Pas":"167/6","Vol":1,"Faqe":218,"Pronaret":"SHTET","Kufizimet":"","Siperfaqe":4885}},
{"type":"Feature","geometry":{"type":"Polygon","coordinates":[[[20.394986516936676,40.300797871535806],[20.39518969753462,40.3009653377256],[20.39508318170365,40.301052118464256],[20.394924907108702,40.300926494282656],[20.394986516936676,40.300797871535806]]]},"properties":{"Zk_Numer":2239,"Zk_Emer":"KOSOVË-GOSNISHT","Nr_Pas":"119/21","Vol":2,"Faqe":2,"Pronaret":"SHTET","Kufizimet":"PASURIA POSEDOHET NGA POTOL ALEKO ÇEKANI SIPAS AMTP NR. 2015.","Siperfaqe":300}},
{"type":"Feature","geometry":{"type":"Polygon","coordinates":[[[20.39492061618601,40.300967850191476],[20.394924907108702,40.300926494282656],[20.39508318170365,40.301052118464256],[20.39518969753462,40.3009653377256],[20.394986516936676,40.300797871535806],[20.395249121677058,40.30092220028926],[20.39534337172509,40.30095430412128],[20.395203990240784,40.30124251391629],[20.395120403387676,40.301213771638515],[20.394899613884427,40.30117026964864],[20.39492061618601,40.300967850191476]]]},"properties":{"Zk_Numer":2239,"Zk_Emer":"KOSOVË-GOSNISHT","Nr_Pas":"119/22","Vol":2,"Faqe":3,"Pronaret":"PRONËSI E PASAKTËSUAR","Kufizimet":"PASURIA POSEDOHET NGA POTOL ALEKO ÇEKANI SIPAS AMTP NR. 2015.","Siperfaqe":880}},
{"type":"Feature","geometry":{"type":"Polygon","coordinates":[[[20.39431312375366,40.30028321459614],[20.394381734089155,40.300428862176524],[20.394603710910687,40.300457450917484],[20.39462335382172,40.30067248799],[20.394414489921132,40.30060671284192],[20.394109249125272,40.300604175737455],[20.394037591439144,40.30041766145651],[20.39417818515772,40.30033043481762],[20.39431312375366,40.30028321459614]]]},"properties":{"Zk_Numer":2239,"Zk_Emer":"KOSOVË-GOSNISHT","Nr_Pas":"119/23","Vol":2,"Faqe":4,"Pronaret":"PRONËSI E PASAKTËSUAR","Kufizimet":"PASURIA POSEDOHET NGA POTOL ALEKO ÇEKANI SIPAS AMTP NR. 2015.","Siperfaqe":1200}},
{"type":"Feature","geometry":{"type":"Polygon","coordinates":[[[20.395648496764654,40.300788707750954],[20.395630932214644,40.300890555303454],[20.395580834639908,40.30101344740357],[20.395466322215047,40.30117385064167],[20.395372113086776,40.301303443907415],[20.395203990240784,40.30124251391629],[20.39534337172509,40.30095430412128],[20.395249121677058,40.30092220028926],[20.395297780555257,40.30070845231252],[20.395648496764654,40.300788707750954]]]},"properties":{"Zk_Numer":2239,"Zk_Emer":"KOSOVË-GOSNISHT","Nr_Pas":"119/24","Vol":2,"Faqe":5,"Pronaret":"SHTET","Kufizimet":"PASURIA OKUPOHET NGA POTOL ALEKO ÇEKANI","Siperfaqe":1430}},
{"type":"Feature","geometry":{"type":"Polygon","coordinates":[[[20.394924907108702,40.300926494282656],[20.39492061618601,40.300967850191476],[20.39473789320404,40.30089135440178],[20.394787715830404,40.300812804211816],[20.394836674088744,40.30073561658387],[20.394986516936676,40.300797871535806],[20.394924907108702,40.300926494282656]]]},"properties":{"Zk_Numer":2239,"Zk_Emer":"KOSOVË-GOSNISHT","Nr_Pas":"119/25","Vol":2,"Faqe":6,"Pronaret":"SHTET","Kufizimet":"PASURIA POSEDOHET NGA XHAFER ISLAM LAME SIPAS AMTP NR. 1988","Siperfaqe":300}},
{"type":"Feature","geometry":{"type":"Polygon","coordinates":[[[20.394899613884427,40.30117026964864],[20.394654385576626,40.301012199362006],[20.394629701641374,40.30074197924426],[20.394787715830404,40.300812804211816],[20.39473789320404,40.30089135440178],[20.39492061618601,40.300967850191476],[20.394899613884427,40.30117026964864]]]},"properties":{"Zk_Numer":2239,"Zk_Emer":"KOSOVË-GOSNISHT","Nr_Pas":"119/27","Vol":2,"Faqe":7,"Pronaret":"PRONËSI E PASAKTËSUAR","Kufizimet":"PASURIA POSEDOHET NGA XHAFER ISLAM LAME SIPAS AMTP NR. 1988.","Siperfaqe":580}},
{"type":"Feature","geometry":{"type":"Polygon","coordinates":[[[20.395060202945135,40.300600897096196],[20.395171942058496,40.300652265030806],[20.395297780555257,40.30070845231252],[20.395249121677058,40.30092220028926],[20.394986516936676,40.300797871535806],[20.394836674088744,40.30073561658387],[20.394787715830404,40.300812804211816],[20.394629701641374,40.30074197924426],[20.39462335382172,40.30067248799],[20.394603710910687,40.300457450917484],[20.394606777394813,40.30038252213001],[20.394977541838667,40.30056289658221],[20.395060202945135,40.300600897096196]]]},"properties":{"Zk_Numer":2239,"Zk_Emer":"KOSOVË-GOSNISHT","Nr_Pas":"119/28","Vol":2,"Faqe":8,"Pronaret":"SHTET","Kufizimet":"PASURIA OKUPOHET NGA XHAFER  ISLAM LAME","Siperfaqe":1666}},
{"type":"Feature","geometry":{"type":"Polygon","coordinates":[[[20.395648496764654,40.300788707750954],[20.395297780555257,40.30070845231252],[20.395171942058496,40.300652265030806],[20.395205996110818,40.30055838544852],[20.39566320205914,40.300711920029165],[20.395648496764654,40.300788707750954]]]},"properties":{"Zk_Numer":2239,"Zk_Emer":"KOSOVË-GOSNISHT","Nr_Pas":"119/29","Vol":2,"Faqe":9,"Pronaret":"SHTET","Kufizimet":"PASURIA OKUPOHET NGA AGIM SULEJMANI","Siperfaqe":455}},
{"type":"Feature","geometry":{"type":"Polygon","coordinates":[[[20.395060202945135,40.300600897096196],[20.394977541838667,40.30056289658221],[20.395124191165404,40.30036125317357],[20.39514160580853,40.30037056258958],[20.395191071339113,40.30038462876772],[20.395060202945135,40.300600897096196]]]},"properties":{"Zk_Numer":2239,"Zk_Emer":"KOSOVË-GOSNISHT","Nr_Pas":"119/30","Vol":2,"Faqe":10,"Pronaret":"SHTET","Kufizimet":"PASURIA OKUPOHET NGA SAZAN RUSTEMI","Siperfaqe":187}},
{"type":"Feature","geometry":{"type":"Polygon","coordinates":[[[20.394607367592023,40.30036810078859],[20.39481362234739,40.30042902885174],[20.39494121636356,40.300191533879925],[20.39500177731673,40.30021986598326],[20.395046083583285,40.300259372578864],[20.395105603272455,40.30033639795108],[20.395124191165404,40.30036125317357],[20.394977541838667,40.30056289658221],[20.394606777394813,40.30038252213001],[20.394607367592023,40.30036810078859]]]},"properties":{"Zk_Numer":2239,"Zk_Emer":"KOSOVË-GOSNISHT","Nr_Pas":"119/31","Vol":2,"Faqe":11,"Pronaret":"SHTET","Kufizimet":"PASURIA OKUPOHET NGA AGIM SULEJMANI","Siperfaqe":696}},
{"type":"Feature","geometry":{"type":"Polygon","coordinates":[[[20.392916039501376,40.30026301286524],[20.392860729248746,40.300089587299496],[20.393136132186452,40.3000850129053],[20.393487540843445,40.30011509657959],[20.393174999132945,40.3001384658901],[20.392916039501376,40.30026301286524]]]},"properties":{"Zk_Numer":2239,"Zk_Emer":"KOSOVË-GOSNISHT","Nr_Pas":"119/32","Vol":2,"Faqe":12,"Pronaret":"SHTET","Kufizimet":"PASURIA OKUPOHET NGA POTOL ÇEKANI","Siperfaqe":398}},
{"type":"Feature","geometry":{"type":"Polygon","coordinates":[[[20.394109249125272,40.300604175737455],[20.394414489921132,40.30060671284192],[20.39462335382172,40.30067248799],[20.394629701641374,40.30074197924426],[20.394654385576626,40.301012199362006],[20.394489076520347,40.30094442183325],[20.394294759236743,40.300916016314716],[20.393917956023977,40.30084842369311],[20.394109249125272,40.300604175737455]]]},"properties":{"Zk_Numer":2239,"Zk_Emer":"KOSOVË-GOSNISHT","Nr_Pas":"119/33","Vol":2,"Faqe":13,"Pronaret":"SHTET","Kufizimet":"PASURIA OKUPOHET NGA NIKO LIKA","Siperfaqe":1807}},
{"type":"Feature","geometry":{"type":"Polygon","coordinates":[[[20.393704911358675,40.300441912664944],[20.39380455112078,40.300474932869],[20.394037591439144,40.30041766145651],[20.394109249125272,40.300604175737455],[20.393917956023977,40.30084842369311],[20.39370691980124,40.30080893998071],[20.393501644711424,40.30072353073445],[20.393603667109264,40.30058288113889],[20.393704911358675,40.300441912664944]]]},"properties":{"Zk_Numer":2239,"Zk_Emer":"KOSOVË-GOSNISHT","Nr_Pas":"119/34","Vol":2,"Faqe":14,"Pronaret":"VASILIKA GUDA THODHOR, STAVRO GUDA ILIA, ILIA GUDA STAVRO, MIHALLAQ GUDA STAVRO","Kufizimet":"","Siperfaqe":1570}},
{"type":"Feature","geometry":{"type":"Polygon","coordinates":[[[20.3934571496445,40.300330860527446],[20.393704911358675,40.300441912664944],[20.393603667109264,40.30058288113889],[20.393501644711424,40.30072353073445],[20.393171847191095,40.30059922279654],[20.39310691453052,40.30042374048092],[20.3934571496445,40.300330860527446]]]},"properties":{"Zk_Numer":2239,"Zk_Emer":"KOSOVË-GOSNISHT","Nr_Pas":"119/36","Vol":2,"Faqe":15,"Pronaret":"NIKOLLA RANGA APOSTOLL, PANAJOT RANGA APOSTOLL, ANASTASIA RANGA NIKOLLA, ATHINA RANGA VAJO, KRISTAQ RANGA NIKOLLA, AGRON RANGA PANAJOT, ATHINA RANGA DHIMITRI, ALEKSANDRA RANGA PANAJOT, ELSA RANGA NIKOLLA","Kufizimet":"PASURIA KUFIZOHET PËR PLOTËSIM TË DOKUMENTACIONIT TEKNIKO-LIGJOR.","Siperfaqe":1340}},
{"type":"Feature","geometry":{"type":"Polygon","coordinates":[[[20.3929670518437,40.30045537633081],[20.39310691453052,40.30042374048092],[20.393171847191095,40.30059922279654],[20.393501644711424,40.30072353073445],[20.393363743916332,40.300899793148325],[20.393129449999424,40.30084121472181],[20.392894286774034,40.30084529236676],[20.392519052917944,40.30091371123193],[20.392576165931462,40.300712990120445],[20.392792219487987,40.30047444906175],[20.3929670518437,40.30045537633081]]]},"properties":{"Zk_Numer":2239,"Zk_Emer":"KOSOVË-GOSNISHT","Nr_Pas":"119/35","Vol":2,"Faqe":16,"Pronaret":"OLLGË TOTI SOKRAT, ROBERT TOTI NIKOLLA, NIKOLLA TOTI JANKU, MAJLINDË TOTI NIKOLLA","Kufizimet":"PASURIA KUFIZOHET PËR PLOTËSIM TË DOKUMENTACIONIT TEKNIKO-LIGJOR.","Siperfaqe":2600}},
{"type":"Feature","geometry":{"type":"Polygon","coordinates":[[[20.37454258755545,40.30372314423819],[20.374485995764342,40.30372082933039],[20.37433913568951,40.303212945339396],[20.374190555078254,40.302980271879704],[20.37459356040078,40.30276855851746],[20.374588091888143,40.302917594673666],[20.374576216332155,40.303241243208085],[20.37454258755545,40.30372314423819]]]},"properties":{"Zk_Numer":2239,"Zk_Emer":"KOSOVË-GOSNISHT","Nr_Pas":"78/17","Vol":2,"Faqe":17,"Pronaret":"SHTET","Kufizimet":"PASURIA OKUPOHET NGA DHIONIS KOSTA TATAMI (DEKLARATË PËR HEQJE DORE)","Siperfaqe":1800}},
{"type":"Feature","geometry":{"type":"Polygon","coordinates":[[[20.394294759236743,40.300916016314716],[20.394489076520347,40.30094442183325],[20.394654385576626,40.301012199362006],[20.394587973731962,40.30107864596678],[20.394512479480735,40.30124084640569],[20.39443075103546,40.30128102599031],[20.394198767888817,40.30123186317715],[20.394294759236743,40.300916016314716]]]},"properties":{"Zk_Numer":2239,"Zk_Emer":"KOSOVË-GOSNISHT","Nr_Pas":"119/37","Vol":2,"Faqe":18,"Pronaret":"ROLAND TOTI ODHISE, ILIA TOTI ODHISE, GENTIAN TOTI ODHISE, MARINË TOTI ANDON, ODHISE TOTI JANKU","Kufizimet":"PASURIA KUFIZOHET PËR PLOTËSIM TË DOKUMENTACIONIT TEKNIKO-LIGJOR.","Siperfaqe":1000}},
{"type":"Feature","geometry":{"type":"Polygon","coordinates":[[[20.394198767888817,40.30123186317715],[20.394033980343828,40.30119540690879],[20.393787128140282,40.301110306533566],[20.393917956023977,40.30084842369311],[20.394294759236743,40.300916016314716],[20.394198767888817,40.30123186317715]]]},"properties":{"Zk_Numer":2239,"Zk_Emer":"KOSOVË-GOSNISHT","Nr_Pas":"119/38","Vol":2,"Faqe":19,"Pronaret":"ALEKSANDËR PACE BEHAR, RITA PACE BEHAR, SHPRESË PACE RAPI, BEHAR PACE ESTREF","Kufizimet":"PASURIA KUFIZOHET PËR PLOTËSIM TË DOKUMENTACIONIT TEKNIKO-LIGJOR.","Siperfaqe":1200}},
{"type":"Feature","geometry":{"type":"Polygon","coordinates":[[[20.393363743916332,40.300899793148325],[20.393501644711424,40.30072353073445],[20.39370691980124,40.30080893998071],[20.393917956023977,40.30084842369311],[20.393787128140282,40.301110306533566],[20.39358167253038,40.30099116434684],[20.393363743916332,40.300899793148325]]]},"properties":{"Zk_Numer":2239,"Zk_Emer":"KOSOVË-GOSNISHT","Nr_Pas":"119/39","Vol":2,"Faqe":20,"Pronaret":"OREST IBRAHIMI KONGRES, FATJON IBRAHIMI KONGRES, ERMIR IBRAHIMI KONGRES, HYSNIJE IBRAHIMI MUHAREM, KONGRES IBRAHIMI BAJRAM","Kufizimet":"","Siperfaqe":1000}},
{"type":"Feature","geometry":{"type":"Polygon","coordinates":[[[20.393939713228637,40.30153016696734],[20.394113665398866,40.301294526631324],[20.394198767888817,40.30123186317715],[20.39443075103546,40.30128102599031],[20.394251068729755,40.301385527963454],[20.394132800452105,40.30149197081186],[20.39402989808136,40.30159318706849],[20.393939713228637,40.30153016696734]]]},"properties":{"Zk_Numer":2239,"Zk_Emer":"KOSOVË-GOSNISHT","Nr_Pas":"119/40","Vol":2,"Faqe":21,"Pronaret":"SHTET","Kufizimet":"PASURIA OKUPOHET NGA ODHISE TOTI","Siperfaqe":610}},
{"type":"Feature","geometry":{"type":"Polygon","coordinates":[[[20.393939713228637,40.30153016696734],[20.393790472039793,40.30143212340965],[20.393615771668145,40.30132006980263],[20.393787128140282,40.301110306533566],[20.394033980343828,40.30119540690879],[20.394198767888817,40.30123186317715],[20.394113665398866,40.301294526631324],[20.393939713228637,40.30153016696734]]]},"properties":{"Zk_Numer":2239,"Zk_Emer":"KOSOVË-GOSNISHT","Nr_Pas":"119/41","Vol":2,"Faqe":22,"Pronaret":"PRONËSI E PASAKTËSUAR","Kufizimet":"PASURIA POSEDOHET NGA ANDROKLI JANKU TOTI SIPAS AMTP NR. 2010.","Siperfaqe":1150}},
{"type":"Feature","geometry":{"type":"Polygon","coordinates":[[[20.39325822599444,40.301113748082265],[20.39322940133921,40.30107739720586],[20.393363743916332,40.300899793148325],[20.39358167253038,40.30099116434684],[20.393787128140282,40.301110306533566],[20.393615771668145,40.30132006980263],[20.39325822599444,40.301113748082265]]]},"properties":{"Zk_Numer":2239,"Zk_Emer":"KOSOVË-GOSNISHT","Nr_Pas":"119/42","Vol":2,"Faqe":72,"Pronaret":"PRONËSI E PASAKTËSUAR","Kufizimet":"PASURIA POSEDOHET NGA TELI GOGO RRUSHA SIPAS AMTP NR. 2002.","Siperfaqe":1135}},
{"type":"Feature","geometry":{"type":"Polygon","coordinates":[[[20.392874804926635,40.30097525222072],[20.392894286774034,40.30084529236676],[20.393129449999424,40.30084121472181],[20.393363743916332,40.300899793148325],[20.39322940133921,40.30107739720586],[20.393047976789738,40.30101043778786],[20.392874804926635,40.30097525222072]]]},"properties":{"Zk_Numer":2239,"Zk_Emer":"KOSOVË-GOSNISHT","Nr_Pas":"119/43","Vol":2,"Faqe":73,"Pronaret":"SOKOL PAÇE ASAN, ASAN PAÇE ESTREF, NEBAHETE PAÇE NAZAR, SAIMIR PAÇE ASAN, THËLLËZA PAÇE ASAN, MIMOZA PAÇE ASAN","Kufizimet":"","Siperfaqe":700}},
{"type":"Feature","geometry":{"type":"Polygon","coordinates":[[[20.393672800767934,40.30174794039303],[20.393813082354836,40.30165806475307],[20.393939713228637,40.30153016696734],[20.39402989808136,40.30159318706849],[20.393906329471637,40.30171820991609],[20.393724988880354,40.30183683758545],[20.393672800767934,40.30174794039303]]]},"properties":{"Zk_Numer":2239,"Zk_Emer":"KOSOVË-GOSNISHT","Nr_Pas":"119/49","Vol":2,"Faqe":79,"Pronaret":"SHTET","Kufizimet":"PASURIA OKUPOHET NGA HALIL PACE","Siperfaqe":367}},
{"type":"Feature","geometry":{"type":"Polygon","coordinates":[[[20.393939713228637,40.30153016696734],[20.393813082354836,40.30165806475307],[20.393672800767934,40.30174794039303],[20.3935227528421,40.301641441841475],[20.393416451014414,40.30156455135413],[20.393615771668145,40.30132006980263],[20.393790472039793,40.30143212340965],[20.393939713228637,40.30153016696734]]]},"properties":{"Zk_Numer":2239,"Zk_Emer":"KOSOVË-GOSNISHT","Nr_Pas":"119/45","Vol":2,"Faqe":75,"Pronaret":"FIKE IBRAHIMI BEKTASH, ALMA IBRAHIMI XHELAL, SUZANA IBRAHIMI XHELAL, BUJAR IBRAHIMI XHELAL, XHELAL IBRAHIMI SALI","Kufizimet":"PASURIA KUFIZOHET PËR PLOTËSIM TË DOKUMENTACIONIT TEKNIKO-LIGJOR.","Siperfaqe":1100}},
{"type":"Feature","geometry":{"type":"Polygon","coordinates":[[[20.39325822599444,40.301113748082265],[20.393615771668145,40.30132006980263],[20.393416451014414,40.30156455135413],[20.39321085826584,40.30148547242938],[20.393062975113583,40.301395394835595],[20.39325822599444,40.301113748082265]]]},"properties":{"Zk_Numer":2239,"Zk_Emer":"KOSOVË-GOSNISHT","Nr_Pas":"119/46","Vol":2,"Faqe":76,"Pronaret":"PRONËSI E PASAKTËSUAR","Kufizimet":"PASURIA POSEDOHET NGA MUSTAFA SHEFQET MEÇE SIPAS AMTP NR. 2004.","Siperfaqe":1265}},
{"type":"Feature","geometry":{"type":"Polygon","coordinates":[[[20.39322940133921,40.30107739720586],[20.39325822599444,40.301113748082265],[20.393062975113583,40.301395394835595],[20.392909857929876,40.30133577658961],[20.392762070965116,40.301326000986684],[20.392874804926635,40.30097525222072],[20.393047976789738,40.30101043778786],[20.39322940133921,40.30107739720586]]]},"properties":{"Zk_Numer":2239,"Zk_Emer":"KOSOVË-GOSNISHT","Nr_Pas":"119/47","Vol":2,"Faqe":77,"Pronaret":"SHTET","Kufizimet":"PASURIA OKUPOHET NGA JORGO NAQE","Siperfaqe":1210}},
{"type":"Feature","geometry":{"type":"Polygon","coordinates":[[[20.392894286774034,40.30084529236676],[20.392874804926635,40.30097525222072],[20.392762070965116,40.301326000986684],[20.392381503037328,40.301338993500735],[20.39245014058263,40.301128190990546],[20.392519052917944,40.30091371123193],[20.392894286774034,40.30084529236676]]]},"properties":{"Zk_Numer":2239,"Zk_Emer":"KOSOVË-GOSNISHT","Nr_Pas":"119/48","Vol":2,"Faqe":78,"Pronaret":"LORENC IBRAHIMI TOMOR, ALMA IBRAHIMI TOMOR, TOMOR IBRAHIMI MAZLLUM, ERJONA IBRAHIMI TOMOR, QAMILE IBRAHIMI TELE","Kufizimet":"","Siperfaqe":1600}},
{"type":"Feature","geometry":{"type":"Polygon","coordinates":[[[20.392227128219698,40.30149607584614],[20.392298446807253,40.30140481203063],[20.392381503037328,40.301338993500735],[20.392762070965116,40.301326000986684],[20.392909857929876,40.30133577658961],[20.392852417473193,40.30152625590429],[20.392227128219698,40.30149607584614]]]},"properties":{"Zk_Numer":2239,"Zk_Emer":"KOSOVË-GOSNISHT","Nr_Pas":"119/44","Vol":2,"Faqe":74,"Pronaret":"PRONËSI E PASAKTËSUAR","Kufizimet":"PASURIA POSEDOHET NGA HALIL ESTREF PACE SIPAS AMTP NR. 2011.","Siperfaqe":1000}},
{"type":"Feature","geometry":{"type":"Polygon","coordinates":[[[20.392764845399125,40.30178364463589],[20.39259593320624,40.30172688364137],[20.392375682265122,40.30175542184642],[20.39217226631347,40.301787790794],[20.392125819176982,40.301778140192454],[20.392227128219698,40.30149607584614],[20.392852417473193,40.30152625590429],[20.392764845399125,40.30178364463589]]]},"properties":{"Zk_Numer":2239,"Zk_Emer":"KOSOVË-GOSNISHT","Nr_Pas":"119/50","Vol":2,"Faqe":80,"Pronaret":"ESMERALDA JEMINI NOVRUZ, FLORJAN JEMINI NOVRUZ, EVISJANA JEMINI NOVRUZ, SPARTAK JEMINI NOVRUZ, NOVRUZ JEMINI SAMIT, LULJETA JEMINI XHEMAL","Kufizimet":"PASURIA KUFIZOHET PËR PLOTËSIM TË DOKUMENTACIONIT TEKNIKO-LIGJOR.","Siperfaqe":1485}},
{"type":"Feature","geometry":{"type":"Polygon","coordinates":[[[20.393425352332756,40.302172274592216],[20.393372132377745,40.30218288545789],[20.39297041141587,40.30185881870388],[20.39320981980875,40.301686558350696],[20.393379742300233,40.30189792420047],[20.393425352332756,40.302172274592216]]]},"properties":{"Zk_Numer":2239,"Zk_Emer":"KOSOVË-GOSNISHT","Nr_Pas":"119/51","Vol":2,"Faqe":81,"Pronaret":"MARGARITË KRECI KALAM, MAKSI KRECI ARQILE, MARIKA KRECI LILI, ARQILE KRECI SOKRAT, MARGARITA KRECI ARQILE, SOKRAT KRECI STATHI","Kufizimet":"PASURIA KUFIZOHET PËR PLOTËSIM TË DOKUMENTACIONIT TEKNIKO-LIGJOR.","Siperfaqe":1000}},
{"type":"Feature","geometry":{"type":"Polygon","coordinates":[[[20.394522865424367,40.30130677717325],[20.39478956165142,40.30150543427199],[20.394661028643895,40.30160702373393],[20.394402536630285,40.301795737791934],[20.39418565036329,40.301849596167465],[20.393974878181304,40.3017424381206],[20.394280816984676,40.301457963827296],[20.394522865424367,40.30130677717325]]]},"properties":{"Zk_Numer":2239,"Zk_Emer":"KOSOVË-GOSNISHT","Nr_Pas":"119/52","Vol":2,"Faqe":82,"Pronaret":"SHTET","Kufizimet":"PASURIA OKUPOHET NGA JOSIF KURETA","Siperfaqe":2025}},
{"type":"Feature","geometry":{"type":"Polygon","coordinates":[[[20.394522865424367,40.30130677717325],[20.394763619950567,40.30124034359082],[20.39504957820298,40.30126807293001],[20.39527158418604,40.3013561646521],[20.39497509230745,40.301413914851445],[20.39478956165142,40.30150543427199],[20.394522865424367,40.30130677717325]]]},"properties":{"Zk_Numer":2239,"Zk_Emer":"KOSOVË-GOSNISHT","Nr_Pas":"119/53","Vol":2,"Faqe":83,"Pronaret":"SHTET","Kufizimet":"MBI KËTË PASURI KA 1 NDËRTIM I PALIGJSHËM","Siperfaqe":943}},
{"type":"Feature","geometry":{"type":"Polygon","coordinates":[[[20.392699033227366,40.308613897154544],[20.39271057450317,40.30881837469274],[20.392243047995112,40.309021222750495],[20.39201827821895,40.30887911787311],[20.392449400179693,40.30871115437018],[20.392699033227366,40.308613897154544]]]},"properties":{"Zk_Numer":2239,"Zk_Emer":"KOSOVË-GOSNISHT","Nr_Pas":"50/3","Vol":2,"Faqe":84,"Pronaret":"SOKRAT KRECI STATHI, MARGARITË KRECI KALAM, ARQILE KRECI SOKRAT, MARIKA KRECI LILI, MAKSI KRECI ARQILE, MARGARITA KRECI ARQILE","Kufizimet":"PASURIA KUFIZOHET PËR PLOTËSIM TË DOKUMENTACIONIT TEKNIKO-LIGJOR.","Siperfaqe":1200}},
{"type":"Feature","geometry":{"type":"Polygon","coordinates":[[[20.39201827821895,40.30887911787311],[20.39167747449579,40.30882553920952],[20.391704092080047,40.308518722547824],[20.391938396869946,40.30844614718649],[20.391999482385767,40.30845722167043],[20.392449400179693,40.30871115437018],[20.39201827821895,40.30887911787311]]]},"properties":{"Zk_Numer":2239,"Zk_Emer":"KOSOVË-GOSNISHT","Nr_Pas":"50/5","Vol":2,"Faqe":85,"Pronaret":"PRONËSI E PASAKTËSUAR","Kufizimet":"PASURIA POSEDOHET NGA ENVER JASHAR SULEJMANI SIPAS AMTP NR.1987.","Siperfaqe":2000}},
{"type":"Feature","geometry":{"type":"Polygon","coordinates":[[[20.392868132997084,40.30840445429233],[20.392699033227366,40.308613897154544],[20.392449400179693,40.30871115437018],[20.391999482385767,40.30845722167043],[20.392151498893913,40.30839394605297],[20.392200911383025,40.308206712237165],[20.392298712243875,40.3081702265422],[20.39252412029677,40.30829495229746],[20.392868132997084,40.30840445429233]]]},"properties":{"Zk_Numer":2239,"Zk_Emer":"KOSOVË-GOSNISHT","Nr_Pas":"50/4","Vol":2,"Faqe":86,"Pronaret":"SHTET","Kufizimet":"PASURIA OKUPOHET NGA ANDON LOCE","Siperfaqe":2300}},
{"type":"Feature","geometry":{"type":"Polygon","coordinates":[[[20.392950550032324,40.307927048118785],[20.39245003806745,40.30811377252659],[20.392329645343256,40.307929296215846],[20.392852743673664,40.30777106289339],[20.392950550032324,40.307927048118785]]]},"properties":{"Zk_Numer":2239,"Zk_Emer":"KOSOVË-GOSNISHT","Nr_Pas":"50/1","Vol":2,"Faqe":88,"Pronaret":"PRONËSI E PASAKTËSUAR","Kufizimet":"PASURIA POSEDOHET NGA TELI GOGO RRUSHA SIPAS AMTP NR. 2002.","Siperfaqe":1000}},
{"type":"Feature","geometry":{"type":"Polygon","coordinates":[[[20.392298712243875,40.3081702265422],[20.39245003806745,40.30811377252659],[20.392950550032324,40.307927048118785],[20.393043605216178,40.30817212891575],[20.392868132997084,40.30840445429233],[20.39252412029677,40.30829495229746],[20.392298712243875,40.3081702265422]]]},"properties":{"Zk_Numer":2239,"Zk_Emer":"KOSOVË-GOSNISHT","Nr_Pas":"50/2","Vol":2,"Faqe":87,"Pronaret":"SHTET","Kufizimet":"PASURIA OKUPOHET NGA KAMBER PASHO","Siperfaqe":1765}},
{"type":"Feature","geometry":{"type":"Polygon","coordinates":[[[20.394041501677492,40.30836321285332],[20.39344426216905,40.3086029232919],[20.393375267029903,40.30766046307244],[20.39375802084578,40.3075233380684],[20.39412954488883,40.30743874574214],[20.39408356246266,40.30789023459185],[20.39404284184138,40.30830546241009],[20.394041501677492,40.30836321285332]]]},"properties":{"Zk_Numer":2239,"Zk_Emer":"KOSOVË-GOSNISHT","Nr_Pas":"55/3","Vol":2,"Faqe":89,"Pronaret":"MARGARITA KRECI ARQILE, MAKSI KRECI ARQILE, MARIKA KRECI LILI, SOKRAT KRECI STATHI, MARGARITË KRECI KALAM, ARQILE KRECI SOKRAT","Kufizimet":"PASURIA KUFIZOHET PËR PLOTËSIM TË DOKUMENTACIONIT TEKNIKO-LIGJOR.","Siperfaqe":6000}},
{"type":"Feature","geometry":{"type":"Polygon","coordinates":[[[20.394455282019667,40.30779093413625],[20.394726900759157,40.30822517694988],[20.394041501677492,40.30836321285332],[20.39404284184138,40.30830546241009],[20.39408356246266,40.30789023459185],[20.394455282019667,40.30779093413625]]]},"properties":{"Zk_Numer":2239,"Zk_Emer":"KOSOVË-GOSNISHT","Nr_Pas":"55/4","Vol":2,"Faqe":90,"Pronaret":"TEKI BREGU VELI, VALJETA BREGU ALI, BESNIK BREGU TEKI, FERIDE BREGU MUHAMET","Kufizimet":"PASURIA KUFIZOHET PËR PLOTËSIM TË DOKUMENTACIONIT TEKNIKO-LIGJOR.","Siperfaqe":2400}},
{"type":"Feature","geometry":{"type":"Polygon","coordinates":[[[20.394351114655265,40.30716165160478],[20.394380657426677,40.3071397237097],[20.39477997475445,40.30770419512224],[20.394455282019667,40.30779093413625],[20.39408356246266,40.30789023459185],[20.39412954488883,40.30743874574214],[20.394147864175928,40.30731251212241],[20.394351114655265,40.30716165160478]]]},"properties":{"Zk_Numer":2239,"Zk_Emer":"KOSOVË-GOSNISHT","Nr_Pas":"55/2","Vol":2,"Faqe":91,"Pronaret":"LIGOR LIKA NIKO, NIKO LIKA QAKO, MAGALINA LIKA KRISTO, FABJOLA LIKA NIKO","Kufizimet":"KJO PASURI KA DIFERENCË FAKT-DOKUMENT BRENDA 20% TË TOTALIT TË AMTP-SË\".\r\n\r\n","Siperfaqe":2800}},
{"type":"Feature","geometry":{"type":"Polygon","coordinates":[[[20.394351114655265,40.30716165160478],[20.39414930572792,40.306847569257165],[20.394363228432237,40.30653704453676],[20.39467977107045,40.30642787922601],[20.394766574141016,40.306853277998854],[20.394380657426677,40.3071397237097],[20.394351114655265,40.30716165160478]]]},"properties":{"Zk_Numer":2239,"Zk_Emer":"KOSOVË-GOSNISHT","Nr_Pas":"55/1","Vol":2,"Faqe":92,"Pronaret":"PRONËSI E PASAKTËSUAR","Kufizimet":"PASURIA POSEDOHET NGA ANDON LIKO LOÇE SIPAS AMTP NR. 1990.","Siperfaqe":2500}},
{"type":"Feature","geometry":{"type":"Polygon","coordinates":[[[20.3903755536041,40.305723414255766],[20.39063190905619,40.30568062086409],[20.39094004450668,40.306073931961386],[20.38971535461125,40.30669649822233],[20.389616903727834,40.30661744742628],[20.389401330330028,40.30655790734384],[20.389499953601096,40.30646077411465],[20.389522337307838,40.30632150692611],[20.3903755536041,40.305723414255766]]]},"properties":{"Zk_Numer":2239,"Zk_Emer":"KOSOVË-GOSNISHT","Nr_Pas":"116","Vol":2,"Faqe":93,"Pronaret":"ALMA IBRAHIMI XHELAL, XHELAL IBRAHIMI SALI, FIKE IBRAHIMI BEKTASH, SUZANA IBRAHIMI XHELAL, BUJAR IBRAHIMI XHELAL","Kufizimet":"PASURIA KUFIZOHET PËR PLOTËSIM TË DOKUMENTACIONIT TEKNIKO-LIGJOR.","Siperfaqe":6600}},
{"type":"Feature","geometry":{"type":"Polygon","coordinates":[[[20.389456045983554,40.29653657565748],[20.389369572562497,40.296635839493845],[20.389196308610803,40.29660432124047],[20.388836723033815,40.296377075732586],[20.388767658841466,40.29617122510921],[20.388834844104153,40.29611502962907],[20.38952260917832,40.296491440019665],[20.389477401730144,40.29651947381606],[20.389456045983554,40.29653657565748]]]},"properties":{"Zk_Numer":2239,"Zk_Emer":"KOSOVË-GOSNISHT","Nr_Pas":"141/1","Vol":2,"Faqe":94,"Pronaret":"PRONËSI E PASAKTËSUAR","Kufizimet":"PASURIA POSEDOHET NGA ANDON LIKO LOÇE SIPAS AMTP NR. 1990.","Siperfaqe":1600}},
{"type":"Feature","geometry":{"type":"Polygon","coordinates":[[[20.38976462578148,40.296326132615455],[20.38952260917832,40.296491440019665],[20.388834844104153,40.29611502962907],[20.389000414764876,40.29597654150993],[20.38976462578148,40.296326132615455]]]},"properties":{"Zk_Numer":2239,"Zk_Emer":"KOSOVË-GOSNISHT","Nr_Pas":"141/2","Vol":2,"Faqe":95,"Pronaret":"FABJOLA LIKA NIKO, MAGALINA LIKA KRISTO, NIKO LIKA QAKO, LIGOR LIKA NIKO","Kufizimet":"KJO PASURI KA DIFERENCË FAKT-DOKUMENT BRENDA 20% TË TOTALIT TË AMTP-SË\".\r\n\r\n","Siperfaqe":1740}},
{"type":"Feature","geometry":{"type":"Polygon","coordinates":[[[20.389995628716974,40.296219994167714],[20.38976462578148,40.296326132615455],[20.389000414764876,40.29597654150993],[20.389103831877186,40.295738840971126],[20.389995628716974,40.296219994167714]]]},"properties":{"Zk_Numer":2239,"Zk_Emer":"KOSOVË-GOSNISHT","Nr_Pas":"141/3","Vol":2,"Faqe":96,"Pronaret":"MARIKA KRECI LILI, SOKRAT KRECI STATHI, MARGARITË KRECI KALAM, MARGARITA KRECI ARQILE, ARQILE KRECI SOKRAT, MAKSI KRECI ARQILE","Kufizimet":"PASURIA KUFIZOHET PËR PLOTËSIM TË DOKUMENTACIONIT TEKNIKO-LIGJOR.","Siperfaqe":2000}},
{"type":"Feature","geometry":{"type":"Polygon","coordinates":[[[20.390107302808616,40.29613148588979],[20.389995628716974,40.296219994167714],[20.389103831877186,40.295738840971126],[20.38916751488251,40.29560357580648],[20.389687073737637,40.29582443794077],[20.390107302808616,40.29613148588979]]]},"properties":{"Zk_Numer":2239,"Zk_Emer":"KOSOVË-GOSNISHT","Nr_Pas":"141/4","Vol":2,"Faqe":97,"Pronaret":"SHTET","Kufizimet":"PASURIA OKUPOHET NGA POTOL ÇEKANI","Siperfaqe":1700}},
{"type":"Feature","geometry":{"type":"Polygon","coordinates":[[[20.390349478055303,40.2960165126848],[20.390107302808616,40.29613148588979],[20.389687073737637,40.29582443794077],[20.38916751488251,40.29560357580648],[20.389253615170766,40.29533368684366],[20.38963991342714,40.29529261190639],[20.38979665341975,40.29558085861902],[20.390349478055303,40.2960165126848]]]},"properties":{"Zk_Numer":2239,"Zk_Emer":"KOSOVË-GOSNISHT","Nr_Pas":"141/5","Vol":2,"Faqe":98,"Pronaret":"MIRANDA PASHO PASHO, YLLKA PASHO PASHO, RAZIE PASHO SABRI, OLTJANA PASHO PASHO, PASHO PASHO METE, XHEMAL PASHO PASHO","Kufizimet":"PASURIA KUFIZOHET PËR PLOTËSIM TË DOKUMENTACIONIT TEKNIKO-LIGJOR.","Siperfaqe":3500}},
{"type":"Feature","geometry":{"type":"Polygon","coordinates":[[[20.39047333088638,40.295951351129546],[20.390349478055303,40.2960165126848],[20.38979665341975,40.29558085861902],[20.38963991342714,40.29529261190639],[20.389758481001245,40.29523665306551],[20.39047333088638,40.295951351129546]]]},"properties":{"Zk_Numer":2239,"Zk_Emer":"KOSOVË-GOSNISHT","Nr_Pas":"141/6","Vol":1,"Faqe":250,"Pronaret":"SHTET","Kufizimet":"PASURIA OKUPOHET NGA JOSIF KURETA","Siperfaqe":1660}},
{"type":"Feature","geometry":{"type":"Polygon","coordinates":[[[20.39047333088638,40.295951351129546],[20.389758481001245,40.29523665306551],[20.39000596492113,40.29511985051595],[20.390421492572752,40.29553791861253],[20.390669300390602,40.29578723827967],[20.39047333088638,40.295951351129546]]]},"properties":{"Zk_Numer":2239,"Zk_Emer":"KOSOVË-GOSNISHT","Nr_Pas":"141/7","Vol":2,"Faqe":1,"Pronaret":"SHTET","Kufizimet":"PASURIA OKUPOHET NGA JORGO NAQE","Siperfaqe":2360}},
{"type":"Feature","geometry":{"type":"Polygon","coordinates":[[[20.390669300390602,40.29578723827967],[20.390421492572752,40.29553791861253],[20.390895406310467,40.295268913076626],[20.39097160257513,40.29534414653176],[20.39121604732097,40.29558902209149],[20.390669300390602,40.29578723827967]]]},"properties":{"Zk_Numer":2239,"Zk_Emer":"KOSOVË-GOSNISHT","Nr_Pas":"141/8","Vol":2,"Faqe":99,"Pronaret":"OLLGË TOTI SOKRAT, NIKOLLA TOTI JANKU, MAJLINDË TOTI NIKOLLA, ROBERT TOTI NIKOLLA","Kufizimet":"PASURIA KUFIZOHET PËR PLOTËSIM TË DOKUMENTACIONIT TEKNIKO-LIGJOR.","Siperfaqe":2000}},
{"type":"Feature","geometry":{"type":"Polygon","coordinates":[[[20.39121604732097,40.29558902209149],[20.39097160257513,40.29534414653176],[20.39128159857154,40.29513196611041],[20.391669131955904,40.29533224965993],[20.39179621649396,40.29539792847064],[20.39160662016656,40.29553505575273],[20.39121604732097,40.29558902209149]]]},"properties":{"Zk_Numer":2239,"Zk_Emer":"KOSOVË-GOSNISHT","Nr_Pas":"141/9","Vol":2,"Faqe":100,"Pronaret":"PRONËSI E PASAKTËSUAR","Kufizimet":"PASURIA POSEDOHET NGA ANDROKLI JANKU TOTI SIPAS AMTP NR. 2010.","Siperfaqe":2000}},
{"type":"Feature","geometry":{"type":"Polygon","coordinates":[[[20.39179621649396,40.29539792847064],[20.391669131955904,40.29533224965993],[20.39128159857154,40.29513196611041],[20.391418778476034,40.29501748519752],[20.39178326057839,40.29492085284018],[20.39210703561519,40.29502323691802],[20.39179621649396,40.29539792847064]]]},"properties":{"Zk_Numer":2239,"Zk_Emer":"KOSOVË-GOSNISHT","Nr_Pas":"141/10","Vol":2,"Faqe":101,"Pronaret":"ODHISE TOTI JANKU, MARINË TOTI ANDON, ILIA TOTI ODHISE, GENTIAN TOTI ODHISE, ROLAND TOTI ODHISE","Kufizimet":"PASURIA KUFIZOHET PËR PLOTËSIM TË DOKUMENTACIONIT TEKNIKO-LIGJOR.","Siperfaqe":2000}},
{"type":"Feature","geometry":{"type":"Polygon","coordinates":[[[20.392477744752686,40.29563580987709],[20.392351231332345,40.29572065553614],[20.39195780860283,40.29540224410143],[20.392113418261253,40.29523893630505],[20.392477744752686,40.29563580987709]]]},"properties":{"Zk_Numer":2239,"Zk_Emer":"KOSOVË-GOSNISHT","Nr_Pas":"141/11","Vol":2,"Faqe":102,"Pronaret":"MYSLIM JEMINI RIZA, ELDA JEMINI RIZA, ENGJËLLUSHE JEMINI RIZA, HERMON JEMINI RIZA, ARIAN JEMINI RIZA, RIZA JEMINI SAMIT, TRANDAFILE JEMINI QAZIM","Kufizimet":"","Siperfaqe":920}},
{"type":"Feature","geometry":{"type":"Polygon","coordinates":[[[20.39276340523551,40.29550674642515],[20.39232727314631,40.29508237079597],[20.392494291673806,40.29498360622681],[20.392582710489613,40.294909803924675],[20.393058053659363,40.295232669559695],[20.392921034943523,40.29542193261177],[20.39276340523551,40.29550674642515]]]},"properties":{"Zk_Numer":2239,"Zk_Emer":"KOSOVË-GOSNISHT","Nr_Pas":"141/12","Vol":2,"Faqe":103,"Pronaret":"HYSNIJE IBRAHIMI MUHAREM, ERMIR IBRAHIMI KONGRES, OREST IBRAHIMI KONGRES, FATJON IBRAHIMI KONGRES, KONGRES IBRAHIMI BAJRAM","Kufizimet":"","Siperfaqe":2000}},
{"type":"Feature","geometry":{"type":"Polygon","coordinates":[[[20.39276340523551,40.29550674642515],[20.392477744752686,40.29563580987709],[20.392113418261253,40.29523893630505],[20.392250913170095,40.29512659657353],[20.39232727314631,40.29508237079597],[20.39276340523551,40.29550674642515]]]},"properties":{"Zk_Numer":2239,"Zk_Emer":"KOSOVË-GOSNISHT","Nr_Pas":"141/13","Vol":1,"Faqe":219,"Pronaret":"SHTET","Kufizimet":"PASURIA OKUPOHET NGA STAVRO GUDA","Siperfaqe":1520}},
{"type":"Feature","geometry":{"type":"Polygon","coordinates":[[[20.393058053659363,40.295232669559695],[20.392582710489613,40.294909803924675],[20.392665916987983,40.294795750773034],[20.392711977727842,40.29476203967996],[20.39276262269286,40.29474243573452],[20.393236433256405,40.29500680001684],[20.393058053659363,40.295232669559695]]]},"properties":{"Zk_Numer":2239,"Zk_Emer":"KOSOVË-GOSNISHT","Nr_Pas":"141/14","Vol":1,"Faqe":220,"Pronaret":"SHTET","Kufizimet":"PASURIA OKUPOHET NGA XHEMAL PAÇE","Siperfaqe":1413}},
{"type":"Feature","geometry":{"type":"Polygon","coordinates":[[[20.39276262269286,40.29474243573452],[20.393037215645474,40.2946107520335],[20.39320695924596,40.29460318770219],[20.393491807389164,40.2946633496748],[20.393236433256405,40.29500680001684],[20.39276262269286,40.29474243573452]]]},"properties":{"Zk_Numer":2239,"Zk_Emer":"KOSOVË-GOSNISHT","Nr_Pas":"141/15","Vol":1,"Faqe":221,"Pronaret":"SHTET","Kufizimet":"PASURIA OKUPOHET NGA BAJRAM IBRAHIMI\r\n","Siperfaqe":1496}},
{"type":"Feature","geometry":{"type":"Polygon","coordinates":[[[20.391418778476034,40.29501748519752],[20.39128159857154,40.29513196611041],[20.39097160257513,40.29534414653176],[20.390895406310467,40.295268913076626],[20.390421492572752,40.29553791861253],[20.39000596492113,40.29511985051595],[20.390547172454244,40.29488818800003],[20.390783454564144,40.29484300517506],[20.390985559927334,40.29487394781215],[20.391205407633247,40.294798240604365],[20.391418778476034,40.29501748519752]]]},"properties":{"Zk_Numer":2239,"Zk_Emer":"KOSOVË-GOSNISHT","Nr_Pas":"141/16","Vol":1,"Faqe":222,"Pronaret":"SHTET","Kufizimet":"","Siperfaqe":5185}},
{"type":"Feature","geometry":{"type":"Polygon","coordinates":[[[20.380993965049672,40.30291221053396],[20.380901641907553,40.30316224771032],[20.380561599274113,40.30327879359435],[20.38003558626497,40.30321350064981],[20.38031934982482,40.30272806865442],[20.380782435548387,40.302444680010005],[20.381170942591375,40.302193367025055],[20.381086287517668,40.30266217327623],[20.380993965049672,40.30291221053396]]]},"properties":{"Zk_Numer":2239,"Zk_Emer":"KOSOVË-GOSNISHT","Nr_Pas":"217/16","Vol":1,"Faqe":223,"Pronaret":"SHTET","Kufizimet":"PASURIA OKUPOHET NGA PËLLUMB IBRAHIMI\r\n","Siperfaqe":5704}},
{"type":"Feature","geometry":{"type":"Polygon","coordinates":[[[20.380993965049672,40.30291221053396],[20.381086287517668,40.30266217327623],[20.381170942591375,40.302193367025055],[20.38139284896936,40.30233034119051],[20.38150912864879,40.302263103906306],[20.381805921656458,40.30267930605168],[20.381306995154418,40.302757361203106],[20.380993965049672,40.30291221053396]]]},"properties":{"Zk_Numer":2239,"Zk_Emer":"KOSOVË-GOSNISHT","Nr_Pas":"217/17","Vol":1,"Faqe":224,"Pronaret":"SHTET","Kufizimet":"PASURIA OKUPOHET NGA TOMORR IBRAHIMI","Siperfaqe":2628}},
{"type":"Feature","geometry":{"type":"Polygon","coordinates":[[[20.385632576457542,40.30174870934375],[20.3856474739395,40.30168443935193],[20.38599135681858,40.3016866380951],[20.386381508892747,40.30165240720617],[20.386388050834928,40.3016943013628],[20.38645734462246,40.30185002620775],[20.386467133953996,40.301937028043945],[20.385564774025273,40.30188744263481],[20.385632576457542,40.30174870934375]]]},"properties":{"Zk_Numer":2239,"Zk_Emer":"KOSOVË-GOSNISHT","Nr_Pas":"98/20","Vol":1,"Faqe":225,"Pronaret":"SHTET","Kufizimet":"PASURIA OKUPOHET NGA NOVRUZ LAME","Siperfaqe":1826}},
{"type":"Feature","geometry":{"type":"Polygon","coordinates":[[[20.383963730132056,40.301362751713775],[20.384712967331552,40.30108703027041],[20.385168015152356,40.30101764454484],[20.3850411128635,40.30126916061323],[20.38498467215639,40.301381023554256],[20.384499777750765,40.30137229007136],[20.383963730132056,40.301362751713775]]]},"properties":{"Zk_Numer":2239,"Zk_Emer":"KOSOVË-GOSNISHT","Nr_Pas":"98/21","Vol":1,"Faqe":226,"Pronaret":"SHTET","Kufizimet":"PASURIA OKUPOHET NGA GOLI LIKA","Siperfaqe":2114}},
{"type":"Feature","geometry":{"type":"Polygon","coordinates":[[[20.38381814407895,40.300372406663755],[20.384126080961558,40.300146760837436],[20.384348881413228,40.30042206709196],[20.38448559288502,40.30036123896876],[20.384642425181383,40.30084668631543],[20.384712967331552,40.30108703027041],[20.383963730132056,40.301362751713775],[20.383765965558272,40.30088662198172],[20.38385798779937,40.3005286700536],[20.38377971479956,40.30040056618877],[20.38381814407895,40.300372406663755]]]},"properties":{"Zk_Numer":2239,"Zk_Emer":"KOSOVË-GOSNISHT","Nr_Pas":"98/22","Vol":1,"Faqe":227,"Pronaret":"SHTET","Kufizimet":"PASURIA OKUPOHET NGA HIPOKRAT KURETA","Siperfaqe":6956}},
{"type":"Feature","geometry":{"type":"Polygon","coordinates":[[[20.384975579022495,40.300198026633936],[20.38532909200152,40.299793902104575],[20.385550143367034,40.29995232822086],[20.385588278109804,40.29997965903146],[20.385677549565564,40.30013741163829],[20.3857232051284,40.30056394018512],[20.385539708438536,40.300416697023934],[20.385429658437488,40.30036928142722],[20.38522443238184,40.30028085828943],[20.384975579022495,40.300198026633936]]]},"properties":{"Zk_Numer":2239,"Zk_Emer":"KOSOVË-GOSNISHT","Nr_Pas":"98/23","Vol":1,"Faqe":228,"Pronaret":"SHTET","Kufizimet":"PASURIA OKUPOHET NGA MAZLLUM IBRAHIMI","Siperfaqe":2540}},
{"type":"Feature","geometry":{"type":"Polygon","coordinates":[[[20.38385798779937,40.3005286700536],[20.38348937848849,40.30052336146894],[20.383158635943676,40.30052906498012],[20.382693844821194,40.3005793762315],[20.382470605550335,40.300668384920286],[20.382240116001256,40.300489538655086],[20.382595190828354,40.3002533302585],[20.38292915389403,40.3002320184198],[20.383309342546013,40.300148997102426],[20.38363411751566,40.30013007603231],[20.383765497396098,40.30037729751501],[20.38377971479956,40.30040056618877],[20.38385798779937,40.3005286700536]]]},"properties":{"Zk_Numer":2239,"Zk_Emer":"KOSOVË-GOSNISHT","Nr_Pas":"86/7","Vol":1,"Faqe":229,"Pronaret":"SHTET","Kufizimet":"PASURIA OKUPOHET NGA XHEMAL PAÇE","Siperfaqe":4648}},
{"type":"Feature","geometry":{"type":"Polygon","coordinates":[[[20.38245297816469,40.29986831038992],[20.382595190828354,40.3002533302585],[20.382240116001256,40.300489538655086],[20.381885748811808,40.30008217613931],[20.38245297816469,40.29986831038992]]]},"properties":{"Zk_Numer":2239,"Zk_Emer":"KOSOVË-GOSNISHT","Nr_Pas":"86/8","Vol":1,"Faqe":230,"Pronaret":"SHTET","Kufizimet":"PASURIA OKUPOHET NGA POLIKRON GORE","Siperfaqe":2252}},
{"type":"Feature","geometry":{"type":"Polygon","coordinates":[[[20.38245297816469,40.29986831038992],[20.383086678393802,40.29966134482896],[20.383309342546013,40.300148997102426],[20.38292915389403,40.3002320184198],[20.382595190828354,40.3002533302585],[20.38245297816469,40.29986831038992]]]},"properties":{"Zk_Numer":2239,"Zk_Emer":"KOSOVË-GOSNISHT","Nr_Pas":"86/9","Vol":1,"Faqe":231,"Pronaret":"SHTET","Kufizimet":"PASURIA OKUPOHET NGA ANDROKLI JANKU TOTI","Siperfaqe":3137}},
{"type":"Feature","geometry":{"type":"Polygon","coordinates":[[[20.383530287996983,40.299516459771205],[20.383086678393802,40.29966134482896],[20.38245297816469,40.29986831038992],[20.381885748811808,40.30008217613931],[20.382036781155957,40.2994417916252],[20.382560685830885,40.29924766186466],[20.383070688961343,40.299127858889754],[20.38354315745319,40.29906070859779],[20.383530287996983,40.299516459771205]]]},"properties":{"Zk_Numer":2239,"Zk_Emer":"KOSOVË-GOSNISHT","Nr_Pas":"86/10","Vol":1,"Faqe":232,"Pronaret":"SHTET","Kufizimet":"PASURIA OKUPOHET NGA BAJRAM IBRAHIMI","Siperfaqe":8184}},
{"type":"Feature","geometry":{"type":"Polygon","coordinates":[[[20.383086678393802,40.29966134482896],[20.383530287996983,40.299516459771205],[20.383662337330133,40.299818927311556],[20.38363411751566,40.30013007603231],[20.383309342546013,40.300148997102426],[20.383086678393802,40.29966134482896]]]},"properties":{"Zk_Numer":2239,"Zk_Emer":"KOSOVË-GOSNISHT","Nr_Pas":"86/11","Vol":1,"Faqe":233,"Pronaret":"SHTET","Kufizimet":"PASURIA OKUPOHET NGA QAKO NAQE","Siperfaqe":2358}},
{"type":"Feature","geometry":{"type":"Polygon","coordinates":[[[20.396297580754272,40.30694186686491],[20.395939455203607,40.30717456068478],[20.396122364259025,40.30760271351638],[20.39600478447203,40.307952000620496],[20.396136271537422,40.308301132783214],[20.395956955891123,40.30837218289419],[20.39541304759692,40.30772138629759],[20.395484300277143,40.30724004657498],[20.39523147467196,40.306930873359015],[20.39570070157625,40.3067724069446],[20.396132575691936,40.306770928994005],[20.396297580754272,40.30694186686491]]]},"properties":{"Zk_Numer":2239,"Zk_Emer":"KOSOVË-GOSNISHT","Nr_Pas":"55/5","Vol":1,"Faqe":234,"Pronaret":"SHTET","Kufizimet":"PASURIA OKUPOHET NGA PASHO PASHO","Siperfaqe":8320}},
{"type":"Feature","geometry":{"type":"Polygon","coordinates":[[[20.39523147467196,40.306930873359015],[20.3953881330048,40.30660824714779],[20.395684776919836,40.30638553396489],[20.396303299523463,40.30651727282701],[20.396501810055746,40.30680954596961],[20.396297580754272,40.30694186686491],[20.396132575691936,40.306770928994005],[20.39570070157625,40.3067724069446],[20.39523147467196,40.306930873359015]]]},"properties":{"Zk_Numer":2239,"Zk_Emer":"KOSOVË-GOSNISHT","Nr_Pas":"55/6","Vol":1,"Faqe":235,"Pronaret":"SHTET","Kufizimet":"PASURIA OKUPOHET NGA TELI RUSHO","Siperfaqe":3532}},
{"type":"Feature","geometry":{"type":"Polygon","coordinates":[[[20.397927929241508,40.30940949337573],[20.397611472013413,40.30909596939622],[20.39789947919564,40.309047510275505],[20.398080367849467,40.309090168460706],[20.398240066776406,40.30925296783321],[20.397927929241508,40.30940949337573]]]},"properties":{"Zk_Numer":2239,"Zk_Emer":"KOSOVË-GOSNISHT","Nr_Pas":"55/7","Vol":1,"Faqe":236,"Pronaret":"SHTET","Kufizimet":"PASURIA OKUPOHET NGA HIPOKRAT KURETA","Siperfaqe":1160}},
{"type":"Feature","geometry":{"type":"Polygon","coordinates":[[[20.39707541228474,40.30753737974342],[20.397369339945946,40.307546086654206],[20.397709959748827,40.307474127493784],[20.397780950645,40.30751552382453],[20.39789008707726,40.30787464442769],[20.39761014805718,40.30801317824112],[20.396949042047904,40.30795316968681],[20.396745506266623,40.307955239482894],[20.396701433564868,40.30786378164207],[20.39707541228474,40.30753737974342]]]},"properties":{"Zk_Numer":2239,"Zk_Emer":"KOSOVË-GOSNISHT","Nr_Pas":"55/8","Vol":1,"Faqe":237,"Pronaret":"SHTET","Kufizimet":"PASURIA OKUPOHET NGA MUSTAFA MEÇE","Siperfaqe":4178}},
{"type":"Feature","geometry":{"type":"Polygon","coordinates":[[[20.399033127882326,40.30782565897913],[20.398627606622725,40.307807668472925],[20.398494551275153,40.30764886403014],[20.398658506686406,40.30752227385649],[20.39899696404936,40.30752387681171],[20.399093023863966,40.30764295216302],[20.399033127882326,40.30782565897913]]]},"properties":{"Zk_Numer":2239,"Zk_Emer":"KOSOVË-GOSNISHT","Nr_Pas":"55/9","Vol":1,"Faqe":238,"Pronaret":"SHTET","Kufizimet":"PASURIA OKUPOHET NGA PASHO PASHO","Siperfaqe":1350}},
{"type":"Feature","geometry":{"type":"Polygon","coordinates":[[[20.39961150226154,40.30793034407876],[20.39921870977105,40.30791923673897],[20.399404429262134,40.30749483949426],[20.399563499968732,40.30746243926347],[20.399685594256994,40.307604654446166],[20.39961150226154,40.30793034407876]]]},"properties":{"Zk_Numer":2239,"Zk_Emer":"KOSOVË-GOSNISHT","Nr_Pas":"55/10","Vol":1,"Faqe":239,"Pronaret":"SHTET","Kufizimet":"PASURIA OKUPOHET NGA JOSIF KURETA","Siperfaqe":1393}},
{"type":"Feature","geometry":{"type":"Polygon","coordinates":[[[20.400792311871566,40.30696875911928],[20.401022473662586,40.30711027063409],[20.400650029670018,40.307336768602106],[20.400314148584087,40.30733378637667],[20.40024976713883,40.3071336710853],[20.400792311871566,40.30696875911928]]]},"properties":{"Zk_Numer":2239,"Zk_Emer":"KOSOVË-GOSNISHT","Nr_Pas":"55/11","Vol":1,"Faqe":240,"Pronaret":"SHTET","Kufizimet":"PASURIA OKUPOHET NGA JOSIF KURETA","Siperfaqe":1643}},
{"type":"Feature","geometry":{"type":"Polygon","coordinates":[[[20.396399479104584,40.30640489814392],[20.396222205265428,40.306230595588524],[20.396284030834007,40.3059711800618],[20.396669739811657,40.305997253777534],[20.396858523367456,40.306255810046565],[20.396399479104584,40.30640489814392]]]},"properties":{"Zk_Numer":2239,"Zk_Emer":"KOSOVË-GOSNISHT","Nr_Pas":"55/12","Vol":1,"Faqe":241,"Pronaret":"SHTET","Kufizimet":"PASURIA OKUPOHET NGA TEKI BREGU","Siperfaqe":1736}},
{"type":"Feature","geometry":{"type":"Polygon","coordinates":[[[20.397472090818724,40.30633436787044],[20.397898153679154,40.306417095703715],[20.397721357474996,40.30693398968659],[20.397315157097715,40.30699553063518],[20.397350063076303,40.30676282445031],[20.397159107804125,40.30627359540979],[20.397472090818724,40.30633436787044]]]},"properties":{"Zk_Numer":2239,"Zk_Emer":"KOSOVË-GOSNISHT","Nr_Pas":"55/13","Vol":1,"Faqe":242,"Pronaret":"SHTET","Kufizimet":"PASURIA OKUPOHET NGA HALIL PAÇE","Siperfaqe":3062}},
{"type":"Feature","geometry":{"type":"Polygon","coordinates":[[[20.39830043826677,40.30644241998813],[20.398195096311024,40.30698228029836],[20.397721357474996,40.30693398968659],[20.397898153679154,40.306417095703715],[20.39830043826677,40.30644241998813]]]},"properties":{"Zk_Numer":2239,"Zk_Emer":"KOSOVË-GOSNISHT","Nr_Pas":"55/14","Vol":1,"Faqe":243,"Pronaret":"SHTET","Kufizimet":"PASURIA OKUPOHET NGA ALEKSANDRA NAÇE","Siperfaqe":2234}},
{"type":"Feature","geometry":{"type":"Polygon","coordinates":[[[20.398739768314332,40.306665427827255],[20.39884048347306,40.30701170375962],[20.398195096311024,40.30698228029836],[20.39830043826677,40.30644241998813],[20.398739768314332,40.306665427827255]]]},"properties":{"Zk_Numer":2239,"Zk_Emer":"KOSOVË-GOSNISHT","Nr_Pas":"55/15","Vol":1,"Faqe":244,"Pronaret":"SHTET","Kufizimet":"PASURIA OKUPOHET NGA AGIM SULEJMANI","Siperfaqe":2271}},
{"type":"Feature","geometry":{"type":"Polygon","coordinates":[[[20.398739768314332,40.306665427827255],[20.398969560360143,40.306550989007526],[20.399635618482097,40.30671781116495],[20.399620206485096,40.30690985375499],[20.39884048347306,40.30701170375962],[20.398739768314332,40.306665427827255]]]},"properties":{"Zk_Numer":2239,"Zk_Emer":"KOSOVË-GOSNISHT","Nr_Pas":"55/16","Vol":1,"Faqe":245,"Pronaret":"SHTET","Kufizimet":"PASURIA OKUPOHET NGA SAZAN RUSTEMI","Siperfaqe":2679}},
{"type":"Feature","geometry":{"type":"Polygon","coordinates":[[[20.397159107804125,40.30627359540979],[20.397117197069324,40.306136632988974],[20.397491669208378,40.30564852525889],[20.39781713263204,40.30572748979677],[20.397571980494217,40.30611606369419],[20.397472090818724,40.30633436787044],[20.397159107804125,40.30627359540979]]]},"properties":{"Zk_Numer":2239,"Zk_Emer":"KOSOVË-GOSNISHT","Nr_Pas":"55/17","Vol":1,"Faqe":246,"Pronaret":"SHTET","Kufizimet":"PASURIA OKUPOHET NGA NIKOLLA JANKU TOTI","Siperfaqe":2349}},
{"type":"Feature","geometry":{"type":"Polygon","coordinates":[[[20.39830043826677,40.30644241998813],[20.397898153679154,40.306417095703715],[20.397472090818724,40.30633436787044],[20.397571980494217,40.30611606369419],[20.398366911869346,40.30601431913799],[20.39868357886355,40.3062144112248],[20.39830043826677,40.30644241998813]]]},"properties":{"Zk_Numer":2239,"Zk_Emer":"KOSOVË-GOSNISHT","Nr_Pas":"55/18","Vol":1,"Faqe":247,"Pronaret":"SHTET","Kufizimet":"PASURIA OKUPOHET NGA HIPOKRAT KURETA","Siperfaqe":3288}},
{"type":"Feature","geometry":{"type":"Polygon","coordinates":[[[20.39830043826677,40.30644241998813],[20.39868357886355,40.3062144112248],[20.398969560360143,40.306550989007526],[20.398739768314332,40.306665427827255],[20.39830043826677,40.30644241998813]]]},"properties":{"Zk_Numer":2239,"Zk_Emer":"KOSOVË-GOSNISHT","Nr_Pas":"55/19","Vol":1,"Faqe":248,"Pronaret":"SHTET","Kufizimet":"","Siperfaqe":1396}},
{"type":"Feature","geometry":{"type":"Polygon","coordinates":[[[20.39344700269593,40.30216795798732],[20.393425352332756,40.302172274592216],[20.393379742300233,40.30189792420047],[20.39320981980875,40.301686558350696],[20.39297041141587,40.30185881870388],[20.392764845399125,40.30178364463589],[20.392852417473193,40.30152625590429],[20.392909857929876,40.30133577658961],[20.393062975113583,40.301395394835595],[20.39321085826584,40.30148547242938],[20.393416451014414,40.30156455135413],[20.3935227528421,40.301641441841475],[20.393672800767934,40.30174794039303],[20.393724988880354,40.30183683758545],[20.39365626430434,40.30188179499457],[20.393494919857993,40.30201439844071],[20.39348047698113,40.30206068280128],[20.39344700269593,40.30216795798732]]]},"properties":{"Zk_Numer":2239,"Zk_Emer":"KOSOVË-GOSNISHT","Nr_Pas":"119/54","Vol":1,"Faqe":249,"Pronaret":"SHTET","Kufizimet":"PASURIA OKUPOHET NGA SOKRAT KRECI","Siperfaqe":2874}},
{"type":"Feature","geometry":{"type":"Polygon","coordinates":[[[20.393186727473548,40.30240083694162],[20.39289497886906,40.302341473521324],[20.39293037525408,40.30223789448473],[20.393220528843298,40.302300442407905],[20.393186727473548,40.30240083694162]]]},"properties":{"Zk_Numer":2239,"Zk_Emer":"KOSOVË-GOSNISHT","Nr_Pas":"1/1","Vol":2,"Faqe":23,"Pronaret":"SHTET","Kufizimet":"PASURIA POSEDOHET NGA SOKRAT STATHI KRECI SIPAS AMTP NR. 2012","Siperfaqe":300}},
{"type":"Feature","geometry":{"type":"Polygon","coordinates":[[[20.393071341001924,40.302574599792855],[20.39302065340463,40.30260411389734],[20.392977373254944,40.30267604015329],[20.392962120771212,40.30271406428745],[20.3927905963986,40.3026720816913],[20.392859200175348,40.302507781072265],[20.393071341001924,40.302574599792855]]]},"properties":{"Zk_Numer":2239,"Zk_Emer":"KOSOVË-GOSNISHT","Nr_Pas":"1/2","Vol":2,"Faqe":24,"Pronaret":"SHTET","Kufizimet":"PASURIA POSEDOHET NGA BAJRAM KASO IBRAHIMI SIPAS AMTP NR. 1994","Siperfaqe":300}},
{"type":"Feature","geometry":{"type":"Polygon","coordinates":[[[20.39298872505281,40.302719831399656],[20.392921622335383,40.3028674771446],[20.39273035854727,40.30282087227444],[20.3927905963986,40.3026720816913],[20.392962120771212,40.30271406428745],[20.39298872505281,40.302719831399656]]]},"properties":{"Zk_Numer":2239,"Zk_Emer":"KOSOVË-GOSNISHT","Nr_Pas":"1/3","Vol":2,"Faqe":25,"Pronaret":"SHTET","Kufizimet":"PASYURIA OKUPOHET NGA VANI FIKU","Siperfaqe":300}},
{"type":"Feature","geometry":{"type":"Polygon","coordinates":[[[20.39298872505281,40.302719831399656],[20.393004666823153,40.3026767227189],[20.393043762503787,40.30261612937381],[20.3931691703466,40.3025432467595],[20.39324363596844,40.30250673418272],[20.39330730379411,40.302465106351306],[20.39334246815403,40.30243192371474],[20.393416438177734,40.302370101769924],[20.39341710526711,40.30239783276585],[20.393408137559888,40.30243946129972],[20.39337478800178,40.30249670906514],[20.393217323586008,40.30266552164187],[20.393028301410286,40.30291044778269],[20.39301843011222,40.302932147584],[20.393015612536797,40.30296141113873],[20.393027995588177,40.30298490917658],[20.392874892652667,40.303128878515984],[20.392733477970072,40.30328948650219],[20.392459152579708,40.3034669251535],[20.39242429428779,40.30353527211882],[20.39243106013401,40.30363559478948],[20.392466900684596,40.30373702271268],[20.39245282555932,40.30381323280204],[20.392386052656512,40.30401215437245],[20.392391324239803,40.30413220875489],[20.392464386960988,40.304211139887755],[20.392612543378526,40.30429169386051],[20.392638338167245,40.304347785518125],[20.39259984379864,40.30433382804355],[20.39254782207634,40.30431216733582],[20.392513885843528,40.304295007958515],[20.39246796697501,40.3042817074496],[20.392431741736637,40.30428095338562],[20.392343940032724,40.30427912565965],[20.39226833062859,40.304269645346686],[20.392113299722855,40.3042195198055],[20.392087914182344,40.304200531540566],[20.392075858692518,40.30417988118726],[20.392079978365715,40.3041454549008],[20.392086505266647,40.30409091240721],[20.39206770444708,40.3039916624072],[20.391985980599,40.30376569247347],[20.391939075716813,40.30367010581755],[20.391857390253804,40.303600642189565],[20.39184198843599,40.30358377961483],[20.39184072183988,40.303554101126345],[20.391843184279445,40.30354014722445],[20.391857098405552,40.3035274517668],[20.39187964858959,40.30351491309594],[20.391959132217583,40.30345233172778],[20.392020496763077,40.30335706178139],[20.392040286069086,40.30329219511688],[20.392069811556414,40.30311490574139],[20.39209978212076,40.302951473812776],[20.392177576389187,40.302772011311994],[20.39222490849117,40.30266282106513],[20.392312135834423,40.302541011264296],[20.392386868570483,40.302459367444264],[20.39250029016427,40.3023517406141],[20.392608051783604,40.302205008596395],[20.392634967981127,40.302143248381],[20.392654521083124,40.302069620140635],[20.392654776139885,40.302023018230635],[20.392618521004405,40.30197424382381],[20.392578074317218,40.30193208443981],[20.392492388401255,40.30190590645839],[20.392417200229097,40.30190017131389],[20.392355202205913,40.301905355695425],[20.392333994562374,40.30190449170194],[20.39231027533367,40.30189240438596],[20.392298949188085,40.301872787519024],[20.392305856919858,40.30183612928283],[20.392317188131162,40.30182179979001],[20.392367937712656,40.30180471250409],[20.392445407055487,40.30178948941592],[20.39251958495348,40.30178120135452],[20.39261191875936,40.30178262457897],[20.392713746084823,40.30180689145209],[20.392806588733244,40.30185495645123],[20.392965179478274,40.301943708523524],[20.393083886618168,40.30202521577528],[20.393195861440102,40.3021117882049],[20.393295535244505,40.30220708869474],[20.39341081766584,40.30233939156667],[20.393320872276867,40.302415696832696],[20.39322687878423,40.3024887733263],[20.3931588586188,40.302523640387776],[20.393071341001924,40.302574599792855],[20.392859200175348,40.302507781072265],[20.3927905963986,40.3026720816913],[20.39273035854727,40.30282087227444],[20.392921622335383,40.3028674771446],[20.39298872505281,40.302719831399656]],[[20.393186727473548,40.30240083694162],[20.393220528843298,40.302300442407905],[20.39293037525408,40.30223789448473],[20.39289497886906,40.302341473521324],[20.393186727473548,40.30240083694162]]]},"properties":{"Zk_Numer":2239,"Zk_Emer":"KOSOVË-GOSNISHT","Nr_Pas":"1/4","Vol":2,"Faqe":26,"Pronaret":"SHTET","Kufizimet":"","Siperfaqe":14389}},
{"type":"Feature","geometry":{"type":"Polygon","coordinates":[[[20.393416438177734,40.302370101769924],[20.39334246815403,40.30243192371474],[20.39330730379411,40.302465106351306],[20.39324363596844,40.30250673418272],[20.3931691703466,40.3025432467595],[20.393043762503787,40.30261612937381],[20.393004666823153,40.3026767227189],[20.39298872505281,40.302719831399656],[20.392962120771212,40.30271406428745],[20.392977373254944,40.30267604015329],[20.39302065340463,40.30260411389734],[20.393071341001924,40.302574599792855],[20.3931588586188,40.302523640387776],[20.39322687878423,40.3024887733263],[20.393320872276867,40.302415696832696],[20.39341081766584,40.30233939156667],[20.393416438177734,40.302370101769924]]]},"properties":{"Zk_Numer":2239,"Zk_Emer":"KOSOVË-GOSNISHT","Nr_Pas":"1/5","Vol":2,"Faqe":27,"Pronaret":"SHTET","Kufizimet":"","Siperfaqe":137}},
{"type":"Feature","geometry":{"type":"Polygon","coordinates":[[[20.392304570459796,40.30505660791871],[20.392348352654995,40.30503028891849],[20.39234738740713,40.30496714430591],[20.392431486516106,40.304877799254015],[20.392553825050634,40.304767805561916],[20.392353260500762,40.30464447758468],[20.392219526189486,40.30476198698763],[20.392188436687263,40.304778212565196],[20.392062321928343,40.304710187774916],[20.39201244305233,40.304746055344985],[20.392123031658908,40.304846769429105],[20.392069941837523,40.304888807797106],[20.39192402819869,40.30477115131809],[20.39185010237763,40.30469577641544],[20.391851784440647,40.3046408964813],[20.391871781715498,40.304587797366125],[20.391888601724652,40.30454313483367],[20.391935398722406,40.30441887343733],[20.3919655135569,40.304352163531085],[20.392005235236695,40.30431906394813],[20.39208307673054,40.304304741741525],[20.392185774045615,40.30431602837539],[20.392275221541063,40.304336596779514],[20.392353278601924,40.304336332088525],[20.392434436172113,40.30433953706594],[20.392528195800846,40.30434594073747],[20.392580365675006,40.30436643934394],[20.392642811747255,40.304379798052686],[20.392689735102966,40.30437784318505],[20.392888291415247,40.30461943864761],[20.39305161643166,40.3047850831601],[20.393139150393655,40.304884189275676],[20.393160819996343,40.30515060009234],[20.393119681992907,40.30526104335669],[20.39301547146955,40.30535121755729],[20.39289374198906,40.30539742175985],[20.392861787140586,40.30544420157864],[20.392848521170095,40.305543327269554],[20.392827542536516,40.30562485187948],[20.392847242721324,40.30566287383332],[20.39288560953714,40.305736922817005],[20.392874621166765,40.305780911636795],[20.392825919193132,40.3059064767541],[20.392685556792163,40.306060206333925],[20.392567675555323,40.30618931312379],[20.39247293001675,40.30626041643212],[20.39220252621132,40.30638127847493],[20.392063868547613,40.306447379604435],[20.391975516180207,40.30656073921346],[20.391843720516174,40.30672983747469],[20.391666135208272,40.306936744093484],[20.391601447692217,40.30708650805293],[20.391510471695106,40.30719054912334],[20.391285519915037,40.30738536093854],[20.3912268993331,40.30740838986609],[20.391073969658198,40.307422843687085],[20.390982503046033,40.307431488358716],[20.39092844409332,40.3074577132154],[20.390894747030654,40.307510787272456],[20.390638647738925,40.30728703770868],[20.39066860691387,40.307065433764244],[20.390730504268664,40.30696580005401],[20.39071951979526,40.30676856665007],[20.390907391711522,40.30674718963407],[20.39117184211891,40.306644845566254],[20.391536076834164,40.306324045336375],[20.391651529733796,40.306062845875886],[20.39155542966277,40.3058340403031],[20.391620191294844,40.30561154203784],[20.391557194746305,40.30546080062095],[20.39186941264702,40.30541270866808],[20.392006933210816,40.30557339955954],[20.392066661910917,40.30564801641225],[20.392222636240522,40.30573694121996],[20.392322061298206,40.305749929675066],[20.3924136797036,40.30583098929014],[20.39246006968297,40.3058806772986],[20.392472964077747,40.305921554108565],[20.392477400790128,40.30595990886691],[20.392459430860622,40.30599875032899],[20.392442920177874,40.3060249537314],[20.392433965721334,40.306052835704804],[20.392430453322973,40.30609084995828],[20.392427850200797,40.30615909803794],[20.392447001170886,40.30615952617577],[20.392448694571772,40.30611512865221],[20.39245387687798,40.30605426351659],[20.392459082493513,40.30603161640791],[20.392472278541145,40.306008226342406],[20.392495972998287,40.305961914501545],[20.392491141231524,40.30591465914822],[20.39248194718205,40.30587315466888],[20.392442206413993,40.305828050412885],[20.392352098366462,40.30573510858304],[20.39235073384819,40.30571722219693],[20.392409620299247,40.30559469350382],[20.392409481610567,40.305505455833],[20.392395317410315,40.305362965818304],[20.39242097941267,40.30532670457161],[20.392399344030267,40.30520293513397],[20.39236114980318,40.30513178465236],[20.392360147275497,40.305100826496755],[20.392304570459796,40.30505660791871]]]},"properties":{"Zk_Numer":2239,"Zk_Emer":"KOSOVË-GOSNISHT","Nr_Pas":"1/8","Vol":2,"Faqe":30,"Pronaret":"SHTET","Kufizimet":"","Siperfaqe":25146}},
{"type":"Feature","geometry":{"type":"Polygon","coordinates":[[[20.39209306385108,40.304905344101876],[20.39224395348515,40.3047702137214],[20.39238258551467,40.304856927271544],[20.392217278263878,40.30499417902631],[20.39209306385108,40.304905344101876]]]},"properties":{"Zk_Numer":2239,"Zk_Emer":"KOSOVË-GOSNISHT","Nr_Pas":"1/6","Vol":2,"Faqe":28,"Pronaret":"SHTET","Kufizimet":"PASURIA POSEDOHET NGA NAZLLËM ( MAZLLUM) YSO IBRAHIMI SIPAS AMTP NR. 2013","Siperfaqe":300}},
{"type":"Feature","geometry":{"type":"Polygon","coordinates":[[[20.392069941837523,40.304888807797106],[20.392123031658908,40.304846769429105],[20.39201244305233,40.304746055344985],[20.392062321928343,40.304710187774916],[20.392188436687263,40.304778212565196],[20.392219526189486,40.30476198698763],[20.392353260500762,40.30464447758468],[20.392553825050634,40.304767805561916],[20.392431486516106,40.304877799254015],[20.39234738740713,40.30496714430591],[20.392348352654995,40.30503028891849],[20.392304570459796,40.30505660791871],[20.392217278263878,40.30499417902631],[20.39238258551467,40.304856927271544],[20.39224395348515,40.3047702137214],[20.39209306385108,40.304905344101876],[20.392069941837523,40.304888807797106]]]},"properties":{"Zk_Numer":2239,"Zk_Emer":"KOSOVË-GOSNISHT","Nr_Pas":"1/7","Vol":2,"Faqe":29,"Pronaret":"SHTET","Kufizimet":"PASURIA OKUPOHET NGA AGRON IBRAHIMI","Siperfaqe":676}},
{"type":"Feature","geometry":{"type":"Polygon","coordinates":[[[20.39224547974574,40.30534847549145],[20.39224332146936,40.3053108930682],[20.39223955659688,40.30516797681299],[20.392228924396754,40.30512392976351],[20.392330406901593,40.3051042504535],[20.392340014184477,40.30513422482602],[20.39238203293613,40.305205435240374],[20.392398247833675,40.3053245156377],[20.39238574736102,40.305343908969235],[20.39224547974574,40.30534847549145]]]},"properties":{"Zk_Numer":2239,"Zk_Emer":"KOSOVË-GOSNISHT","Nr_Pas":"1/9","Vol":2,"Faqe":31,"Pronaret":"SHTET","Kufizimet":"PASURIA OKUPOHET NGA BAJRAM DHE MAZLLUM IBRAHIMI","Siperfaqe":300}},
{"type":"Feature","geometry":{"type":"Polygon","coordinates":[[[20.39222504076517,40.30526866960419],[20.39222924668383,40.305347970341515],[20.392169851162755,40.30538818051822],[20.39209831706339,40.30539184141447],[20.39205482283447,40.305394780577835],[20.392025075753804,40.30536247891564],[20.392013108449042,40.30529339859208],[20.39222504076517,40.30526866960419]]]},"properties":{"Zk_Numer":2239,"Zk_Emer":"KOSOVË-GOSNISHT","Nr_Pas":"1/10","Vol":2,"Faqe":32,"Pronaret":"SHTET","Kufizimet":"PASURIA OKUPOHET NGA VELI BREGU","Siperfaqe":200}},
{"type":"Feature","geometry":{"type":"Polygon","coordinates":[[[20.391984259504838,40.305148479220996],[20.392208519771454,40.30512886573782],[20.39221449560477,40.30516535081102],[20.392222193315114,40.3052149820779],[20.39222504076517,40.30526866960419],[20.392013108449042,40.30529339859208],[20.391984259504838,40.305148479220996]]]},"properties":{"Zk_Numer":2239,"Zk_Emer":"KOSOVË-GOSNISHT","Nr_Pas":"1/11","Vol":2,"Faqe":33,"Pronaret":"SHTET","Kufizimet":"PASURIA POSEDOHET NGA TAHIR VELI BREGU SIPAS AMTP NR. 1999.","Siperfaqe":300}},
{"type":"Feature","geometry":{"type":"Polygon","coordinates":[[[20.391844019032252,40.305258013023824],[20.391720313193897,40.30518883835098],[20.391861399131802,40.305037218738015],[20.392007489869926,40.305128756593355],[20.391984259504838,40.305148479220996],[20.39186080747274,40.305251910738534],[20.391851197236413,40.30525246894551],[20.391844019032252,40.305258013023824]]]},"properties":{"Zk_Numer":2239,"Zk_Emer":"KOSOVË-GOSNISHT","Nr_Pas":"1/12","Vol":2,"Faqe":34,"Pronaret":"SHTET","Kufizimet":"PASURIA OKUPOHET NGA ALI RUSTEMI","Siperfaqe":300}},
{"type":"Feature","geometry":{"type":"Polygon","coordinates":[[[20.392025075753804,40.30536247891564],[20.391993257680593,40.305330049177314],[20.39186080747274,40.305251910738534],[20.391984259504838,40.305148479220996],[20.392013108449042,40.30529339859208],[20.392025075753804,40.30536247891564]]]},"properties":{"Zk_Numer":2239,"Zk_Emer":"KOSOVË-GOSNISHT","Nr_Pas":"1/13","Vol":2,"Faqe":35,"Pronaret":"SHTET","Kufizimet":"","Siperfaqe":137}},
{"type":"Feature","geometry":{"type":"Polygon","coordinates":[[[20.391812000888645,40.30470272716462],[20.391876770891074,40.304781614580584],[20.392044832447276,40.304910563123144],[20.39222719434922,40.305047436861535],[20.392204990726,40.30510731935436],[20.392208519771454,40.30512886573782],[20.391984259504838,40.305148479220996],[20.392007489869926,40.305128756593355],[20.391861399131802,40.305037218738015],[20.391720313193897,40.30518883835098],[20.391543992176583,40.305090241488585],[20.3916495222751,40.30489230734728],[20.391812000888645,40.30470272716462]]]},"properties":{"Zk_Numer":2239,"Zk_Emer":"KOSOVË-GOSNISHT","Nr_Pas":"1/14","Vol":2,"Faqe":36,"Pronaret":"SHTET","Kufizimet":"","Siperfaqe":1530}},
{"type":"Feature","geometry":{"type":"Polygon","coordinates":[[[20.39238574736102,40.305343908969235],[20.39237482630335,40.30536085197377],[20.392385973370153,40.30546187505632],[20.392166953797854,40.305496748254754],[20.392143815695583,40.305407265954784],[20.39217247074681,40.305403733026516],[20.392232781861615,40.3053730001234],[20.39224547974574,40.30534847549145],[20.39238574736102,40.305343908969235]]]},"properties":{"Zk_Numer":2239,"Zk_Emer":"KOSOVË-GOSNISHT","Nr_Pas":"1/15","Vol":2,"Faqe":37,"Pronaret":"SHTET","Kufizimet":"PASURIA OKUPOHET NGA SALI IBRAHIMI","Siperfaqe":250}},
{"type":"Feature","geometry":{"type":"Polygon","coordinates":[[[20.392370261474866,40.30562444099653],[20.39220771041469,40.30564589381022],[20.392166953797854,40.305496748254754],[20.392385973370153,40.30546187505632],[20.392391066964713,40.30550803692694],[20.392392246920327,40.30559092122396],[20.392370261474866,40.30562444099653]]]},"properties":{"Zk_Numer":2239,"Zk_Emer":"KOSOVË-GOSNISHT","Nr_Pas":"1/16","Vol":2,"Faqe":38,"Pronaret":"SHTET","Kufizimet":"PASURIA OKUPOHET NGA METE PASHO","Siperfaqe":300}},
{"type":"Feature","geometry":{"type":"Polygon","coordinates":[[[20.392370261474866,40.30562444099653],[20.39232459319996,40.30570965050175],[20.392319594530218,40.30571788964504],[20.392270020080435,40.30571700328691],[20.39222573441605,40.30571185097273],[20.39208280703187,40.30563689370757],[20.392017029024462,40.305549059793954],[20.391891255594945,40.30540574225869],[20.391866548227426,40.30528321116033],[20.391870880881136,40.30527747070444],[20.391881230981106,40.30528075460572],[20.39197835392621,40.305337235000536],[20.39200870423403,40.30536560635632],[20.392039441767004,40.30539529219692],[20.392066219258968,40.30541683290924],[20.392143815695583,40.305407265954784],[20.392166953797854,40.305496748254754],[20.39220771041469,40.30564589381022],[20.392370261474866,40.30562444099653]]]},"properties":{"Zk_Numer":2239,"Zk_Emer":"KOSOVË-GOSNISHT","Nr_Pas":"1/17","Vol":2,"Faqe":39,"Pronaret":"SHTET","Kufizimet":"","Siperfaqe":650}},
{"type":"Feature","geometry":{"type":"Polygon","coordinates":[[[20.392304570459796,40.30505660791871],[20.392360147275497,40.305100826496755],[20.39236114980318,40.30513178465236],[20.392399344030267,40.30520293513397],[20.39242097941267,40.30532670457161],[20.392395317410315,40.305362965818304],[20.392409481610567,40.305505455833],[20.392409620299247,40.30559469350382],[20.39235073384819,40.30571722219693],[20.392352098366462,40.30573510858304],[20.392442206413993,40.305828050412885],[20.39248194718205,40.30587315466888],[20.392491141231524,40.30591465914822],[20.392495972998287,40.305961914501545],[20.392472278541145,40.306008226342406],[20.392459082493513,40.30603161640791],[20.39245387687798,40.30605426351659],[20.392448694571772,40.30611512865221],[20.392447001170886,40.30615952617577],[20.392427850200797,40.30615909803794],[20.392430453322973,40.30609084995828],[20.392433965721334,40.306052835704804],[20.392442920177874,40.3060249537314],[20.392459430860622,40.30599875032899],[20.392477400790128,40.30595990886691],[20.392472964077747,40.305921554108565],[20.39246006968297,40.3058806772986],[20.3924136797036,40.30583098929014],[20.392322061298206,40.305749929675066],[20.392222636240522,40.30573694121996],[20.392066661910917,40.30564801641225],[20.392006933210816,40.30557339955954],[20.39186941264702,40.30541270866808],[20.391851293116506,40.30532337057812],[20.391844019032252,40.305258013023824],[20.391851197236413,40.30525246894551],[20.39186080747274,40.305251910738534],[20.391993257680593,40.305330049177314],[20.392025075753804,40.30536247891564],[20.39205482283447,40.305394780577835],[20.39209831706339,40.30539184141447],[20.392169851162755,40.30538818051822],[20.39222924668383,40.305347970341515],[20.39222504076517,40.30526866960419],[20.392222193315114,40.3052149820779],[20.39221449560477,40.30516535081102],[20.392208519771454,40.30512886573782],[20.392204990726,40.30510731935436],[20.39222719434922,40.305047436861535],[20.392044832447276,40.304910563123144],[20.391876770891074,40.304781614580584],[20.391812000888645,40.30470272716462],[20.391811526687814,40.30462065412609],[20.391863921720077,40.304514455140385],[20.391911247790947,40.304401416558534],[20.39195671654298,40.304303834492714],[20.392064302663876,40.304277988792485],[20.392263930247843,40.304305792952995],[20.392346536588907,40.304316426624645],[20.39244196428716,40.30432021825606],[20.3924836250103,40.30432669684956],[20.392528195800846,40.30434594073747],[20.392434436172113,40.30433953706594],[20.392353278601924,40.304336332088525],[20.392275221541063,40.304336596779514],[20.392185774045615,40.30431602837539],[20.39208307673054,40.304304741741525],[20.392005235236695,40.30431906394813],[20.3919655135569,40.304352163531085],[20.391935398722406,40.30441887343733],[20.391888601724652,40.30454313483367],[20.391871781715498,40.304587797366125],[20.391851784440647,40.3046408964813],[20.39185010237763,40.30469577641544],[20.39192402819869,40.30477115131809],[20.392069941837523,40.304888807797106],[20.39209306385108,40.304905344101876],[20.392217278263878,40.30499417902631],[20.392304570459796,40.30505660791871]],[[20.39238574736102,40.305343908969235],[20.392398247833675,40.3053245156377],[20.39238203293613,40.305205435240374],[20.392340014184477,40.30513422482602],[20.392330406901593,40.3051042504535],[20.392228924396754,40.30512392976351],[20.39223955659688,40.30516797681299],[20.39224332146936,40.3053108930682],[20.39224547974574,40.30534847549145],[20.392232781861615,40.3053730001234],[20.39217247074681,40.305403733026516],[20.392143815695583,40.305407265954784],[20.392066219258968,40.30541683290924],[20.392039441767004,40.30539529219692],[20.39200870423403,40.30536560635632],[20.39197835392621,40.305337235000536],[20.391881230981106,40.30528075460572],[20.391870880881136,40.30527747070444],[20.391866548227426,40.30528321116033],[20.391891255594945,40.30540574225869],[20.392017029024462,40.305549059793954],[20.39208280703187,40.30563689370757],[20.39222573441605,40.30571185097273],[20.392270020080435,40.30571700328691],[20.392319594530218,40.30571788964504],[20.39232459319996,40.30570965050175],[20.392370261474866,40.30562444099653],[20.392392246920327,40.30559092122396],[20.392391066964713,40.30550803692694],[20.392385973370153,40.30546187505632],[20.39237482630335,40.30536085197377],[20.39238574736102,40.305343908969235]]]},"properties":{"Zk_Numer":2239,"Zk_Emer":"KOSOVË-GOSNISHT","Nr_Pas":"1/18","Vol":2,"Faqe":40,"Pronaret":"SHTET","Kufizimet":"","Siperfaqe":1004}},
{"type":"Feature","geometry":{"type":"Polygon","coordinates":[[[20.391635647721653,40.30398164823227],[20.39166345637487,40.304000633119095],[20.39169159803558,40.30408954671508],[20.39170396472068,40.30413579773225],[20.391704214690897,40.304179074379924],[20.391535668618857,40.30418717766436],[20.39151738882974,40.30398801044237],[20.391635647721653,40.30398164823227]]]},"properties":{"Zk_Numer":2239,"Zk_Emer":"KOSOVË-GOSNISHT","Nr_Pas":"1/19","Vol":2,"Faqe":41,"Pronaret":"SHTET","Kufizimet":"PASURIA OKUPOHET NGA LILO TAKA","Siperfaqe":300}},
{"type":"Feature","geometry":{"type":"Polygon","coordinates":[[[20.391704214690897,40.304179074379924],[20.391704570825528,40.30424073081407],[20.391550015766654,40.30441483566278],[20.391498082919483,40.304401455780244],[20.39153347580269,40.30432093303795],[20.391521278309447,40.304262338224504],[20.391498358320995,40.304152233968615],[20.39139707239714,40.304126342764526],[20.391364223588617,40.304077921576685],[20.391363769406567,40.303999221638946],[20.39140810994348,40.30395972102025],[20.391577711289816,40.30394209514244],[20.391635647721653,40.30398164823227],[20.39151738882974,40.30398801044237],[20.391535668618857,40.30418717766436],[20.391704214690897,40.304179074379924]]]},"properties":{"Zk_Numer":2239,"Zk_Emer":"KOSOVË-GOSNISHT","Nr_Pas":"1/20","Vol":2,"Faqe":42,"Pronaret":"SHTET","Kufizimet":"PASURIA OKUPOHET NGA LILO TAKA","Siperfaqe":585}},
{"type":"Feature","geometry":{"type":"Polygon","coordinates":[[[20.391757584827516,40.30396390834294],[20.391676533267365,40.30374751700753],[20.391806337094515,40.303713373576116],[20.39189393580433,40.30393355593921],[20.391757584827516,40.30396390834294]]]},"properties":{"Zk_Numer":2239,"Zk_Emer":"KOSOVË-GOSNISHT","Nr_Pas":"1/21","Vol":2,"Faqe":43,"Pronaret":"SHTET","Kufizimet":"PASURIA OKUPOHET NGA SANI BREKU DHE NANI LIKA","Siperfaqe":300}},
{"type":"Feature","geometry":{"type":"Polygon","coordinates":[[[20.3931602381046,40.30401923685728],[20.3930904814574,40.30403549641201],[20.39289832741743,40.30407742789872],[20.392806925219922,40.30411949148312],[20.392786643867108,40.304142038499734],[20.392783565856355,40.304161583408785],[20.392783569815098,40.30418080884399],[20.39279408498939,40.30425207423808],[20.39278590767353,40.30429527698508],[20.392764515313132,40.30433431902886],[20.392762211726616,40.304336521276745],[20.392733513244913,40.30436395724824],[20.392689735102966,40.30437784318505],[20.392642811747255,40.304379798052686],[20.392580365675006,40.30436643934394],[20.392528195800846,40.30434594073747],[20.3924836250103,40.30432669684956],[20.39244196428716,40.30432021825606],[20.392346536588907,40.304316426624645],[20.392263930247843,40.304305792952995],[20.392092609745227,40.30426033324955],[20.3920495335939,40.304228112486065],[20.392025466183973,40.304186886367205],[20.392031139474945,40.30413947747693],[20.392036964138278,40.30409080357524],[20.392019858043327,40.30400049972577],[20.391940006821677,40.30377970726802],[20.39189845176443,40.30369502282802],[20.391822322689087,40.3036302842082],[20.39179354476928,40.30359877687884],[20.391791468711606,40.30355013051996],[20.3917971849977,40.30351773817693],[20.3918283606732,40.30348929303402],[20.391852861703143,40.30347566962756],[20.3919212826919,40.30342179843081],[20.391974793681694,40.30333872138921],[20.39199212201644,40.30328192157925],[20.392021276867737,40.303106858471686],[20.392052126065636,40.30293863592108],[20.392131780831058,40.30275488175001],[20.392180974434922,40.30264139737182],[20.39227276216423,40.302513219254934],[20.39235081130829,40.30242795237442],[20.392462201185133,40.30232225350292],[20.392563203528738,40.30218472525359],[20.39260544741337,40.302061647798034],[20.39260559502956,40.30203468012897],[20.392579804493423,40.30199998382508],[20.392552629352423,40.30197165795741],[20.392492782547844,40.30195337411076],[20.39243349896503,40.30194885213183],[20.392373006705864,40.301953910604354],[20.392328739553523,40.30195210717675],[20.392274397028775,40.301924414235664],[20.39224783701024,40.30187841227598],[20.39225729150839,40.30182823895374],[20.392199260136245,40.30183753031324],[20.3921192648457,40.30185613719919],[20.39206706405484,40.3018593233566],[20.392018194818334,40.301856049794296],[20.391969604230763,40.3018316585956],[20.39192378339043,40.301772919943716],[20.391894797586627,40.30171635950491],[20.391845513232717,40.30165030905817],[20.391811616315117,40.30160744498769],[20.391683425335522,40.3015231749505],[20.39162321628388,40.301479844534036],[20.391432961301426,40.30134292388885],[20.39130447241697,40.3012886881875],[20.39120438351959,40.30124644008098],[20.391134248712806,40.30123639162835],[20.391061600295714,40.30124428967014],[20.39093366023165,40.301276027967155],[20.39077201131844,40.301330015977214],[20.390672639318076,40.30133873165832],[20.39061055136198,40.301327767948884],[20.390464584646097,40.301268045054805],[20.39025888176031,40.30120607452999],[20.390185801894066,40.3011402848293],[20.390552091170864,40.30125797304886],[20.390646587069988,40.30129473677071],[20.390686017250395,40.30130231712567],[20.390734117999425,40.30130105525214],[20.39089938008904,40.301244622187646],[20.39101322010291,40.30121277502413],[20.391088101567995,40.3012062969824],[20.391161039256826,40.301207822881565],[20.391225912106403,40.30121602308486],[20.391383337930435,40.301267826952625],[20.391458213973984,40.30130435368084],[20.39168158889505,40.3014482816614],[20.391855652406857,40.301572805276955],[20.39194439477346,40.30165251024569],[20.39202336158294,40.30181227851588],[20.392082306893062,40.30182080237388],[20.392151550849878,40.30181085414821],[20.392297571103047,40.301785253020974],[20.392372117771735,40.30176706675909],[20.392510090121135,40.30174779548674],[20.392623996770638,40.30175293770489],[20.39271950026451,40.301775625031475],[20.39289616654617,40.301858524646754],[20.393001072928225,40.301915506796114],[20.39312256155017,40.302002001514225],[20.393245969465703,40.30209610164251],[20.393354368327056,40.30219376415385],[20.393440423774415,40.3021884538912],[20.393413002906566,40.302244479675394],[20.393412352260714,40.3023107403509],[20.39341081766584,40.30233939156667],[20.393295535244505,40.30220708869474],[20.393195861440102,40.3021117882049],[20.393083886618168,40.30202521577528],[20.392965179478274,40.301943708523524],[20.392806588733244,40.30185495645123],[20.392713746084823,40.30180689145209],[20.39261191875936,40.30178262457897],[20.39251958495348,40.30178120135452],[20.392445407055487,40.30178948941592],[20.392367937712656,40.30180471250409],[20.392317188131162,40.30182179979001],[20.392305856919858,40.30183612928283],[20.392298949188085,40.301872787519024],[20.39231027533367,40.30189240438596],[20.392333994562374,40.30190449170194],[20.392355202205913,40.301905355695425],[20.392417200229097,40.30190017131389],[20.392492388401255,40.30190590645839],[20.392578074317218,40.30193208443981],[20.392618521004405,40.30197424382381],[20.392654776139885,40.302023018230635],[20.392654521083124,40.302069620140635],[20.392634967981127,40.302143248381],[20.392608051783604,40.302205008596395],[20.39250029016427,40.3023517406141],[20.392386868570483,40.302459367444264],[20.392312135834423,40.302541011264296],[20.39222490849117,40.30266282106513],[20.392177576389187,40.302772011311994],[20.39209978212076,40.302951473812776],[20.392069811556414,40.30311490574139],[20.392040286069086,40.30329219511688],[20.392020496763077,40.30335706178139],[20.391959132217583,40.30345233172778],[20.39187964858959,40.30351491309594],[20.391857098405552,40.3035274517668],[20.391843184279445,40.30354014722445],[20.39184072183988,40.303554101126345],[20.39184198843599,40.30358377961483],[20.391857390253804,40.303600642189565],[20.391939075716813,40.30367010581755],[20.391985980599,40.30376569247347],[20.39206770444708,40.3039916624072],[20.392086505266647,40.30409091240721],[20.392079978365715,40.3041454549008],[20.392075858692518,40.30417988118726],[20.392087914182344,40.304200531540566],[20.392113299722855,40.3042195198055],[20.39226833062859,40.304269645346686],[20.392343940032724,40.30427912565965],[20.392431741736637,40.30428095338562],[20.39246796697501,40.3042817074496],[20.392513885843528,40.304295007958515],[20.39254782207634,40.30431216733582],[20.39259984379864,40.30433382804355],[20.392638338167245,40.304347785518125],[20.392675120962213,40.30435165384773],[20.392702845781194,40.304341781531726],[20.392723035263927,40.30432118024911],[20.392741284614527,40.30428127754579],[20.39274888931037,40.304254834656206],[20.39273819624299,40.304181830670885],[20.392741922832474,40.304141566746566],[20.392762671270685,40.30411033399818],[20.392815106615142,40.304080724914925],[20.392869926505387,40.30404992803938],[20.392995642209936,40.30402023643655],[20.3931213578034,40.30399054469748],[20.393180586310084,40.30392837741765],[20.393224490192164,40.303882295039585],[20.3933297671369,40.303835774004696],[20.39342858863947,40.303805890324384],[20.39346688052549,40.30381118027576],[20.39355583360704,40.30382346892296],[20.39367663766885,40.30383177542656],[20.39377500253337,40.30383441584592],[20.39380779082309,40.30383529596709],[20.394012737414897,40.303791693920246],[20.394015209053496,40.30381292450179],[20.393819215717215,40.30385057575904],[20.39362630508639,40.30384910135516],[20.39348454227593,40.3038272843777],[20.393419494328437,40.30383021872384],[20.393298729650343,40.30389410805039],[20.3931922386555,40.30398714889181],[20.3931602381046,40.30401923685728]]]},"properties":{"Zk_Numer":2239,"Zk_Emer":"KOSOVË-GOSNISHT","Nr_Pas":"1/23","Vol":2,"Faqe":44,"Pronaret":"SHTET","Kufizimet":"","Siperfaqe":3602}},
{"type":"Feature","geometry":{"type":"Polygon","coordinates":[[[20.394120825119803,40.301935676393036],[20.393991785984273,40.301944738223675],[20.39394167938166,40.301960082236356],[20.39384763618344,40.302042195194964],[20.393731436645858,40.302179909632066],[20.393687264069843,40.30227294288962],[20.393630018989732,40.30242707766948],[20.393465184614794,40.302555093416736],[20.393259513962704,40.30273622203787],[20.393078140082174,40.30292169937068],[20.393076369223838,40.30291058173153],[20.39325212029352,40.3026902302255],[20.39341762814096,40.30251098778325],[20.393445428300467,40.30246841019143],[20.393458750197258,40.30239859466902],[20.393461934035486,40.30236284110498],[20.39347211097054,40.30225683843461],[20.393485391118798,40.302202932075794],[20.39353510591204,40.30204873449569],[20.393543040201383,40.302029392474246],[20.393593830941466,40.301984576168394],[20.39373466568466,40.3018899702127],[20.39387766507331,40.30180677654702],[20.393989883498865,40.3017072154594],[20.394078600917624,40.3016114632083],[20.39416183832445,40.301515924310976],[20.394307837754393,40.30139890054608],[20.394412246321988,40.30133313952397],[20.394492583562013,40.3012903460245],[20.394600403397522,40.301252519411676],[20.39468881077923,40.30123353643563],[20.394833249575715,40.301228804281216],[20.39505807097632,40.301237437157745],[20.395099569204937,40.30123977409249],[20.395133715983626,40.30124892368481],[20.395166418397178,40.30126139405713],[20.39520587625004,40.301279770207145],[20.395261683603113,40.301321921851425],[20.395285026392493,40.30133436165175],[20.395321981702043,40.30134541019672],[20.395240703234382,40.30139312360141],[20.39518855031944,40.301413831371505],[20.39513265744257,40.301427826840815],[20.395010182280537,40.30144735899479],[20.394866948210215,40.3014932254265],[20.39479278631504,40.30154763446968],[20.394702480918436,40.30165100807611],[20.394582365532276,40.30173577569638],[20.394472394177356,40.30181446947397],[20.394336492900635,40.30185682855277],[20.394178115343493,40.30188238565692],[20.394120825119803,40.301935676393036]],[[20.394522865424367,40.30130677717325],[20.394280816984676,40.301457963827296],[20.393974878181304,40.3017424381206],[20.39418565036329,40.301849596167465],[20.394402536630285,40.301795737791934],[20.394661028643895,40.30160702373393],[20.39478956165142,40.30150543427199],[20.39497509230745,40.301413914851445],[20.39527158418604,40.3013561646521],[20.39504957820298,40.30126807293001],[20.394763619950567,40.30124034359082],[20.394522865424367,40.30130677717325]]]},"properties":{"Zk_Numer":2239,"Zk_Emer":"KOSOVË-GOSNISHT","Nr_Pas":"119/55","Vol":2,"Faqe":45,"Pronaret":"SHTET","Kufizimet":"","Siperfaqe":2955}},
{"type":"Feature","geometry":{"type":"Polygon","coordinates":[[[20.39199100603777,40.302106496041915],[20.39214729235765,40.3020391549322],[20.39245680966407,40.30214346183975],[20.392336686288367,40.30231961529001],[20.3919144579746,40.30221642525086],[20.39199100603777,40.302106496041915]]]},"properties":{"Zk_Numer":2239,"Zk_Emer":"KOSOVË-GOSNISHT","Nr_Pas":"1/22","Vol":2,"Faqe":46,"Pronaret":"SHTET","Kufizimet":"PASURIA OKUPOHET NGA HIPOKRAT KURETA","Siperfaqe":840}},
{"type":"Feature","geometry":{"type":"Polygon","coordinates":[[[20.394188830201,40.30473661321733],[20.394177347893578,40.30476228318462],[20.394144412197768,40.30481748991598],[20.39409456436943,40.304857712725216],[20.393989528441246,40.30480035676793],[20.39407151901044,40.30466021385075],[20.39412166472096,40.30462463154015],[20.39420050742111,40.30460004517804],[20.39420478330376,40.30465445425126],[20.394206874194904,40.30467655328163],[20.394201848301343,40.304696347133],[20.394188830201,40.30473661321733]]]},"properties":{"Zk_Numer":2239,"Zk_Emer":"KOSOVË-GOSNISHT","Nr_Pas":"2/1","Vol":2,"Faqe":47,"Pronaret":"SHTET","Kufizimet":"PASURIA OKUPOHET NGA SHEFQET MEÇO","Siperfaqe":300}},
{"type":"Feature","geometry":{"type":"Polygon","coordinates":[[[20.392995642209936,40.30402023643655],[20.392894901013513,40.303928458773235],[20.39308829203185,40.30381867690793],[20.393180586310084,40.30392837741765],[20.3931213578034,40.30399054469748],[20.392995642209936,40.30402023643655]]]},"properties":{"Zk_Numer":2239,"Zk_Emer":"KOSOVË-GOSNISHT","Nr_Pas":"2/2","Vol":2,"Faqe":48,"Pronaret":"SHTET","Kufizimet":"PASURIA OKUPOHET NGA PERIKLI TETA","Siperfaqe":300}},
{"type":"Feature","geometry":{"type":"Polygon","coordinates":[[[20.392869926505387,40.30404992803938],[20.392749807689892,40.304004421582874],[20.39286175007916,40.30387589955181],[20.393032837106517,40.303743762146816],[20.39308703664034,40.303706171881686],[20.3931474140325,40.3037623988642],[20.393306067187947,40.303671597474086],[20.393388101905828,40.30374665962976],[20.39342858863947,40.303805890324384],[20.3933297671369,40.303835774004696],[20.393224490192164,40.303882295039585],[20.393180586310084,40.30392837741765],[20.39308829203185,40.30381867690793],[20.392894901013513,40.303928458773235],[20.392995642209936,40.30402023643655],[20.392869926505387,40.30404992803938]]]},"properties":{"Zk_Numer":2239,"Zk_Emer":"KOSOVË-GOSNISHT","Nr_Pas":"2/3","Vol":2,"Faqe":49,"Pronaret":"SHTET","Kufizimet":"PASURIA OKUPOHET NGA PERIKLI TETA","Siperfaqe":807}},
{"type":"Feature","geometry":{"type":"Polygon","coordinates":[[[20.393071196917084,40.303689446555666],[20.392843762786423,40.3038107432074],[20.392757863847077,40.30371538104306],[20.392983120443272,40.303596445512945],[20.393071196917084,40.303689446555666]]]},"properties":{"Zk_Numer":2239,"Zk_Emer":"KOSOVË-GOSNISHT","Nr_Pas":"2/4","Vol":2,"Faqe":50,"Pronaret":"SHTET","Kufizimet":"PASURIA POSEDOHET NGA STAVRO ILIA GUDA SIPAS AMTP NR. 2022","Siperfaqe":300}},
{"type":"Feature","geometry":{"type":"Polygon","coordinates":[[[20.39334013966699,40.30324153169124],[20.39324310464547,40.30313912972461],[20.393477307277493,40.303052077607404],[20.393560771659896,40.303164138609134],[20.39334013966699,40.30324153169124]]]},"properties":{"Zk_Numer":2239,"Zk_Emer":"KOSOVË-GOSNISHT","Nr_Pas":"2/5","Vol":2,"Faqe":51,"Pronaret":"SHTET","Kufizimet":"PASURIA POSEDOHET NGA TOMOR NAZLLËM (MAZLLUM)  IBRAHIMI SIPAS AMTP NR.1998","Siperfaqe":300}},
{"type":"Feature","geometry":{"type":"Polygon","coordinates":[[[20.39362452856394,40.30452813569688],[20.393497684507917,40.30445885064963],[20.393475246471848,40.3044406641634],[20.393467626525567,40.30442595366452],[20.39352893314089,40.3043587415346],[20.393601407785894,40.30431429981874],[20.393739812971504,40.304388400450456],[20.39362452856394,40.30452813569688]]]},"properties":{"Zk_Numer":2239,"Zk_Emer":"KOSOVË-GOSNISHT","Nr_Pas":"2/6","Vol":2,"Faqe":52,"Pronaret":"SHTET","Kufizimet":"PASURIA OKUPOHET NGA LIKO LICO","Siperfaqe":300}},
{"type":"Feature","geometry":{"type":"Polygon","coordinates":[[[20.394334768205532,40.3044981181026],[20.394313591502208,40.304504246367465],[20.394217120423473,40.30453216379061],[20.39420137390728,40.30454117857369],[20.394197152484377,40.30455735474659],[20.394064038612957,40.304416227499495],[20.394099159656996,40.30439681008204],[20.394141574843093,40.3043733599137],[20.394282767231797,40.30435724003197],[20.394334768205532,40.3044981181026]]]},"properties":{"Zk_Numer":2239,"Zk_Emer":"KOSOVË-GOSNISHT","Nr_Pas":"2/7","Vol":2,"Faqe":53,"Pronaret":"SHTET","Kufizimet":"PASURIA OKUPOHET NGA KOLAQ LOCE","Siperfaqe":300}},
{"type":"Feature","geometry":{"type":"Polygon","coordinates":[[[20.394637215930665,40.30450773439422],[20.394477052401697,40.304577911824765],[20.394413179353503,40.30448627667998],[20.394697581288483,40.30432664908206],[20.39466733660554,40.30445882026409],[20.394637215930665,40.30450773439422]]]},"properties":{"Zk_Numer":2239,"Zk_Emer":"KOSOVË-GOSNISHT","Nr_Pas":"2/8","Vol":2,"Faqe":54,"Pronaret":"SHTET","Kufizimet":"PASURIA POSEDOHET NGA  AGIM JAUP SULEJMANI (KANE) SIPAS AMTP NR. 2007","Siperfaqe":300}},
{"type":"Feature","geometry":{"type":"Polygon","coordinates":[[[20.394697581288483,40.30432664908206],[20.394413179353503,40.30448627667998],[20.394477052401697,40.304577911824765],[20.394637215930665,40.30450773439422],[20.394624682791566,40.30452808742101],[20.39455598755649,40.304632156151946],[20.394507895169216,40.30467111143561],[20.394469867114122,40.30468699716566],[20.39442781939748,40.30469274198546],[20.394306799177894,40.304696243899755],[20.394267086083612,40.30470175780323],[20.39423973889321,40.30467038211315],[20.39422198701674,40.30456736660412],[20.39422560985285,40.304557884431745],[20.39423289119304,40.30454876868241],[20.394246344842163,40.30454165198577],[20.394266453980105,40.304534526005106],[20.39430126927834,40.30452400490833],[20.39436618860495,40.30451020905748],[20.39437681811789,40.30450452484063],[20.39439814757245,40.30448854432555],[20.394416979011048,40.30446958812459],[20.39444104903994,40.30443890079242],[20.39448370539683,40.304403208175266],[20.39462039917921,40.3043138266724],[20.39470400945294,40.304298771986915],[20.394703689419526,40.30429995609943],[20.394697581288483,40.30432664908206]]]},"properties":{"Zk_Numer":2239,"Zk_Emer":"KOSOVË-GOSNISHT","Nr_Pas":"2/9","Vol":2,"Faqe":55,"Pronaret":"SHTET","Kufizimet":"PASURIA OKUPOHET NGA AGIM SULEJMANI","Siperfaqe":623}},
{"type":"Feature","geometry":{"type":"Polygon","coordinates":[[[20.394106690757138,40.30430479896056],[20.39384765180039,40.30439307577982],[20.393783970968634,40.304295334751416],[20.394046978126056,40.3042021053686],[20.394106690757138,40.30430479896056]]]},"properties":{"Zk_Numer":2239,"Zk_Emer":"KOSOVË-GOSNISHT","Nr_Pas":"2/10","Vol":2,"Faqe":56,"Pronaret":"SHTET","Kufizimet":"PASURIA OKUPOHET NGA ENVER NEBIU","Siperfaqe":300}},
{"type":"Feature","geometry":{"type":"Polygon","coordinates":[[[20.39455098777453,40.30432211506061],[20.394465619688116,40.3042212776847],[20.39468252134239,40.304113642903076],[20.394763708131087,40.30419811339762],[20.39471883046553,40.304243934709525],[20.39468842221509,40.30426257882755],[20.394574456476427,40.304307760024564],[20.39455098777453,40.30432211506061]]]},"properties":{"Zk_Numer":2239,"Zk_Emer":"KOSOVË-GOSNISHT","Nr_Pas":"2/11","Vol":2,"Faqe":57,"Pronaret":"SHTET","Kufizimet":"PASURIA OKUPOHET NGA DHONI KURRETA","Siperfaqe":300}},
{"type":"Feature","geometry":{"type":"Polygon","coordinates":[[[20.393595769983094,40.304160939289105],[20.393547080080697,40.304043150810436],[20.39379393904584,40.30398147013621],[20.393843118707323,40.304096121304624],[20.393595769983094,40.304160939289105]]]},"properties":{"Zk_Numer":2239,"Zk_Emer":"KOSOVË-GOSNISHT","Nr_Pas":"2/12","Vol":2,"Faqe":58,"Pronaret":"SHTET","Kufizimet":"PASURIA OKUPOHET NGA TEKI BREGU","Siperfaqe":300}},
{"type":"Feature","geometry":{"type":"Polygon","coordinates":[[[20.39344681474768,40.304040409615645],[20.393387196893038,40.30391580175762],[20.393612776791343,40.30385466086329],[20.393672395004888,40.30397926860468],[20.39344681474768,40.304040409615645]]]},"properties":{"Zk_Numer":2239,"Zk_Emer":"KOSOVË-GOSNISHT","Nr_Pas":"2/13","Vol":2,"Faqe":59,"Pronaret":"SHTET","Kufizimet":"PASURIA POSEDOHET NGA PËLLUMB BIDO IBRAHIMI SIPAS AMTP NR. 2018","Siperfaqe":300}},
{"type":"Feature","geometry":{"type":"Polygon","coordinates":[[[20.394291028024927,40.30386063941999],[20.39423834363943,40.3038609726476],[20.39423737421954,40.30390947337697],[20.39411358513141,40.303909169967376],[20.394113676768587,40.303861671672905],[20.39404593373541,40.3038623774424],[20.39404542961688,40.303750159122536],[20.394137554321613,40.30374992704439],[20.394138003837835,40.30377100981111],[20.394215741909083,40.303770940915726],[20.394215693240067,40.30375007979943],[20.394293832158443,40.3037502325017],[20.394291028024927,40.30386063941999]]]},"properties":{"Zk_Numer":2239,"Zk_Emer":"KOSOVË-GOSNISHT","Nr_Pas":"2/14","Vol":2,"Faqe":60,"Pronaret":"SHTET","Kufizimet":"PASURIA OKUPOHET NGA THANAS DHOSI","Siperfaqe":300}},
{"type":"Feature","geometry":{"type":"Polygon","coordinates":[[[20.394012737414897,40.303791693920246],[20.394005542415908,40.30372989111137],[20.39407135130778,40.303694741068234],[20.394153470169183,40.30368646812541],[20.394162927930452,40.303685515313425],[20.394268733395673,40.303699716990614],[20.394404180174433,40.30374828305552],[20.3944080495824,40.30381709364926],[20.394409643428826,40.30384543735204],[20.394298757361874,40.303933379171774],[20.39414253004561,40.30393391151078],[20.394024875715576,40.303895957890106],[20.394015209053496,40.30381292450179],[20.394012737414897,40.303791693920246]],[[20.394291028024927,40.30386063941999],[20.394293832158443,40.3037502325017],[20.394215693240067,40.30375007979943],[20.394215741909083,40.303770940915726],[20.394138003837835,40.30377100981111],[20.394137554321613,40.30374992704439],[20.39404542961688,40.303750159122536],[20.39404593373541,40.3038623774424],[20.394113676768587,40.303861671672905],[20.39411358513141,40.303909169967376],[20.39423737421954,40.30390947337697],[20.39423834363943,40.3038609726476],[20.394291028024927,40.30386063941999]]]},"properties":{"Zk_Numer":2239,"Zk_Emer":"KOSOVË-GOSNISHT","Nr_Pas":"2/15","Vol":2,"Faqe":61,"Pronaret":"SHTET","Kufizimet":"PASURIA OKUPOHET NGA THANAS DHOSI","Siperfaqe":475}},
{"type":"Feature","geometry":{"type":"Polygon","coordinates":[[[20.394012737414897,40.303791693920246],[20.39380779082309,40.30383529596709],[20.39377500253337,40.30383441584592],[20.393730555404712,40.303725732106024],[20.39397455042114,40.30366696910081],[20.394005542415908,40.30372989111137],[20.394012737414897,40.303791693920246]]]},"properties":{"Zk_Numer":2239,"Zk_Emer":"KOSOVË-GOSNISHT","Nr_Pas":"2/16","Vol":2,"Faqe":62,"Pronaret":"SHTET","Kufizimet":"PASURIA OKUPOHET NGA VANI BUALIOTI","Siperfaqe":300}},
{"type":"Feature","geometry":{"type":"Polygon","coordinates":[[[20.39346688052549,40.30381118027576],[20.393460203350923,40.303800678240364],[20.393428734535114,40.303751183211425],[20.393487230114083,40.30372086453834],[20.39360530093954,40.303710425980555],[20.39373567460295,40.30359691828892],[20.393791584151295,40.30356068278109],[20.393961586980218,40.30350222594547],[20.394066504017232,40.30347541223965],[20.39409928560946,40.30347509194908],[20.394118204664746,40.30354761044621],[20.394142329658372,40.30364260250533],[20.394153470169183,40.30368646812541],[20.39407135130778,40.303694741068234],[20.394005542415908,40.30372989111137],[20.39397455042114,40.30366696910081],[20.393730555404712,40.303725732106024],[20.39377500253337,40.30383441584592],[20.39367663766885,40.30383177542656],[20.39355583360704,40.30382346892296],[20.39346688052549,40.30381118027576]]]},"properties":{"Zk_Numer":2239,"Zk_Emer":"KOSOVË-GOSNISHT","Nr_Pas":"2/17","Vol":2,"Faqe":63,"Pronaret":"SHTET","Kufizimet":"PASURIA OKUPOHET NGA VANI BUALIOTI","Siperfaqe":1049}},
{"type":"Feature","geometry":{"type":"Polygon","coordinates":[[[20.3931602381046,40.30401923685728],[20.3931922386555,40.30398714889181],[20.393298729650343,40.30389410805039],[20.393419494328437,40.30383021872384],[20.39348454227593,40.3038272843777],[20.39362630508639,40.30384910135516],[20.393819215717215,40.30385057575904],[20.394015209053496,40.30381292450179],[20.394024875715576,40.303895957890106],[20.39414253004561,40.30393391151078],[20.394298757361874,40.303933379171774],[20.394409643428826,40.30384543735204],[20.39466205669816,40.303710606489716],[20.39473489028069,40.303672916196106],[20.394795704756362,40.30365443208949],[20.394802635098667,40.303652325660934],[20.394806685854995,40.30368405145793],[20.3945481127784,40.30381709397075],[20.394624993724495,40.303909427090794],[20.394843333192497,40.30380654097619],[20.394863508354803,40.303845282267545],[20.394887082991456,40.30389055132737],[20.39488328280117,40.30409104360266],[20.394852632049073,40.304118073502174],[20.394786011043,40.30417534149105],[20.394763708131087,40.30419811339762],[20.39468252134239,40.304113642903076],[20.394465619688116,40.3042212776847],[20.39455098777453,40.30432211506061],[20.394427997685472,40.30439734389132],[20.394356508497566,40.30448044309215],[20.394334768205532,40.3044981181026],[20.394282767231797,40.30435724003197],[20.394141574843093,40.3043733599137],[20.394099159656996,40.30439681008204],[20.394064038612957,40.304416227499495],[20.394197152484377,40.30455735474659],[20.39420050742111,40.30460004517804],[20.39412166472096,40.30462463154015],[20.39407151901044,40.30466021385075],[20.393989528441246,40.30480035676793],[20.39409456436943,40.304857712725216],[20.39405729779923,40.3048949772748],[20.394022488032476,40.304934636693915],[20.393967617082644,40.30501605458861],[20.39397089780909,40.30495117501036],[20.393964078427484,40.30493998345472],[20.39395406423811,40.30492354876674],[20.393953993618105,40.30490160100564],[20.393959527033665,40.304839846269935],[20.39395158012448,40.30481820567511],[20.39390529222939,40.304722354531755],[20.393857166757144,40.304642595273265],[20.393801443762246,40.30460008717515],[20.393763125780637,40.30458013960861],[20.39371257806816,40.3045706542258],[20.393664880593224,40.30455017681438],[20.39362452856394,40.30452813569688],[20.393739812971504,40.304388400450456],[20.393601407785894,40.30431429981874],[20.393634082853467,40.304294263314596],[20.39368833364707,40.30428833308926],[20.393757853785242,40.3043656805115],[20.393789344794726,40.3043518486584],[20.393722280970458,40.30427819423396],[20.39366935619803,40.30427124732417],[20.393609442052078,40.30428653921737],[20.39350744256473,40.30434455862689],[20.393442020480805,40.30440938494896],[20.39317722424968,40.30424209861521],[20.39308200270796,40.304155144131485],[20.393067629238146,40.30412831761456],[20.393082339694864,40.304097347894995],[20.393128237523452,40.30405132481388],[20.3931602381046,40.30401923685728]],[[20.39344681474768,40.304040409615645],[20.393672395004888,40.30397926860468],[20.393612776791343,40.30385466086329],[20.393387196893038,40.30391580175762],[20.39344681474768,40.304040409615645]],[[20.393595769983094,40.304160939289105],[20.393843118707323,40.304096121304624],[20.39379393904584,40.30398147013621],[20.393547080080697,40.304043150810436],[20.393595769983094,40.304160939289105]],[[20.394106690757138,40.30430479896056],[20.394046978126056,40.3042021053686],[20.393783970968634,40.304295334751416],[20.39384765180039,40.30439307577982],[20.394106690757138,40.30430479896056]]]},"properties":{"Zk_Numer":2239,"Zk_Emer":"KOSOVË-GOSNISHT","Nr_Pas":"2/19","Vol":2,"Faqe":65,"Pronaret":"SHTET","Kufizimet":"","Siperfaqe":7987}},
{"type":"Feature","geometry":{"type":"Polygon","coordinates":[[[20.394806685854995,40.30368405145793],[20.394810736615238,40.303715777254574],[20.394828950395308,40.30377892242597],[20.394843333192497,40.30380654097619],[20.394624993724495,40.303909427090794],[20.3945481127784,40.30381709397075],[20.394806685854995,40.30368405145793]]]},"properties":{"Zk_Numer":2239,"Zk_Emer":"KOSOVË-GOSNISHT","Nr_Pas":"2/18","Vol":2,"Faqe":64,"Pronaret":"SHTET","Kufizimet":"PASURIA OKUPOHET NGA KAMBER PASHO\r\n","Siperfaqe":300}},
{"type":"Feature","geometry":{"type":"Polygon","coordinates":[[[20.3943724707255,40.30373241601133],[20.39430432348657,40.30362119214029],[20.394535606832175,40.30354064214147],[20.394603271841994,40.30365927705275],[20.3943724707255,40.30373241601133]]]},"properties":{"Zk_Numer":2239,"Zk_Emer":"KOSOVË-GOSNISHT","Nr_Pas":"2/20","Vol":2,"Faqe":66,"Pronaret":"SHTET","Kufizimet":"PASURIA POSEDOHET NGA MUSTAFA  SHEFQET MEÇE SIPAS AMTP NR. 2004","Siperfaqe":300}},
{"type":"Feature","geometry":{"type":"Polygon","coordinates":[[[20.394142329658372,40.30364260250533],[20.394408325682523,40.303552071004226],[20.394465926328575,40.303532466565244],[20.39460826234958,40.30348330541675],[20.39463340297516,40.30350014135608],[20.394898506966808,40.303491472748455],[20.394871102029754,40.303518760012025],[20.39485591154268,40.30356506280397],[20.394855193814827,40.30360491253712],[20.39485324619654,40.3036107303536],[20.39471993537502,40.303651249232004],[20.394644016921024,40.30369053589692],[20.3944080495824,40.30381709364926],[20.394404180174433,40.30374828305552],[20.394268733395673,40.303699716990614],[20.394162927930452,40.303685515313425],[20.394153470169183,40.30368646812541],[20.394142329658372,40.30364260250533]],[[20.3943724707255,40.30373241601133],[20.394603271841994,40.30365927705275],[20.394535606832175,40.30354064214147],[20.39430432348657,40.30362119214029],[20.3943724707255,40.30373241601133]]]},"properties":{"Zk_Numer":2239,"Zk_Emer":"KOSOVË-GOSNISHT","Nr_Pas":"2/21","Vol":2,"Faqe":67,"Pronaret":"SHTET","Kufizimet":"PASURIA OKUPOHET NGA MUSTAFA MEÇE","Siperfaqe":820}},
{"type":"Feature","geometry":{"type":"Polygon","coordinates":[[[20.39430308192662,40.3033875047996],[20.394360470341862,40.30348279403609],[20.394369346557813,40.30348044574389],[20.394376371236845,40.30349703729685],[20.39439904867117,40.30353609363425],[20.39420389776528,40.30360459340366],[20.394124211477653,40.30347484840616],[20.39420091845296,40.30344753466655],[20.394250314992394,40.303419836492175],[20.39430308192662,40.3033875047996]]]},"properties":{"Zk_Numer":2239,"Zk_Emer":"KOSOVË-GOSNISHT","Nr_Pas":"2/22","Vol":2,"Faqe":68,"Pronaret":"SHTET","Kufizimet":"PASURIA POSEDOHET NGA PASHO METE PASHO SIPAS AMTP NR.2006","Siperfaqe":300}},
{"type":"Feature","geometry":{"type":"Polygon","coordinates":[[[20.394408325682523,40.303552071004226],[20.394142329658372,40.30364260250533],[20.394118204664746,40.30354761044621],[20.39409928560946,40.30347509194908],[20.394124211477653,40.30347484840616],[20.39420389776528,40.30360459340366],[20.39439904867117,40.30353609363425],[20.394408325682523,40.303552071004226]]]},"properties":{"Zk_Numer":2239,"Zk_Emer":"KOSOVË-GOSNISHT","Nr_Pas":"2/23","Vol":2,"Faqe":69,"Pronaret":"SHTET","Kufizimet":"PASURIA OKUPOHET NGA PASHO METE PASHO","Siperfaqe":111}},
{"type":"Feature","geometry":{"type":"Polygon","coordinates":[[[20.394369346557813,40.30348044574389],[20.394357052652616,40.303459882630634],[20.39434060362887,40.30343175114086],[20.394593843387316,40.30336902164677],[20.394650809998968,40.303478157939395],[20.39460826234958,40.30348330541675],[20.394465926328575,40.303532466565244],[20.394408325682523,40.303552071004226],[20.39439904867117,40.30353609363425],[20.394376371236845,40.30349703729685],[20.394369346557813,40.30348044574389]]]},"properties":{"Zk_Numer":2239,"Zk_Emer":"KOSOVË-GOSNISHT","Nr_Pas":"2/24","Vol":2,"Faqe":70,"Pronaret":"SHTET","Kufizimet":"PASURIA POSEDOHET NGA REFAT METE PASHO SIPAS AMTP NR.1989","Siperfaqe":300}},
{"type":"Feature","geometry":{"type":"Polygon","coordinates":[[[20.394312661547183,40.303383963905716],[20.394397954566454,40.303352437185076],[20.394438567652003,40.30334434555655],[20.394499171653443,40.30334081259806],[20.394534646179306,40.30334279671932],[20.39456440820289,40.30335187495621],[20.394607285169055,40.30335985931136],[20.394677387274562,40.30338547733097],[20.39476677902661,40.303427093243855],[20.39486621521862,40.3034520976463],[20.394650809998968,40.303478157939395],[20.394593843387316,40.30336902164677],[20.39434060362887,40.30343175114086],[20.394312661547183,40.303383963905716]]]},"properties":{"Zk_Numer":2239,"Zk_Emer":"KOSOVË-GOSNISHT","Nr_Pas":"2/25","Vol":2,"Faqe":71,"Pronaret":"SHTET","Kufizimet":"PASURIA OKUPOHET NGA REFAT PASHO","Siperfaqe":254}},
{"type":"Feature","geometry":{"type":"Polygon","coordinates":[[[20.39434060362887,40.30343175114086],[20.394357052652616,40.303459882630634],[20.394369346557813,40.30348044574389],[20.394360470341862,40.30348279403609],[20.39430308192662,40.3033875047996],[20.394312661547183,40.303383963905716],[20.39434060362887,40.30343175114086]]]},"properties":{"Zk_Numer":2239,"Zk_Emer":"KOSOVË-GOSNISHT","Nr_Pas":"2/26","Vol":2,"Faqe":104,"Pronaret":"SHTET","Kufizimet":"","Siperfaqe":10}},
{"type":"Feature","geometry":{"type":"Polygon","coordinates":[[[20.395144055614335,40.30381423665846],[20.39512190306771,40.30378237841237],[20.395301987778144,40.30372898624766],[20.395376894195948,40.3038912597308],[20.395208398943993,40.303940982306855],[20.395144055614335,40.30381423665846]]]},"properties":{"Zk_Numer":2239,"Zk_Emer":"KOSOVË-GOSNISHT","Nr_Pas":"2/27","Vol":2,"Faqe":105,"Pronaret":"SHTET","Kufizimet":"PASURIA POSEDOHET NGA SAZAN ALI  RUSTEMI SIPAS AMTP NR.2023","Siperfaqe":300}},
{"type":"Feature","geometry":{"type":"Polygon","coordinates":[[[20.395452859920322,40.30362467208048],[20.39588216591471,40.30367646706413],[20.39609123023695,40.3037586629356],[20.396107374367077,40.30379049592652],[20.396119849648475,40.30388107950808],[20.396107240096256,40.303953457560915],[20.3960070751377,40.30411795819727],[20.39590232482666,40.304219751712786],[20.395626862157034,40.30428637742003],[20.395451499640263,40.304325943970646],[20.395358589472195,40.30447064660822],[20.394871206486673,40.30447151468093],[20.395038443780685,40.30413577022688],[20.3950088380451,40.3040023213848],[20.395021944980233,40.303926742895314],[20.395052572906547,40.30385890991541],[20.395144055614335,40.30381423665846],[20.395208398943993,40.303940982306855],[20.395376894195948,40.3038912597308],[20.395301987778144,40.30372898624766],[20.39512190306771,40.30378237841237],[20.395132121161893,40.30376155838281],[20.395160903764793,40.30372883957833],[20.395231149308145,40.303696089616274],[20.395452859920322,40.30362467208048]]]},"properties":{"Zk_Numer":2239,"Zk_Emer":"KOSOVË-GOSNISHT","Nr_Pas":"2/28","Vol":2,"Faqe":106,"Pronaret":"SHTET","Kufizimet":"","Siperfaqe":6267}},
{"type":"Feature","geometry":{"type":"Polygon","coordinates":[[[20.395117016507385,40.30343059723866],[20.39510943436288,40.30330114948376],[20.395354261991066,40.303291918617646],[20.395361844601602,40.30342136635448],[20.395117016507385,40.30343059723866]]]},"properties":{"Zk_Numer":2239,"Zk_Emer":"KOSOVË-GOSNISHT","Nr_Pas":"2/29","Vol":2,"Faqe":107,"Pronaret":"SHTET","Kufizimet":"PASURIA OKUPOHET NGA ROMEO NAÇE","Siperfaqe":300}},
{"type":"Feature","geometry":{"type":"Polygon","coordinates":[[[20.394852391678473,40.30330648294497],[20.394801763472973,40.30318283858789],[20.39503533858454,40.30312591238817],[20.39508596717173,40.30324955664244],[20.394852391678473,40.30330648294497]]]},"properties":{"Zk_Numer":2239,"Zk_Emer":"KOSOVË-GOSNISHT","Nr_Pas":"2/30","Vol":2,"Faqe":108,"Pronaret":"SHTET","Kufizimet":"PASURIA POSEDOHET NGA RIZA SAMIT JEMINI SIPAS AMTP NR.2001","Siperfaqe":300}},
{"type":"Feature","geometry":{"type":"Polygon","coordinates":[[[20.395597949836052,40.30352855427471],[20.395541547134084,40.30353602559738],[20.395488919219126,40.30353792434002],[20.395432056953624,40.30352909651256],[20.39538125367006,40.30351538053006],[20.39508704847993,40.30345608908371],[20.39492692878496,40.30343215329409],[20.39478508374092,40.303409428087065],[20.3946281380301,40.30334326949624],[20.394619253140124,40.30332964282328],[20.394636610462207,40.303317887673444],[20.394660569908552,40.30328204325895],[20.39468012640442,40.30321748058903],[20.39467227719465,40.303171337937435],[20.39468426837785,40.30310561510483],[20.394825779152402,40.303007718474596],[20.394958444154536,40.303036562296825],[20.39506744211307,40.303064183625104],[20.39517682395613,40.303098674733796],[20.395336817050563,40.303132373623384],[20.395403745726277,40.3031782382408],[20.39554871191804,40.303302962131184],[20.39557810610656,40.30333433438708],[20.39566562638344,40.303453367461046],[20.39566958302734,40.30347567928396],[20.3956449030156,40.30350870279705],[20.395597949836052,40.30352855427471]],[[20.394852391678473,40.30330648294497],[20.39508596717173,40.30324955664244],[20.39503533858454,40.30312591238817],[20.394801763472973,40.30318283858789],[20.394852391678473,40.30330648294497]],[[20.395117016507385,40.30343059723866],[20.395361844601602,40.30342136635448],[20.395354261991066,40.303291918617646],[20.39510943436288,40.30330114948376],[20.395117016507385,40.30343059723866]]]},"properties":{"Zk_Numer":2239,"Zk_Emer":"KOSOVË-GOSNISHT","Nr_Pas":"2/31","Vol":2,"Faqe":109,"Pronaret":"SHTET","Kufizimet":"","Siperfaqe":2561}},
{"type":"Feature","geometry":{"type":"Polygon","coordinates":[[[20.39430060620347,40.30000083215653],[20.39396123303841,40.30004810033838],[20.393802661430264,40.30007956148271],[20.393487540843445,40.30011509657959],[20.393136132186452,40.3000850129053],[20.392860729248746,40.300089587299496],[20.39263209784383,40.300093384328335],[20.392622526503636,40.3000622144807],[20.393141044009045,40.30005536711467],[20.39346648449771,40.30008505676205],[20.39359247410293,40.30007118861104],[20.39372182902973,40.300058384481005],[20.393894990997907,40.30002970162324],[20.393972319289603,40.3000173674333],[20.39412635509027,40.299996003658684],[20.39430182162968,40.29997166731239],[20.394421223392534,40.29998837418865],[20.39444124588817,40.299994752446764],[20.394546861680197,40.30002839676579],[20.39485741665404,40.30013376087846],[20.395016308485207,40.30019338998903],[20.39506972976771,40.30025399482915],[20.395137386638428,40.3003431505875],[20.395154078152743,40.30035774223796],[20.395199840223555,40.300373754586786],[20.395265416421648,40.30039450129899],[20.39532813561959,40.300406223288135],[20.39537678418176,40.300413368621605],[20.395468969914983,40.30042690848467],[20.395525823714994,40.300441671555284],[20.395460760906776,40.300439239131336],[20.395259656439244,40.300410455102],[20.395191071339113,40.30038462876772],[20.39514160580853,40.30037056258958],[20.395124191165404,40.30036125317357],[20.395105603272455,40.30033639795108],[20.395046083583285,40.300259372578864],[20.39500177731673,40.30021986598326],[20.39494121636356,40.300191533879925],[20.394618841305146,40.3000877419823],[20.394450097964274,40.300029416635745],[20.39430060620347,40.30000083215653]]]},"properties":{"Zk_Numer":2239,"Zk_Emer":"KOSOVË-GOSNISHT","Nr_Pas":"119/56","Vol":2,"Faqe":110,"Pronaret":"SHTET","Kufizimet":"","Siperfaqe":787}},
{"type":"Feature","geometry":{"type":"Polygon","coordinates":[[[20.394937554566127,40.302609398264444],[20.39493134321094,40.30263321242175],[20.394914731914007,40.302689212793574],[20.394926508522346,40.302715000919214],[20.39492854225068,40.30276579742173],[20.39492186396636,40.30285055737601],[20.39494391229495,40.30285242743126],[20.39493240284673,40.30293417112315],[20.394757103804935,40.302919702869566],[20.394504950835536,40.3028505254354],[20.394341560840846,40.30279981113754],[20.39454595517153,40.302652301929164],[20.394555554382276,40.30257282377086],[20.394696384093226,40.30258887977321],[20.394835189306413,40.302591695589875],[20.394937554566127,40.302609398264444]]]},"properties":{"Zk_Numer":2239,"Zk_Emer":"KOSOVË-GOSNISHT","Nr_Pas":"2/32","Vol":2,"Faqe":185,"Pronaret":"KISHA PËRMET ORTODOKSE","Kufizimet":"","Siperfaqe":1350}},
{"type":"Feature","geometry":{"type":"Polygon","coordinates":[[[20.394502183382542,40.30243718917233],[20.394296383916043,40.30248564415131],[20.394286358133975,40.30230684342075],[20.39447225721127,40.30229700850626],[20.394502183382542,40.30243718917233]]]},"properties":{"Zk_Numer":2239,"Zk_Emer":"KOSOVË-GOSNISHT","Nr_Pas":"2/33","Vol":2,"Faqe":111,"Pronaret":"SHTET","Kufizimet":"PASURIA POSEDOHET NGA KONGRES BAJRAM  IBRAHIMI SIPAS AMTP NR. 1995","Siperfaqe":300}},
{"type":"Feature","geometry":{"type":"Polygon","coordinates":[[[20.394757103804935,40.302919702869566],[20.39493240284673,40.30293417112315],[20.39494391229495,40.30285242743126],[20.39492186396636,40.30285055737601],[20.39492854225068,40.30276579742173],[20.394926508522346,40.302715000919214],[20.394914731914007,40.302689212793574],[20.39493134321094,40.30263321242175],[20.394937554566127,40.302609398264444],[20.395120083859354,40.30262449956107],[20.39506338237949,40.302792146621286],[20.39505632833783,40.302813002972414],[20.39500538885202,40.3028007443167],[20.394989355928654,40.30284506865662],[20.39495397135473,40.302942892020035],[20.394933610684838,40.303003758359104],[20.394842456448544,40.30298588426895],[20.394757103804935,40.302919702869566]]]},"properties":{"Zk_Numer":2239,"Zk_Emer":"KOSOVË-GOSNISHT","Nr_Pas":"2/34","Vol":2,"Faqe":112,"Pronaret":"SHTET","Kufizimet":"PASURIA OKUPOHET NGA ROBERT TOTI","Siperfaqe":439}},
{"type":"Feature","geometry":{"type":"Polygon","coordinates":[[[20.39513662530214,40.30301376353347],[20.395063395326016,40.30302920719905],[20.394933610684838,40.303003758359104],[20.39495397135473,40.302942892020035],[20.394989355928654,40.30284506865662],[20.395184444761508,40.302886433751006],[20.39513662530214,40.30301376353347]]]},"properties":{"Zk_Numer":2239,"Zk_Emer":"KOSOVË-GOSNISHT","Nr_Pas":"2/35","Vol":2,"Faqe":113,"Pronaret":"SHTET","Kufizimet":"PASURIA POSEDOHET NGA ODHISE JANKU TOTI SIPAS AMTP NR. 2025","Siperfaqe":300}},
{"type":"Feature","geometry":{"type":"Polygon","coordinates":[[[20.395692391763795,40.30288585243338],[20.39564396913563,40.30299331339512],[20.39549553865183,40.302958309183644],[20.395425599775034,40.30294872090452],[20.39533526043154,40.3029468529528],[20.3954329645755,40.302838265199725],[20.395692391763795,40.30288585243338]]]},"properties":{"Zk_Numer":2239,"Zk_Emer":"KOSOVË-GOSNISHT","Nr_Pas":"2/36","Vol":2,"Faqe":114,"Pronaret":"SHTET","Kufizimet":"PASURIA OKUPOHET NGA KALAM KURRETA","Siperfaqe":300}},
{"type":"Feature","geometry":{"type":"Polygon","coordinates":[[[20.39564396913563,40.30299331339512],[20.395692391763795,40.30288585243338],[20.395696953965896,40.3028757278379],[20.395932592794097,40.30293427932847],[20.395887245827677,40.303057023173764],[20.39564396913563,40.30299331339512]]]},"properties":{"Zk_Numer":2239,"Zk_Emer":"KOSOVË-GOSNISHT","Nr_Pas":"2/37","Vol":2,"Faqe":115,"Pronaret":"SHTET","Kufizimet":"PASURIA POSEDOHET NGA PEÇI SOTIR BEÇI SIPAS AMTP NR. 1993","Siperfaqe":300}},
{"type":"Feature","geometry":{"type":"Polygon","coordinates":[[[20.395090875604062,40.302374044895465],[20.39525589489321,40.30239383565014],[20.39525028948915,40.30245025450282],[20.395245792267318,40.30249551934461],[20.395233335033677,40.30257479924218],[20.39522505306932,40.30262750693341],[20.395120083859354,40.30262449956107],[20.394937554566127,40.302609398264444],[20.394835189306413,40.302591695589875],[20.394696384093226,40.30258887977321],[20.394555554382276,40.30257282377086],[20.394598492228063,40.30247991051052],[20.394672271522175,40.30242808126723],[20.39474510002755,40.302409228340416],[20.39487135838001,40.30239456727757],[20.395090875604062,40.302374044895465]]]},"properties":{"Zk_Numer":2239,"Zk_Emer":"KOSOVË-GOSNISHT","Nr_Pas":"2/38","Vol":2,"Faqe":116,"Pronaret":"SHTET","Kufizimet":"","Siperfaqe":1271}},
{"type":"Feature","geometry":{"type":"Polygon","coordinates":[[[20.395233335033677,40.30257479924218],[20.395245792267318,40.30249551934461],[20.39525028948915,40.30245025450282],[20.395503461302066,40.302470462118656],[20.395486372818443,40.3025951018282],[20.395233335033677,40.30257479924218]]]},"properties":{"Zk_Numer":2239,"Zk_Emer":"KOSOVË-GOSNISHT","Nr_Pas":"2/39","Vol":2,"Faqe":117,"Pronaret":"SHTET","Kufizimet":"PASURIA POSEDOHET NGA ASAN ESTREF PAÇE SIPAS AMTP NR. 2016","Siperfaqe":300}},
{"type":"Feature","geometry":{"type":"Polygon","coordinates":[[[20.395624935916366,40.30304278496123],[20.395476765705563,40.30319488867959],[20.395412743170596,40.303144655734414],[20.39536235987951,40.30311124027105],[20.395335414346313,40.3031054479808],[20.395403792714983,40.302994383599135],[20.395568774068273,40.30301709262525],[20.395624935916366,40.30304278496123]]]},"properties":{"Zk_Numer":2239,"Zk_Emer":"KOSOVË-GOSNISHT","Nr_Pas":"2/40","Vol":2,"Faqe":118,"Pronaret":"SHTET","Kufizimet":"PASURIA OKUPOHET NGA DULI NACE","Siperfaqe":300}},
{"type":"Feature","geometry":{"type":"Polygon","coordinates":[[[20.395624935916366,40.30304278496123],[20.395568774068273,40.30301709262525],[20.395403792714983,40.302994383599135],[20.395335414346313,40.3031054479808],[20.39519117609124,40.303074441981764],[20.395145488846268,40.303062310191265],[20.39519751283894,40.30302171973893],[20.395239941185373,40.30298936421845],[20.39530075230318,40.30296849916257],[20.395413363898527,40.302966827343184],[20.39565326773262,40.30301370091468],[20.395624935916366,40.30304278496123]]]},"properties":{"Zk_Numer":2239,"Zk_Emer":"KOSOVË-GOSNISHT","Nr_Pas":"2/41","Vol":2,"Faqe":119,"Pronaret":"SHTET","Kufizimet":"PASURIA OKUPOHET NGA DULI NACE","Siperfaqe":262}},
{"type":"Feature","geometry":{"type":"Polygon","coordinates":[[[20.395624935916366,40.30304278496123],[20.39574282031943,40.30311868496224],[20.39559223648068,40.303293303883706],[20.395540788335392,40.303245121588446],[20.395476765705563,40.30319488867959],[20.395624935916366,40.30304278496123]]]},"properties":{"Zk_Numer":2239,"Zk_Emer":"KOSOVË-GOSNISHT","Nr_Pas":"2/42","Vol":2,"Faqe":120,"Pronaret":"SHTET","Kufizimet":"PASURIA OKUPOHET NGA SOTIRAQ NACE","Siperfaqe":300}},
{"type":"Feature","geometry":{"type":"Polygon","coordinates":[[[20.395151914651,40.302235667742416],[20.395200253489215,40.30206679169561],[20.39537929949789,40.30209882000997],[20.39533096108395,40.302267696128624],[20.395151914651,40.302235667742416]]]},"properties":{"Zk_Numer":2239,"Zk_Emer":"KOSOVË-GOSNISHT","Nr_Pas":"2/43","Vol":2,"Faqe":121,"Pronaret":"SHTET","Kufizimet":"PASURIA OKUPOHET NGA POLIKRON TAMBURI","Siperfaqe":300}},
{"type":"Feature","geometry":{"type":"Polygon","coordinates":[[[20.393679271679357,40.30341470672395],[20.393849594670744,40.303303311158935],[20.393973367176287,40.3034174833002],[20.393814130383205,40.303516357467196],[20.393798440405426,40.30351077267482],[20.393679271679357,40.30341470672395]]]},"properties":{"Zk_Numer":2239,"Zk_Emer":"KOSOVË-GOSNISHT","Nr_Pas":"2/44","Vol":2,"Faqe":122,"Pronaret":"SHTET","Kufizimet":"PASURIA POSEDOHET NGA QAKO FOTO NAQE SIPAS AMTP NR. 1992","Siperfaqe":300}},
{"type":"Feature","geometry":{"type":"Polygon","coordinates":[[[20.394159774038346,40.303308025035776],[20.394001150195923,40.303391817338834],[20.39389103009538,40.303252592195776],[20.39408147851125,40.30317186319965],[20.394159774038346,40.303308025035776]]]},"properties":{"Zk_Numer":2239,"Zk_Emer":"KOSOVË-GOSNISHT","Nr_Pas":"2/45","Vol":2,"Faqe":123,"Pronaret":"SHTET","Kufizimet":"PASURIA OKUPOHET NGA JORGO NAQE","Siperfaqe":300}},
{"type":"Feature","geometry":{"type":"Polygon","coordinates":[[[20.394136262355648,40.30286770328978],[20.394264363887924,40.30283125640245],[20.39430902958963,40.30282636594798],[20.39434824528909,40.302833678959416],[20.394404644789997,40.30295489820439],[20.394370024609994,40.30296296176801],[20.394190559391546,40.30300476173549],[20.394136262355648,40.30286770328978]]]},"properties":{"Zk_Numer":2239,"Zk_Emer":"KOSOVË-GOSNISHT","Nr_Pas":"2/46","Vol":2,"Faqe":124,"Pronaret":"SHTET","Kufizimet":"PASURIAS OKUPOHET NGA BEKTASH PACE","Siperfaqe":300}},
{"type":"Feature","geometry":{"type":"Polygon","coordinates":[[[20.39443520767961,40.30307856336199],[20.394399789915287,40.30308186536013],[20.394370024609994,40.30296296176801],[20.394404644789997,40.30295489820439],[20.394679349270902,40.30296462437277],[20.394666274280077,40.303057020749186],[20.39443520767961,40.30307856336199]]]},"properties":{"Zk_Numer":2239,"Zk_Emer":"KOSOVË-GOSNISHT","Nr_Pas":"2/47","Vol":2,"Faqe":125,"Pronaret":"SHTET","Kufizimet":"PASURIA POSEDOHET NGA  BEHAR ESTREF PACE SIPAS AMTP NR. 1997","Siperfaqe":300}},
{"type":"Feature","geometry":{"type":"Polygon","coordinates":[[[20.39408147851125,40.30317186319965],[20.394265978533323,40.30310595982465],[20.394269306438307,40.30313267357463],[20.39427820320145,40.30321326621135],[20.39435386117035,40.303210223565564],[20.39435782985021,40.30323057809451],[20.394365765694253,40.30327127934078],[20.394180931939175,40.303302305675174],[20.394159774038346,40.303308025035776],[20.39408147851125,40.30317186319965]]]},"properties":{"Zk_Numer":2239,"Zk_Emer":"KOSOVË-GOSNISHT","Nr_Pas":"2/48","Vol":2,"Faqe":126,"Pronaret":"SHTET","Kufizimet":"PASURIA POSEDOHET NGA XHEMAL ESTREF PAÇE SIPAS AMTP NR. 2019.","Siperfaqe":300}},
{"type":"Feature","geometry":{"type":"Polygon","coordinates":[[[20.394180931939175,40.303302305675174],[20.394365765694253,40.30327127934078],[20.394379131298017,40.30333982854832],[20.39428729106132,40.30336976400535],[20.394232751588046,40.303403070036644],[20.394180931939175,40.303302305675174]]]},"properties":{"Zk_Numer":2239,"Zk_Emer":"KOSOVË-GOSNISHT","Nr_Pas":"2/49","Vol":2,"Faqe":127,"Pronaret":"SHTET","Kufizimet":"","Siperfaqe":140}},
{"type":"Feature","geometry":{"type":"Polygon","coordinates":[[[20.39420965229999,40.30281707253182],[20.39403709807632,40.30285334656415],[20.393931423902835,40.30270643861031],[20.394072434102316,40.30263873355091],[20.39420965229999,40.30281707253182]]]},"properties":{"Zk_Numer":2239,"Zk_Emer":"KOSOVË-GOSNISHT","Nr_Pas":"2/50","Vol":2,"Faqe":128,"Pronaret":"SHTET","Kufizimet":"PASURIA OKUPOHET NGA MINA KOCEVICI","Siperfaqe":300}},
{"type":"Feature","geometry":{"type":"Polygon","coordinates":[[[20.394244270952946,40.30281006185419],[20.39420965229999,40.30281707253182],[20.394072434102316,40.30263873355091],[20.394045301748445,40.30260347019295],[20.394296383916043,40.30248564415131],[20.394502183382542,40.30243718917233],[20.394561164411375,40.30245209880771],[20.394553375610734,40.30245733271702],[20.39451409775928,40.302492953815744],[20.39449048704833,40.30251892930687],[20.394480972173103,40.30255120275258],[20.39448217105988,40.302569960193125],[20.39448738261121,40.30258836108055],[20.394489761411933,40.30259609578403],[20.394494493030344,40.30260709811184],[20.3944980614304,40.30261870002816],[20.39450006859532,40.30262941397237],[20.394485789247028,40.30264881942247],[20.394419852177855,40.30269338408375],[20.394244270952946,40.30281006185419]]]},"properties":{"Zk_Numer":2239,"Zk_Emer":"KOSOVË-GOSNISHT","Nr_Pas":"2/51","Vol":2,"Faqe":129,"Pronaret":"SHTET","Kufizimet":"PASURIA OKUPOHET NGA QAKO LIKA","Siperfaqe":946}},
{"type":"Feature","geometry":{"type":"Polygon","coordinates":[[[20.39545608446339,40.303577212714906],[20.395368182331246,40.303621161662505],[20.395266763120485,40.303666315594725],[20.39526787388543,40.30366777800676],[20.395103253790477,40.30374106996444],[20.395070034874387,40.30369733439964],[20.39506538152563,40.30369406079646],[20.395110473319978,40.30367195365699],[20.395079000276187,40.303624116082766],[20.394970064590648,40.30349287565653],[20.394979997858325,40.30348934106019],[20.395041562181934,40.30347743626473],[20.395055444670803,40.30349099146605],[20.395387736714923,40.30354965303312],[20.39545608446339,40.303577212714906]]]},"properties":{"Zk_Numer":2239,"Zk_Emer":"KOSOVË-GOSNISHT","Nr_Pas":"2/52","Vol":2,"Faqe":130,"Pronaret":"SHTET","Kufizimet":"PASURIA OKUPOHET NGA LLAZAR KURRETA","Siperfaqe":547}},
{"type":"Feature","geometry":{"type":"Polygon","coordinates":[[[20.39506538152563,40.30369406079646],[20.394983736392344,40.30362635047662],[20.394893463363488,40.30355060763525],[20.39490035506205,40.3035296007116],[20.39491930828438,40.30351223169713],[20.394970064590648,40.30349287565653],[20.395079000276187,40.303624116082766],[20.395110473319978,40.30367195365699],[20.39506538152563,40.30369406079646]]]},"properties":{"Zk_Numer":2239,"Zk_Emer":"KOSOVË-GOSNISHT","Nr_Pas":"2/53","Vol":2,"Faqe":131,"Pronaret":"SHTET","Kufizimet":"PASURIA OKUPOHET NGA HIPOKRAT KURETA","Siperfaqe":165}},
{"type":"Feature","geometry":{"type":"Polygon","coordinates":[[[20.394893463363488,40.30355060763525],[20.394983736392344,40.30362635047662],[20.39506538152563,40.30369406079646],[20.395070034874387,40.30369733439964],[20.395103253790477,40.30374106996444],[20.395040377148256,40.30378840310821],[20.39495154922508,40.303779611340154],[20.394841472357662,40.3036941671171],[20.394845158624438,40.30366457420777],[20.394870379875233,40.30363173508621],[20.394881432308328,40.30362466118812],[20.394886959661,40.303608150168046],[20.39488767844195,40.303568240927405],[20.394893463363488,40.30355060763525]]]},"properties":{"Zk_Numer":2239,"Zk_Emer":"KOSOVË-GOSNISHT","Nr_Pas":"2/54","Vol":2,"Faqe":132,"Pronaret":"SHTET","Kufizimet":"PASURIA OKUPOHET NGA GORE, PASKAL DHE JANI KURRETA","Siperfaqe":300}},
{"type":"Feature","geometry":{"type":"Polygon","coordinates":[[[20.394908682562985,40.30406007909534],[20.394912963489347,40.303930355605246],[20.39491494878732,40.303905878126535],[20.39490687054088,40.30387980214739],[20.39485545849093,40.30377165554996],[20.394837404796707,40.30372682098127],[20.394841472357662,40.3036941671171],[20.39495154922508,40.303779611340154],[20.395040377148256,40.30378840310821],[20.39495641110238,40.303955609576285],[20.394922325435303,40.30404344723959],[20.394908682562985,40.30406007909534]]]},"properties":{"Zk_Numer":2239,"Zk_Emer":"KOSOVË-GOSNISHT","Nr_Pas":"2/55","Vol":2,"Faqe":133,"Pronaret":"SHTET","Kufizimet":"PASURIA OKUPOHET NGA GORE, PASKAL DHE JANI KURRETA","Siperfaqe":237}},
{"type":"Feature","geometry":{"type":"Polygon","coordinates":[[[20.394440026252667,40.30322551047556],[20.39448162157761,40.3032229459946],[20.394632728195177,40.303252793366205],[20.394625435453786,40.30327952791855],[20.39461241994838,40.30330468356307],[20.39460040912617,40.30331318332713],[20.39458637308209,40.3033190755476],[20.394572307819335,40.30331989249953],[20.394553617375447,40.30332041771847],[20.394511064780446,40.303320937374],[20.394452295904973,40.30332595812631],[20.394391046846057,40.30333373340427],[20.394379131298017,40.30333982854832],[20.394365765694253,40.30327127934078],[20.39435782985021,40.30323057809451],[20.394440026252667,40.30322551047556]]]},"properties":{"Zk_Numer":2239,"Zk_Emer":"KOSOVË-GOSNISHT","Nr_Pas":"2/56","Vol":2,"Faqe":134,"Pronaret":"SHTET","Kufizimet":"PASURIA OKUPOHET NGA HIPOKRAT KURETA","Siperfaqe":220}},
{"type":"Feature","geometry":{"type":"Polygon","coordinates":[[[20.394440026252667,40.30322551047556],[20.39435782985021,40.30323057809451],[20.39435386117035,40.303210223565564],[20.39427820320145,40.30321326621135],[20.394269306438307,40.30313267357463],[20.394435781870474,40.30312247020651],[20.394435951310506,40.30313542681963],[20.394440026252667,40.30322551047556]]]},"properties":{"Zk_Numer":2239,"Zk_Emer":"KOSOVË-GOSNISHT","Nr_Pas":"2/57","Vol":2,"Faqe":135,"Pronaret":"SHTET","Kufizimet":"PASURIA OKUPOHET NGA KICI NACE","Siperfaqe":143}},
{"type":"Feature","geometry":{"type":"Polygon","coordinates":[[[20.394440026252667,40.30322551047556],[20.394435951310506,40.30313542681963],[20.394435781870474,40.30312247020651],[20.39443520767961,40.30307856336199],[20.39465468743742,40.30308733254004],[20.394648297490132,40.30310404896679],[20.39464579856423,40.30317382218718],[20.394643458354494,40.303216201093534],[20.394632728195177,40.303252793366205],[20.39448162157761,40.3032229459946],[20.394440026252667,40.30322551047556]]]},"properties":{"Zk_Numer":2239,"Zk_Emer":"KOSOVË-GOSNISHT","Nr_Pas":"2/58","Vol":2,"Faqe":136,"Pronaret":"SHTET","Kufizimet":"PASURIA OKUPOHET NGA KALAM KOLLOSHI","Siperfaqe":300}},
{"type":"Feature","geometry":{"type":"Polygon","coordinates":[[[20.394666274280077,40.303057020749186],[20.39465468743742,40.30308733254004],[20.39443520767961,40.30307856336199],[20.394666274280077,40.303057020749186]]]},"properties":{"Zk_Numer":2239,"Zk_Emer":"KOSOVË-GOSNISHT","Nr_Pas":"2/59","Vol":2,"Faqe":137,"Pronaret":"SHTET","Kufizimet":"PASURIA OKUPOHET NGA KALAM KOLLOSHI","Siperfaqe":32}},
{"type":"Feature","geometry":{"type":"Polygon","coordinates":[[[20.394232751588046,40.303403070036644],[20.39418631383864,40.3034272406039],[20.39412058597859,40.303448408325366],[20.394066603485836,40.303452846442916],[20.393949589056632,40.30348330718505],[20.393883416631905,40.30350817260607],[20.393829820363553,40.30352194225742],[20.393814130383205,40.303516357467196],[20.393973367176287,40.3034174833002],[20.393849594670744,40.303303311158935],[20.393679271679357,40.30341470672395],[20.39366869858754,40.303406183376886],[20.39371479832257,40.30330168783851],[20.39377541662037,40.303095400887806],[20.393820856755642,40.303007048322804],[20.39392333541239,40.3029057250336],[20.394136262355648,40.30286770328978],[20.394190559391546,40.30300476173549],[20.394370024609994,40.30296296176801],[20.394399789915287,40.30308186536013],[20.39443520767961,40.30307856336199],[20.394435781870474,40.30312247020651],[20.394269306438307,40.30313267357463],[20.394265978533323,40.30310595982465],[20.39408147851125,40.30317186319965],[20.39389103009538,40.303252592195776],[20.394001150195923,40.303391817338834],[20.394159774038346,40.303308025035776],[20.394180931939175,40.303302305675174],[20.394232751588046,40.303403070036644]]]},"properties":{"Zk_Numer":2239,"Zk_Emer":"KOSOVË-GOSNISHT","Nr_Pas":"2/60","Vol":2,"Faqe":138,"Pronaret":"SHTET","Kufizimet":"","Siperfaqe":1927}},
{"type":"Feature","geometry":{"type":"Polygon","coordinates":[[[20.392702845781194,40.304341781531726],[20.39266698729482,40.30426027499805],[20.39251101844189,40.30417547339363],[20.392455614855834,40.3041156198368],[20.3924513116237,40.30401762068782],[20.392516661719824,40.30382293720001],[20.392533109033295,40.30373388237573],[20.39249559796118,40.30362772721738],[20.39248991057667,40.3035433969736],[20.392513685241198,40.30349678169548],[20.392783753464524,40.303322096527964],[20.392904960297685,40.30316601779874],[20.39308391063892,40.30299523242227],[20.39313847256987,40.30297790635372],[20.393227223999602,40.30293401096885],[20.393264308837324,40.30291566921917],[20.393284234612825,40.30291063548998],[20.39330832820491,40.30290781523349],[20.393327364760047,40.30290976819803],[20.393356156996692,40.30291739898334],[20.393374369990216,40.30293052030554],[20.393406187445983,40.30294405817134],[20.393450057862346,40.30295084723316],[20.39350267318933,40.30295413789255],[20.39354678797795,40.30295121244403],[20.393687947785644,40.30292898605801],[20.393728568593783,40.302925677937665],[20.393834867892107,40.30292152229324],[20.393880832910206,40.302913314529576],[20.393806402843285,40.30297317169342],[20.393772778396496,40.303037613476576],[20.393729544495937,40.303120471735824],[20.393703569844767,40.30325597107248],[20.39368615885752,40.30329947957619],[20.39364540858871,40.30340131063479],[20.393638636213833,40.30341839112557],[20.39375918951075,40.30353979943284],[20.393750086314657,40.30354653140823],[20.393694790114967,40.303601240038134],[20.393601407368923,40.303689580895124],[20.393538575410524,40.303693470419205],[20.393503537310767,40.3036557493172],[20.39340272710807,40.30373470738113],[20.393388101905828,40.30374665962976],[20.393306067187947,40.303671597474086],[20.3931474140325,40.3037623988642],[20.39308703664034,40.303706171881686],[20.393032837106517,40.303743762146816],[20.39286175007916,40.30387589955181],[20.392749807689892,40.304004421582874],[20.392869926505387,40.30404992803938],[20.392815106615142,40.304080724914925],[20.392762671270685,40.30411033399818],[20.392741922832474,40.304141566746566],[20.39273819624299,40.304181830670885],[20.39274888931037,40.304254834656206],[20.392741284614527,40.30428127754579],[20.392723035263927,40.30432118024911],[20.392702845781194,40.304341781531726]],[[20.39334013966699,40.30324153169124],[20.393560771659896,40.303164138609134],[20.393477307277493,40.303052077607404],[20.39324310464547,40.30313912972461],[20.39334013966699,40.30324153169124]],[[20.393071196917084,40.303689446555666],[20.392983120443272,40.303596445512945],[20.392757863847077,40.30371538104306],[20.392843762786423,40.3038107432074],[20.393071196917084,40.303689446555666]]]},"properties":{"Zk_Numer":2239,"Zk_Emer":"KOSOVË-GOSNISHT","Nr_Pas":"2/61","Vol":2,"Faqe":139,"Pronaret":"SHTET","Kufizimet":"","Siperfaqe":8112}},
{"type":"Feature","geometry":{"type":"Polygon","coordinates":[[[20.392762211726616,40.304336521276745],[20.392764515313132,40.30433431902886],[20.39278590767353,40.30429527698508],[20.39279408498939,40.30425207423808],[20.392783569815098,40.30418080884399],[20.392783565856355,40.304161583408785],[20.392786643867108,40.304142038499734],[20.392806925219922,40.30411949148312],[20.39289832741743,40.30407742789872],[20.3930904814574,40.30403549641201],[20.3931602381046,40.30401923685728],[20.393128237523452,40.30405132481388],[20.393082339694864,40.304097347894995],[20.393067629238146,40.30412831761456],[20.39308200270796,40.304155144131485],[20.39317722424968,40.30424209861521],[20.393442020480805,40.30440938494896],[20.393436624380364,40.30443244125659],[20.393458285052827,40.30445899403993],[20.393646828054976,40.30457035831516],[20.39370079377162,40.304593526800694],[20.39374997768655,40.30460275626648],[20.39378109065221,40.304618953048895],[20.39383066874096,40.30465677353671],[20.393875879184012,40.30473170171074],[20.393921291064093,40.30482573892224],[20.393927403211862,40.304842383214876],[20.39392216919012,40.30490079630772],[20.393922259863402,40.30492898046915],[20.393935240305883,40.30495028321061],[20.393939031474588,40.30495650505166],[20.393938893153933,40.3049732856099],[20.393929568481262,40.30509995653936],[20.39392068813249,40.30511506831937],[20.393902200641957,40.30512989409971],[20.393892452632986,40.30515175377406],[20.393876458643216,40.30521671492144],[20.393870848208397,40.305274719043624],[20.39387137574949,40.3052919570226],[20.393868438951774,40.30530202518571],[20.393864017678535,40.30530498348937],[20.3938257909383,40.30531870900656],[20.393779152504436,40.30533545476309],[20.39374126913216,40.30536815925288],[20.39370043670924,40.30543211848465],[20.393695619415386,40.305476658036646],[20.39369208665228,40.30554138086265],[20.393697432925336,40.305589070112475],[20.393710537322626,40.305613062051584],[20.39371456970191,40.30562398003027],[20.393714367377687,40.30562996722164],[20.39371187773757,40.30563253072146],[20.393695748202894,40.305639860661216],[20.393640191765126,40.30565431299608],[20.39356130641518,40.3056792858375],[20.393536756349256,40.30569358149743],[20.39352142179822,40.3057188306701],[20.3935135996634,40.30575727127036],[20.39351244330645,40.30579903828933],[20.393507496883206,40.30582362224569],[20.393493687599065,40.305842840763205],[20.39347833044929,40.305852918534015],[20.39346198965045,40.305865600175686],[20.39343255679746,40.305909233652194],[20.393423199644456,40.305943542413836],[20.393419897005288,40.305974853714794],[20.393413475401207,40.305995072685434],[20.393398400922067,40.306009868417895],[20.393375160671386,40.306035601196676],[20.39332829681709,40.3061148634493],[20.393295329610428,40.30614849402837],[20.393248264297107,40.306203031904516],[20.39320990019061,40.30625482303956],[20.39312224050434,40.30634137464853],[20.393052098178288,40.30642227719088],[20.393000988685632,40.306479400327916],[20.393005054999005,40.306502825841996],[20.393015944668225,40.30653024080235],[20.39303216746321,40.30655539560041],[20.393029373790128,40.30657935699193],[20.39299782689259,40.3065896349904],[20.392958236121352,40.3065926266711],[20.392878145730826,40.30660187835636],[20.392838635353282,40.3066120184747],[20.392776817374333,40.30665925223422],[20.392750502195973,40.306689615777366],[20.39273952116233,40.30670427702104],[20.392723467035594,40.30671151521774],[20.392678175742546,40.30670782064443],[20.39256055288858,40.306701082788216],[20.392425193022213,40.306720783988006],[20.392324480291236,40.30676323839787],[20.392298898539586,40.30681775561878],[20.392264288247336,40.306878153744385],[20.392250046946664,40.30690225434203],[20.392198986970147,40.30691707423462],[20.39213642174644,40.306924183813734],[20.392038262115477,40.30696165821039],[20.39194777505696,40.30700222781167],[20.39184785198758,40.30707293246039],[20.391777756381956,40.30710990992867],[20.391733708578048,40.30718477497222],[20.39168074532003,40.30722805149174],[20.391617303948898,40.307310476895665],[20.391578496029318,40.30736613360625],[20.39149824537482,40.307393454504755],[20.391332333329817,40.307488406208314],[20.391249009545216,40.30754182787949],[20.39122074053,40.30761403597734],[20.391141684042243,40.307772916515376],[20.391067523152206,40.3078386009382],[20.390866658396156,40.30804214347111],[20.390823517146575,40.307966018796456],[20.39082990193783,40.30793495655849],[20.39090099114072,40.30786152210405],[20.39093280001441,40.30782866378159],[20.390995445146775,40.3077115707562],[20.39098683965263,40.30760910944915],[20.390979484509717,40.30752153518868],[20.390988124967528,40.307507926142065],[20.390997263149416,40.30750349306474],[20.391065422049493,40.30749705125111],[20.391236763562684,40.30748085729045],[20.39132942811866,40.30744445429329],[20.391572081878873,40.30723431218909],[20.391674874971187,40.307116756839285],[20.391739705594972,40.306966661206225],[20.39191097234106,40.30676711616718],[20.392043929168405,40.30659652788923],[20.39211929043035,40.306499836295494],[20.392235162122862,40.30644459772081],[20.39251548488587,40.30631930220468],[20.392626432467228,40.30623603978315],[20.392749878448125,40.30610083821865],[20.392899949258812,40.305936475477026],[20.392954959192355,40.305794646551035],[20.39297264351238,40.30572385203644],[20.392923055265857,40.305628145612445],[20.392914692610063,40.305612005470756],[20.392930662076868,40.30554994655894],[20.392942372890534,40.3054624404989],[20.392949267608984,40.305452347066286],[20.393058860946823,40.305410749290566],[20.393192343111288,40.30529524603175],[20.393244910600046,40.305154117574915],[20.393220353924583,40.3048522169273],[20.393115330159628,40.30473330895846],[20.392953043901596,40.30456871807729],[20.392762211726616,40.304336521276745]]]},"properties":{"Zk_Numer":2239,"Zk_Emer":"KOSOVË-GOSNISHT","Nr_Pas":"2/62","Vol":2,"Faqe":140,"Pronaret":"SHTET","Kufizimet":"","Siperfaqe":18781}},
{"type":"Feature","geometry":{"type":"Polygon","coordinates":[[[20.394920730169623,40.30236229390109],[20.394783870637802,40.302344607339045],[20.394798220783837,40.302279515638205],[20.394722040121803,40.30226967062284],[20.394745414200287,40.3021636469903],[20.394837993041314,40.30217561117633],[20.394827903537898,40.302221376975574],[20.39486402463486,40.30222604497038],[20.39487009123887,40.30219852690867],[20.39496706802313,40.30221105933526],[20.394962334912293,40.3022325288251],[20.395024574189613,40.30224057203648],[20.395009956474983,40.30230687848638],[20.394935080187764,40.30229720218407],[20.394920730169623,40.30236229390109]]]},"properties":{"Zk_Numer":2239,"Zk_Emer":"KOSOVË-GOSNISHT","Nr_Pas":"2/63","Vol":2,"Faqe":141,"Pronaret":"SHTET","Kufizimet":"PASURIA OKUPOHET NGA ANDON, NIKO DHE KRISTUL GORE","Siperfaqe":326}},
{"type":"Feature","geometry":{"type":"Polygon","coordinates":[[[20.394920730169623,40.30236229390109],[20.394776606514352,40.30236512282575],[20.39471296184627,40.30237607955157],[20.394602657726075,40.302424216155345],[20.394561164411375,40.30245209880771],[20.394502183382542,40.30243718917233],[20.39447225721127,40.30229700850626],[20.394286358133975,40.30230684342075],[20.394296383916043,40.30248564415131],[20.394045301748445,40.30260347019295],[20.394072434102316,40.30263873355091],[20.393931423902835,40.30270643861031],[20.39403709807632,40.30285334656415],[20.39382343115885,40.302891010467796],[20.393544610452434,40.302914013792495],[20.3935066288418,40.30291655467739],[20.393457643254067,40.302913189134195],[20.393426271891595,40.30290497011481],[20.393405887343345,40.30289492744904],[20.39337730057342,40.3028836714624],[20.393342070049897,40.30287306010306],[20.393311234914442,40.302872029566714],[20.393279066434044,40.302874545322545],[20.393254051610022,40.30288232535133],[20.393211304115606,40.30290252767506],[20.39314845485821,40.30293660162892],[20.393338196247598,40.30276439431773],[20.393553118432774,40.30259133655258],[20.393717568962774,40.30244330738825],[20.39375737784295,40.3022814847102],[20.393802877370916,40.302196405653454],[20.393910743849982,40.30206253212579],[20.39398678909542,40.30200466209802],[20.39404613010433,40.30199319766284],[20.39421947104636,40.301979109499854],[20.394415931047867,40.30195509780355],[20.39455563428476,40.30191114239822],[20.39470213975398,40.30183398739401],[20.394822599803295,40.30176487812546],[20.39505631808479,40.30161389617281],[20.395270613601223,40.30152589605288],[20.395459819484415,40.30150220816231],[20.395603204950792,40.301527295775365],[20.395703720685123,40.30155873755109],[20.39580927801551,40.30161391258615],[20.3958672769213,40.30166727708285],[20.3958983109188,40.30173618281106],[20.395954891835043,40.301846896474565],[20.396014378968232,40.30204249731734],[20.39604747567739,40.30217438417851],[20.39613228223203,40.30228823883369],[20.39624197886865,40.30236697364109],[20.39644050611468,40.30242747158995],[20.39666379415064,40.30247709068582],[20.39677011427298,40.302475836541475],[20.39682484302877,40.30247804521279],[20.39682930715909,40.3024871287058],[20.396817888138152,40.30251628247003],[20.39680381529901,40.302564674629735],[20.39682804560271,40.30262595979516],[20.397100332427716,40.30282789065796],[20.39667580682524,40.30354488243984],[20.396448090613397,40.30373357958301],[20.39638213298924,40.303655372289505],[20.39619362682815,40.303586585235166],[20.395712257480035,40.303465234686556],[20.395700162361624,40.30342720999331],[20.395664935602266,40.30337954843863],[20.395608488279226,40.30330852402362],[20.39559223648068,40.303293303883706],[20.39574282031943,40.30311868496224],[20.395624935916366,40.30304278496123],[20.39565326773262,40.30301370091468],[20.39587758247288,40.30307694136301],[20.395887245827677,40.303057023173764],[20.395932592794097,40.30293427932847],[20.395696953965896,40.3028757278379],[20.395692391763795,40.30288585243338],[20.3954329645755,40.302838265199725],[20.39533526043154,40.3029468529528],[20.39526808776542,40.302947591430105],[20.39513662530214,40.30301376353347],[20.395184444761508,40.302886433751006],[20.394989355928654,40.30284506865662],[20.39500538885202,40.3028007443167],[20.39505632833783,40.302813002972414],[20.39506338237949,40.302792146621286],[20.395120083859354,40.30262449956107],[20.39522505306932,40.30262750693341],[20.395233335033677,40.30257479924218],[20.395486372818443,40.3025951018282],[20.395503461302066,40.302470462118656],[20.39525028948915,40.30245025450282],[20.39525589489321,40.30239383565014],[20.395090875604062,40.302374044895465],[20.395119254536862,40.302360363858284],[20.395140087710715,40.302347129875486],[20.395150256869922,40.3023319211099],[20.3951587209605,40.30231927123614],[20.3951652590224,40.30229362342837],[20.39516700919111,40.30227408456494],[20.39516490976225,40.30225666686479],[20.39515758604711,40.302243468951694],[20.39513969276569,40.30223414589625],[20.39499603683089,40.30219339477529],[20.394944166178572,40.30217222509039],[20.394897196993252,40.302142775338005],[20.39486913485745,40.302113521757676],[20.394825880135507,40.302068430490536],[20.39477705185443,40.30201752892506],[20.394755080521758,40.30202644517175],[20.39481057461238,40.30208042718243],[20.39485095975352,40.30212610670376],[20.394881996132142,40.302155609978556],[20.39493073591132,40.30218686291971],[20.394985986367526,40.302208472225345],[20.395068156074753,40.30223155851851],[20.395116067307942,40.3022464200291],[20.395134366553812,40.30225584317829],[20.395135004646512,40.30226496862115],[20.3951357574821,40.30227376288479],[20.395135264642263,40.30228951430681],[20.395130032601354,40.3023046124327],[20.395121328249346,40.302315634140285],[20.395109632178805,40.30232797252056],[20.39509215744858,40.302338738637246],[20.395060981351396,40.30235313093309],[20.3949982685397,40.302356191146416],[20.394920730169623,40.30236229390109]],[[20.394920730169623,40.30236229390109],[20.394935080187764,40.30229720218407],[20.395009956474983,40.30230687848638],[20.395024574189613,40.30224057203648],[20.394962334912293,40.3022325288251],[20.39496706802313,40.30221105933526],[20.39487009123887,40.30219852690867],[20.39486402463486,40.30222604497038],[20.394827903537898,40.302221376975574],[20.394837993041314,40.30217561117633],[20.394745414200287,40.3021636469903],[20.394722040121803,40.30226967062284],[20.394798220783837,40.302279515638205],[20.394783870637802,40.302344607339045],[20.394920730169623,40.30236229390109]],[[20.395151914651,40.302235667742416],[20.39533096108395,40.302267696128624],[20.39537929949789,40.30209882000997],[20.395200253489215,40.30206679169561],[20.395151914651,40.302235667742416]]]},"properties":{"Zk_Numer":2239,"Zk_Emer":"KOSOVË-GOSNISHT","Nr_Pas":"2/64","Vol":2,"Faqe":142,"Pronaret":"SHTET","Kufizimet":"","Siperfaqe":30392}},
{"type":"Feature","geometry":{"type":"Polygon","coordinates":[[[20.395887245827677,40.303057023173764],[20.39587758247288,40.30307694136301],[20.39565326773262,40.30301370091468],[20.395413363898527,40.302966827343184],[20.39530075230318,40.30296849916257],[20.395239941185373,40.30298936421845],[20.39519751283894,40.30302171973893],[20.395145488846268,40.303062310191265],[20.395063395326016,40.30302920719905],[20.39513662530214,40.30301376353347],[20.39526808776542,40.302947591430105],[20.39533526043154,40.3029468529528],[20.395425599775034,40.30294872090452],[20.39549553865183,40.302958309183644],[20.39564396913563,40.30299331339512],[20.395887245827677,40.303057023173764]]]},"properties":{"Zk_Numer":2239,"Zk_Emer":"KOSOVË-GOSNISHT","Nr_Pas":"2/65","Vol":2,"Faqe":143,"Pronaret":"SHTET","Kufizimet":"","Siperfaqe":186}},
{"type":"Feature","geometry":{"type":"Polygon","coordinates":[[[20.394244270952946,40.30281006185419],[20.394419852177855,40.30269338408375],[20.394485789247028,40.30264881942247],[20.39450006859532,40.30262941397237],[20.3944980614304,40.30261870002816],[20.394494493030344,40.30260709811184],[20.394489761411933,40.30259609578403],[20.39448738261121,40.30258836108055],[20.39448217105988,40.302569960193125],[20.394480972173103,40.30255120275258],[20.39449048704833,40.30251892930687],[20.39451409775928,40.302492953815744],[20.394553375610734,40.30245733271702],[20.394561164411375,40.30245209880771],[20.394602657726075,40.302424216155345],[20.39471296184627,40.30237607955157],[20.394776606514352,40.30236512282575],[20.394920730169623,40.30236229390109],[20.3949982685397,40.302356191146416],[20.395060981351396,40.30235313093309],[20.39509215744858,40.302338738637246],[20.395109632178805,40.30232797252056],[20.395121328249346,40.302315634140285],[20.395130032601354,40.3023046124327],[20.395135264642263,40.30228951430681],[20.3951357574821,40.30227376288479],[20.395135004646512,40.30226496862115],[20.395134366553812,40.30225584317829],[20.395116067307942,40.3022464200291],[20.395068156074753,40.30223155851851],[20.394985986367526,40.302208472225345],[20.39493073591132,40.30218686291971],[20.394881996132142,40.302155609978556],[20.39485095975352,40.30212610670376],[20.39481057461238,40.30208042718243],[20.394755080521758,40.30202644517175],[20.39477705185443,40.30201752892506],[20.394825880135507,40.302068430490536],[20.39486913485745,40.302113521757676],[20.394897196993252,40.302142775338005],[20.394944166178572,40.30217222509039],[20.39499603683089,40.30219339477529],[20.39513969276569,40.30223414589625],[20.39515758604711,40.302243468951694],[20.39516490976225,40.30225666686479],[20.39516700919111,40.30227408456494],[20.3951652590224,40.30229362342837],[20.3951587209605,40.30231927123614],[20.395150256869922,40.3023319211099],[20.395140087710715,40.302347129875486],[20.395119254536862,40.302360363858284],[20.395090875604062,40.302374044895465],[20.39487135838001,40.30239456727757],[20.39474510002755,40.302409228340416],[20.394672271522175,40.30242808126723],[20.394598492228063,40.30247991051052],[20.394555554382276,40.30257282377086],[20.39454595517153,40.302652301929164],[20.394341560840846,40.30279981113754],[20.394244270952946,40.30281006185419]]]},"properties":{"Zk_Numer":2239,"Zk_Emer":"KOSOVË-GOSNISHT","Nr_Pas":"2/66","Vol":2,"Faqe":144,"Pronaret":"SHTET","Kufizimet":"","Siperfaqe":522}},
{"type":"Feature","geometry":{"type":"Polygon","coordinates":[[[20.394120825119803,40.301935676393036],[20.394178115343493,40.30188238565692],[20.394336492900635,40.30185682855277],[20.394472394177356,40.30181446947397],[20.394582365532276,40.30173577569638],[20.394702480918436,40.30165100807611],[20.39479278631504,40.30154763446968],[20.394866948210215,40.3014932254265],[20.395010182280537,40.30144735899479],[20.39513265744257,40.301427826840815],[20.39518855031944,40.301413831371505],[20.395240703234382,40.30139312360141],[20.395321981702043,40.30134541019672],[20.395362428809293,40.30134180161103],[20.395386395889574,40.30133724271348],[20.39526268169282,40.301410704529125],[20.39520440437361,40.3014338440531],[20.39514321839663,40.30144916490765],[20.395022348142593,40.30146844111979],[20.394889698457103,40.301510918229916],[20.394824213156934,40.30155896168856],[20.394733685717853,40.30166258953132],[20.394610115539713,40.30174979530316],[20.394494756705157,40.30183234430411],[20.394348512530744,40.30187792717376],[20.394200530919072,40.30190180671872],[20.394167654825754,40.301932387719944],[20.394120825119803,40.301935676393036]]]},"properties":{"Zk_Numer":2239,"Zk_Emer":"KOSOVË-GOSNISHT","Nr_Pas":"119/57","Vol":2,"Faqe":145,"Pronaret":"SHTET","Kufizimet":"","Siperfaqe":336}},
{"type":"Feature","geometry":{"type":"Polygon","coordinates":[[[20.390866658396156,40.30804214347111],[20.391067523152206,40.3078386009382],[20.391141684042243,40.307772916515376],[20.39122074053,40.30761403597734],[20.391249009545216,40.30754182787949],[20.391332333329817,40.307488406208314],[20.39149824537482,40.307393454504755],[20.391578496029318,40.30736613360625],[20.391617303948898,40.307310476895665],[20.39168074532003,40.30722805149174],[20.391733708578048,40.30718477497222],[20.391777756381956,40.30710990992867],[20.39184785198758,40.30707293246039],[20.39194777505696,40.30700222781167],[20.392038262115477,40.30696165821039],[20.39213642174644,40.306924183813734],[20.392198986970147,40.30691707423462],[20.392250046946664,40.30690225434203],[20.392264288247336,40.306878153744385],[20.392298898539586,40.30681775561878],[20.392324480291236,40.30676323839787],[20.392425193022213,40.306720783988006],[20.39256055288858,40.306701082788216],[20.392678175742546,40.30670782064443],[20.392723467035594,40.30671151521774],[20.39273952116233,40.30670427702104],[20.392750502195973,40.306689615777366],[20.392776817374333,40.30665925223422],[20.392838635353282,40.3066120184747],[20.392878145730826,40.30660187835636],[20.392958236121352,40.3065926266711],[20.39299782689259,40.3065896349904],[20.393029373790128,40.30657935699193],[20.39303216746321,40.30655539560041],[20.393015944668225,40.30653024080235],[20.393005054999005,40.306502825841996],[20.393000988685632,40.306479400327916],[20.393052098178288,40.30642227719088],[20.39312224050434,40.30634137464853],[20.39320990019061,40.30625482303956],[20.393248264297107,40.306203031904516],[20.393295329610428,40.30614849402837],[20.39332829681709,40.3061148634493],[20.393375160671386,40.306035601196676],[20.393398400922067,40.306009868417895],[20.393413475401207,40.305995072685434],[20.393419897005288,40.305974853714794],[20.393423199644456,40.305943542413836],[20.39343255679746,40.305909233652194],[20.39346198965045,40.305865600175686],[20.39347833044929,40.305852918534015],[20.393493687599065,40.305842840763205],[20.393507496883206,40.30582362224569],[20.39351244330645,40.30579903828933],[20.3935135996634,40.30575727127036],[20.39352142179822,40.3057188306701],[20.393536756349256,40.30569358149743],[20.39356130641518,40.3056792858375],[20.393640191765126,40.30565431299608],[20.393695748202894,40.305639860661216],[20.39371187773757,40.30563253072146],[20.393714367377687,40.30562996722164],[20.39371456970191,40.30562398003027],[20.393710537322626,40.305613062051584],[20.393697432925336,40.305589070112475],[20.39369208665228,40.30554138086265],[20.393695619415386,40.305476658036646],[20.39370043670924,40.30543211848465],[20.39374126913216,40.30536815925288],[20.393779152504436,40.30533545476309],[20.3938257909383,40.30531870900656],[20.393864017678535,40.30530498348937],[20.393868438951774,40.30530202518571],[20.39387137574949,40.3052919570226],[20.393870848208397,40.305274719043624],[20.393876458643216,40.30521671492144],[20.393892452632986,40.30515175377406],[20.393902200641957,40.30512989409971],[20.39392068813249,40.30511506831937],[20.393929568481262,40.30509995653936],[20.393938893153933,40.3049732856099],[20.393939031474588,40.30495650505166],[20.393935240305883,40.30495028321061],[20.393922259863402,40.30492898046915],[20.39392216919012,40.30490079630772],[20.393927403211862,40.304842383214876],[20.393921291064093,40.30482573892224],[20.393875879184012,40.30473170171074],[20.39383066874096,40.30465677353671],[20.39378109065221,40.304618953048895],[20.39374997768655,40.30460275626648],[20.39370079377162,40.304593526800694],[20.393646828054976,40.30457035831516],[20.393458285052827,40.30445899403993],[20.393436624380364,40.30443244125659],[20.393442020480805,40.30440938494896],[20.39350744256473,40.30434455862689],[20.393609442052078,40.30428653921737],[20.39366935619803,40.30427124732417],[20.393722280970458,40.30427819423396],[20.393789344794726,40.3043518486584],[20.393757853785242,40.3043656805115],[20.39368833364707,40.30428833308926],[20.393634082853467,40.304294263314596],[20.393601407785894,40.30431429981874],[20.39352893314089,40.3043587415346],[20.393467626525567,40.30442595366452],[20.393475246471848,40.3044406641634],[20.393497684507917,40.30445885064963],[20.39362452856394,40.30452813569688],[20.393664880593224,40.30455017681438],[20.39371257806816,40.3045706542258],[20.393763125780637,40.30458013960861],[20.393801443762246,40.30460008717515],[20.393857166757144,40.304642595273265],[20.39390529222939,40.304722354531755],[20.39395158012448,40.30481820567511],[20.393959527033665,40.304839846269935],[20.393953993618105,40.30490160100564],[20.39395406423811,40.30492354876674],[20.393964078427484,40.30493998345472],[20.39397089780909,40.30495117501036],[20.393967617082644,40.30501605458861],[20.39396453160961,40.30505796943645],[20.393961339900144,40.30510132740938],[20.39395103611149,40.30511524151517],[20.393921550128404,40.30513888739199],[20.393913884435904,40.305156077533304],[20.393898413486767,40.3052189143818],[20.393892974438582,40.30527514679265],[20.393893540026095,40.305293627782085],[20.393888436994562,40.30531112241817],[20.393876222229224,40.30531929540142],[20.393835177824975,40.30533403261752],[20.39379266730098,40.3053492962298],[20.393759807898142,40.30537766356214],[20.393722125132445,40.305436689250804],[20.393717688420427,40.305477710155394],[20.39371423340208,40.30554100901846],[20.393719163291887,40.305584983964934],[20.393731447565905,40.30560747438322],[20.393736756324014,40.30562184824376],[20.393736286075004,40.30563576401626],[20.393726973590216,40.305645352775755],[20.393705046830757,40.305655317219625],[20.39364797984043,40.30567016250775],[20.393572405782248,40.30569408709092],[20.393554495323144,40.305704516467024],[20.39354278479191,40.30572379850278],[20.39353567064665,40.30575875985906],[20.393534514704548,40.30580051238423],[20.393528751186007,40.305829157387805],[20.393511122652534,40.30585369120217],[20.393493419476155,40.305865308500465],[20.393480089285855,40.30587565369434],[20.393453581646142,40.30591495063126],[20.393445123608522,40.305945962749064],[20.39344179175691,40.305977551100455],[20.393433832819472,40.30600261052106],[20.393416223372625,40.30601989435184],[20.39339447854003,40.30604397133575],[20.393347435798095,40.306123536182476],[20.393313409314953,40.30615824736346],[20.393267123802556,40.30621188164662],[20.393228345733306,40.30626423164563],[20.39314019504519,40.30635126807441],[20.393068332295968,40.306433765878516],[20.393033587204847,40.30647365284961],[20.393032719511005,40.306495798871055],[20.39304131192087,40.30652272868339],[20.393056070272944,40.30654602778956],[20.39306976384463,40.30656764590381],[20.393068355939906,40.30658149668144],[20.393049692031006,40.30659736965536],[20.393000492132366,40.30661018440393],[20.392945983138056,40.306610835373554],[20.392879994020753,40.30662042618755],[20.39285334505029,40.306624299319594],[20.392795211496864,40.30666705419215],[20.392774090171496,40.30669152855331],[20.392765765990585,40.30671167116986],[20.39274976476411,40.306730212310015],[20.39272690827564,40.30673324781798],[20.392675346445056,40.306730711288154],[20.392563124269877,40.306725536624455],[20.392439563983032,40.30674527464249],[20.392357350974233,40.306786162496394],[20.392323944778294,40.306834933052286],[20.392282448800586,40.30689551397556],[20.392258197772573,40.30693091854694],[20.392212266014983,40.306948859082866],[20.39214789424635,40.30695617395184],[20.392052090596383,40.30698619893837],[20.391969334110566,40.30702235725318],[20.391860999713472,40.30709093150277],[20.39180584901249,40.307119242487104],[20.391752200126827,40.30719867080754],[20.391699378984317,40.30724300698967],[20.391638964665518,40.30732505293235],[20.391588706928253,40.30739330550777],[20.391521513070128,40.307421256192086],[20.39135904152653,40.30751423890969],[20.391286514234015,40.30756073860682],[20.391261497556943,40.307624639282686],[20.39117918558762,40.307790062577546],[20.39110086276351,40.30785943326891],[20.39088850764111,40.3080705122717],[20.390866658396156,40.30804214347111]]]},"properties":{"Zk_Numer":2239,"Zk_Emer":"KOSOVË-GOSNISHT","Nr_Pas":"2/67","Vol":2,"Faqe":146,"Pronaret":"SHTET","Kufizimet":"","Siperfaqe":1502}},
{"type":"Feature","geometry":{"type":"Polygon","coordinates":[[[20.394197152484377,40.30455735474659],[20.39420137390728,40.30454117857369],[20.394217120423473,40.30453216379061],[20.394313591502208,40.304504246367465],[20.394334768205532,40.3044981181026],[20.394356508497566,40.30448044309215],[20.394427997685472,40.30439734389132],[20.39455098777453,40.30432211506061],[20.394574456476427,40.304307760024564],[20.39468842221509,40.30426257882755],[20.39471883046553,40.304243934709525],[20.39470400945294,40.304298771986915],[20.39462039917921,40.3043138266724],[20.39448370539683,40.304403208175266],[20.39444104903994,40.30443890079242],[20.394416979011048,40.30446958812459],[20.39439814757245,40.30448854432555],[20.39437681811789,40.30450452484063],[20.39436618860495,40.30451020905748],[20.39430126927834,40.30452400490833],[20.394266453980105,40.304534526005106],[20.394246344842163,40.30454165198577],[20.39423289119304,40.30454876868241],[20.39422560985285,40.304557884431745],[20.39422198701674,40.30456736660412],[20.39423973889321,40.30467038211315],[20.394267086083612,40.30470175780323],[20.394233237762087,40.30471285974644],[20.39420544690016,40.30472243571697],[20.394188830201,40.30473661321733],[20.394201848301343,40.304696347133],[20.394206874194904,40.30467655328163],[20.39420478330376,40.30465445425126],[20.39420050742111,40.30460004517804],[20.394197152484377,40.30455735474659]]]},"properties":{"Zk_Numer":2239,"Zk_Emer":"KOSOVË-GOSNISHT","Nr_Pas":"2/68","Vol":2,"Faqe":147,"Pronaret":"SHTET","Kufizimet":"","Siperfaqe":217}},
{"type":"Feature","geometry":{"type":"Polygon","coordinates":[[[20.382840093934867,40.304341854303566],[20.38242892773573,40.30465970428812],[20.38222572645126,40.30481678639058],[20.38198867851651,40.30546544794386],[20.3815933432563,40.30529892154912],[20.381499628188017,40.305180565061946],[20.38145727197794,40.30493194554348],[20.381410800355994,40.3048339985896],[20.38140351230585,40.30417021171479],[20.38149799053207,40.30411850381986],[20.381727420772993,40.304092164243016],[20.38186255783272,40.303912134345424],[20.38206815966216,40.30380720112643],[20.38236769629755,40.30373681887062],[20.382840093934867,40.304341854303566]]]},"properties":{"Zk_Numer":2239,"Zk_Emer":"KOSOVË-GOSNISHT","Nr_Pas":"93/3","Vol":2,"Faqe":148,"Pronaret":"SHTET","Kufizimet":"","Siperfaqe":13395}},
{"type":"Feature","geometry":{"type":"Polygon","coordinates":[[[20.385249527706296,40.30267710246495],[20.385200253486516,40.30278258259747],[20.3851855155445,40.302918771887725],[20.385156332909066,40.303030329137684],[20.385132524450245,40.303372662719525],[20.38598472487058,40.30357573578067],[20.385880875967732,40.30382613029675],[20.386308035468055,40.30421796876979],[20.386232853473963,40.30435193757201],[20.385970878597472,40.30421821367334],[20.385609157868394,40.304129755037785],[20.385584271993793,40.30393434270832],[20.38495876266032,40.30378502436181],[20.384710665784844,40.30410748416697],[20.384796388300423,40.30426058844432],[20.38468161270365,40.30429498232068],[20.38388184576826,40.30377239213056],[20.383803584048653,40.303118037951805],[20.383634007344792,40.30312128339138],[20.38339550107961,40.30262688145015],[20.383695040087552,40.30263904299428],[20.38396323738581,40.30264170045034],[20.384214882521523,40.30269805666196],[20.3846599097319,40.30271404229753],[20.384662311536328,40.30291229377294],[20.385082567440836,40.302918003232875],[20.385086691142604,40.30271614624619],[20.385249527706296,40.30267710246495]]]},"properties":{"Zk_Numer":2239,"Zk_Emer":"KOSOVË-GOSNISHT","Nr_Pas":"96/7","Vol":2,"Faqe":149,"Pronaret":"SHTET","Kufizimet":"","Siperfaqe":21526}},
{"type":"Feature","geometry":{"type":"Polygon","coordinates":[[[20.381914285969245,40.302952148141735],[20.38172251358806,40.30297199205385],[20.38158738306444,40.30308120441988],[20.381446531533054,40.30324352313712],[20.381224547871152,40.30344955266099],[20.38117162323369,40.30340791412991],[20.38085595285536,40.30370194761044],[20.380804977842935,40.303679297646596],[20.38079420541789,40.30356044527895],[20.38136452891735,40.302911098572004],[20.38164018342316,40.302796643977125],[20.381884014715155,40.30282546544658],[20.381914285969245,40.302952148141735]]]},"properties":{"Zk_Numer":2239,"Zk_Emer":"KOSOVË-GOSNISHT","Nr_Pas":"217/18","Vol":2,"Faqe":150,"Pronaret":"SHTET","Kufizimet":"","Siperfaqe":2748}},
{"type":"Feature","geometry":{"type":"Polygon","coordinates":[[[20.38334096767049,40.30258748553204],[20.383278534084575,40.302481054112995],[20.383185413010377,40.30216687653896],[20.383273836374165,40.302165263848934],[20.383691990977702,40.30230163011191],[20.3837784935256,40.302362253026836],[20.3839428604207,40.30243447295079],[20.38413635158395,40.30246224271835],[20.384329374223785,40.302489944898035],[20.384601591749977,40.30263768289321],[20.384489761875717,40.302637156786865],[20.38430754700835,40.30263868533826],[20.3840193733804,40.30259434876694],[20.383577532018585,40.30257885617575],[20.38334096767049,40.30258748553204]]]},"properties":{"Zk_Numer":2239,"Zk_Emer":"KOSOVË-GOSNISHT","Nr_Pas":"96/8","Vol":2,"Faqe":151,"Pronaret":"SHTET","Kufizimet":"","Siperfaqe":2712}},
{"type":"Feature","geometry":{"type":"Polygon","coordinates":[[[20.38546628450305,40.29918314333921],[20.384747882457216,40.29910915418139],[20.384180302680566,40.2990023527454],[20.384248261348997,40.299215396480754],[20.383942065868805,40.29923066241777],[20.383692849046675,40.29933937848279],[20.38361443770229,40.2985348107057],[20.38382234692311,40.29846174047371],[20.38409502466937,40.29846504949314],[20.38448189228722,40.298693599670706],[20.384826981319595,40.29861872971489],[20.385003435880193,40.298651879855356],[20.385194034910608,40.298888628083844],[20.385355070948975,40.29895026672562],[20.38546628450305,40.29918314333921]]]},"properties":{"Zk_Numer":2239,"Zk_Emer":"KOSOVË-GOSNISHT","Nr_Pas":"98/24","Vol":2,"Faqe":152,"Pronaret":"SHTET","Kufizimet":"","Siperfaqe":8585}},
{"type":"Feature","geometry":{"type":"Polygon","coordinates":[[[20.38354315745319,40.29906070859779],[20.383070688961343,40.299127858889754],[20.382560685830885,40.29924766186466],[20.382036781155957,40.2994417916252],[20.38185135525431,40.2981503703237],[20.3821188248954,40.298046865308685],[20.38238378957212,40.29802655275467],[20.382876793187723,40.2980540096361],[20.38338141475139,40.2982107846035],[20.38354315745319,40.29906070859779]]]},"properties":{"Zk_Numer":2239,"Zk_Emer":"KOSOVË-GOSNISHT","Nr_Pas":"86/12","Vol":2,"Faqe":153,"Pronaret":"SHTET","Kufizimet":"","Siperfaqe":16515}},
{"type":"Feature","geometry":{"type":"Polygon","coordinates":[[[20.36850746196902,40.281367041175876],[20.366802988871193,40.281358064411194],[20.36682870838283,40.281340339097056],[20.36723084289999,40.28116637878525],[20.367645705717024,40.281151072433985],[20.367770798637764,40.28114645684125],[20.368550080068616,40.28115129825899],[20.36850746196902,40.281367041175876]]]},"properties":{"Zk_Numer":2239,"Zk_Emer":"KOSOVË-GOSNISHT","Nr_Pas":"195/3","Vol":2,"Faqe":154,"Pronaret":"SHTET","Kufizimet":"PASURIA OKUPOHET NGA BASHKIM FADIL BEQIRI","Siperfaqe":3000}},
{"type":"Feature","geometry":{"type":"Polygon","coordinates":[[[20.36850746196902,40.281367041175876],[20.368489314994438,40.28145890504506],[20.368467144232486,40.28148681678703],[20.366632477945092,40.28147557636197],[20.366802988871193,40.281358064411194],[20.36850746196902,40.281367041175876]]]},"properties":{"Zk_Numer":2239,"Zk_Emer":"KOSOVË-GOSNISHT","Nr_Pas":"195/4","Vol":2,"Faqe":155,"Pronaret":"SHTET","Kufizimet":"PASURIA OKUPOHET NGA BRAHIM HYSEN BEQIRI","Siperfaqe":2000}},
{"type":"Feature","geometry":{"type":"Polygon","coordinates":[[[20.368467144232486,40.28148681678703],[20.36828799777815,40.281712351096836],[20.36636861027787,40.281696686345875],[20.36656153120083,40.281524470925184],[20.366632477945092,40.28147557636197],[20.368467144232486,40.28148681678703]]]},"properties":{"Zk_Numer":2239,"Zk_Emer":"KOSOVË-GOSNISHT","Nr_Pas":"195/1","Vol":2,"Faqe":156,"Pronaret":"SHTET","Kufizimet":"PASURIA OKUPOHET NGA TOMOR KAMBER TEME","Siperfaqe":4000}},
{"type":"Feature","geometry":{"type":"Polygon","coordinates":[[[20.36828799777815,40.281712351096836],[20.368191837474395,40.28183341024167],[20.366259957001578,40.28182047144812],[20.366290053273488,40.2817668117696],[20.36636861027787,40.281696686345875],[20.36828799777815,40.281712351096836]]]},"properties":{"Zk_Numer":2239,"Zk_Emer":"KOSOVË-GOSNISHT","Nr_Pas":"195/2","Vol":2,"Faqe":157,"Pronaret":"SHTET","Kufizimet":"PASURIA OKUPOHET NGA HIQMET KAMBER TEME","Siperfaqe":2250}},
{"type":"Feature","geometry":{"type":"Polygon","coordinates":[[[20.368191837474395,40.28183341024167],[20.368180500045067,40.28184768324419],[20.36810009633583,40.281894181573215],[20.368055592175413,40.28194467373114],[20.368019325490188,40.28200624959561],[20.367983581174194,40.2820778754678],[20.36796960658184,40.28212116027088],[20.366134412129313,40.28209798477535],[20.36615797572253,40.28200229669098],[20.366259957001578,40.28182047144812],[20.368191837474395,40.28183341024167]]]},"properties":{"Zk_Numer":2239,"Zk_Emer":"KOSOVË-GOSNISHT","Nr_Pas":"195/5","Vol":2,"Faqe":158,"Pronaret":"SHTET","Kufizimet":"PASURIA OKUPOHET NGA NEKI HABIB JASHARI","Siperfaqe":5000}},
{"type":"Feature","geometry":{"type":"Polygon","coordinates":[[[20.367346076909413,40.28295374355364],[20.36600405457688,40.282941473549194],[20.366069043543867,40.28270400079904],[20.366060482512598,40.28258402640504],[20.36605443271057,40.28249924413619],[20.36610350898623,40.282223477217144],[20.366134412129313,40.28209798477535],[20.36796960658184,40.28212116027088],[20.367934587203905,40.28222962879497],[20.367804537569636,40.28244448257985],[20.36772933388573,40.28258393898371],[20.3676822649574,40.28263941402107],[20.367526841126303,40.28276014218926],[20.36743308905014,40.282847143546356],[20.36735629094845,40.282918411495366],[20.367346076909413,40.28295374355364]]]},"properties":{"Zk_Numer":2239,"Zk_Emer":"KOSOVË-GOSNISHT","Nr_Pas":"195/6","Vol":2,"Faqe":159,"Pronaret":"SHTET","Kufizimet":"","Siperfaqe":13052}},
{"type":"Feature","geometry":{"type":"Polygon","coordinates":[[[20.376784735340614,40.28511586819718],[20.376861653085314,40.284967323329674],[20.37704757680906,40.28502347387192],[20.376983091001907,40.28516642704429],[20.376784735340614,40.28511586819718]]]},"properties":{"Zk_Numer":2239,"Zk_Emer":"KOSOVË-GOSNISHT","Nr_Pas":"171/5","Vol":2,"Faqe":160,"Pronaret":"PRONËSI E PASAKTËSUAR","Kufizimet":"MBI KËTË PASURI KA 1 NDËRTIM TË PALIGJSHËM","Siperfaqe":300}},
{"type":"Feature","geometry":{"type":"Polygon","coordinates":[[[20.37699209386567,40.28523725350366],[20.377331720083543,40.284864500586856],[20.377527256591165,40.28481387732829],[20.377895167348008,40.284931551598795],[20.37776527457447,40.285169735363326],[20.377327152027505,40.285254933212315],[20.37673057960172,40.285802276388836],[20.376688283642057,40.285841081627424],[20.376798641601784,40.28594547488326],[20.376219057909086,40.28635313507427],[20.37593294395005,40.28636767762967],[20.375764163277793,40.28606330582171],[20.37615985589497,40.285781007203326],[20.376453033643227,40.28567855384521],[20.376596307260087,40.28559946298272],[20.37699209386567,40.28523725350366]]]},"properties":{"Zk_Numer":2239,"Zk_Emer":"KOSOVË-GOSNISHT","Nr_Pas":"171/6","Vol":2,"Faqe":161,"Pronaret":"SHTET","Kufizimet":"","Siperfaqe":7900}},
{"type":"Feature","geometry":{"type":"Polygon","coordinates":[[[20.389456045983554,40.29653657565748],[20.389477401730144,40.29651947381606],[20.38952260917832,40.296491440019665],[20.38968744283821,40.296432353949704],[20.389975887910108,40.29626828570515],[20.390286429291827,40.296079199212436],[20.39049714067831,40.29594433482918],[20.390769707654837,40.29578377168924],[20.39108670908781,40.295648495345326],[20.391305727352258,40.29561238831168],[20.39149913360194,40.29558645235446],[20.39160617841629,40.29556854706122],[20.39166653359107,40.2955525568563],[20.391847780340555,40.29545002826909],[20.391939277720187,40.295384959053955],[20.392094936575642,40.29522388262058],[20.392233837607762,40.295112745793034],[20.392483364926356,40.29496504866681],[20.392562176158528,40.29489648261921],[20.39264387640408,40.29478104024853],[20.392701482546126,40.29474070021027],[20.3927391688816,40.29472793782446],[20.39276262269286,40.29474243573452],[20.392711977727842,40.29476203967996],[20.392665916987983,40.294795750773034],[20.392582710489613,40.294909803924675],[20.392494291673806,40.29498360622681],[20.39232727314631,40.29508237079597],[20.392250913170095,40.29512659657353],[20.392113418261253,40.29523893630505],[20.39195780860283,40.29540224410143],[20.391863801478944,40.295466878130455],[20.391679841083462,40.295572860239716],[20.391614715360966,40.29559042376863],[20.391507562622945,40.29560516842622],[20.39131310114896,40.29563328716643],[20.39109658900849,40.29566536061603],[20.390783798467425,40.29579884002634],[20.390512768289053,40.295958497893714],[20.390302183975386,40.296093280965366],[20.389991179968078,40.29628264917604],[20.389700792980886,40.29644782200615],[20.38953635464165,40.2965067663801],[20.389494122178316,40.29653295534876],[20.3894769245836,40.29654672731454],[20.389463415248418,40.29657854905741],[20.389467538611594,40.296623188223045],[20.38961366807934,40.2967607519866],[20.38971140185026,40.296881402165184],[20.38974588972102,40.29694057935631],[20.389756369738457,40.296983262668036],[20.38974078203785,40.29702318585639],[20.389705692438586,40.29706958248073],[20.38968306303432,40.2971069573183],[20.389663055058154,40.29714000255415],[20.389652138761452,40.297231964128656],[20.389614185880603,40.29745451479729],[20.3895813623276,40.29754180983857],[20.389550367687015,40.29760583243492],[20.389515429916262,40.29767896100424],[20.38950309767621,40.29772652743762],[20.389491158801512,40.29777522262634],[20.389466528834774,40.29780213448192],[20.38944075938391,40.29782059729157],[20.38943446264986,40.29784097664242],[20.389457004259935,40.297878073300794],[20.389496257014333,40.29791912993371],[20.389498676299592,40.29794216600184],[20.38948319968771,40.29796876282225],[20.389447484837923,40.297994952670656],[20.389331420307073,40.298030347260756],[20.389224914252345,40.29806282680013],[20.38919013268546,40.29808489914862],[20.389143039810385,40.29813226449363],[20.38908960934222,40.29814122348145],[20.3891724324948,40.298072052582754],[20.389211537478435,40.29804723660186],[20.38932106646256,40.29801383521063],[20.38943339948929,40.2979795785713],[20.389463289002812,40.29795766047046],[20.38947497762404,40.2979375733873],[20.38947344760456,40.29792300472542],[20.38943644213547,40.29788429863591],[20.38941002638513,40.297840826289956],[20.389419402569487,40.29781048034509],[20.38944814985953,40.29778988403531],[20.389468991432157,40.297767111564305],[20.389480127968753,40.29772168893832],[20.38949279231725,40.29767284159814],[20.389528294405345,40.297598531901826],[20.38955903678995,40.29753503040828],[20.389591217303998,40.29744944561969],[20.38962891667818,40.29722838191585],[20.38964012012871,40.297134001553246],[20.389661632261237,40.29709847206759],[20.389684655638934,40.29706044656049],[20.38971899807097,40.297015037884805],[20.389732456631346,40.29698056787592],[20.38972334905001,40.29694347420729],[20.38969041826331,40.296886968758365],[20.38959411641022,40.29676808620155],[20.389444706641765,40.29662743436298],[20.38943984008303,40.29657474923189],[20.389456045983554,40.29653657565748]]]},"properties":{"Zk_Numer":2239,"Zk_Emer":"KOSOVË-GOSNISHT","Nr_Pas":"141/17","Vol":2,"Faqe":162,"Pronaret":"SHTET","Kufizimet":"","Siperfaqe":1184}},
{"type":"Feature","geometry":{"type":"Polygon","coordinates":[[[20.391281066869098,40.28722786479159],[20.39113725219499,40.28710335612684],[20.391059528577927,40.28685879671667],[20.39109725708857,40.28675777289602],[20.391289458124692,40.28662218724562],[20.391575908339547,40.28646069049364],[20.39221135976214,40.28632816309454],[20.392406978153097,40.286424052080335],[20.392555113124317,40.286547887551414],[20.392575628524586,40.286973790803955],[20.392425115535787,40.28718887400776],[20.391281066869098,40.28722786479159]]]},"properties":{"Zk_Numer":2239,"Zk_Emer":"KOSOVË-GOSNISHT","Nr_Pas":"3/1","Vol":2,"Faqe":163,"Pronaret":"SHTET","Kufizimet":"","Siperfaqe":10000}},
{"type":"Feature","geometry":{"type":"Polygon","coordinates":[[[20.388732375579433,40.285311314461296],[20.388126515042423,40.28532310563113],[20.387610325839468,40.285209579259735],[20.387590108762364,40.285073475183154],[20.387962746909356,40.28469703457165],[20.38815806304953,40.28463563503113],[20.388633135589735,40.28485588750899],[20.38886078268427,40.28509190434728],[20.388732375579433,40.285311314461296]]]},"properties":{"Zk_Numer":2239,"Zk_Emer":"KOSOVË-GOSNISHT","Nr_Pas":"3/2","Vol":2,"Faqe":164,"Pronaret":"SHTET","Kufizimet":"","Siperfaqe":5600}},
{"type":"Feature","geometry":{"type":"Polygon","coordinates":[[[20.37816129408356,40.28346859364546],[20.37815843602035,40.28355738280621],[20.378116663633577,40.283691913481654],[20.378097403516517,40.28384941070623],[20.37810340002707,40.28393271647392],[20.378163431554892,40.284010247493896],[20.378242517873954,40.284070468061785],[20.378270558625413,40.284187500250766],[20.378281895257153,40.284328570977586],[20.37831092626111,40.28446548481414],[20.37832229002976,40.284554800145266],[20.378330720865012,40.28462640409501],[20.378353023895798,40.28467517860099],[20.37838748085471,40.28467383947839],[20.378454515459698,40.284682102010976],[20.378563592135954,40.28467460703603],[20.378358871963933,40.28472972766807],[20.378057743237594,40.28480393863089],[20.37799395949758,40.28478316678522],[20.377936929872224,40.28470484586314],[20.37786320843615,40.28464620616675],[20.37779764515076,40.284623409417975],[20.377703724934737,40.28463043170306],[20.377599389822453,40.28463212597811],[20.377505695834156,40.28463919941221],[20.37692321250355,40.2848361544412],[20.37643492456014,40.284469738583155],[20.376323791567174,40.28416708761773],[20.376136249848162,40.283988431457075],[20.37592713633553,40.28371063120745],[20.376078925644123,40.28359572770055],[20.376203559445138,40.28354209683165],[20.376458733405393,40.28342019756523],[20.376657257610432,40.283342188670694],[20.376862856708673,40.28326618790652],[20.376930596960086,40.28325950060502],[20.37700121341973,40.283262439240005],[20.377116737717696,40.283237080891666],[20.37721708216766,40.283178398992646],[20.377251771389297,40.28314413686094],[20.37756521630661,40.283425076921674],[20.37774150154564,40.28355373659589],[20.378124093452115,40.283505615983934],[20.37816129408356,40.28346859364546]],[[20.377515794885863,40.28459817653626],[20.377645912297,40.28445902784771],[20.377815655777088,40.28446874082881],[20.3778970188898,40.28457900382171],[20.378097210676604,40.28459561958776],[20.37811792816231,40.28415628241327],[20.378045875897442,40.28392053382574],[20.3780459463295,40.28376914456496],[20.37806930011774,40.28357504413485],[20.377713989655337,40.28362832512334],[20.377493445232325,40.28377452802197],[20.37695879177751,40.28396900524269],[20.377002150872755,40.284007070892095],[20.37710375159885,40.28410302527655],[20.3772458482699,40.284290735975],[20.377350203099095,40.28445723157487],[20.377436109219172,40.28454039344263],[20.377515794885863,40.28459817653626]]]},"properties":{"Zk_Numer":2239,"Zk_Emer":"KOSOVË-GOSNISHT","Nr_Pas":"167/7","Vol":2,"Faqe":165,"Pronaret":"SHTET","Kufizimet":"","Siperfaqe":17716}},
{"type":"Feature","geometry":{"type":"Polygon","coordinates":[[[20.3752828595163,40.28302443002478],[20.375239714450593,40.282131982005204],[20.375909118786183,40.281668323907176],[20.37606316256806,40.281812278527575],[20.376144147514463,40.2817568892166],[20.37647889219666,40.2816542440275],[20.37651309895483,40.28168790633645],[20.37654994991622,40.281704599317514],[20.376596511022917,40.281715718107584],[20.376633017403808,40.281723056523504],[20.376727881066152,40.28172770308573],[20.376880442618877,40.281705584577466],[20.37699756130135,40.28167095919113],[20.376977452503045,40.28195873797514],[20.376581705274692,40.28199965753552],[20.37661094560841,40.28212952146557],[20.376082859820638,40.28224050790454],[20.376214443649918,40.28251694720376],[20.37622964726051,40.28270554369063],[20.376331985772968,40.282888487072874],[20.37686367305773,40.28315582418113],[20.376957642429517,40.283189988297735],[20.376813031432327,40.283207445274876],[20.37670031117953,40.28325136097809],[20.37639059649595,40.28338045975975],[20.376199992004082,40.283479566849955],[20.375996798532938,40.28354978295085],[20.375310183078632,40.28301958849223],[20.3752828595163,40.28302443002478]]]},"properties":{"Zk_Numer":2239,"Zk_Emer":"KOSOVË-GOSNISHT","Nr_Pas":"186/5","Vol":2,"Faqe":166,"Pronaret":"SHTET","Kufizimet":"","Siperfaqe":17933}},
{"type":"Feature","geometry":{"type":"Polygon","coordinates":[[[20.37984381955333,40.28409316612351],[20.37981897053291,40.28407741516056],[20.37976764573476,40.283990093584976],[20.379757777518396,40.283956235403075],[20.379761985158098,40.28391079009865],[20.379769450280527,40.283830161671766],[20.379769370181336,40.283780792707255],[20.379721559559343,40.283711704202645],[20.379662667418,40.2836279721833],[20.37954654733327,40.28346774401069],[20.37951319371517,40.28341406542989],[20.379473017335368,40.283337604326846],[20.37945622626034,40.283250327599504],[20.37947208532181,40.28317153465875],[20.37950517759776,40.2830753926809],[20.379521475572734,40.28301278043369],[20.379541432921055,40.28294952268978],[20.37951247894878,40.28293999467964],[20.37954833808169,40.28285910627121],[20.37955247660284,40.282845479112694],[20.379666108336714,40.28285532174828],[20.379653180083498,40.282896915019045],[20.37962098802937,40.28298316578229],[20.37959999463319,40.283039743190365],[20.379540066065026,40.28315220867664],[20.379518301026703,40.283198218513036],[20.379512031015413,40.28322015541007],[20.379509377078833,40.28324679746849],[20.37951852246689,40.28329448804292],[20.379525255506273,40.28331837227658],[20.379560480260597,40.28338763696833],[20.379769170928803,40.28368804288933],[20.379834893111823,40.28377644486662],[20.37982468680146,40.28388290059187],[20.379825790597263,40.28392676665938],[20.379835250110588,40.28396036409498],[20.37986232897724,40.28399408466131],[20.37991143278785,40.284021635845036],[20.379950096958844,40.28405920706808],[20.37997450849877,40.28409289596946],[20.37998535560133,40.28412383977075],[20.37998896912553,40.2841509879793],[20.37999499702443,40.28434512364766],[20.380024224252068,40.284421018248025],[20.380032337234216,40.28443681720575],[20.380098599051376,40.28456585301385],[20.380149825726956,40.28464508686184],[20.380195455013503,40.284908507336084],[20.380209446766525,40.284906844187546],[20.380226833489257,40.284992631539694],[20.38027336080825,40.28520638983993],[20.380327259041056,40.28551839355988],[20.380289616089616,40.28552015205598],[20.38024784674691,40.28528896996595],[20.38019456320441,40.28509235815391],[20.38012003278571,40.28490768850887],[20.38004311397348,40.28471825582723],[20.380097634554907,40.28470781507275],[20.380093758685685,40.28470002338575],[20.380048512542597,40.284600602899694],[20.379978351423496,40.28444643549137],[20.379945839009636,40.28434768266824],[20.379894627500416,40.284172777345816],[20.379890543397963,40.284145217204994],[20.379886565642522,40.28413241021102],[20.379882388885825,40.28412400883759],[20.37985920587684,40.28410547010019],[20.37984381955333,40.28409316612351]]]},"properties":{"Zk_Numer":2239,"Zk_Emer":"KOSOVË-GOSNISHT","Nr_Pas":"160/20","Vol":2,"Faqe":167,"Pronaret":"SHTET","Kufizimet":"","Siperfaqe":1789}},
{"type":"Feature","geometry":{"type":"Polygon","coordinates":[[[20.382816698919594,40.28311077409629],[20.382663392533896,40.283125844303896],[20.382429811707848,40.283160336784285],[20.382059303925683,40.28340143047606],[20.38164505384185,40.283698910898096],[20.381488521393436,40.283755706113645],[20.381295781609197,40.283736309032314],[20.381163471711805,40.283771413506145],[20.38084921900379,40.28379569649327],[20.380507662003346,40.28383588328694],[20.380443238891306,40.283881617545184],[20.37998896912553,40.2841509879793],[20.37998535560133,40.28412383977075],[20.37997450849877,40.28409289596946],[20.379950096958844,40.28405920706808],[20.380057661308918,40.284040518414386],[20.380298218298243,40.28389329217295],[20.38048850024363,40.28378978397818],[20.380759254703964,40.28376376166023],[20.380920591430502,40.2837340188278],[20.381171955388353,40.28372690811973],[20.38127298625156,40.28369957666307],[20.381352428614814,40.28370432335735],[20.38147972558229,40.283719618507725],[20.3816512505045,40.2836508800554],[20.382050509113736,40.28337708440332],[20.382403160111622,40.28313524741181],[20.38266672163501,40.2830998034269],[20.382799785676344,40.28308396074109],[20.382816698919594,40.28311077409629]]]},"properties":{"Zk_Numer":2239,"Zk_Emer":"KOSOVË-GOSNISHT","Nr_Pas":"160/21","Vol":2,"Faqe":168,"Pronaret":"SHTET","Kufizimet":"","Siperfaqe":1212}},
{"type":"Feature","geometry":{"type":"Polygon","coordinates":[[[20.36898614822449,40.28907528101493],[20.36902478755704,40.28904071677092],[20.36903591322235,40.28899973833482],[20.369027603942108,40.28894143904784],[20.36900055466592,40.28887503632578],[20.3689585313769,40.28878396129744],[20.368957112927756,40.2886961045185],[20.36900801996072,40.28859925064189],[20.369060204966598,40.28847196842497],[20.369097175656144,40.2883368568015],[20.36909466931858,40.28823453683446],[20.369124149628906,40.28816348015129],[20.36910615290399,40.288093508337916],[20.36908025281144,40.28803077259497],[20.369029932890207,40.2879347761759],[20.36898742773038,40.2878679209433],[20.368964112951783,40.28780701766939],[20.368960720109047,40.28774663736279],[20.368983509539223,40.28769700451451],[20.36903518672632,40.287620031460854],[20.36914485497795,40.28750007167418],[20.369149929890057,40.28743881195759],[20.369137334309123,40.28737670197869],[20.369101056429844,40.28732698032692],[20.36904396548275,40.28725764976076],[20.369007483675873,40.2871704041219],[20.36901865949787,40.28711232241831],[20.36906033550154,40.287027759067605],[20.369140417372655,40.286948055532264],[20.369267599346355,40.28680869105248],[20.369443425101153,40.286627987645595],[20.369647645899867,40.28638948041821],[20.369770287836676,40.28624827196906],[20.36983499442274,40.28606200695426],[20.369874010447106,40.28594969453417],[20.36991192845182,40.285776182310556],[20.370001994737237,40.285651644808674],[20.370138592952785,40.28553588494545],[20.370216629912928,40.28544038633735],[20.370299047596678,40.28532746316044],[20.37037309349246,40.28523480738645],[20.370440159735388,40.28507369232567],[20.37049471373228,40.28494263518352],[20.370572173536225,40.284831986394856],[20.370671146385778,40.28469964209402],[20.370760071553352,40.2845649256949],[20.370895884927542,40.284402001096446],[20.37106806739089,40.2841934166873],[20.371282607586554,40.28407273624234],[20.371466389633042,40.283969356825935],[20.371601916366874,40.28392810285159],[20.371700447434183,40.28386696236786],[20.37184500338698,40.283759194242144],[20.37195257373273,40.283660571319714],[20.372002715437876,40.28367573779116],[20.37183735804854,40.28384804613848],[20.371778221223785,40.28391838239403],[20.371699643807965,40.28394756123166],[20.371623521566722,40.28396371518239],[20.371559395110978,40.283985615790236],[20.371462257911766,40.284032986723666],[20.371313196333507,40.28410372554273],[20.37116807492042,40.28418671551905],[20.37110855882466,40.28426799046081],[20.370990350275086,40.28438858503146],[20.370917971869837,40.28449986969159],[20.370847122108128,40.28459960001748],[20.370734231088917,40.284718047097336],[20.37061171046346,40.284874405295206],[20.370510643590126,40.28503111738117],[20.3704593608432,40.28517323331426],[20.3703619744232,40.28535939829326],[20.370267502140685,40.28548189162],[20.370139732403135,40.285616748686174],[20.369998458957646,40.28577468793107],[20.369955325370455,40.28592078588077],[20.369870546865286,40.28621016646865],[20.36985328263101,40.286268005750266],[20.3698350421711,40.28629241517963],[20.369796787759675,40.28633145639534],[20.369751089413832,40.28637191242243],[20.369718820970572,40.28641725757719],[20.36985893003255,40.286364087600816],[20.3700380721952,40.286336050074325],[20.37029416671194,40.28633897264803],[20.370550741111078,40.28633006320286],[20.370773379177137,40.28630454192009],[20.370928967932834,40.2862544469288],[20.371112669084763,40.28614694285011],[20.37129818377563,40.2859998223952],[20.371508064094257,40.28584463451673],[20.371757608115043,40.28564074174263],[20.371999396231207,40.28544719209717],[20.372178696730714,40.28525265414391],[20.3724072942364,40.28516969332049],[20.372601456792175,40.28503349293226],[20.3726756722667,40.28495605673437],[20.372770696059483,40.284858113016384],[20.37284918391525,40.284798763670004],[20.372970709470444,40.28473143156397],[20.373119046047133,40.28466215229263],[20.373245650233258,40.28466007970345],[20.37337619023868,40.28466358958581],[20.373492370948348,40.28467602160373],[20.373667126344987,40.28469958730609],[20.373940192854544,40.28476308614169],[20.374194138292893,40.28484503855726],[20.3742829656344,40.284872338388496],[20.374330206420453,40.28488458302102],[20.374352944365153,40.284889413529896],[20.374309109929044,40.284903748671205],[20.37426321826821,40.284899490941406],[20.37414096796132,40.284867042365555],[20.373977805135347,40.28480807201525],[20.373646378432117,40.28472687591798],[20.373380218381996,40.28469058412952],[20.3731827899219,40.28468790739609],[20.373055370147515,40.28472174905054],[20.372828947946495,40.28485882598138],[20.37273225539474,40.284946728045476],[20.372643604037915,40.28504874369894],[20.372571506534968,40.28511396106503],[20.372357533654064,40.28526343156962],[20.372212020994112,40.28531306500414],[20.3721246113873,40.285405264915255],[20.371883414119377,40.28563255191377],[20.371711000631745,40.285786873543366],[20.3713860882659,40.28602693523261],[20.37104647753684,40.28627583474992],[20.370907012269264,40.28633517458634],[20.37074773280897,40.28636374083254],[20.370591053900306,40.286376563282914],[20.370346586527585,40.28639656982301],[20.3701852987291,40.28640976888549],[20.370024925511146,40.286411552070085],[20.369853889481966,40.28643869981251],[20.369698341680433,40.286491117018876],[20.369501357472352,40.28668852639418],[20.36922954123556,40.28697131007716],[20.369139687025996,40.28707306142924],[20.36908946440866,40.28717339331142],[20.369139351565472,40.287246629890156],[20.369220175695336,40.28736528294429],[20.36923183960393,40.28749275080459],[20.369133415497615,40.28762262825464],[20.369060902995013,40.28771831317103],[20.369040082686197,40.28776727409246],[20.3690442402336,40.28783993954524],[20.36907452461984,40.28788487749191],[20.369129589607503,40.28796658633573],[20.36916985849069,40.28803217305773],[20.369196984133488,40.28810215635624],[20.36920063783299,40.28816244341512],[20.369176682509572,40.288234620481454],[20.369172800213185,40.288349770550724],[20.369135276291324,40.28847459911842],[20.36907978907317,40.288617705832195],[20.369020229438203,40.28868471423574],[20.36901489150459,40.288782533643314],[20.369054523585454,40.288864983045805],[20.36909569138608,40.288965765711374],[20.3690932206489,40.28902034957673],[20.36908342908433,40.28908652452868],[20.36898614822449,40.28907528101493]]]},"properties":{"Zk_Numer":2239,"Zk_Emer":"KOSOVË-GOSNISHT","Nr_Pas":"167/8","Vol":2,"Faqe":169,"Pronaret":"SHTET","Kufizimet":"","Siperfaqe":7169}},
{"type":"Feature","geometry":{"type":"Polygon","coordinates":[[[20.367720560185724,40.284539150091966],[20.367695238771972,40.28446832183591],[20.367716801689497,40.284401541817594],[20.367783397671673,40.28429839071662],[20.367952274315353,40.284143802804415],[20.368050421786936,40.284033848463714],[20.36815857252871,40.28379207733513],[20.36821553679011,40.283645653961905],[20.368216975569695,40.283518945600306],[20.368266744036283,40.283349332965855],[20.36831184886871,40.28319561341074],[20.368354674238514,40.28306949676772],[20.368388851507405,40.28296884761414],[20.36843696708805,40.282899076189175],[20.368512314670642,40.2828318969212],[20.368646855200524,40.282731502196945],[20.368730131521357,40.28265263167942],[20.36874442704738,40.28263349917907],[20.36874684715754,40.282605584481665],[20.368721877946594,40.28258493451903],[20.368681607134064,40.28257864800782],[20.368611635314164,40.282594717370564],[20.368258132337065,40.28270932224694],[20.368168450784943,40.28274742661176],[20.367917406280135,40.28289906449141],[20.36778357670775,40.28295572462104],[20.367561471843597,40.28301946768847],[20.367487246044043,40.28303032323837],[20.367437226236724,40.28303010281295],[20.367391478474612,40.28301580140445],[20.367357663453184,40.28299011786359],[20.367346076909413,40.28295374355364],[20.36735629094845,40.282918411495366],[20.36743308905014,40.282847143546356],[20.367526841126303,40.28276014218926],[20.3676822649574,40.28263941402107],[20.36772933388573,40.28258393898371],[20.367804537569636,40.28244448257985],[20.367934587203905,40.28222962879497],[20.36796960658184,40.28212116027088],[20.367983581174194,40.2820778754678],[20.368019325490188,40.28200624959561],[20.368055592175413,40.28194467373114],[20.36810009633583,40.281894181573215],[20.368180500045067,40.28184768324419],[20.36826090364395,40.28180118485941],[20.36837005168526,40.281742710477175],[20.36848153827908,40.28168298304117],[20.368537902251592,40.281640123376505],[20.368606141754174,40.281576157239506],[20.368776692307996,40.281395247164085],[20.368853262855797,40.281322264542275],[20.368956146946225,40.28125998546475],[20.36910647931013,40.28119594321747],[20.369238047485627,40.28108372045703],[20.3692522750048,40.281036777761166],[20.369260652170773,40.28099167868419],[20.369251387561775,40.28096480221321],[20.369242741151666,40.28093971910634],[20.369228323762282,40.28092459517541],[20.36919912010846,40.28089396033492],[20.369123631883898,40.28084624401328],[20.36905945097247,40.28081619014088],[20.36903001248214,40.28079564342398],[20.368986674477675,40.28075753464095],[20.368873194972824,40.28058697886496],[20.368821337289624,40.280499105752185],[20.368778009424307,40.28040513797325],[20.368725834898925,40.280271077503755],[20.3687051839498,40.280138909894184],[20.368697856889927,40.279942951344935],[20.368682386264243,40.27979892917369],[20.368668630105486,40.2796708671165],[20.36857463981472,40.279243638144],[20.368529393146396,40.27911336029349],[20.368502471693038,40.27901803643498],[20.36850063528384,40.278940388369435],[20.368509416385546,40.27886871796525],[20.368532184339482,40.278784069239265],[20.368576729511243,40.278647423721075],[20.36857925689624,40.27863041027764],[20.36856871829918,40.27861749924901],[20.368531225595184,40.27859028707802],[20.368463985460316,40.27856946791909],[20.368369235853642,40.27853684507472],[20.368289014075714,40.278491113958545],[20.36822395278625,40.27843846165695],[20.36815718145345,40.2783596143392],[20.368024526866247,40.27807172972639],[20.367913938660518,40.2777961645362],[20.367764096254934,40.27741102483206],[20.36774910486545,40.277292323829],[20.3677583654339,40.27721139521083],[20.367773241476772,40.27714887826167],[20.36778794929491,40.276959897269194],[20.367795425761962,40.27684680752553],[20.367837341115706,40.27673774260299],[20.367861836212427,40.276656430928995],[20.367860095648016,40.276618434307444],[20.36784597656952,40.27655517015128],[20.36778059896763,40.27646704710685],[20.367728626738483,40.27642187105031],[20.3676860038022,40.27639461276661],[20.36756351282711,40.27632414873697],[20.367499636395035,40.2762834395012],[20.36743067889147,40.27618249103774],[20.367267372496702,40.27592984313902],[20.367177009351508,40.275796311756345],[20.367130204415083,40.2757276141775],[20.36712125510355,40.275702421364024],[20.36711554964838,40.275643108776706],[20.36711316358129,40.27552821607793],[20.367126787482896,40.27544774916105],[20.36714916400813,40.27536519970653],[20.367200495329364,40.275279654488735],[20.36731443265585,40.27514639674577],[20.36733036192052,40.27512776629613],[20.367375219796386,40.275075301635844],[20.36741183745777,40.2750786023793],[20.36729951755864,40.275203910105766],[20.367216414889562,40.27531644593005],[20.36717527735156,40.27540490941511],[20.367144350661434,40.275533836359585],[20.36714035152162,40.27562234296299],[20.36715635399709,40.27572133494113],[20.367356302874374,40.2760154250585],[20.367512760723006,40.2762501879169],[20.367561939905265,40.27628800091602],[20.367664391964,40.27634760261258],[20.367758640744484,40.276402661180406],[20.36783279488679,40.27647272824533],[20.367883381985056,40.276533724497355],[20.367907959409376,40.27659126325871],[20.367912569383027,40.27665506354821],[20.367888163392283,40.27674110160747],[20.36785155327874,40.276813058895684],[20.367831771001242,40.27688570668185],[20.367832776541007,40.277009587855396],[20.36782673618941,40.277104373743626],[20.367815777517592,40.277165354448044],[20.367802077298922,40.277264978797774],[20.36780318624251,40.27734787423717],[20.367847779902124,40.27742889868837],[20.36790535094633,40.277514130853874],[20.36793211416607,40.27755871603653],[20.367946966248702,40.27762698118046],[20.36800465876672,40.277813244901914],[20.36805310606553,40.27795833643354],[20.368130169064862,40.278131452902514],[20.36820816096389,40.278303474099516],[20.36827055553754,40.27838104050905],[20.36838119778726,40.27847319900672],[20.368480990495204,40.27852108818077],[20.368579445645015,40.27855325612103],[20.368606655563735,40.27856941031117],[20.368622703312898,40.2785856000552],[20.368636209791262,40.2786028289214],[20.368639512514083,40.27862145022562],[20.36862740546349,40.27868338719921],[20.36858040234373,40.27881683156911],[20.368560590496543,40.278907182806115],[20.368557005792564,40.27896574217513],[20.368559242176264,40.27902759633641],[20.368596502430826,40.27914941380191],[20.36866264887405,40.279322481544995],[20.368689754776852,40.27942904541869],[20.36873689819033,40.27967353962432],[20.368759108036556,40.280073631957094],[20.368782565054577,40.28024891726706],[20.36884124472429,40.28041085711815],[20.36893131487341,40.28057327218873],[20.369019458655018,40.28071889030486],[20.369071772059876,40.28077119715783],[20.369126671495614,40.28080708173753],[20.36924189404367,40.28086258000812],[20.36929683204844,40.28090988121137],[20.369325348478256,40.28096411422749],[20.369317876150326,40.28104331231109],[20.369261295602094,40.281133180770794],[20.369136613881356,40.28122337201245],[20.369011917973257,40.281287907841374],[20.368895928239642,40.28135158954984],[20.368789767537084,40.281445908576714],[20.368629854545443,40.28163468410505],[20.3685800451458,40.28167363642246],[20.36848055474861,40.28173034641704],[20.368371894658203,40.28178608230343],[20.368226235136902,40.28186906905068],[20.368133566134325,40.281936635649366],[20.368076740247187,40.28200574237621],[20.36804282060996,40.28209185528544],[20.368021162755223,40.282182895354055],[20.367920297110796,40.28237647593262],[20.367804406748604,40.282597232109644],[20.367741747224454,40.28267058465266],[20.367586669767526,40.282787364664195],[20.3675018756838,40.28286287824846],[20.367452102284837,40.282905792693576],[20.367442467085453,40.28293798796559],[20.36744538623247,40.28296857247847],[20.367462933286358,40.28298213392459],[20.367489628186135,40.28298674466691],[20.36773944391254,40.28292514772246],[20.367993778378263,40.28278637930068],[20.36816060911169,40.28268533709249],[20.368252099811286,40.28264955964836],[20.368552497486817,40.28255440121121],[20.368656572798795,40.28252693623522],[20.368733697316284,40.282526690482555],[20.36878762405561,40.282544977518434],[20.368811129451572,40.282583051169254],[20.368804266687636,40.28265075567881],[20.368765183717702,40.28271132732787],[20.368634948022358,40.28280731447659],[20.368543112203444,40.28287083531698],[20.368466910050998,40.28295430179227],[20.368426064916143,40.28302985923025],[20.368405505563345,40.283112372594736],[20.368366763317287,40.283280407106076],[20.36831500224989,40.28346372342793],[20.368280538141814,40.28362699005788],[20.36826301608411,40.28376622122476],[20.36820553186901,40.283919583461305],[20.368122300534875,40.28405732326062],[20.367966988414555,40.28420772928796],[20.36785395919263,40.28432057307259],[20.367767073939014,40.284475448433646],[20.367781075052786,40.28451363076597],[20.36781454233128,40.284550264480906],[20.367976130044955,40.284618241929785],[20.36815607471093,40.28462572946895],[20.368290337227492,40.28461493781415],[20.36839164187926,40.2844942986746],[20.368430503224115,40.284448020314905],[20.36849421244877,40.28438846168821],[20.36857186139783,40.28432480308801],[20.368677389618675,40.2842472069771],[20.3688603325885,40.2841201913231],[20.369001802009628,40.284045187924434],[20.369142458154673,40.28394737528836],[20.369205912695158,40.28391702048999],[20.3692851664495,40.283895531461745],[20.36937674479851,40.283893044737674],[20.369466286345826,40.28388090385391],[20.369526030875413,40.283845402221154],[20.36971132335594,40.2835731346571],[20.369905269199432,40.283401977427154],[20.37012948905362,40.28324260177678],[20.370348244830858,40.28308737410353],[20.370618311934003,40.282908916292584],[20.37072168118012,40.28287210618775],[20.37080686248627,40.28285323604865],[20.37096880400003,40.282837146566756],[20.37109387579671,40.282830746661546],[20.37116259617939,40.28282134252379],[20.37130737256031,40.282777134051905],[20.3714015093881,40.28275776160027],[20.371552111574143,40.282751555391286],[20.37165874262612,40.28275502417868],[20.371836789246483,40.282774856582115],[20.37204387830962,40.282786586311026],[20.37223578373031,40.28278553246222],[20.37233348763958,40.28276494690881],[20.37241563646545,40.28272159154287],[20.372526789698938,40.282632638359885],[20.372686085031095,40.28241941294588],[20.372778013336987,40.28231767641157],[20.3728333649647,40.28228126666949],[20.372890794779256,40.28227276676711],[20.372988836076384,40.28227130904168],[20.37308771209864,40.2822512915846],[20.373340582110814,40.282125077762046],[20.373504988658013,40.282026009562216],[20.373643028845912,40.28193814540919],[20.3737810162361,40.28186623685058],[20.373842531562293,40.28184972349738],[20.373950368527257,40.28183462339216],[20.374080540516008,40.28182763852006],[20.374261032872525,40.28182537447213],[20.37446771381632,40.28182545043304],[20.374601736191213,40.28181966393524],[20.37466201796525,40.28180589094184],[20.37472568043501,40.2817796214099],[20.374904267993085,40.28169745794184],[20.37503310603241,40.28165493351449],[20.375311335015695,40.281539402304844],[20.37584701387831,40.28133221717582],[20.37594683493924,40.28131063100951],[20.376089366894472,40.281293098647375],[20.376294913445037,40.28129331090633],[20.37643157681836,40.28129148720861],[20.376508316715245,40.281302222110206],[20.376549410730657,40.28133648067147],[20.37656783397838,40.28137149434354],[20.376567612549607,40.281412134416726],[20.376537023158917,40.28151446366923],[20.37651634407582,40.28156961811087],[20.376521974844955,40.28161589764397],[20.376555698746696,40.28165275582877],[20.376601438232687,40.281671118633845],[20.376651696170214,40.28168146517317],[20.37670437259083,40.28168470567727],[20.376795712356017,40.28167415889619],[20.377008371203136,40.28161759176117],[20.377076099826525,40.281599575883234],[20.3773914255342,40.281547937907156],[20.377715008341028,40.28150567041988],[20.37779040313558,40.281492213405684],[20.377914042565276,40.28144350778517],[20.378023404985075,40.28139397847586],[20.378071309318077,40.28138366646488],[20.37813963469988,40.28138092713105],[20.37821678221166,40.28138611384961],[20.378382699049443,40.28141739726963],[20.378529389472288,40.281455088913724],[20.378639640563332,40.28146943563504],[20.378731614925368,40.2814706199902],[20.378847561438413,40.28147015780833],[20.378886210275542,40.28147000372189],[20.378965704536743,40.28148354772061],[20.378998469992244,40.281493712723055],[20.37907256295575,40.28153647164643],[20.379132723948775,40.28161886188491],[20.37917280269887,40.281704758546844],[20.379213610774993,40.28183035996631],[20.379239601751294,40.2819564019501],[20.379260211447512,40.28210715037291],[20.3792928786762,40.282216355069444],[20.379295303306336,40.28226581379332],[20.379290667423618,40.282347383160904],[20.379268169320696,40.28241627840027],[20.37923500911891,40.28248305572392],[20.379225385845686,40.28254163695645],[20.379229613624766,40.28258770328563],[20.3792557791066,40.282631142293155],[20.379339183487918,40.28270595283151],[20.379391840629918,40.28275148749019],[20.37944296338797,40.282776469928635],[20.379512566687985,40.282797742076504],[20.37958798271864,40.282812724523545],[20.379658335703773,40.28280856460822],[20.379816445010697,40.28276641019236],[20.37992129807629,40.282721740686576],[20.37996965049547,40.28268045800353],[20.379991736737495,40.282626206573575],[20.380000890251083,40.282548183397765],[20.380015442369032,40.282514827671825],[20.38004509954859,40.282493525333514],[20.380094767740264,40.28248532679012],[20.380229851818825,40.28248325337232],[20.38031008991657,40.28246097390062],[20.380505593099024,40.28234229253051],[20.380619548582846,40.282226628001375],[20.380704691319302,40.28213926185794],[20.380778148398576,40.28203372980557],[20.380827725923968,40.28194829479627],[20.38086583324827,40.281886789698056],[20.380905756673105,40.281852536624974],[20.38092930994864,40.28183232861485],[20.380983831781663,40.28181395736905],[20.381040170495098,40.281807593924285],[20.381107572848205,40.28182400551693],[20.38117347403287,40.2818524239468],[20.381251252939254,40.28190303203684],[20.381304972804827,40.28195837712246],[20.381332790730927,40.28202490620587],[20.381351186368345,40.282115517027485],[20.381363597178563,40.28214342539288],[20.38140849164044,40.282202849390124],[20.38149444258994,40.28227733427216],[20.381619710830662,40.28237269347503],[20.381579270700026,40.282398449934824],[20.38150017981031,40.28232670635667],[20.381389381817325,40.28223388650814],[20.3813403739856,40.28217562407901],[20.381311107820046,40.28212315988733],[20.381302082573146,40.28207972224167],[20.381292599379837,40.28203213606828],[20.381280231563213,40.28200255744112],[20.381267863757465,40.28197297881243],[20.381233690519554,40.28193777132953],[20.381198771350935,40.28191024314137],[20.381161795723095,40.28188618414183],[20.381120453853338,40.281865732999044],[20.38109106895981,40.281853061915434],[20.381063917013574,40.281846450628294],[20.381036765072583,40.28183983933473],[20.380997159206995,40.2818443132155],[20.38096076076869,40.281853386086205],[20.380944869783157,40.28186631075724],[20.380901170146313,40.281903803168916],[20.38083448267085,40.28202109822441],[20.38076643809859,40.28214333544642],[20.38066585851972,40.28226103635546],[20.38047080316525,40.282443496473604],[20.380367656498706,40.28248827811935],[20.380283365084793,40.28251911588835],[20.380189031728815,40.282529340455945],[20.380128982405296,40.28253012032525],[20.380102724697483,40.282532223987005],[20.380077376307376,40.282538179159424],[20.380066431576388,40.282545917620126],[20.380062153896084,40.28255886123196],[20.380053895709246,40.28259534736361],[20.38004541682509,40.28264314677285],[20.38001959513749,40.28269337829869],[20.379994381222094,40.28272215872103],[20.37995084761829,40.28275087016283],[20.3798816907603,40.28277997799027],[20.379754953671796,40.28282675784808],[20.379666108336714,40.28285532174828],[20.37955247660284,40.282845479112694],[20.379452274816074,40.282816019888095],[20.37937251564135,40.28277674190212],[20.379305249687587,40.28272197443705],[20.37921732069705,40.28263958249151],[20.379193915592392,40.28261337775233],[20.379175657534557,40.28256366689727],[20.379180932264042,40.28251476417539],[20.379211303231628,40.28242235309849],[20.379225138198585,40.28239336286075],[20.37925143859153,40.28233825209315],[20.379252025799524,40.282331200422064],[20.37925645175939,40.28227804985134],[20.379251906590124,40.28218590824226],[20.37919301353859,40.282038824151044],[20.379178595095887,40.281912158381125],[20.379123641539117,40.281717452639555],[20.3790626514921,40.281597177140526],[20.37897901928813,40.2815409548163],[20.37887253214292,40.2815232113949],[20.378806975746386,40.2815181288463],[20.378657653534034,40.2815197454889],[20.378484181889892,40.28150255242028],[20.378438214739763,40.281491428607936],[20.37834547012449,40.281459100625945],[20.378162330044375,40.281429314044615],[20.37810280279182,40.28142385572028],[20.378000642467832,40.28145057474138],[20.377847876650478,40.28151292646031],[20.377646142607627,40.28155941678239],[20.377517372365656,40.281575641593854],[20.37737357964816,40.28159338810725],[20.377114679863535,40.281636333686585],[20.37699756130135,40.28167095919113],[20.376880442618877,40.281705584577466],[20.376727881066152,40.28172770308573],[20.376633017403808,40.281723056523504],[20.376596511022917,40.281715718107584],[20.37654994991622,40.281704599317514],[20.37651309895483,40.28168790633645],[20.37647889219666,40.2816542440275],[20.376466099501574,40.28162379397034],[20.376463348653157,40.281597753747484],[20.376503473396415,40.28142269398608],[20.376500217239276,40.28138609978251],[20.376496954102645,40.28137219893616],[20.3764812429968,40.281354921841334],[20.376451010732257,40.2813364859336],[20.376312808998158,40.28133019172474],[20.376141405107138,40.28133383931045],[20.376005352777494,40.28134376629988],[20.37594636212734,40.28135251813224],[20.375764629124816,40.28142560132496],[20.375109860830047,40.281675573493416],[20.374831273226956,40.28177154920538],[20.374724522712143,40.281824333610444],[20.37463570920699,40.2818569528274],[20.37451925236164,40.28186130006634],[20.374164536749674,40.281865914352124],[20.373964065711505,40.2818701992873],[20.373852802272655,40.28188798734967],[20.3737595756331,40.28192044635124],[20.373709134460444,40.281955292099454],[20.37364191403851,40.28200400723267],[20.373532973981337,40.282083961468246],[20.373485143692946,40.282121935245705],[20.373158478139132,40.282286943704285],[20.373084346608106,40.282326197631306],[20.3730367685876,40.28233832265295],[20.37295656347564,40.28233731504815],[20.372866508742753,40.282347407630475],[20.37282736409482,40.28237019258282],[20.372774121464257,40.28241595870373],[20.37261977065144,40.282623224920684],[20.372545597489744,40.282718514319406],[20.37246426683758,40.282780226496975],[20.372356505329623,40.28282380899361],[20.37228476529667,40.28283565329673],[20.37216040726836,40.28283173469567],[20.371966803509245,40.28282834192857],[20.371769870056195,40.28281437467496],[20.371645267814216,40.28280013417703],[20.37156046866781,40.28279653942348],[20.3714809551506,40.28280288754339],[20.371419166926316,40.28281628956532],[20.371278904309463,40.2828586198902],[20.371171526275337,40.28288674305382],[20.37105204605183,40.28288810816627],[20.370933399837615,40.2828875684066],[20.37080614209291,40.2829011746853],[20.370795125866945,40.28290431487012],[20.37070301646942,40.28292977757885],[20.370542115548858,40.283025241592284],[20.370322532633683,40.28317602112421],[20.36998221488059,40.283432432013164],[20.36986783794556,40.28352525236761],[20.369785619042126,40.28361226384987],[20.369681610427126,40.283767663278944],[20.369575062641136,40.28390707764154],[20.36952583248641,40.28393157572946],[20.369470786298173,40.283947615255116],[20.369399429831528,40.28394996904178],[20.369322424494694,40.28394952666411],[20.369250296841468,40.2839644406997],[20.369199521830435,40.283985012908786],[20.369016548238708,40.284109172579136],[20.368785425156467,40.28423754947294],[20.368606895605975,40.28439004839706],[20.368565891276695,40.28444852731006],[20.368552521185006,40.28448318327068],[20.368509392878114,40.284510318599494],[20.368470226769663,40.2845657092796],[20.368443343499163,40.284624915389486],[20.368352137141937,40.28465948853248],[20.368256943584562,40.284687689001586],[20.368130420506574,40.28469899727717],[20.368067750111376,40.28469487800084],[20.3679742519069,40.284676700816696],[20.36788226562629,40.28464371985547],[20.36779019581615,40.28459531017069],[20.367720560185724,40.284539150091966]]]},"properties":{"Zk_Numer":2239,"Zk_Emer":"KOSOVË-GOSNISHT","Nr_Pas":"195/7","Vol":2,"Faqe":170,"Pronaret":"SHTET","Kufizimet":"","Siperfaqe":15680}},
{"type":"Feature","geometry":{"type":"Polygon","coordinates":[[[20.367346076909413,40.28295374355364],[20.367357663453184,40.28299011786359],[20.367391478474612,40.28301580140445],[20.367437226236724,40.28303010281295],[20.367487246044043,40.28303032323837],[20.367561471843597,40.28301946768847],[20.36778357670775,40.28295572462104],[20.367917406280135,40.28289906449141],[20.368168450784943,40.28274742661176],[20.368258132337065,40.28270932224694],[20.368611635314164,40.282594717370564],[20.368681607134064,40.28257864800782],[20.368721877946594,40.28258493451903],[20.36874684715754,40.282605584481665],[20.36874442704738,40.28263349917907],[20.368730131521357,40.28265263167942],[20.368646855200524,40.282731502196945],[20.368512314670642,40.2828318969212],[20.36843696708805,40.282899076189175],[20.368388851507405,40.28296884761414],[20.368354674238514,40.28306949676772],[20.36831184886871,40.28319561341074],[20.368266744036283,40.283349332965855],[20.368216975569695,40.283518945600306],[20.36821553679011,40.283645653961905],[20.36815857252871,40.28379207733513],[20.368050421786936,40.284033848463714],[20.367952274315353,40.284143802804415],[20.367783397671673,40.28429839071662],[20.367716801689497,40.284401541817594],[20.367695238771972,40.28446832183591],[20.367720560185724,40.284539150091966],[20.367518860830437,40.28485973162889],[20.36815736191804,40.28502450138581],[20.368352137141937,40.28465948853248],[20.368443343499163,40.284624915389486],[20.368511250862472,40.284616880486155],[20.368575590768845,40.28463379001121],[20.368653529693066,40.284657246216824],[20.36875932652635,40.284666212186785],[20.36885077168327,40.2846353374918],[20.3690440764516,40.28450213226018],[20.36906505394787,40.28448234864486],[20.36926291367499,40.284428282036615],[20.369613006216337,40.284196906895254],[20.369903354424853,40.28402966188395],[20.370061604579668,40.28397965050363],[20.37041004524914,40.28388224845688],[20.370702339544756,40.28382781459467],[20.3710104522359,40.283782946992424],[20.371117429214905,40.2837485313234],[20.371234345896447,40.283687437231286],[20.37132485916771,40.283640139922],[20.3714028624585,40.283627171384786],[20.371488715815115,40.283641242434754],[20.371580877319765,40.28369460015981],[20.37162586887544,40.2837138779819],[20.371687720393624,40.283720818562614],[20.371763469275287,40.28370561866069],[20.371891415344415,40.2836625911923],[20.37195257373273,40.283660571319714],[20.37184500338698,40.283759194242144],[20.371700447434183,40.28386696236786],[20.371601916366874,40.28392810285159],[20.371466389633042,40.283969356825935],[20.371282607586554,40.28407273624234],[20.37106806739089,40.2841934166873],[20.370895884927542,40.284402001096446],[20.370760071553352,40.2845649256949],[20.370671146385778,40.28469964209402],[20.370572173536225,40.284831986394856],[20.37049471373228,40.28494263518352],[20.370440159735388,40.28507369232567],[20.37037309349246,40.28523480738645],[20.370299047596678,40.28532746316044],[20.370216629912928,40.28544038633735],[20.370138592952785,40.28553588494545],[20.370001994737237,40.285651644808674],[20.36991192845182,40.285776182310556],[20.369874010447106,40.28594969453417],[20.36983499442274,40.28606200695426],[20.369770287836676,40.28624827196906],[20.369647645899867,40.28638948041821],[20.369443425101153,40.286627987645595],[20.369267599346355,40.28680869105248],[20.369140417372655,40.286948055532264],[20.36906033550154,40.287027759067605],[20.36901865949787,40.28711232241831],[20.369007483675873,40.2871704041219],[20.36904396548275,40.28725764976076],[20.369101056429844,40.28732698032692],[20.369137334309123,40.28737670197869],[20.369149929890057,40.28743881195759],[20.36914485497795,40.28750007167418],[20.36903518672632,40.287620031460854],[20.368983509539223,40.28769700451451],[20.368960720109047,40.28774663736279],[20.368964112951783,40.28780701766939],[20.36898742773038,40.2878679209433],[20.369029932890207,40.2879347761759],[20.36908025281144,40.28803077259497],[20.36910615290399,40.288093508337916],[20.369124149628906,40.28816348015129],[20.36909466931858,40.28823453683446],[20.369097175656144,40.2883368568015],[20.369060204966598,40.28847196842497],[20.36900801996072,40.28859925064189],[20.368957112927756,40.2886961045185],[20.3689585313769,40.28878396129744],[20.36900055466592,40.28887503632578],[20.369027603942108,40.28894143904784],[20.36903591322235,40.28899973833482],[20.36902478755704,40.28904071677092],[20.36898614822449,40.28907528101493],[20.36888033137501,40.28908182236795],[20.36852950899653,40.28909943698634],[20.36840817832785,40.28910896057698],[20.368225139526558,40.28913430391286],[20.368084241544594,40.289139544725174],[20.367870034078155,40.28914197669219],[20.367688863536817,40.28914576761016],[20.36752480805015,40.289155516097495],[20.367401927000127,40.289167401254545],[20.367267070548564,40.289200798426826],[20.367071304156568,40.289289346084836],[20.36691176212134,40.28938027312726],[20.366811251895637,40.289422161305296],[20.366662592340223,40.28948309958724],[20.36653586973189,40.28951829198675],[20.366369714230668,40.289556400889346],[20.366245632530198,40.289598319083446],[20.366105840258093,40.28964613877134],[20.366015448801125,40.28966447581017],[20.365967458421686,40.28966441327734],[20.365883412093105,40.2896385787168],[20.365804097700863,40.28959477443719],[20.36574140249448,40.28954368327771],[20.365695181945245,40.28949973197998],[20.365647318744973,40.28945341554982],[20.365590123327525,40.289414633951694],[20.365530248606202,40.28938298251058],[20.365441548715882,40.28934699847618],[20.365326974137993,40.28929812423921],[20.365237512689767,40.289249303000865],[20.365177000642564,40.289197723734695],[20.365139261136786,40.28916538983655],[20.365060432292527,40.289099945472145],[20.364974193116865,40.28904032591189],[20.3648760759607,40.2889852240896],[20.36476722874663,40.28894385100683],[20.36469384650773,40.28892914544509],[20.36461058630939,40.28892788408153],[20.364573628091385,40.28892093825626],[20.36449034457155,40.28892803058369],[20.36438522370366,40.28894367050925],[20.364266635705448,40.288980454036235],[20.364115551446883,40.28905198380742],[20.363892963522087,40.28916092919861],[20.363767637498594,40.289210219832455],[20.363636089203787,40.28927513139136],[20.363568769063292,40.28931021668888],[20.363507643033635,40.28932007458302],[20.363454947471123,40.289315368933465],[20.363404177562252,40.28929560685647],[20.36334744172249,40.289257833144916],[20.363320601712427,40.289225374367],[20.36328658059745,40.289196140563455],[20.36323568756964,40.28917092853807],[20.363164254354192,40.28914858534317],[20.363072130587817,40.289130238928415],[20.36296844716434,40.28909901990799],[20.36290468999253,40.28906986666328],[20.36283019482299,40.28902116502316],[20.362795532696396,40.288995595709515],[20.362742833017737,40.28896564671968],[20.362698207216255,40.2889483326353],[20.36260119482442,40.2889208999899],[20.362512542777807,40.288909095709556],[20.362429978998897,40.288901259122],[20.362346609362415,40.288896667958404],[20.362256054693784,40.288898316778585],[20.36214792108167,40.28890460806374],[20.36197693723853,40.28890791867377],[20.361858378571398,40.28891449266153],[20.361724105629524,40.28890158315365],[20.361646655260444,40.28888602652913],[20.361572701637815,40.288850026751014],[20.36148506230431,40.288792289352806],[20.361434762618206,40.28874228733812],[20.361363097360453,40.28864923895322],[20.361311300495966,40.28859785197686],[20.361279556457696,40.28857817634264],[20.36122094522559,40.28855316403842],[20.361149829414778,40.28853298267919],[20.36107819860381,40.28850529661629],[20.361031150060107,40.288476541376944],[20.360962579721523,40.2884226246399],[20.360889797144047,40.28835302673258],[20.360838001612404,40.28831327942939],[20.360769480115856,40.288287289160316],[20.360693977295988,40.288279540986245],[20.360581377449368,40.288277970128554],[20.360471082156092,40.28829403058412],[20.36036459181309,40.28832216836203],[20.360284009433485,40.288358194532606],[20.360244475197838,40.288386439790045],[20.360210547747748,40.288426800084224],[20.360170890886177,40.28848269145561],[20.36012420447238,40.2885415900884],[20.36006480908339,40.28860207903721],[20.36001567449452,40.28863557290534],[20.359976317352462,40.28864538011019],[20.35988575458662,40.288656980221006],[20.359832587425412,40.28866210593067],[20.359681065554867,40.28866736269643],[20.359560921810154,40.2886641698532],[20.359489046141476,40.2886518788445],[20.359430363421918,40.288628799382835],[20.3593925961335,40.28860440943574],[20.359365258494385,40.28856795814365],[20.35933321450662,40.28852817493577],[20.35930279366436,40.28850686641475],[20.359265394936898,40.28848809665111],[20.359227919918606,40.28847623720082],[20.35918464603813,40.288475041401334],[20.359149054881016,40.28848337770752],[20.359109842125132,40.2885029193526],[20.359067763532646,40.28851714839838],[20.35898647553604,40.28852645048164],[20.358875073039844,40.2885412151271],[20.358806051201206,40.28855505484344],[20.35869583445291,40.28857479310044],[20.35862828076061,40.288595191527676],[20.358582003391383,40.288632289026445],[20.35854919390921,40.288671445806536],[20.358514252491602,40.28870930605546],[20.358480776643436,40.28874677810928],[20.358422658786438,40.28878806026226],[20.358350261883643,40.28881445062567],[20.35827796778958,40.288823796401246],[20.358244192463424,40.28881906040816],[20.358215655656885,40.288809976436006],[20.35818692566617,40.28879615244422],[20.35814466171505,40.288776004195626],[20.358080298912668,40.28875152953428],[20.358029135486934,40.28873860795715],[20.357984703982446,40.28873134003291],[20.35795269527345,40.28873198931231],[20.357902849518716,40.288752159621595],[20.357779580299145,40.28879900587061],[20.35770200419163,40.28881896645042],[20.357504037830054,40.288864215149815],[20.35739225195549,40.28891174416006],[20.357349441319766,40.28893464809546],[20.357321138386165,40.28897750771493],[20.357268060950474,40.289089408885424],[20.357211913108397,40.289202180748006],[20.35714042472466,40.289348843424506],[20.357110769487836,40.28949528238541],[20.357081189178402,40.28958603964903],[20.357037693356066,40.28966191286751],[20.356986934222785,40.289729724946554],[20.35697128371255,40.28975812143231],[20.356950972364505,40.28980513594412],[20.35693450563556,40.28986301743108],[20.35692520931823,40.289881519430985],[20.356900516753566,40.289900843521686],[20.35686174689705,40.289919904832075],[20.35681401157206,40.28993281945819],[20.356758982997714,40.2899395678237],[20.356715761646967,40.289942046173636],[20.356658518472376,40.289942731465295],[20.356638212330356,40.28993899724742],[20.356618080518988,40.289930393097066],[20.356600373989387,40.28991289642725],[20.356582040255276,40.28990605221138],[20.356536319743277,40.2898972525832],[20.35650059353164,40.28989218645869],[20.356439050136665,40.289860903164865],[20.356333850788502,40.28980569486907],[20.35627573387811,40.289788228035114],[20.356228563428655,40.28978845162391],[20.35618729657238,40.289793143668334],[20.35612776466197,40.289800940354006],[20.356068876116865,40.28980292814213],[20.356025145127543,40.28979029890924],[20.355998793415747,40.28977900216791],[20.355975122671197,40.28976583929259],[20.35589588584988,40.28974303381291],[20.355774205024115,40.28972132961383],[20.35566408931133,40.28970613149044],[20.355514327398172,40.28971111802698],[20.35544164246827,40.289702013216306],[20.355227132049063,40.2896589204166],[20.35509695324645,40.28962815392387],[20.354971845194893,40.28958562556891],[20.354895166937023,40.28954621401349],[20.35486675038911,40.28953378862637],[20.354827769518764,40.28952133979502],[20.35479656464724,40.28951476224958],[20.35475047260501,40.289512250494155],[20.354724012312953,40.289518139407505],[20.35470415364005,40.28952616944927],[20.354629539480932,40.289561676267326],[20.354585564668678,40.28958714773051],[20.354529695132094,40.28962334901482],[20.35450458721363,40.289654223702485],[20.354486155752245,40.28970944380159],[20.354467822559943,40.289774025040444],[20.35443897925003,40.28981805360925],[20.354405901690047,40.289847288023786],[20.35437172501369,40.28985672172783],[20.354345862192257,40.289873235472115],[20.354309312904412,40.2899143198159],[20.35428542410743,40.289943576896796],[20.354258862226796,40.28996135716482],[20.35418108704515,40.289993874466134],[20.353999957068414,40.290053365807786],[20.35383245743106,40.29009422377913],[20.35368469625968,40.29015969683931],[20.353567318773333,40.29020507246607],[20.353490428283433,40.29023618711047],[20.353397112853436,40.29026565249355],[20.35336459939625,40.29026821215882],[20.353326642415205,40.29026564437224],[20.3532916803347,40.29025350155505],[20.353261933489573,40.29023968305047],[20.353236439157307,40.29022676023242],[20.353217715249265,40.29022445159233],[20.353192684783647,40.29022788983728],[20.353149153379885,40.29024203290789],[20.353110662982544,40.29025831294424],[20.353082651279863,40.29026695476177],[20.353040609376,40.290271963249374],[20.352970832137117,40.29027386380953],[20.352836273061424,40.29028211370453],[20.35272309692443,40.290275262311916],[20.352646251965346,40.2902586603612],[20.352621740052673,40.29024670432914],[20.352602195616367,40.29023072609949],[20.352578406062364,40.29021671136103],[20.352503141424002,40.29020252793798],[20.35247560251293,40.29020262727351],[20.352439032963325,40.2902112660591],[20.35239828872828,40.2902219226016],[20.352367963163065,40.29023726503794],[20.352318491779904,40.29026665005224],[20.3522646404224,40.290303664516124],[20.35222590849174,40.29031446951716],[20.35219535074865,40.29031137181227],[20.352134894657688,40.29030465203977],[20.352069354143076,40.290301475246814],[20.352030006598195,40.29030152742721],[20.351957284189282,40.29029656587471],[20.351850271607187,40.29027585939455],[20.35169462356643,40.29024823387296],[20.351557158857677,40.29023977649978],[20.35149534738969,40.29023496251879],[20.35145232021745,40.29021801568062],[20.351407908872286,40.29017563727985],[20.351368076694875,40.29012614935023],[20.351337676240863,40.2900957167846],[20.351319884246344,40.29008735226409],[20.35129930007329,40.29008211309766],[20.35128373969461,40.29008182893096],[20.351256722087932,40.29008670740128],[20.351218082891002,40.290101121275775],[20.351154380569994,40.29011926842814],[20.35110123071989,40.29012604442435],[20.351032208364813,40.290125628856096],[20.350940562353586,40.29012538093211],[20.350809762392963,40.29011302369223],[20.35072358435207,40.290118574910345],[20.35060579709767,40.290127581885315],[20.35051288871669,40.29012724018608],[20.350446360914,40.29011570365468],[20.35038324879685,40.29009241508546],[20.350323439899995,40.290067019048415],[20.350263837151367,40.29004600904177],[20.350232981572123,40.29004212912286],[20.350185553635644,40.29004285985067],[20.35011637731817,40.29004973883401],[20.35000991662464,40.290074734802836],[20.349899468026383,40.29010453917939],[20.349815464617755,40.290132941459646],[20.349770034503685,40.2901459542799],[20.349751589220553,40.29014839115063],[20.349714839503022,40.29014545469843],[20.34967745284639,40.29014101170168],[20.349641340627134,40.290137178131054],[20.349604179570015,40.290135890032644],[20.349515259368992,40.290160254377966],[20.34942701586439,40.290194086124295],[20.349388607013648,40.29021632196008],[20.349359314378336,40.29023962535273],[20.34933794752463,40.29026553808014],[20.34932551580209,40.290305996880626],[20.34931150281345,40.29033719086761],[20.349287544452224,40.29036594730985],[20.349264426054173,40.29038470846654],[20.349227824822115,40.290401729884415],[20.34914002396225,40.29044602291832],[20.349062467579703,40.290495138160786],[20.34903184787024,40.29051015931214],[20.34899476778064,40.290526250008796],[20.348977564076996,40.290536424326355],[20.34896711585488,40.290550317440655],[20.34896192544239,40.29056095804131],[20.34893396162112,40.290581324155156],[20.34890413238226,40.290592961241565],[20.34888426235516,40.29060995641115],[20.348866104665586,40.290636563620424],[20.348856357853204,40.290669771874455],[20.348848706496636,40.2906844058206],[20.348836538427435,40.29069524306471],[20.3487698452437,40.290713587041104],[20.348723832241557,40.29071192548926],[20.34862762270272,40.29070326914224],[20.34855894381932,40.29070824368815],[20.34846645176766,40.29071973530734],[20.348408642896374,40.29072811991171],[20.34838554486379,40.29073763466023],[20.34836627306848,40.29075298709756],[20.348345304405985,40.29078234582983],[20.348326129173024,40.290810784178085],[20.348277751701293,40.29084062886607],[20.348240220173988,40.290855217625015],[20.348194170704538,40.29087511115767],[20.348137337469534,40.29088893484554],[20.348085362176985,40.290899264981945],[20.348044980127906,40.290916661230185],[20.348017082642844,40.29093559771475],[20.34798534770983,40.290977694931],[20.347925329947508,40.291062907408886],[20.347887144205156,40.29115935098491],[20.347859447020138,40.29120912420543],[20.347835191783968,40.29125378893496],[20.34783175001194,40.291286008229086],[20.347856808828187,40.29130792575429],[20.347881196168228,40.291331455515106],[20.347886136830144,40.2913445403758],[20.347881150379845,40.291358764588885],[20.34786225503088,40.29138681026765],[20.347810131474564,40.29143941806359],[20.347730642983553,40.29149952699103],[20.347668935924037,40.291533160561706],[20.34763155185925,40.29154220025691],[20.34760002306268,40.29153993098175],[20.347540015404547,40.291516417204996],[20.34749724665238,40.291505116508844],[20.347447486931095,40.291496703310294],[20.347411726849185,40.29149170534988],[20.34737914224276,40.29149132408122],[20.3473683111541,40.291493468440194],[20.347345757602696,40.291503285738905],[20.347323421360418,40.29152201263705],[20.347284507649984,40.29157019745807],[20.347236145420766,40.29164756392812],[20.347193291192546,40.29172826847838],[20.347160822210373,40.29177486782299],[20.34713085535899,40.29180459284506],[20.347090138508598,40.29183554876922],[20.34700548268829,40.29191133633911],[20.34697661675636,40.291950998528385],[20.34690030374878,40.29207395095255],[20.346832879788632,40.292171713807555],[20.34681014674835,40.29221089647664],[20.346783362594707,40.29224188887733],[20.34676513452361,40.292250830349886],[20.346732645223206,40.292264335427625],[20.34669444481736,40.29227091780497],[20.346656077003956,40.29227466026854],[20.346647160199964,40.29227331091073],[20.346630397523782,40.2922668373909],[20.346619742169217,40.29225644789861],[20.346598734053238,40.292219619819015],[20.346590016857586,40.292182062378316],[20.346561573457084,40.29215158879714],[20.346525464815237,40.29212153917907],[20.34646948070789,40.29209723891405],[20.346402587338634,40.29206574076952],[20.346303883060717,40.29202710997652],[20.346231114073305,40.292014298169605],[20.346106187818247,40.29198326183994],[20.34592621120297,40.291909074577504],[20.345724025771883,40.291817312309504],[20.345676157727834,40.29179785157163],[20.345570048515274,40.29176764545568],[20.34543654605135,40.29173364675453],[20.34520902705008,40.291709635027615],[20.345111497390175,40.29168451182124],[20.345462637912046,40.291695769898304],[20.345751128429924,40.291563088430216],[20.346167840310944,40.29137008156539],[20.346504322976728,40.29122545516538],[20.34695305085511,40.29102041184128],[20.347258659339808,40.290765713604465],[20.34777931577776,40.2897185351713],[20.348170640871487,40.28884157784215],[20.34880596959157,40.28752259913816],[20.34942921525749,40.28641258337993],[20.34963734054592,40.28600351521497],[20.3498465841225,40.28547722895162],[20.350183074135185,40.2849907386032],[20.35072410515028,40.284466318151516],[20.351035222931234,40.28396014651537],[20.35119172354423,40.28360938547702],[20.351602344876397,40.28337726830437],[20.352343635555954,40.283264214074485],[20.353116086350294,40.28307391928084],[20.353519141977998,40.28275773937201],[20.353830620256392,40.28197563024776],[20.35396258497742,40.28155994611576],[20.35403535914489,40.28106105650784],[20.353999823606618,40.28078325197319],[20.354023981979726,40.280791708709295],[20.354067402397447,40.28080025779402],[20.354100944967023,40.28080345251449],[20.354132860861046,40.28080572387955],[20.354158959071757,40.28080595418053],[20.354191966590843,40.28080510623993],[20.354232538315262,40.28079957138789],[20.354261213298923,40.28079397073302],[20.354288295515936,40.280786628477166],[20.354306820811203,40.280782582790884],[20.354329761867714,40.280779857658445],[20.354358128510906,40.28077956503564],[20.354399568301556,40.28077796875906],[20.354432576028014,40.28077723567603],[20.354477388013972,40.28077872407543],[20.354510568746893,40.280778297872416],[20.35453667503764,40.28077550269981],[20.354568924182946,40.280766438232845],[20.354592452860903,40.280758465738444],[20.35461965867093,40.28074692887198],[20.354656746343174,40.280729064002166],[20.354712680980462,40.28070785155137],[20.354785755834556,40.28068566343199],[20.354849598846968,40.280659867964296],[20.354909092612232,40.28062986481486],[20.35498356033534,40.28060310639172],[20.35507072974293,40.280580173304095],[20.355141168224943,40.28055256673887],[20.355200724646217,40.280517277782394],[20.3552834299405,40.28047900436452],[20.355395294736372,40.280423308895685],[20.355499552909997,40.280363839871946],[20.35556791290695,40.280332412353125],[20.355608727594927,40.2802999608464],[20.355666211090796,40.280244588030946],[20.355744731320165,40.280180370822414],[20.355801995013877,40.28013178353377],[20.355837789357206,40.28010576576869],[20.355866886864455,40.280095166591565],[20.355898175334545,40.28009001544078],[20.35592614085379,40.280089130612595],[20.355966037105812,40.28009259486681],[20.356039441037083,40.28009523735089],[20.35607436558254,40.280097321877605],[20.356102422796713,40.280097329192785],[20.35614391999391,40.280089924842756],[20.35619488475605,40.28007347389303],[20.356249635689707,40.28004177626508],[20.356289383653838,40.28001161795945],[20.356318452191942,40.27997625929544],[20.356347360524076,40.27992898112867],[20.35638603186401,40.27986869922502],[20.356432599569366,40.27981837854142],[20.356470691348406,40.279776731256554],[20.356510293274244,40.2797369506975],[20.356543840928,40.2797075120528],[20.356558572267456,40.27968025403364],[20.356565681879125,40.2796541443157],[20.356586868125788,40.2796044106041],[20.35660822074501,40.27956128298189],[20.35662642426383,40.279535358808516],[20.35664936161046,40.279522165856555],[20.356676852631725,40.27951740354006],[20.356723648103824,40.27953019511898],[20.356783711007928,40.27955534756648],[20.356878035739015,40.27960775643642],[20.356980106421027,40.27965936053462],[20.357038408022937,40.27968226144608],[20.357131919894424,40.27970414137772],[20.357227515023137,40.27970650568146],[20.35728586081136,40.27970315371765],[20.35735471390022,40.27969978098182],[20.357416047076303,40.279689646513944],[20.357457685354063,40.27967494481156],[20.35751821438254,40.279626000763606],[20.35757934343206,40.27956977189256],[20.357623921709273,40.27953128320581],[20.357674079187202,40.27949120395405],[20.357749462870572,40.27943610617655],[20.357809299953466,40.279378439359085],[20.357861162063397,40.27932718584284],[20.357890623970178,40.27929015139849],[20.357911790340186,40.2792781065014],[20.357932710580826,40.27927758609918],[20.357971631984167,40.27928534391066],[20.357993322043782,40.27928653850936],[20.358039442849222,40.27928286916198],[20.358114736058358,40.279273347644384],[20.35819176622586,40.279258972914235],[20.358251720411502,40.27925389088659],[20.35829300618297,40.27925268596759],[20.35833052869404,40.27925627563338],[20.35841122196161,40.27927760705508],[20.358462606105082,40.27929826013247],[20.358531686941586,40.2793229550627],[20.358566385339824,40.279330814915795],[20.358601623934987,40.27933564895887],[20.358643289101412,40.27933302433596],[20.358666143888087,40.279326769257615],[20.358690827985487,40.27931378212137],[20.35871124109053,40.27929428356617],[20.35875790361893,40.279246508471964],[20.35879974076539,40.2791976865455],[20.358847253480707,40.27913793565473],[20.358889477592665,40.27908471229323],[20.35892327699035,40.27902775605553],[20.358944026765936,40.2789718930598],[20.358977754521423,40.278921419355136],[20.358995463056683,40.278903488031965],[20.359039910088192,40.27888021169077],[20.359087016431108,40.278861971191695],[20.359156024339363,40.27883625908012],[20.359250555393082,40.278804640076345],[20.359329803093157,40.278782397498226],[20.359416366710974,40.278770132109265],[20.359511123546035,40.27876075725643],[20.359613225884598,40.27875850014428],[20.359739919544175,40.27875600168588],[20.35984244046358,40.27877082244581],[20.360000814730665,40.27880225154189],[20.36011628449344,40.27882446150226],[20.360192937878686,40.2788356475886],[20.360244575422566,40.27883975825478],[20.360279884113215,40.27883589293023],[20.36032199187303,40.278815930286186],[20.36037497791772,40.27877925782873],[20.36040882728027,40.278760762691284],[20.36046619877788,40.27873886394824],[20.36053247020211,40.27872384034201],[20.360610732200954,40.27870339930394],[20.36068160808403,40.27868460587104],[20.360709582289285,40.27867175844354],[20.360727099011587,40.27865876439689],[20.360751962874197,40.27862861493187],[20.360763459461133,40.278599499570866],[20.360774385530842,40.27855175852562],[20.36077874902097,40.27848428206037],[20.36076112168185,40.27843087987821],[20.360731954607722,40.278371028639235],[20.360731236474564,40.27834364984108],[20.360747423229817,40.27831273221999],[20.3607822502124,40.27828333428301],[20.360823625436268,40.27825881953887],[20.360884322731792,40.27823403468505],[20.360938798468368,40.278217832760255],[20.36103458765668,40.278190511313454],[20.36111305740471,40.27816417683386],[20.361191685066874,40.27813482668788],[20.361254511329495,40.27810271243058],[20.361333482262086,40.2780731530839],[20.361394089493448,40.27805205699279],[20.361428114861603,40.27802433823221],[20.361446561593155,40.27799549017554],[20.361457176688695,40.27795415581267],[20.36147321277059,40.27788707512702],[20.361495958959395,40.27784467260625],[20.361537139882238,40.277812916700626],[20.36157022676111,40.27778497568622],[20.361597995580578,40.277759057759354],[20.361634802978962,40.27770843766221],[20.36166904232327,40.277653401061684],[20.36171356849929,40.27758219581627],[20.361763722306925,40.27752582431824],[20.361810555552374,40.27750033934775],[20.3618588950837,40.2774797262539],[20.361932759647946,40.277449505233754],[20.361990336026185,40.27741473139108],[20.362059964469786,40.277358584319195],[20.3621215702959,40.27729341064657],[20.362179331321638,40.27724899188807],[20.362254054821868,40.277192517151896],[20.362303976493298,40.277148746069784],[20.362346506193525,40.27710240536231],[20.3624235598014,40.27701024699229],[20.362497056047037,40.27693585812704],[20.362558180178112,40.27687883141644],[20.362602636158346,40.276851983799475],[20.362653432159746,40.276833743791315],[20.36271651330567,40.27681689716387],[20.362758943666638,40.276814104756866],[20.362840262085026,40.27681673342935],[20.36292067470474,40.27682785729575],[20.362964650400958,40.276823148048486],[20.36300121071888,40.276806862658326],[20.363028887936565,40.2767859788793],[20.3630600825617,40.27675223737321],[20.363100452675024,40.27670456761152],[20.363139394023264,40.2766500633624],[20.36318925368494,40.27659730076182],[20.3632398906429,40.276550502900974],[20.36329068593412,40.276509355620874],[20.363340694519795,40.27648138167977],[20.36336329942525,40.27647549208987],[20.363385412095642,40.276473635910094],[20.363424553936962,40.2764772917883],[20.363465588437165,40.27648944132325],[20.363524972785207,40.27650977975016],[20.363567457603065,40.27651763616029],[20.363620522405217,40.27651103391768],[20.36366795527918,40.27649282744715],[20.36372473960149,40.27646525351315],[20.363783365556213,40.2764206376076],[20.36382123962292,40.27638168578926],[20.363858820831034,40.27634075181578],[20.363885550364976,40.276298677608104],[20.363936129962067,40.276211046705356],[20.363970843682964,40.2761434395128],[20.36400734369333,40.27607063218007],[20.36404136393499,40.27602348548189],[20.36408255277119,40.275976313516196],[20.36411094786548,40.275952825459626],[20.364149743734075,40.27592206405125],[20.364177425764247,40.27589322431082],[20.364196791632978,40.27586310580708],[20.36420867518575,40.27583678695724],[20.364231113170725,40.27577486041577],[20.364264360019998,40.2757175224889],[20.364307126304105,40.27565280229639],[20.36433940765083,40.27560005310886],[20.364362983658356,40.27557428279887],[20.36441451396574,40.2755353976491],[20.364491834121605,40.27547752909596],[20.364540842996995,40.275441850670404],[20.364566570189744,40.27542280082831],[20.36461220403462,40.27540454740331],[20.364687668022416,40.275360159854635],[20.36472260642257,40.275338748460136],[20.364775394447214,40.275313214695416],[20.364795950928336,40.2753084732103],[20.36484825535015,40.27531197814168],[20.36490864417053,40.27532812412691],[20.364947881632474,40.275342019615614],[20.364993788097856,40.27536509611911],[20.365026906402477,40.275388091369145],[20.365105821530705,40.275432120912576],[20.365250895908,40.27550135848253],[20.365330606654485,40.27554111393817],[20.36539049499468,40.27556557624951],[20.365436677202702,40.27557888137948],[20.365474476786755,40.275586633912546],[20.365544338386055,40.27558842331583],[20.3656411423222,40.27558440980099],[20.36572326627549,40.27558120448959],[20.365787431706362,40.27557872051502],[20.365841323976582,40.27557049720762],[20.36591764951245,40.27554449225085],[20.366022943813377,40.275494057604085],[20.366121606106958,40.275429149109094],[20.366203969645657,40.27537645616404],[20.366278844855312,40.275324693741965],[20.366322778393585,40.2753015017748],[20.366386478748908,40.27527999881999],[20.36644667834819,40.27525318812719],[20.36651006916621,40.2752039862325],[20.366557052607586,40.275149022174524],[20.366599250842466,40.27510695236521],[20.366618802846684,40.27510000102859],[20.366654307301808,40.27509623670497],[20.366717254994107,40.27510283475942],[20.366790667183214,40.27511742890102],[20.366922932405178,40.27514417582149],[20.366983379606843,40.27514983027549],[20.36703654991894,40.275143826132584],[20.3670692698677,40.27512868641978],[20.367106788376645,40.27511594893459],[20.36713093888616,40.27510820270365],[20.367145192002766,40.275103536925634],[20.3671724722949,40.27510427785271],[20.367231713246692,40.275115848451975],[20.36731443265585,40.27514639674577],[20.367200495329364,40.275279654488735],[20.36714916400813,40.27536519970653],[20.367126787482896,40.27544774916105],[20.36711316358129,40.27552821607793],[20.36711554964838,40.275643108776706],[20.36712125510355,40.275702421364024],[20.367130204415083,40.2757276141775],[20.367177009351508,40.275796311756345],[20.367267372496702,40.27592984313902],[20.36743067889147,40.27618249103774],[20.367499636395035,40.2762834395012],[20.36756351282711,40.27632414873697],[20.3676860038022,40.27639461276661],[20.367728626738483,40.27642187105031],[20.36778059896763,40.27646704710685],[20.36784597656952,40.27655517015128],[20.367860095648016,40.276618434307444],[20.367861836212427,40.276656430928995],[20.367837341115706,40.27673774260299],[20.367795425761962,40.27684680752553],[20.36778794929491,40.276959897269194],[20.367773241476772,40.27714887826167],[20.3677583654339,40.27721139521083],[20.36774910486545,40.277292323829],[20.367764096254934,40.27741102483206],[20.367913938660518,40.2777961645362],[20.368024526866247,40.27807172972639],[20.36815718145345,40.2783596143392],[20.36822395278625,40.27843846165695],[20.368289014075714,40.278491113958545],[20.368369235853642,40.27853684507472],[20.368463985460316,40.27856946791909],[20.368531225595184,40.27859028707802],[20.36856871829918,40.27861749924901],[20.36857925689624,40.27863041027764],[20.368576729511243,40.278647423721075],[20.368532184339482,40.278784069239265],[20.368509416385546,40.27886871796525],[20.36850063528384,40.278940388369435],[20.368502471693038,40.27901803643498],[20.368529393146396,40.27911336029349],[20.36857463981472,40.279243638144],[20.368668630105486,40.2796708671165],[20.368682386264243,40.27979892917369],[20.368697856889927,40.279942951344935],[20.3687051839498,40.280138909894184],[20.368725834898925,40.280271077503755],[20.368778009424307,40.28040513797325],[20.368821337289624,40.280499105752185],[20.368873194972824,40.28058697886496],[20.368986674477675,40.28075753464095],[20.36903001248214,40.28079564342398],[20.36905945097247,40.28081619014088],[20.369123631883898,40.28084624401328],[20.36919912010846,40.28089396033492],[20.369228323762282,40.28092459517541],[20.369242741151666,40.28093971910634],[20.369251387561775,40.28096480221321],[20.369260652170773,40.28099167868419],[20.3692522750048,40.281036777761166],[20.369238047485627,40.28108372045703],[20.36910647931013,40.28119594321747],[20.368956146946225,40.28125998546475],[20.368853262855797,40.281322264542275],[20.368776692307996,40.281395247164085],[20.368606141754174,40.281576157239506],[20.368537902251592,40.281640123376505],[20.36848153827908,40.28168298304117],[20.36837005168526,40.281742710477175],[20.36826090364395,40.28180118485941],[20.368180500045067,40.28184768324419],[20.368191837474395,40.28183341024167],[20.36828799777815,40.281712351096836],[20.368467144232486,40.28148681678703],[20.368489314994438,40.28145890504506],[20.36850746196902,40.281367041175876],[20.368550080068616,40.28115129825899],[20.367770798637764,40.28114645684125],[20.367645705717024,40.281151072433985],[20.367658293253733,40.28037452732525],[20.36726800629143,40.280360190231136],[20.3665903372676,40.280370415834604],[20.365841931650444,40.28050545459317],[20.3648398818735,40.28056386423501],[20.364423016460883,40.2806609047172],[20.364370178081938,40.2806659553746],[20.36454860459826,40.28171013453636],[20.364560089712473,40.282008354292905],[20.3645283519999,40.282178480796844],[20.364362651411653,40.28254238378551],[20.366060482512598,40.28258402640504],[20.366069043543867,40.28270400079904],[20.36600405457688,40.282941473549194],[20.367346076909413,40.28295374355364]],[[20.364589360463555,40.28581807709957],[20.364648652883254,40.285817070652016],[20.364687046789243,40.28575168558828],[20.364742738182372,40.285688727515435],[20.364803107766516,40.28560456022492],[20.36486653092801,40.28555767509387],[20.364944462765752,40.28552170208782],[20.365040364461287,40.28542594275365],[20.36509840565423,40.28536798755012],[20.365109295396934,40.28530415620165],[20.36510185760482,40.2852199412455],[20.365174859072397,40.28500447849306],[20.365167387135102,40.284912454219274],[20.36513086004648,40.2848481279976],[20.36509170602697,40.28480171204169],[20.365070561825487,40.28476634523937],[20.365042121908136,40.284553927314484],[20.365027352600073,40.28451386264149],[20.364980349008583,40.28449929961711],[20.364917601357938,40.28449949752938],[20.364856571649398,40.28451481902769],[20.364828496259577,40.28457557686611],[20.364595326809848,40.28506083962505],[20.364410950703665,40.28529790288669],[20.36425131625899,40.28552009650712],[20.364235560684566,40.285546601549974],[20.364253768186696,40.28558579907734],[20.36445148370056,40.28571185647663],[20.364589360463555,40.28581807709957]],[[20.361567714091674,40.286073460810385],[20.36148878801369,40.28531803003485],[20.36128235217742,40.28527156334667],[20.360909895871064,40.285289157284346],[20.36054120822264,40.28537320132533],[20.36040152413751,40.28537363649921],[20.360381059876428,40.28604369429342],[20.361567714091674,40.286073460810385]],[[20.368919319799033,40.28906265400964],[20.36895059076821,40.288963778262165],[20.36894676294488,40.28888216683753],[20.36891423462549,40.28880972813588],[20.368915400980217,40.28868431818315],[20.369017783865992,40.288350275386875],[20.369027252525203,40.288114006882836],[20.368995873448807,40.28802473166278],[20.368941662680708,40.28794713982942],[20.368878388855812,40.287821543735305],[20.368883708582892,40.28771424194374],[20.369003229986713,40.28752182958422],[20.36902076755097,40.28745039478773],[20.369004329232542,40.287364132529554],[20.368965201656163,40.28725132865189],[20.36895119381141,40.287118279291114],[20.368993644551672,40.28696417650905],[20.369593951990147,40.286332901359714],[20.36967013884751,40.28619443946749],[20.369856446753513,40.28577714720243],[20.370221340324644,40.28531139554029],[20.370490450210838,40.28486222780974],[20.369720111317786,40.2842134066237],[20.368739720006037,40.28496150428919],[20.36807258058952,40.28572572932966],[20.36557392882287,40.285573744112675],[20.362937173215922,40.287823184644914],[20.36270383600499,40.28893389983148],[20.363218093258446,40.289133938918155],[20.363425822521208,40.2891894588485],[20.363564411849218,40.28920271297418],[20.363716454943,40.289195455134326],[20.364215691012312,40.28894278901253],[20.364440278169724,40.28888468017303],[20.364688393345695,40.288851023748215],[20.364939769098598,40.28894548202473],[20.365179847182617,40.28909588227604],[20.36540850301998,40.289275992872156],[20.365618595804197,40.28940391792683],[20.3658930000263,40.289497846915886],[20.366168352181447,40.28952490297226],[20.366386737644913,40.28940449055542],[20.366817583491624,40.289345577223465],[20.367199278689835,40.28915649092857],[20.367495844996505,40.28910623174861],[20.368073513572394,40.28906395722797],[20.368919319799033,40.28906265400964]],[[20.361961312858607,40.286211428066046],[20.362392506207854,40.28619080289687],[20.362496242953124,40.28611018571704],[20.362530956764687,40.285670861914944],[20.36260243634103,40.28544888870111],[20.36262534859003,40.28538479903564],[20.362644962284218,40.28518488339985],[20.362615277609,40.28500254010856],[20.362507738060664,40.28489404389459],[20.362316467400674,40.28470107058745],[20.362156339991234,40.284666339896084],[20.361991347746812,40.28466850420488],[20.361871647646275,40.284816990229146],[20.36143322143786,40.28485331327786],[20.361442015031376,40.284951452776255],[20.3614677038181,40.28502968196337],[20.36174050968964,40.28509090961385],[20.361834842844175,40.28513757525807],[20.361850449063468,40.28560553305501],[20.361922574291633,40.28582697975292],[20.361910561069642,40.28595074605945],[20.361895060692824,40.28604268803856],[20.36191684252421,40.286131669397115],[20.361933934091912,40.28616465207791],[20.361961312858607,40.286211428066046]]]},"properties":{"Zk_Numer":2239,"Zk_Emer":"KOSOVË-GOSNISHT","Nr_Pas":"38","Vol":2,"Faqe":171,"Pronaret":"SHTET","Kufizimet":"","Siperfaqe":1616782}},
{"type":"Feature","geometry":{"type":"Polygon","coordinates":[[[20.36733036192052,40.27512776629613],[20.367239467218543,40.27509878066336],[20.36717506708062,40.275087123575105],[20.367144902999016,40.27508602188023],[20.367120784416677,40.27508849915952],[20.3670955599463,40.275095992658855],[20.367045516496326,40.27511168476525],[20.367020296219867,40.275122271782976],[20.366976000223175,40.275126556400295],[20.366913107689392,40.27511879071243],[20.366793178449768,40.27509927481955],[20.36671639304663,40.27508461559041],[20.366651848947,40.27507785058426],[20.366612998988536,40.27508196862544],[20.366589235234063,40.27509041835084],[20.366545010301092,40.2751345091605],[20.36649842644919,40.27518900545081],[20.366436962888418,40.2752367116868],[20.366378686940287,40.2752626643409],[20.366314571134467,40.27528430819561],[20.366269089989437,40.27530831737609],[20.366193810655282,40.275360359348255],[20.366111557270468,40.2754129816929],[20.36601350657114,40.275477486589],[20.365909666502823,40.275527224987954],[20.365835292724732,40.27555256544935],[20.36578353040854,40.27556046411829],[20.365720220783377,40.27556291476633],[20.36563807686897,40.2755661210392],[20.36554176785205,40.27557011407592],[20.36547376778663,40.27556837192531],[20.36543782682312,40.27556100076893],[20.365392902311825,40.27554805820142],[20.36533414404073,40.27552405701942],[20.36525476459219,40.275484466225905],[20.365109951943573,40.27541535391505],[20.365031888300322,40.275371799892916],[20.364998557562014,40.27534865581905],[20.36495115618993,40.275324829351305],[20.364910609954926,40.275310469692585],[20.364848294810802,40.27529380834986],[20.364792274791853,40.275290054866375],[20.364768021556195,40.27529564914048],[20.364713324341285,40.275322106604285],[20.364677965228825,40.27534377598554],[20.364603406093497,40.27538763113939],[20.364557171551166,40.27540612510557],[20.36453025801954,40.27542605404082],[20.36448122572174,40.275461748746096],[20.364403830630586,40.27551967426444],[20.36435152041423,40.27555914723834],[20.364326745089834,40.27558622805488],[20.36429410708342,40.27563956103316],[20.364251285973992,40.27570436334583],[20.36421756612294,40.275762515976105],[20.36419499489752,40.27582481216972],[20.364183470391783,40.27585033558205],[20.36416488811351,40.275879235842844],[20.364138288805012,40.27590694645583],[20.36409995658246,40.27593734076854],[20.36407084626042,40.27596142094869],[20.364028865102764,40.276009499579104],[20.363994209949087,40.276057526330426],[20.363957435385398,40.27613088207163],[20.363922828713168,40.2761982808911],[20.36387243433284,40.27628558970094],[20.36384621199524,40.276326867104224],[20.363809264359844,40.27636710924218],[20.36377200888189,40.27640542510806],[20.363714912286092,40.276448877162345],[20.363659710009507,40.276475683333544],[20.36361441387879,40.27649306986811],[20.363565463988667,40.27649916026108],[20.363526335878714,40.2764919246068],[20.3634676618507,40.276471828905365],[20.363424979817356,40.27645919283237],[20.363383035836556,40.276455274681524],[20.363358287043713,40.27645735167426],[20.363332759661485,40.27646400241885],[20.363280432305103,40.27649327415868],[20.36322863488613,40.27653523419594],[20.36317750534289,40.276582484785486],[20.363126986272057,40.27663594649456],[20.3630879002089,40.27669065382283],[20.363047899310594,40.27673788654416],[20.36301744586446,40.27677082781348],[20.362991567417374,40.276790353285286],[20.362958286840676,40.276805178461046],[20.362918462888437,40.276809443309595],[20.362839112821298,40.276798465604955],[20.3627562385715,40.276795786874175],[20.36271158673937,40.27679872583261],[20.362646541291358,40.27681609644356],[20.362593969718777,40.27683497421544],[20.362547450985907,40.27686306748161],[20.362485370990598,40.27692098604735],[20.36241145724758,40.27699579858204],[20.36233429264632,40.27708808967611],[20.362292265622745,40.27713388305773],[20.362243036782406,40.27717704497926],[20.362168587329204,40.27723331351991],[20.362110140101993,40.2772782603556],[20.362048451263195,40.27734352163768],[20.361979944432377,40.27739876462039],[20.36192384951612,40.27743264315691],[20.36185081680371,40.27746252385497],[20.36180182383839,40.27748341546476],[20.36175274425318,40.277510122328444],[20.361700901519768,40.27756839390819],[20.36165598476294,40.277640222666015],[20.361621900466726,40.277695009319366],[20.36158578758587,40.27774467353479],[20.361558872870102,40.27776979448409],[20.361526160571017,40.27779741912421],[20.361483521747193,40.2778302998941],[20.361459420360273,40.27787523005308],[20.361443176074797,40.277943180440815],[20.361432874307596,40.277983296248316],[20.361415885205876,40.27800986310011],[20.361384662603047,40.2780352982549],[20.361326018899028,40.27805571097837],[20.361246192513647,40.2780855908932],[20.361183370951693,40.27811770242967],[20.361105671537885,40.278146705654116],[20.361027724116415,40.27817286468836],[20.360932169761913,40.278200119655175],[20.360876962649694,40.27821653819438],[20.36081476826327,40.278241934699274],[20.360771789567117,40.27826740004197],[20.360734847354763,40.278298583202975],[20.360716984417028,40.278332702183135],[20.360717789801704,40.27836344615264],[20.360747432363002,40.278424270333396],[20.360764470513395,40.27847588671631],[20.360760228582063,40.278541458989814],[20.36074955189281,40.27858811496587],[20.360738721259324,40.278615542375846],[20.36071546031385,40.27864374880707],[20.36069992646588,40.2786552723384],[20.360674158618515,40.27866710514458],[20.360604462809565,40.27868558689921],[20.360526454456263,40.2787059614009],[20.36045942671705,40.27872115576704],[20.360400304433746,40.27874372278198],[20.360365148985323,40.278762931636514],[20.36031244880043,40.278799405973835],[20.360273337771456,40.278817948085305],[20.36024190004852,40.27882138979433],[20.360192201116654,40.278817433394345],[20.360116370298222,40.27880636722543],[20.36000127369188,40.27878422995107],[20.359842559288122,40.278752732569096],[20.35973842155981,40.278737678183845],[20.359610456986758,40.27874020130356],[20.359507750372813,40.27874247289874],[20.359412093340378,40.27875193609944],[20.359324240822765,40.27876438470187],[20.35924372746989,40.27878698242933],[20.359148648288418,40.278818784144185],[20.359079343499065,40.278844607943256],[20.35903146504001,40.27886314622314],[20.358984793608716,40.27888758669913],[20.35896530732637,40.27890731927928],[20.35893058445166,40.278959282013474],[20.358909759307068,40.279015346969146],[20.358876614892782,40.279071199770286],[20.35883475989195,40.27912395908782],[20.358787353475506,40.27918357725971],[20.358745823676255,40.27923203980068],[20.358699495631594,40.27927947253592],[20.358680291069177,40.279297815509466],[20.35865829806371,40.27930938760646],[20.35863833873003,40.279314850210106],[20.358599739159093,40.279317281613615],[20.358566649221373,40.27931274170311],[20.358533415339213,40.27930521412663],[20.35846537946566,40.27928089239977],[20.358413450942894,40.279260021269835],[20.35833075596422,40.279238160207356],[20.35829106646218,40.27923436291516],[20.358248400473414,40.27923560812969],[20.358187272158148,40.27924078925099],[20.358109935419197,40.27925522166312],[20.358035428343687,40.279264643483145],[20.35799068623808,40.279268203196345],[20.357971101558075,40.279267124561706],[20.35793157985316,40.27925924702955],[20.357905283185715,40.27925990113622],[20.357879325517914,40.27927467247784],[20.357849015568977,40.2793127731193],[20.357797602647526,40.279363583059705],[20.357738311907518,40.27942072224728],[20.357663324148497,40.279475531510926],[20.35761282827956,40.27951588107542],[20.35756797727579,40.279554605650425],[20.35750697109977,40.27961072156429],[20.357448258085956,40.279658196564775],[20.357409853274476,40.27967175625541],[20.35735064185648,40.27968154014832],[20.357282597564573,40.27968487346083],[20.357224816035288,40.279688193962066],[20.357131413002506,40.279685883228694],[20.357040395857965,40.27966458727538],[20.35698359893914,40.27964227700164],[20.356882282829492,40.27959105422328],[20.356787560699072,40.279538425040954],[20.356726025935835,40.27951265663797],[20.356675140879496,40.27949874744656],[20.35664186524684,40.27950451101836],[20.35661484593808,40.27952005263685],[20.356595051637445,40.27954824215019],[20.35657332785991,40.27959212019089],[20.356551854700946,40.279642525711395],[20.356544838534646,40.27966829382329],[20.356531265897083,40.27969340670702],[20.35649873069593,40.279721957865775],[20.356458748616973,40.27976211873347],[20.356420539931463,40.27980389515661],[20.356373444903884,40.27985478482078],[20.356334310540355,40.27991578950553],[20.356305665693707,40.2799626381849],[20.35627770244961,40.27999665068766],[20.356239470016952,40.280025659694736],[20.35618651738961,40.280056315222375],[20.35613782760237,40.28007203240374],[20.3560986247187,40.28007902713453],[20.356072377162718,40.280079020553565],[20.356037726687187,40.280076952293825],[20.35596452859023,40.280074317280565],[20.355924115914533,40.28007080868509],[20.355894237594818,40.2800717534305],[20.355860627642198,40.28007728725899],[20.35582860313452,40.28008895180821],[20.35579112315857,40.280116195030466],[20.3557336265019,40.28016497845449],[20.355654854554178,40.28022940266065],[20.35559742371051,40.28028472487666],[20.355558076268274,40.28031600923075],[20.355490551489325,40.2803470532353],[20.355386123335656,40.28040661823393],[20.35527473589884,40.28046207717872],[20.35519161654048,40.280500541882496],[20.355132064823025,40.280535829018795],[20.355063097599455,40.280567692219115],[20.354976510635005,40.28059047221789],[20.354900702598727,40.28061771205134],[20.354840977800563,40.280647831178406],[20.354778202588633,40.28067319649566],[20.35470571826647,40.28069520448654],[20.354650330092923,40.280714554674745],[20.35461212412775,40.28072610905079],[20.3545793985411,40.28073933698478],[20.354555151452175,40.28074815602864],[20.354525968989286,40.28075463844949],[20.35450467506311,40.28075867431845],[20.354476110776012,40.28075799183908],[20.35442965692077,40.28075575752923],[20.35439547423349,40.280757984880864],[20.354354466665992,40.28075928752169],[20.35433020467325,40.28075991477268],[20.354311634184597,40.280760372393885],[20.354280870763986,40.280766173523],[20.354253379265028,40.28077457809023],[20.354228994045883,40.28077908266504],[20.35418615737414,40.28078432454972],[20.35415896111201,40.280785764958495],[20.354134805236082,40.28078532286328],[20.35410389563245,40.280783845059275],[20.35407006110284,40.28078068672193],[20.35402740119586,40.280772253702814],[20.353997200197647,40.28076274297644],[20.35397933356389,40.28062306683895],[20.353682752186714,40.280160689752094],[20.353426019490403,40.27972924799314],[20.353259427849043,40.27931367112359],[20.353424015461062,40.278884589437354],[20.353597978139916,40.27852466595698],[20.35396377747884,40.278035284431695],[20.354278113143764,40.27768382573467],[20.35456664231145,40.27738613137911],[20.355175523029494,40.27733148277321],[20.355717976813665,40.27735669318889],[20.3564563859552,40.277440810159064],[20.357365551543143,40.27731048530458],[20.35768103632899,40.27720664136292],[20.358929702638875,40.27673763571613],[20.35996283050026,40.27634229443389],[20.360445130824374,40.27621679985548],[20.361867677534047,40.27531696828335],[20.362505209600855,40.27501894665417],[20.362892387614977,40.27491361139084],[20.363324240954572,40.27481480726264],[20.363560808682323,40.27476151992501],[20.36427663855327,40.274679308459866],[20.3650203807455,40.27474050802837],[20.365552852065345,40.27481556291264],[20.366075062686384,40.27481843274944],[20.366419873926056,40.27483652755054],[20.36686048673366,40.27502890195004],[20.367375219796386,40.275075301635844],[20.36733036192052,40.27512776629613]]]},"properties":{"Zk_Numer":2239,"Zk_Emer":"KOSOVË-GOSNISHT","Nr_Pas":"39","Vol":2,"Faqe":172,"Pronaret":"SHTET","Kufizimet":"","Siperfaqe":252007}},
{"type":"Feature","geometry":{"type":"Polygon","coordinates":[[[20.374189308200013,40.27932370040296],[20.37576193392791,40.27839148743465],[20.378080755060545,40.277483505799644],[20.37741349796516,40.27828497080664],[20.37703772861608,40.2789885461168],[20.375246523835298,40.280965964196824],[20.375773711950455,40.28100987621554],[20.376021210004556,40.28095574510968],[20.376385343180107,40.2809187376975],[20.37694191657948,40.280919970385035],[20.377382354041792,40.28094230113267],[20.377824575195806,40.28103991255718],[20.37828572588332,40.28072621115557],[20.378625864197872,40.27915757762],[20.378867624218405,40.278949776296315],[20.37944695201376,40.278618246774506],[20.379730793948877,40.27866433443089],[20.380214412439024,40.278884406854914],[20.380287961167866,40.279388884463984],[20.380288182168027,40.279911540661786],[20.380252693081548,40.280357774721764],[20.38047149708095,40.280795898330325],[20.38090221945501,40.28112771290576],[20.381208019924426,40.28146620973476],[20.381701686186624,40.281886531662735],[20.382199958115546,40.28218159724313],[20.382364900662626,40.282327559568316],[20.38258072207086,40.282736666802485],[20.382799785676344,40.28308396074109],[20.38266672163501,40.2830998034269],[20.382403160111622,40.28313524741181],[20.382050509113736,40.28337708440332],[20.3816512505045,40.2836508800554],[20.38147972558229,40.283719618507725],[20.381352428614814,40.28370432335735],[20.38127298625156,40.28369957666307],[20.381171955388353,40.28372690811973],[20.380920591430502,40.2837340188278],[20.380759254703964,40.28376376166023],[20.38048850024363,40.28378978397818],[20.380298218298243,40.28389329217295],[20.380057661308918,40.284040518414386],[20.379950096958844,40.28405920706808],[20.37991143278785,40.284021635845036],[20.37986232897724,40.28399408466131],[20.379835250110588,40.28396036409498],[20.379825790597263,40.28392676665938],[20.37982468680146,40.28388290059187],[20.379834893111823,40.28377644486662],[20.379769170928803,40.28368804288933],[20.379560480260597,40.28338763696833],[20.379525255506273,40.28331837227658],[20.37951852246689,40.28329448804292],[20.379509377078833,40.28324679746849],[20.379512031015413,40.28322015541007],[20.379518301026703,40.283198218513036],[20.379540066065026,40.28315220867664],[20.37959999463319,40.283039743190365],[20.37962098802937,40.28298316578229],[20.379653180083498,40.282896915019045],[20.379666108336714,40.28285532174828],[20.379754953671796,40.28282675784808],[20.3798816907603,40.28277997799027],[20.37995084761829,40.28275087016283],[20.379994381222094,40.28272215872103],[20.38001959513749,40.28269337829869],[20.38004541682509,40.28264314677285],[20.380053895709246,40.28259534736361],[20.380062153896084,40.28255886123196],[20.380066431576388,40.282545917620126],[20.380077376307376,40.282538179159424],[20.380102724697483,40.282532223987005],[20.380128982405296,40.28253012032525],[20.380189031728815,40.282529340455945],[20.380283365084793,40.28251911588835],[20.380367656498706,40.28248827811935],[20.38047080316525,40.282443496473604],[20.38066585851972,40.28226103635546],[20.38076643809859,40.28214333544642],[20.38083448267085,40.28202109822441],[20.380901170146313,40.281903803168916],[20.380944869783157,40.28186631075724],[20.38096076076869,40.281853386086205],[20.380997159206995,40.2818443132155],[20.381036765072583,40.28183983933473],[20.381063917013574,40.281846450628294],[20.38109106895981,40.281853061915434],[20.381120453853338,40.281865732999044],[20.381161795723095,40.28188618414183],[20.381198771350935,40.28191024314137],[20.381233690519554,40.28193777132953],[20.381267863757465,40.28197297881243],[20.381280231563213,40.28200255744112],[20.381292599379837,40.28203213606828],[20.381302082573146,40.28207972224167],[20.381311107820046,40.28212315988733],[20.3813403739856,40.28217562407901],[20.381389381817325,40.28223388650814],[20.38150017981031,40.28232670635667],[20.381579270700026,40.282398449934824],[20.381619710830662,40.28237269347503],[20.38149444258994,40.28227733427216],[20.38140849164044,40.282202849390124],[20.381363597178563,40.28214342539288],[20.381351186368345,40.282115517027485],[20.381332790730927,40.28202490620587],[20.381304972804827,40.28195837712246],[20.381251252939254,40.28190303203684],[20.38117347403287,40.2818524239468],[20.381107572848205,40.28182400551693],[20.381040170495098,40.281807593924285],[20.380983831781663,40.28181395736905],[20.38092930994864,40.28183232861485],[20.380905756673105,40.281852536624974],[20.38086583324827,40.281886789698056],[20.380827725923968,40.28194829479627],[20.380778148398576,40.28203372980557],[20.380704691319302,40.28213926185794],[20.380619548582846,40.282226628001375],[20.380505593099024,40.28234229253051],[20.38031008991657,40.28246097390062],[20.380229851818825,40.28248325337232],[20.380094767740264,40.28248532679012],[20.38004509954859,40.282493525333514],[20.380015442369032,40.282514827671825],[20.380000890251083,40.282548183397765],[20.379991736737495,40.282626206573575],[20.37996965049547,40.28268045800353],[20.37992129807629,40.282721740686576],[20.379816445010697,40.28276641019236],[20.379658335703773,40.28280856460822],[20.37958798271864,40.282812724523545],[20.379512566687985,40.282797742076504],[20.37944296338797,40.282776469928635],[20.379391840629918,40.28275148749019],[20.379339183487918,40.28270595283151],[20.3792557791066,40.282631142293155],[20.379229613624766,40.28258770328563],[20.379225385845686,40.28254163695645],[20.37923500911891,40.28248305572392],[20.379268169320696,40.28241627840027],[20.379290667423618,40.282347383160904],[20.379295303306336,40.28226581379332],[20.3792928786762,40.282216355069444],[20.379260211447512,40.28210715037291],[20.379239601751294,40.2819564019501],[20.379213610774993,40.28183035996631],[20.37959098434628,40.281013246987754],[20.378198077054222,40.28093505142065],[20.377914042565276,40.28144350778517],[20.37779040313558,40.281492213405684],[20.377715008341028,40.28150567041988],[20.3773914255342,40.281547937907156],[20.377076099826525,40.281599575883234],[20.377008371203136,40.28161759176117],[20.376795712356017,40.28167415889619],[20.37670437259083,40.28168470567727],[20.376651696170214,40.28168146517317],[20.376601438232687,40.281671118633845],[20.376555698746696,40.28165275582877],[20.376521974844955,40.28161589764397],[20.37651634407582,40.28156961811087],[20.376537023158917,40.28151446366923],[20.376567612549607,40.281412134416726],[20.37656783397838,40.28137149434354],[20.376549410730657,40.28133648067147],[20.376508316715245,40.281302222110206],[20.37643157681836,40.28129148720861],[20.376294913445037,40.28129331090633],[20.376089366894472,40.281293098647375],[20.37594683493924,40.28131063100951],[20.37584701387831,40.28133221717582],[20.375311335015695,40.281539402304844],[20.37503310603241,40.28165493351449],[20.374904267993085,40.28169745794184],[20.37472568043501,40.2817796214099],[20.37466201796525,40.28180589094184],[20.374601736191213,40.28181966393524],[20.37446771381632,40.28182545043304],[20.374261032872525,40.28182537447213],[20.374080540516008,40.28182763852006],[20.373950368527257,40.28183462339216],[20.373842531562293,40.28184972349738],[20.3737810162361,40.28186623685058],[20.373643028845912,40.28193814540919],[20.373504988658013,40.282026009562216],[20.373340582110814,40.282125077762046],[20.37308771209864,40.2822512915846],[20.372988836076384,40.28227130904168],[20.372890794779256,40.28227276676711],[20.3728333649647,40.28228126666949],[20.372778013336987,40.28231767641157],[20.372686085031095,40.28241941294588],[20.372526789698938,40.282632638359885],[20.37241563646545,40.28272159154287],[20.37233348763958,40.28276494690881],[20.37223578373031,40.28278553246222],[20.37204387830962,40.282786586311026],[20.371725691107148,40.282252403804456],[20.37135790082862,40.28154760802941],[20.371256406496066,40.28085028081988],[20.370722979511978,40.280757390373125],[20.370168610950575,40.28065617247816],[20.369464312159597,40.28054463580543],[20.369172134397573,40.28266229338778],[20.368122300534875,40.28405732326062],[20.36820553186901,40.283919583461305],[20.36826301608411,40.28376622122476],[20.368280538141814,40.28362699005788],[20.36831500224989,40.28346372342793],[20.368366763317287,40.283280407106076],[20.368405505563345,40.283112372594736],[20.368426064916143,40.28302985923025],[20.368466910050998,40.28295430179227],[20.368543112203444,40.28287083531698],[20.368634948022358,40.28280731447659],[20.368765183717702,40.28271132732787],[20.368804266687636,40.28265075567881],[20.368811129451572,40.282583051169254],[20.36878762405561,40.282544977518434],[20.368733697316284,40.282526690482555],[20.368656572798795,40.28252693623522],[20.368552497486817,40.28255440121121],[20.368252099811286,40.28264955964836],[20.36816060911169,40.28268533709249],[20.367993778378263,40.28278637930068],[20.36773944391254,40.28292514772246],[20.367489628186135,40.28298674466691],[20.367462933286358,40.28298213392459],[20.36744538623247,40.28296857247847],[20.367442467085453,40.28293798796559],[20.367452102284837,40.282905792693576],[20.3675018756838,40.28286287824846],[20.367586669767526,40.282787364664195],[20.367741747224454,40.28267058465266],[20.367804406748604,40.282597232109644],[20.367920297110796,40.28237647593262],[20.368021162755223,40.282182895354055],[20.36804282060996,40.28209185528544],[20.368076740247187,40.28200574237621],[20.368133566134325,40.281936635649366],[20.368226235136902,40.28186906905068],[20.368371894658203,40.28178608230343],[20.36848055474861,40.28173034641704],[20.3685800451458,40.28167363642246],[20.368629854545443,40.28163468410505],[20.368789767537084,40.281445908576714],[20.368895928239642,40.28135158954984],[20.369011917973257,40.281287907841374],[20.369136613881356,40.28122337201245],[20.369261295602094,40.281133180770794],[20.369317876150326,40.28104331231109],[20.369325348478256,40.28096411422749],[20.36929683204844,40.28090988121137],[20.36924189404367,40.28086258000812],[20.369126671495614,40.28080708173753],[20.369071772059876,40.28077119715783],[20.369019458655018,40.28071889030486],[20.36893131487341,40.28057327218873],[20.36884124472429,40.28041085711815],[20.368782565054577,40.28024891726706],[20.368759108036556,40.280073631957094],[20.36873689819033,40.27967353962432],[20.368689754776852,40.27942904541869],[20.36866264887405,40.279322481544995],[20.368596502430826,40.27914941380191],[20.368559242176264,40.27902759633641],[20.368557005792564,40.27896574217513],[20.368560590496543,40.278907182806115],[20.36858040234373,40.27881683156911],[20.36862740546349,40.27868338719921],[20.368639512514083,40.27862145022562],[20.368636209791262,40.2786028289214],[20.368622703312898,40.2785856000552],[20.368606655563735,40.27856941031117],[20.368579445645015,40.27855325612103],[20.368480990495204,40.27852108818077],[20.36838119778726,40.27847319900672],[20.36827055553754,40.27838104050905],[20.36820816096389,40.278303474099516],[20.368130169064862,40.278131452902514],[20.36805310606553,40.27795833643354],[20.36800465876672,40.277813244901914],[20.367946966248702,40.27762698118046],[20.36793211416607,40.27755871603653],[20.36790535094633,40.277514130853874],[20.367847779902124,40.27742889868837],[20.36780318624251,40.27734787423717],[20.367802077298922,40.277264978797774],[20.367815777517592,40.277165354448044],[20.36782673618941,40.277104373743626],[20.367832776541007,40.277009587855396],[20.367831771001242,40.27688570668185],[20.36785155327874,40.276813058895684],[20.367888163392283,40.27674110160747],[20.367912569383027,40.27665506354821],[20.367907959409376,40.27659126325871],[20.367883381985056,40.276533724497355],[20.36783279488679,40.27647272824533],[20.367758640744484,40.276402661180406],[20.367664391964,40.27634760261258],[20.367561939905265,40.27628800091602],[20.367512760723006,40.2762501879169],[20.367356302874374,40.2760154250585],[20.36715635399709,40.27572133494113],[20.36714035152162,40.27562234296299],[20.367144350661434,40.275533836359585],[20.36717527735156,40.27540490941511],[20.367216414889562,40.27531644593005],[20.36729951755864,40.275203910105766],[20.36741183745777,40.2750786023793],[20.368169015566046,40.27514685231073],[20.36866621316222,40.275248032257444],[20.36982259162837,40.275312817639865],[20.37079136851447,40.27568118467806],[20.37118328169586,40.275874096551746],[20.37200960681155,40.27600782744281],[20.372990337815935,40.27611851445316],[20.373893373825354,40.277649094906074],[20.37401189169795,40.27858472417298],[20.37409105158331,40.27908562189505],[20.374189308200013,40.27932370040296]],[[20.374189308200013,40.27932370040296],[20.372635191119006,40.28077122774451],[20.372297115140597,40.28087691037777],[20.372096178081637,40.28089294377279],[20.371853110337156,40.280877244134665],[20.371694551432505,40.28161425235537],[20.371973467586418,40.28178860695183],[20.37218918419912,40.28198466526423],[20.372278377878366,40.28266441652893],[20.37273877028473,40.28226409843881],[20.373507868810396,40.28189232929631],[20.373891914655136,40.2818196388407],[20.373737537973415,40.28168683617458],[20.373613166516947,40.28153214020135],[20.37369931897983,40.281091301636025],[20.37396723535081,40.28068291533156],[20.37430574555032,40.280404853943054],[20.37453650017311,40.28012987796945],[20.374189308200013,40.27932370040296]]]},"properties":{"Zk_Numer":2239,"Zk_Emer":"KOSOVË-GOSNISHT","Nr_Pas":"40","Vol":2,"Faqe":173,"Pronaret":"SHTET","Kufizimet":"","Siperfaqe":462002}},
{"type":"Feature","geometry":{"type":"Polygon","coordinates":[[[20.380289616089616,40.28552015205598],[20.380327259041056,40.28551839355988],[20.38027336080825,40.28520638983993],[20.380226833489257,40.284992631539694],[20.380372189938782,40.28497776966036],[20.380443188294237,40.2849685981207],[20.380397418022863,40.28470234084462],[20.38046741110029,40.28467674853047],[20.380441997097027,40.28455904980334],[20.38038793955866,40.28452112329207],[20.38028761781292,40.28452754451525],[20.3801935537617,40.28453256430872],[20.380053442150825,40.28443205034256],[20.380032337234216,40.28443681720575],[20.380024224252068,40.284421018248025],[20.37999499702443,40.28434512364766],[20.37998896912553,40.2841509879793],[20.380443238891306,40.283881617545184],[20.380507662003346,40.28383588328694],[20.38084921900379,40.28379569649327],[20.381163471711805,40.283771413506145],[20.381295781609197,40.283736309032314],[20.381488521393436,40.283755706113645],[20.38164505384185,40.283698910898096],[20.382059303925683,40.28340143047606],[20.382429811707848,40.283160336784285],[20.382663392533896,40.283125844303896],[20.382816698919594,40.28311077409629],[20.38288229629288,40.28321476845221],[20.38314697874204,40.283087338868704],[20.38393310234676,40.28290631895217],[20.384327869251056,40.282638410242406],[20.383412257420936,40.28252040982107],[20.382986276323493,40.28228071367398],[20.382788508143012,40.28187984421206],[20.38269803437084,40.28149283905821],[20.38269898463306,40.28136309411416],[20.38282077683106,40.28125046676607],[20.383575596332772,40.280943102777506],[20.38390725409902,40.28105612077982],[20.38434638274464,40.28151655176168],[20.3848903325905,40.282256961023144],[20.38515992272251,40.28190737392276],[20.385603224481358,40.28109798425762],[20.38627386724785,40.281564352778105],[20.386768521170634,40.28203977289571],[20.387829268900802,40.28297280769506],[20.388194897496074,40.28326569522401],[20.38856052924817,40.283558581567945],[20.389077799967215,40.28416139588221],[20.38792378281884,40.28344928367173],[20.38704613159974,40.283756535143645],[20.38647193264285,40.283850523111845],[20.385886561285115,40.283813122121664],[20.384875217417854,40.28343649901511],[20.383955829527068,40.28322747589539],[20.38291253185659,40.28325539820634],[20.38240663522657,40.283394826780764],[20.38196873390064,40.283696585841],[20.384543742914612,40.28593671638062],[20.385519154719468,40.2867077413984],[20.385763841891006,40.28709408880978],[20.385782960412207,40.28738184547822],[20.3856566950187,40.287723634465614],[20.38478716217768,40.28773111797636],[20.38384345834627,40.287675348381406],[20.38305753407544,40.28744629563957],[20.38196352680851,40.28701189467228],[20.380798765391795,40.28715008964822],[20.38157353111017,40.287953961936005],[20.3817371941797,40.2881873668199],[20.38176334968298,40.28830594729257],[20.381709259537757,40.288507696520256],[20.3815403525868,40.2886886919382],[20.381154301239324,40.28878262164918],[20.38068913076133,40.28878252750667],[20.380505457556517,40.288670223839766],[20.38036004964935,40.288488172215466],[20.379820898968134,40.28845313780864],[20.38001327176042,40.28879716551591],[20.380355793288206,40.289147809307764],[20.380659362275,40.289455389544194],[20.383033793530853,40.29128418490877],[20.384976511111613,40.29296076622246],[20.3847007729175,40.29367841464387],[20.38439345687351,40.294043980717525],[20.384273578450983,40.2943159468449],[20.383490382589944,40.294900930934034],[20.383481434408782,40.294840422358064],[20.383489735755212,40.29465333432325],[20.383482966184072,40.294613624304354],[20.383471555506375,40.29458284960955],[20.38343927231687,40.29449415640476],[20.38334869102657,40.294191412933955],[20.38332601690909,40.29406686399976],[20.383328210028058,40.29401391101211],[20.38333917724342,40.29396696853975],[20.383477338507966,40.29367952320109],[20.38355861018781,40.293463565458126],[20.38356060604834,40.29340768878511],[20.383542003631018,40.29336281638707],[20.383519637464467,40.29333400679556],[20.383475475372293,40.293295665246085],[20.383324251362147,40.29318829117004],[20.383280882585645,40.293171248029154],[20.383248830160813,40.29316308386697],[20.383222219787566,40.29314825475368],[20.383065681605583,40.293024436196795],[20.383014614675638,40.29296338346446],[20.382889428591064,40.292783018158474],[20.38283852160697,40.2927374620362],[20.38280415631692,40.29272073933454],[20.382743480451552,40.292707749183165],[20.382525280851088,40.29266077939449],[20.38234215456755,40.29261970108689],[20.382259813438395,40.292592528722025],[20.382220230576536,40.292570369040874],[20.382043789287124,40.292464817197185],[20.381986573182044,40.29244394746906],[20.38194140224139,40.29243931943006],[20.381888433478355,40.29243928605912],[20.381821377709763,40.29244437882464],[20.38176739609106,40.292456721592664],[20.381610397298946,40.29248124012723],[20.38155453599471,40.29248002267157],[20.381527248634168,40.292473526975144],[20.381494377815468,40.29245233097142],[20.381460019764507,40.29241539743959],[20.381282298592176,40.292124025661586],[20.38112570299262,40.291931250040356],[20.381077069502513,40.291872502838245],[20.38106318762356,40.291843867931334],[20.38105052581046,40.29178583131563],[20.381030747092968,40.29173960328782],[20.381006383051776,40.29169869707697],[20.380807780067837,40.29131299369856],[20.380762559711023,40.29126291668297],[20.380723003811724,40.29124190402783],[20.380683646031688,40.29122909663729],[20.38062919882079,40.29122704732221],[20.38048910301407,40.29124906108235],[20.38023590317123,40.29128189944861],[20.380114348784794,40.291308302940344],[20.380050126724655,40.291318711903806],[20.38000759275019,40.291319841208846],[20.379972782052164,40.29131445620859],[20.379938173121662,40.29130421298139],[20.379881677144294,40.29127591225575],[20.379819743441864,40.291239031806334],[20.37958570181853,40.29113719885127],[20.379414315234957,40.29103826738221],[20.3793580087793,40.29099497885168],[20.379259855747005,40.290912086598475],[20.379199536800847,40.29082294294993],[20.379177050156024,40.29076223033268],[20.37916175064729,40.29071176754074],[20.379128639186003,40.29055343269572],[20.379120372280028,40.290434206268],[20.37912907404164,40.2903862011887],[20.379146368070572,40.290324712536936],[20.379162859531924,40.29024023636968],[20.379161187057694,40.29017375662422],[20.379129579135842,40.290113493360266],[20.379066660159246,40.29006572132072],[20.378947573283263,40.29001164205317],[20.378856477123186,40.28999382195665],[20.378745750707555,40.289974375543004],[20.378618387418186,40.289945106820625],[20.37846055623917,40.289899084138405],[20.377904816401223,40.289733406559996],[20.377769999415037,40.289708064474596],[20.377683648780167,40.289703971285796],[20.377613643110138,40.289711949793066],[20.377524133916438,40.28973137996814],[20.377390569253624,40.28976617320249],[20.377328798520796,40.28976996846164],[20.377275768072533,40.289765716758595],[20.377218026158047,40.28975423797833],[20.377121316413245,40.28973652658904],[20.377052547839046,40.28972922038949],[20.376994535754065,40.28972629683178],[20.376910629385943,40.28972849216419],[20.376747505001962,40.28974150792302],[20.376627198274125,40.28974514619859],[20.376574992186796,40.28973447666563],[20.376536827255723,40.28972073897137],[20.376501162953954,40.289693086556134],[20.37648220059434,40.289653020373464],[20.376467156694925,40.289584351466274],[20.376460782340708,40.289483933915804],[20.3764225291525,40.28928085982815],[20.376346941737513,40.28903141033445],[20.376241020374437,40.288722925826384],[20.376193975103956,40.28862690269393],[20.37616910730936,40.28858158596815],[20.376127876204592,40.28853624202789],[20.375987576867004,40.28846089541985],[20.375841036548174,40.28837325274028],[20.375677492983463,40.288265946762316],[20.375660688371827,40.28823073013057],[20.375658542847564,40.28820740380798],[20.375662715527092,40.288177367229345],[20.37567877886003,40.28814426797425],[20.37574715442601,40.28807295252462],[20.37580486050163,40.288000590583245],[20.375836702034924,40.287929970879084],[20.375846539001152,40.28787705171593],[20.375840324895503,40.28775274154927],[20.375805406123234,40.28761470421943],[20.37580086876307,40.287520947053274],[20.37581016240204,40.287424879327766],[20.375810316810202,40.2873881488886],[20.37580115179268,40.287362617043854],[20.375788856572782,40.28734018031693],[20.37576896965092,40.28730433721464],[20.375727819533118,40.28720759482433],[20.375693618858687,40.28687152745563],[20.375689631390284,40.28680252273466],[20.375702012883767,40.286759691355996],[20.375743161385294,40.28669033467387],[20.37575465709854,40.286650266908204],[20.37575898797591,40.286618504638355],[20.375754297853724,40.28658539140573],[20.37574500184991,40.28653751949171],[20.37570034034356,40.28644794138699],[20.375622202215453,40.28625554571827],[20.375603005172913,40.286229938425066],[20.375503099930423,40.28617758044281],[20.375316749186318,40.28616630598026],[20.375136957635434,40.28613803977367],[20.375012369153765,40.286066320486185],[20.37486156202016,40.28588150047734],[20.374777796268248,40.28571386555295],[20.374754263611678,40.28555672465146],[20.374813211744094,40.28558339391872],[20.374875370149105,40.28562309237758],[20.374923852877586,40.28566337845589],[20.375009154849955,40.28572747742046],[20.375036222575453,40.285942161106085],[20.375305776883327,40.28610658245986],[20.37572504973242,40.28591881574406],[20.375913736290496,40.28579981602738],[20.376021248661015,40.285745379082314],[20.376086274055915,40.28571744582427],[20.376224073697923,40.28565825040142],[20.376409601130224,40.28562059658982],[20.37656712290363,40.285527028804346],[20.37677520287772,40.28533012879906],[20.376869184690825,40.285248566494204],[20.37690277358814,40.28520879162577],[20.376830000631095,40.285134336859976],[20.376685660328516,40.28512387806022],[20.376659303857966,40.28507833206267],[20.376690323500757,40.285010263836575],[20.37698173394161,40.28490718034361],[20.377296192641992,40.2847790862593],[20.377524950194786,40.28471759499897],[20.37777084545102,40.28469658772232],[20.377876224776685,40.28476054050618],[20.377944900571595,40.28483698145473],[20.378006171678706,40.2848780942251],[20.378080529675643,40.284875719752065],[20.37838379189977,40.284832230979084],[20.378132469077027,40.28500372077834],[20.378167352991778,40.285084310946466],[20.377788770962407,40.28523588274535],[20.37789378412869,40.28539901464682],[20.37768190308392,40.28550912751579],[20.377656836035282,40.28588306290686],[20.377591570397687,40.286362042657],[20.377587371972435,40.28644076785838],[20.377548773067176,40.28703124186724],[20.377943102562355,40.28714434562614],[20.378267532112332,40.28724919115265],[20.378511658009757,40.28730110389436],[20.37877294002976,40.28732776089146],[20.37883692669452,40.28727590997061],[20.37890140520443,40.287252982768315],[20.379065644986863,40.28717229797547],[20.379186361988396,40.287141472890866],[20.379500712499404,40.287196089386065],[20.380073095723485,40.28708953981998],[20.38062083872797,40.28708308308661],[20.380655828640393,40.286650548849664],[20.38046635907478,40.2862483831688],[20.38033586083851,40.28612582791536],[20.380205363074193,40.286003272509994],[20.380123960644315,40.28584979324522],[20.38004565645893,40.28554536535321],[20.380289616089616,40.28552015205598]],[[20.37699209386567,40.28523725350366],[20.376596307260087,40.28559946298272],[20.376453033643227,40.28567855384521],[20.37615985589497,40.285781007203326],[20.375764163277793,40.28606330582171],[20.37593294395005,40.28636767762967],[20.376219057909086,40.28635313507427],[20.376798641601784,40.28594547488326],[20.376688283642057,40.285841081627424],[20.37673057960172,40.285802276388836],[20.377327152027505,40.285254933212315],[20.37776527457447,40.285169735363326],[20.377895167348008,40.284931551598795],[20.377527256591165,40.28481387732829],[20.377331720083543,40.284864500586856],[20.37699209386567,40.28523725350366]],[[20.376784735340614,40.28511586819718],[20.376983091001907,40.28516642704429],[20.37704757680906,40.28502347387192],[20.376861653085314,40.284967323329674],[20.376784735340614,40.28511586819718]]]},"properties":{"Zk_Numer":2239,"Zk_Emer":"KOSOVË-GOSNISHT","Nr_Pas":"41","Vol":2,"Faqe":174,"Pronaret":"SHTET","Kufizimet":"","Siperfaqe":465907}},
{"type":"Feature","geometry":{"type":"Polygon","coordinates":[[[20.398587416987617,40.288883083781485],[20.39891840646044,40.288965582648764],[20.399277919265078,40.289232856874996],[20.399410653086875,40.289568180347665],[20.39940994588483,40.28964828276427],[20.39940861569525,40.28979894862417],[20.399556145342828,40.290168971970786],[20.399720359525404,40.290354446332934],[20.399944293868558,40.290609469365016],[20.400139375957973,40.29071433728357],[20.400529971724247,40.29087791547978],[20.4014994449953,40.29126240466716],[20.402318308143563,40.29141433564607],[20.403135879258596,40.29171394067051],[20.40359225519526,40.2919378302572],[20.40409607232899,40.29225427296272],[20.405032180183838,40.29279447299586],[20.40529366668372,40.293238880430714],[20.405434536937296,40.29368267358694],[20.405743448349448,40.2942196263403],[20.406126372163687,40.29457235501256],[20.406824825381694,40.29470517522329],[20.407570565408218,40.29494900270774],[20.4081947249482,40.295302962747634],[20.408769839578063,40.2957489701195],[20.409391791975462,40.29636136731439],[20.410018708159928,40.297074283693156],[20.41095381121689,40.297743657267695],[20.41152960360879,40.29811581089921],[20.412320778878023,40.298692137134125],[20.412678042716443,40.299229316830406],[20.412889895143405,40.29983960649593],[20.413632786113503,40.30075420400275],[20.414157662880122,40.301439924421494],[20.41453876482921,40.30201415224853],[20.414654610743913,40.30256856686921],[20.414962865007617,40.30319780002159],[20.41539366674471,40.30360612403328],[20.415825084828583,40.30394060647106],[20.416425559741466,40.30425747573725],[20.417340018459214,40.30453901007332],[20.41791779959799,40.30468961208512],[20.41859209507849,40.30484069752796],[20.419267046953777,40.304917947125865],[20.420206418342453,40.3051072744754],[20.421144561245082,40.30544428181324],[20.42183954786135,40.30600159239558],[20.42245575700666,40.30731540072995],[20.4228861373981,40.307779078324025],[20.42324509841005,40.30813162898895],[20.424046093342902,40.30856636327577],[20.423932689727856,40.308904072937366],[20.423896465772355,40.30991870356195],[20.423638461617912,40.311016801250595],[20.42335333332349,40.31205133157811],[20.422957852396713,40.31306416560619],[20.422257449159968,40.31418119038546],[20.421697024977078,40.315087491185515],[20.42075074935566,40.3158649911215],[20.419866243633802,40.31712742012721],[20.41930758874172,40.31781178362846],[20.418768475192937,40.31823194310079],[20.418212084254062,40.31865201296201],[20.417758971526126,40.31911225045839],[20.417008802324087,40.31996742380417],[20.416727319242398,40.32056066994441],[20.41642819662618,40.321193467591776],[20.416090666880553,40.32227537858154],[20.41561334791108,40.323245719007254],[20.415312498160546,40.32407672744488],[20.414926757959794,40.32473551750267],[20.414673295188297,40.32507781466042],[20.413853286551525,40.324614487999796],[20.413360174961035,40.32431916424225],[20.412694117830778,40.32379031002937],[20.411754342029557,40.323008101777646],[20.411541323685746,40.32279689987522],[20.411486921858042,40.322625851055165],[20.411501909412944,40.32254340185278],[20.41146797029414,40.32223885714718],[20.41140032664635,40.32197919367095],[20.411230158337247,40.32168925764594],[20.411126354207518,40.321454681329534],[20.410865510746106,40.32114465132331],[20.41068926008462,40.32088038805534],[20.41067964001921,40.320796583081815],[20.41080761124672,40.32054925175587],[20.410902688667715,40.32025838458533],[20.411015403099587,40.32000138425615],[20.41103444570108,40.319798292384675],[20.41100011232167,40.319515155347204],[20.411004657406075,40.319320971607915],[20.41091786531358,40.319107693792894],[20.41063336407637,40.318300166630024],[20.41051749372713,40.317944336856954],[20.410387802519857,40.31778961532157],[20.410134883905517,40.317505017106896],[20.41012519839312,40.31738701013861],[20.41016341952603,40.31713099107775],[20.410135214992863,40.31690443509493],[20.410086745999525,40.31683960391511],[20.410021387764523,40.316798628083944],[20.409892167961747,40.31670221630244],[20.40969359921776,40.3165946469815],[20.409252206604336,40.31649251782363],[20.409099880730196,40.31643292564345],[20.408960056076946,40.316418721336206],[20.408812794437676,40.31645805270199],[20.408702052086067,40.316503816650986],[20.408574856950054,40.31655637945753],[20.408499421991564,40.31655821747718],[20.408336477358503,40.31647664454984],[20.40804314819741,40.316233341162956],[20.407511643841044,40.31562093111169],[20.407146955179574,40.315015572337515],[20.407103643937283,40.3149459949659],[20.40700236399178,40.31491214846949],[20.406848240674123,40.314883372399656],[20.406582862530527,40.31471338191815],[20.406297105386887,40.31455781485155],[20.406038663608722,40.31431742997406],[20.405463725370456,40.31369781561253],[20.405204620337088,40.313460937522905],[20.40512564721387,40.313259988457794],[20.40518352804676,40.313043268611246],[20.40524329111259,40.31281949975982],[20.40523180257428,40.31267524253846],[20.405167342380377,40.31255759145454],[20.40491999109118,40.31238553807431],[20.404310882530314,40.31185740584894],[20.404257402399043,40.31176881054736],[20.404253922563644,40.311722596858154],[20.404280731444683,40.31165421797765],[20.4042992994631,40.31157087811974],[20.404299728223904,40.311427383127665],[20.404087474439635,40.31091221236743],[20.403876630607122,40.310389465143366],[20.403661811704172,40.30998037541513],[20.403575874149787,40.3098491452224],[20.403498372768034,40.30978549421775],[20.403396822567924,40.3097305320794],[20.403116308130553,40.30938379200602],[20.403046169232585,40.30892259523243],[20.4030561608634,40.308760878184444],[20.403039777226166,40.308717282631896],[20.402972608022164,40.30869825997646],[20.402882601558915,40.30869012105838],[20.402797207358855,40.30866143927785],[20.402744601019457,40.308606692362325],[20.40271103186921,40.308501146401476],[20.402595020526316,40.30813638835176],[20.402417269306834,40.30773626658642],[20.402353209974805,40.307582975104545],[20.402344121302267,40.3073771448267],[20.40231109994319,40.3072132869671],[20.40222450052116,40.30712315633749],[20.402105756805778,40.306999570188076],[20.401798988728014,40.30674421143324],[20.40170810204978,40.306677987248214],[20.401669765216557,40.306665573977554],[20.40162243416166,40.306672708481],[20.401501837539882,40.306717737341174],[20.401387124513157,40.30673068200755],[20.40133053757473,40.30672233864967],[20.401302096715032,40.30671135126362],[20.40127295348782,40.30668373664729],[20.40126770848758,40.30665296058114],[20.401265292118083,40.30659787759562],[20.401263447755806,40.306555833884644],[20.400949203280703,40.30615725174628],[20.400804195684533,40.30605783617147],[20.40065495435858,40.30602191248412],[20.40047672935695,40.306012937858554],[20.40014289403048,40.305893589695174],[20.40009199051857,40.30584045194704],[20.400078492319768,40.30576444221776],[20.400116939177458,40.305640324601306],[20.400163583748757,40.305489741763644],[20.400169639110647,40.305436856403894],[20.400179683130627,40.30540302278623],[20.40019335480916,40.305379517848486],[20.400238522099865,40.30535481425056],[20.400282859224703,40.30532840562445],[20.400391345948833,40.30524781805609],[20.400482238239178,40.30515390957145],[20.4005788581122,40.3050540830752],[20.400638010553507,40.30499423379958],[20.400696594552095,40.30493495952924],[20.400755292243627,40.304908296297704],[20.400765356738567,40.304908891228486],[20.40076562418705,40.304909116035965],[20.400779807735447,40.30493370620467],[20.400817316459612,40.30496649910263],[20.400876608848765,40.30499743766434],[20.40095211886069,40.305006199254386],[20.40101773799619,40.30498990738552],[20.4011332944119,40.30496121701744],[20.401195082531565,40.304956348121095],[20.40125218239317,40.304966896907096],[20.401364936766264,40.304987727368534],[20.401419466613618,40.30500550860601],[20.40146519857641,40.305030356105256],[20.401484407049505,40.30504970030124],[20.401557742563927,40.305123553856355],[20.40158154829678,40.305174448299034],[20.401653947379394,40.30521892031289],[20.401764074762493,40.305242313536375],[20.40187069826875,40.30526496235191],[20.401923652917258,40.30529166627484],[20.40199105266171,40.30535151943066],[20.402066730259623,40.30544018419942],[20.402112285474526,40.30551709012251],[20.402182994126434,40.30557953365056],[20.402251535727885,40.30562745504339],[20.40240282311017,40.30567180605216],[20.402497437112398,40.30568973602233],[20.402634832708692,40.305740025504505],[20.402713391248547,40.305775091396185],[20.40274858093858,40.30580758631351],[20.402783230185683,40.30585855804237],[20.402825439347748,40.30592065087328],[20.402856358462376,40.30596613511802],[20.40294763868767,40.306079806958756],[20.403019009214646,40.306145972366835],[20.403082428735964,40.30616790100002],[20.403145696957235,40.306158925303485],[20.40318759144313,40.3061301662087],[20.403228235613238,40.306094278937515],[20.40327275404485,40.30608283427669],[20.403322885182316,40.30608354459924],[20.403370066189996,40.306093715176736],[20.403461353815594,40.30612313174514],[20.403584268094562,40.306151559901075],[20.403700085336595,40.306190402774526],[20.403919188513097,40.30622858465716],[20.40402884899658,40.30623147001884],[20.4041565988499,40.306228809696655],[20.404380216939586,40.306212467715525],[20.404493058019877,40.30618786760049],[20.40458738498416,40.3061532067506],[20.404648307115096,40.306143078700806],[20.40469785469285,40.30614290539045],[20.40474592642659,40.306150902616345],[20.404800969259963,40.30617543895283],[20.40485611065228,40.306205947120326],[20.40498933937558,40.3062796585688],[20.40503949809036,40.30632014557551],[20.40511575931843,40.306350755220066],[20.40521957713264,40.306373231965146],[20.40554570646604,40.306389031864796],[20.40605752086839,40.30646716772162],[20.406457390903615,40.30652821195115],[20.40679596069623,40.30665995584069],[20.4071308078038,40.306882039016784],[20.407675375135806,40.3071586765543],[20.408104001764606,40.30737641337172],[20.408482677722475,40.307705916247194],[20.408945799910107,40.30814954861676],[20.40907240211411,40.30825453935237],[20.409127532881424,40.30830460917738],[20.40916226495595,40.308350020053304],[20.40916806146723,40.30840613479227],[20.409146328964223,40.308484151195266],[20.409054502574183,40.308550480238246],[20.408955943166383,40.30863545318075],[20.40891268968651,40.30869987732601],[20.408916751982083,40.30888532781412],[20.408864241063828,40.30911026481826],[20.40886982667983,40.309211887083805],[20.408917043973343,40.30929051163736],[20.409000486280185,40.30935776529699],[20.40940721504861,40.30955742736376],[20.409532414099708,40.30965588656188],[20.409703553284523,40.30979942263392],[20.40976174824824,40.309841917497444],[20.409825148993132,40.309855382748154],[20.409923529354373,40.30984965629243],[20.410040181427036,40.30982056629055],[20.410103013651906,40.309804897503994],[20.410151470822367,40.30980012127254],[20.41017977997428,40.30979668910435],[20.410199269966327,40.309798021236574],[20.41022946912056,40.3098060452213],[20.410288098821976,40.30983308505573],[20.41039943215799,40.309871891649195],[20.41078331208003,40.31000569651538],[20.41109380246866,40.31012136036744],[20.411222043576444,40.31019658746198],[20.41145726906327,40.310347245660665],[20.411527784548397,40.31050183756507],[20.411572858882433,40.31060065414516],[20.411656302972137,40.31066307148196],[20.411812541880835,40.310750938736845],[20.41219484933462,40.31096891037098],[20.412315609567965,40.31107217974491],[20.412419358629336,40.311120119104835],[20.412603426162583,40.31112525984864],[20.412983637677012,40.31112291141832],[20.413431328787418,40.31116634950065],[20.413627080929423,40.31121992694153],[20.41390531017507,40.311305981393495],[20.414144172920484,40.311402047973516],[20.4142189068939,40.31146850441382],[20.41433781185421,40.3116678335786],[20.414528135759245,40.311971389408896],[20.414748007219384,40.31216512763323],[20.414890153472694,40.31229098402961],[20.414983813907916,40.31240874034811],[20.415007381124752,40.31248811211544],[20.41502839743805,40.31269539020061],[20.415417306049754,40.31315674144458],[20.415819105214773,40.31363337633193],[20.416691295127375,40.31441934046861],[20.417209823640032,40.31522422487881],[20.417680186001444,40.31613161168866],[20.41794822965297,40.31640349624538],[20.418393017077122,40.316597249177754],[20.419200229270032,40.31687265685596],[20.419428328511817,40.31697464985558],[20.419586672316722,40.317045451746274],[20.41967705079763,40.317110640526295],[20.41972055034788,40.317046670508006],[20.419641320821672,40.31698952333038],[20.419474053631266,40.31691473146644],[20.41924166859759,40.31681082212619],[20.41843398685383,40.31653525433059],[20.418009322706798,40.31635026734396],[20.417759927674442,40.316097298880834],[20.417292739092577,40.31519603666795],[20.416767639449628,40.31438095367553],[20.415892045316113,40.31359192273502],[20.415493472611214,40.31311911583176],[20.41511699892319,40.312672516492114],[20.415097243976106,40.312477681405106],[20.415068929330225,40.31238232123321],[20.414963656734823,40.3122499655103],[20.414816507695363,40.312119679769395],[20.414604573453996,40.311932935560975],[20.4144199079043,40.31163840501054],[20.414296010311123,40.311430706714724],[20.41420160985147,40.31134676211763],[20.413943462550797,40.31124293965672],[20.413659330965103,40.31115505966545],[20.413452535367203,40.311098459622876],[20.412988994933762,40.31105348373543],[20.412604713578233,40.31105585731522],[20.41244611204833,40.31105142781446],[20.412374084447258,40.311018146004514],[20.412256305618577,40.310917426266805],[20.411866447483053,40.31069514975235],[20.411715099466775,40.31061003313163],[20.411651423654718,40.31056240278183],[20.411613362236544,40.31047896084509],[20.41153460587693,40.3103063028036],[20.411278718526443,40.31014241114264],[20.411141681516526,40.31006202434215],[20.410821929899953,40.30994291053583],[20.410436993380397,40.30980873740769],[20.410330406760608,40.3097715853494],[20.41026813466455,40.309742865656595],[20.41021844734453,40.30972966362209],[20.410176674336174,40.30972680845543],[20.4101385912825,40.30973142560182],[20.410083014445238,40.30973690358795],[20.410012106306226,40.309754586306624],[20.409905803765923,40.30978109540628],[20.40983409472921,40.309785269397295],[20.409807872346825,40.30977970020588],[20.409768386989253,40.30975086739848],[20.40959838093442,40.30960828180124],[20.409464905690704,40.30950331409505],[20.40905865178058,40.309303885259084],[20.408993120402034,40.30925106767034],[20.408959639554517,40.30919531667075],[20.40895522303061,40.30911496630214],[20.409007529874547,40.308890902164535],[20.409003700986258,40.308716117842756],[20.409031325337804,40.30867497251469],[20.409119621355384,40.3085988480764],[20.409229085148734,40.30851977890793],[20.409259461663662,40.30841073131394],[20.409250986653245,40.30832868766994],[20.40920183482076,40.308264423610694],[20.409140389749872,40.3082086191827],[20.409014591378806,40.308104295152525],[20.408552145785443,40.30766131131185],[20.40816412170147,40.30732367446379],[20.407725489931877,40.30710085527812],[20.407185764997475,40.306826677773174],[20.406846922409184,40.30660194472324],[20.40648734405548,40.306462026033046],[20.406075246004765,40.30639911509575],[20.405557483843847,40.30632007121291],[20.40523494445802,40.30630444525481],[20.405149496292736,40.30628594557275],[20.405094908956578,40.30626403537689],[20.405049283697373,40.306227207693226],[20.404909201050277,40.30614970421519],[20.40484223787254,40.30611265539755],[20.404745139916088,40.30608911517241],[20.404691449987432,40.30608867112285],[20.404641419502607,40.306092077535254],[20.40455689192945,40.30610443381412],[20.40446197244873,40.30613652504006],[20.404363018817588,40.306165729044125],[20.404024357092318,40.30619251587006],[20.403925743788093,40.30618992117835],[20.40371602463158,40.3061533745965],[20.403601832582297,40.30611507677976],[20.40347856556078,40.30608656704432],[20.403386834426083,40.30605700755873],[20.403330345950646,40.306044830615605],[20.40326492683845,40.30604390367252],[20.403198990041215,40.3060608544978],[20.403151374895597,40.30610289686518],[20.403122456061993,40.306122748625754],[20.4030888150339,40.306127521190234],[20.403050604426607,40.306114309069535],[20.402988977641574,40.306057176807705],[20.402900494287213,40.305946988012344],[20.402870410548324,40.30590273270744],[20.402828201356503,40.30584063989287],[20.402791057548136,40.30578599852052],[20.402746685978297,40.30574502487739],[20.402658573339007,40.30570569436679],[20.402514638336864,40.30565301133678],[20.402418035688857,40.305634704509266],[20.40227863202652,40.30559383730766],[20.40221936370919,40.30555239941423],[20.40215541481684,40.30549592552903],[20.402111295490453,40.305421443736115],[20.402031649023478,40.30532812906166],[20.401957437903814,40.30526222721372],[20.401891930386746,40.305229193147476],[20.401777628696358,40.30520491334776],[20.401677544140494,40.305183653423924],[20.401624447122018,40.30515103794751],[20.401602833936185,40.305104831023925],[20.401524765010322,40.30502621067428],[20.4015008631572,40.3050021399479],[20.40144435481432,40.30497143733717],[20.401380925172685,40.30495075403322],[20.401264074246562,40.30492916676919],[20.401198531555586,40.304917058229044],[20.401122762990674,40.304923028783676],[20.401002099328043,40.3049529871813],[20.40094787339567,40.30496645035677],[20.400895620191175,40.3049603873042],[20.400851202693158,40.304937210412014],[20.400823052747832,40.304912599662245],[20.40080866417003,40.30488765405669],[20.400789300936154,40.304871378030796],[20.400743211040908,40.30486865357305],[20.400662170515158,40.304905465959564],[20.400597583720156,40.30497081372294],[20.400538277592055,40.30503081845944],[20.40044150606831,40.30513080157759],[20.400351683622816,40.305223604659645],[20.400254609572546,40.30529401507864],[20.400213699823215,40.305320980798534],[20.4001882096026,40.30532988259341],[20.400159136771315,40.30532576789381],[20.40014204304278,40.30531471433687],[20.400116752872673,40.305272649431885],[20.4000934251663,40.305171610513476],[20.40005188873307,40.30499197086143],[20.40000846926941,40.304874272501216],[20.399915685996167,40.30477480918592],[20.399705533293393,40.30465291632392],[20.399470155448757,40.30458663315948],[20.399214770230586,40.304514715163236],[20.399044362407416,40.304452189656125],[20.398951046874828,40.304414232199484],[20.398913734846438,40.30439905495353],[20.398899631927126,40.30436981388822],[20.398892154295087,40.304303158778445],[20.399036079069827,40.30414534277471],[20.39913076214762,40.304013730584316],[20.399132904446034,40.30398310428219],[20.399120441651515,40.30392319490128],[20.39908753243847,40.303899327303135],[20.399014156076714,40.303899035348714],[20.398929469266037,40.303913498137184],[20.398834086550554,40.303954680427374],[20.398780292642257,40.3039631815458],[20.398738031573025,40.303973814390304],[20.398711809861883,40.303989539377085],[20.398658652995913,40.30404439921747],[20.398637957047733,40.30406575816642],[20.398521046530874,40.30413085891677],[20.398456786264898,40.3041492527693],[20.398411264376843,40.30415460472816],[20.3983687341874,40.30415338628887],[20.39832988987292,40.30413944935908],[20.398297532304902,40.30412202662667],[20.39829176528822,40.30410364648158],[20.398285987503087,40.30406031497752],[20.398300167250955,40.304003070051635],[20.398354981584262,40.303944019258765],[20.39838961106949,40.30390671328286],[20.398407758544444,40.30386183479885],[20.39840735620563,40.30379295687157],[20.39837765127212,40.30373305555548],[20.39824231953208,40.30352837605615],[20.398044078680172,40.303152028635694],[20.39793590027921,40.303010701130965],[20.397865456776437,40.30291867125282],[20.39782295758047,40.30289151123617],[20.397638762801737,40.30279470028236],[20.397543157362794,40.30271880930556],[20.397427731390632,40.302609940000664],[20.39738292572999,40.30257990173278],[20.397349401316948,40.3025509030721],[20.397307978895068,40.30253702739456],[20.39725963266689,40.30254402265049],[20.397154040245997,40.30257421073019],[20.39705603944994,40.302602228311216],[20.397012615013907,40.30261984546807],[20.396989357157164,40.3026210518342],[20.396919505274056,40.30261287053811],[20.39687522985936,40.30259304155335],[20.39686223155016,40.30256256989238],[20.396867250104076,40.30252767693243],[20.396890787050012,40.3024927204459],[20.39689252078045,40.302464377996],[20.39686335126423,40.30244361351993],[20.39677872947926,40.302426102637384],[20.39667427634218,40.30242755069098],[20.39645831859135,40.30236577979651],[20.39627300201299,40.30231277285493],[20.396193227369526,40.302246483995056],[20.396136448566054,40.302155945820864],[20.396087579473,40.30203144597535],[20.396010214205923,40.30181596396141],[20.39595505775903,40.30171148316497],[20.395930212934562,40.30164030810134],[20.39586572148393,40.301577835525485],[20.39573646972062,40.30151378216967],[20.39564670354759,40.301476561135296],[20.3956235765711,40.301440321650354],[20.395644244023686,40.30133165124464],[20.39574373765838,40.30113093367205],[20.395792747140664,40.30104934519707],[20.395848447468378,40.30095158257232],[20.395895997276227,40.30076110887437],[20.395893482225706,40.30056124332437],[20.395837105973957,40.300414839348726],[20.39576954434906,40.300332075071815],[20.395744784778127,40.300260106727016],[20.395703461415152,40.30023190135314],[20.395658980031573,40.30021426732254],[20.395583335106554,40.30021767101877],[20.395430796398635,40.30024244624676],[20.395366892710513,40.300246302621595],[20.39534783106249,40.30023909158424],[20.395300723255687,40.30019545180127],[20.39524668834237,40.30005856491107],[20.395164688897506,40.29987955449956],[20.3950017753978,40.299672167742514],[20.394709159814003,40.29939726320432],[20.394458880978256,40.29915304197926],[20.39437851458712,40.299073513524505],[20.39427572556989,40.29902991332888],[20.394118522907416,40.298986385757736],[20.39387100226811,40.298947808464064],[20.393720913479463,40.2989249044915],[20.393643649557497,40.29892594188023],[20.393539820091203,40.29894256030122],[20.393380781336443,40.29898565141653],[20.39317462978342,40.29908365532831],[20.393053447281872,40.29912977018268],[20.39299237966092,40.29914405548413],[20.392894476082326,40.29915184108064],[20.392651359407147,40.299171174107606],[20.39250819607074,40.299176189780766],[20.392376529278962,40.29917497130263],[20.392288965311796,40.29917416088031],[20.392250384854556,40.29917765715311],[20.39220941341543,40.29919088257891],[20.39218021837997,40.29920717576634],[20.39216326981117,40.2992338966137],[20.39215633534946,40.299277822678306],[20.392145117342338,40.29935976070323],[20.39205430780829,40.299363798128084],[20.39201428210713,40.29935858441578],[20.391991936438497,40.29935290509125],[20.391975818728277,40.2993450653702],[20.391935347595176,40.29931322124837],[20.391876671820853,40.29926705299078],[20.3918352213111,40.29925203690707],[20.391793199849488,40.29924585780569],[20.391732047811715,40.29924114162578],[20.39170139704815,40.299238777758916],[20.3916527615768,40.29922470809575],[20.391609051330178,40.29920165493675],[20.391556180293104,40.29915641653635],[20.391488483192077,40.29907580674547],[20.391463473028487,40.29904181857176],[20.391447998651056,40.299007910188706],[20.391424851389115,40.29897094152405],[20.391419907097045,40.29895684818958],[20.391392885347535,40.29882780608053],[20.39138626807185,40.29875487776694],[20.391362624139028,40.2987217444299],[20.39133561735056,40.2987010694183],[20.391306353860795,40.29868698045084],[20.391260932519423,40.29866025434142],[20.391142404853348,40.29859051197688],[20.391103943438438,40.2985603161365],[20.39107522689061,40.298532034271595],[20.391036021589276,40.298477506390874],[20.39099773051528,40.29845023166668],[20.390957563366975,40.29843820444813],[20.390837001829116,40.29841461018899],[20.39074774552013,40.29839969613116],[20.390645307438163,40.29838257940511],[20.390609068403432,40.298372171698],[20.390480581899002,40.298313144560005],[20.390428711870612,40.298295707093445],[20.39027358777638,40.298264781476746],[20.390158976289015,40.298249111031815],[20.390114143888365,40.29823660064888],[20.39004970118039,40.29821552472901],[20.390005190549818,40.29820433845608],[20.389969448163367,40.29820415954294],[20.3899136455181,40.29820434761835],[20.389882669148516,40.29820445200848],[20.38987233827192,40.29820290704553],[20.389849845020198,40.29819714586106],[20.389824240923424,40.298186847108724],[20.389758953208204,40.29816058634899],[20.389646566344155,40.298129388909054],[20.389449484204548,40.298095614690375],[20.389373010306837,40.29809034722304],[20.3893010982481,40.29809590285511],[20.389248980276367,40.29810337754882],[20.389143039810385,40.29813226449363],[20.38919013268546,40.29808489914862],[20.389224914252345,40.29806282680013],[20.389331420307073,40.298030347260756],[20.389447484837923,40.297994952670656],[20.38948319968771,40.29796876282225],[20.389498676299592,40.29794216600184],[20.389496257014333,40.29791912993371],[20.389457004259935,40.297878073300794],[20.38943446264986,40.29784097664242],[20.38944075938391,40.29782059729157],[20.389466528834774,40.29780213448192],[20.389491158801512,40.29777522262634],[20.38950309767621,40.29772652743762],[20.389515429916262,40.29767896100424],[20.389550367687015,40.29760583243492],[20.3895813623276,40.29754180983857],[20.389614185880603,40.29745451479729],[20.389652138761452,40.297231964128656],[20.389663055058154,40.29714000255415],[20.38968306303432,40.2971069573183],[20.389705692438586,40.29706958248073],[20.38974078203785,40.29702318585639],[20.389756369738457,40.296983262668036],[20.38974588972102,40.29694057935631],[20.38971140185026,40.296881402165184],[20.38961366807934,40.2967607519866],[20.389467538611594,40.296623188223045],[20.389463415248418,40.29657854905741],[20.3894769245836,40.29654672731454],[20.389494122178316,40.29653295534876],[20.38953635464165,40.2965067663801],[20.389700792980886,40.29644782200615],[20.389991179968078,40.29628264917604],[20.390302183975386,40.296093280965366],[20.390512768289053,40.295958497893714],[20.390783798467425,40.29579884002634],[20.39109658900849,40.29566536061603],[20.39131310114896,40.29563328716643],[20.391507562622945,40.29560516842622],[20.391614715360966,40.29559042376863],[20.391679841083462,40.295572860239716],[20.391863801478944,40.295466878130455],[20.39195780860283,40.29540224410143],[20.392351231332345,40.29572065553614],[20.392477744752686,40.29563580987709],[20.39276340523551,40.29550674642515],[20.392921034943523,40.29542193261177],[20.393058053659363,40.295232669559695],[20.393236433256405,40.29500680001684],[20.393491807389164,40.2946633496748],[20.39320695924596,40.29460318770219],[20.393037215645474,40.2946107520335],[20.39276262269286,40.29474243573452],[20.3927391688816,40.29472793782446],[20.392701482546126,40.29474070021027],[20.39264387640408,40.29478104024853],[20.392562176158528,40.29489648261921],[20.392483364926356,40.29496504866681],[20.392233837607762,40.295112745793034],[20.392094936575642,40.29522388262058],[20.391939277720187,40.295384959053955],[20.391847780340555,40.29545002826909],[20.39166653359107,40.2955525568563],[20.39160617841629,40.29556854706122],[20.39149913360194,40.29558645235446],[20.391305727352258,40.29561238831168],[20.39108670908781,40.295648495345326],[20.390769707654837,40.29578377168924],[20.39049714067831,40.29594433482918],[20.390286429291827,40.296079199212436],[20.389975887910108,40.29626828570515],[20.38968744283821,40.296432353949704],[20.38952260917832,40.296491440019665],[20.38976462578148,40.296326132615455],[20.389995628716974,40.296219994167714],[20.390107302808616,40.29613148588979],[20.390349478055303,40.2960165126848],[20.39047333088638,40.295951351129546],[20.390669300390602,40.29578723827967],[20.39121604732097,40.29558902209149],[20.39160662016656,40.29553505575273],[20.39179621649396,40.29539792847064],[20.39210703561519,40.29502323691802],[20.39178326057839,40.29492085284018],[20.391418778476034,40.29501748519752],[20.391205407633247,40.294798240604365],[20.390985559927334,40.29487394781215],[20.390783454564144,40.29484300517506],[20.390547172454244,40.29488818800003],[20.39000596492113,40.29511985051595],[20.389758481001245,40.29523665306551],[20.38963991342714,40.29529261190639],[20.389253615170766,40.29533368684366],[20.38916751488251,40.29560357580648],[20.389103831877186,40.295738840971126],[20.389000414764876,40.29597654150993],[20.388834844104153,40.29611502962907],[20.388767658841466,40.29617122510921],[20.388836723033815,40.296377075732586],[20.389196308610803,40.29660432124047],[20.389369572562497,40.296635839493845],[20.389456045983554,40.29653657565748],[20.38943984008303,40.29657474923189],[20.389444706641765,40.29662743436298],[20.38959411641022,40.29676808620155],[20.38969041826331,40.296886968758365],[20.38972334905001,40.29694347420729],[20.389732456631346,40.29698056787592],[20.38971899807097,40.297015037884805],[20.389684655638934,40.29706044656049],[20.389661632261237,40.29709847206759],[20.38964012012871,40.297134001553246],[20.38962891667818,40.29722838191585],[20.389591217303998,40.29744944561969],[20.38955903678995,40.29753503040828],[20.389528294405345,40.297598531901826],[20.38949279231725,40.29767284159814],[20.389480127968753,40.29772168893832],[20.389468991432157,40.297767111564305],[20.38944814985953,40.29778988403531],[20.389419402569487,40.29781048034509],[20.38941002638513,40.297840826289956],[20.38943644213547,40.29788429863591],[20.38947344760456,40.29792300472542],[20.38947497762404,40.2979375733873],[20.389463289002812,40.29795766047046],[20.38943339948929,40.2979795785713],[20.38932106646256,40.29801383521063],[20.389211537478435,40.29804723660186],[20.3891724324948,40.298072052582754],[20.38908960934222,40.29814122348145],[20.38903320543433,40.29813831546628],[20.388877774882488,40.29810213424074],[20.388818797402042,40.29808315252607],[20.388801148419812,40.29807322919908],[20.388792167447505,40.29805877317873],[20.38878340334073,40.29801980664309],[20.38878835816386,40.29796203275062],[20.388801397751227,40.29786936177115],[20.38881041953633,40.29783440101877],[20.388840827494423,40.297794482441866],[20.388916434039576,40.297701180300365],[20.388960064368412,40.29761063335483],[20.38896774079726,40.297573792750946],[20.388961597160804,40.297426044606745],[20.388958454236533,40.29720832268048],[20.38894911839093,40.29717074268068],[20.388928150513852,40.29714442927814],[20.388878798391854,40.29712124312279],[20.388670828010063,40.297007379230486],[20.388541608855128,40.29694407669284],[20.388417373163914,40.29688321523088],[20.388236666644822,40.29675155995118],[20.38816425288658,40.296720013447484],[20.388128935488044,40.29671319011504],[20.38807862340522,40.296716042946336],[20.388000446723538,40.29672262795382],[20.38794156718169,40.29672023195386],[20.38793248781574,40.29671760116596],[20.387900373324552,40.29669392230617],[20.387871675121797,40.29666876268013],[20.387827859020483,40.29664642409156],[20.387767403169452,40.29664350324819],[20.38770667528359,40.29664056922972],[20.387511289009325,40.296645159031705],[20.38735610531851,40.296663694868286],[20.387285499379946,40.29667202908274],[20.387245981732104,40.29667028124192],[20.387221341653397,40.29666574727809],[20.387198647230733,40.296656722384434],[20.387137080915775,40.29661316515814],[20.38709130241184,40.29656432830153],[20.38706590797578,40.296529068227],[20.387059605502056,40.296505987342414],[20.38707141251025,40.29645325468779],[20.387110713322194,40.29636634123492],[20.38714063616946,40.29631632416503],[20.38718373174136,40.29628479707785],[20.387243562115984,40.29624102736804],[20.387296917385296,40.296176861642806],[20.387325630055624,40.29613152715351],[20.38733210464017,40.2960738207639],[20.38733966484442,40.296018432114664],[20.387347929558462,40.29595788188342],[20.387434883157074,40.2957921694652],[20.387461839140762,40.295691178643544],[20.38745629619819,40.2956598326834],[20.38743045646397,40.295633859255],[20.387383489410215,40.29562562636982],[20.387346376540105,40.29563133825648],[20.387316205732958,40.295640583399795],[20.38729261133699,40.29565939575465],[20.38720552398413,40.295743740346204],[20.38717655044358,40.295763347649455],[20.387157575516305,40.295772972253154],[20.387149396021968,40.295773395938404],[20.38713572281149,40.295771707637],[20.38710819261749,40.29576602776636],[20.38705123230615,40.29574881384765],[20.3870098676034,40.295747275263594],[20.386974405649685,40.295750917374406],[20.386931476787687,40.29576404227162],[20.386816897919566,40.29579954554559],[20.38676859404556,40.29580481547595],[20.386591690007485,40.295804647240146],[20.386502109170625,40.29581638181948],[20.386444369127823,40.29582725098534],[20.38635733305622,40.29584946185569],[20.386183256687133,40.29589302165176],[20.386089415185086,40.29591783691058],[20.386054613348666,40.295921228038274],[20.386017527354838,40.29591431000326],[20.38595860196037,40.29589552155151],[20.38589614954075,40.2958663315775],[20.385744238893288,40.295788212098294],[20.385694234442703,40.29574883435989],[20.3856139040417,40.295674893003046],[20.385523386945476,40.2956158701312],[20.38544256016106,40.295581341799455],[20.38537593468931,40.29556095328593],[20.385290390278357,40.295549894881894],[20.3852088081047,40.295518631247106],[20.385143568918885,40.29548750696853],[20.385089025444223,40.295445330609965],[20.385051465605226,40.29540623824956],[20.384996619994247,40.29529085273646],[20.384931877725077,40.2951271763812],[20.38487254333,40.29505295656158],[20.38481445220859,40.295011749475705],[20.384635003475385,40.29495840234142],[20.384588107404127,40.29493193287397],[20.384482486339365,40.294837637808705],[20.384432883235785,40.294808474848246],[20.384398012556925,40.29479924994629],[20.38433643391407,40.294798371336746],[20.3842795303252,40.29480180724303],[20.384229776990207,40.29481121280905],[20.384196567915403,40.29481749076974],[20.38397132024056,40.294828380649534],[20.38386501700206,40.2948411372315],[20.383776340925635,40.294864880333016],[20.383614000196385,40.294924984018685],[20.383577969379388,40.29493270756208],[20.383549456809497,40.29493280208635],[20.38352456961614,40.294924784980196],[20.383504860086926,40.29491447280882],[20.383490382589944,40.294900930934034],[20.384273578450983,40.2943159468449],[20.38439345687351,40.294043980717525],[20.3847007729175,40.29367841464387],[20.384976511111613,40.29296076622246],[20.38573299646481,40.292454162998084],[20.386367356690574,40.29218338865852],[20.386792425314226,40.29211156459806],[20.387046961096168,40.29209566821827],[20.385767323317456,40.29046345611608],[20.38548948526745,40.289853694289],[20.38544954442879,40.28947088630561],[20.385462539857905,40.28933996635984],[20.385476692361514,40.28923016155977],[20.385615863025716,40.288797600907245],[20.3856566950187,40.287723634465614],[20.386796123041016,40.28777967303826],[20.38801488002726,40.28752073048109],[20.388764935108654,40.28745838888777],[20.39030773915924,40.287509030419095],[20.391561311577902,40.287622068362616],[20.392642702184837,40.28787129551041],[20.394999316336904,40.28850979957085],[20.396176543294196,40.28881303602087],[20.39762205608974,40.288929113588324],[20.398587416987617,40.288883083781485]],[[20.400238587468817,40.305273354301924],[20.400532303776412,40.30499202966065],[20.400614495102126,40.30489946487291],[20.400679861357926,40.30484189173724],[20.40074153956051,40.3048224620831],[20.40078926550798,40.30482156600343],[20.400831367410277,40.30483822794618],[20.400871936406517,40.30488604378949],[20.400899431209393,40.304907378876074],[20.40092263311858,40.304917584658966],[20.40096334023463,40.30492144393038],[20.40102747361105,40.304904192473614],[20.4010734589072,40.3048918227039],[20.401186023616706,40.304872030276094],[20.40138823730197,40.30486744496461],[20.40154023118641,40.30492683196187],[20.401653707569643,40.30502067519958],[20.40174956670006,40.305076257796664],[20.401876617079697,40.30512425733213],[20.402040509550943,40.30515505224665],[20.402098364017768,40.30518632293858],[20.402137918772816,40.3052331197033],[20.40218069120763,40.30533784001397],[20.402197893279563,40.30543593324473],[20.402221738460625,40.30547542592863],[20.402285069231386,40.305516681951445],[20.402359956474385,40.305539896870904],[20.402510619457882,40.305574585914485],[20.4026949559826,40.30561660021666],[20.40285743076818,40.3057118084205],[20.40298683995747,40.30586219036294],[20.403062806286545,40.30593175993671],[20.403116114911377,40.30598057958531],[20.40314812662881,40.30599197090871],[20.403180515161754,40.306003496308406],[20.403222760497172,40.30600085368294],[20.403307849284772,40.305994009126756],[20.40342709712744,40.30600757092193],[20.403751429119552,40.3060858917338],[20.404037525157797,40.30613296327801],[20.404429608334706,40.30610401764766],[20.40464345071449,40.30599185725232],[20.40470331353569,40.30594295823551],[20.404736622404563,40.30592539841748],[20.404757677870073,40.305922732547984],[20.4047866493754,40.30592264041806],[20.40483783915464,40.30592993030855],[20.404929756050457,40.30596442923733],[20.405330489188195,40.30564140918336],[20.405827146106198,40.305009227080006],[20.406942410007968,40.3022456428955],[20.404185807316363,40.30246180627591],[20.403360418159053,40.30222751633813],[20.40235517244427,40.30185322819155],[20.40152161777428,40.301224972052395],[20.399726692212816,40.29952329890196],[20.39801962009441,40.2979781029384],[20.397219722419123,40.297541719783325],[20.395103438615692,40.29637740274319],[20.393919152800606,40.29658632883492],[20.393549634592457,40.296718529865934],[20.393511710513128,40.297211653789226],[20.39324990575021,40.29764162194242],[20.39167858807097,40.29916861066789],[20.39173874855757,40.299199248010346],[20.39181801142514,40.299205636797225],[20.39194967773592,40.29922406006998],[20.39208405464718,40.29920703789361],[20.392185883345874,40.29917474220392],[20.392222801414682,40.299143849892175],[20.39239218605256,40.29910614708854],[20.392572101348424,40.29911778934672],[20.392752128212678,40.29912741770987],[20.392937637859166,40.299120869035676],[20.393119822142506,40.29907408329972],[20.393362455503453,40.29895124274872],[20.39347943639397,40.298914544325704],[20.393678427462355,40.29887166126544],[20.393911941510986,40.29888485664788],[20.394115144523703,40.29890979690733],[20.394421197328914,40.29902608779592],[20.39490667056284,40.29948692549043],[20.395178477637156,40.299743918179885],[20.395266833674945,40.299949854819545],[20.39531407023903,40.3001000738252],[20.395328850736412,40.30014510944795],[20.395353316055782,40.30018629110446],[20.395380041653812,40.30019964589411],[20.395423054422785,40.30020181704252],[20.39548841530847,40.30019371161328],[20.395586559711656,40.300185520856516],[20.395672811662166,40.300188934634676],[20.39574461697723,40.300207233106775],[20.395793433038065,40.30027085732118],[20.395890160358007,40.300404900863],[20.395973136258917,40.30058210750985],[20.39598926878078,40.30068890939796],[20.395979288509213,40.30084147566152],[20.395899524329096,40.30099253570682],[20.395793182501617,40.30114180895023],[20.39574806541098,40.301278097194334],[20.395691642364287,40.301363321233474],[20.39569188500776,40.30140491015575],[20.395724175035657,40.30145233053829],[20.39596086284484,40.30158918842271],[20.396021317389987,40.30173911751904],[20.396189601649574,40.30212366066112],[20.396319098009666,40.30227170223787],[20.396694777407717,40.30237879792277],[20.396845038724983,40.30237701183595],[20.3970833926781,40.30242691897481],[20.397350168214626,40.302479924416325],[20.39753733939478,40.30261435598591],[20.397890366674208,40.30284015153665],[20.398118555321243,40.30310116025167],[20.39827606522772,40.30338158282981],[20.39842317495262,40.3036136839552],[20.398465616103252,40.30370652986076],[20.398504581480616,40.30379177178891],[20.398456530995066,40.30393850873933],[20.39833193832908,40.30405160549693],[20.39837445803333,40.30409341003543],[20.398474718413038,40.304102653519074],[20.398630115568942,40.304029260045866],[20.39872116606011,40.30394358987578],[20.398858273204088,40.30389177596537],[20.398998775644404,40.303836575875614],[20.39907460822207,40.30375644363378],[20.399152334498893,40.30373352548278],[20.39925992147805,40.30375699621448],[20.39932572344665,40.303824718929405],[20.399312151143782,40.303899868203615],[20.399188529538954,40.30406242053967],[20.399064507927765,40.30422549793676],[20.399025783221873,40.30431918360719],[20.399066558351997,40.30436673522653],[20.399252368812657,40.30444597901701],[20.39975146117435,40.30457189891874],[20.399928074524137,40.30466551420063],[20.40006459457979,40.30482963872523],[20.400137745359814,40.305026669400846],[20.400158414750493,40.30519433340861],[20.400157136688073,40.30527048288716],[20.400170206106882,40.305291646448566],[20.40018721788759,40.305297174216584],[20.400213884494562,40.305298336302315],[20.400238587468817,40.305273354301924]]]},"properties":{"Zk_Numer":2239,"Zk_Emer":"KOSOVË-GOSNISHT","Nr_Pas":"43","Vol":2,"Faqe":175,"Pronaret":"SHTET","Kufizimet":"","Siperfaqe":4878965}},
{"type":"Feature","geometry":{"type":"Polygon","coordinates":[[[20.414619744451894,40.32515013350547],[20.41441982986613,40.32542011125533],[20.413949373076985,40.32588024553683],[20.413252380748958,40.32656387673434],[20.412139042543842,40.32744359879657],[20.4109649379974,40.328132200018366],[20.409762890728842,40.32896712211327],[20.408923240373056,40.32946423179155],[20.40839218850544,40.32973647215859],[20.408159501791783,40.329743365312424],[20.407389133843818,40.32956958487963],[20.40619455438275,40.32924906222583],[20.403885318530413,40.32876393758927],[20.402835649321624,40.32836900559342],[20.40236212822785,40.32826258510025],[20.402175449417506,40.32761645238036],[20.401896588373457,40.32705567286882],[20.401213405653913,40.32655123955593],[20.400802945971158,40.326064905138516],[20.40019316458763,40.32553100824601],[20.398990229804852,40.32483113154959],[20.397645331561566,40.324103301129746],[20.396734964461515,40.32372831879258],[20.396430408910575,40.32338045362879],[20.39632754128013,40.32232835651759],[20.396135150663618,40.32205237200007],[20.395520815181683,40.32167300648103],[20.395119007085576,40.32116281910756],[20.39476720315959,40.320885957715554],[20.394313711456658,40.32043523408864],[20.393620491040164,40.32018136175494],[20.392929583033784,40.32008273406748],[20.392495625673597,40.31988679120398],[20.39219238034338,40.319613444451974],[20.392181429635418,40.319232033387166],[20.392057741819315,40.31901161420125],[20.391867208099306,40.31872878781732],[20.391099401453413,40.31822003074145],[20.390727676031556,40.31810208788631],[20.389772775163706,40.31795108741688],[20.388970131059892,40.31791953435283],[20.389045685428577,40.31849350525689],[20.387770115301212,40.317648618347164],[20.38726687595482,40.31729246030083],[20.38690926597239,40.316782379428496],[20.385914997076057,40.31629963973464],[20.38510078728339,40.31562687045571],[20.384515499771876,40.31497793504146],[20.384126168254664,40.314648454666724],[20.38343286008177,40.31441285153032],[20.382082894455603,40.31383268390777],[20.38124621235129,40.31367814315777],[20.38039181351944,40.31350985811864],[20.379644894119625,40.313287579711684],[20.378701972565604,40.31305060633515],[20.37822242607999,40.31284339283654],[20.37784703757026,40.31257640876978],[20.378305881562667,40.31190885364297],[20.378440888529113,40.31174636435186],[20.37887627848801,40.31138189498887],[20.379180941304075,40.31106462581495],[20.379191113070963,40.31085223698999],[20.37917577633266,40.31078463752961],[20.37920262959035,40.31074646654065],[20.379296720786517,40.31061271872992],[20.379357098323478,40.310493259323984],[20.37935672034863,40.31042570679303],[20.37929713658141,40.31026831315442],[20.379264959228465,40.31008917751922],[20.379284193737007,40.30995592201671],[20.379324567343442,40.30979127159887],[20.379348001369337,40.309615329528384],[20.379382145344703,40.309540919319204],[20.379442753083914,40.309479842002915],[20.37954819675862,40.30925069921558],[20.379712470849274,40.308854135069055],[20.37976780531853,40.3086564611506],[20.380023319048643,40.308394784388796],[20.38062303259614,40.307427193803115],[20.38069052146684,40.30726409038784],[20.38064871984304,40.30697179806067],[20.38059869764826,40.30644059368677],[20.380361513819064,40.30612210266234],[20.38021403567794,40.30546659728984],[20.38019541493502,40.30508889842734],[20.380171814297036,40.30478335979887],[20.380040485848376,40.30449826111258],[20.38000253028201,40.304354134082665],[20.380037040145044,40.30424977111296],[20.380092632398284,40.30408165116017],[20.380077470776193,40.30392410323466],[20.380059808064335,40.303721811000244],[20.379964269287147,40.303593233678264],[20.37981254732122,40.303485332804385],[20.379565450768638,40.30316794622717],[20.379308635473258,40.302985636885445],[20.378935917311072,40.30250339289639],[20.37877609772075,40.30218941220287],[20.378742938435998,40.30210312228633],[20.37870339864217,40.30205730660425],[20.37853792148009,40.301966947472636],[20.378398319636503,40.3018640226613],[20.378248292542402,40.30161665916315],[20.378179585681167,40.30151262740645],[20.37816177437986,40.301285555429345],[20.378055701132514,40.30083142336978],[20.37781303212187,40.30019463575811],[20.37775658307009,40.30006453371921],[20.3775467417737,40.299863002869884],[20.377470017660315,40.29976878163134],[20.37746659794012,40.29967382657601],[20.377434012461723,40.29953812999147],[20.377300593858394,40.29932762164514],[20.377143802806984,40.29910131375473],[20.377104998181114,40.29902000253953],[20.377100584046342,40.298915835184005],[20.37711833601049,40.298832138527004],[20.377091022217282,40.29877771942999],[20.376962136822126,40.29856736796067],[20.376854145023447,40.298498986122155],[20.376746438855093,40.298451455344726],[20.376533782264303,40.298412121129736],[20.376360696568266,40.298356352000674],[20.376336390832854,40.29830814643595],[20.376376731753112,40.2982677777807],[20.376540383466853,40.29822238637706],[20.376718723210107,40.29814281496981],[20.376866512195292,40.29796233597786],[20.376872055176033,40.29787839446473],[20.376809697213236,40.297829307278235],[20.376691179425624,40.29777593534226],[20.37660139601619,40.297744229064016],[20.37656712704678,40.29767368677594],[20.37661208058757,40.29751677619379],[20.376627889215435,40.29746159591574],[20.376588940556786,40.29740360773567],[20.376485203281785,40.297357542190184],[20.376370649101187,40.29725654152372],[20.376152268501265,40.297013494963245],[20.376059899596743,40.296791432450135],[20.375856591893772,40.29657436562412],[20.37578245578537,40.296314268245936],[20.37580647296293,40.29622946417363],[20.375852089203903,40.29611540360004],[20.375877456109347,40.29597307868648],[20.37588465945622,40.29595056555914],[20.375917914949884,40.29593670220335],[20.375990451788056,40.295932500346424],[20.376089823869247,40.29588730208115],[20.376289335875224,40.29573147901151],[20.376402087886433,40.29558817798356],[20.37651653057026,40.2953921118436],[20.37650624568477,40.29526288998937],[20.37646463448852,40.29517571064605],[20.375839982084525,40.294953834642484],[20.375829095993737,40.29493862365551],[20.375823963849896,40.29486830202137],[20.375834995175474,40.2948078314695],[20.375931528828012,40.294682926469044],[20.376138729549897,40.294481186342985],[20.376203831241508,40.2944155394345],[20.37627309734529,40.29431451050483],[20.376278597312865,40.29425539622946],[20.37633089542712,40.29404476720501],[20.37632676691715,40.2940225502263],[20.376275685205428,40.29397479624928],[20.37621524280892,40.2939337275652],[20.376194844625672,40.29389823395244],[20.37617424358787,40.293858248463685],[20.37616889555155,40.29381697351597],[20.37617317974346,40.29375655961091],[20.376176252024354,40.293692231055545],[20.376348740092315,40.29369393371479],[20.376419553525942,40.293694391073856],[20.376663009865933,40.29367380914263],[20.376912219024987,40.29367010780601],[20.37704670694921,40.29371843772836],[20.377157937430237,40.29377316122362],[20.377244883411944,40.293802126688306],[20.377364752259727,40.2937789248688],[20.37754982346684,40.29374310220289],[20.377670187926125,40.29374270936978],[20.377724691307712,40.29378226571664],[20.377735824360446,40.293874340394886],[20.37770788049323,40.29394216037197],[20.377675532506007,40.293970139883456],[20.377486436624853,40.29401103249407],[20.37719687811323,40.294126090707515],[20.377141423936084,40.29414417175946],[20.37712328359079,40.29416828428271],[20.37712957348385,40.294197579009804],[20.377194518501344,40.29426550340057],[20.377302100012354,40.29434242838834],[20.377444378257934,40.29441526166909],[20.3774926563837,40.29442006398994],[20.377571531098766,40.29438981460783],[20.37767100471474,40.29439408372678],[20.377800048864614,40.29442313562153],[20.37798129661822,40.294463939902776],[20.37805744932639,40.2944653247898],[20.378112484973645,40.29447985516451],[20.37813958340716,40.29451842476194],[20.378204859902496,40.294611333545575],[20.378294885360223,40.29469249149919],[20.378366014919248,40.294724293158595],[20.378460430676185,40.29473321462471],[20.378634017505377,40.29468921032245],[20.378730507199165,40.29468835161243],[20.378772262658178,40.294712738446705],[20.37878522415838,40.29473773295068],[20.378777443499,40.2947695620042],[20.378740490165693,40.29480283988577],[20.37872608548514,40.29483604418544],[20.378735294976966,40.29487198984774],[20.37876940956423,40.29490056274547],[20.37887797989324,40.29496145514503],[20.379012786440466,40.29502040079989],[20.379183777631802,40.295095168215674],[20.37919568563908,40.29511518893803],[20.37919266213947,40.295147273044016],[20.379180308090806,40.295181446852624],[20.379186774285657,40.295216092131774],[20.379236034811136,40.29529095872741],[20.379264714194605,40.29536034913902],[20.379299658983516,40.295414841187636],[20.3794531801669,40.29551433095754],[20.379647489802224,40.295581150921144],[20.379879275203226,40.29559750422187],[20.380114678940796,40.295635392604005],[20.380222805622385,40.29570402686565],[20.380218888199717,40.295743415390014],[20.3801931505855,40.2957999904312],[20.38021531427063,40.29588049973116],[20.380354559803852,40.29594287206283],[20.380877005649708,40.296070129525745],[20.381360658662025,40.29615467660189],[20.38153948735457,40.29623492644326],[20.38163870645983,40.296377552378914],[20.381692250631563,40.296467657317166],[20.381669851737332,40.29652653856374],[20.381710852975154,40.296578825683845],[20.381897484222062,40.29663698362319],[20.381990539507086,40.29664125291733],[20.38214353097691,40.296632628832945],[20.382286075705434,40.296619116981134],[20.382383892557808,40.29660984479165],[20.382517864672263,40.296630535667276],[20.382590117995882,40.29666983919856],[20.382776023494195,40.2968699319458],[20.38305409476406,40.29711654570643],[20.3832208212039,40.29723170984412],[20.38354313023681,40.29738245875327],[20.383654590794382,40.29741691267521],[20.383733573643593,40.297422692264334],[20.38407241556008,40.29740020021769],[20.38411011898412,40.297400454694206],[20.384188141786925,40.29742486987767],[20.384478611463585,40.297589694260736],[20.384547133342913,40.29762791409307],[20.3845655803179,40.29765751513451],[20.384705686200487,40.29783516001635],[20.384787921930947,40.29793942890065],[20.384878818619818,40.29812747381783],[20.38498367567542,40.29845186750535],[20.38503620456614,40.29857269463838],[20.38526176981633,40.29883305134583],[20.38539148800147,40.29892589684015],[20.38549962890731,40.299112104624385],[20.385689549846326,40.29947950090262],[20.385772529060247,40.29983779537826],[20.385781814608062,40.30013204920689],[20.385816484516667,40.300286862912415],[20.385863931737426,40.3004063043451],[20.38586444825524,40.300497093005305],[20.385837367730968,40.30061823708958],[20.38585249768775,40.30084257768015],[20.385889682669255,40.30098422349945],[20.386070035486323,40.30115905402398],[20.38637741527264,40.301405688752155],[20.386471800726284,40.30151901758212],[20.38652469995045,40.30164839198185],[20.38658320402564,40.301743256288496],[20.38660976347672,40.301843636529696],[20.386569763561837,40.30202482365834],[20.3866087402351,40.302144000447555],[20.38664646906728,40.30221455685747],[20.38671947763966,40.3023772671415],[20.386730449695662,40.302487376987905],[20.386679423158682,40.30262127167793],[20.386648075165215,40.30272529372394],[20.38664868613507,40.302834307151734],[20.38668015621213,40.30298881452373],[20.386762742200997,40.30324857017015],[20.386777950857336,40.30342729548833],[20.38681648985727,40.30362261109164],[20.386838249894286,40.30378223999775],[20.38685327377114,40.30390165988129],[20.38689166471034,40.303863141126705],[20.38685863390744,40.30360955122574],[20.386800444451563,40.303243996650295],[20.38672844331347,40.30298194368886],[20.386698383050756,40.30278223466259],[20.386713030031174,40.30273100415],[20.386763546369014,40.30257094568875],[20.38679347669858,40.302492407615425],[20.386781033999878,40.30236754031691],[20.386704846632476,40.30219774596296],[20.386668130897174,40.302129084251675],[20.38663341128499,40.30202292433877],[20.38667316551421,40.301842849300144],[20.386642806175104,40.30172810794978],[20.3865829114444,40.301630988839754],[20.38652882156314,40.30149870274152],[20.386426714093584,40.30137610218545],[20.386117152041496,40.30112771661201],[20.38594786102686,40.30096360932045],[20.38591452141853,40.30083661179816],[20.38589998447225,40.30062106705513],[20.38592681404452,40.30050104509532],[20.385926233985643,40.30039910424488],[20.38587726859306,40.300275841327355],[20.38584402892697,40.30012741477365],[20.385834738805293,40.2998330245383],[20.385749834278943,40.29946641821414],[20.385557118561987,40.29909361615791],[20.385443307982136,40.298897646020436],[20.38530968039146,40.29880200244315],[20.38509273661413,40.29855159721676],[20.38504360084853,40.298438575180015],[20.38493849474629,40.29811341189624],[20.38484433774376,40.29791862245988],[20.38475905084754,40.29781048503508],[20.38462052612047,40.297634845132386],[20.384596598377104,40.297596449387825],[20.38451552387587,40.29755122803174],[20.38421897096764,40.29738295180646],[20.384122629891337,40.2973528044018],[20.384069992666678,40.29735244913254],[20.383733849202695,40.297374762069815],[20.383669533238773,40.29737005573431],[20.38357123713664,40.29733967111902],[20.383258269695816,40.29719329144857],[20.383098739518502,40.29708309807927],[20.382825123068006,40.29684043531969],[20.38263480870429,40.29663559737851],[20.38254317220714,40.296585750023574],[20.38245981173018,40.29657089347219],[20.382526296500785,40.29648526499381],[20.382621012124048,40.296363276396875],[20.382664326855668,40.296337175686254],[20.38272778797251,40.29633613841037],[20.38282148105803,40.29634492772719],[20.3829449116503,40.296356506590115],[20.38299328303609,40.29636883367097],[20.383013775293236,40.29639635675036],[20.383014699119705,40.296428399574],[20.38300097319008,40.29644104041215],[20.38297784000092,40.29646234481271],[20.382981168674917,40.296473884525184],[20.383021152021193,40.29648990839847],[20.38308092614798,40.296506968228],[20.383144668702247,40.29652010091045],[20.383219676290626,40.29651737008247],[20.383388645716288,40.29649637529902],[20.383600954282098,40.29644671015827],[20.383732626130836,40.296372041889825],[20.383801692318514,40.296245196593375],[20.383932254537406,40.29602135296145],[20.384069458739642,40.29590504212564],[20.384118404193405,40.29587033207471],[20.384161843004666,40.29585092688047],[20.384227801630264,40.29585743407009],[20.384291045409956,40.29587831939449],[20.384324700313137,40.29589502278657],[20.38434193597852,40.29593422203985],[20.384355739475097,40.29603765264774],[20.38438495568598,40.29609291957638],[20.384432636476152,40.29612184998499],[20.38452145086695,40.296142401712956],[20.384663301218588,40.296158043617346],[20.38474460350146,40.296153543983316],[20.384799569664278,40.29616937283432],[20.384822028530074,40.29618851249579],[20.384867651668717,40.29623751787235],[20.384921122029006,40.29628194750575],[20.385095519999563,40.29638592371273],[20.38542596224075,40.29651409796344],[20.38555778185239,40.29655056126285],[20.38566633722313,40.296559424964634],[20.38574007177182,40.29655225984666],[20.385867514138777,40.29652569574496],[20.385959946853372,40.29652615624581],[20.386007423312545,40.29653674220374],[20.386108368457247,40.2965947366431],[20.38613321769045,40.296605157083484],[20.386283301265056,40.29662656363526],[20.386350598761638,40.29663616226846],[20.386379654341585,40.29664851949732],[20.386404797159777,40.29670708390409],[20.386439490452684,40.29678789376539],[20.386456445009262,40.29686798811057],[20.386475205032916,40.29694183460907],[20.386564703957255,40.29705159939177],[20.3866054625085,40.29708067092681],[20.38667219331278,40.297095747356465],[20.38678603068207,40.2970955140451],[20.386966597456755,40.2970690664729],[20.387096309385026,40.29704089825647],[20.38718870731204,40.29703689126676],[20.38727235819667,40.29705140952372],[20.38733942938692,40.29709139285553],[20.38745276581779,40.2971589562148],[20.38752872327145,40.29719074591004],[20.387620760818113,40.29722926533464],[20.387702998095705,40.2972370377002],[20.387774216988863,40.297221865570265],[20.38782302404522,40.29722514819566],[20.38785088698447,40.297241136829015],[20.38785787269863,40.29725767794409],[20.38785385904046,40.2972864670352],[20.387826582254682,40.2973180747693],[20.387762874040945,40.29734615054669],[20.387721294326163,40.297399274427306],[20.387696164174102,40.29745322898243],[20.38764795278217,40.29752819500184],[20.387633304156118,40.297552859142975],[20.38764310944912,40.297586495402875],[20.387671219339115,40.29760568427802],[20.38773425804484,40.2976229866504],[20.387779746409258,40.29763547191506],[20.387803491269086,40.297662021566396],[20.387803123480868,40.29770083840832],[20.387783338054028,40.29774784458074],[20.38775491799091,40.29777769259249],[20.387704119755632,40.29783897517233],[20.3876883635485,40.29789788024839],[20.38771487660973,40.297953465050966],[20.38781239525122,40.29801034817173],[20.38794309622212,40.29808658643404],[20.38802527190549,40.298188180693224],[20.388037212093487,40.29827358006632],[20.38797199153844,40.298383336286854],[20.38799768295794,40.2984821548123],[20.38802205976847,40.298533265987075],[20.388053309400746,40.298548177145506],[20.388125416709276,40.298560185132914],[20.388222624694397,40.298555163602856],[20.388281173652334,40.29852910646568],[20.388358430039155,40.29850843096751],[20.3884651634641,40.29851011440983],[20.388625522900274,40.29855789425695],[20.388717556131613,40.298601078711584],[20.388785861541926,40.29864143903725],[20.38885351208726,40.298721714577944],[20.388889250715476,40.298787214549684],[20.388903659710888,40.29884197528429],[20.38890935236066,40.29887113009365],[20.388947032057978,40.29888960710365],[20.38898408122691,40.29889455627591],[20.389062927424703,40.29886511721527],[20.389097389461206,40.298835589881456],[20.389223242289702,40.298723086435515],[20.389276401906745,40.29867556537893],[20.389418335266793,40.29864564151097],[20.389533954320395,40.2986385474873],[20.38966967015368,40.29865349039838],[20.389761131047404,40.298680022334274],[20.389905069365437,40.29872177728301],[20.389999537221502,40.298788887215736],[20.390311476197848,40.29895326107496],[20.390508149537425,40.29898352252711],[20.39064216094667,40.29902252635842],[20.390700924728083,40.29906285046696],[20.390816282745796,40.29920251489395],[20.390854450220225,40.29929622759306],[20.390848486575102,40.299365966068414],[20.390904215299052,40.29946774701827],[20.39093801806727,40.299529483022056],[20.391202268252503,40.299712855389956],[20.391298135032418,40.29973614737693],[20.39137733297764,40.29971120010271],[20.39154792860076,40.29965746240426],[20.391839239588972,40.29960630365202],[20.391930744947544,40.299593435830424],[20.391962788719262,40.29960153524227],[20.39197208002548,40.29962596131717],[20.3919840228001,40.299659217792396],[20.392035598479026,40.29975712351446],[20.392116787044355,40.29981266580557],[20.392312566895843,40.29993254120042],[20.39252578019322,40.30010424259999],[20.39255020519452,40.30019893544385],[20.392584152824394,40.30033054593601],[20.392572585533607,40.30048214910552],[20.392387068861904,40.30098875870569],[20.392331593421865,40.301153391245116],[20.392374787538653,40.30091515356051],[20.392380035469788,40.300701452025045],[20.392443386383025,40.3005219395171],[20.39244758250753,40.30048188502009],[20.392086487352643,40.30033841578274],[20.391867279371386,40.300759610322075],[20.391690112228428,40.30074344933803],[20.391466945172517,40.30081699474978],[20.39148050976685,40.30088305640463],[20.39160659923772,40.30106127311442],[20.391775289539556,40.301257420878784],[20.391638417048547,40.30127357366402],[20.39168158889505,40.3014482816614],[20.391458213973984,40.30130435368084],[20.391383337930435,40.301267826952625],[20.391225912106403,40.30121602308486],[20.391161039256826,40.301207822881565],[20.391088101567995,40.3012062969824],[20.39101322010291,40.30121277502413],[20.39089938008904,40.301244622187646],[20.390734117999425,40.30130105525214],[20.390686017250395,40.30130231712567],[20.390646587069988,40.30129473677071],[20.390552091170864,40.30125797304886],[20.390185801894066,40.3011402848293],[20.38947074090127,40.30049654631111],[20.387174186705323,40.29939107685492],[20.3872197429512,40.29975864563395],[20.387088696521115,40.29969796982704],[20.387002564665877,40.29979888651047],[20.38712252166088,40.29996323652351],[20.38725375084319,40.30003303426533],[20.3874280085032,40.30143897514328],[20.387233549187037,40.30149151577677],[20.38688075869524,40.30171582519947],[20.38679184387144,40.30200452956587],[20.386882286798492,40.30233978921471],[20.38719181458997,40.30228356166375],[20.38751031879009,40.30210304760794],[20.387546768894563,40.302397119649385],[20.387552269614336,40.30290468537818],[20.387822759520002,40.30480250514176],[20.389634698532348,40.30449465520757],[20.39101155586822,40.30188365456962],[20.39025888176031,40.30120607452999],[20.390464584646097,40.301268045054805],[20.39061055136198,40.301327767948884],[20.390672639318076,40.30133873165832],[20.39077201131844,40.301330015977214],[20.39093366023165,40.301276027967155],[20.391061600295714,40.30124428967014],[20.391134248712806,40.30123639162835],[20.39120438351959,40.30124644008098],[20.39130447241697,40.3012886881875],[20.391432961301426,40.30134292388885],[20.39162321628388,40.301479844534036],[20.391683425335522,40.3015231749505],[20.391811616315117,40.30160744498769],[20.391845513232717,40.30165030905817],[20.391894797586627,40.30171635950491],[20.39192378339043,40.301772919943716],[20.391969604230763,40.3018316585956],[20.392018194818334,40.301856049794296],[20.39206706405484,40.3018593233566],[20.3921192648457,40.30185613719919],[20.392199260136245,40.30183753031324],[20.39225729150839,40.30182823895374],[20.39224783701024,40.30187841227598],[20.392274397028775,40.301924414235664],[20.392328739553523,40.30195210717675],[20.392373006705864,40.301953910604354],[20.39243349896503,40.30194885213183],[20.392492782547844,40.30195337411076],[20.392552629352423,40.30197165795741],[20.392579804493423,40.30199998382508],[20.39260559502956,40.30203468012897],[20.39260544741337,40.302061647798034],[20.392563203528738,40.30218472525359],[20.392462201185133,40.30232225350292],[20.39235081130829,40.30242795237442],[20.39227276216423,40.302513219254934],[20.392180974434922,40.30264139737182],[20.392131780831058,40.30275488175001],[20.392052126065636,40.30293863592108],[20.392021276867737,40.303106858471686],[20.39199212201644,40.30328192157925],[20.391974793681694,40.30333872138921],[20.3919212826919,40.30342179843081],[20.391852861703143,40.30347566962756],[20.3918283606732,40.30348929303402],[20.3917971849977,40.30351773817693],[20.391791468711606,40.30355013051996],[20.39179354476928,40.30359877687884],[20.391822322689087,40.3036302842082],[20.39189845176443,40.30369502282802],[20.391940006821677,40.30377970726802],[20.392019858043327,40.30400049972577],[20.392036964138278,40.30409080357524],[20.392031139474945,40.30413947747693],[20.392025466183973,40.304186886367205],[20.3920495335939,40.304228112486065],[20.392092609745227,40.30426033324955],[20.392263930247843,40.304305792952995],[20.392064302663876,40.304277988792485],[20.39195671654298,40.304303834492714],[20.391911247790947,40.304401416558534],[20.391863921720077,40.304514455140385],[20.391811526687814,40.30462065412609],[20.391812000888645,40.30470272716462],[20.3916495222751,40.30489230734728],[20.391543992176583,40.305090241488585],[20.391720313193897,40.30518883835098],[20.391844019032252,40.305258013023824],[20.391851293116506,40.30532337057812],[20.39186941264702,40.30541270866808],[20.391557194746305,40.30546080062095],[20.391620191294844,40.30561154203784],[20.39155542966277,40.3058340403031],[20.391651529733796,40.306062845875886],[20.391536076834164,40.306324045336375],[20.39117184211891,40.306644845566254],[20.390907391711522,40.30674718963407],[20.39071951979526,40.30676856665007],[20.390730504268664,40.30696580005401],[20.39066860691387,40.307065433764244],[20.390638647738925,40.30728703770868],[20.390894747030654,40.307510787272456],[20.390903874393285,40.307619464134774],[20.390910934146103,40.30770352231383],[20.390862378452635,40.30779427989426],[20.390838360825256,40.307819089894146],[20.39075198303599,40.30790831720685],[20.390741437899656,40.30795961938286],[20.390736886142484,40.307981763695444],[20.390794684659515,40.30808375198326],[20.39093254272042,40.30826274500293],[20.3910802875409,40.308491941885904],[20.391087729062882,40.30857645565597],[20.391017141621603,40.30889089490352],[20.391046817891,40.309205946957185],[20.391057050959372,40.30946122938999],[20.391118934423655,40.30959272567877],[20.391586257238973,40.310119031578346],[20.391627013942696,40.31020209311698],[20.391634372669643,40.31043009701947],[20.39161866857698,40.310505823944105],[20.391576154152485,40.31057647378319],[20.391551308415632,40.310617761984375],[20.391557697832955,40.31065959780686],[20.39160231166815,40.310733816082454],[20.391818834973602,40.310938829540255],[20.39201094565226,40.311103594790396],[20.392079677374284,40.31117094145233],[20.39212979779698,40.311269945914624],[20.39213499526945,40.311332798445875],[20.39211473293123,40.31145121062168],[20.392145700311055,40.311502699178554],[20.392230860155482,40.31160041366103],[20.392250484477806,40.31165027353249],[20.39224853469558,40.31173102485661],[20.392244907811193,40.31188123387769],[20.392210457120232,40.31196816908047],[20.39220255087481,40.312018700397005],[20.392177110620793,40.31218129660693],[20.39219222458223,40.31228485755984],[20.39220313077874,40.31235958667827],[20.39218327036541,40.31241820048283],[20.392142362902298,40.31249212591125],[20.392088220726748,40.312591770593535],[20.39205565033891,40.31268739510857],[20.39202294609842,40.31289692536844],[20.392062698123162,40.313046601034834],[20.392173315415675,40.313202411698356],[20.392226710259745,40.3133095417642],[20.392273970650454,40.313539449183445],[20.392422578156236,40.314012648005566],[20.392536775964956,40.31410433349295],[20.392653449670537,40.31423863669706],[20.392781322355187,40.31438583030169],[20.39281601861238,40.31455790477634],[20.392779532805744,40.3148001460394],[20.39286741846424,40.314768344641216],[20.39290013345769,40.314551137133314],[20.39285977390749,40.314350976974204],[20.392719146095626,40.31418910118919],[20.392597401944855,40.314048961496795],[20.392496295574492,40.3139677867362],[20.392355238484907,40.31351863159505],[20.392306927362363,40.31328361399533],[20.392247146753068,40.31316367194578],[20.392140670835282,40.31301369486598],[20.39210739320542,40.312888397358456],[20.39213725321126,40.31269708808385],[20.392166187560555,40.31261213844375],[20.39221740161707,40.312517882550935],[20.392261176666246,40.312438774835655],[20.392287813306456,40.31236016214747],[20.392274764469793,40.312270752441684],[20.392260993932894,40.312176397430946],[20.392284994937153,40.312022998672546],[20.392291808405233,40.3119794513056],[20.392327807388934,40.311888608745356],[20.392331702457355,40.31172728458087],[20.39233395513335,40.31163398398162],[20.39230510879373,40.31156069376859],[20.39221586758997,40.3114582963506],[20.392200949963023,40.311433493294466],[20.392218612481216,40.31133027356439],[20.39221175380865,40.311247333513855],[20.39215021428722,40.31112577279129],[20.392069861052466,40.311047038867805],[20.391877168789133,40.31088177489535],[20.391670462311286,40.310686056557564],[20.391638247525563,40.31063246506725],[20.391637198172024,40.31062559429714],[20.391649747704882,40.310604739663994],[20.39169829792021,40.310524059481246],[20.39171776066617,40.310430207356575],[20.391709729717903,40.310181384649574],[20.391658374853634,40.31007672444971],[20.391191455160417,40.309550873141276],[20.391139675236985,40.309440846135445],[20.39112988507694,40.30919662024009],[20.39110096805652,40.308889632603744],[20.39117151306792,40.30857538057792],[20.391161839801583,40.308465522269294],[20.39100321039376,40.30821944050362],[20.39088850764111,40.3080705122717],[20.39110086276351,40.30785943326891],[20.39117918558762,40.307790062577546],[20.391261497556943,40.307624639282686],[20.391286514234015,40.30756073860682],[20.39135904152653,40.30751423890969],[20.391521513070128,40.307421256192086],[20.391588706928253,40.30739330550777],[20.391638964665518,40.30732505293235],[20.391699378984317,40.30724300698967],[20.391752200126827,40.30719867080754],[20.39180584901249,40.307119242487104],[20.391860999713472,40.30709093150277],[20.391969334110566,40.30702235725318],[20.392052090596383,40.30698619893837],[20.39214789424635,40.30695617395184],[20.392212266014983,40.306948859082866],[20.392258197772573,40.30693091854694],[20.392282448800586,40.30689551397556],[20.392323944778294,40.306834933052286],[20.392357350974233,40.306786162496394],[20.392439563983032,40.30674527464249],[20.392563124269877,40.306725536624455],[20.392675346445056,40.306730711288154],[20.39272690827564,40.30673324781798],[20.39274976476411,40.306730212310015],[20.392765765990585,40.30671167116986],[20.392774090171496,40.30669152855331],[20.392795211496864,40.30666705419215],[20.39285334505029,40.306624299319594],[20.392879994020753,40.30662042618755],[20.392945983138056,40.306610835373554],[20.393000492132366,40.30661018440393],[20.393049692031006,40.30659736965536],[20.393068355939906,40.30658149668144],[20.39306976384463,40.30656764590381],[20.393056070272944,40.30654602778956],[20.39304131192087,40.30652272868339],[20.393032719511005,40.306495798871055],[20.393033587204847,40.30647365284961],[20.393068332295968,40.306433765878516],[20.39314019504519,40.30635126807441],[20.393228345733306,40.30626423164563],[20.393267123802556,40.30621188164662],[20.393313409314953,40.30615824736346],[20.393347435798095,40.306123536182476],[20.39339447854003,40.30604397133575],[20.393416223372625,40.30601989435184],[20.393433832819472,40.30600261052106],[20.39344179175691,40.305977551100455],[20.393445123608522,40.305945962749064],[20.393453581646142,40.30591495063126],[20.393480089285855,40.30587565369434],[20.393493419476155,40.305865308500465],[20.393511122652534,40.30585369120217],[20.393528751186007,40.305829157387805],[20.393534514704548,40.30580051238423],[20.39353567064665,40.30575875985906],[20.39354278479191,40.30572379850278],[20.393554495323144,40.305704516467024],[20.393572405782248,40.30569408709092],[20.39364797984043,40.30567016250775],[20.393705046830757,40.305655317219625],[20.393726973590216,40.305645352775755],[20.393736286075004,40.30563576401626],[20.393736756324014,40.30562184824376],[20.393731447565905,40.30560747438322],[20.393719163291887,40.305584983964934],[20.39371423340208,40.30554100901846],[20.393717688420427,40.305477710155394],[20.393722125132445,40.305436689250804],[20.393759807898142,40.30537766356214],[20.39379266730098,40.3053492962298],[20.393835177824975,40.30533403261752],[20.393876222229224,40.30531929540142],[20.393888436994562,40.30531112241817],[20.393893540026095,40.305293627782085],[20.393892974438582,40.30527514679265],[20.393898413486767,40.3052189143818],[20.393913884435904,40.305156077533304],[20.393921550128404,40.30513888739199],[20.39395103611149,40.30511524151517],[20.393961339900144,40.30510132740938],[20.39396453160961,40.30505796943645],[20.393998884213122,40.30501816561214],[20.39403909547784,40.30495994493655],[20.39409333375922,40.30488830516113],[20.394166640586615,40.304824766251876],[20.394206140570944,40.30477024379254],[20.39422663122344,40.304746566749856],[20.394252721540912,40.304736076585634],[20.394283840591594,40.304726775822296],[20.394358112257347,40.30471856033455],[20.39446232264166,40.3047245374113],[20.39451381709295,40.30471339610551],[20.39455007250192,40.304697012800005],[20.39459769198303,40.30465736616842],[20.394714540297798,40.3044856084311],[20.394774525974178,40.30432995389829],[20.394805308849755,40.30427026728711],[20.39483200597137,40.304221716450954],[20.394924273842808,40.30412716044253],[20.394958028229656,40.30408979037408],[20.3950088380451,40.3040023213848],[20.395038443780685,40.30413577022688],[20.394871206486673,40.30447151468093],[20.395358589472195,40.30447064660822],[20.395451499640263,40.304325943970646],[20.395626862157034,40.30428637742003],[20.39590232482666,40.304219751712786],[20.3960070751377,40.30411795819727],[20.396107240096256,40.303953457560915],[20.396119849648475,40.30388107950808],[20.396107374367077,40.30379049592652],[20.39609123023695,40.3037586629356],[20.39588216591471,40.30367646706413],[20.395452859920322,40.30362467208048],[20.395646606348855,40.303548319833354],[20.395678072060015,40.30353098976585],[20.395699647991776,40.30351157576769],[20.395708099384223,40.30349659946772],[20.395712257480035,40.303465234686556],[20.39619362682815,40.303586585235166],[20.39638213298924,40.303655372289505],[20.396448090613397,40.30373357958301],[20.39667580682524,40.30354488243984],[20.397100332427716,40.30282789065796],[20.39682804560271,40.30262595979516],[20.396902267370614,40.30265011618602],[20.396987211763587,40.30266006517086],[20.397026812133447,40.302658011130845],[20.397089809467236,40.30264766343878],[20.397183222002187,40.30262240858587],[20.39727598337366,40.302592597134435],[20.397329344750116,40.30259857839886],[20.397347102942284,40.30260747556685],[20.39748983194389,40.30275440722197],[20.39759849135014,40.30283362322279],[20.39773415563907,40.30291615794036],[20.397804545077967,40.30295634058759],[20.397964449426862,40.303163379359944],[20.39816491107069,40.30354506089547],[20.39829811650179,40.30374230398501],[20.39832543233257,40.303795856353716],[20.39833507463632,40.303836614997955],[20.398321526560583,40.30387793323889],[20.398295366684508,40.30391367883395],[20.398238837508124,40.30398317513287],[20.39822093482203,40.30406942664737],[20.398218027481903,40.30411621189071],[20.39824180410875,40.30415510950378],[20.398302419582873,40.30418121194013],[20.398357740797636,40.30419898434635],[20.39841528220662,40.30420032629664],[20.398474106202542,40.30419213067405],[20.39854527495533,40.30416536079346],[20.39867405001963,40.30409365333989],[20.398699368201292,40.30406752406898],[20.398748452208206,40.30401686754149],[20.398762298518985,40.3040085639984],[20.398793372630692,40.30400074578025],[20.39885209060642,40.30399146650207],[20.39894783288356,40.303950128970584],[20.399019611399527,40.303937870655815],[20.399067222268037,40.30393806009572],[20.399073084027293,40.30394231137209],[20.399081993842664,40.3039851415207],[20.399080759644875,40.30400278542747],[20.398992972096693,40.30412481251063],[20.398840072762525,40.30429246912053],[20.39884970706391,40.304378349217465],[20.398872874876357,40.3044263855414],[20.39892726102602,40.30444850796005],[20.399021504768292,40.30448684298389],[20.39919502096512,40.304550509011065],[20.399452654807316,40.30462306024045],[20.399680941802945,40.30468734661133],[20.39987891812713,40.30480217695395],[20.399962081883846,40.304891328242725],[20.40000241113381,40.305000650078526],[20.40004284760929,40.30517553311535],[20.40004682511301,40.30528953162314],[20.400100744136864,40.30535421931886],[20.400094681826175,40.30537940163823],[20.40008372591668,40.30543460722378],[20.400076729690475,40.30549580359062],[20.400021263122728,40.30562295348918],[20.399978593649596,40.305760702277695],[20.399997922850755,40.305869547845155],[20.400078486309265,40.30595364746328],[20.40045185323816,40.30608712845505],[20.400636722233312,40.30609643766612],[20.40075442976277,40.30612477090138],[20.40087263159851,40.30620580879433],[20.401166031552233,40.30657795273739],[20.401167016422797,40.306600404382785],[20.40116959153487,40.30665910796203],[20.401179036971016,40.306714531360846],[20.40123890806151,40.30677126217681],[20.401298478785563,40.30679427578367],[20.40138493448245,40.306807023084836],[20.40153124850039,40.30679051243905],[20.40165401231361,40.306744674392725],[20.401656483349708,40.306744301918336],[20.401728827603844,40.30679701527138],[20.402029736555278,40.307047497018075],[20.402145290161915,40.30716776310104],[20.40221759588954,40.30724301730314],[20.40224604358372,40.30738418079647],[20.402255394706636,40.307595961661],[20.402323885304387,40.30775985755269],[20.402500514296115,40.308157454407855],[20.4026154894046,40.308518955951996],[20.402653718434042,40.30863915370903],[20.40273359498145,40.308722280563124],[20.402856513732385,40.30876356591852],[20.40294945907166,40.308771970597526],[20.40295690112211,40.30877407822532],[20.40294756470475,40.30892518688731],[20.403021167413808,40.309409164376206],[20.4033237413288,40.30978317244203],[20.40343334122751,40.309842491377495],[20.403494302387003,40.30989255813055],[20.403572085413227,40.31001133624196],[20.403783871995692,40.31041465240849],[20.403993601841798,40.31093463946966],[20.40420135548677,40.311438889515635],[20.404200980225212,40.31156441877998],[20.40418480810448,40.31163700453062],[20.404154748904123,40.31171367340148],[20.404160301329306,40.31178741337797],[20.4042276464257,40.311898977658224],[20.404849853663833,40.31243846774802],[20.405085083558,40.31260208985295],[20.40513466056681,40.312692576745626],[20.405144343124793,40.312814159160624],[20.405087180666754,40.31302818947214],[20.405024333656915,40.31326350256858],[20.405116263299256,40.313497420653626],[20.40538581534523,40.31374384989055],[20.405960510959456,40.3143632035007],[20.40622946907712,40.314613370186485],[20.406522715967835,40.314773014799194],[20.406802690425867,40.31495235513117],[20.4069708047123,40.31498374345357],[20.40703065510118,40.31500374472068],[20.407057909528266,40.31504752768507],[20.407425521966562,40.31565774100183],[20.407965565666345,40.31627999111197],[20.408272460946446,40.31653454719349],[20.408471550893573,40.31663421510785],[20.408601167252463,40.31663105692842],[20.408748771458967,40.316570060170115],[20.408852605607457,40.31652715100813],[20.40897033841741,40.316495706352875],[20.409070181052066,40.31650584902053],[20.409215306307896,40.31656262420132],[20.409649838749353,40.31666316611563],[20.409829052999147,40.31676025068686],[20.409955785604026,40.316854806808834],[20.410010398245504,40.316889045803336],[20.410039324330466,40.31692773683618],[20.410064539221118,40.31713028051231],[20.410026499534055,40.317385081667595],[20.410038419273175,40.3175303126805],[20.41030574237162,40.31783112012885],[20.41042598000596,40.31797456378863],[20.41053816331499,40.31831907233594],[20.410823402107056,40.31912869617337],[20.41090603948584,40.319331765168236],[20.410901680924923,40.31951796831622],[20.410935768524574,40.31979908187402],[20.41091819761698,40.31998647504983],[20.410808218801023,40.32023723706388],[20.410713777831752,40.320526155947064],[20.41057962881684,40.32078542638317],[20.41059296082812,40.320901569353154],[20.410780153271034,40.32118223888114],[20.41103709343596,40.32148763005535],[20.411138513702312,40.32171681998803],[20.411306048704997,40.322002270027134],[20.411370439836265,40.32224944940947],[20.411402973765814,40.322541388784366],[20.411386920106818,40.322629702086765],[20.411450701696058,40.322830243392644],[20.41167907607653,40.32305667068661],[20.4126225021551,40.323841917904275],[20.413294140121753,40.32437520373752],[20.413793925600668,40.324674524650305],[20.414619744451894,40.32515013350547]],[[20.381388419888342,40.30357847871351],[20.38150596741263,40.303493168517946],[20.381799228560205,40.303480451517366],[20.381980636174653,40.303456005178],[20.382182919791603,40.30343571120298],[20.38233885113877,40.30368981364202],[20.382531145634747,40.30359141283399],[20.382714752110566,40.30347998662171],[20.382982724851782,40.30300520439919],[20.383015023913035,40.30284701130544],[20.38306916152061,40.30275773582074],[20.38334096767049,40.30258748553204],[20.383577532018585,40.30257885617575],[20.3840193733804,40.30259434876694],[20.38430754700835,40.30263868533826],[20.384489761875717,40.302637156786865],[20.384601591749977,40.30263768289321],[20.384329374223785,40.302489944898035],[20.38413635158395,40.30246224271835],[20.3839428604207,40.30243447295079],[20.3837784935256,40.302362253026836],[20.383691990977702,40.30230163011191],[20.383273836374165,40.302165263848934],[20.383185413010377,40.30216687653896],[20.383027916625625,40.30223489857198],[20.382797765287336,40.30232683095966],[20.382630454654688,40.302443779578944],[20.382320094496272,40.302600391441075],[20.382046676986736,40.302689927002156],[20.381884014715155,40.30282546544658],[20.38164018342316,40.302796643977125],[20.38136452891735,40.302911098572004],[20.38079420541789,40.30356044527895],[20.380804977842935,40.303679297646596],[20.38085595285536,40.30370194761044],[20.381164026106585,40.30392693649557],[20.381388419888342,40.30357847871351]],[[20.38634055367804,40.302900415058616],[20.386476782163225,40.302640974062214],[20.38649021232045,40.30242711255759],[20.38592295050395,40.30236666768084],[20.385850543868678,40.302371379718636],[20.38549310933846,40.30256974901364],[20.385249527706296,40.30267710246495],[20.385086691142604,40.30271614624619],[20.3846599097319,40.30271404229753],[20.384214882521523,40.30269805666196],[20.38396323738581,40.30264170045034],[20.383695040087552,40.30263904299428],[20.38339550107961,40.30262688145015],[20.383193295376582,40.30279839314976],[20.38313963552569,40.30286714046622],[20.383113855299737,40.30297309888882],[20.382980212067142,40.30313941424606],[20.382765319618155,40.30349879452815],[20.38257616172852,40.30365052809006],[20.38236769629755,40.30373681887062],[20.38206815966216,40.30380720112643],[20.38186255783272,40.303912134345424],[20.381727420772993,40.304092164243016],[20.38149799053207,40.30411850381986],[20.38140351230585,40.30417021171479],[20.381410800355994,40.3048339985896],[20.38145727197794,40.30493194554348],[20.381499628188017,40.305180565061946],[20.3815933432563,40.30529892154912],[20.38198867851651,40.30546544794386],[20.38222572645126,40.30481678639058],[20.38242892773573,40.30465970428812],[20.382651204948086,40.30498367322214],[20.383703583491513,40.30415404087644],[20.383612798421918,40.30365167778279],[20.383634007344792,40.30312128339138],[20.383803584048653,40.303118037951805],[20.38388184576826,40.30377239213056],[20.38468161270365,40.30429498232068],[20.384796388300423,40.30426058844432],[20.385072651541385,40.30427004133569],[20.385609157868394,40.304129755037785],[20.385970878597472,40.30421821367334],[20.386232853473963,40.30435193757201],[20.386308035468055,40.30421796876979],[20.385880875967732,40.30382613029675],[20.38598472487058,40.30357573578067],[20.386116115555417,40.30315011122431],[20.386195235480713,40.30301195244004],[20.38634055367804,40.302900415058616]],[[20.385820290628498,40.298256304646664],[20.385524913020436,40.29843317998362],[20.38562937867294,40.298702030274775],[20.3855540404894,40.298851319858784],[20.385639922088217,40.299069084685755],[20.38589268025511,40.29950023768673],[20.38648855575775,40.2994278245021],[20.38673465498694,40.29942533173895],[20.386847122298473,40.29946279425672],[20.386928082248783,40.29951677237402],[20.387070887063047,40.2992390706868],[20.38697627725461,40.29900660971732],[20.38679550458028,40.29837699993005],[20.38643098932225,40.298333655438235],[20.386474634396386,40.29822408635315],[20.386135684234574,40.29819711175014],[20.385909093222207,40.29817907843666],[20.385820290628498,40.298256304646664]],[[20.38179677332612,40.301243173799044],[20.381521982478237,40.301341384377054],[20.381220379787553,40.301500209122],[20.380968907717477,40.301691745264],[20.38125597199217,40.3019519120996],[20.381590667818394,40.30224568491481],[20.38169036331715,40.302353435118064],[20.38187715997568,40.302672113561066],[20.382290559752906,40.30250536830927],[20.38249922887471,40.30240030444223],[20.382704018486972,40.30228445283586],[20.38286660267256,40.302247085370006],[20.383119816153773,40.302114933035185],[20.38331932000703,40.30212546941444],[20.383945418908926,40.30232212637669],[20.383979139012933,40.30226408196515],[20.384374321336015,40.30243810447513],[20.384713421625115,40.302638208891466],[20.384996714019785,40.30264424647119],[20.385153427178555,40.30262648755105],[20.385337877094084,40.30255003717639],[20.385579094092385,40.30242470686259],[20.385669334604575,40.30237120501025],[20.385799534757766,40.30228664847758],[20.386071891967894,40.30228043286981],[20.38629283942621,40.302312818290766],[20.38651693939616,40.3023459285603],[20.386486831497585,40.30211208754967],[20.386467133953996,40.301937028043945],[20.38645734462246,40.30185002620775],[20.386388050834928,40.3016943013628],[20.386381508892747,40.30165240720617],[20.386360083704,40.301515201365675],[20.38608063254515,40.30125698984225],[20.38579762808905,40.30097979497232],[20.3857232051284,40.30056394018512],[20.385677549565564,40.30013741163829],[20.385588278109804,40.29997965903146],[20.385550143367034,40.29995232822086],[20.385713745669875,40.299852052725555],[20.38549074884309,40.29952428114817],[20.3853811760649,40.299374279721455],[20.385299713625223,40.299337445595995],[20.385306192069198,40.29931172926462],[20.385343681317536,40.299317265906126],[20.38545204301521,40.29933326935093],[20.38546628450305,40.29918314333921],[20.385355070948975,40.29895026672562],[20.385194034910608,40.298888628083844],[20.385003435880193,40.298651879855356],[20.384826981319595,40.29861872971489],[20.38448189228722,40.298693599670706],[20.38409502466937,40.29846504949314],[20.38382234692311,40.29846174047371],[20.38361443770229,40.2985348107057],[20.383692849046675,40.29933937848279],[20.38367736991539,40.29968323801874],[20.383725182389078,40.29983888554585],[20.383688158401593,40.30010008976322],[20.38381814407895,40.300372406663755],[20.38377971479956,40.30040056618877],[20.383765497396098,40.30037729751501],[20.38363411751566,40.30013007603231],[20.383662337330133,40.299818927311556],[20.383530287996983,40.299516459771205],[20.38354315745319,40.29906070859779],[20.38338141475139,40.2982107846035],[20.382876793187723,40.2980540096361],[20.38238378957212,40.29802655275467],[20.3821188248954,40.298046865308685],[20.38185135525431,40.2981503703237],[20.382036781155957,40.2994417916252],[20.381885748811808,40.30008217613931],[20.381042991353446,40.30026969498945],[20.381568867975012,40.30095272046358],[20.38179677332612,40.301243173799044]],[[20.392699033227366,40.308613897154544],[20.392868132997084,40.30840445429233],[20.393043605216178,40.30817212891575],[20.392950550032324,40.307927048118785],[20.392852743673664,40.30777106289339],[20.392329645343256,40.307929296215846],[20.39245003806745,40.30811377252659],[20.392298712243875,40.3081702265422],[20.392200911383025,40.308206712237165],[20.392151498893913,40.30839394605297],[20.391999482385767,40.30845722167043],[20.391938396869946,40.30844614718649],[20.391704092080047,40.308518722547824],[20.39167747449579,40.30882553920952],[20.39201827821895,40.30887911787311],[20.392243047995112,40.309021222750495],[20.39271057450317,40.30881837469274],[20.392699033227366,40.308613897154544]],[[20.394380657426677,40.3071397237097],[20.394766574141016,40.306853277998854],[20.39467977107045,40.30642787922601],[20.394363228432237,40.30653704453676],[20.39414930572792,40.306847569257165],[20.394351114655265,40.30716165160478],[20.394147864175928,40.30731251212241],[20.39412954488883,40.30743874574214],[20.39375802084578,40.3075233380684],[20.393375267029903,40.30766046307244],[20.39344426216905,40.3086029232919],[20.394041501677492,40.30836321285332],[20.394726900759157,40.30822517694988],[20.394455282019667,40.30779093413625],[20.39477997475445,40.30770419512224],[20.394380657426677,40.3071397237097]],[[20.397571980494217,40.30611606369419],[20.39781713263204,40.30572748979677],[20.397491669208378,40.30564852525889],[20.397117197069324,40.306136632988974],[20.397159107804125,40.30627359540979],[20.397350063076303,40.30676282445031],[20.397315157097715,40.30699553063518],[20.397721357474996,40.30693398968659],[20.398195096311024,40.30698228029836],[20.39884048347306,40.30701170375962],[20.399620206485096,40.30690985375499],[20.399635618482097,40.30671781116495],[20.398969560360143,40.306550989007526],[20.39868357886355,40.3062144112248],[20.398366911869346,40.30601431913799],[20.397571980494217,40.30611606369419]],[[20.39199100603777,40.302106496041915],[20.3919144579746,40.30221642525086],[20.392336686288367,40.30231961529001],[20.39245680966407,40.30214346183975],[20.39214729235765,40.3020391549322],[20.39199100603777,40.302106496041915]],[[20.391757584827516,40.30396390834294],[20.39189393580433,40.30393355593921],[20.391806337094515,40.303713373576116],[20.391676533267365,40.30374751700753],[20.391757584827516,40.30396390834294]],[[20.391704214690897,40.304179074379924],[20.39170396472068,40.30413579773225],[20.39169159803558,40.30408954671508],[20.39166345637487,40.304000633119095],[20.391635647721653,40.30398164823227],[20.391577711289816,40.30394209514244],[20.39140810994348,40.30395972102025],[20.391363769406567,40.303999221638946],[20.391364223588617,40.304077921576685],[20.39139707239714,40.304126342764526],[20.391498358320995,40.304152233968615],[20.391521278309447,40.304262338224504],[20.39153347580269,40.30432093303795],[20.391498082919483,40.304401455780244],[20.391550015766654,40.30441483566278],[20.391704570825528,40.30424073081407],[20.391704214690897,40.304179074379924]],[[20.396297580754272,40.30694186686491],[20.396501810055746,40.30680954596961],[20.396303299523463,40.30651727282701],[20.395684776919836,40.30638553396489],[20.3953881330048,40.30660824714779],[20.39523147467196,40.306930873359015],[20.395484300277143,40.30724004657498],[20.39541304759692,40.30772138629759],[20.395956955891123,40.30837218289419],[20.396136271537422,40.308301132783214],[20.39600478447203,40.307952000620496],[20.396122364259025,40.30760271351638],[20.395939455203607,40.30717456068478],[20.396297580754272,40.30694186686491]],[[20.397927929241508,40.30940949337573],[20.398240066776406,40.30925296783321],[20.398080367849467,40.309090168460706],[20.39789947919564,40.309047510275505],[20.397611472013413,40.30909596939622],[20.397927929241508,40.30940949337573]],[[20.39707541228474,40.30753737974342],[20.396701433564868,40.30786378164207],[20.396745506266623,40.307955239482894],[20.396949042047904,40.30795316968681],[20.39761014805718,40.30801317824112],[20.39789008707726,40.30787464442769],[20.397780950645,40.30751552382453],[20.397709959748827,40.307474127493784],[20.397369339945946,40.307546086654206],[20.39707541228474,40.30753737974342]],[[20.399033127882326,40.30782565897913],[20.399093023863966,40.30764295216302],[20.39899696404936,40.30752387681171],[20.398658506686406,40.30752227385649],[20.398494551275153,40.30764886403014],[20.398627606622725,40.307807668472925],[20.399033127882326,40.30782565897913]],[[20.39961150226154,40.30793034407876],[20.399685594256994,40.307604654446166],[20.399563499968732,40.30746243926347],[20.399404429262134,40.30749483949426],[20.39921870977105,40.30791923673897],[20.39961150226154,40.30793034407876]],[[20.400792311871566,40.30696875911928],[20.40024976713883,40.3071336710853],[20.400314148584087,40.30733378637667],[20.400650029670018,40.307336768602106],[20.401022473662586,40.30711027063409],[20.400792311871566,40.30696875911928]],[[20.3903755536041,40.305723414255766],[20.389522337307838,40.30632150692611],[20.389499953601096,40.30646077411465],[20.389401330330028,40.30655790734384],[20.389616903727834,40.30661744742628],[20.38971535461125,40.30669649822233],[20.39094004450668,40.306073931961386],[20.39063190905619,40.30568062086409],[20.3903755536041,40.305723414255766]],[[20.396399479104584,40.30640489814392],[20.396858523367456,40.306255810046565],[20.396669739811657,40.305997253777534],[20.396284030834007,40.3059711800618],[20.396222205265428,40.306230595588524],[20.396399479104584,40.30640489814392]],[[20.386049904344013,40.30005883403652],[20.386420506165965,40.29995174729169],[20.386666252515194,40.29988854658431],[20.386869809707726,40.299872205517396],[20.38707458118314,40.29967507485597],[20.38695874195291,40.29958060370888],[20.386759719693504,40.299465424050894],[20.386683429242446,40.29945297325855],[20.386489634459945,40.29946500294885],[20.386006100125247,40.299523526204865],[20.38591844944085,40.299562893922904],[20.385978197222265,40.29978830540586],[20.386049904344013,40.30005883403652]],[[20.38608367447706,40.30025194894037],[20.386601375543613,40.30007908479096],[20.386940017809238,40.300088679984555],[20.386921592520384,40.299893757470166],[20.38679618161833,40.299917051567064],[20.38658789905266,40.29996144567452],[20.386371687347623,40.30001297946811],[20.386055508183574,40.30011073386924],[20.38608367447706,40.30025194894037]],[[20.38709490429314,40.30041860448373],[20.38683064077075,40.30023103129175],[20.38650680540108,40.30024760320538],[20.386191246984474,40.30053263338936],[20.386057394988867,40.30072928199134],[20.386041640596616,40.30092553643565],[20.386413242698424,40.30109242831174],[20.386939335478875,40.30094835363229],[20.38686892981201,40.30052501182652],[20.38709490429314,40.30041860448373]],[[20.392267369642436,40.29999085744242],[20.392108037448597,40.29989452226248],[20.391955885792836,40.29976592338448],[20.391774804479137,40.29982572748019],[20.391593101168898,40.300043543698365],[20.39152472727942,40.30022116556165],[20.392143313242208,40.30022922744164],[20.392267369642436,40.29999085744242]],[[20.386539065124985,40.304298201022256],[20.386646432844504,40.30399124724431],[20.38638338940157,40.3036432000495],[20.386133750473153,40.303811193298124],[20.38632116683033,40.30406122763874],[20.386539065124985,40.304298201022256]],[[20.380735308170774,40.30609106452774],[20.380706054948096,40.30629778827116],[20.380790368778428,40.30643386855432],[20.381110260334186,40.3067986101554],[20.381252227694834,40.306548735726544],[20.38157191011823,40.306261745924964],[20.38208629694788,40.306651386526276],[20.38220026457075,40.30668197292267],[20.38237230419113,40.306579622808314],[20.382284295917565,40.3065127289245],[20.382482294077057,40.306374070984255],[20.38215807311319,40.30611067933768],[20.38186952048169,40.305963646474204],[20.38178534170116,40.30592075266553],[20.38130487843905,40.30568322710446],[20.381033826459994,40.30558579232461],[20.38077064061895,40.3055801071855],[20.38063657673158,40.30571297155172],[20.38057623599464,40.30600616140998],[20.380735308170774,40.30609106452774]],[[20.380281766891866,40.30517042875389],[20.38052677389492,40.30506742111211],[20.380437877905017,40.304728668216086],[20.380245610165694,40.30477698660981],[20.380281766891866,40.30517042875389]],[[20.380886332400006,40.30425827580938],[20.38092388926731,40.30402524250754],[20.380873440446386,40.30386901195266],[20.380693787082073,40.30386615422763],[20.38063168735059,40.30367892510947],[20.380305145432164,40.30358922768585],[20.380206452176722,40.303682713066834],[20.38016011170087,40.303737447832454],[20.380144434213502,40.3041484397341],[20.38013694702962,40.30427861971017],[20.380514109123247,40.30455691239833],[20.380577762679227,40.304897429965315],[20.380686942181526,40.304901620724586],[20.38081279077672,40.3049212065778],[20.380943915903515,40.30459028592841],[20.380886332400006,40.30425827580938]],[[20.37961163784566,40.30108722976973],[20.379941439962245,40.301202739091224],[20.37990467502449,40.30157051890572],[20.379762936867692,40.30169287778398],[20.379799766162627,40.30180356923961],[20.37978849280767,40.301945815354806],[20.379936435458173,40.30206907006971],[20.380031200940827,40.30220042069867],[20.380174834373673,40.302416032833854],[20.380279310969485,40.30255758348695],[20.38031934982482,40.30272806865442],[20.38003558626497,40.30321350064981],[20.380561599274113,40.30327879359435],[20.380901641907553,40.30316224771032],[20.380993965049672,40.30291221053396],[20.381306995154418,40.302757361203106],[20.381805921656458,40.30267930605168],[20.38150912864879,40.302263103906306],[20.38139284896936,40.30233034119051],[20.381170942591375,40.302193367025055],[20.381067925372218,40.30215074390184],[20.380943619164047,40.302015971549636],[20.380700355021812,40.30183569985104],[20.380598130791082,40.30168643955496],[20.380488441314508,40.3015470740489],[20.380440097065513,40.30148565024818],[20.38025346506609,40.30103410792461],[20.380221003074496,40.30059522064194],[20.379953849241364,40.300443253954214],[20.379387852868998,40.30051556733821],[20.379051526368492,40.30092385896305],[20.37961163784566,40.30108722976973]]]},"properties":{"Zk_Numer":2239,"Zk_Emer":"KOSOVË-GOSNISHT","Nr_Pas":"44","Vol":2,"Faqe":176,"Pronaret":"SHTET","Kufizimet":"","Siperfaqe":4943262}},
{"type":"Feature","geometry":{"type":"Polygon","coordinates":[[[20.375816537853172,40.29474770838058],[20.37578569399656,40.29481799500931],[20.375774418364028,40.29487649451397],[20.37577514979819,40.294929038429665],[20.375790204080374,40.294958324143124],[20.37581001471958,40.29497644233528],[20.37583778507456,40.29499003266967],[20.37642346551257,40.29520233401948],[20.37646232512654,40.29527265090374],[20.376475961582823,40.29537939368463],[20.37639792082748,40.29553701036507],[20.376283501323805,40.295682077847005],[20.376174726518357,40.29578368021033],[20.37607459067433,40.29585872635665],[20.375988042184172,40.29590391763766],[20.375884403297125,40.295914496262924],[20.375851046114963,40.29593459252835],[20.375840350362598,40.29595912733248],[20.375808583252986,40.296107573486935],[20.375739488386785,40.29631453607579],[20.37581838708653,40.29658785133297],[20.376016628030598,40.29680521704416],[20.37611122543367,40.29702954369838],[20.376185508182985,40.29712753417839],[20.376433224115146,40.297381562903276],[20.376533745687123,40.29743916141695],[20.376549838737958,40.29749938906702],[20.376514706065727,40.297651085957526],[20.376530523666418,40.29772649202007],[20.37657380598504,40.29779795177194],[20.3766862099572,40.29784254969699],[20.376797344858062,40.29789700763913],[20.376794706851886,40.29795183627675],[20.37674117370105,40.29803710695351],[20.376658214048547,40.29811097095717],[20.376530742599734,40.29818104699895],[20.376315618287816,40.29824690022645],[20.376265856130736,40.29830936068434],[20.37630949841696,40.29838134161957],[20.37641864303319,40.29843054981219],[20.376666520572083,40.29849523838284],[20.376854342507528,40.29855783403978],[20.376962714161298,40.298681317143206],[20.377035734579124,40.29882298082438],[20.377024404397865,40.29889408855154],[20.377021575310753,40.29898851744625],[20.377071563984185,40.299107331992694],[20.37720366695133,40.29929795847168],[20.377320268691143,40.29948865994818],[20.3774005381999,40.29967035197229],[20.377410950533445,40.299778401160744],[20.377465111244582,40.299855888660474],[20.377550284614905,40.29994331953827],[20.37770812387731,40.3000991045646],[20.377788956633207,40.30028068858937],[20.377999178527617,40.300859912505516],[20.37809083503079,40.301300075488314],[20.378131059041962,40.3015434198869],[20.378223965652904,40.30172343733441],[20.378366107315852,40.30192746050863],[20.3785586923081,40.302056243760816],[20.37865208921718,40.30209897893214],[20.378676578144162,40.302158249431365],[20.378704514172846,40.30223080779064],[20.378896029332964,40.30257340368607],[20.37926533298602,40.30302419578618],[20.379517466414917,40.303185488230454],[20.379649932260616,40.30337696001159],[20.379794918020345,40.30355253559218],[20.379936094510956,40.30367096881991],[20.379989498966186,40.303763005099405],[20.380011233428906,40.30392108590078],[20.38002175551126,40.30409309122171],[20.37998340126984,40.30421088276868],[20.379931353175138,40.304363950783554],[20.379975659297923,40.30453429726835],[20.380108311916437,40.30480229453743],[20.38013037129968,40.30509322658954],[20.38014129435987,40.30547206429498],[20.38030513206737,40.30613734372445],[20.380524385629958,40.30646243980965],[20.380588937223397,40.30699097798712],[20.380619458172113,40.30725516002274],[20.38056667279808,40.307396409853794],[20.37995826422036,40.308359612632096],[20.379710802172024,40.308631505678974],[20.379652531974408,40.30882182711785],[20.37947697075071,40.30922956063532],[20.379390790051556,40.3094217245173],[20.379316783094225,40.309508751547554],[20.379287341880524,40.3096090864228],[20.379257156806432,40.3097824738594],[20.379205865647393,40.30995231354739],[20.379201741253823,40.310082663782026],[20.379241765318387,40.31029279380574],[20.37928039417218,40.31044063502686],[20.37927383035324,40.31048616594814],[20.37924437410483,40.31057021244762],[20.379162186912545,40.310691466821694],[20.379098006143227,40.31076188287966],[20.37911623817431,40.31087676790458],[20.37910120254548,40.31103380463135],[20.378815876438743,40.311332430028095],[20.378377874876836,40.31171260515509],[20.37827225899132,40.31185084252552],[20.37774094594488,40.31250095360666],[20.37758464367596,40.31238978682218],[20.37711918424605,40.312098577030234],[20.37670983248846,40.31201451637716],[20.376049739005396,40.31205187181621],[20.375069551135017,40.31199200465166],[20.373909824721053,40.312067571316554],[20.373431157126195,40.31176485627253],[20.37254264740542,40.31143263370257],[20.37170513447745,40.311373505669614],[20.3704949370407,40.311121367017044],[20.369783868730977,40.310885577092776],[20.369060983823864,40.31043746112403],[20.36864850440662,40.310315469311846],[20.36868736838738,40.30930687721292],[20.368690853486928,40.30860688871123],[20.368877147533855,40.30816825139034],[20.36947104744042,40.30760315199054],[20.370049050989397,40.30724171250395],[20.370429948827937,40.3069757119879],[20.370419006295876,40.306643221391084],[20.370437297798,40.306182216840696],[20.370442163883663,40.305656794523436],[20.37037458772861,40.30538834725022],[20.370111583458886,40.305033040958136],[20.36985426236943,40.30446731072234],[20.369788660692237,40.30396142191599],[20.369890148969674,40.30362854582655],[20.369753662888915,40.30318680959929],[20.369671426860055,40.302960491243496],[20.369828436002752,40.3027032055013],[20.36985661966148,40.302662931786344],[20.369889128934688,40.302743311852595],[20.37016254773394,40.30293478185021],[20.37032633724718,40.303108922145384],[20.37045510614998,40.30328730809584],[20.370486680833952,40.303396466824374],[20.370506676510008,40.303465594882276],[20.37054305240145,40.30350060598475],[20.37063711268242,40.30355356482988],[20.37067518044616,40.303586425835],[20.37068184958906,40.30370917278896],[20.37062878912097,40.30382385249948],[20.370610403047227,40.30385189800276],[20.370611236212504,40.303869136009254],[20.37065376353781,40.3039276945156],[20.370683039018054,40.304082756810324],[20.37065342017292,40.30421230078637],[20.37064212831031,40.30427583639711],[20.37064880636346,40.30430217558472],[20.370677490122283,40.30433344388363],[20.370767400941922,40.304372697083856],[20.370783709092432,40.30438480882038],[20.370790849620814,40.30439675197513],[20.370816075978166,40.304510186677184],[20.370909492715864,40.3050643072441],[20.37093493951203,40.30510632960782],[20.370974115591757,40.305171024139725],[20.37097222332097,40.30520892432472],[20.370961596509208,40.305247188421795],[20.370930703458455,40.305322365911735],[20.370898562753613,40.30538238879086],[20.370872436892537,40.30543117884346],[20.370875419860866,40.30546254711005],[20.370914117720844,40.30553180053926],[20.37115634186093,40.30579399585455],[20.37117825794177,40.30586120250844],[20.37116615768799,40.30591890044636],[20.37112907067532,40.30596718572072],[20.371132545632275,40.306041791742004],[20.371152698499348,40.3061437979619],[20.37121524035377,40.30623967267371],[20.371254368027255,40.306360290836935],[20.37124922935037,40.30651023234735],[20.371278371873565,40.30663237810241],[20.3713930206773,40.30676998298473],[20.37148789681667,40.30685880619679],[20.37153314293301,40.306972464014514],[20.371649776546768,40.30708437545375],[20.37168135691568,40.30712309637437],[20.371709942797253,40.30720763567176],[20.37174918450157,40.30729787834796],[20.371795222323083,40.30736635205895],[20.37199974148025,40.30750961521313],[20.372141776955406,40.307615255561814],[20.372408928200407,40.30775235725195],[20.372569895722897,40.307867330177835],[20.372730600892158,40.30795622295195],[20.372766887954437,40.307978802795205],[20.372790784037452,40.30800387059157],[20.37279056322198,40.30803568079942],[20.37278085853845,40.30807115715464],[20.372772425442836,40.308156916828366],[20.372746811618757,40.30823253423753],[20.372715229196576,40.30827891642255],[20.372707117886897,40.30830914643409],[20.372714314361623,40.308344198891184],[20.37274258515574,40.30838865868349],[20.372860229452254,40.30847645577719],[20.37287191035252,40.30851636553175],[20.372894952136587,40.30855672597318],[20.37291857277122,40.308598100285295],[20.372924103562493,40.308633320790015],[20.372900544347743,40.30876088584197],[20.372901502800882,40.308813420238266],[20.37298093189903,40.3089767994889],[20.373019918274874,40.30900836107604],[20.373180502754714,40.30907044588395],[20.373282925614554,40.309102085136715],[20.373332293007696,40.309140351841265],[20.37334556202336,40.3092212487555],[20.373393509218612,40.30958842550119],[20.373508435784142,40.3098190109876],[20.373564494322572,40.30998624475582],[20.37369477990141,40.31015113801571],[20.37390236086619,40.31049187209162],[20.373923761930048,40.310545748695304],[20.373935638076627,40.31060091331005],[20.373931981838076,40.310675557210246],[20.373887284714655,40.31086317606482],[20.37383301578955,40.31094709668728],[20.373832151969367,40.31098897221021],[20.373884176517016,40.31109348569904],[20.374025192037358,40.31124579004302],[20.374092550358412,40.311336551112824],[20.374119039688885,40.31138187934555],[20.37411017730133,40.31143944095014],[20.37408816974494,40.311582380598324],[20.374184584947002,40.311753648411454],[20.374238180749405,40.311735966891746],[20.374147962037018,40.31157570650871],[20.374168136749162,40.31144467048061],[20.37417888227977,40.31137487737727],[20.374144678119407,40.311316347705],[20.374074493110005,40.311221777946194],[20.373936073556095,40.31107227751555],[20.373890682092437,40.310981089555156],[20.37389116079127,40.310957882641716],[20.37394322612205,40.31087736950764],[20.373990144303452,40.31068042693739],[20.373994177323546,40.31059808940969],[20.373980718373485,40.310535572932025],[20.37395699557191,40.31047585153921],[20.373746341734087,40.310130073935454],[20.37361888313851,40.309968758759595],[20.373564140707458,40.30980545158426],[20.373450805482722,40.3095780593143],[20.373403557933543,40.30921624275165],[20.373387729749535,40.30911974389298],[20.3733159616796,40.30906411353003],[20.373204617900207,40.309029718544245],[20.373055320050433,40.308971997362214],[20.373031486315234,40.308952702669984],[20.372959714598693,40.30880507427686],[20.372958960045963,40.30876371794557],[20.372982955606933,40.30863378961132],[20.37297548809136,40.30858623615517],[20.372948426036267,40.30853883386128],[20.372927630231178,40.308502407573116],[20.372913383709562,40.308453732069545],[20.372790604386985,40.30836210281339],[20.372770608402035,40.30833065635758],[20.37276640990414,40.3083102064761],[20.37277075115176,40.3082940270443],[20.37280163272407,40.308248674074235],[20.37283022636671,40.30816425940595],[20.372838763603234,40.308077439930344],[20.372848888819462,40.308040426161405],[20.372849242925277,40.30798940810109],[20.372809567374517,40.30794778714693],[20.372766122245466,40.30792075316426],[20.372607034534177,40.30783275510354],[20.372445313447304,40.30771724397089],[20.372178655481413,40.30758039548103],[20.372039779572187,40.307477105129294],[20.371842326449475,40.30733879171926],[20.37180313185436,40.30728049624741],[20.371765939663977,40.30719496691914],[20.371735604919984,40.30710525578128],[20.371697492959616,40.307058526473185],[20.37158571385453,40.30695127308337],[20.37154036151468,40.30683734863843],[20.37144037182899,40.30674373818906],[20.37133372314092,40.306615735404186],[20.371307724581357,40.30650676739845],[20.371312911849028,40.30635540423535],[20.37127032432959,40.306224120807784],[20.37120902092277,40.306130144724605],[20.37119074540443,40.30603764132829],[20.37118799569006,40.305978607092804],[20.371222033049474,40.30593429224421],[20.371237769701523,40.30585925447391],[20.371210307693165,40.30577504119836],[20.37096533523945,40.305509871225425],[20.370932912325273,40.30545184748102],[20.370931634354953,40.30543840873615],[20.370952557046323,40.30539933554017],[20.370985630754056,40.30533757018123],[20.371018097093515,40.305258563973126],[20.371030344646385,40.30521446391794],[20.371032964658085,40.30516198694221],[20.370987881797898,40.30508753818804],[20.370966216814523,40.30505176108886],[20.37087380010682,40.30450357511302],[20.37084709270385,40.30438348108033],[20.3708322072354,40.30435858387115],[20.370802727291778,40.304336689718355],[20.37071773924966,40.30429958571793],[20.370703718245615,40.304284301367694],[20.370701247791644,40.304274557579376],[20.370711092070568,40.30421916677655],[20.370742126816896,40.304083429552506],[20.3707099815639,40.30391316780875],[20.370670851180986,40.303859286835646],[20.370682577226088,40.30384140029228],[20.370738812501852,40.30370036591241],[20.37077563835493,40.30378336898034],[20.370838081981105,40.30382527844534],[20.37107767620667,40.30394397808478],[20.371423841272822,40.304046535978664],[20.371630853089282,40.30419761830693],[20.371821810652975,40.30462707280619],[20.3720377721347,40.304768364730116],[20.37205622516143,40.30487289334389],[20.372239066825475,40.30509434708519],[20.3723482927619,40.30530117321417],[20.372679896122452,40.30549371752656],[20.372980225490892,40.30572025806146],[20.373046228675097,40.30597803448562],[20.373133565521186,40.306185467212444],[20.373107238496605,40.30642897922088],[20.37307762780138,40.30661531610948],[20.373090140081846,40.30672866797363],[20.373185887951465,40.3068453897819],[20.373247398399435,40.3070203633889],[20.373277625954056,40.30718178267821],[20.373505096494988,40.3076660293717],[20.373502206535466,40.30786488034803],[20.37351772468981,40.30791153417261],[20.373591533078315,40.30804157488924],[20.373806250426465,40.308375167428004],[20.37384955941766,40.308485727213494],[20.373882010567208,40.30856856870137],[20.373959781805457,40.30861743578135],[20.374180623710657,40.308719219933465],[20.374273890065037,40.3087815220211],[20.374319476694392,40.30887204585429],[20.374390033466327,40.30905217493312],[20.374553329946743,40.3093145788328],[20.374628282112134,40.30939403427599],[20.37467338648742,40.30947587613519],[20.374846361340495,40.30960919392788],[20.37530447305823,40.309912226259755],[20.37533453749537,40.31007624130757],[20.375348804958165,40.31013407288826],[20.375369390039832,40.31028214045848],[20.3753297640735,40.310425879571454],[20.375321452723778,40.31045602805844],[20.375338257371975,40.310510131459154],[20.375439504926643,40.310586937529834],[20.37545623752635,40.31060764312161],[20.375445560699745,40.310628165903175],[20.37541141969911,40.31064762589845],[20.375152041628827,40.310717399082336],[20.3751000792286,40.31075384746252],[20.37507963982403,40.310791166931516],[20.37508367562136,40.310949173016446],[20.37508043470143,40.31110888123652],[20.3750729478313,40.31122566774956],[20.375120067558576,40.31122743799294],[20.375127593088095,40.311110047164206],[20.375130859028438,40.310949100452675],[20.37512700186386,40.31079809217844],[20.375139582967197,40.310775120831934],[20.375176792150807,40.31074902090346],[20.375433833993895,40.310679876142515],[20.375484447040517,40.31065102725286],[20.375508855708933,40.31060410933702],[20.375476682652202,40.31056429714003],[20.37538103617706,40.310491740073395],[20.37536979761958,40.31045555705607],[20.375375923200114,40.3104333371436],[20.375417091295603,40.31028400373434],[20.37539551429019,40.31012880208299],[20.37538110048608,40.310070377487676],[20.37534872780445,40.30989377055095],[20.374878564974356,40.309582766799664],[20.374713298345295,40.309455390064464],[20.37466966418732,40.30937621599208],[20.374594079130897,40.309296089688765],[20.374434180066764,40.30903914541112],[20.374364144157713,40.30886034636995],[20.37431370580615,40.30876018832702],[20.374208511630744,40.308689918461475],[20.373987055947037,40.308587851450575],[20.373923063269753,40.30854764206106],[20.373894745789766,40.308475353140125],[20.373850306126354,40.30836190714641],[20.37363434867358,40.308026388279586],[20.373562503339556,40.30789980635336],[20.373549446456416,40.307860552182184],[20.373552362048617,40.307659927855745],[20.373323640896373,40.3071730195704],[20.373293690613192,40.30701308152198],[20.3732296009915,40.30683077149469],[20.37313618118917,40.306716887831186],[20.373125042830743,40.30661598329436],[20.373154175959122,40.306432650873184],[20.373181355155847,40.306181255055954],[20.37309198325287,40.30596898925163],[20.373023713715973,40.305702362209445],[20.372710831350393,40.305466352979074],[20.372387153974334,40.30527841094406],[20.37228120867107,40.30507779710292],[20.372101594548962,40.30486025267833],[20.37208210717909,40.30474986534124],[20.37186229500256,40.30460605421238],[20.371671778180076,40.304177591430935],[20.371449605366475,40.30401544429278],[20.37109922728605,40.30391163824681],[20.370866593377745,40.303796386902015],[20.370816237949736,40.303762590527484],[20.370783477277772,40.303688750210824],[20.370756305078174,40.303601743860774],[20.370732620559394,40.303568679001245],[20.370676665955187,40.30352037768187],[20.370583883076712,40.303468138077605],[20.370560735356506,40.30344585885363],[20.370543654166916,40.30338680677556],[20.37051025661665,40.30327134643044],[20.37037572541352,40.303084978061946],[20.37020695799464,40.30290554540753],[20.369931066867636,40.30273087288529],[20.369924983684328,40.30270470214111],[20.37000373485786,40.30253979962182],[20.37001623420669,40.30246117798896],[20.36998570337976,40.30230990570023],[20.369986839353885,40.302295344993205],[20.3699932707175,40.302282214666896],[20.370144466602795,40.301973530305965],[20.37028919857063,40.30152257348843],[20.37043122177138,40.30132770893694],[20.370531040443655,40.301435599712214],[20.370561205628153,40.30150115930557],[20.370590557911903,40.301564952047606],[20.370640254540394,40.301586604831364],[20.37091264644615,40.301681106425434],[20.371070583068857,40.30176404017338],[20.371346960904425,40.30189837316773],[20.37138483055669,40.30194333434081],[20.371474425228172,40.30202115364911],[20.37168799404465,40.30212395695348],[20.37176592140874,40.30217917034901],[20.3719738731198,40.302331190284335],[20.372045015065343,40.30238319727741],[20.372072356703526,40.30245372421609],[20.37206818451507,40.3025342261889],[20.372051090360937,40.30261406339213],[20.372097758080162,40.302705367242474],[20.37219964641346,40.30294368051054],[20.372313025624305,40.303176878941194],[20.3724282252935,40.3033202749619],[20.372561014048372,40.303425566090056],[20.372718490320263,40.30347559074309],[20.373079522389656,40.303590276796434],[20.373275240113102,40.30367618503483],[20.373385273772627,40.30372448291142],[20.37343692210348,40.30376992641572],[20.373538674088024,40.30400446416475],[20.373786703896986,40.30422297087162],[20.373948397251,40.30436541673797],[20.373982390838545,40.30448155851305],[20.374069097036926,40.30468989170003],[20.37418816965024,40.30480028740521],[20.37435625939886,40.30488780330665],[20.374781186055937,40.30504060964813],[20.374945494035067,40.305147305346445],[20.374997345192238,40.305228111158016],[20.374996261700723,40.305305618347646],[20.374954517910325,40.305412176853245],[20.374904798871256,40.30545652789909],[20.374872957888403,40.30550026943794],[20.37486904341433,40.305544375013085],[20.374894898911432,40.30560020277393],[20.37494323789952,40.30563913874945],[20.37499623182932,40.30565926390788],[20.375227085215524,40.30564688212866],[20.375261435743578,40.30567221853714],[20.37530464931259,40.3057535110907],[20.37554456846285,40.305937169077545],[20.37585962010267,40.30613437837003],[20.37618203847518,40.30629290934071],[20.376244186191553,40.30631697467658],[20.376348482183584,40.306332673148994],[20.376426259590126,40.30636695201896],[20.376586191148196,40.306567141480194],[20.376618393931473,40.306642932090355],[20.376597513124374,40.306698263658845],[20.37654007760402,40.306761082624526],[20.376516811120236,40.306786529840295],[20.37650301184727,40.306816724287586],[20.376509318389363,40.30686520367404],[20.37654818379464,40.30690618674836],[20.37669680626498,40.307013792273196],[20.376747856611697,40.30707796199726],[20.376776200026683,40.30714072831985],[20.376801624298597,40.3071970301113],[20.376799905738682,40.307239621643724],[20.376765556019173,40.30730072952048],[20.376701080647614,40.30738858365576],[20.376697619488283,40.30743788168443],[20.37670781082054,40.307505436925354],[20.376721179143946,40.307594051262065],[20.376768732542658,40.30766194325965],[20.376789539242093,40.307743510065166],[20.376791236967073,40.30782702646558],[20.376870652500553,40.30817644821619],[20.376871346721522,40.30823778339153],[20.37686059101029,40.308271304081444],[20.37684185470429,40.30827962891741],[20.376781673169493,40.30830636848721],[20.376742874862934,40.308329880759324],[20.376732935938545,40.30836967732333],[20.376814206961935,40.308514960523254],[20.37691579382798,40.308756220233676],[20.377072553741893,40.30903399994603],[20.377129019175353,40.309137309546585],[20.377138850381705,40.30920107989114],[20.377117303388044,40.309296248004465],[20.377097283645313,40.30938467036164],[20.37707887246566,40.30946598788086],[20.377098324646038,40.30953726056616],[20.377164065862555,40.30966684858099],[20.3772184749272,40.30980093284588],[20.377245824080383,40.30993935541488],[20.377238881440796,40.30999429909194],[20.37718319154183,40.31006834543981],[20.37695801873884,40.31019538760208],[20.37689751980734,40.31025738208553],[20.37687583861713,40.31032005256997],[20.37692076181872,40.31048331549938],[20.376902381908497,40.31052291512123],[20.37686205278667,40.31060093278799],[20.376848017626486,40.31062808410134],[20.37685380467444,40.31066739565737],[20.37687732845273,40.31072483547955],[20.376865605545998,40.31076240253698],[20.37685059014364,40.310794973111854],[20.376802640882588,40.31082426889939],[20.376697828691817,40.310841991755225],[20.37666963996131,40.31084973587237],[20.37665897423061,40.31086785063302],[20.3766224361096,40.310969564127],[20.37660618129374,40.31106675506288],[20.376581010014995,40.311085659824435],[20.376452762448675,40.31121271971921],[20.376345406042738,40.311266163235075],[20.376312497775803,40.31130073812903],[20.376300015574646,40.3113711214215],[20.37630578388323,40.31138983952424],[20.376328333103473,40.31140255378183],[20.376341694936073,40.31142147140702],[20.37634943246037,40.31146554168591],[20.376377078540116,40.31146214718156],[20.376373327796664,40.31141258641867],[20.376357010218882,40.31138948407712],[20.376336228355413,40.31137776634018],[20.376332399134146,40.31136534057412],[20.376343981330862,40.31130003195018],[20.376372959705293,40.311269585955976],[20.376480129976684,40.311216235066986],[20.37660932205286,40.31108823933183],[20.37663752614166,40.31106705677982],[20.37665431663343,40.31096666263951],[20.376692549700415,40.310870654514176],[20.37670167949235,40.31085940198487],[20.37671963903628,40.310853058883005],[20.376825036608118,40.31083565926088],[20.376880404301293,40.31079681775837],[20.376897142474327,40.31076051020517],[20.37691003053996,40.310719209227805],[20.37688568527636,40.310659763591566],[20.37688048941445,40.31062446808868],[20.376893122099734,40.31060002986618],[20.376933550707705,40.31052181965958],[20.376953461480795,40.310478921734145],[20.376908399541374,40.310315154881806],[20.376930237648434,40.31026443292312],[20.37698862610991,40.31020350738866],[20.377206636950653,40.31008194439486],[20.377270633103013,40.30999273639362],[20.377278076033583,40.30993383321555],[20.377250270860106,40.30979310291559],[20.377195361806525,40.30965778664384],[20.377129884773737,40.309528719502154],[20.3771112870015,40.30946057747937],[20.377129199669607,40.309381461583776],[20.377149219369755,40.30929303922123],[20.377171146064377,40.30919619384185],[20.377160802983347,40.30912910341217],[20.377103476210966,40.30902421798911],[20.376946972221784,40.308746892004145],[20.376845392734154,40.308505650073414],[20.376765681363562,40.30836315509369],[20.37677456914586,40.30833940927841],[20.37680930124486,40.308317241694105],[20.376868152869598,40.30829278148894],[20.376890740595034,40.30827371646558],[20.37690350266203,40.30823394281091],[20.376902780959536,40.308170182275376],[20.376823356179806,40.30782072055866],[20.37682165595127,40.30773708293876],[20.376800147487238,40.30765276521341],[20.376752883373435,40.30758528627655],[20.376739849532083,40.30749888937668],[20.37672980633018,40.30743231625225],[20.37673300697446,40.307386728484715],[20.376796132606987,40.307300713431474],[20.37683194829807,40.307236997539725],[20.37683384317245,40.30719003580374],[20.376807501063823,40.30713170153286],[20.376778621038998,40.3070677469542],[20.37672565241565,40.30700116601647],[20.37657657502997,40.30689323117319],[20.376540972722797,40.306855689014625],[20.376535411121026,40.306812936254495],[20.376547397545657,40.30678670850394],[20.376569455804624,40.30676258274098],[20.376628347382052,40.30669817119569],[20.3766512345508,40.306637522931624],[20.37661702471323,40.306557008723296],[20.376454121538004,40.30635309974556],[20.376370775112868,40.30631636645529],[20.376266064557758,40.306300605600256],[20.376206497017268,40.30627753939018],[20.375885475253817,40.30611969518566],[20.375571692666583,40.3059232803451],[20.375334497373036,40.30574170755075],[20.3752912280138,40.30566031010953],[20.375249656458337,40.305629647596376],[20.375016167143308,40.305642170799175],[20.374969311287852,40.30562437666446],[20.3749250734961,40.30558874412662],[20.374901361606007,40.30553754493963],[20.37490482964889,40.30549846922939],[20.374934256316596,40.30545804432212],[20.3749850823554,40.30541270576509],[20.37502837640734,40.30530218979465],[20.375029521860142,40.30522024744353],[20.374974664728082,40.305134757126154],[20.37480638181162,40.305025480291505],[20.3743807124413,40.30487240694169],[20.37421542445424,40.304786349811934],[20.374099618383504,40.30467898266518],[20.374014012479098,40.30447329342731],[20.373979321972893,40.30435477075357],[20.373815096829137,40.30421009454623],[20.373569070674492,40.3039933531038],[20.373467317031157,40.30375881176069],[20.373411969336882,40.303710113342206],[20.373299700927827,40.30366083457261],[20.373103138808833,40.30357455572967],[20.37274120775737,40.303459584161466],[20.372586662018453,40.3034104904616],[20.372457229806816,40.303307860852584],[20.372343682544187,40.30316652176498],[20.372230931226955,40.302934615000105],[20.372129003181733,40.30269620909881],[20.37208370465862,40.302607584119045],[20.372100272859175,40.302530203167024],[20.372104582524432,40.30244704782481],[20.37207536508317,40.302371682395304],[20.372001284525258,40.30231752720948],[20.371793246569442,40.30216544428887],[20.371714189422164,40.302109430437035],[20.37150128703117,40.30200694796854],[20.371413909455146,40.30193105439759],[20.371374842606546,40.30188467186325],[20.371095861726015,40.30174907372371],[20.370937039373736,40.30166567490327],[20.37066406185858,40.301570970188564],[20.370619932401304,40.30155174302636],[20.370592475063102,40.30149206871647],[20.370561600873916,40.30142496827035],[20.37044902216113,40.30130328561809],[20.370531249857603,40.30119046348497],[20.37046335544121,40.30093195787887],[20.370381363726885,40.30081496783374],[20.370308990084194,40.30071170096582],[20.37021363817783,40.30057564683684],[20.37020955112665,40.30055941542812],[20.37020228258748,40.30053054896513],[20.37013629490134,40.30026848260565],[20.370132277543632,40.300252527828945],[20.370249342765057,40.30000568550657],[20.370289998892464,40.29991995803704],[20.370292713954125,40.299916005338616],[20.370647074033073,40.299400108866244],[20.370725849298932,40.29917316572121],[20.3707625937727,40.299067308273855],[20.37091330215952,40.298879462246354],[20.37117499723727,40.29855327719191],[20.37141786834653,40.29828886587822],[20.371506692103967,40.29819216371227],[20.371584229084014,40.298107749146915],[20.371686181282968,40.29799675331663],[20.37179595060932,40.29793558683125],[20.37201114555323,40.29781567367217],[20.372022687332862,40.29780751066508],[20.37212246561179,40.29773694162605],[20.372237520809094,40.29765556756705],[20.37227548705296,40.29752226185553],[20.372353747723835,40.29724747412054],[20.37258021949868,40.297076612543314],[20.372680991127435,40.297070340771164],[20.372798761284642,40.29705823029518],[20.37284858355442,40.29705605231273],[20.37291242088139,40.29706495180911],[20.372998317716473,40.29707899786641],[20.37308927850103,40.29707421942143],[20.373138989081603,40.297064771369],[20.37318087177026,40.29703009969021],[20.373237228945005,40.29695770472845],[20.37330696487996,40.296875590304126],[20.373368961921493,40.29679757740855],[20.373401421338045,40.29666287701061],[20.373397569492397,40.29653947634871],[20.373455283158158,40.29643740976077],[20.373503840296237,40.296349329434506],[20.373556238361353,40.29629329086807],[20.373747689949194,40.29610817565742],[20.373637888509446,40.296372722093594],[20.37362550683076,40.29642995720568],[20.373596195363845,40.29646041251875],[20.373581218531715,40.296511678499115],[20.373600171302712,40.29655311419634],[20.373644044303102,40.296594479819184],[20.37368522887897,40.29665332771316],[20.373697413998954,40.29675138994938],[20.373721440458166,40.296787211809345],[20.3737448703368,40.296849817742796],[20.373786015691667,40.296883874696036],[20.373829594441087,40.29691804576156],[20.37396705814389,40.297082835611334],[20.373992440062118,40.297113263046114],[20.374018858748858,40.2971253851574],[20.37405721023982,40.297131053291096],[20.374068809440693,40.297136313004806],[20.37408522762113,40.29715577587399],[20.37411119134596,40.297200121977674],[20.374118517110222,40.297238210714],[20.374153096625,40.297291822950534],[20.37418327903213,40.29732221471503],[20.374230052507944,40.297352514246995],[20.374239205436893,40.29736765751255],[20.374257135903484,40.297435398175764],[20.374277198170876,40.297519334635155],[20.37428107605972,40.297561327978464],[20.374293763271666,40.297579692389775],[20.374324713894246,40.29760768156059],[20.37437629681702,40.29762955831328],[20.374457950205898,40.297667890975895],[20.374497864677224,40.297698205357094],[20.374504663256836,40.29771380670408],[20.37449636240284,40.29774218356887],[20.37452425167068,40.297763248505085],[20.374552071124942,40.297786914296715],[20.374568932541248,40.297832746254244],[20.374567916319148,40.297905668726195],[20.37455771562931,40.29795389372422],[20.37450941009259,40.29799120960928],[20.374444031449645,40.298020821801],[20.374419652715623,40.29804110994812],[20.374419640698346,40.298068157601094],[20.37444977747782,40.2982155140284],[20.374442134706825,40.29826200877161],[20.37443991841821,40.29830773013733],[20.374448020033483,40.298344350939516],[20.374465932178094,40.298369228118496],[20.374491718625197,40.298389546222005],[20.374509915496617,40.29840388420485],[20.374524091489754,40.29842669102167],[20.374530164241577,40.29845349540034],[20.374528430978046,40.298474512308765],[20.3745173633216,40.29848804752228],[20.374490036270885,40.29849709874068],[20.374463729054504,40.298510007123376],[20.37445417957881,40.298522861047694],[20.374446272514096,40.29855209511607],[20.374453844814646,40.29857462978446],[20.37449620556262,40.29860814400542],[20.374517711910965,40.29862515899571],[20.374529687158745,40.29863728729744],[20.37453133700372,40.2986535161236],[20.37452719838706,40.29869506979986],[20.37452095272069,40.2987577791621],[20.374530988836742,40.298783029825756],[20.374553959816325,40.29880737161415],[20.374568795063137,40.298831261330044],[20.374567480134182,40.29884988137242],[20.37456372806956,40.29886089190147],[20.37455958753611,40.29887304239793],[20.374560106682388,40.29889034218825],[20.374568419002657,40.298910825808285],[20.37457457810189,40.298926003348825],[20.374579038528214,40.29894939939562],[20.374576935209923,40.29896822776623],[20.37457461477152,40.29897705933709],[20.374577231486963,40.298985521761544],[20.374595110382984,40.29899932857856],[20.374609578478744,40.299006088622555],[20.374619062207692,40.2990105197793],[20.37462287777037,40.299016028953986],[20.37462452434401,40.299027822099326],[20.374619272447703,40.29904326774867],[20.374588679465436,40.29910384541964],[20.37458320257112,40.29910829688731],[20.374577640008553,40.299116746070176],[20.374581697319773,40.29912593055824],[20.374593972670176,40.299135855106314],[20.374626863704126,40.299142340171215],[20.374673167158434,40.299146942398046],[20.37470399187052,40.299162745497725],[20.37474375802881,40.299199390699876],[20.374799555983955,40.2992280576701],[20.3748549639799,40.29924187331945],[20.37489291568676,40.29924533539126],[20.374915813014187,40.29926392123592],[20.374926620104496,40.29929058000984],[20.374928047525632,40.299378708080376],[20.37492521101959,40.29945064119911],[20.374897517586408,40.2994967917723],[20.374835027637076,40.299600929815014],[20.37478031206926,40.299656742764896],[20.37472109045334,40.29970051221681],[20.374683333584336,40.29974275129037],[20.374667208917064,40.299777847075745],[20.374661101190608,40.299815730073234],[20.37464598471176,40.299842766503396],[20.37462019013941,40.29987960882838],[20.374606128154443,40.299910913427134],[20.37460419717049,40.29994453106139],[20.37462293005902,40.299982536143496],[20.37464332722951,40.30005333192476],[20.37464411271911,40.3000747672023],[20.37463153837142,40.30009292792833],[20.37459639033255,40.30013030260073],[20.37456970522175,40.300181294027176],[20.37455487410114,40.3002280392998],[20.374539909775827,40.300250666666614],[20.374510829457016,40.30026743842686],[20.37447699901584,40.300274218937744],[20.374453391827846,40.300277418452005],[20.37443958255064,40.30028904347116],[20.374435046249484,40.3003049814802],[20.374443752947677,40.30034589707899],[20.374500244292452,40.30039666592987],[20.374572522561728,40.300442708533765],[20.374598286030743,40.30045912031722],[20.374621609022473,40.300496473979315],[20.37465395636694,40.30054828079715],[20.374733821101927,40.30066825455818],[20.37497243673995,40.3009565406732],[20.375018222986842,40.301057022790665],[20.375041881768517,40.301135725731136],[20.37507589207627,40.30121357004978],[20.37514732993845,40.301282658661236],[20.3752426280503,40.301329922276956],[20.375338755177335,40.30136630955858],[20.37545098363734,40.301465262475595],[20.375700352677143,40.30189485263917],[20.37579891814364,40.30210820954179],[20.375882903295842,40.30225964630509],[20.37591386357559,40.302419529535065],[20.375954489060355,40.30262932405411],[20.375935709994053,40.302738749811006],[20.375975184505755,40.30288436013971],[20.375991818184485,40.303043976448535],[20.376055442932685,40.303154657243795],[20.37627352022754,40.303372297665845],[20.376495908107554,40.303585425873806],[20.376527381529236,40.30355278675841],[20.37630576344699,40.303340396348936],[20.376097634467857,40.30313268440945],[20.376048639872188,40.303047454156996],[20.376033068294127,40.30289803097686],[20.375996311972397,40.30276244777816],[20.376014610206504,40.302655823309536],[20.375971412544754,40.302432746872775],[20.375938099963147,40.30226071679959],[20.37584935587135,40.30210069927207],[20.37575044097684,40.301886586350946],[20.375491460876866,40.30144043963507],[20.37535041167192,40.301316075192354],[20.37523820082599,40.30127359966385],[20.375166328453336,40.301237954149826],[20.37512134681855,40.301194451758136],[20.37509622995948,40.30113696326378],[20.375072389652917,40.30105765668877],[20.37501958453639,40.30094177121889],[20.374776382004228,40.3006479436483],[20.37469990550459,40.30053305984594],[20.374668245759004,40.30048235432868],[20.374633083378225,40.30042603897158],[20.374586218436882,40.300396185177334],[20.374534261951553,40.30036308792648],[20.37448869446699,40.30033892780109],[20.37448106091992,40.30031728243153],[20.37453527500352,40.30029632117798],[20.374584858108957,40.30027404820193],[20.37460141171866,40.300234822281396],[20.374608736937926,40.30020074524229],[20.374636230038664,40.300155546997345],[20.374671273622763,40.30011695796516],[20.37468567729742,40.30006852769648],[20.37466636585977,40.3000035007709],[20.374656716929323,40.29997120109196],[20.37464093443681,40.29994951244259],[20.374640035246966,40.299918577974964],[20.3746656868958,40.29988058958033],[20.374691324196156,40.29984054194682],[20.37470238981733,40.29979953497877],[20.374737449856447,40.29975597164869],[20.374769814727234,40.299713527316875],[20.374846821414433,40.29965195420934],[20.374911540701362,40.299559046104164],[20.374950197074646,40.299488920739215],[20.374968585130823,40.29944789179205],[20.37496969598591,40.29930433376417],[20.374951773649137,40.29924190561598],[20.37491700966274,40.29922245477629],[20.37485546435662,40.29921575833036],[20.374793094404204,40.29919527555995],[20.374763178385574,40.2991675838047],[20.374731055037213,40.29914361292724],[20.374689983022957,40.299123061116745],[20.37463167462936,40.29911421185461],[20.374625037669347,40.2991054110237],[20.374662594265548,40.299020618135245],[20.374632579550244,40.29898767793883],[20.37461839210291,40.29896745059736],[20.374612283431766,40.29891187763708],[20.374599978777532,40.298894508130324],[20.374600162279204,40.29887752254783],[20.374604943458174,40.29884027831872],[20.37458780819257,40.29880503843254],[20.374570741298054,40.29877940402585],[20.374561670095773,40.298744744719535],[20.374561956223165,40.298696124645204],[20.374569412660378,40.29864244179727],[20.374558021829934,40.29861615990505],[20.37451385219463,40.2985837454013],[20.374496263010297,40.29856405760399],[20.374490592078065,40.298541995625705],[20.374512384854324,40.298518995598194],[20.374546035788885,40.298511098258615],[20.37456572416733,40.29848051515313],[20.37457196645088,40.298452561671255],[20.374537747251594,40.29839234668278],[20.374503736806933,40.29836337028877],[20.374490326584393,40.29834664121106],[20.37447967065059,40.29832629388753],[20.374476425812592,40.29829203312602],[20.37448208273035,40.29821313160627],[20.37446320799794,40.29811370908848],[20.37445268818393,40.29806767187251],[20.37445269069951,40.298050316997575],[20.374470847381325,40.29803109349116],[20.3745199683819,40.298007316046366],[20.374566765661736,40.297975996857],[20.37458095572519,40.29795953050698],[20.374592984945096,40.29783697166367],[20.374576298848407,40.29776947621781],[20.374547673025813,40.2977501176261],[20.374526330571104,40.297734563362894],[20.374534244699863,40.297701940034706],[20.3745218002425,40.29768266558599],[20.374470218436176,40.297650342285834],[20.37436633309843,40.297598913420735],[20.37432870994435,40.29757836963418],[20.374307978494027,40.29755999956067],[20.374304801223374,40.29752793112827],[20.374281704443234,40.297429906006684],[20.374274598546204,40.2973656363388],[20.374238842664866,40.297329116476845],[20.374205958329988,40.297307777846136],[20.37418938179484,40.297294628578456],[20.374173526827736,40.29727631043197],[20.374148515815317,40.29723776032762],[20.37413852955183,40.29719531331528],[20.37409921353875,40.29712557555448],[20.37407627025729,40.29711295521872],[20.374036735252822,40.2971000036651],[20.374013290735764,40.29709043880216],[20.373986749029875,40.2970634042646],[20.37385284846299,40.2969021425772],[20.373777554988088,40.29684107520245],[20.373755189296944,40.29678045457273],[20.37373613234861,40.296749206038726],[20.373717014380375,40.296648210882225],[20.373673789129953,40.29658123231696],[20.373623098128785,40.29654036525053],[20.37360637092115,40.29650580605721],[20.373614246032673,40.29647670301362],[20.373638502490817,40.29645329926353],[20.37365512051266,40.29643235324126],[20.373660625827203,40.296412342658485],[20.3738232767592,40.29603509014079],[20.37385080627184,40.29600847157416],[20.374049025580234,40.295818475710924],[20.37413306849454,40.295751153307926],[20.374495415632385,40.29553057535702],[20.374584341886578,40.29545126335276],[20.37485899852971,40.29517942895736],[20.37492933254338,40.29513189096459],[20.375017954790128,40.295092952666856],[20.37537004886002,40.294935277616034],[20.375816537853172,40.29474770838058]],[[20.37768228867508,40.30484533453466],[20.37774105851153,40.30471300697113],[20.377902348738296,40.30454149240775],[20.3778965003532,40.30431182069517],[20.37738514727324,40.304419528786646],[20.377398509857542,40.30474342082395],[20.377344285588258,40.30505760164315],[20.377433005681958,40.305399717116906],[20.37758269823886,40.30547719261587],[20.377534586461667,40.305156934819145],[20.37775758391716,40.304872375205406],[20.37768228867508,40.30484533453466]],[[20.3735115820654,40.29980029104145],[20.37347922994207,40.299813047152725],[20.372684018169114,40.30055007385089],[20.372866068523102,40.300886503692254],[20.37337650912654,40.300625757322294],[20.374145531865604,40.30032361094563],[20.37403089229886,40.29999266839991],[20.37396147831853,40.29962290011689],[20.374022241787404,40.299292466148735],[20.37348819102643,40.29922090882463],[20.37334943458816,40.29951332247962],[20.372280768027643,40.30002946888135],[20.372525177812314,40.300343341424316],[20.37341276476298,40.29967302742417],[20.3735115820654,40.29980029104145]],[[20.371111415616966,40.300964923965466],[20.37155375857128,40.301450263869484],[20.372574370067458,40.30110831467247],[20.372292202764392,40.30068274596479],[20.372008264921305,40.30016441923587],[20.37151986613649,40.30030286108259],[20.37105970436339,40.300277265328425],[20.37092679601051,40.30048079199719],[20.370843856520555,40.300657009129786],[20.371111415616966,40.300964923965466]],[[20.37631509765136,40.30243180196325],[20.37659420814701,40.30248884556716],[20.377188612512025,40.30236235667143],[20.37715878286935,40.30168828558425],[20.377021851181826,40.30148250670891],[20.376349765446953,40.301820190194846],[20.3760949591628,40.30204393170833],[20.37631509765136,40.30243180196325]],[[20.378075610600238,40.30388950106807],[20.378152115340416,40.30363617891421],[20.378239607004602,40.30324178899167],[20.37761494042276,40.303147432880586],[20.3772397024229,40.30311727201782],[20.377314318178463,40.303531380919324],[20.37727826204658,40.30417365431507],[20.378075610600238,40.30388950106807]],[[20.37566602752086,40.30583020035064],[20.376058599925912,40.30596285511121],[20.376435588829658,40.3061990517046],[20.37681203343872,40.30651909031453],[20.37686174610698,40.30698901699883],[20.377169716955805,40.3069707533128],[20.377343178491227,40.30650494408045],[20.3774134225675,40.30608339897847],[20.37727532509783,40.306051315216486],[20.377300515674975,40.305786041009576],[20.377435238685056,40.30553600696553],[20.377250191163554,40.30543711657762],[20.377219288253038,40.304797822297886],[20.37696406642393,40.30456082745096],[20.37685204215766,40.304083655257344],[20.37664720508723,40.30387741328738],[20.3765281105584,40.30375750118411],[20.376368359781893,40.30362522139149],[20.37612926875542,40.30337480989486],[20.37604756635935,40.30327162774522],[20.375943825359972,40.303184170730354],[20.375808113225034,40.30275995653706],[20.375803296044662,40.30272998807471],[20.375728152785495,40.30226250608279],[20.375654654916005,40.30217407084069],[20.375426477671734,40.30189951810621],[20.375292347331,40.30161488163569],[20.374804052981524,40.301668548723555],[20.374824508386375,40.3015762847809],[20.374862321903414,40.301244219908746],[20.373703877325127,40.30120529333339],[20.373607899730786,40.30131872212972],[20.373595067403308,40.301670659487115],[20.373573879186228,40.30174284660004],[20.373498872894256,40.302067175180774],[20.37362559811799,40.30226220460448],[20.37389897953764,40.302657472932054],[20.374190555078254,40.302980271879704],[20.37433913568951,40.303212945339396],[20.374485995764342,40.30372082933039],[20.374284772813553,40.30369519759683],[20.374204972568855,40.30365236134102],[20.373592241610577,40.30287171615158],[20.373067469124063,40.30202509329672],[20.372925717896987,40.302033602893594],[20.37253713928166,40.30250394984825],[20.372585194849133,40.30282312779028],[20.372736936941116,40.302724210887455],[20.372896356757696,40.30253089860485],[20.373082383929983,40.303013464864975],[20.373682561192048,40.30382903828669],[20.373871792866492,40.304086178092135],[20.37421969136862,40.30462108347051],[20.374336664940902,40.30474676965914],[20.374419359023776,40.304824751198666],[20.374889931582544,40.30498422181407],[20.37512992744332,40.30509071518011],[20.375269130311757,40.30525042497583],[20.375650219658226,40.30516038703083],[20.37576726958798,40.304597321376946],[20.375804782022023,40.30453057610862],[20.375956963032298,40.30459353485244],[20.37596705440936,40.304947734837825],[20.375897490538367,40.30512758334778],[20.375889707120006,40.305179328158324],[20.37553322831856,40.3056437592409],[20.37566602752086,40.30583020035064]]]},"properties":{"Zk_Numer":2239,"Zk_Emer":"KOSOVË-GOSNISHT","Nr_Pas":"45","Vol":2,"Faqe":177,"Pronaret":"SHTET","Kufizimet":"","Siperfaqe":1100417}},
{"type":"Feature","geometry":{"type":"Polygon","coordinates":[[[20.391307059478073,40.28553626677044],[20.39208799103142,40.28555166654176],[20.39277609799526,40.28569292362554],[20.393238714563775,40.28591327363736],[20.393941221182697,40.28612342423853],[20.39449405310553,40.28630983843764],[20.394806410582852,40.28657527929732],[20.395087658023645,40.28696671667156],[20.395384017590636,40.28734676692378],[20.396018952846937,40.287773460191445],[20.396273836225067,40.2879363424823],[20.39389772111105,40.28719232393362],[20.393613375382028,40.287009133501094],[20.393279556610437,40.2866686160941],[20.392392895402576,40.28607250838892],[20.391307059478073,40.28553626677044]]]},"properties":{"Zk_Numer":2239,"Zk_Emer":"KOSOVË-GOSNISHT","Nr_Pas":"46","Vol":2,"Faqe":178,"Pronaret":"SHTET","Kufizimet":"","Siperfaqe":26812}},
{"type":"Feature","geometry":{"type":"Polygon","coordinates":[[[20.37500961836419,40.285685050103204],[20.3749117084994,40.28559981747206],[20.37483979661127,40.28554151851456],[20.374740688004618,40.28549532051879],[20.37471210735764,40.28545295526282],[20.374383125497214,40.285166018314065],[20.374387455101143,40.28507102911014],[20.374425382624725,40.28496917761751],[20.374446623127184,40.28489493633369],[20.374773798290175,40.2849493876197],[20.37493374428613,40.28502815361828],[20.375098748069032,40.28512676376494],[20.375326027294552,40.28520893409078],[20.37553536998986,40.28524478599231],[20.375719466081197,40.28523722997994],[20.37590106245578,40.28518880185059],[20.375974013212346,40.28515716660376],[20.37609700423704,40.285103831120054],[20.376217121158255,40.28506812238823],[20.3765656982857,40.285078862560376],[20.37657358608203,40.28511276532613],[20.376342457704325,40.28511756912516],[20.376264697676447,40.28512074286539],[20.37611451137999,40.28514672717401],[20.37601016988359,40.28523502243287],[20.376046326638402,40.28531287824926],[20.374985180479516,40.28522388099175],[20.374950871162923,40.285453068858025],[20.37500961836419,40.285685050103204]]]},"properties":{"Zk_Numer":2239,"Zk_Emer":"KOSOVË-GOSNISHT","Nr_Pas":"177/3","Vol":2,"Faqe":179,"Pronaret":"SHTET","Kufizimet":"","Siperfaqe":3590}},
{"type":"Feature","geometry":{"type":"Polygon","coordinates":[[[20.392135611007596,40.29939264961038],[20.392058063284935,40.29939247893635],[20.39200742576892,40.299393251398776],[20.39197243494307,40.29938435820976],[20.391947158667044,40.29937206372241],[20.391903002743607,40.299337320266424],[20.391850007354858,40.29929562153393],[20.391821090930016,40.29928514611361],[20.391786669369324,40.29928008454917],[20.39172752480509,40.29927552318966],[20.39169098380882,40.299272705051834],[20.391631678186904,40.29925554864026],[20.391579012532763,40.29922777231732],[20.39152015827442,40.29917741443327],[20.391449810028988,40.29909364775999],[20.391422188298645,40.29905611050325],[20.391406219735025,40.29902111918442],[20.39138234917084,40.29898299528915],[20.391375714980082,40.29896408499081],[20.391348003093594,40.29883174672497],[20.391341929815674,40.29876481327476],[20.391326128597697,40.29874267027806],[20.391307296912647,40.29872825370088],[20.391280535247198,40.298715369238565],[20.391233432585352,40.29868765382749],[20.3911123474048,40.298616406587406],[20.39106986692072,40.29858305538652],[20.391037409749,40.298551089502936],[20.390999978860336,40.298499029491914],[20.390973286002925,40.29848001616937],[20.390943704992228,40.29847115874852],[20.39082659942556,40.298448240832],[20.390738123134398,40.29843345710892],[20.390632505124444,40.29841580903628],[20.39058937192836,40.29840342135251],[20.390459817325624,40.298343903523616],[20.390413860803022,40.298328454035676],[20.390263920542232,40.298298561868826],[20.390147195153126,40.29828260239431],[20.390097541262424,40.29826874658519],[20.39003377044051,40.29824789040454],[20.389997829725342,40.298238857896635],[20.38996939997391,40.29823871558706],[20.389913844158276,40.29823890283064],[20.389878401470114,40.29823902227162],[20.38986080557594,40.298236390839236],[20.389832077568926,40.298229032749866],[20.389803252475208,40.29821743841318],[20.389740683761687,40.29819227131923],[20.38963389530156,40.29816262793724],[20.38944250422168,40.298129829002654],[20.389373256053297,40.298125059238956],[20.389307529479854,40.29813013700517],[20.38926117048282,40.29813678575461],[20.389169338163928,40.29816322932066],[20.38909298761689,40.298176031451504],[20.389025019976724,40.298172527245754],[20.388862426693233,40.29813467867604],[20.388796388087382,40.298113424358036],[20.388765275872164,40.2980959311808],[20.388748745475166,40.29806932337457],[20.388738019086293,40.298021632099484],[20.38874338643895,40.29795904854586],[20.38875673926613,40.29786415184917],[20.388767615066765,40.297822006616315],[20.388802154132716,40.297776664893405],[20.38887567577573,40.29768593569094],[20.388916194132385,40.29760184719606],[20.388922496579504,40.2975716006804],[20.388916474996048,40.297426785461305],[20.388913371271844,40.29721176917289],[20.388906317441958,40.29718337500053],[20.388895285645447,40.29716953076168],[20.388853841687883,40.29715005994034],[20.3886455254885,40.29703600669383],[20.388517287012288,40.29697318456472],[20.38838940246922,40.29691053556332],[20.388209554425128,40.296779505706006],[20.388147265746365,40.29675237011293],[20.388124980340255,40.29674806456557],[20.388082758590485,40.29675045865198],[20.38800172504881,40.296757284298174],[20.38793216108888,40.29675445351367],[20.387907854521444,40.296747410573666],[20.387867665269198,40.29671777797278],[20.387841648056163,40.29669496875451],[20.387812929044564,40.29668032705371],[20.38776456123265,40.296677990225305],[20.387705944666074,40.296675158214214],[20.38751547496403,40.29667963252241],[20.38736302118259,40.29669784228491],[20.38728765994303,40.29670673780628],[20.387239355506765,40.29670460133159],[20.387205434914254,40.29669835968162],[20.387172470340822,40.296685250654384],[20.387103089170612,40.29663616452315],[20.387053077111094,40.29658281124802],[20.38702311940622,40.29654121505736],[20.387013674554836,40.29650662609153],[20.387027556922565,40.29644462461702],[20.387068778796575,40.296353462878145],[20.38710320812341,40.29629591312646],[20.387152556169642,40.296259811981926],[20.38720843170267,40.29621893550575],[20.387257448947512,40.29615998678178],[20.38728138102788,40.296122200413194],[20.387287176667712,40.29607054559218],[20.387294780150285,40.29601484014155],[20.387303700979615,40.295949483289085],[20.38739148565341,40.29578218726027],[20.38741609073319,40.29569000434903],[20.387413174520923,40.2956735127819],[20.3874044583605,40.29566475152012],[20.387382873353456,40.29566096786961],[20.387359313848723,40.29566459381399],[20.38734201187431,40.29566989560324],[20.387326665649603,40.295682131504925],[20.387238427612015,40.29576759057819],[20.38720408695377,40.295790829985435],[20.387172539576063,40.29580683168204],[20.387147299727097,40.29580813906829],[20.387126234763347,40.2958055380695],[20.38709399317956,40.29579888617198],[20.387041597740335,40.29578305180053],[20.387011788350645,40.29578194302267],[20.386985947245243,40.29578459702697],[20.386948308638473,40.295796104502685],[20.386828718857302,40.29583316045172],[20.386771765067923,40.29583937408457],[20.38659549459424,40.295839206457124],[20.38651131287094,40.29585023378277],[20.386456910865604,40.29586047458648],[20.386371476952885,40.29588227659984],[20.386197632848006,40.29592577827844],[20.38609973862247,40.295951665230405],[20.38605203576727,40.29595631344636],[20.386003426992833,40.29594724594862],[20.38593805049667,40.29592640055185],[20.38587180119531,40.29589543592916],[20.385715167473453,40.295814887608174],[20.385660659387685,40.295771963311864],[20.38558169110424,40.29569927570831],[20.385497514759187,40.295644387392734],[20.38542311226035,40.29561260344186],[20.38536366588907,40.29559441185315],[20.38527875790134,40.29558343571679],[20.385186408457862,40.29555747240924],[20.38511151784429,40.29552343790727],[20.38504405431445,40.2954752490722],[20.38499864039305,40.29542360910535],[20.38494393518523,40.295301912663106],[20.38488985450757,40.2951407975746],[20.38483730534796,40.29507506517926],[20.384790332512722,40.295041744868904],[20.384709483459012,40.29501868334142],[20.3846093273486,40.294996107854345],[20.38455177173269,40.294964870619104],[20.384450185599523,40.29486221390827],[20.38441121593644,40.29483930262042],[20.384390028672662,40.29483369761224],[20.38433779055294,40.29483295227312],[20.384286760627322,40.2948360335211],[20.384240593715177,40.29484476109516],[20.384203453135626,40.29485178228095],[20.383976246151704,40.294862766892535],[20.38387604851817,40.294874790792015],[20.38379452669337,40.29489661833714],[20.383616634095024,40.294969368207454],[20.38355601235818,40.294982318998436],[20.383509288277278,40.29497996933794],[20.383482107609773,40.29496908002918],[20.3834498467452,40.29494641943952],[20.3834311480663,40.29490162952853],[20.38342709093389,40.294842036589735],[20.383444400127956,40.29465436384716],[20.383438647191614,40.29462061723417],[20.383428113342617,40.294592207303815],[20.383395518680445,40.29450265821655],[20.383304474883182,40.294198368283304],[20.383273624566964,40.294068554922745],[20.383275529075153,40.2940070438453],[20.38329015085371,40.29395448122151],[20.383434527485722,40.29366848782851],[20.383513656635824,40.29345822365137],[20.383515287021172,40.29341257977521],[20.383500561383933,40.29337705881738],[20.383483002479235,40.29335444138557],[20.383443129950443,40.293319824021545],[20.383298121582346,40.29321686323089],[20.383263355988568,40.293203200982404],[20.38322793976793,40.29319418001624],[20.38319251079996,40.293174436577736],[20.383030116949353,40.29304598625618],[20.382975625740976,40.29298083960913],[20.382851911219152,40.29280259436201],[20.382808621740956,40.29276385504889],[20.38278558190416,40.292752643492705],[20.382731298772544,40.29274102196553],[20.382512831058506,40.2926939944613],[20.382326824634166,40.292652270086336],[20.38223728453371,40.29262272207578],[20.382193016091335,40.29259793926139],[20.382019910905473,40.29249438314614],[20.381973564584918,40.29247747820017],[20.3819383781828,40.29247387313761],[20.38189064737368,40.29247384306659],[20.381830140283466,40.29247843847241],[20.38177838241468,40.29249027278431],[20.381614315686438,40.29251589511832],[20.381547057509266,40.29251442927615],[20.3815051510549,40.29250445353556],[20.381460938747267,40.292475944222886],[20.38142087558743,40.29243287790301],[20.3812425543313,40.292140522030415],[20.38108748641423,40.29194962691216],[20.381036415431797,40.291887935277295],[20.381019386327907,40.29185280837349],[20.38100657904198,40.2917941047983],[20.380988646310204,40.291752191259015],[20.380964835423377,40.29171221372924],[20.38076770656869,40.2913293728015],[20.38073010450493,40.29128773225888],[20.380701090024694,40.29127231935149],[20.380673398479416,40.29126330826296],[20.38063268136196,40.29126177572864],[20.380497408702514,40.291283031606845],[20.38024585757106,40.291315656150545],[20.38012666340449,40.291341546965796],[20.380042829622763,40.29135975687359],[20.379999906810983,40.291360873982555],[20.379954809974,40.29135321545735],[20.379913075392206,40.29133871489418],[20.379852113358574,40.2913063876726],[20.379793530681294,40.29126737076555],[20.379560869903987,40.29116613860105],[20.379387151747277,40.29106586123254],[20.37931977587491,40.29101834641244],[20.379226686475853,40.2909416241011],[20.37914483379468,40.290816998278984],[20.379068888227245,40.29056008161366],[20.379058426460926,40.290414977682836],[20.379073623027576,40.29033941576668],[20.379097216111205,40.290230203389854],[20.379087956452985,40.29017471991884],[20.37903633258091,40.29011812864044],[20.378963841444147,40.29007368229052],[20.37888341922011,40.290041317143334],[20.378605996730187,40.289994963841835],[20.378340672463825,40.28992054649973],[20.378165555773066,40.28986314407951],[20.37788753857787,40.28978244251286],[20.377784440859372,40.28975586455637],[20.37774562835083,40.28975110250558],[20.377697482129648,40.28975002166025],[20.37764330330052,40.289754918208864],[20.377448970696978,40.28979674412726],[20.37732925854799,40.28981106790267],[20.377251822520407,40.289806993157185],[20.37717867743392,40.289793512239335],[20.37705053659497,40.28976851184022],[20.376946638713253,40.28976490105756],[20.376853263583815,40.28976893996106],[20.376762315078263,40.28977614168586],[20.376624255537553,40.28978161756998],[20.376550124072438,40.28976915894886],[20.376499212658718,40.28974231765569],[20.37646000162757,40.289714820468966],[20.37642799643409,40.28967527180972],[20.37640293633733,40.289596723602514],[20.376394662700747,40.289493395500216],[20.376349966522437,40.289271849476904],[20.37627928305923,40.28902541026283],[20.376128973995026,40.28860431529637],[20.376103551679737,40.28857077036093],[20.37607908750083,40.28855777137907],[20.375934032025448,40.28848212094678],[20.375722677601537,40.28835517169669],[20.375637244822887,40.28828769067882],[20.3756011141257,40.28823215804863],[20.375591923528294,40.28818766477711],[20.375606636087856,40.28813679875756],[20.375661086286428,40.288063201461476],[20.375737602426405,40.287970922691095],[20.375774351466433,40.287885285199806],[20.37577052485452,40.287752931617355],[20.375758698169122,40.28769777219974],[20.37574687150329,40.2876426127803],[20.37573944285861,40.287551348387545],[20.375740796185887,40.28750164444677],[20.375747332850136,40.28740500402535],[20.37574472537451,40.287386647298725],[20.375739339447986,40.28737497191997],[20.375726675308492,40.28735929553964],[20.375710042045316,40.28732919804936],[20.375662457006374,40.28722970699563],[20.37562214789451,40.286894659116996],[20.375597812970206,40.2867618045963],[20.37560625560869,40.28673058145866],[20.375638703967375,40.286680988375025],[20.375661021235082,40.286655650905374],[20.375673108932876,40.28663559961251],[20.375680427264594,40.286614719989515],[20.375680922128655,40.286593795254774],[20.375672569226456,40.28656373554655],[20.37563836905981,40.28647951437048],[20.37553438590339,40.28627631387504],[20.3754925653952,40.286235158128164],[20.375445308522956,40.28622167040656],[20.375346898178414,40.2862179174707],[20.375222152087126,40.286211768095164],[20.375141247198297,40.28619804083332],[20.375058100824734,40.28617220657269],[20.37500145491988,40.28614331585748],[20.37495934260899,40.28610844469335],[20.374896522600974,40.28603643086352],[20.374768619878445,40.28583430136044],[20.37468690624323,40.2857094924011],[20.374670878743,40.28564866083708],[20.37467406668243,40.28556567345739],[20.37465133532592,40.28549829004452],[20.37460680926688,40.28545118659438],[20.374383633863506,40.28526203572899],[20.37428686627725,40.28516339108821],[20.374284832136023,40.285083529612365],[20.374337412457905,40.284968442498275],[20.37435979708761,40.28492556865712],[20.374352944365153,40.284889413529896],[20.374321296399923,40.28485548356083],[20.37405187121402,40.284697633637364],[20.373984722599836,40.28465469464094],[20.373817534580105,40.28459161132966],[20.373703142098535,40.284541123583296],[20.37355390165067,40.28444259346679],[20.373329667811895,40.284316280875],[20.373239512575488,40.284286581247855],[20.37312080992172,40.28428900767811],[20.37285251842238,40.28431959057047],[20.372552289598367,40.28436033032959],[20.372191862056578,40.284358253077464],[20.37214137159728,40.284351668675995],[20.372080235583745,40.28432837580909],[20.3720332108017,40.28429078564002],[20.371979462301596,40.28420457575516],[20.37195159734171,40.28403324768114],[20.371958868837943,40.28391204149928],[20.372000388661643,40.2838138103722],[20.372034355951385,40.28375497184934],[20.372027820329595,40.28370621545426],[20.372002715437876,40.28367573779116],[20.37195257373273,40.283660571319714],[20.371891415344415,40.2836625911923],[20.371763469275287,40.28370561866069],[20.371687720393624,40.283720818562614],[20.37162586887544,40.2837138779819],[20.371580877319765,40.28369460015981],[20.371488715815115,40.283641242434754],[20.3714028624585,40.283627171384786],[20.37132485916771,40.283640139922],[20.371234345896447,40.283687437231286],[20.371117429214905,40.2837485313234],[20.3710104522359,40.283782946992424],[20.370702339544756,40.28382781459467],[20.37041004524914,40.28388224845688],[20.370061604579668,40.28397965050363],[20.369903354424853,40.28402966188395],[20.369613006216337,40.284196906895254],[20.36926291367499,40.284428282036615],[20.36906505394787,40.28448234864486],[20.3690440764516,40.28450213226018],[20.36885077168327,40.2846353374918],[20.36875932652635,40.284666212186785],[20.368653529693066,40.284657246216824],[20.368575590768845,40.28463379001121],[20.368511250862472,40.284616880486155],[20.368443343499163,40.284624915389486],[20.368470226769663,40.2845657092796],[20.368509392878114,40.284510318599494],[20.368552521185006,40.28448318327068],[20.368578040873974,40.284538584978534],[20.368646443869444,40.284582534664786],[20.368712392766156,40.28459887468968],[20.368784434062444,40.284594623324615],[20.368864580296066,40.28454241202413],[20.368982504486667,40.28446559000932],[20.369054622752472,40.28442867887712],[20.369143276798173,40.284399619682475],[20.36920482714435,40.28437944453634],[20.369295658485164,40.28432731711906],[20.369568406536203,40.28413520533793],[20.36982574445408,40.28398236453836],[20.36993355222311,40.283938154426416],[20.37027416809336,40.28384706803149],[20.370699368355158,40.28375882186502],[20.37092088781744,40.283727597539745],[20.371011241733548,40.283700335672926],[20.371095996171842,40.28366244917156],[20.371212717230826,40.283599828918405],[20.37129961728336,40.2835645131745],[20.371397204032945,40.28355381734824],[20.37149382487799,40.2835663181588],[20.371596762099013,40.28361186603619],[20.37164725369926,40.28364013590829],[20.371666790014842,40.28364659113314],[20.371699870565713,40.28364962710949],[20.37173889346779,40.28364343614013],[20.371826419656465,40.28360803433715],[20.37187142464011,40.28359478228059],[20.37191738340821,40.28359463456404],[20.37200659073443,40.28360808788436],[20.372042345172414,40.2836304453463],[20.37208261018835,40.28366535928485],[20.372108618598787,40.283712314637],[20.372104766474283,40.283765931909954],[20.372044231426475,40.28393253699261],[20.372037055376012,40.284032868922566],[20.3721056764868,40.28424482582252],[20.372130291444986,40.28427467387821],[20.37217397354595,40.28429420425968],[20.372260529752886,40.28430215663343],[20.372495531326695,40.28430177473212],[20.372598409930333,40.28430161054246],[20.372830124376634,40.284267246123584],[20.37305934789022,40.28424170871084],[20.373234321994975,40.28423563331454],[20.373369901406768,40.28426881391434],[20.373519076881927,40.28435514353239],[20.373674709775482,40.284432433306144],[20.373803887122204,40.284525260149564],[20.374008623973836,40.284603681351726],[20.374199790676105,40.28469850857547],[20.374400991786565,40.28482427467084],[20.374446623127184,40.28489493633369],[20.374425382624725,40.28496917761751],[20.374387455101143,40.28507102911014],[20.374383125497214,40.285166018314065],[20.37471210735764,40.28545295526282],[20.374740688004618,40.28549532051879],[20.374754263611678,40.28555672465146],[20.374777796268248,40.28571386555295],[20.37486156202016,40.28588150047734],[20.375012369153765,40.286066320486185],[20.375136957635434,40.28613803977367],[20.375316749186318,40.28616630598026],[20.375503099930423,40.28617758044281],[20.375603005172913,40.286229938425066],[20.375622202215453,40.28625554571827],[20.37570034034356,40.28644794138699],[20.37574500184991,40.28653751949171],[20.375754297853724,40.28658539140573],[20.37575898797591,40.286618504638355],[20.37575465709854,40.286650266908204],[20.375743161385294,40.28669033467387],[20.375702012883767,40.286759691355996],[20.375689631390284,40.28680252273466],[20.375693618858687,40.28687152745563],[20.375727819533118,40.28720759482433],[20.37576896965092,40.28730433721464],[20.375788856572782,40.28734018031693],[20.37580115179268,40.287362617043854],[20.375810316810202,40.2873881488886],[20.37581016240204,40.287424879327766],[20.37580086876307,40.287520947053274],[20.375805406123234,40.28761470421943],[20.375840324895503,40.28775274154927],[20.375846539001152,40.28787705171593],[20.375836702034924,40.287929970879084],[20.37580486050163,40.288000590583245],[20.37574715442601,40.28807295252462],[20.37567877886003,40.28814426797425],[20.375662715527092,40.288177367229345],[20.375658542847564,40.28820740380798],[20.375660688371827,40.28823073013057],[20.375677492983463,40.288265946762316],[20.375841036548174,40.28837325274028],[20.375987576867004,40.28846089541985],[20.376127876204592,40.28853624202789],[20.37616910730936,40.28858158596815],[20.376193975103956,40.28862690269393],[20.376241020374437,40.288722925826384],[20.376346941737513,40.28903141033445],[20.3764225291525,40.28928085982815],[20.376460782340708,40.289483933915804],[20.376467156694925,40.289584351466274],[20.37648220059434,40.289653020373464],[20.376501162953954,40.289693086556134],[20.376536827255723,40.28972073897137],[20.376574992186796,40.28973447666563],[20.376627198274125,40.28974514619859],[20.376747505001962,40.28974150792302],[20.376910629385943,40.28972849216419],[20.376994535754065,40.28972629683178],[20.377052547839046,40.28972922038949],[20.377121316413245,40.28973652658904],[20.377218026158047,40.28975423797833],[20.377275768072533,40.289765716758595],[20.377328798520796,40.28976996846164],[20.377390569253624,40.28976617320249],[20.377524133916438,40.28973137996814],[20.377613643110138,40.289711949793066],[20.377683648780167,40.289703971285796],[20.377769999415037,40.289708064474596],[20.377904816401223,40.289733406559996],[20.37846055623917,40.289899084138405],[20.378618387418186,40.289945106820625],[20.378745750707555,40.289974375543004],[20.378856477123186,40.28999382195665],[20.378947573283263,40.29001164205317],[20.379066660159246,40.29006572132072],[20.379129579135842,40.290113493360266],[20.379161187057694,40.29017375662422],[20.379162859531924,40.29024023636968],[20.379146368070572,40.290324712536936],[20.37912907404164,40.2903862011887],[20.379120372280028,40.290434206268],[20.379128639186003,40.29055343269572],[20.37916175064729,40.29071176754074],[20.379177050156024,40.29076223033268],[20.379199536800847,40.29082294294993],[20.379259855747005,40.290912086598475],[20.3793580087793,40.29099497885168],[20.379414315234957,40.29103826738221],[20.37958570181853,40.29113719885127],[20.379819743441864,40.291239031806334],[20.379881677144294,40.29127591225575],[20.379938173121662,40.29130421298139],[20.379972782052164,40.29131445620859],[20.38000759275019,40.291319841208846],[20.380050126724655,40.291318711903806],[20.380114348784794,40.291308302940344],[20.38023590317123,40.29128189944861],[20.38048910301407,40.29124906108235],[20.38062919882079,40.29122704732221],[20.380683646031688,40.29122909663729],[20.380723003811724,40.29124190402783],[20.380762559711023,40.29126291668297],[20.380807780067837,40.29131299369856],[20.381006383051776,40.29169869707697],[20.381030747092968,40.29173960328782],[20.38105052581046,40.29178583131563],[20.38106318762356,40.291843867931334],[20.381077069502513,40.291872502838245],[20.38112570299262,40.291931250040356],[20.381282298592176,40.292124025661586],[20.381460019764507,40.29241539743959],[20.381494377815468,40.29245233097142],[20.381527248634168,40.292473526975144],[20.38155453599471,40.29248002267157],[20.381610397298946,40.29248124012723],[20.38176739609106,40.292456721592664],[20.381821377709763,40.29244437882464],[20.381888433478355,40.29243928605912],[20.38194140224139,40.29243931943006],[20.381986573182044,40.29244394746906],[20.382043789287124,40.292464817197185],[20.382220230576536,40.292570369040874],[20.382259813438395,40.292592528722025],[20.38234215456755,40.29261970108689],[20.382525280851088,40.29266077939449],[20.382743480451552,40.292707749183165],[20.38280415631692,40.29272073933454],[20.38283852160697,40.2927374620362],[20.382889428591064,40.292783018158474],[20.383014614675638,40.29296338346446],[20.383065681605583,40.293024436196795],[20.383222219787566,40.29314825475368],[20.383248830160813,40.29316308386697],[20.383280882585645,40.293171248029154],[20.383324251362147,40.29318829117004],[20.383475475372293,40.293295665246085],[20.383519637464467,40.29333400679556],[20.383542003631018,40.29336281638707],[20.38356060604834,40.29340768878511],[20.38355861018781,40.293463565458126],[20.383477338507966,40.29367952320109],[20.38333917724342,40.29396696853975],[20.383328210028058,40.29401391101211],[20.38332601690909,40.29406686399976],[20.38334869102657,40.294191412933955],[20.38343927231687,40.29449415640476],[20.383471555506375,40.29458284960955],[20.383482966184072,40.294613624304354],[20.383489735755212,40.29465333432325],[20.383481434408782,40.294840422358064],[20.383490382589944,40.294900930934034],[20.383504860086926,40.29491447280882],[20.38352456961614,40.294924784980196],[20.383549456809497,40.29493280208635],[20.383577969379388,40.29493270756208],[20.383614000196385,40.294924984018685],[20.383776340925635,40.294864880333016],[20.38386501700206,40.2948411372315],[20.38397132024056,40.294828380649534],[20.384196567915403,40.29481749076974],[20.384229776990207,40.29481121280905],[20.3842795303252,40.29480180724303],[20.38433643391407,40.294798371336746],[20.384398012556925,40.29479924994629],[20.384432883235785,40.294808474848246],[20.384482486339365,40.294837637808705],[20.384588107404127,40.29493193287397],[20.384635003475385,40.29495840234142],[20.38481445220859,40.295011749475705],[20.38487254333,40.29505295656158],[20.384931877725077,40.2951271763812],[20.384996619994247,40.29529085273646],[20.385051465605226,40.29540623824956],[20.385089025444223,40.295445330609965],[20.385143568918885,40.29548750696853],[20.3852088081047,40.295518631247106],[20.385290390278357,40.295549894881894],[20.38537593468931,40.29556095328593],[20.38544256016106,40.295581341799455],[20.385523386945476,40.2956158701312],[20.3856139040417,40.295674893003046],[20.385694234442703,40.29574883435989],[20.385744238893288,40.295788212098294],[20.38589614954075,40.2958663315775],[20.38595860196037,40.29589552155151],[20.386017527354838,40.29591431000326],[20.386054613348666,40.295921228038274],[20.386089415185086,40.29591783691058],[20.386183256687133,40.29589302165176],[20.38635733305622,40.29584946185569],[20.386444369127823,40.29582725098534],[20.386502109170625,40.29581638181948],[20.386591690007485,40.295804647240146],[20.38676859404556,40.29580481547595],[20.386816897919566,40.29579954554559],[20.386931476787687,40.29576404227162],[20.386974405649685,40.295750917374406],[20.3870098676034,40.295747275263594],[20.38705123230615,40.29574881384765],[20.38710819261749,40.29576602776636],[20.38713572281149,40.295771707637],[20.387149396021968,40.295773395938404],[20.387157575516305,40.295772972253154],[20.38717655044358,40.295763347649455],[20.38720552398413,40.295743740346204],[20.38729261133699,40.29565939575465],[20.387316205732958,40.295640583399795],[20.387346376540105,40.29563133825648],[20.387383489410215,40.29562562636982],[20.38743045646397,40.295633859255],[20.38745629619819,40.2956598326834],[20.387461839140762,40.295691178643544],[20.387434883157074,40.2957921694652],[20.387347929558462,40.29595788188342],[20.38733966484442,40.296018432114664],[20.38733210464017,40.2960738207639],[20.387325630055624,40.29613152715351],[20.387296917385296,40.296176861642806],[20.387243562115984,40.29624102736804],[20.38718373174136,40.29628479707785],[20.38714063616946,40.29631632416503],[20.387110713322194,40.29636634123492],[20.38707141251025,40.29645325468779],[20.387059605502056,40.296505987342414],[20.38706590797578,40.296529068227],[20.38709130241184,40.29656432830153],[20.387137080915775,40.29661316515814],[20.387198647230733,40.296656722384434],[20.387221341653397,40.29666574727809],[20.387245981732104,40.29667028124192],[20.387285499379946,40.29667202908274],[20.38735610531851,40.296663694868286],[20.387511289009325,40.296645159031705],[20.38770667528359,40.29664056922972],[20.387767403169452,40.29664350324819],[20.387827859020483,40.29664642409156],[20.387871675121797,40.29666876268013],[20.387900373324552,40.29669392230617],[20.38793248781574,40.29671760116596],[20.38794156718169,40.29672023195386],[20.388000446723538,40.29672262795382],[20.38807862340522,40.296716042946336],[20.388128935488044,40.29671319011504],[20.38816425288658,40.296720013447484],[20.388236666644822,40.29675155995118],[20.388417373163914,40.29688321523088],[20.388541608855128,40.29694407669284],[20.388670828010063,40.297007379230486],[20.388878798391854,40.29712124312279],[20.388928150513852,40.29714442927814],[20.38894911839093,40.29717074268068],[20.388958454236533,40.29720832268048],[20.388961597160804,40.297426044606745],[20.38896774079726,40.297573792750946],[20.388960064368412,40.29761063335483],[20.388916434039576,40.297701180300365],[20.388840827494423,40.297794482441866],[20.38881041953633,40.29783440101877],[20.388801397751227,40.29786936177115],[20.38878835816386,40.29796203275062],[20.38878340334073,40.29801980664309],[20.388792167447505,40.29805877317873],[20.388801148419812,40.29807322919908],[20.388818797402042,40.29808315252607],[20.388877774882488,40.29810213424074],[20.38903320543433,40.29813831546628],[20.38908960934222,40.29814122348145],[20.389143039810385,40.29813226449363],[20.389248980276367,40.29810337754882],[20.3893010982481,40.29809590285511],[20.389373010306837,40.29809034722304],[20.389449484204548,40.298095614690375],[20.389646566344155,40.298129388909054],[20.389758953208204,40.29816058634899],[20.389824240923424,40.298186847108724],[20.389849845020198,40.29819714586106],[20.38987233827192,40.29820290704553],[20.389882669148516,40.29820445200848],[20.3899136455181,40.29820434761835],[20.389969448163367,40.29820415954294],[20.390005190549818,40.29820433845608],[20.39004970118039,40.29821552472901],[20.390114143888365,40.29823660064888],[20.390158976289015,40.298249111031815],[20.39027358777638,40.298264781476746],[20.390428711870612,40.298295707093445],[20.390480581899002,40.298313144560005],[20.390609068403432,40.298372171698],[20.390645307438163,40.29838257940511],[20.39074774552013,40.29839969613116],[20.390837001829116,40.29841461018899],[20.390957563366975,40.29843820444813],[20.39099773051528,40.29845023166668],[20.391036021589276,40.298477506390874],[20.39107522689061,40.298532034271595],[20.391103943438438,40.2985603161365],[20.391142404853348,40.29859051197688],[20.391260932519423,40.29866025434142],[20.391306353860795,40.29868698045084],[20.39133561735056,40.2987010694183],[20.391362624139028,40.2987217444299],[20.39138626807185,40.29875487776694],[20.391392885347535,40.29882780608053],[20.391419907097045,40.29895684818958],[20.391424851389115,40.29897094152405],[20.391447998651056,40.299007910188706],[20.391463473028487,40.29904181857176],[20.391488483192077,40.29907580674547],[20.391556180293104,40.29915641653635],[20.391609051330178,40.29920165493675],[20.3916527615768,40.29922470809575],[20.39170139704815,40.299238777758916],[20.391732047811715,40.29924114162578],[20.391793199849488,40.29924585780569],[20.3918352213111,40.29925203690707],[20.391876671820853,40.29926705299078],[20.391935347595176,40.29931322124837],[20.391975818728277,40.2993450653702],[20.391991936438497,40.29935290509125],[20.39201428210713,40.29935858441578],[20.39205430780829,40.299363798128084],[20.392145117342338,40.29935976070323],[20.392135611007596,40.29939264961038]]]},"properties":{"Zk_Numer":2239,"Zk_Emer":"KOSOVË-GOSNISHT","Nr_Pas":"177/4","Vol":2,"Faqe":180,"Pronaret":"SHTET","Kufizimet":"","Siperfaqe":17218}},
{"type":"Feature","geometry":{"type":"Polygon","coordinates":[[[20.39420965229999,40.30281707253182],[20.394244270952946,40.30281006185419],[20.394341560840846,40.30279981113754],[20.394504950835536,40.3028505254354],[20.394757103804935,40.302919702869566],[20.394842456448544,40.30298588426895],[20.394933610684838,40.303003758359104],[20.395063395326016,40.30302920719905],[20.395145488846268,40.303062310191265],[20.39519117609124,40.303074441981764],[20.395335414346313,40.3031054479808],[20.39536235987951,40.30311124027105],[20.395412743170596,40.303144655734414],[20.395476765705563,40.30319488867959],[20.395540788335392,40.303245121588446],[20.39559223648068,40.303293303883706],[20.395608488279226,40.30330852402362],[20.395664935602266,40.30337954843863],[20.395700162361624,40.30342720999331],[20.395712257480035,40.303465234686556],[20.395708099384223,40.30349659946772],[20.395699647991776,40.30351157576769],[20.395678072060015,40.30353098976585],[20.395646606348855,40.303548319833354],[20.395452859920322,40.30362467208048],[20.395231149308145,40.303696089616274],[20.395160903764793,40.30372883957833],[20.395132121161893,40.30376155838281],[20.39512190306771,40.30378237841237],[20.395144055614335,40.30381423665846],[20.395052572906547,40.30385890991541],[20.395021944980233,40.303926742895314],[20.3950088380451,40.3040023213848],[20.394958028229656,40.30408979037408],[20.394924273842808,40.30412716044253],[20.39483200597137,40.304221716450954],[20.394805308849755,40.30427026728711],[20.394774525974178,40.30432995389829],[20.394714540297798,40.3044856084311],[20.39459769198303,40.30465736616842],[20.39455007250192,40.304697012800005],[20.39451381709295,40.30471339610551],[20.39446232264166,40.3047245374113],[20.394358112257347,40.30471856033455],[20.394283840591594,40.304726775822296],[20.394252721540912,40.304736076585634],[20.39422663122344,40.304746566749856],[20.394206140570944,40.30477024379254],[20.394166640586615,40.304824766251876],[20.39409333375922,40.30488830516113],[20.39403909547784,40.30495994493655],[20.393998884213122,40.30501816561214],[20.39396453160961,40.30505796943645],[20.393967617082644,40.30501605458861],[20.394022488032476,40.304934636693915],[20.39405729779923,40.3048949772748],[20.39409456436943,40.304857712725216],[20.394144412197768,40.30481748991598],[20.394177347893578,40.30476228318462],[20.394188830201,40.30473661321733],[20.39420544690016,40.30472243571697],[20.394233237762087,40.30471285974644],[20.394267086083612,40.30470175780323],[20.394306799177894,40.304696243899755],[20.39442781939748,40.30469274198546],[20.394469867114122,40.30468699716566],[20.394507895169216,40.30467111143561],[20.39455598755649,40.304632156151946],[20.394624682791566,40.30452808742101],[20.394637215930665,40.30450773439422],[20.39466733660554,40.30445882026409],[20.394697581288483,40.30432664908206],[20.394703689419526,40.30429995609943],[20.39470400945294,40.304298771986915],[20.39471883046553,40.304243934709525],[20.394763708131087,40.30419811339762],[20.394786011043,40.30417534149105],[20.394852632049073,40.304118073502174],[20.39488328280117,40.30409104360266],[20.394908682562985,40.30406007909534],[20.394922325435303,40.30404344723959],[20.39495641110238,40.303955609576285],[20.395040377148256,40.30378840310821],[20.395103253790477,40.30374106996444],[20.39526787388543,40.30366777800676],[20.395266763120485,40.303666315594725],[20.395368182331246,40.303621161662505],[20.39545608446339,40.303577212714906],[20.395597949836052,40.30352855427471],[20.3956449030156,40.30350870279705],[20.39566958302734,40.30347567928396],[20.39566562638344,40.303453367461046],[20.39557810610656,40.30333433438708],[20.39554871191804,40.303302962131184],[20.395403745726277,40.3031782382408],[20.395336817050563,40.303132373623384],[20.39517682395613,40.303098674733796],[20.39506744211307,40.303064183625104],[20.394958444154536,40.303036562296825],[20.394825779152402,40.303007718474596],[20.394790872991358,40.30299249484138],[20.394682117375794,40.30294506311418],[20.394479677939735,40.30286837936716],[20.394387460996906,40.302840991957524],[20.39434824528909,40.302833678959416],[20.39430902958963,40.30282636594798],[20.394264363887924,40.30283125640245],[20.394136262355648,40.30286770328978],[20.39392333541239,40.3029057250336],[20.393880832910206,40.302913314529576],[20.393834867892107,40.30292152229324],[20.393728568593783,40.302925677937665],[20.393687947785644,40.30292898605801],[20.39354678797795,40.30295121244403],[20.39350267318933,40.30295413789255],[20.393450057862346,40.30295084723316],[20.393406187445983,40.30294405817134],[20.393374369990216,40.30293052030554],[20.393356156996692,40.30291739898334],[20.393327364760047,40.30290976819803],[20.39330832820491,40.30290781523349],[20.393284234612825,40.30291063548998],[20.393264308837324,40.30291566921917],[20.393227223999602,40.30293401096885],[20.39313847256987,40.30297790635372],[20.39308391063892,40.30299523242227],[20.393053749173372,40.302996248962245],[20.393027995588177,40.30298490917658],[20.393015612536797,40.30296141113873],[20.39301843011222,40.302932147584],[20.393028301410286,40.30291044778269],[20.393217323586008,40.30266552164187],[20.39337478800178,40.30249670906514],[20.393408137559888,40.30243946129972],[20.39341710526711,40.30239783276585],[20.393416438177734,40.302370101769924],[20.39341081766584,40.30233939156667],[20.393412352260714,40.3023107403509],[20.393413002906566,40.302244479675394],[20.393440423774415,40.3021884538912],[20.39344700269593,40.30216795798732],[20.39348047698113,40.30206068280128],[20.393520932029187,40.30200497283811],[20.393558649933777,40.30196835210398],[20.39360142389257,40.30193830265407],[20.393702327698204,40.30187259536906],[20.393843716836336,40.30179036818115],[20.393959865952855,40.301694886203336],[20.394049827427857,40.301605173989614],[20.394134017094963,40.30150854215651],[20.394283246731042,40.301388929321405],[20.394390113928957,40.30132161977333],[20.394473827843342,40.301277027623534],[20.39458648323536,40.30123750455538],[20.394680822277433,40.30121724792864],[20.39483027775334,40.30121235142209],[20.3950564101397,40.30121961894261],[20.3951029304008,40.3012209504937],[20.395145032718553,40.301231529672386],[20.395180534111834,40.30124575397433],[20.395222915267027,40.30126552816659],[20.39528454785571,40.301304542144756],[20.395301948214303,40.30131490161289],[20.39532687752262,40.30132108404527],[20.39535595100134,40.301320917827034],[20.395371013082684,40.301315874106855],[20.395388969442887,40.30130656527144],[20.39541858630376,40.30127442841142],[20.395531499452893,40.30110816606044],[20.395615249069827,40.30100811717766],[20.395643796040364,40.30097401434331],[20.39565414948656,40.30094952812667],[20.39566736077876,40.300916910890926],[20.395671537955817,40.300818959619676],[20.395676029998842,40.30073449148254],[20.395685688417306,40.30065789784077],[20.39569279217669,40.300601563167895],[20.39568975867033,40.300574191943326],[20.395673884642793,40.30053966900137],[20.395647051560445,40.30050841211554],[20.395594487632263,40.300471128579446],[20.395525823714994,40.300441671555284],[20.395468969914983,40.30042690848467],[20.39537678418176,40.300413368621605],[20.39532813561959,40.300406223288135],[20.39528439799416,40.30038634600162],[20.39522923362944,40.3003495012756],[20.395135327870946,40.3002754362131],[20.39510767566487,40.30023547671145],[20.39508394186865,40.300160350725605],[20.395047119883895,40.29998302331887],[20.395030381343748,40.299945160637165],[20.394989471952837,40.299892980550105],[20.39496168633899,40.2998728514314],[20.394840728773133,40.299809432576616],[20.394789665571817,40.29978035235173],[20.39471491865614,40.29970950787376],[20.39460894016781,40.29957946842225],[20.3945159258726,40.299473111239685],[20.394308519891084,40.29930754657557],[20.39422983971193,40.299260539142665],[20.394165908207263,40.29922323739374],[20.3940487613099,40.2991680746221],[20.3940081324182,40.299157038760356],[20.393928148805845,40.299146373582985],[20.39377292274752,40.299142840172934],[20.39361769670368,40.29913930655455],[20.39356002903422,40.29914212177818],[20.393494071218882,40.299149095790916],[20.393463427482814,40.2991579938175],[20.393404596012235,40.29917383645618],[20.393233056048135,40.29924649863643],[20.393144285637185,40.29927261405982],[20.393068449561948,40.299289385078424],[20.39300053586297,40.29929389747315],[20.392749041126326,40.299294957390025],[20.39262442536564,40.299293504588135],[20.392583253575914,40.29929907530344],[20.392530684272334,40.29931015694092],[20.39247458238769,40.29933075513231],[20.39241252939358,40.29935353826809],[20.392321624618095,40.299387489526396],[20.392276909505867,40.299395218281674],[20.392207872062006,40.2993942408269],[20.392135611007596,40.29939264961038],[20.392145117342338,40.29935976070323],[20.392202570338284,40.29936195583677],[20.392276621305992,40.299363004277126],[20.392313991925615,40.2993565449744],[20.392401671538895,40.299323798248814],[20.392463820313242,40.29930097994391],[20.392522482420496,40.29927944174559],[20.39257922447846,40.299267480487046],[20.39262484198511,40.299261308245555],[20.39275215445262,40.29926279248539],[20.393002033406653,40.299261739373264],[20.393065578942654,40.29925751721121],[20.393137132358742,40.29924169329148],[20.393222578950763,40.299216555700745],[20.393394518918484,40.299143724071776],[20.39345549420126,40.299127304127154],[20.39348913361827,40.299117536241894],[20.393559803567783,40.29911006399251],[20.39362011643056,40.29910711963383],[20.39393431780581,40.29911427200194],[20.394019175778425,40.29912558713546],[20.394065489110332,40.29913816703836],[20.394189827059385,40.29919172685863],[20.394335945961757,40.29927957071827],[20.394548277432794,40.29944665734684],[20.394643028514757,40.29955781748442],[20.39474377715792,40.299687523589895],[20.394814786081263,40.29975482521336],[20.39486212914426,40.29978178683507],[20.394984638696265,40.29984601939846],[20.395017400591996,40.299869753549565],[20.39506230488552,40.29992702912451],[20.3950809978701,40.299969312730184],[20.395118042701,40.30014771291496],[20.395140542071783,40.30021893139923],[20.395164209138407,40.30025313205818],[20.395254045503602,40.30032398750386],[20.395306039987624,40.300358715036445],[20.395342521587324,40.30037529470183],[20.395385721616325,40.300381639772056],[20.39548005248228,40.300395494701704],[20.3955417437875,40.300411513913545],[20.39561624731393,40.30044347614538],[20.39567440876725,40.30048472999291],[20.395705490326915,40.300520935761455],[20.395727779421943,40.30056138716116],[20.39572956377363,40.300596373161234],[20.39572403337621,40.30065911964462],[20.395716554983068,40.30073009713896],[20.39570621018147,40.30081198388742],[20.395701897578267,40.30091311200506],[20.395687360618812,40.30094900221795],[20.395675684403823,40.300976616857405],[20.39564492596052,40.301013361591394],[20.395561951478754,40.30111248455006],[20.39544871148212,40.30127922830557],[20.395417042479878,40.3013240393646],[20.395386395889574,40.30133724271348],[20.395362428809293,40.30134180161103],[20.395321981702043,40.30134541019672],[20.395285026392493,40.30133436165175],[20.395261683603113,40.301321921851425],[20.39520587625004,40.301279770207145],[20.395166418397178,40.30126139405713],[20.395133715983626,40.30124892368481],[20.395099569204937,40.30123977409249],[20.39505807097632,40.301237437157745],[20.394833249575715,40.301228804281216],[20.39468881077923,40.30123353643563],[20.394600403397522,40.301252519411676],[20.394492583562013,40.3012903460245],[20.394412246321988,40.30133313952397],[20.394307837754393,40.30139890054608],[20.39416183832445,40.301515924310976],[20.394078600917624,40.3016114632083],[20.393989883498865,40.3017072154594],[20.39387766507331,40.30180677654702],[20.39373466568466,40.3018899702127],[20.393593830941466,40.301984576168394],[20.393543040201383,40.302029392474246],[20.39353510591204,40.30204873449569],[20.393485391118798,40.302202932075794],[20.39347211097054,40.30225683843461],[20.393461934035486,40.30236284110498],[20.393458750197258,40.30239859466902],[20.393445428300467,40.30246841019143],[20.39341762814096,40.30251098778325],[20.39325212029352,40.3026902302255],[20.393076369223838,40.30291058173153],[20.393078140082174,40.30292169937068],[20.393085638396393,40.30293374732981],[20.393098543154036,40.302938765325464],[20.393113181544784,40.30294271185623],[20.39314845485821,40.30293660162892],[20.393211304115606,40.30290252767506],[20.393254051610022,40.30288232535133],[20.393279066434044,40.302874545322545],[20.393311234914442,40.302872029566714],[20.393342070049897,40.30287306010306],[20.39337730057342,40.3028836714624],[20.393405887343345,40.30289492744904],[20.393426271891595,40.30290497011481],[20.393457643254067,40.302913189134195],[20.3935066288418,40.30291655467739],[20.393544610452434,40.302914013792495],[20.39382343115885,40.302891010467796],[20.39403709807632,40.30285334656415],[20.39420965229999,40.30281707253182]]]},"properties":{"Zk_Numer":2239,"Zk_Emer":"KOSOVË-GOSNISHT","Nr_Pas":"119/58","Vol":2,"Faqe":187,"Pronaret":"SHTET","Kufizimet":"","Siperfaqe":4502}},
{"type":"Feature","geometry":{"type":"Polygon","coordinates":[[[20.395597949836052,40.30352855427471],[20.39545608446339,40.303577212714906],[20.395387736714923,40.30354965303312],[20.395055444670803,40.30349099146605],[20.395041562181934,40.30347743626473],[20.394979997858325,40.30348934106019],[20.394970064590648,40.30349287565653],[20.39491930828438,40.30351223169713],[20.39490035506205,40.3035296007116],[20.394893463363488,40.30355060763525],[20.39488767844195,40.303568240927405],[20.394886959661,40.303608150168046],[20.394881432308328,40.30362466118812],[20.394870379875233,40.30363173508621],[20.394845158624438,40.30366457420777],[20.394841472357662,40.3036941671171],[20.394837404796707,40.30372682098127],[20.39485545849093,40.30377165554996],[20.39490687054088,40.30387980214739],[20.39491494878732,40.303905878126535],[20.394912963489347,40.303930355605246],[20.394908682562985,40.30406007909534],[20.39488328280117,40.30409104360266],[20.394887082991456,40.30389055132737],[20.394863508354803,40.303845282267545],[20.394843333192497,40.30380654097619],[20.394828950395308,40.30377892242597],[20.394810736615238,40.303715777254574],[20.394806685854995,40.30368405145793],[20.394802635098667,40.303652325660934],[20.394795704756362,40.30365443208949],[20.39473489028069,40.303672916196106],[20.39466205669816,40.303710606489716],[20.394409643428826,40.30384543735204],[20.3944080495824,40.30381709364926],[20.394644016921024,40.30369053589692],[20.39471993537502,40.303651249232004],[20.39485324619654,40.3036107303536],[20.394855193814827,40.30360491253712],[20.39485591154268,40.30356506280397],[20.394871102029754,40.303518760012025],[20.394898506966808,40.303491472748455],[20.39463340297516,40.30350014135608],[20.39460826234958,40.30348330541675],[20.394650809998968,40.303478157939395],[20.39486621521862,40.3034520976463],[20.39476677902661,40.303427093243855],[20.394677387274562,40.30338547733097],[20.394607285169055,40.30335985931136],[20.39456440820289,40.30335187495621],[20.394534646179306,40.30334279671932],[20.394499171653443,40.30334081259806],[20.394438567652003,40.30334434555655],[20.394397954566454,40.303352437185076],[20.394312661547183,40.303383963905716],[20.39430308192662,40.3033875047996],[20.394250314992394,40.303419836492175],[20.39420091845296,40.30344753466655],[20.394124211477653,40.30347484840616],[20.39409928560946,40.30347509194908],[20.394066504017232,40.30347541223965],[20.393961586980218,40.30350222594547],[20.393791584151295,40.30356068278109],[20.39373567460295,40.30359691828892],[20.39360530093954,40.303710425980555],[20.393487230114083,40.30372086453834],[20.393428734535114,40.303751183211425],[20.393460203350923,40.303800678240364],[20.39346688052549,40.30381118027576],[20.39342858863947,40.303805890324384],[20.393388101905828,40.30374665962976],[20.39340272710807,40.30373470738113],[20.393503537310767,40.3036557493172],[20.393538575410524,40.303693470419205],[20.393601407368923,40.303689580895124],[20.393694790114967,40.303601240038134],[20.393750086314657,40.30354653140823],[20.39375918951075,40.30353979943284],[20.393638636213833,40.30341839112557],[20.39364540858871,40.30340131063479],[20.39368615885752,40.30329947957619],[20.393703569844767,40.30325597107248],[20.393729544495937,40.303120471735824],[20.393772778396496,40.303037613476576],[20.393806402843285,40.30297317169342],[20.393880832910206,40.302913314529576],[20.39392333541239,40.3029057250336],[20.393820856755642,40.303007048322804],[20.39377541662037,40.303095400887806],[20.39371479832257,40.30330168783851],[20.39366869858754,40.303406183376886],[20.393679271679357,40.30341470672395],[20.393798440405426,40.30351077267482],[20.393814130383205,40.303516357467196],[20.393829820363553,40.30352194225742],[20.393883416631905,40.30350817260607],[20.393949589056632,40.30348330718505],[20.394066603485836,40.303452846442916],[20.39412058597859,40.303448408325366],[20.39418631383864,40.3034272406039],[20.394232751588046,40.303403070036644],[20.39428729106132,40.30336976400535],[20.394379131298017,40.30333982854832],[20.394391046846057,40.30333373340427],[20.394452295904973,40.30332595812631],[20.394511064780446,40.303320937374],[20.394553617375447,40.30332041771847],[20.394572307819335,40.30331989249953],[20.39458637308209,40.3033190755476],[20.39460040912617,40.30331318332713],[20.39461241994838,40.30330468356307],[20.394625435453786,40.30327952791855],[20.394632728195177,40.303252793366205],[20.394643458354494,40.303216201093534],[20.39464579856423,40.30317382218718],[20.394648297490132,40.30310404896679],[20.39465468743742,40.30308733254004],[20.394666274280077,40.303057020749186],[20.394679349270902,40.30296462437277],[20.394682117375794,40.30294506311418],[20.394790872991358,40.30299249484138],[20.394825779152402,40.303007718474596],[20.39468426837785,40.30310561510483],[20.39467227719465,40.303171337937435],[20.39468012640442,40.30321748058903],[20.394660569908552,40.30328204325895],[20.394636610462207,40.303317887673444],[20.394619253140124,40.30332964282328],[20.3946281380301,40.30334326949624],[20.39478508374092,40.303409428087065],[20.39492692878496,40.30343215329409],[20.39508704847993,40.30345608908371],[20.39538125367006,40.30351538053006],[20.395432056953624,40.30352909651256],[20.395488919219126,40.30353792434002],[20.395541547134084,40.30353602559738],[20.395597949836052,40.30352855427471]]]},"properties":{"Zk_Numer":2239,"Zk_Emer":"KOSOVË-GOSNISHT","Nr_Pas":"2/69","Vol":1,"Faqe":155,"Pronaret":"SHTET","Kufizimet":"","Siperfaqe":1421}},
{"type":"Feature","geometry":{"type":"Polygon","coordinates":[[[20.39308391063892,40.30299523242227],[20.392904960297685,40.30316601779874],[20.392783753464524,40.303322096527964],[20.392513685241198,40.30349678169548],[20.39248991057667,40.3035433969736],[20.39249559796118,40.30362772721738],[20.392533109033295,40.30373388237573],[20.392516661719824,40.30382293720001],[20.3924513116237,40.30401762068782],[20.392455614855834,40.3041156198368],[20.39251101844189,40.30417547339363],[20.39266698729482,40.30426027499805],[20.392702845781194,40.304341781531726],[20.392675120962213,40.30435165384773],[20.392638338167245,40.304347785518125],[20.392612543378526,40.30429169386051],[20.392464386960988,40.304211139887755],[20.392391324239803,40.30413220875489],[20.392386052656512,40.30401215437245],[20.39245282555932,40.30381323280204],[20.392466900684596,40.30373702271268],[20.39243106013401,40.30363559478948],[20.39242429428779,40.30353527211882],[20.392459152579708,40.3034669251535],[20.392733477970072,40.30328948650219],[20.392874892652667,40.303128878515984],[20.393027995588177,40.30298490917658],[20.393053749173372,40.302996248962245],[20.39308391063892,40.30299523242227]]]},"properties":{"Zk_Numer":2239,"Zk_Emer":"KOSOVË-GOSNISHT","Nr_Pas":"1/24","Vol":1,"Faqe":156,"Pronaret":"SHTET","Kufizimet":"","Siperfaqe":959}},
{"type":"Feature","geometry":{"type":"Polygon","coordinates":[[[20.390894747030654,40.307510787272456],[20.39092844409332,40.3074577132154],[20.390982503046033,40.307431488358716],[20.391073969658198,40.307422843687085],[20.3912268993331,40.30740838986609],[20.391285519915037,40.30738536093854],[20.391510471695106,40.30719054912334],[20.391601447692217,40.30708650805293],[20.391666135208272,40.306936744093484],[20.391843720516174,40.30672983747469],[20.391975516180207,40.30656073921346],[20.392063868547613,40.306447379604435],[20.39220252621132,40.30638127847493],[20.39247293001675,40.30626041643212],[20.392567675555323,40.30618931312379],[20.392685556792163,40.306060206333925],[20.392825919193132,40.3059064767541],[20.392874621166765,40.305780911636795],[20.39288560953714,40.305736922817005],[20.392847242721324,40.30566287383332],[20.392827542536516,40.30562485187948],[20.392848521170095,40.305543327269554],[20.392861787140586,40.30544420157864],[20.39289374198906,40.30539742175985],[20.39301547146955,40.30535121755729],[20.393119681992907,40.30526104335669],[20.393160819996343,40.30515060009234],[20.393139150393655,40.304884189275676],[20.39305161643166,40.3047850831601],[20.392888291415247,40.30461943864761],[20.392689735102966,40.30437784318505],[20.392733513244913,40.30436395724824],[20.392762211726616,40.304336521276745],[20.392953043901596,40.30456871807729],[20.393115330159628,40.30473330895846],[20.393220353924583,40.3048522169273],[20.393244910600046,40.305154117574915],[20.393192343111288,40.30529524603175],[20.393058860946823,40.305410749290566],[20.392949267608984,40.305452347066286],[20.392942372890534,40.3054624404989],[20.392930662076868,40.30554994655894],[20.392914692610063,40.305612005470756],[20.392923055265857,40.305628145612445],[20.39297264351238,40.30572385203644],[20.392954959192355,40.305794646551035],[20.392899949258812,40.305936475477026],[20.392749878448125,40.30610083821865],[20.392626432467228,40.30623603978315],[20.39251548488587,40.30631930220468],[20.392235162122862,40.30644459772081],[20.39211929043035,40.306499836295494],[20.392043929168405,40.30659652788923],[20.39191097234106,40.30676711616718],[20.391739705594972,40.306966661206225],[20.391674874971187,40.307116756839285],[20.391572081878873,40.30723431218909],[20.39132942811866,40.30744445429329],[20.391236763562684,40.30748085729045],[20.391065422049493,40.30749705125111],[20.390997263149416,40.30750349306474],[20.390988124967528,40.307507926142065],[20.390979484509717,40.30752153518868],[20.39098683965263,40.30760910944915],[20.390995445146775,40.3077115707562],[20.39093280001441,40.30782866378159],[20.39090099114072,40.30786152210405],[20.39082990193783,40.30793495655849],[20.390823517146575,40.307966018796456],[20.390866658396156,40.30804214347111],[20.39088850764111,40.3080705122717],[20.39100321039376,40.30821944050362],[20.391161839801583,40.308465522269294],[20.39117151306792,40.30857538057792],[20.39110096805652,40.308889632603744],[20.39112988507694,40.30919662024009],[20.391139675236985,40.309440846135445],[20.391191455160417,40.309550873141276],[20.391658374853634,40.31007672444971],[20.391709729717903,40.310181384649574],[20.39171776066617,40.310430207356575],[20.39169829792021,40.310524059481246],[20.391649747704882,40.310604739663994],[20.391637198172024,40.31062559429714],[20.391638247525563,40.31063246506725],[20.391670462311286,40.310686056557564],[20.391877168789133,40.31088177489535],[20.392069861052466,40.311047038867805],[20.39215021428722,40.31112577279129],[20.39221175380865,40.311247333513855],[20.392218612481216,40.31133027356439],[20.392200949963023,40.311433493294466],[20.39221586758997,40.3114582963506],[20.39230510879373,40.31156069376859],[20.39233395513335,40.31163398398162],[20.392331702457355,40.31172728458087],[20.392327807388934,40.311888608745356],[20.392291808405233,40.3119794513056],[20.392284994937153,40.312022998672546],[20.392260993932894,40.312176397430946],[20.392274764469793,40.312270752441684],[20.392287813306456,40.31236016214747],[20.392261176666246,40.312438774835655],[20.39221740161707,40.312517882550935],[20.392166187560555,40.31261213844375],[20.39213725321126,40.31269708808385],[20.39210739320542,40.312888397358456],[20.392140670835282,40.31301369486598],[20.392247146753068,40.31316367194578],[20.392306927362363,40.31328361399533],[20.392355238484907,40.31351863159505],[20.392496295574492,40.3139677867362],[20.392597401944855,40.314048961496795],[20.392719146095626,40.31418910118919],[20.39285977390749,40.314350976974204],[20.39290013345769,40.314551137133314],[20.39286741846424,40.314768344641216],[20.392779532805744,40.3148001460394],[20.39281601861238,40.31455790477634],[20.392781322355187,40.31438583030169],[20.392653449670537,40.31423863669706],[20.392536775964956,40.31410433349295],[20.392422578156236,40.314012648005566],[20.392273970650454,40.313539449183445],[20.392226710259745,40.3133095417642],[20.392173315415675,40.313202411698356],[20.392062698123162,40.313046601034834],[20.39202294609842,40.31289692536844],[20.39205565033891,40.31268739510857],[20.392088220726748,40.312591770593535],[20.392142362902298,40.31249212591125],[20.39218327036541,40.31241820048283],[20.39220313077874,40.31235958667827],[20.39219222458223,40.31228485755984],[20.392177110620793,40.31218129660693],[20.39220255087481,40.312018700397005],[20.392210457120232,40.31196816908047],[20.392244907811193,40.31188123387769],[20.39224853469558,40.31173102485661],[20.392250484477806,40.31165027353249],[20.392230860155482,40.31160041366103],[20.392145700311055,40.311502699178554],[20.39211473293123,40.31145121062168],[20.39213499526945,40.311332798445875],[20.39212979779698,40.311269945914624],[20.392079677374284,40.31117094145233],[20.39201094565226,40.311103594790396],[20.391818834973602,40.310938829540255],[20.39160231166815,40.310733816082454],[20.391557697832955,40.31065959780686],[20.391551308415632,40.310617761984375],[20.391576154152485,40.31057647378319],[20.39161866857698,40.310505823944105],[20.391634372669643,40.31043009701947],[20.391627013942696,40.31020209311698],[20.391586257238973,40.310119031578346],[20.391118934423655,40.30959272567877],[20.391057050959372,40.30946122938999],[20.391046817891,40.309205946957185],[20.391017141621603,40.30889089490352],[20.391087729062882,40.30857645565597],[20.3910802875409,40.308491941885904],[20.39093254272042,40.30826274500293],[20.390794684659515,40.30808375198326],[20.390736886142484,40.307981763695444],[20.390741437899656,40.30795961938286],[20.39075198303599,40.30790831720685],[20.390838360825256,40.307819089894146],[20.390862378452635,40.30779427989426],[20.390910934146103,40.30770352231383],[20.390903874393285,40.307619464134774],[20.390894747030654,40.307510787272456]]]},"properties":{"Zk_Numer":2239,"Zk_Emer":"KOSOVË-GOSNISHT","Nr_Pas":"1/25","Vol":1,"Faqe":157,"Pronaret":"SHTET","Kufizimet":"","Siperfaqe":9653}},
{"type":"Feature","geometry":{"type":"Polygon","coordinates":[[[20.376159948616415,40.29360767860543],[20.37633995192598,40.29362705497818],[20.3764151180224,40.293627540454665],[20.376657364153246,40.293607060826574],[20.376930871433558,40.29360299858803],[20.37708901313301,40.29365982879444],[20.3771991945212,40.29371403614594],[20.377252379627492,40.29373175440779],[20.377343366721146,40.29371414293039],[20.377538782042226,40.2936763180349],[20.37770481463848,40.29367577613812],[20.377808554802854,40.29375106650265],[20.37782433773497,40.29388159613434],[20.377785517178506,40.29397581419825],[20.377723895106445,40.294029114477965],[20.377518724826043,40.29407348326858],[20.377234122551418,40.294186572091036],[20.377228845478605,40.29418829270335],[20.37726007750245,40.29422095745573],[20.377356483612573,40.294289891551735],[20.377475886660402,40.294351014840224],[20.377477436547135,40.294351169010596],[20.377553222029725,40.29432210437007],[20.377685950409177,40.2943278006952],[20.377824663467926,40.29435902937054],[20.377994871804905,40.29439734835712],[20.378073076004668,40.294398770543744],[20.378173174149804,40.294425198194496],[20.378216431788335,40.29448676735078],[20.37827733950219,40.29457345786817],[20.378351751164015,40.29464053993039],[20.378394515955424,40.29465965984402],[20.37845163810952,40.29466505739038],[20.378619454667668,40.294622515830056],[20.378759538233556,40.29462126914699],[20.378844432576603,40.29467085077236],[20.378875641484292,40.29473103280034],[20.378858950003544,40.29479931451915],[20.378817957687772,40.29483622970793],[20.3788161362229,40.294840428387644],[20.37881621493456,40.294840735606435],[20.378827966661067,40.29485057833301],[20.378925551627336,40.29490530949305],[20.37905605988038,40.29496237565251],[20.37925151639586,40.2950478406921],[20.379284325394636,40.29510300177817],[20.37927907644243,40.29515870221782],[20.379269274687783,40.295185815963904],[20.37927113863384,40.29519580274744],[20.379317118954354,40.295265683919396],[20.37934593415802,40.295335402755626],[20.379369952745957,40.29537285669186],[20.379500159902005,40.295457237700454],[20.37966997630386,40.29551563482734],[20.379892297183375,40.295531320353724],[20.38015375375201,40.29557340193563],[20.380313246031434,40.29567464083376],[20.380305037888792,40.29575717237162],[20.380283549482883,40.295804407176576],[20.380292732632277,40.2958377647014],[20.380390254009882,40.295881447478486],[20.380899984180015,40.29600560763127],[20.38139318597719,40.29609182388409],[20.381604904763567,40.296186833200004],[20.381717008111714,40.29634797981601],[20.381785087960935,40.29646254534771],[20.381764303520697,40.29651718280817],[20.38177069380237,40.296525332048084],[20.381917059154148,40.29657094233138],[20.381989943058876,40.29657428617809],[20.382134961445534,40.296566111532364],[20.38227535425817,40.29655280366056],[20.38235256493511,40.296545484765296],[20.38239486834128,40.29652378045988],[20.382451285442805,40.29645111863501],[20.382554293053992,40.29631845057091],[20.382633290297292,40.29627084820893],[20.382732185312744,40.296269231773984],[20.382832093039557,40.29627860408741],[20.38296418746766,40.29629099568895],[20.38305254536257,40.2963135130158],[20.383100532284463,40.29637796399635],[20.38310237220715,40.29644177867699],[20.383107561499447,40.296443259725],[20.383154160267082,40.29645286032762],[20.383210585784617,40.2964508060218],[20.383368816967174,40.296431145487894],[20.383561089794824,40.29638616730125],[20.38366134380483,40.29632931544357],[20.38372156673742,40.29621871166634],[20.383858218460162,40.29598442826538],[20.384007307653253,40.29585804239451],[20.384066144646916,40.29581631770376],[20.384143528958063,40.29578174821324],[20.384251107483735,40.29579236144898],[20.38433234769483,40.29581918982749],[20.384397696176332,40.29585162315835],[20.384427756383854,40.29591998922869],[20.384441290157355,40.29602139783646],[20.384457204172946,40.29605150156551],[20.384473799987983,40.296061571101816],[20.38454039975485,40.29607698234218],[20.38466641101071,40.29609087766416],[20.38475740527893,40.296085841621135],[20.384850237879178,40.29611257503518],[20.38489023073919,40.29614665731457],[20.384935533868006,40.29619531890941],[20.3849804160598,40.29623261242721],[20.385142478813584,40.29632923432607],[20.385460634509805,40.296452642754986],[20.385577517446425,40.29648497434419],[20.38566545865078,40.29649215486997],[20.38572303473844,40.296486559941656],[20.385856127434188,40.29645881807554],[20.38597267235462,40.29645939870412],[20.386047083036246,40.29647599025829],[20.386155755023896,40.29653842387148],[20.38616290616523,40.2965414226776],[20.386299281899767,40.296560874059686],[20.38638054939216,40.296572465226454],[20.38645188899673,40.296602805675796],[20.386487699144805,40.29668621696785],[20.386524535062645,40.296772017319526],[20.386542367968808,40.29685626054429],[20.386557782482196,40.296916937567175],[20.386632622537434,40.297008724045455],[20.38664989110897,40.297021041059125],[20.386684685003374,40.29702890201018],[20.386777643287946,40.29702871148939],[20.38694645559941,40.29700398558865],[20.38708176166751,40.29697460254373],[20.38719602760622,40.29696964721052],[20.387310619762392,40.29698953556001],[20.38739303934092,40.29703866855841],[20.38750081013821,40.297102914047706],[20.38757057828196,40.29713211338458],[20.387647991787574,40.29716451237631],[20.387696394390346,40.297169086977554],[20.38776607990127,40.29715424150213],[20.38785544725316,40.29716025209586],[20.38792539504612,40.2972003903272],[20.38794661679913,40.29725064009031],[20.38793837832819,40.29730973337903],[20.387888008180102,40.29736810126198],[20.387826066859265,40.29739539840614],[20.387800589223122,40.29742794967786],[20.38776071629022,40.297482512156435],[20.387739659760555,40.297513869543394],[20.38773056669445,40.297550990609],[20.387769869123684,40.297571884345956],[20.387835787446587,40.29757987071948],[20.387890955093535,40.29764155481025],[20.387890291734088,40.297711576135306],[20.387862103643407,40.29777854553206],[20.38782859836052,40.29781349901432],[20.38778639490124,40.2978644130021],[20.387778817804268,40.297892740353824],[20.387788084052065,40.29791216705279],[20.3878652793272,40.297957195416],[20.388008801485256,40.298040912260866],[20.388109928714695,40.29816593625012],[20.38812652385507,40.29828462797946],[20.388063071262728,40.298391409262564],[20.38808196088266,40.298464065227826],[20.388092582495602,40.29848633565204],[20.38813188014418,40.298492879864554],[20.388196402102317,40.29848954681836],[20.38824451833046,40.29846813275148],[20.388344492530553,40.29844137746928],[20.388482410427418,40.29844355276642],[20.388664456449995,40.29849779423506],[20.388767156999744,40.29854598406882],[20.388851055623153,40.2985955580893],[20.388931046304887,40.29869047657935],[20.38897309823733,40.29876754709196],[20.388986699507484,40.29881923786866],[20.389009274001847,40.2988108091546],[20.38903170618469,40.29879158910265],[20.389156962497637,40.29867961899568],[20.389227491616623,40.29861657082942],[20.38940313107513,40.29857954070965],[20.38953671374755,40.298571344494185],[20.389691603064744,40.298588398491006],[20.389792049840736,40.298617537147905],[20.389951929049424,40.29866391635751],[20.390054240702593,40.29873659849788],[20.390346211827588,40.29889045041795],[20.39053241516844,40.298919100865945],[20.390688328272887,40.2989644791426],[20.390768200108397,40.29901928771359],[20.390896177254454,40.299174229970454],[20.39094259361796,40.29928819583954],[20.390936912027776,40.299354637007305],[20.390984698717194,40.29944191270034],[20.39101100018095,40.29948994853328],[20.391246786411724,40.299653568680014],[20.391294281034142,40.29966510807192],[20.391344129472227,40.2996494058574],[20.391525883780183,40.29959215316558],[20.391827172315995,40.29953823275798],[20.392037457981417,40.29951918914118],[20.39210896364491,40.29946967887834],[20.392135611007596,40.29939264961038],[20.392207872062006,40.2993942408269],[20.39219199300318,40.299502278846326],[20.392081034886928,40.29957910590279],[20.392051851479614,40.299596877008156],[20.392042076392386,40.299642327521774],[20.39206843268673,40.2997269784442],[20.392137751426393,40.29977440040859],[20.392335478510415,40.29989546809528],[20.39256378456053,40.30007932369985],[20.392591646877356,40.300187342385364],[20.39262710214068,40.30032479744783],[20.39261469663581,40.300487387756036],[20.392428261554034,40.30099650622655],[20.392362336138373,40.301292305567515],[20.392261182857364,40.30138816568582],[20.39217134893946,40.3015329443668],[20.3921343537902,40.30163180883653],[20.392082306893062,40.30182080237388],[20.39202336158294,40.30181227851588],[20.392083019166908,40.30160997404896],[20.39212846551451,40.30151076527024],[20.392218246028563,40.301356487394195],[20.392308142066792,40.301269331974005],[20.392331593421865,40.301153391245116],[20.392387068861904,40.30098875870569],[20.392572585533607,40.30048214910552],[20.392584152824394,40.30033054593601],[20.39255020519452,40.30019893544385],[20.39252578019322,40.30010424259999],[20.392312566895843,40.29993254120042],[20.392116787044355,40.29981266580557],[20.392035598479026,40.29975712351446],[20.3919840228001,40.299659217792396],[20.39197208002548,40.29962596131717],[20.391962788719262,40.29960153524227],[20.391930744947544,40.299593435830424],[20.391839239588972,40.29960630365202],[20.39154792860076,40.29965746240426],[20.39137733297764,40.29971120010271],[20.391298135032418,40.29973614737693],[20.391202268252503,40.299712855389956],[20.39093801806727,40.299529483022056],[20.390904215299052,40.29946774701827],[20.390848486575102,40.299365966068414],[20.390854450220225,40.29929622759306],[20.390816282745796,40.29920251489395],[20.390700924728083,40.29906285046696],[20.39064216094667,40.29902252635842],[20.390508149537425,40.29898352252711],[20.390311476197848,40.29895326107496],[20.389999537221502,40.298788887215736],[20.389905069365437,40.29872177728301],[20.389761131047404,40.298680022334274],[20.38966967015368,40.29865349039838],[20.389533954320395,40.2986385474873],[20.389418335266793,40.29864564151097],[20.389276401906745,40.29867556537893],[20.389223242289702,40.298723086435515],[20.389097389461206,40.298835589881456],[20.389062927424703,40.29886511721527],[20.38898408122691,40.29889455627591],[20.388947032057978,40.29888960710365],[20.38890935236066,40.29887113009365],[20.388903659710888,40.29884197528429],[20.388889250715476,40.298787214549684],[20.38885351208726,40.298721714577944],[20.388785861541926,40.29864143903725],[20.388717556131613,40.298601078711584],[20.388625522900274,40.29855789425695],[20.3884651634641,40.29851011440983],[20.388358430039155,40.29850843096751],[20.388281173652334,40.29852910646568],[20.388222624694397,40.298555163602856],[20.388125416709276,40.298560185132914],[20.388053309400746,40.298548177145506],[20.38802205976847,40.298533265987075],[20.38799768295794,40.2984821548123],[20.38797199153844,40.298383336286854],[20.388037212093487,40.29827358006632],[20.38802527190549,40.298188180693224],[20.38794309622212,40.29808658643404],[20.38781239525122,40.29801034817173],[20.38771487660973,40.297953465050966],[20.3876883635485,40.29789788024839],[20.387704119755632,40.29783897517233],[20.38775491799091,40.29777769259249],[20.387783338054028,40.29774784458074],[20.387803123480868,40.29770083840832],[20.387803491269086,40.297662021566396],[20.387779746409258,40.29763547191506],[20.38773425804484,40.2976229866504],[20.387671219339115,40.29760568427802],[20.38764310944912,40.297586495402875],[20.387633304156118,40.297552859142975],[20.38764795278217,40.29752819500184],[20.387696164174102,40.29745322898243],[20.387721294326163,40.297399274427306],[20.387762874040945,40.29734615054669],[20.387826582254682,40.2973180747693],[20.38785385904046,40.2972864670352],[20.38785787269863,40.29725767794409],[20.38785088698447,40.297241136829015],[20.38782302404522,40.29722514819566],[20.387774216988863,40.297221865570265],[20.387702998095705,40.2972370377002],[20.387620760818113,40.29722926533464],[20.38752872327145,40.29719074591004],[20.38745276581779,40.2971589562148],[20.38733942938692,40.29709139285553],[20.38727235819667,40.29705140952372],[20.38718870731204,40.29703689126676],[20.387096309385026,40.29704089825647],[20.386966597456755,40.2970690664729],[20.38678603068207,40.2970955140451],[20.38667219331278,40.297095747356465],[20.3866054625085,40.29708067092681],[20.386564703957255,40.29705159939177],[20.386475205032916,40.29694183460907],[20.386456445009262,40.29686798811057],[20.386439490452684,40.29678789376539],[20.386404797159777,40.29670708390409],[20.386379654341585,40.29664851949732],[20.386350598761638,40.29663616226846],[20.386283301265056,40.29662656363526],[20.38613321769045,40.296605157083484],[20.386108368457247,40.2965947366431],[20.386007423312545,40.29653674220374],[20.385959946853372,40.29652615624581],[20.385867514138777,40.29652569574496],[20.38574007177182,40.29655225984666],[20.38566633722313,40.296559424964634],[20.38555778185239,40.29655056126285],[20.38542596224075,40.29651409796344],[20.385095519999563,40.29638592371273],[20.384921122029006,40.29628194750575],[20.384867651668717,40.29623751787235],[20.384822028530074,40.29618851249579],[20.384799569664278,40.29616937283432],[20.38474460350146,40.296153543983316],[20.384663301218588,40.296158043617346],[20.38452145086695,40.296142401712956],[20.384432636476152,40.29612184998499],[20.38438495568598,40.29609291957638],[20.384355739475097,40.29603765264774],[20.38434193597852,40.29593422203985],[20.384324700313137,40.29589502278657],[20.384291045409956,40.29587831939449],[20.384227801630264,40.29585743407009],[20.384161843004666,40.29585092688047],[20.384118404193405,40.29587033207471],[20.384069458739642,40.29590504212564],[20.383932254537406,40.29602135296145],[20.383801692318514,40.296245196593375],[20.383732626130836,40.296372041889825],[20.383600954282098,40.29644671015827],[20.383388645716288,40.29649637529902],[20.383219676290626,40.29651737008247],[20.383144668702247,40.29652010091045],[20.38308092614798,40.296506968228],[20.383021152021193,40.29648990839847],[20.382981168674917,40.296473884525184],[20.38297784000092,40.29646234481271],[20.38300097319008,40.29644104041215],[20.383014699119705,40.296428399574],[20.383013775293236,40.29639635675036],[20.38299328303609,40.29636883367097],[20.3829449116503,40.296356506590115],[20.38282148105803,40.29634492772719],[20.38272778797251,40.29633613841037],[20.382664326855668,40.296337175686254],[20.382621012124048,40.296363276396875],[20.382526296500785,40.29648526499381],[20.38245981173018,40.29657089347219],[20.382383892557808,40.29660984479165],[20.382286075705434,40.296619116981134],[20.38214353097691,40.296632628832945],[20.381990539507086,40.29664125291733],[20.381897484222062,40.29663698362319],[20.381710852975154,40.296578825683845],[20.381669851737332,40.29652653856374],[20.381692250631563,40.296467657317166],[20.38163870645983,40.296377552378914],[20.38153948735457,40.29623492644326],[20.381360658662025,40.29615467660189],[20.380877005649708,40.296070129525745],[20.380354559803852,40.29594287206283],[20.38021531427063,40.29588049973116],[20.3801931505855,40.2957999904312],[20.380218888199717,40.295743415390014],[20.380222805622385,40.29570402686565],[20.380114678940796,40.295635392604005],[20.379879275203226,40.29559750422187],[20.379647489802224,40.295581150921144],[20.3794531801669,40.29551433095754],[20.379299658983516,40.295414841187636],[20.379264714194605,40.29536034913902],[20.379236034811136,40.29529095872741],[20.379186774285657,40.295216092131774],[20.379180308090806,40.295181446852624],[20.37919266213947,40.295147273044016],[20.37919568563908,40.29511518893803],[20.379183777631802,40.295095168215674],[20.379012786440466,40.29502040079989],[20.37887797989324,40.29496145514503],[20.37876940956423,40.29490056274547],[20.378735294976966,40.29487198984774],[20.37872608548514,40.29483604418544],[20.378740490165693,40.29480283988577],[20.378777443499,40.2947695620042],[20.37878522415838,40.29473773295068],[20.378772262658178,40.294712738446705],[20.378730507199165,40.29468835161243],[20.378634017505377,40.29468921032245],[20.378460430676185,40.29473321462471],[20.378366014919248,40.294724293158595],[20.378294885360223,40.29469249149919],[20.378204859902496,40.294611333545575],[20.37813958340716,40.29451842476194],[20.378112484973645,40.29447985516451],[20.37805744932639,40.2944653247898],[20.37798129661822,40.294463939902776],[20.377800048864614,40.29442313562153],[20.37767100471474,40.29439408372678],[20.377571531098766,40.29438981460783],[20.3774926563837,40.29442006398994],[20.377444378257934,40.29441526166909],[20.377302100012354,40.29434242838834],[20.377194518501344,40.29426550340057],[20.37712957348385,40.294197579009804],[20.37712328359079,40.29416828428271],[20.377141423936084,40.29414417175946],[20.37719687811323,40.294126090707515],[20.377486436624853,40.29401103249407],[20.377675532506007,40.293970139883456],[20.37770788049323,40.29394216037197],[20.377735824360446,40.293874340394886],[20.377724691307712,40.29378226571664],[20.377670187926125,40.29374270936978],[20.37754982346684,40.29374310220289],[20.377364752259727,40.2937789248688],[20.377244883411944,40.293802126688306],[20.377157937430237,40.29377316122362],[20.37704670694921,40.29371843772836],[20.376912219024987,40.29367010780601],[20.376663009865933,40.29367380914263],[20.376419553525942,40.293694391073856],[20.376348740092315,40.29369393371479],[20.376176252024354,40.293692231055545],[20.376159948616415,40.29360767860543]]]},"properties":{"Zk_Numer":2239,"Zk_Emer":"KOSOVË-GOSNISHT","Nr_Pas":"118/5","Vol":1,"Faqe":158,"Pronaret":"SHTET","Kufizimet":"","Siperfaqe":16466}},
{"type":"Feature","geometry":{"type":"Polygon","coordinates":[[[20.392145117342338,40.29935976070323],[20.39215633534946,40.299277822678306],[20.39216326981117,40.2992338966137],[20.39218021837997,40.29920717576634],[20.39220941341543,40.29919088257891],[20.392250384854556,40.29917765715311],[20.392288965311796,40.29917416088031],[20.392376529278962,40.29917497130263],[20.39250819607074,40.299176189780766],[20.392651359407147,40.299171174107606],[20.392894476082326,40.29915184108064],[20.39299237966092,40.29914405548413],[20.393053447281872,40.29912977018268],[20.39317462978342,40.29908365532831],[20.393380781336443,40.29898565141653],[20.393539820091203,40.29894256030122],[20.393643649557497,40.29892594188023],[20.393720913479463,40.2989249044915],[20.39387100226811,40.298947808464064],[20.394118522907416,40.298986385757736],[20.39427572556989,40.29902991332888],[20.39437851458712,40.299073513524505],[20.394458880978256,40.29915304197926],[20.394709159814003,40.29939726320432],[20.3950017753978,40.299672167742514],[20.395164688897506,40.29987955449956],[20.39524668834237,40.30005856491107],[20.395300723255687,40.30019545180127],[20.39534783106249,40.30023909158424],[20.395366892710513,40.300246302621595],[20.395430796398635,40.30024244624676],[20.395583335106554,40.30021767101877],[20.395658980031573,40.30021426732254],[20.395703461415152,40.30023190135314],[20.395744784778127,40.300260106727016],[20.39576954434906,40.300332075071815],[20.395837105973957,40.300414839348726],[20.395893482225706,40.30056124332437],[20.395895997276227,40.30076110887437],[20.395848447468378,40.30095158257232],[20.395792747140664,40.30104934519707],[20.39574373765838,40.30113093367205],[20.395644244023686,40.30133165124464],[20.3956235765711,40.301440321650354],[20.39564670354759,40.301476561135296],[20.39573646972062,40.30151378216967],[20.39586572148393,40.301577835525485],[20.395930212934562,40.30164030810134],[20.39595505775903,40.30171148316497],[20.396010214205923,40.30181596396141],[20.396087579473,40.30203144597535],[20.396136448566054,40.302155945820864],[20.396193227369526,40.302246483995056],[20.39627300201299,40.30231277285493],[20.39645831859135,40.30236577979651],[20.39667427634218,40.30242755069098],[20.39677872947926,40.302426102637384],[20.39686335126423,40.30244361351993],[20.39689252078045,40.302464377996],[20.396890787050012,40.3024927204459],[20.396867250104076,40.30252767693243],[20.39686223155016,40.30256256989238],[20.39687522985936,40.30259304155335],[20.396919505274056,40.30261287053811],[20.396989357157164,40.3026210518342],[20.397012615013907,40.30261984546807],[20.39705603944994,40.302602228311216],[20.397154040245997,40.30257421073019],[20.39725963266689,40.30254402265049],[20.397307978895068,40.30253702739456],[20.397349401316948,40.3025509030721],[20.39738292572999,40.30257990173278],[20.397427731390632,40.302609940000664],[20.397543157362794,40.30271880930556],[20.397638762801737,40.30279470028236],[20.39782295758047,40.30289151123617],[20.397865456776437,40.30291867125282],[20.39793590027921,40.303010701130965],[20.398044078680172,40.303152028635694],[20.39824231953208,40.30352837605615],[20.39837765127212,40.30373305555548],[20.39840735620563,40.30379295687157],[20.398407758544444,40.30386183479885],[20.39838961106949,40.30390671328286],[20.398354981584262,40.303944019258765],[20.398300167250955,40.304003070051635],[20.398285987503087,40.30406031497752],[20.39829176528822,40.30410364648158],[20.398297532304902,40.30412202662667],[20.39832988987292,40.30413944935908],[20.3983687341874,40.30415338628887],[20.398411264376843,40.30415460472816],[20.398456786264898,40.3041492527693],[20.398521046530874,40.30413085891677],[20.398637957047733,40.30406575816642],[20.398658652995913,40.30404439921747],[20.398711809861883,40.303989539377085],[20.398738031573025,40.303973814390304],[20.398780292642257,40.3039631815458],[20.398834086550554,40.303954680427374],[20.398929469266037,40.303913498137184],[20.399014156076714,40.303899035348714],[20.39908753243847,40.303899327303135],[20.399120441651515,40.30392319490128],[20.399132904446034,40.30398310428219],[20.39913076214762,40.304013730584316],[20.399036079069827,40.30414534277471],[20.398892154295087,40.304303158778445],[20.398899631927126,40.30436981388822],[20.398913734846438,40.30439905495353],[20.398951046874828,40.304414232199484],[20.399044362407416,40.304452189656125],[20.399214770230586,40.304514715163236],[20.399470155448757,40.30458663315948],[20.399705533293393,40.30465291632392],[20.399915685996167,40.30477480918592],[20.40000846926941,40.304874272501216],[20.40005188873307,40.30499197086143],[20.4000934251663,40.305171610513476],[20.400116752872673,40.305272649431885],[20.40014204304278,40.30531471433687],[20.400159136771315,40.30532576789381],[20.4001882096026,40.30532988259341],[20.400213699823215,40.305320980798534],[20.400254609572546,40.30529401507864],[20.400351683622816,40.305223604659645],[20.40044150606831,40.30513080157759],[20.400538277592055,40.30503081845944],[20.400597583720156,40.30497081372294],[20.400662170515158,40.304905465959564],[20.400743211040908,40.30486865357305],[20.400789300936154,40.304871378030796],[20.40080866417003,40.30488765405669],[20.400823052747832,40.304912599662245],[20.400851202693158,40.304937210412014],[20.400895620191175,40.3049603873042],[20.40094787339567,40.30496645035677],[20.401002099328043,40.3049529871813],[20.401122762990674,40.304923028783676],[20.401198531555586,40.304917058229044],[20.401264074246562,40.30492916676919],[20.401380925172685,40.30495075403322],[20.40144435481432,40.30497143733717],[20.4015008631572,40.3050021399479],[20.401524765010322,40.30502621067428],[20.401602833936185,40.305104831023925],[20.401624447122018,40.30515103794751],[20.401677544140494,40.305183653423924],[20.401777628696358,40.30520491334776],[20.401891930386746,40.305229193147476],[20.401957437903814,40.30526222721372],[20.402031649023478,40.30532812906166],[20.402111295490453,40.305421443736115],[20.40215541481684,40.30549592552903],[20.40221936370919,40.30555239941423],[20.40227863202652,40.30559383730766],[20.402418035688857,40.305634704509266],[20.402514638336864,40.30565301133678],[20.402658573339007,40.30570569436679],[20.402746685978297,40.30574502487739],[20.402791057548136,40.30578599852052],[20.402828201356503,40.30584063989287],[20.402870410548324,40.30590273270744],[20.402900494287213,40.305946988012344],[20.402988977641574,40.306057176807705],[20.403050604426607,40.306114309069535],[20.4030888150339,40.306127521190234],[20.403122456061993,40.306122748625754],[20.403151374895597,40.30610289686518],[20.403198990041215,40.3060608544978],[20.40326492683845,40.30604390367252],[20.403330345950646,40.306044830615605],[20.403386834426083,40.30605700755873],[20.40347856556078,40.30608656704432],[20.403601832582297,40.30611507677976],[20.40371602463158,40.3061533745965],[20.403925743788093,40.30618992117835],[20.404024357092318,40.30619251587006],[20.404363018817588,40.306165729044125],[20.40446197244873,40.30613652504006],[20.40455689192945,40.30610443381412],[20.404641419502607,40.306092077535254],[20.404691449987432,40.30608867112285],[20.404745139916088,40.30608911517241],[20.40484223787254,40.30611265539755],[20.404909201050277,40.30614970421519],[20.405049283697373,40.306227207693226],[20.405094908956578,40.30626403537689],[20.405149496292736,40.30628594557275],[20.40523494445802,40.30630444525481],[20.405557483843847,40.30632007121291],[20.406075246004765,40.30639911509575],[20.40648734405548,40.306462026033046],[20.406846922409184,40.30660194472324],[20.407185764997475,40.306826677773174],[20.407725489931877,40.30710085527812],[20.40816412170147,40.30732367446379],[20.408552145785443,40.30766131131185],[20.409014591378806,40.308104295152525],[20.409140389749872,40.3082086191827],[20.40920183482076,40.308264423610694],[20.409250986653245,40.30832868766994],[20.409259461663662,40.30841073131394],[20.409229085148734,40.30851977890793],[20.409119621355384,40.3085988480764],[20.409031325337804,40.30867497251469],[20.409003700986258,40.308716117842756],[20.409007529874547,40.308890902164535],[20.40895522303061,40.30911496630214],[20.408959639554517,40.30919531667075],[20.408993120402034,40.30925106767034],[20.40905865178058,40.309303885259084],[20.409464905690704,40.30950331409505],[20.40959838093442,40.30960828180124],[20.409768386989253,40.30975086739848],[20.409807872346825,40.30977970020588],[20.40983409472921,40.309785269397295],[20.409905803765923,40.30978109540628],[20.410012106306226,40.309754586306624],[20.410083014445238,40.30973690358795],[20.4101385912825,40.30973142560182],[20.410176674336174,40.30972680845543],[20.41021844734453,40.30972966362209],[20.41026813466455,40.309742865656595],[20.410330406760608,40.3097715853494],[20.410436993380397,40.30980873740769],[20.410821929899953,40.30994291053583],[20.411141681516526,40.31006202434215],[20.411278718526443,40.31014241114264],[20.41153460587693,40.3103063028036],[20.411613362236544,40.31047896084509],[20.411651423654718,40.31056240278183],[20.411715099466775,40.31061003313163],[20.411866447483053,40.31069514975235],[20.412256305618577,40.310917426266805],[20.412374084447258,40.311018146004514],[20.41244611204833,40.31105142781446],[20.412604713578233,40.31105585731522],[20.412988994933762,40.31105348373543],[20.413452535367203,40.311098459622876],[20.413659330965103,40.31115505966545],[20.413943462550797,40.31124293965672],[20.41420160985147,40.31134676211763],[20.414296010311123,40.311430706714724],[20.4144199079043,40.31163840501054],[20.414604573453996,40.311932935560975],[20.414816507695363,40.312119679769395],[20.414963656734823,40.3122499655103],[20.415068929330225,40.31238232123321],[20.415097243976106,40.312477681405106],[20.41511699892319,40.312672516492114],[20.415493472611214,40.31311911583176],[20.415892045316113,40.31359192273502],[20.416767639449628,40.31438095367553],[20.417292739092577,40.31519603666795],[20.417759927674442,40.316097298880834],[20.418009322706798,40.31635026734396],[20.41843398685383,40.31653525433059],[20.41924166859759,40.31681082212619],[20.419474053631266,40.31691473146644],[20.419641320821672,40.31698952333038],[20.41972055034788,40.317046670508006],[20.41967705079763,40.317110640526295],[20.419586672316722,40.317045451746274],[20.419428328511817,40.31697464985558],[20.419200229270032,40.31687265685596],[20.418393017077122,40.316597249177754],[20.41794822965297,40.31640349624538],[20.417680186001444,40.31613161168866],[20.417209823640032,40.31522422487881],[20.416691295127375,40.31441934046861],[20.415819105214773,40.31363337633193],[20.415417306049754,40.31315674144458],[20.41502839743805,40.31269539020061],[20.415007381124752,40.31248811211544],[20.414983813907916,40.31240874034811],[20.414890153472694,40.31229098402961],[20.414748007219384,40.31216512763323],[20.414528135759245,40.311971389408896],[20.41433781185421,40.3116678335786],[20.4142189068939,40.31146850441382],[20.414144172920484,40.311402047973516],[20.41390531017507,40.311305981393495],[20.413627080929423,40.31121992694153],[20.413431328787418,40.31116634950065],[20.412983637677012,40.31112291141832],[20.412603426162583,40.31112525984864],[20.412419358629336,40.311120119104835],[20.412315609567965,40.31107217974491],[20.41219484933462,40.31096891037098],[20.411812541880835,40.310750938736845],[20.411656302972137,40.31066307148196],[20.411572858882433,40.31060065414516],[20.411527784548397,40.31050183756507],[20.41145726906327,40.310347245660665],[20.411222043576444,40.31019658746198],[20.41109380246866,40.31012136036744],[20.41078331208003,40.31000569651538],[20.41039943215799,40.309871891649195],[20.410288098821976,40.30983308505573],[20.41022946912056,40.3098060452213],[20.410199269966327,40.309798021236574],[20.41017977997428,40.30979668910435],[20.410151470822367,40.30980012127254],[20.410103013651906,40.309804897503994],[20.410040181427036,40.30982056629055],[20.409923529354373,40.30984965629243],[20.409825148993132,40.309855382748154],[20.40976174824824,40.309841917497444],[20.409703553284523,40.30979942263392],[20.409532414099708,40.30965588656188],[20.40940721504861,40.30955742736376],[20.409000486280185,40.30935776529699],[20.408917043973343,40.30929051163736],[20.40886982667983,40.309211887083805],[20.408864241063828,40.30911026481826],[20.408916751982083,40.30888532781412],[20.40891268968651,40.30869987732601],[20.408955943166383,40.30863545318075],[20.409054502574183,40.308550480238246],[20.409146328964223,40.308484151195266],[20.40916806146723,40.30840613479227],[20.40916226495595,40.308350020053304],[20.409127532881424,40.30830460917738],[20.40907240211411,40.30825453935237],[20.408945799910107,40.30814954861676],[20.408482677722475,40.307705916247194],[20.408104001764606,40.30737641337172],[20.407675375135806,40.3071586765543],[20.4071308078038,40.306882039016784],[20.40679596069623,40.30665995584069],[20.406457390903615,40.30652821195115],[20.40605752086839,40.30646716772162],[20.40554570646604,40.306389031864796],[20.40521957713264,40.306373231965146],[20.40511575931843,40.306350755220066],[20.40503949809036,40.30632014557551],[20.40498933937558,40.3062796585688],[20.40485611065228,40.306205947120326],[20.404800969259963,40.30617543895283],[20.40474592642659,40.306150902616345],[20.40469785469285,40.30614290539045],[20.404648307115096,40.306143078700806],[20.40458738498416,40.3061532067506],[20.404493058019877,40.30618786760049],[20.404380216939586,40.306212467715525],[20.4041565988499,40.306228809696655],[20.40402884899658,40.30623147001884],[20.403919188513097,40.30622858465716],[20.403700085336595,40.306190402774526],[20.403584268094562,40.306151559901075],[20.403461353815594,40.30612313174514],[20.403370066189996,40.306093715176736],[20.403322885182316,40.30608354459924],[20.40327275404485,40.30608283427669],[20.403228235613238,40.306094278937515],[20.40318759144313,40.3061301662087],[20.403145696957235,40.306158925303485],[20.403082428735964,40.30616790100002],[20.403019009214646,40.306145972366835],[20.40294763868767,40.306079806958756],[20.402856358462376,40.30596613511802],[20.402825439347748,40.30592065087328],[20.402783230185683,40.30585855804237],[20.40274858093858,40.30580758631351],[20.402713391248547,40.305775091396185],[20.402634832708692,40.305740025504505],[20.402497437112398,40.30568973602233],[20.40240282311017,40.30567180605216],[20.402251535727885,40.30562745504339],[20.402182994126434,40.30557953365056],[20.402112285474526,40.30551709012251],[20.402066730259623,40.30544018419942],[20.40199105266171,40.30535151943066],[20.401923652917258,40.30529166627484],[20.40187069826875,40.30526496235191],[20.401764074762493,40.305242313536375],[20.401653947379394,40.30521892031289],[20.40158154829678,40.305174448299034],[20.401557742563927,40.305123553856355],[20.401484407049505,40.30504970030124],[20.40146519857641,40.305030356105256],[20.401419466613618,40.30500550860601],[20.401364936766264,40.304987727368534],[20.40125218239317,40.304966896907096],[20.401195082531565,40.304956348121095],[20.4011332944119,40.30496121701744],[20.40101773799619,40.30498990738552],[20.40095211886069,40.305006199254386],[20.400876608848765,40.30499743766434],[20.400817316459612,40.30496649910263],[20.400779807735447,40.30493370620467],[20.40076562418705,40.304909116035965],[20.400765356738567,40.304908891228486],[20.400755292243627,40.304908296297704],[20.400696594552095,40.30493495952924],[20.400638010553507,40.30499423379958],[20.4005788581122,40.3050540830752],[20.400482238239178,40.30515390957145],[20.400391345948833,40.30524781805609],[20.400282859224703,40.30532840562445],[20.400238522099865,40.30535481425056],[20.40019335480916,40.305379517848486],[20.400179683130627,40.30540302278623],[20.400169639110647,40.305436856403894],[20.400163583748757,40.305489741763644],[20.400116939177458,40.305640324601306],[20.400078492319768,40.30576444221776],[20.40009199051857,40.30584045194704],[20.40014289403048,40.305893589695174],[20.40047672935695,40.306012937858554],[20.40065495435858,40.30602191248412],[20.400804195684533,40.30605783617147],[20.400949203280703,40.30615725174628],[20.401263447755806,40.306555833884644],[20.401265292118083,40.30659787759562],[20.40126770848758,40.30665296058114],[20.40127295348782,40.30668373664729],[20.401302096715032,40.30671135126362],[20.40133053757473,40.30672233864967],[20.401387124513157,40.30673068200755],[20.401501837539882,40.306717737341174],[20.40162243416166,40.306672708481],[20.401669765216557,40.306665573977554],[20.40170810204978,40.306677987248214],[20.401798988728014,40.30674421143324],[20.402105756805778,40.306999570188076],[20.40222450052116,40.30712315633749],[20.40231109994319,40.3072132869671],[20.402344121302267,40.3073771448267],[20.402353209974805,40.307582975104545],[20.402417269306834,40.30773626658642],[20.402595020526316,40.30813638835176],[20.40271103186921,40.308501146401476],[20.402744601019457,40.308606692362325],[20.402797207358855,40.30866143927785],[20.402882601558915,40.30869012105838],[20.402972608022164,40.30869825997646],[20.403039777226166,40.308717282631896],[20.4030561608634,40.308760878184444],[20.403046169232585,40.30892259523243],[20.403116308130553,40.30938379200602],[20.403396822567924,40.3097305320794],[20.403498372768034,40.30978549421775],[20.403575874149787,40.3098491452224],[20.403661811704172,40.30998037541513],[20.403876630607122,40.310389465143366],[20.404087474439635,40.31091221236743],[20.404299728223904,40.311427383127665],[20.4042992994631,40.31157087811974],[20.404280731444683,40.31165421797765],[20.404253922563644,40.311722596858154],[20.404257402399043,40.31176881054736],[20.404310882530314,40.31185740584894],[20.40491999109118,40.31238553807431],[20.405167342380377,40.31255759145454],[20.40523180257428,40.31267524253846],[20.40524329111259,40.31281949975982],[20.40518352804676,40.313043268611246],[20.40512564721387,40.313259988457794],[20.405204620337088,40.313460937522905],[20.405463725370456,40.31369781561253],[20.406038663608722,40.31431742997406],[20.406297105386887,40.31455781485155],[20.406582862530527,40.31471338191815],[20.406848240674123,40.314883372399656],[20.40700236399178,40.31491214846949],[20.407103643937283,40.3149459949659],[20.407146955179574,40.315015572337515],[20.407511643841044,40.31562093111169],[20.40804314819741,40.316233341162956],[20.408336477358503,40.31647664454984],[20.408499421991564,40.31655821747718],[20.408574856950054,40.31655637945753],[20.408702052086067,40.316503816650986],[20.408812794437676,40.31645805270199],[20.408960056076946,40.316418721336206],[20.409099880730196,40.31643292564345],[20.409252206604336,40.31649251782363],[20.40969359921776,40.3165946469815],[20.409892167961747,40.31670221630244],[20.410021387764523,40.316798628083944],[20.410086745999525,40.31683960391511],[20.410135214992863,40.31690443509493],[20.41016341952603,40.31713099107775],[20.41012519839312,40.31738701013861],[20.410134883905517,40.317505017106896],[20.410387802519857,40.31778961532157],[20.41051749372713,40.317944336856954],[20.41063336407637,40.318300166630024],[20.41091786531358,40.319107693792894],[20.411004657406075,40.319320971607915],[20.41100011232167,40.319515155347204],[20.41103444570108,40.319798292384675],[20.411015403099587,40.32000138425615],[20.410902688667715,40.32025838458533],[20.41080761124672,40.32054925175587],[20.41067964001921,40.320796583081815],[20.41068926008462,40.32088038805534],[20.410865510746106,40.32114465132331],[20.411126354207518,40.321454681329534],[20.411230158337247,40.32168925764594],[20.41140032664635,40.32197919367095],[20.41146797029414,40.32223885714718],[20.411501909412944,40.32254340185278],[20.411486921858042,40.322625851055165],[20.411541323685746,40.32279689987522],[20.411754342029557,40.323008101777646],[20.412694117830778,40.32379031002937],[20.413360174961035,40.32431916424225],[20.413853286551525,40.324614487999796],[20.414673295188297,40.32507781466042],[20.414619744451894,40.32515013350547],[20.413793925600668,40.324674524650305],[20.413294140121753,40.32437520373752],[20.4126225021551,40.323841917904275],[20.41167907607653,40.32305667068661],[20.411450701696058,40.322830243392644],[20.411386920106818,40.322629702086765],[20.411402973765814,40.322541388784366],[20.411370439836265,40.32224944940947],[20.411306048704997,40.322002270027134],[20.411138513702312,40.32171681998803],[20.41103709343596,40.32148763005535],[20.410780153271034,40.32118223888114],[20.41059296082812,40.320901569353154],[20.41057962881684,40.32078542638317],[20.410713777831752,40.320526155947064],[20.410808218801023,40.32023723706388],[20.41091819761698,40.31998647504983],[20.410935768524574,40.31979908187402],[20.410901680924923,40.31951796831622],[20.41090603948584,40.319331765168236],[20.410823402107056,40.31912869617337],[20.41053816331499,40.31831907233594],[20.41042598000596,40.31797456378863],[20.41030574237162,40.31783112012885],[20.410038419273175,40.3175303126805],[20.410026499534055,40.317385081667595],[20.410064539221118,40.31713028051231],[20.410039324330466,40.31692773683618],[20.410010398245504,40.316889045803336],[20.409955785604026,40.316854806808834],[20.409829052999147,40.31676025068686],[20.409649838749353,40.31666316611563],[20.409215306307896,40.31656262420132],[20.409070181052066,40.31650584902053],[20.40897033841741,40.316495706352875],[20.408852605607457,40.31652715100813],[20.408748771458967,40.316570060170115],[20.408601167252463,40.31663105692842],[20.408471550893573,40.31663421510785],[20.408272460946446,40.31653454719349],[20.407965565666345,40.31627999111197],[20.407425521966562,40.31565774100183],[20.407057909528266,40.31504752768507],[20.40703065510118,40.31500374472068],[20.4069708047123,40.31498374345357],[20.406802690425867,40.31495235513117],[20.406522715967835,40.314773014799194],[20.40622946907712,40.314613370186485],[20.405960510959456,40.3143632035007],[20.40538581534523,40.31374384989055],[20.405116263299256,40.313497420653626],[20.405024333656915,40.31326350256858],[20.405087180666754,40.31302818947214],[20.405144343124793,40.312814159160624],[20.40513466056681,40.312692576745626],[20.405085083558,40.31260208985295],[20.404849853663833,40.31243846774802],[20.4042276464257,40.311898977658224],[20.404160301329306,40.31178741337797],[20.404154748904123,40.31171367340148],[20.40418480810448,40.31163700453062],[20.404200980225212,40.31156441877998],[20.40420135548677,40.311438889515635],[20.403993601841798,40.31093463946966],[20.403783871995692,40.31041465240849],[20.403572085413227,40.31001133624196],[20.403494302387003,40.30989255813055],[20.40343334122751,40.309842491377495],[20.4033237413288,40.30978317244203],[20.403021167413808,40.309409164376206],[20.40294756470475,40.30892518688731],[20.40295690112211,40.30877407822532],[20.40294945907166,40.308771970597526],[20.402856513732385,40.30876356591852],[20.40273359498145,40.308722280563124],[20.402653718434042,40.30863915370903],[20.4026154894046,40.308518955951996],[20.402500514296115,40.308157454407855],[20.402323885304387,40.30775985755269],[20.402255394706636,40.307595961661],[20.40224604358372,40.30738418079647],[20.40221759588954,40.30724301730314],[20.402145290161915,40.30716776310104],[20.402029736555278,40.307047497018075],[20.401728827603844,40.30679701527138],[20.401656483349708,40.306744301918336],[20.40165401231361,40.306744674392725],[20.40153124850039,40.30679051243905],[20.40138493448245,40.306807023084836],[20.401298478785563,40.30679427578367],[20.40123890806151,40.30677126217681],[20.401179036971016,40.306714531360846],[20.40116959153487,40.30665910796203],[20.401167016422797,40.306600404382785],[20.401166031552233,40.30657795273739],[20.40087263159851,40.30620580879433],[20.40075442976277,40.30612477090138],[20.400636722233312,40.30609643766612],[20.40045185323816,40.30608712845505],[20.400078486309265,40.30595364746328],[20.399997922850755,40.305869547845155],[20.399978593649596,40.305760702277695],[20.400021263122728,40.30562295348918],[20.400076729690475,40.30549580359062],[20.40008372591668,40.30543460722378],[20.400094681826175,40.30537940163823],[20.400100744136864,40.30535421931886],[20.40004682511301,40.30528953162314],[20.40004284760929,40.30517553311535],[20.40000241113381,40.305000650078526],[20.399962081883846,40.304891328242725],[20.39987891812713,40.30480217695395],[20.399680941802945,40.30468734661133],[20.399452654807316,40.30462306024045],[20.39919502096512,40.304550509011065],[20.399021504768292,40.30448684298389],[20.39892726102602,40.30444850796005],[20.398872874876357,40.3044263855414],[20.39884970706391,40.304378349217465],[20.398840072762525,40.30429246912053],[20.398992972096693,40.30412481251063],[20.399080759644875,40.30400278542747],[20.399081993842664,40.3039851415207],[20.399073084027293,40.30394231137209],[20.399067222268037,40.30393806009572],[20.399019611399527,40.303937870655815],[20.39894783288356,40.303950128970584],[20.39885209060642,40.30399146650207],[20.398793372630692,40.30400074578025],[20.398762298518985,40.3040085639984],[20.398748452208206,40.30401686754149],[20.398699368201292,40.30406752406898],[20.39867405001963,40.30409365333989],[20.39854527495533,40.30416536079346],[20.398474106202542,40.30419213067405],[20.39841528220662,40.30420032629664],[20.398357740797636,40.30419898434635],[20.398302419582873,40.30418121194013],[20.39824180410875,40.30415510950378],[20.398218027481903,40.30411621189071],[20.39822093482203,40.30406942664737],[20.398238837508124,40.30398317513287],[20.398295366684508,40.30391367883395],[20.398321526560583,40.30387793323889],[20.39833507463632,40.303836614997955],[20.39832543233257,40.303795856353716],[20.39829811650179,40.30374230398501],[20.39816491107069,40.30354506089547],[20.397964449426862,40.303163379359944],[20.397804545077967,40.30295634058759],[20.39773415563907,40.30291615794036],[20.39759849135014,40.30283362322279],[20.39748983194389,40.30275440722197],[20.397347102942284,40.30260747556685],[20.397329344750116,40.30259857839886],[20.39727598337366,40.302592597134435],[20.397183222002187,40.30262240858587],[20.397089809467236,40.30264766343878],[20.397026812133447,40.302658011130845],[20.396987211763587,40.30266006517086],[20.396902267370614,40.30265011618602],[20.39682804560271,40.30262595979516],[20.39680381529901,40.302564674629735],[20.396817888138152,40.30251628247003],[20.39682930715909,40.3024871287058],[20.39682484302877,40.30247804521279],[20.39677011427298,40.302475836541475],[20.39666379415064,40.30247709068582],[20.39644050611468,40.30242747158995],[20.39624197886865,40.30236697364109],[20.39613228223203,40.30228823883369],[20.39604747567739,40.30217438417851],[20.396014378968232,40.30204249731734],[20.395954891835043,40.301846896474565],[20.3958983109188,40.30173618281106],[20.3958672769213,40.30166727708285],[20.39580927801551,40.30161391258615],[20.395703720685123,40.30155873755109],[20.395603204950792,40.301527295775365],[20.395459819484415,40.30150220816231],[20.395270613601223,40.30152589605288],[20.39505631808479,40.30161389617281],[20.394822599803295,40.30176487812546],[20.39470213975398,40.30183398739401],[20.39455563428476,40.30191114239822],[20.394415931047867,40.30195509780355],[20.39421947104636,40.301979109499854],[20.39404613010433,40.30199319766284],[20.39398678909542,40.30200466209802],[20.393910743849982,40.30206253212579],[20.393802877370916,40.302196405653454],[20.39375737784295,40.3022814847102],[20.393717568962774,40.30244330738825],[20.393553118432774,40.30259133655258],[20.393338196247598,40.30276439431773],[20.39314845485821,40.30293660162892],[20.393113181544784,40.30294271185623],[20.393098543154036,40.302938765325464],[20.393085638396393,40.30293374732981],[20.393078140082174,40.30292169937068],[20.393259513962704,40.30273622203787],[20.393465184614794,40.302555093416736],[20.393630018989732,40.30242707766948],[20.393687264069843,40.30227294288962],[20.393731436645858,40.302179909632066],[20.39384763618344,40.302042195194964],[20.39394167938166,40.301960082236356],[20.393991785984273,40.301944738223675],[20.394120825119803,40.301935676393036],[20.394167654825754,40.301932387719944],[20.394204698743717,40.30192978625208],[20.394392336476937,40.301908104426175],[20.39450852235126,40.30186670098988],[20.39465245571444,40.30179553536899],[20.39476673528267,40.30172440422188],[20.3950242483679,40.30156411913164],[20.395255714732972,40.30148738520841],[20.39555635202933,40.301393877615816],[20.395594879446303,40.301321852795745],[20.39569695772662,40.301115921281585],[20.395746482400472,40.301033475237475],[20.39579971872762,40.30094003742983],[20.395845257947276,40.30075761822579],[20.39584285976637,40.30056702873394],[20.39578900130859,40.3004271629712],[20.39572239530178,40.30035155063102],[20.395699784792406,40.30028556025409],[20.395672465884573,40.300263320847755],[20.395648044785833,40.3002536394398],[20.395590120061907,40.30025624580081],[20.395438078542785,40.30028094027164],[20.395356955884903,40.300285835750415],[20.39531566051486,40.300270213676484],[20.395255149935142,40.300214157788695],[20.39519848500343,40.30007060802028],[20.395118572011214,40.29989615221859],[20.3949601976777,40.29969454359429],[20.394669568724844,40.29942150528358],[20.394418894219157,40.29917689782779],[20.39434481371335,40.29910358968573],[20.39425469106473,40.29906536219672],[20.39410477451802,40.299023852063],[20.393860992494048,40.298985857446695],[20.39371635155194,40.29896378483448],[20.393649330459333,40.29896468469721],[20.393553523074246,40.298980019144274],[20.39340286171387,40.29902084043203],[20.393199335005555,40.29911759650727],[20.393072260985456,40.299165953328185],[20.393002497729366,40.299182272765044],[20.39289971280131,40.29919044654413],[20.39265513941238,40.299209895410385],[20.392509049001347,40.299215013632846],[20.392378646429393,40.29921998793656],[20.39229650930668,40.299219375146244],[20.392269716842726,40.2992199116521],[20.392242969799604,40.299228248301816],[20.3922343067993,40.299238483543334],[20.39222460357485,40.29924776003962],[20.392216442088806,40.29928262890453],[20.392202570338284,40.29936195583677],[20.392145117342338,40.29935976070323]]]},"properties":{"Zk_Numer":2239,"Zk_Emer":"KOSOVË-GOSNISHT","Nr_Pas":"118/6","Vol":1,"Faqe":159,"Pronaret":"SHTET","Kufizimet":"","Siperfaqe":48454}},
{"type":"Feature","geometry":{"type":"Polygon","coordinates":[[[20.37784703757026,40.31257640876978],[20.37774094594488,40.31250095360666],[20.37827225899132,40.31185084252552],[20.378377874876836,40.31171260515509],[20.378815876438743,40.311332430028095],[20.37910120254548,40.31103380463135],[20.37911623817431,40.31087676790458],[20.379098006143227,40.31076188287966],[20.379162186912545,40.310691466821694],[20.37924437410483,40.31057021244762],[20.37927383035324,40.31048616594814],[20.37928039417218,40.31044063502686],[20.379241765318387,40.31029279380574],[20.379201741253823,40.310082663782026],[20.379205865647393,40.30995231354739],[20.379257156806432,40.3097824738594],[20.379287341880524,40.3096090864228],[20.379316783094225,40.309508751547554],[20.379390790051556,40.3094217245173],[20.37947697075071,40.30922956063532],[20.379652531974408,40.30882182711785],[20.379710802172024,40.308631505678974],[20.37995826422036,40.308359612632096],[20.38056667279808,40.307396409853794],[20.380619458172113,40.30725516002274],[20.380588937223397,40.30699097798712],[20.380524385629958,40.30646243980965],[20.38030513206737,40.30613734372445],[20.38014129435987,40.30547206429498],[20.38013037129968,40.30509322658954],[20.380108311916437,40.30480229453743],[20.379975659297923,40.30453429726835],[20.379931353175138,40.304363950783554],[20.37998340126984,40.30421088276868],[20.38002175551126,40.30409309122171],[20.380011233428906,40.30392108590078],[20.379989498966186,40.303763005099405],[20.379936094510956,40.30367096881991],[20.379794918020345,40.30355253559218],[20.379649932260616,40.30337696001159],[20.379517466414917,40.303185488230454],[20.37926533298602,40.30302419578618],[20.378896029332964,40.30257340368607],[20.378704514172846,40.30223080779064],[20.378676578144162,40.302158249431365],[20.37865208921718,40.30209897893214],[20.3785586923081,40.302056243760816],[20.378366107315852,40.30192746050863],[20.378223965652904,40.30172343733441],[20.378131059041962,40.3015434198869],[20.37809083503079,40.301300075488314],[20.377999178527617,40.300859912505516],[20.377788956633207,40.30028068858937],[20.37770812387731,40.3000991045646],[20.377550284614905,40.29994331953827],[20.377465111244582,40.299855888660474],[20.377410950533445,40.299778401160744],[20.3774005381999,40.29967035197229],[20.377320268691143,40.29948865994818],[20.37720366695133,40.29929795847168],[20.377071563984185,40.299107331992694],[20.377021575310753,40.29898851744625],[20.377024404397865,40.29889408855154],[20.377035734579124,40.29882298082438],[20.376962714161298,40.298681317143206],[20.376854342507528,40.29855783403978],[20.376666520572083,40.29849523838284],[20.37641864303319,40.29843054981219],[20.37630949841696,40.29838134161957],[20.376265856130736,40.29830936068434],[20.376315618287816,40.29824690022645],[20.376530742599734,40.29818104699895],[20.376658214048547,40.29811097095717],[20.37674117370105,40.29803710695351],[20.376794706851886,40.29795183627675],[20.376797344858062,40.29789700763913],[20.3766862099572,40.29784254969699],[20.37657380598504,40.29779795177194],[20.376530523666418,40.29772649202007],[20.376514706065727,40.297651085957526],[20.376549838737958,40.29749938906702],[20.376533745687123,40.29743916141695],[20.376433224115146,40.297381562903276],[20.376185508182985,40.29712753417839],[20.37611122543367,40.29702954369838],[20.376016628030598,40.29680521704416],[20.37581838708653,40.29658785133297],[20.375739488386785,40.29631453607579],[20.375808583252986,40.296107573486935],[20.375840350362598,40.29595912733248],[20.375851046114963,40.29593459252835],[20.375884403297125,40.295914496262924],[20.375988042184172,40.29590391763766],[20.37607459067433,40.29585872635665],[20.376174726518357,40.29578368021033],[20.376283501323805,40.295682077847005],[20.37639792082748,40.29553701036507],[20.376475961582823,40.29537939368463],[20.37646232512654,40.29527265090374],[20.37642346551257,40.29520233401948],[20.37583778507456,40.29499003266967],[20.37581001471958,40.29497644233528],[20.375790204080374,40.294958324143124],[20.37577514979819,40.294929038429665],[20.375774418364028,40.29487649451397],[20.37578569399656,40.29481799500931],[20.375816537853172,40.29474770838058],[20.375931528828012,40.294682926469044],[20.375834995175474,40.2948078314695],[20.375823963849896,40.29486830202137],[20.375829095993737,40.29493862365551],[20.375839982084525,40.294953834642484],[20.37646463448852,40.29517571064605],[20.37650624568477,40.29526288998937],[20.37651653057026,40.2953921118436],[20.376402087886433,40.29558817798356],[20.376289335875224,40.29573147901151],[20.376089823869247,40.29588730208115],[20.375990451788056,40.295932500346424],[20.375917914949884,40.29593670220335],[20.37588465945622,40.29595056555914],[20.375877456109347,40.29597307868648],[20.375852089203903,40.29611540360004],[20.37580647296293,40.29622946417363],[20.37578245578537,40.296314268245936],[20.375856591893772,40.29657436562412],[20.376059899596743,40.296791432450135],[20.376152268501265,40.297013494963245],[20.376370649101187,40.29725654152372],[20.376485203281785,40.297357542190184],[20.376588940556786,40.29740360773567],[20.376627889215435,40.29746159591574],[20.37661208058757,40.29751677619379],[20.37656712704678,40.29767368677594],[20.37660139601619,40.297744229064016],[20.376691179425624,40.29777593534226],[20.376809697213236,40.297829307278235],[20.376872055176033,40.29787839446473],[20.376866512195292,40.29796233597786],[20.376718723210107,40.29814281496981],[20.376540383466853,40.29822238637706],[20.376376731753112,40.2982677777807],[20.376336390832854,40.29830814643595],[20.376360696568266,40.298356352000674],[20.376533782264303,40.298412121129736],[20.376746438855093,40.298451455344726],[20.376854145023447,40.298498986122155],[20.376962136822126,40.29856736796067],[20.377091022217282,40.29877771942999],[20.37711833601049,40.298832138527004],[20.377100584046342,40.298915835184005],[20.377104998181114,40.29902000253953],[20.377143802806984,40.29910131375473],[20.377300593858394,40.29932762164514],[20.377434012461723,40.29953812999147],[20.37746659794012,40.29967382657601],[20.377470017660315,40.29976878163134],[20.3775467417737,40.299863002869884],[20.37775658307009,40.30006453371921],[20.37781303212187,40.30019463575811],[20.378055701132514,40.30083142336978],[20.37816177437986,40.301285555429345],[20.378179585681167,40.30151262740645],[20.378248292542402,40.30161665916315],[20.378398319636503,40.3018640226613],[20.37853792148009,40.301966947472636],[20.37870339864217,40.30205730660425],[20.378742938435998,40.30210312228633],[20.37877609772075,40.30218941220287],[20.378935917311072,40.30250339289639],[20.379308635473258,40.302985636885445],[20.379565450768638,40.30316794622717],[20.37981254732122,40.303485332804385],[20.379964269287147,40.303593233678264],[20.380059808064335,40.303721811000244],[20.380077470776193,40.30392410323466],[20.380092632398284,40.30408165116017],[20.380037040145044,40.30424977111296],[20.38000253028201,40.304354134082665],[20.380040485848376,40.30449826111258],[20.380171814297036,40.30478335979887],[20.38019541493502,40.30508889842734],[20.38021403567794,40.30546659728984],[20.380361513819064,40.30612210266234],[20.38059869764826,40.30644059368677],[20.38064871984304,40.30697179806067],[20.38069052146684,40.30726409038784],[20.38062303259614,40.307427193803115],[20.380023319048643,40.308394784388796],[20.37976780531853,40.3086564611506],[20.379712470849274,40.308854135069055],[20.37954819675862,40.30925069921558],[20.379442753083914,40.309479842002915],[20.379382145344703,40.309540919319204],[20.379348001369337,40.309615329528384],[20.379324567343442,40.30979127159887],[20.379284193737007,40.30995592201671],[20.379264959228465,40.31008917751922],[20.37929713658141,40.31026831315442],[20.37935672034863,40.31042570679303],[20.379357098323478,40.310493259323984],[20.379296720786517,40.31061271872992],[20.37920262959035,40.31074646654065],[20.37917577633266,40.31078463752961],[20.379191113070963,40.31085223698999],[20.379180941304075,40.31106462581495],[20.37887627848801,40.31138189498887],[20.378440888529113,40.31174636435186],[20.378305881562667,40.31190885364297],[20.37784703757026,40.31257640876978]]]},"properties":{"Zk_Numer":2239,"Zk_Emer":"KOSOVË-GOSNISHT","Nr_Pas":"76/5","Vol":1,"Faqe":160,"Pronaret":"SHTET","Kufizimet":"","Siperfaqe":12993}},
{"type":"Feature","geometry":{"type":"Polygon","coordinates":[[[20.38245981173018,40.29657089347219],[20.38254317220714,40.296585750023574],[20.38263480870429,40.29663559737851],[20.382825123068006,40.29684043531969],[20.383098739518502,40.29708309807927],[20.383258269695816,40.29719329144857],[20.38357123713664,40.29733967111902],[20.383669533238773,40.29737005573431],[20.383733849202695,40.297374762069815],[20.384069992666678,40.29735244913254],[20.384122629891337,40.2973528044018],[20.38421897096764,40.29738295180646],[20.38451552387587,40.29755122803174],[20.384596598377104,40.297596449387825],[20.38462052612047,40.297634845132386],[20.38475905084754,40.29781048503508],[20.38484433774376,40.29791862245988],[20.38493849474629,40.29811341189624],[20.38504360084853,40.298438575180015],[20.38509273661413,40.29855159721676],[20.38530968039146,40.29880200244315],[20.385443307982136,40.298897646020436],[20.385557118561987,40.29909361615791],[20.385749834278943,40.29946641821414],[20.385834738805293,40.2998330245383],[20.38584402892697,40.30012741477365],[20.38587726859306,40.300275841327355],[20.385926233985643,40.30039910424488],[20.38592681404452,40.30050104509532],[20.38589998447225,40.30062106705513],[20.38591452141853,40.30083661179816],[20.38594786102686,40.30096360932045],[20.386117152041496,40.30112771661201],[20.386426714093584,40.30137610218545],[20.38652882156314,40.30149870274152],[20.3865829114444,40.301630988839754],[20.386642806175104,40.30172810794978],[20.38667316551421,40.301842849300144],[20.38663341128499,40.30202292433877],[20.386668130897174,40.302129084251675],[20.386704846632476,40.30219774596296],[20.386781033999878,40.30236754031691],[20.38679347669858,40.302492407615425],[20.386763546369014,40.30257094568875],[20.386713030031174,40.30273100415],[20.386698383050756,40.30278223466259],[20.38672844331347,40.30298194368886],[20.386800444451563,40.303243996650295],[20.38685863390744,40.30360955122574],[20.38689166471034,40.303863141126705],[20.38685327377114,40.30390165988129],[20.386838249894286,40.30378223999775],[20.38681648985727,40.30362261109164],[20.386777950857336,40.30342729548833],[20.386762742200997,40.30324857017015],[20.38668015621213,40.30298881452373],[20.38664868613507,40.302834307151734],[20.386648075165215,40.30272529372394],[20.386679423158682,40.30262127167793],[20.386730449695662,40.302487376987905],[20.38671947763966,40.3023772671415],[20.38664646906728,40.30221455685747],[20.3866087402351,40.302144000447555],[20.386569763561837,40.30202482365834],[20.38660976347672,40.301843636529696],[20.38658320402564,40.301743256288496],[20.38652469995045,40.30164839198185],[20.386471800726284,40.30151901758212],[20.38637741527264,40.301405688752155],[20.386070035486323,40.30115905402398],[20.385889682669255,40.30098422349945],[20.38585249768775,40.30084257768015],[20.385837367730968,40.30061823708958],[20.38586444825524,40.300497093005305],[20.385863931737426,40.3004063043451],[20.385816484516667,40.300286862912415],[20.385781814608062,40.30013204920689],[20.385772529060247,40.29983779537826],[20.385689549846326,40.29947950090262],[20.38549962890731,40.299112104624385],[20.38539148800147,40.29892589684015],[20.38526176981633,40.29883305134583],[20.38503620456614,40.29857269463838],[20.38498367567542,40.29845186750535],[20.384878818619818,40.29812747381783],[20.384787921930947,40.29793942890065],[20.384705686200487,40.29783516001635],[20.3845655803179,40.29765751513451],[20.384547133342913,40.29762791409307],[20.384478611463585,40.297589694260736],[20.384188141786925,40.29742486987767],[20.38411011898412,40.297400454694206],[20.38407241556008,40.29740020021769],[20.383733573643593,40.297422692264334],[20.383654590794382,40.29741691267521],[20.38354313023681,40.29738245875327],[20.3832208212039,40.29723170984412],[20.38305409476406,40.29711654570643],[20.382776023494195,40.2968699319458],[20.382590117995882,40.29666983919856],[20.382517864672263,40.296630535667276],[20.382383892557808,40.29660984479165],[20.38245981173018,40.29657089347219]]]},"properties":{"Zk_Numer":2239,"Zk_Emer":"KOSOVË-GOSNISHT","Nr_Pas":"98/25","Vol":1,"Faqe":161,"Pronaret":"SHTET","Kufizimet":"","Siperfaqe":4999}},
{"type":"Feature","geometry":{"type":"Polygon","coordinates":[[[20.3738232767592,40.29603509014079],[20.373660625827203,40.296412342658485],[20.37365512051266,40.29643235324126],[20.373638502490817,40.29645329926353],[20.373614246032673,40.29647670301362],[20.37360637092115,40.29650580605721],[20.373623098128785,40.29654036525053],[20.373673789129953,40.29658123231696],[20.373717014380375,40.296648210882225],[20.37373613234861,40.296749206038726],[20.373755189296944,40.29678045457273],[20.373777554988088,40.29684107520245],[20.37385284846299,40.2969021425772],[20.373986749029875,40.2970634042646],[20.374013290735764,40.29709043880216],[20.374036735252822,40.2971000036651],[20.37407627025729,40.29711295521872],[20.37409921353875,40.29712557555448],[20.37413852955183,40.29719531331528],[20.374148515815317,40.29723776032762],[20.374173526827736,40.29727631043197],[20.37418938179484,40.297294628578456],[20.374205958329988,40.297307777846136],[20.374238842664866,40.297329116476845],[20.374274598546204,40.2973656363388],[20.374281704443234,40.297429906006684],[20.374304801223374,40.29752793112827],[20.374307978494027,40.29755999956067],[20.37432870994435,40.29757836963418],[20.37436633309843,40.297598913420735],[20.374470218436176,40.297650342285834],[20.3745218002425,40.29768266558599],[20.374534244699863,40.297701940034706],[20.374526330571104,40.297734563362894],[20.374547673025813,40.2977501176261],[20.374576298848407,40.29776947621781],[20.374592984945096,40.29783697166367],[20.37458095572519,40.29795953050698],[20.374566765661736,40.297975996857],[20.3745199683819,40.298007316046366],[20.374470847381325,40.29803109349116],[20.37445269069951,40.298050316997575],[20.37445268818393,40.29806767187251],[20.37446320799794,40.29811370908848],[20.37448208273035,40.29821313160627],[20.374476425812592,40.29829203312602],[20.37447967065059,40.29832629388753],[20.374490326584393,40.29834664121106],[20.374503736806933,40.29836337028877],[20.374537747251594,40.29839234668278],[20.37457196645088,40.298452561671255],[20.37456572416733,40.29848051515313],[20.374546035788885,40.298511098258615],[20.374512384854324,40.298518995598194],[20.374490592078065,40.298541995625705],[20.374496263010297,40.29856405760399],[20.37451385219463,40.2985837454013],[20.374558021829934,40.29861615990505],[20.374569412660378,40.29864244179727],[20.374561956223165,40.298696124645204],[20.374561670095773,40.298744744719535],[20.374570741298054,40.29877940402585],[20.37458780819257,40.29880503843254],[20.374604943458174,40.29884027831872],[20.374600162279204,40.29887752254783],[20.374599978777532,40.298894508130324],[20.374612283431766,40.29891187763708],[20.37461839210291,40.29896745059736],[20.374632579550244,40.29898767793883],[20.374662594265548,40.299020618135245],[20.374625037669347,40.2991054110237],[20.37463167462936,40.29911421185461],[20.374689983022957,40.299123061116745],[20.374731055037213,40.29914361292724],[20.374763178385574,40.2991675838047],[20.374793094404204,40.29919527555995],[20.37485546435662,40.29921575833036],[20.37491700966274,40.29922245477629],[20.374951773649137,40.29924190561598],[20.37496969598591,40.29930433376417],[20.374968585130823,40.29944789179205],[20.374950197074646,40.299488920739215],[20.374911540701362,40.299559046104164],[20.374846821414433,40.29965195420934],[20.374769814727234,40.299713527316875],[20.374737449856447,40.29975597164869],[20.37470238981733,40.29979953497877],[20.374691324196156,40.29984054194682],[20.3746656868958,40.29988058958033],[20.374640035246966,40.299918577974964],[20.37464093443681,40.29994951244259],[20.374656716929323,40.29997120109196],[20.37466636585977,40.3000035007709],[20.37468567729742,40.30006852769648],[20.374671273622763,40.30011695796516],[20.374636230038664,40.300155546997345],[20.374608736937926,40.30020074524229],[20.37460141171866,40.300234822281396],[20.374584858108957,40.30027404820193],[20.37453527500352,40.30029632117798],[20.37448106091992,40.30031728243153],[20.37448869446699,40.30033892780109],[20.374534261951553,40.30036308792648],[20.374586218436882,40.300396185177334],[20.374633083378225,40.30042603897158],[20.374668245759004,40.30048235432868],[20.37469990550459,40.30053305984594],[20.374776382004228,40.3006479436483],[20.37501958453639,40.30094177121889],[20.375072389652917,40.30105765668877],[20.37509622995948,40.30113696326378],[20.37512134681855,40.301194451758136],[20.375166328453336,40.301237954149826],[20.37523820082599,40.30127359966385],[20.37535041167192,40.301316075192354],[20.375491460876866,40.30144043963507],[20.37575044097684,40.301886586350946],[20.37584935587135,40.30210069927207],[20.375938099963147,40.30226071679959],[20.375971412544754,40.302432746872775],[20.376014610206504,40.302655823309536],[20.375996311972397,40.30276244777816],[20.376033068294127,40.30289803097686],[20.376048639872188,40.303047454156996],[20.376097634467857,40.30313268440945],[20.37630576344699,40.303340396348936],[20.376527381529236,40.30355278675841],[20.376495908107554,40.303585425873806],[20.37627352022754,40.303372297665845],[20.376055442932685,40.303154657243795],[20.375991818184485,40.303043976448535],[20.375975184505755,40.30288436013971],[20.375935709994053,40.302738749811006],[20.375954489060355,40.30262932405411],[20.37591386357559,40.302419529535065],[20.375882903295842,40.30225964630509],[20.37579891814364,40.30210820954179],[20.375700352677143,40.30189485263917],[20.37545098363734,40.301465262475595],[20.375338755177335,40.30136630955858],[20.3752426280503,40.301329922276956],[20.37514732993845,40.301282658661236],[20.37507589207627,40.30121357004978],[20.375041881768517,40.301135725731136],[20.375018222986842,40.301057022790665],[20.37497243673995,40.3009565406732],[20.374733821101927,40.30066825455818],[20.37465395636694,40.30054828079715],[20.374621609022473,40.300496473979315],[20.374598286030743,40.30045912031722],[20.374572522561728,40.300442708533765],[20.374500244292452,40.30039666592987],[20.374443752947677,40.30034589707899],[20.374435046249484,40.3003049814802],[20.37443958255064,40.30028904347116],[20.374453391827846,40.300277418452005],[20.37447699901584,40.300274218937744],[20.374510829457016,40.30026743842686],[20.374539909775827,40.300250666666614],[20.37455487410114,40.3002280392998],[20.37456970522175,40.300181294027176],[20.37459639033255,40.30013030260073],[20.37463153837142,40.30009292792833],[20.37464411271911,40.3000747672023],[20.37464332722951,40.30005333192476],[20.37462293005902,40.299982536143496],[20.37460419717049,40.29994453106139],[20.374606128154443,40.299910913427134],[20.37462019013941,40.29987960882838],[20.37464598471176,40.299842766503396],[20.374661101190608,40.299815730073234],[20.374667208917064,40.299777847075745],[20.374683333584336,40.29974275129037],[20.37472109045334,40.29970051221681],[20.37478031206926,40.299656742764896],[20.374835027637076,40.299600929815014],[20.374897517586408,40.2994967917723],[20.37492521101959,40.29945064119911],[20.374928047525632,40.299378708080376],[20.374926620104496,40.29929058000984],[20.374915813014187,40.29926392123592],[20.37489291568676,40.29924533539126],[20.3748549639799,40.29924187331945],[20.374799555983955,40.2992280576701],[20.37474375802881,40.299199390699876],[20.37470399187052,40.299162745497725],[20.374673167158434,40.299146942398046],[20.374626863704126,40.299142340171215],[20.374593972670176,40.299135855106314],[20.374581697319773,40.29912593055824],[20.374577640008553,40.299116746070176],[20.37458320257112,40.29910829688731],[20.374588679465436,40.29910384541964],[20.374619272447703,40.29904326774867],[20.37462452434401,40.299027822099326],[20.37462287777037,40.299016028953986],[20.374619062207692,40.2990105197793],[20.374609578478744,40.299006088622555],[20.374595110382984,40.29899932857856],[20.374577231486963,40.298985521761544],[20.37457461477152,40.29897705933709],[20.374576935209923,40.29896822776623],[20.374579038528214,40.29894939939562],[20.37457457810189,40.298926003348825],[20.374568419002657,40.298910825808285],[20.374560106682388,40.29889034218825],[20.37455958753611,40.29887304239793],[20.37456372806956,40.29886089190147],[20.374567480134182,40.29884988137242],[20.374568795063137,40.298831261330044],[20.374553959816325,40.29880737161415],[20.374530988836742,40.298783029825756],[20.37452095272069,40.2987577791621],[20.37452719838706,40.29869506979986],[20.37453133700372,40.2986535161236],[20.374529687158745,40.29863728729744],[20.374517711910965,40.29862515899571],[20.37449620556262,40.29860814400542],[20.374453844814646,40.29857462978446],[20.374446272514096,40.29855209511607],[20.37445417957881,40.298522861047694],[20.374463729054504,40.298510007123376],[20.374490036270885,40.29849709874068],[20.3745173633216,40.29848804752228],[20.374528430978046,40.298474512308765],[20.374530164241577,40.29845349540034],[20.374524091489754,40.29842669102167],[20.374509915496617,40.29840388420485],[20.374491718625197,40.298389546222005],[20.374465932178094,40.298369228118496],[20.374448020033483,40.298344350939516],[20.37443991841821,40.29830773013733],[20.374442134706825,40.29826200877161],[20.37444977747782,40.2982155140284],[20.374419640698346,40.298068157601094],[20.374419652715623,40.29804110994812],[20.374444031449645,40.298020821801],[20.37450941009259,40.29799120960928],[20.37455771562931,40.29795389372422],[20.374567916319148,40.297905668726195],[20.374568932541248,40.297832746254244],[20.374552071124942,40.297786914296715],[20.37452425167068,40.297763248505085],[20.37449636240284,40.29774218356887],[20.374504663256836,40.29771380670408],[20.374497864677224,40.297698205357094],[20.374457950205898,40.297667890975895],[20.37437629681702,40.29762955831328],[20.374324713894246,40.29760768156059],[20.374293763271666,40.297579692389775],[20.37428107605972,40.297561327978464],[20.374277198170876,40.297519334635155],[20.374257135903484,40.297435398175764],[20.374239205436893,40.29736765751255],[20.374230052507944,40.297352514246995],[20.37418327903213,40.29732221471503],[20.374153096625,40.297291822950534],[20.374118517110222,40.297238210714],[20.37411119134596,40.297200121977674],[20.37408522762113,40.29715577587399],[20.374068809440693,40.297136313004806],[20.37405721023982,40.297131053291096],[20.374018858748858,40.2971253851574],[20.373992440062118,40.297113263046114],[20.37396705814389,40.297082835611334],[20.373829594441087,40.29691804576156],[20.373786015691667,40.296883874696036],[20.3737448703368,40.296849817742796],[20.373721440458166,40.296787211809345],[20.373697413998954,40.29675138994938],[20.37368522887897,40.29665332771316],[20.373644044303102,40.296594479819184],[20.373600171302712,40.29655311419634],[20.373581218531715,40.296511678499115],[20.373596195363845,40.29646041251875],[20.37362550683076,40.29642995720568],[20.373637888509446,40.296372722093594],[20.373747689949194,40.29610817565742],[20.3738232767592,40.29603509014079]]]},"properties":{"Zk_Numer":2239,"Zk_Emer":"KOSOVË-GOSNISHT","Nr_Pas":"78/18","Vol":1,"Faqe":162,"Pronaret":"SHTET","Kufizimet":"","Siperfaqe":3514}},
{"type":"Feature","geometry":{"type":"Polygon","coordinates":[[[20.37044902216113,40.30130328561809],[20.370561600873916,40.30142496827035],[20.370592475063102,40.30149206871647],[20.370619932401304,40.30155174302636],[20.37066406185858,40.301570970188564],[20.370937039373736,40.30166567490327],[20.371095861726015,40.30174907372371],[20.371374842606546,40.30188467186325],[20.371413909455146,40.30193105439759],[20.37150128703117,40.30200694796854],[20.371714189422164,40.302109430437035],[20.371793246569442,40.30216544428887],[20.372001284525258,40.30231752720948],[20.37207536508317,40.302371682395304],[20.372104582524432,40.30244704782481],[20.372100272859175,40.302530203167024],[20.37208370465862,40.302607584119045],[20.372129003181733,40.30269620909881],[20.372230931226955,40.302934615000105],[20.372343682544187,40.30316652176498],[20.372457229806816,40.303307860852584],[20.372586662018453,40.3034104904616],[20.37274120775737,40.303459584161466],[20.373103138808833,40.30357455572967],[20.373299700927827,40.30366083457261],[20.373411969336882,40.303710113342206],[20.373467317031157,40.30375881176069],[20.373569070674492,40.3039933531038],[20.373815096829137,40.30421009454623],[20.373979321972893,40.30435477075357],[20.374014012479098,40.30447329342731],[20.374099618383504,40.30467898266518],[20.37421542445424,40.304786349811934],[20.3743807124413,40.30487240694169],[20.37480638181162,40.305025480291505],[20.374974664728082,40.305134757126154],[20.375029521860142,40.30522024744353],[20.37502837640734,40.30530218979465],[20.3749850823554,40.30541270576509],[20.374934256316596,40.30545804432212],[20.37490482964889,40.30549846922939],[20.374901361606007,40.30553754493963],[20.3749250734961,40.30558874412662],[20.374969311287852,40.30562437666446],[20.375016167143308,40.305642170799175],[20.375249656458337,40.305629647596376],[20.3752912280138,40.30566031010953],[20.375334497373036,40.30574170755075],[20.375571692666583,40.3059232803451],[20.375885475253817,40.30611969518566],[20.376206497017268,40.30627753939018],[20.376266064557758,40.306300605600256],[20.376370775112868,40.30631636645529],[20.376454121538004,40.30635309974556],[20.37661702471323,40.306557008723296],[20.3766512345508,40.306637522931624],[20.376628347382052,40.30669817119569],[20.376569455804624,40.30676258274098],[20.376547397545657,40.30678670850394],[20.376535411121026,40.306812936254495],[20.376540972722797,40.306855689014625],[20.37657657502997,40.30689323117319],[20.37672565241565,40.30700116601647],[20.376778621038998,40.3070677469542],[20.376807501063823,40.30713170153286],[20.37683384317245,40.30719003580374],[20.37683194829807,40.307236997539725],[20.376796132606987,40.307300713431474],[20.37673300697446,40.307386728484715],[20.37672980633018,40.30743231625225],[20.376739849532083,40.30749888937668],[20.376752883373435,40.30758528627655],[20.376800147487238,40.30765276521341],[20.37682165595127,40.30773708293876],[20.376823356179806,40.30782072055866],[20.376902780959536,40.308170182275376],[20.37690350266203,40.30823394281091],[20.376890740595034,40.30827371646558],[20.376868152869598,40.30829278148894],[20.37680930124486,40.308317241694105],[20.37677456914586,40.30833940927841],[20.376765681363562,40.30836315509369],[20.376845392734154,40.308505650073414],[20.376946972221784,40.308746892004145],[20.377103476210966,40.30902421798911],[20.377160802983347,40.30912910341217],[20.377171146064377,40.30919619384185],[20.377149219369755,40.30929303922123],[20.377129199669607,40.309381461583776],[20.3771112870015,40.30946057747937],[20.377129884773737,40.309528719502154],[20.377195361806525,40.30965778664384],[20.377250270860106,40.30979310291559],[20.377278076033583,40.30993383321555],[20.377270633103013,40.30999273639362],[20.377206636950653,40.31008194439486],[20.37698862610991,40.31020350738866],[20.376930237648434,40.31026443292312],[20.376908399541374,40.310315154881806],[20.376953461480795,40.310478921734145],[20.376933550707705,40.31052181965958],[20.376893122099734,40.31060002986618],[20.37688048941445,40.31062446808868],[20.37688568527636,40.310659763591566],[20.37691003053996,40.310719209227805],[20.376897142474327,40.31076051020517],[20.376880404301293,40.31079681775837],[20.376825036608118,40.31083565926088],[20.37671963903628,40.310853058883005],[20.37670167949235,40.31085940198487],[20.376692549700415,40.310870654514176],[20.37665431663343,40.31096666263951],[20.37663752614166,40.31106705677982],[20.37660932205286,40.31108823933183],[20.376480129976684,40.311216235066986],[20.376372959705293,40.311269585955976],[20.376343981330862,40.31130003195018],[20.376332399134146,40.31136534057412],[20.376336228355413,40.31137776634018],[20.376357010218882,40.31138948407712],[20.376373327796664,40.31141258641867],[20.376377078540116,40.31146214718156],[20.37634943246037,40.31146554168591],[20.376341694936073,40.31142147140702],[20.376328333103473,40.31140255378183],[20.37630578388323,40.31138983952424],[20.376300015574646,40.3113711214215],[20.376312497775803,40.31130073812903],[20.376345406042738,40.311266163235075],[20.376452762448675,40.31121271971921],[20.376581010014995,40.311085659824435],[20.37660618129374,40.31106675506288],[20.3766224361096,40.310969564127],[20.37665897423061,40.31086785063302],[20.37666963996131,40.31084973587237],[20.376697828691817,40.310841991755225],[20.376802640882588,40.31082426889939],[20.37685059014364,40.310794973111854],[20.376865605545998,40.31076240253698],[20.37687732845273,40.31072483547955],[20.37685380467444,40.31066739565737],[20.376848017626486,40.31062808410134],[20.37686205278667,40.31060093278799],[20.376902381908497,40.31052291512123],[20.37692076181872,40.31048331549938],[20.37687583861713,40.31032005256997],[20.37689751980734,40.31025738208553],[20.37695801873884,40.31019538760208],[20.37718319154183,40.31006834543981],[20.377238881440796,40.30999429909194],[20.377245824080383,40.30993935541488],[20.3772184749272,40.30980093284588],[20.377164065862555,40.30966684858099],[20.377098324646038,40.30953726056616],[20.37707887246566,40.30946598788086],[20.377097283645313,40.30938467036164],[20.377117303388044,40.309296248004465],[20.377138850381705,40.30920107989114],[20.377129019175353,40.309137309546585],[20.377072553741893,40.30903399994603],[20.37691579382798,40.308756220233676],[20.376814206961935,40.308514960523254],[20.376732935938545,40.30836967732333],[20.376742874862934,40.308329880759324],[20.376781673169493,40.30830636848721],[20.37684185470429,40.30827962891741],[20.37686059101029,40.308271304081444],[20.376871346721522,40.30823778339153],[20.376870652500553,40.30817644821619],[20.376791236967073,40.30782702646558],[20.376789539242093,40.307743510065166],[20.376768732542658,40.30766194325965],[20.376721179143946,40.307594051262065],[20.37670781082054,40.307505436925354],[20.376697619488283,40.30743788168443],[20.376701080647614,40.30738858365576],[20.376765556019173,40.30730072952048],[20.376799905738682,40.307239621643724],[20.376801624298597,40.3071970301113],[20.376776200026683,40.30714072831985],[20.376747856611697,40.30707796199726],[20.37669680626498,40.307013792273196],[20.37654818379464,40.30690618674836],[20.376509318389363,40.30686520367404],[20.37650301184727,40.306816724287586],[20.376516811120236,40.306786529840295],[20.37654007760402,40.306761082624526],[20.376597513124374,40.306698263658845],[20.376618393931473,40.306642932090355],[20.376586191148196,40.306567141480194],[20.376426259590126,40.30636695201896],[20.376348482183584,40.306332673148994],[20.376244186191553,40.30631697467658],[20.37618203847518,40.30629290934071],[20.37585962010267,40.30613437837003],[20.37554456846285,40.305937169077545],[20.37530464931259,40.3057535110907],[20.375261435743578,40.30567221853714],[20.375227085215524,40.30564688212866],[20.37499623182932,40.30565926390788],[20.37494323789952,40.30563913874945],[20.374894898911432,40.30560020277393],[20.37486904341433,40.305544375013085],[20.374872957888403,40.30550026943794],[20.374904798871256,40.30545652789909],[20.374954517910325,40.305412176853245],[20.374996261700723,40.305305618347646],[20.374997345192238,40.305228111158016],[20.374945494035067,40.305147305346445],[20.374781186055937,40.30504060964813],[20.37435625939886,40.30488780330665],[20.37418816965024,40.30480028740521],[20.374069097036926,40.30468989170003],[20.373982390838545,40.30448155851305],[20.373948397251,40.30436541673797],[20.373786703896986,40.30422297087162],[20.373538674088024,40.30400446416475],[20.37343692210348,40.30376992641572],[20.373385273772627,40.30372448291142],[20.373275240113102,40.30367618503483],[20.373079522389656,40.303590276796434],[20.372718490320263,40.30347559074309],[20.372561014048372,40.303425566090056],[20.3724282252935,40.3033202749619],[20.372313025624305,40.303176878941194],[20.37219964641346,40.30294368051054],[20.372097758080162,40.302705367242474],[20.372051090360937,40.30261406339213],[20.37206818451507,40.3025342261889],[20.372072356703526,40.30245372421609],[20.372045015065343,40.30238319727741],[20.3719738731198,40.302331190284335],[20.37176592140874,40.30217917034901],[20.37168799404465,40.30212395695348],[20.371474425228172,40.30202115364911],[20.37138483055669,40.30194333434081],[20.371346960904425,40.30189837316773],[20.371070583068857,40.30176404017338],[20.37091264644615,40.301681106425434],[20.370640254540394,40.301586604831364],[20.370590557911903,40.301564952047606],[20.370561205628153,40.30150115930557],[20.370531040443655,40.301435599712214],[20.37043122177138,40.30132770893694],[20.37044902216113,40.30130328561809]]]},"properties":{"Zk_Numer":2239,"Zk_Emer":"KOSOVË-GOSNISHT","Nr_Pas":"78/19","Vol":1,"Faqe":163,"Pronaret":"SHTET","Kufizimet":"","Siperfaqe":3848}},
{"type":"Feature","geometry":{"type":"Polygon","coordinates":[[[20.36998570337976,40.30230990570023],[20.37001623420669,40.30246117798896],[20.37000373485786,40.30253979962182],[20.369924983684328,40.30270470214111],[20.369931066867636,40.30273087288529],[20.37020695799464,40.30290554540753],[20.37037572541352,40.303084978061946],[20.37051025661665,40.30327134643044],[20.370543654166916,40.30338680677556],[20.370560735356506,40.30344585885363],[20.370583883076712,40.303468138077605],[20.370676665955187,40.30352037768187],[20.370732620559394,40.303568679001245],[20.370756305078174,40.303601743860774],[20.370783477277772,40.303688750210824],[20.370816237949736,40.303762590527484],[20.370866593377745,40.303796386902015],[20.37109922728605,40.30391163824681],[20.371449605366475,40.30401544429278],[20.371671778180076,40.304177591430935],[20.37186229500256,40.30460605421238],[20.37208210717909,40.30474986534124],[20.372101594548962,40.30486025267833],[20.37228120867107,40.30507779710292],[20.372387153974334,40.30527841094406],[20.372710831350393,40.305466352979074],[20.373023713715973,40.305702362209445],[20.37309198325287,40.30596898925163],[20.373181355155847,40.306181255055954],[20.373154175959122,40.306432650873184],[20.373125042830743,40.30661598329436],[20.37313618118917,40.306716887831186],[20.3732296009915,40.30683077149469],[20.373293690613192,40.30701308152198],[20.373323640896373,40.3071730195704],[20.373552362048617,40.307659927855745],[20.373549446456416,40.307860552182184],[20.373562503339556,40.30789980635336],[20.37363434867358,40.308026388279586],[20.373850306126354,40.30836190714641],[20.373894745789766,40.308475353140125],[20.373923063269753,40.30854764206106],[20.373987055947037,40.308587851450575],[20.374208511630744,40.308689918461475],[20.37431370580615,40.30876018832702],[20.374364144157713,40.30886034636995],[20.374434180066764,40.30903914541112],[20.374594079130897,40.309296089688765],[20.37466966418732,40.30937621599208],[20.374713298345295,40.309455390064464],[20.374878564974356,40.309582766799664],[20.37534872780445,40.30989377055095],[20.37538110048608,40.310070377487676],[20.37539551429019,40.31012880208299],[20.375417091295603,40.31028400373434],[20.375375923200114,40.3104333371436],[20.37536979761958,40.31045555705607],[20.37538103617706,40.310491740073395],[20.375476682652202,40.31056429714003],[20.375508855708933,40.31060410933702],[20.375484447040517,40.31065102725286],[20.375433833993895,40.310679876142515],[20.375176792150807,40.31074902090346],[20.375139582967197,40.310775120831934],[20.37512700186386,40.31079809217844],[20.375130859028438,40.310949100452675],[20.375127593088095,40.311110047164206],[20.375120067558576,40.31122743799294],[20.3750729478313,40.31122566774956],[20.37508043470143,40.31110888123652],[20.37508367562136,40.310949173016446],[20.37507963982403,40.310791166931516],[20.3751000792286,40.31075384746252],[20.375152041628827,40.310717399082336],[20.37541141969911,40.31064762589845],[20.375445560699745,40.310628165903175],[20.37545623752635,40.31060764312161],[20.375439504926643,40.310586937529834],[20.375338257371975,40.310510131459154],[20.375321452723778,40.31045602805844],[20.3753297640735,40.310425879571454],[20.375369390039832,40.31028214045848],[20.375348804958165,40.31013407288826],[20.37533453749537,40.31007624130757],[20.37530447305823,40.309912226259755],[20.374846361340495,40.30960919392788],[20.37467338648742,40.30947587613519],[20.374628282112134,40.30939403427599],[20.374553329946743,40.3093145788328],[20.374390033466327,40.30905217493312],[20.374319476694392,40.30887204585429],[20.374273890065037,40.3087815220211],[20.374180623710657,40.308719219933465],[20.373959781805457,40.30861743578135],[20.373882010567208,40.30856856870137],[20.37384955941766,40.308485727213494],[20.373806250426465,40.308375167428004],[20.373591533078315,40.30804157488924],[20.37351772468981,40.30791153417261],[20.373502206535466,40.30786488034803],[20.373505096494988,40.3076660293717],[20.373277625954056,40.30718178267821],[20.373247398399435,40.3070203633889],[20.373185887951465,40.3068453897819],[20.373090140081846,40.30672866797363],[20.37307762780138,40.30661531610948],[20.373107238496605,40.30642897922088],[20.373133565521186,40.306185467212444],[20.373046228675097,40.30597803448562],[20.372980225490892,40.30572025806146],[20.372679896122452,40.30549371752656],[20.3723482927619,40.30530117321417],[20.372239066825475,40.30509434708519],[20.37205622516143,40.30487289334389],[20.3720377721347,40.304768364730116],[20.371821810652975,40.30462707280619],[20.371630853089282,40.30419761830693],[20.371423841272822,40.304046535978664],[20.37107767620667,40.30394397808478],[20.370838081981105,40.30382527844534],[20.37077563835493,40.30378336898034],[20.370738812501852,40.30370036591241],[20.370682577226088,40.30384140029228],[20.370670851180986,40.303859286835646],[20.3707099815639,40.30391316780875],[20.370742126816896,40.304083429552506],[20.370711092070568,40.30421916677655],[20.370701247791644,40.304274557579376],[20.370703718245615,40.304284301367694],[20.37071773924966,40.30429958571793],[20.370802727291778,40.304336689718355],[20.3708322072354,40.30435858387115],[20.37084709270385,40.30438348108033],[20.37087380010682,40.30450357511302],[20.370966216814523,40.30505176108886],[20.370987881797898,40.30508753818804],[20.371032964658085,40.30516198694221],[20.371030344646385,40.30521446391794],[20.371018097093515,40.305258563973126],[20.370985630754056,40.30533757018123],[20.370952557046323,40.30539933554017],[20.370931634354953,40.30543840873615],[20.370932912325273,40.30545184748102],[20.37096533523945,40.305509871225425],[20.371210307693165,40.30577504119836],[20.371237769701523,40.30585925447391],[20.371222033049474,40.30593429224421],[20.37118799569006,40.305978607092804],[20.37119074540443,40.30603764132829],[20.37120902092277,40.306130144724605],[20.37127032432959,40.306224120807784],[20.371312911849028,40.30635540423535],[20.371307724581357,40.30650676739845],[20.37133372314092,40.306615735404186],[20.37144037182899,40.30674373818906],[20.37154036151468,40.30683734863843],[20.37158571385453,40.30695127308337],[20.371697492959616,40.307058526473185],[20.371735604919984,40.30710525578128],[20.371765939663977,40.30719496691914],[20.37180313185436,40.30728049624741],[20.371842326449475,40.30733879171926],[20.372039779572187,40.307477105129294],[20.372178655481413,40.30758039548103],[20.372445313447304,40.30771724397089],[20.372607034534177,40.30783275510354],[20.372766122245466,40.30792075316426],[20.372809567374517,40.30794778714693],[20.372849242925277,40.30798940810109],[20.372848888819462,40.308040426161405],[20.372838763603234,40.308077439930344],[20.37283022636671,40.30816425940595],[20.37280163272407,40.308248674074235],[20.37277075115176,40.3082940270443],[20.37276640990414,40.3083102064761],[20.372770608402035,40.30833065635758],[20.372790604386985,40.30836210281339],[20.372913383709562,40.308453732069545],[20.372927630231178,40.308502407573116],[20.372948426036267,40.30853883386128],[20.37297548809136,40.30858623615517],[20.372982955606933,40.30863378961132],[20.372958960045963,40.30876371794557],[20.372959714598693,40.30880507427686],[20.373031486315234,40.308952702669984],[20.373055320050433,40.308971997362214],[20.373204617900207,40.309029718544245],[20.3733159616796,40.30906411353003],[20.373387729749535,40.30911974389298],[20.373403557933543,40.30921624275165],[20.373450805482722,40.3095780593143],[20.373564140707458,40.30980545158426],[20.37361888313851,40.309968758759595],[20.373746341734087,40.310130073935454],[20.37395699557191,40.31047585153921],[20.373980718373485,40.310535572932025],[20.373994177323546,40.31059808940969],[20.373990144303452,40.31068042693739],[20.37394322612205,40.31087736950764],[20.37389116079127,40.310957882641716],[20.373890682092437,40.310981089555156],[20.373936073556095,40.31107227751555],[20.374074493110005,40.311221777946194],[20.374144678119407,40.311316347705],[20.37417888227977,40.31137487737727],[20.374168136749162,40.31144467048061],[20.374147962037018,40.31157570650871],[20.374238180749405,40.311735966891746],[20.374184584947002,40.311753648411454],[20.37408816974494,40.311582380598324],[20.37411017730133,40.31143944095014],[20.374119039688885,40.31138187934555],[20.374092550358412,40.311336551112824],[20.374025192037358,40.31124579004302],[20.373884176517016,40.31109348569904],[20.373832151969367,40.31098897221021],[20.37383301578955,40.31094709668728],[20.373887284714655,40.31086317606482],[20.373931981838076,40.310675557210246],[20.373935638076627,40.31060091331005],[20.373923761930048,40.310545748695304],[20.37390236086619,40.31049187209162],[20.37369477990141,40.31015113801571],[20.373564494322572,40.30998624475582],[20.373508435784142,40.3098190109876],[20.373393509218612,40.30958842550119],[20.37334556202336,40.3092212487555],[20.373332293007696,40.309140351841265],[20.373282925614554,40.309102085136715],[20.373180502754714,40.30907044588395],[20.373019918274874,40.30900836107604],[20.37298093189903,40.3089767994889],[20.372901502800882,40.308813420238266],[20.372900544347743,40.30876088584197],[20.372924103562493,40.308633320790015],[20.37291857277122,40.308598100285295],[20.372894952136587,40.30855672597318],[20.37287191035252,40.30851636553175],[20.372860229452254,40.30847645577719],[20.37274258515574,40.30838865868349],[20.372714314361623,40.308344198891184],[20.372707117886897,40.30830914643409],[20.372715229196576,40.30827891642255],[20.372746811618757,40.30823253423753],[20.372772425442836,40.308156916828366],[20.37278085853845,40.30807115715464],[20.37279056322198,40.30803568079942],[20.372790784037452,40.30800387059157],[20.372766887954437,40.307978802795205],[20.372730600892158,40.30795622295195],[20.372569895722897,40.307867330177835],[20.372408928200407,40.30775235725195],[20.372141776955406,40.307615255561814],[20.37199974148025,40.30750961521313],[20.371795222323083,40.30736635205895],[20.37174918450157,40.30729787834796],[20.371709942797253,40.30720763567176],[20.37168135691568,40.30712309637437],[20.371649776546768,40.30708437545375],[20.37153314293301,40.306972464014514],[20.37148789681667,40.30685880619679],[20.3713930206773,40.30676998298473],[20.371278371873565,40.30663237810241],[20.37124922935037,40.30651023234735],[20.371254368027255,40.306360290836935],[20.37121524035377,40.30623967267371],[20.371152698499348,40.3061437979619],[20.371132545632275,40.306041791742004],[20.37112907067532,40.30596718572072],[20.37116615768799,40.30591890044636],[20.37117825794177,40.30586120250844],[20.37115634186093,40.30579399585455],[20.370914117720844,40.30553180053926],[20.370875419860866,40.30546254711005],[20.370872436892537,40.30543117884346],[20.370898562753613,40.30538238879086],[20.370930703458455,40.305322365911735],[20.370961596509208,40.305247188421795],[20.37097222332097,40.30520892432472],[20.370974115591757,40.305171024139725],[20.37093493951203,40.30510632960782],[20.370909492715864,40.3050643072441],[20.370816075978166,40.304510186677184],[20.370790849620814,40.30439675197513],[20.370783709092432,40.30438480882038],[20.370767400941922,40.304372697083856],[20.370677490122283,40.30433344388363],[20.37064880636346,40.30430217558472],[20.37064212831031,40.30427583639711],[20.37065342017292,40.30421230078637],[20.370683039018054,40.304082756810324],[20.37065376353781,40.3039276945156],[20.370611236212504,40.303869136009254],[20.370610403047227,40.30385189800276],[20.37062878912097,40.30382385249948],[20.37068184958906,40.30370917278896],[20.37067518044616,40.303586425835],[20.37063711268242,40.30355356482988],[20.37054305240145,40.30350060598475],[20.370506676510008,40.303465594882276],[20.370486680833952,40.303396466824374],[20.37045510614998,40.30328730809584],[20.37032633724718,40.303108922145384],[20.37016254773394,40.30293478185021],[20.369889128934688,40.302743311852595],[20.36985661966148,40.302662931786344],[20.369956824200077,40.30251974166561],[20.3699709021556,40.30249962451599],[20.36998570337976,40.30230990570023]]]},"properties":{"Zk_Numer":2239,"Zk_Emer":"KOSOVË-GOSNISHT","Nr_Pas":"78/20","Vol":1,"Faqe":164,"Pronaret":"SHTET","Kufizimet":"","Siperfaqe":9925}},
{"type":"Feature","geometry":{"type":"Polygon","coordinates":[[[20.345111497390175,40.29168451182124],[20.34520902705008,40.291709635027615],[20.34543654605135,40.29173364675453],[20.345570048515274,40.29176764545568],[20.345676157727834,40.29179785157163],[20.345724025771883,40.291817312309504],[20.34592621120297,40.291909074577504],[20.346106187818247,40.29198326183994],[20.346231114073305,40.292014298169605],[20.346303883060717,40.29202710997652],[20.346402587338634,40.29206574076952],[20.34646948070789,40.29209723891405],[20.346525464815237,40.29212153917907],[20.346561573457084,40.29215158879714],[20.346590016857586,40.292182062378316],[20.346598734053238,40.292219619819015],[20.346619742169217,40.29225644789861],[20.346630397523782,40.2922668373909],[20.346647160199964,40.29227331091073],[20.346656077003956,40.29227466026854],[20.34669444481736,40.29227091780497],[20.346732645223206,40.292264335427625],[20.34676513452361,40.292250830349886],[20.346783362594707,40.29224188887733],[20.34681014674835,40.29221089647664],[20.346832879788632,40.292171713807555],[20.34690030374878,40.29207395095255],[20.34697661675636,40.291950998528385],[20.34700548268829,40.29191133633911],[20.347090138508598,40.29183554876922],[20.34713085535899,40.29180459284506],[20.347160822210373,40.29177486782299],[20.347193291192546,40.29172826847838],[20.347236145420766,40.29164756392812],[20.347284507649984,40.29157019745807],[20.347323421360418,40.29152201263705],[20.347345757602696,40.291503285738905],[20.3473683111541,40.291493468440194],[20.34737914224276,40.29149132408122],[20.347411726849185,40.29149170534988],[20.347447486931095,40.291496703310294],[20.34749724665238,40.291505116508844],[20.347540015404547,40.291516417204996],[20.34760002306268,40.29153993098175],[20.34763155185925,40.29154220025691],[20.347668935924037,40.291533160561706],[20.347730642983553,40.29149952699103],[20.347810131474564,40.29143941806359],[20.34786225503088,40.29138681026765],[20.347881150379845,40.291358764588885],[20.347886136830144,40.2913445403758],[20.347881196168228,40.291331455515106],[20.347856808828187,40.29130792575429],[20.34783175001194,40.291286008229086],[20.347835191783968,40.29125378893496],[20.347859447020138,40.29120912420543],[20.347887144205156,40.29115935098491],[20.347925329947508,40.291062907408886],[20.34798534770983,40.290977694931],[20.348017082642844,40.29093559771475],[20.348044980127906,40.290916661230185],[20.348085362176985,40.290899264981945],[20.348137337469534,40.29088893484554],[20.348194170704538,40.29087511115767],[20.348240220173988,40.290855217625015],[20.348277751701293,40.29084062886607],[20.348326129173024,40.290810784178085],[20.348345304405985,40.29078234582983],[20.34836627306848,40.29075298709756],[20.34838554486379,40.29073763466023],[20.348408642896374,40.29072811991171],[20.34846645176766,40.29071973530734],[20.34855894381932,40.29070824368815],[20.34862762270272,40.29070326914224],[20.348723832241557,40.29071192548926],[20.3487698452437,40.290713587041104],[20.348836538427435,40.29069524306471],[20.348848706496636,40.2906844058206],[20.348856357853204,40.290669771874455],[20.348866104665586,40.290636563620424],[20.34888426235516,40.29060995641115],[20.34890413238226,40.290592961241565],[20.34893396162112,40.290581324155156],[20.34896192544239,40.29056095804131],[20.34896711585488,40.290550317440655],[20.348977564076996,40.290536424326355],[20.34899476778064,40.290526250008796],[20.34903184787024,40.29051015931214],[20.349062467579703,40.290495138160786],[20.34914002396225,40.29044602291832],[20.349227824822115,40.290401729884415],[20.349264426054173,40.29038470846654],[20.349287544452224,40.29036594730985],[20.34931150281345,40.29033719086761],[20.34932551580209,40.290305996880626],[20.34933794752463,40.29026553808014],[20.349359314378336,40.29023962535273],[20.349388607013648,40.29021632196008],[20.34942701586439,40.290194086124295],[20.349515259368992,40.290160254377966],[20.349604179570015,40.290135890032644],[20.349641340627134,40.290137178131054],[20.34967745284639,40.29014101170168],[20.349714839503022,40.29014545469843],[20.349751589220553,40.29014839115063],[20.349770034503685,40.2901459542799],[20.349815464617755,40.290132941459646],[20.349899468026383,40.29010453917939],[20.35000991662464,40.290074734802836],[20.35011637731817,40.29004973883401],[20.350185553635644,40.29004285985067],[20.350232981572123,40.29004212912286],[20.350263837151367,40.29004600904177],[20.350323439899995,40.290067019048415],[20.35038324879685,40.29009241508546],[20.350446360914,40.29011570365468],[20.35051288871669,40.29012724018608],[20.35060579709767,40.290127581885315],[20.35072358435207,40.290118574910345],[20.350809762392963,40.29011302369223],[20.350940562353586,40.29012538093211],[20.351032208364813,40.290125628856096],[20.35110123071989,40.29012604442435],[20.351154380569994,40.29011926842814],[20.351218082891002,40.290101121275775],[20.351256722087932,40.29008670740128],[20.35128373969461,40.29008182893096],[20.35129930007329,40.29008211309766],[20.351319884246344,40.29008735226409],[20.351337676240863,40.2900957167846],[20.351368076694875,40.29012614935023],[20.351407908872286,40.29017563727985],[20.35145232021745,40.29021801568062],[20.35149534738969,40.29023496251879],[20.351557158857677,40.29023977649978],[20.35169462356643,40.29024823387296],[20.351850271607187,40.29027585939455],[20.351957284189282,40.29029656587471],[20.352030006598195,40.29030152742721],[20.352069354143076,40.290301475246814],[20.352134894657688,40.29030465203977],[20.35219535074865,40.29031137181227],[20.35222590849174,40.29031446951716],[20.3522646404224,40.290303664516124],[20.352318491779904,40.29026665005224],[20.352367963163065,40.29023726503794],[20.35239828872828,40.2902219226016],[20.352439032963325,40.2902112660591],[20.35247560251293,40.29020262727351],[20.352503141424002,40.29020252793798],[20.352578406062364,40.29021671136103],[20.352602195616367,40.29023072609949],[20.352621740052673,40.29024670432914],[20.352646251965346,40.2902586603612],[20.35272309692443,40.290275262311916],[20.352836273061424,40.29028211370453],[20.352970832137117,40.29027386380953],[20.353040609376,40.290271963249374],[20.353082651279863,40.29026695476177],[20.353110662982544,40.29025831294424],[20.353149153379885,40.29024203290789],[20.353192684783647,40.29022788983728],[20.353217715249265,40.29022445159233],[20.353236439157307,40.29022676023242],[20.353261933489573,40.29023968305047],[20.3532916803347,40.29025350155505],[20.353326642415205,40.29026564437224],[20.35336459939625,40.29026821215882],[20.353397112853436,40.29026565249355],[20.353490428283433,40.29023618711047],[20.353567318773333,40.29020507246607],[20.35368469625968,40.29015969683931],[20.35383245743106,40.29009422377913],[20.353999957068414,40.290053365807786],[20.35418108704515,40.289993874466134],[20.354258862226796,40.28996135716482],[20.35428542410743,40.289943576896796],[20.354309312904412,40.2899143198159],[20.354345862192257,40.289873235472115],[20.35437172501369,40.28985672172783],[20.354405901690047,40.289847288023786],[20.35443897925003,40.28981805360925],[20.354467822559943,40.289774025040444],[20.354486155752245,40.28970944380159],[20.35450458721363,40.289654223702485],[20.354529695132094,40.28962334901482],[20.354585564668678,40.28958714773051],[20.354629539480932,40.289561676267326],[20.35470415364005,40.28952616944927],[20.354724012312953,40.289518139407505],[20.35475047260501,40.289512250494155],[20.35479656464724,40.28951476224958],[20.354827769518764,40.28952133979502],[20.35486675038911,40.28953378862637],[20.354895166937023,40.28954621401349],[20.354971845194893,40.28958562556891],[20.35509695324645,40.28962815392387],[20.355227132049063,40.2896589204166],[20.35544164246827,40.289702013216306],[20.355514327398172,40.28971111802698],[20.35566408931133,40.28970613149044],[20.355774205024115,40.28972132961383],[20.35589588584988,40.28974303381291],[20.355975122671197,40.28976583929259],[20.355998793415747,40.28977900216791],[20.356025145127543,40.28979029890924],[20.356068876116865,40.28980292814213],[20.35612776466197,40.289800940354006],[20.35618729657238,40.289793143668334],[20.356228563428655,40.28978845162391],[20.35627573387811,40.289788228035114],[20.356333850788502,40.28980569486907],[20.356439050136665,40.289860903164865],[20.35650059353164,40.28989218645869],[20.356536319743277,40.2898972525832],[20.356582040255276,40.28990605221138],[20.356600373989387,40.28991289642725],[20.356618080518988,40.289930393097066],[20.356638212330356,40.28993899724742],[20.356658518472376,40.289942731465295],[20.356715761646967,40.289942046173636],[20.356758982997714,40.2899395678237],[20.35681401157206,40.28993281945819],[20.35686174689705,40.289919904832075],[20.356900516753566,40.289900843521686],[20.35692520931823,40.289881519430985],[20.35693450563556,40.28986301743108],[20.356950972364505,40.28980513594412],[20.35697128371255,40.28975812143231],[20.356986934222785,40.289729724946554],[20.357037693356066,40.28966191286751],[20.357081189178402,40.28958603964903],[20.357110769487836,40.28949528238541],[20.35714042472466,40.289348843424506],[20.357211913108397,40.289202180748006],[20.357268060950474,40.289089408885424],[20.357321138386165,40.28897750771493],[20.357349441319766,40.28893464809546],[20.35739225195549,40.28891174416006],[20.357504037830054,40.288864215149815],[20.35770200419163,40.28881896645042],[20.357779580299145,40.28879900587061],[20.357902849518716,40.288752159621595],[20.35795269527345,40.28873198931231],[20.357984703982446,40.28873134003291],[20.358029135486934,40.28873860795715],[20.358080298912668,40.28875152953428],[20.35814466171505,40.288776004195626],[20.35818692566617,40.28879615244422],[20.358215655656885,40.288809976436006],[20.358244192463424,40.28881906040816],[20.35827796778958,40.288823796401246],[20.358350261883643,40.28881445062567],[20.358422658786438,40.28878806026226],[20.358480776643436,40.28874677810928],[20.358514252491602,40.28870930605546],[20.35854919390921,40.288671445806536],[20.358582003391383,40.288632289026445],[20.35862828076061,40.288595191527676],[20.35869583445291,40.28857479310044],[20.358806051201206,40.28855505484344],[20.358875073039844,40.2885412151271],[20.35898647553604,40.28852645048164],[20.359067763532646,40.28851714839838],[20.359109842125132,40.2885029193526],[20.359149054881016,40.28848337770752],[20.35918464603813,40.288475041401334],[20.359227919918606,40.28847623720082],[20.359265394936898,40.28848809665111],[20.35930279366436,40.28850686641475],[20.35933321450662,40.28852817493577],[20.359365258494385,40.28856795814365],[20.3593925961335,40.28860440943574],[20.359430363421918,40.288628799382835],[20.359489046141476,40.2886518788445],[20.359560921810154,40.2886641698532],[20.359681065554867,40.28866736269643],[20.359832587425412,40.28866210593067],[20.35988575458662,40.288656980221006],[20.359976317352462,40.28864538011019],[20.36001567449452,40.28863557290534],[20.36006480908339,40.28860207903721],[20.36012420447238,40.2885415900884],[20.360170890886177,40.28848269145561],[20.360210547747748,40.288426800084224],[20.360244475197838,40.288386439790045],[20.360284009433485,40.288358194532606],[20.36036459181309,40.28832216836203],[20.360471082156092,40.28829403058412],[20.360581377449368,40.288277970128554],[20.360693977295988,40.288279540986245],[20.360769480115856,40.288287289160316],[20.360838001612404,40.28831327942939],[20.360889797144047,40.28835302673258],[20.360962579721523,40.2884226246399],[20.361031150060107,40.288476541376944],[20.36107819860381,40.28850529661629],[20.361149829414778,40.28853298267919],[20.36122094522559,40.28855316403842],[20.361279556457696,40.28857817634264],[20.361311300495966,40.28859785197686],[20.361363097360453,40.28864923895322],[20.361434762618206,40.28874228733812],[20.36148506230431,40.288792289352806],[20.361572701637815,40.288850026751014],[20.361646655260444,40.28888602652913],[20.361724105629524,40.28890158315365],[20.361858378571398,40.28891449266153],[20.36197693723853,40.28890791867377],[20.36214792108167,40.28890460806374],[20.362256054693784,40.288898316778585],[20.362346609362415,40.288896667958404],[20.362429978998897,40.288901259122],[20.362512542777807,40.288909095709556],[20.36260119482442,40.2889208999899],[20.362698207216255,40.2889483326353],[20.362742833017737,40.28896564671968],[20.362795532696396,40.288995595709515],[20.36283019482299,40.28902116502316],[20.36290468999253,40.28906986666328],[20.36296844716434,40.28909901990799],[20.363072130587817,40.289130238928415],[20.363164254354192,40.28914858534317],[20.36323568756964,40.28917092853807],[20.36328658059745,40.289196140563455],[20.363320601712427,40.289225374367],[20.36334744172249,40.289257833144916],[20.363404177562252,40.28929560685647],[20.363454947471123,40.289315368933465],[20.363507643033635,40.28932007458302],[20.363568769063292,40.28931021668888],[20.363636089203787,40.28927513139136],[20.363767637498594,40.289210219832455],[20.363892963522087,40.28916092919861],[20.364115551446883,40.28905198380742],[20.364266635705448,40.288980454036235],[20.36438522370366,40.28894367050925],[20.36449034457155,40.28892803058369],[20.364573628091385,40.28892093825626],[20.36461058630939,40.28892788408153],[20.36469384650773,40.28892914544509],[20.36476722874663,40.28894385100683],[20.3648760759607,40.2889852240896],[20.364974193116865,40.28904032591189],[20.365060432292527,40.289099945472145],[20.365139261136786,40.28916538983655],[20.365177000642564,40.289197723734695],[20.365237512689767,40.289249303000865],[20.365326974137993,40.28929812423921],[20.365441548715882,40.28934699847618],[20.365530248606202,40.28938298251058],[20.365590123327525,40.289414633951694],[20.365647318744973,40.28945341554982],[20.365695181945245,40.28949973197998],[20.36574140249448,40.28954368327771],[20.365804097700863,40.28959477443719],[20.365883412093105,40.2896385787168],[20.365967458421686,40.28966441327734],[20.366015448801125,40.28966447581017],[20.366105840258093,40.28964613877134],[20.366245632530198,40.289598319083446],[20.366369714230668,40.289556400889346],[20.36653586973189,40.28951829198675],[20.366662592340223,40.28948309958724],[20.366811251895637,40.289422161305296],[20.36691176212134,40.28938027312726],[20.367071304156568,40.289289346084836],[20.367267070548564,40.289200798426826],[20.367401927000127,40.289167401254545],[20.36752480805015,40.289155516097495],[20.367688863536817,40.28914576761016],[20.367870034078155,40.28914197669219],[20.368084241544594,40.289139544725174],[20.368225139526558,40.28913430391286],[20.36840817832785,40.28910896057698],[20.36852950899653,40.28909943698634],[20.36888033137501,40.28908182236795],[20.36898614822449,40.28907528101493],[20.36908342908433,40.28908652452868],[20.36915231936565,40.289108799390426],[20.36920569001747,40.2891281697031],[20.369274403676542,40.28916278993566],[20.369370580885548,40.28923261585978],[20.369466523347675,40.28930940026912],[20.369595579721228,40.28942859211059],[20.369685088743594,40.289496966634886],[20.369761376042664,40.28954486291854],[20.369870934132003,40.28958991866298],[20.36996006085161,40.28960478985773],[20.370110225129707,40.289621113852334],[20.370276552987317,40.289645761665184],[20.370322319401335,40.28966110592469],[20.370371036947457,40.28967588905562],[20.37041633615189,40.28967961396945],[20.370524458975527,40.28967764438108],[20.370673006775508,40.28967774854721],[20.37092867518213,40.28966860790755],[20.371133776926186,40.289664432562816],[20.37120127479365,40.28967129902924],[20.37125712587048,40.2896728921575],[20.37128679758334,40.28967773117734],[20.37133412935703,40.289696695714156],[20.371370305976757,40.28971963693783],[20.371450463097037,40.289788448966],[20.371551112304086,40.28988747505089],[20.371649050343326,40.28999603239798],[20.37172326751806,40.2900958925038],[20.371771878703083,40.29016991999422],[20.37190221730267,40.29032997395136],[20.37202831679757,40.29047027744623],[20.37213536272061,40.29058937599015],[20.37226513927811,40.29074528690292],[20.37233150911312,40.29083569063615],[20.37236650413681,40.29086623346567],[20.372404739946916,40.29088684245759],[20.3724353704958,40.29091862949405],[20.37246313774553,40.29098818309414],[20.372481050170748,40.29106573666808],[20.372505727448097,40.29111718881364],[20.37253970655872,40.291153080651114],[20.37258919781378,40.29120096406539],[20.37265306442884,40.29127097502527],[20.3726931584009,40.29131636075672],[20.3727735913856,40.29136715322687],[20.37283615508385,40.29138833480357],[20.37290614327933,40.291420219121854],[20.372943054263917,40.29144384371353],[20.372983240102762,40.291478289807486],[20.373006220109364,40.29151912327428],[20.37301229445079,40.291570890140584],[20.373002413462437,40.29161714021255],[20.372965366610646,40.29169354432721],[20.372921822072886,40.29176483791745],[20.372901152500013,40.291831113631694],[20.372903920409428,40.29188151148234],[20.372932003073863,40.29193618380284],[20.373014043337776,40.29203914280817],[20.373151411533843,40.29217409983342],[20.373250753106678,40.2922731241057],[20.373328350744586,40.29233883698326],[20.37341022661977,40.292413439947055],[20.373453891709374,40.29245999362717],[20.37347518493268,40.29250279748375],[20.37346953651541,40.29257121048841],[20.373456528589394,40.292594614190286],[20.373441951580332,40.29264661338506],[20.373446464547555,40.292679154462924],[20.373465552612778,40.292705707427714],[20.373500206783902,40.292728969885765],[20.373560443373233,40.29273969303992],[20.37361650943032,40.29274056027185],[20.37368177907223,40.29273921927055],[20.373741413835965,40.292741455491395],[20.373811571249494,40.29275548128223],[20.373942351423782,40.29280524750182],[20.374108079749472,40.29286922505918],[20.37414633549292,40.29288440385914],[20.37421827923282,40.29291371352095],[20.374252215221606,40.292931866434245],[20.374285485347666,40.29296063832318],[20.374301899203154,40.292985661623796],[20.374299318526116,40.2930179986704],[20.374270483095106,40.29307530162461],[20.37423747812675,40.29312274870028],[20.374173488478547,40.29321016335092],[20.374112704515593,40.2933129034225],[20.37403959019791,40.293441871926206],[20.37401319151441,40.293488322361945],[20.37400267740739,40.29354425910843],[20.37401306869338,40.293588740906664],[20.374047659090767,40.29360571046467],[20.37413561957484,40.293610602160314],[20.374243312574116,40.29359259531509],[20.37433314181708,40.29356849415239],[20.374412716571317,40.293524756675716],[20.374595949831825,40.293470232623754],[20.374732316282266,40.29342165242437],[20.374868185709783,40.2934056837802],[20.37501956752086,40.293364195547625],[20.375148725144225,40.29331976546901],[20.375278608760745,40.2932874103064],[20.37539674663553,40.29326079015784],[20.375546502497553,40.29325995556529],[20.37569910620231,40.293276486165006],[20.375807547796054,40.29329378125094],[20.37592869103436,40.29333218149544],[20.376026354075968,40.293392448099056],[20.3761101922811,40.29346839680036],[20.376147861752873,40.29354592165334],[20.376159948616415,40.29360767860543],[20.376176252024354,40.293692231055545],[20.37617317974346,40.29375655961091],[20.37616889555155,40.29381697351597],[20.37617424358787,40.293858248463685],[20.376194844625672,40.29389823395244],[20.37621524280892,40.2939337275652],[20.376275685205428,40.29397479624928],[20.37632676691715,40.2940225502263],[20.37633089542712,40.29404476720501],[20.376278597312865,40.29425539622946],[20.37627309734529,40.29431451050483],[20.376203831241508,40.2944155394345],[20.376138729549897,40.294481186342985],[20.375931528828012,40.294682926469044],[20.375816537853172,40.29474770838058],[20.37537004886002,40.294935277616034],[20.375017954790128,40.295092952666856],[20.37492933254338,40.29513189096459],[20.37485899852971,40.29517942895736],[20.374584341886578,40.29545126335276],[20.374495415632385,40.29553057535702],[20.37413306849454,40.295751153307926],[20.374049025580234,40.295818475710924],[20.37385080627184,40.29600847157416],[20.3738232767592,40.29603509014079],[20.373747689949194,40.29610817565742],[20.373556238361353,40.29629329086807],[20.373503840296237,40.296349329434506],[20.373455283158158,40.29643740976077],[20.373397569492397,40.29653947634871],[20.373401421338045,40.29666287701061],[20.373368961921493,40.29679757740855],[20.37330696487996,40.296875590304126],[20.373237228945005,40.29695770472845],[20.37318087177026,40.29703009969021],[20.373138989081603,40.297064771369],[20.37308927850103,40.29707421942143],[20.372998317716473,40.29707899786641],[20.37291242088139,40.29706495180911],[20.37284858355442,40.29705605231273],[20.372798761284642,40.29705823029518],[20.372680991127435,40.297070340771164],[20.37258021949868,40.297076612543314],[20.372729857349256,40.297006663246506],[20.372842841147833,40.29701470571414],[20.372915713969533,40.29702375859564],[20.372997753639606,40.29704499651632],[20.373058103207477,40.29704174219123],[20.37309521641622,40.29702728547914],[20.373127504243463,40.29699838746244],[20.37318561087475,40.296934953540145],[20.373246101633498,40.29685726909731],[20.37330585348542,40.29677206669444],[20.37332290888865,40.296655606151525],[20.373315964721336,40.2965535757001],[20.373435528897,40.296320625398984],[20.373459101068857,40.2962746988599],[20.373760823987826,40.29597436007614],[20.373813744167308,40.29592168230951],[20.373997959814155,40.29576134399971],[20.37425199453617,40.295597889737394],[20.374478694016247,40.295452022729215],[20.37460682796537,40.29529758171914],[20.37462083401251,40.29528070005239],[20.374790684391773,40.29515255640852],[20.375146349988473,40.294968822982746],[20.3753165299437,40.294880908916404],[20.375565113433424,40.294780557500445],[20.375894945053872,40.294647405500235],[20.376122112851345,40.29440125348025],[20.376127344713755,40.29430751869924],[20.37622811324452,40.29415363076791],[20.376226345553718,40.29405664544862],[20.37618780408621,40.293981437871274],[20.376115709987843,40.29394642701889],[20.376096344851735,40.29381812960066],[20.376090745438045,40.2937810324104],[20.376086540247343,40.293766867682805],[20.376069771295214,40.29373458719291],[20.37604720884232,40.29368447081248],[20.376026496012603,40.293622611275666],[20.3760115407804,40.29355512877044],[20.375998111707442,40.29351260692927],[20.375983611103504,40.293478337797765],[20.375964222109623,40.2934550003689],[20.37594155074186,40.29343677083341],[20.375917882868798,40.29341210725025],[20.37590354439568,40.29338671090648],[20.37588812501835,40.2933649068476],[20.3758533875932,40.293346353564075],[20.375804856351767,40.29333022618389],[20.375741438455105,40.29331584110314],[20.375663928141574,40.29330199165522],[20.37562419350348,40.29329531324583],[20.375540772970187,40.293290947002795],[20.37547389268586,40.29329014731915],[20.375411580508732,40.29329426880417],[20.375358532593946,40.293303745614836],[20.37531988509294,40.29331287129568],[20.375283826684807,40.2933318732323],[20.375235966481004,40.29335262541884],[20.375192669220542,40.29335929677153],[20.375138757623247,40.29336318013439],[20.375089828677076,40.29337825942707],[20.375037611582165,40.29339976052193],[20.374979498196222,40.29342095469628],[20.374921124607,40.29343954973633],[20.374865010767973,40.29345185234094],[20.374810670190328,40.29346602326195],[20.374753142701117,40.29348685159386],[20.374694166980778,40.29350909308014],[20.37463079119424,40.29353384156386],[20.374546599412305,40.2935598146342],[20.374474559424417,40.29358246393134],[20.374401316136595,40.29360615903796],[20.374363935795454,40.29362885820646],[20.37433082788713,40.29365406243689],[20.37429814937566,40.29367588272435],[20.374259286580585,40.293686765761095],[20.37420888784698,40.29369430715402],[20.374160697505882,40.29369902169585],[20.374116497959946,40.29370080726487],[20.37406082443115,40.293700459537334],[20.374025359450275,40.29369707367177],[20.37400218113526,40.293684301954364],[20.373985405458885,40.29367301889361],[20.373975469938607,40.29365149314206],[20.373970567332663,40.293631320890434],[20.373949399907776,40.2935937517464],[20.373936511118263,40.29357305685694],[20.373924778556752,40.29355451779831],[20.37391638046751,40.29352727475104],[20.373911763770288,40.293497943666665],[20.37391241666871,40.29344356148115],[20.373994903996802,40.29336290180692],[20.374056743867044,40.293274159560916],[20.37413995419543,40.293189889756604],[20.374207163712423,40.29309837431688],[20.374227144923452,40.293063752079725],[20.374239136406853,40.29303009137564],[20.374233049571615,40.292997148363774],[20.374208642377653,40.292973489154924],[20.374173872536577,40.292953203671814],[20.374093735911735,40.292922563312324],[20.374018948504077,40.29289518278308],[20.37384649868519,40.29284503797409],[20.37377160145723,40.29281882387867],[20.373679883665485,40.292809415583406],[20.373551836426195,40.292805702651535],[20.373489651556834,40.29279614571781],[20.373450414017636,40.29277605905525],[20.373417643647826,40.292739927646195],[20.373401341708252,40.29271273167998],[20.373392602822374,40.29265641835544],[20.373400237878926,40.292605984249086],[20.37340950764711,40.292554264253916],[20.373404203182027,40.292532423240075],[20.37337167902929,40.29247601953845],[20.373325048335605,40.29242077677998],[20.37328912251714,40.29238544801601],[20.37321542143625,40.29233260791538],[20.373150415334425,40.29227616535826],[20.37309853440928,40.29221782346253],[20.373032868617024,40.29215729437219],[20.372965661913465,40.292094556607076],[20.372917391659822,40.29205095074235],[20.372850467157896,40.29197746458278],[20.37282748507889,40.29194760815732],[20.372817550650534,40.29191931900591],[20.37282399392057,40.291885649301626],[20.37283868063616,40.291801177408345],[20.372874823448893,40.2917302774782],[20.37291427696186,40.29165247922826],[20.372936768196567,40.29160869638972],[20.372939992185383,40.29157786817677],[20.372931074019007,40.291537467577065],[20.37291191758735,40.29151035998651],[20.372887203954146,40.29149345936598],[20.372844014801718,40.29147789889058],[20.37280667625034,40.291469775377216],[20.372715983840383,40.29142337834812],[20.3726570695186,40.29138593774605],[20.372623358826445,40.29135526839373],[20.37260444066393,40.29133061314002],[20.372584434842835,40.291294211631886],[20.372563234384657,40.29126834254591],[20.37248882542334,40.2912027719721],[20.372453057513077,40.29116666073547],[20.372416417673072,40.291095961349235],[20.372406412207862,40.29102489434738],[20.372397915749353,40.2909989585209],[20.37239077787425,40.29097543575824],[20.372374675779113,40.29094948075107],[20.372346404038776,40.29092969245449],[20.372322680990372,40.29091643513907],[20.372310333752942,40.29090508984796],[20.372290370372585,40.290875513579806],[20.372229691263076,40.29078057785206],[20.3719804635182,40.290503989880925],[20.37191633854873,40.290441940420706],[20.371845572194033,40.29036972860648],[20.371818661543823,40.29034129669275],[20.37177910475506,40.290296079131046],[20.371732825740395,40.29022358953319],[20.37165988787222,40.29013294988036],[20.37158007351473,40.29004502317164],[20.371533391991605,40.28998894409675],[20.3714283216624,40.28987826168454],[20.37135691846708,40.28980251236117],[20.371311489201897,40.28976975397811],[20.37124069467767,40.289748460190566],[20.371154099912587,40.28973612639954],[20.37092653109735,40.28973319265123],[20.370787069102754,40.28973802904821],[20.370686115170468,40.289738397554906],[20.37053060043155,40.28974108767644],[20.37039700459807,40.289737987892394],[20.370123748818965,40.289696330143144],[20.36992865792914,40.28966655166188],[20.369789257889792,40.289633546440434],[20.36966776329304,40.28958549563126],[20.369595728849514,40.28953615018998],[20.369481568122897,40.28943689627079],[20.36936408502998,40.28933410369016],[20.369268533868368,40.28925011607558],[20.36918459134982,40.289192704134294],[20.369112841286952,40.28916630855018],[20.369026953229298,40.28914899615187],[20.368992757177445,40.289143182152635],[20.36893527499896,40.28915837528505],[20.368879625519476,40.28916933256075],[20.36871715235122,40.28915947224811],[20.36853731564593,40.289161573473244],[20.368451795581272,40.289181030718716],[20.36830857024634,40.289189358622274],[20.36808061102441,40.289196044025495],[20.367879895411427,40.28919167700031],[20.367697789893537,40.28920134353329],[20.367545592827476,40.28921188649244],[20.36742614563173,40.28922594015063],[20.3673004466838,40.289253029494816],[20.367199861897856,40.28928975346883],[20.367104904280595,40.28933409004544],[20.36703024335169,40.289378188350746],[20.3669454253244,40.28942734130902],[20.366844330254807,40.28947961226009],[20.36673174182039,40.28953385217923],[20.36660209807344,40.28957516879149],[20.366407530513712,40.28961843078152],[20.366234215605783,40.28966840647992],[20.366117426119963,40.28969767814091],[20.366016227213606,40.28971585125193],[20.365942866298678,40.28972165783832],[20.365872112296856,40.28970973918854],[20.36585279682973,40.28970006418551],[20.36583596036376,40.28968557859236],[20.365804943287564,40.28967347211259],[20.365792443380517,40.28966672132114],[20.36577239349837,40.28964668214595],[20.365735782427432,40.28960845513945],[20.36568643218105,40.28957820242124],[20.365661161734195,40.289565316756814],[20.365646216207224,40.28954425098626],[20.365640207881334,40.289509329593265],[20.365629761293707,40.28949492914315],[20.365594894858972,40.28947249710817],[20.365519119244084,40.28944589227558],[20.36542021054826,40.28941236661582],[20.36527562680801,40.289334768806306],[20.365206957351628,40.28929730925706],[20.365157346969212,40.28926211929725],[20.365139608329265,40.28924121717318],[20.36511774746594,40.289213485510516],[20.365012125656982,40.289149397266996],[20.36491301115185,40.28907988227074],[20.364857338815828,40.289041646653246],[20.364787317913823,40.289009737735626],[20.364708099144487,40.288986955344555],[20.36465086597689,40.288981458530316],[20.364613052070005,40.28898773310673],[20.364552788694308,40.288996094785986],[20.3644268993045,40.28900932000928],[20.36424804362933,40.28906508915814],[20.364073698709607,40.28915129577091],[20.363935517331953,40.28922308279371],[20.36374646803127,40.2893040587127],[20.363689496036585,40.289328892759706],[20.36364185385883,40.289350308604874],[20.363570010868596,40.28937028661725],[20.363498371243093,40.28937401222833],[20.363434705849336,40.28936186448579],[20.363374798874855,40.28933870712231],[20.363323387810482,40.28930704236541],[20.363294444816507,40.28928178395263],[20.363261597425456,40.28924707278146],[20.36322697740085,40.28921843611876],[20.363209550440825,40.289210169542656],[20.363148452055395,40.28919002911432],[20.363067871264334,40.28917725702904],[20.362961743157378,40.28915071513888],[20.36288515757963,40.289116652583196],[20.362831882011275,40.289085695899914],[20.362767003263105,40.28904009625158],[20.362699376352204,40.289008373987244],[20.3625981354676,40.28897443985822],[20.362492738808793,40.28895836439158],[20.36234937608159,40.28894365952865],[20.36226377408831,40.28894519107987],[20.362163500991773,40.288957013395965],[20.361977562877517,40.28896496012861],[20.36184354951007,40.28896149514501],[20.361716932988244,40.2889440786379],[20.361629847411788,40.28892651863266],[20.36154795485691,40.28889146853909],[20.361480937382815,40.28884553353306],[20.361392264861127,40.2887735270292],[20.361310872504966,40.2886625218715],[20.361253492683755,40.28861104423463],[20.36121937664313,40.288593576087024],[20.36117400128556,40.288580037149245],[20.3611061425224,40.288563081351086],[20.361050969278097,40.28853903715242],[20.360956867145074,40.28847283793038],[20.360872162880543,40.288406021246395],[20.360830972411232,40.28836603463254],[20.360781965267375,40.28833979079012],[20.360707103779777,40.28832571590813],[20.36059200023569,40.28832216980669],[20.360480053834895,40.28833558683432],[20.36038727092372,40.28836926186992],[20.360280945800923,40.2884134841717],[20.360245381361846,40.288445427424335],[20.360212089949023,40.28849971488449],[20.360169198771974,40.28856552711785],[20.360128531516303,40.288610766051754],[20.36008565476812,40.288646307284324],[20.360018363713912,40.288678016888426],[20.359947466912793,40.28869619577078],[20.35983749336101,40.28870744286557],[20.359686882319252,40.28871771209134],[20.359573550632796,40.28870843903669],[20.359463541023057,40.28868670154102],[20.35942295029319,40.28867411516638],[20.359389698872693,40.28865616829106],[20.359362712958358,40.288636392697285],[20.35933261447035,40.28860357207288],[20.35929848653313,40.288558889912174],[20.359274549575645,40.288540576363935],[20.35923948924591,40.28852323574327],[20.359215763231454,40.28851854988315],[20.35918548706193,40.288521675200336],[20.35912407289645,40.28854707104332],[20.359086415765997,40.2885587998931],[20.358997448366015,40.28857120667351],[20.358815167057745,40.28860026619652],[20.358695148148552,40.28862221513509],[20.3586417355168,40.28864209692997],[20.358582413876412,40.28868876921579],[20.358545588883505,40.288736716313714],[20.35850003115496,40.28878406456025],[20.358438708559575,40.288826442740444],[20.358362259280675,40.28886333462615],[20.358304304869634,40.28887858968462],[20.35822177879047,40.2888862605267],[20.358167048035885,40.28887950906687],[20.35813153326864,40.28886985229712],[20.358094624701838,40.28885012333095],[20.35803033997347,40.28881237306979],[20.35797215030372,40.28879307284458],[20.357921556787556,40.288797233306326],[20.35785008401921,40.2888233998581],[20.35772846598707,40.288859583577285],[20.357533262460926,40.2889105036915],[20.357431673746,40.288945532810814],[20.357397810169257,40.28895619302085],[20.35737468363603,40.288972669272404],[20.35734088741786,40.289048375765375],[20.35730838623017,40.28912659804848],[20.357254501317282,40.289216409166734],[20.357215370969246,40.289330416300594],[20.357170637884668,40.289457372926336],[20.357136457232368,40.28955419354649],[20.35709884678245,40.28964691363031],[20.357048943267284,40.289726232403545],[20.356985563835504,40.289826618382754],[20.356966102575484,40.28987371619102],[20.356948621222116,40.28990529463819],[20.35692511466017,40.289928750500756],[20.356889360279695,40.28995141651254],[20.356837611542158,40.289972903462406],[20.356773273171314,40.289986302450764],[20.35670592498505,40.28999180996641],[20.356598618849443,40.289990839410066],[20.356562612178184,40.28998633674873],[20.356510739109485,40.28996717662881],[20.356458959456194,40.28992908077555],[20.35637121529488,40.28987769336778],[20.35629006081668,40.28984382513737],[20.356220256981896,40.289832718078436],[20.356130502622698,40.28984236932741],[20.356060109973114,40.289846343158395],[20.356000297413132,40.289847059446075],[20.35594984174971,40.289838216166174],[20.355888943894314,40.28981564784882],[20.355835916578076,40.289792506846034],[20.355779031018272,40.28976470641672],[20.35566742332003,40.28974937239527],[20.355541773424225,40.28975234681466],[20.355433482969598,40.28974030387017],[20.355224356381537,40.289705092541745],[20.355075127751682,40.28967535712647],[20.35495318087874,40.28962385565892],[20.354870773156662,40.289588970827594],[20.35482934973506,40.28956821721013],[20.354782300512852,40.28955246279192],[20.354752600321262,40.28955004036225],[20.354730034845,40.28955454936649],[20.354697749295394,40.2895781343588],[20.35466179007143,40.28959276721121],[20.354606774239937,40.28961814374381],[20.3545892449248,40.28962521562283],[20.354558606741065,40.289646969167805],[20.354543730631246,40.2896648640871],[20.35452871456206,40.28971921908447],[20.3545004546162,40.289788987419115],[20.354459745927045,40.28984764390414],[20.35442100808207,40.28988534163339],[20.354365811721447,40.28993971341363],[20.354306462024013,40.28998945003452],[20.354244579928807,40.290022683294715],[20.354113075843905,40.290072879358526],[20.35397745739191,40.29011623450882],[20.35382151935816,40.29015442201923],[20.353606957216638,40.2902361978605],[20.35352428699031,40.29027688705863],[20.353393260869016,40.29030773115794],[20.353317996015974,40.29030756026239],[20.353287116859732,40.290300789494566],[20.353252818377236,40.29028080336102],[20.353229824053805,40.29026874015941],[20.353203922296952,40.290264077721886],[20.353173805846804,40.290275949132976],[20.353133739027587,40.29029122534843],[20.353114437297002,40.29032341755877],[20.35309277215469,40.290336712175666],[20.353063451038437,40.290352273475044],[20.353010076031886,40.29036414376826],[20.352953654724775,40.29035944470405],[20.352785982077165,40.290326810528335],[20.352644794657145,40.29030766790647],[20.352611716130774,40.290303790894775],[20.352584949956547,40.29029096997153],[20.352555371963025,40.29026232015447],[20.352519431623413,40.290247246922235],[20.352483885093825,40.290244363519435],[20.352434033679565,40.29025989624494],[20.352386074341837,40.290279024573],[20.352335552199822,40.29030694756431],[20.352277089943964,40.29034697677989],[20.3522267154854,40.29036213637059],[20.352195215426928,40.29036170182337],[20.352128871957277,40.290353378038944],[20.35206796257795,40.29034996470955],[20.352030481001236,40.2903515313774],[20.35195611745306,40.290344203611994],[20.351839990225486,40.29032162734334],[20.351682972232677,40.290296995870676],[20.351554091994025,40.29028821611273],[20.35146999582595,40.29027387603518],[20.351432510776288,40.29025955463202],[20.35140288718828,40.29023403954854],[20.35136698727878,40.29018970535618],[20.351333205848583,40.29015748461516],[20.351306802017422,40.29014440293058],[20.35128193362938,40.29013918127204],[20.3512481456424,40.2901454356561],[20.351208144395084,40.29015709070769],[20.351148528362224,40.29017630163633],[20.351119251748532,40.29018008282935],[20.351048096524732,40.29018226648945],[20.350982370396636,40.29018068725805],[20.350913280964612,40.29018891461024],[20.35086645814868,40.29018705824026],[20.350787797174256,40.29017121704164],[20.350725858733984,40.290169118258376],[20.350605978717248,40.29017666094348],[20.35050964061465,40.29018194469993],[20.350420654656823,40.290166201171914],[20.350311526315267,40.29013578340546],[20.350237591952066,40.290108085001776],[20.350203108541727,40.29010129280031],[20.350160716228416,40.29010268640691],[20.350082296656808,40.29011762554349],[20.349963636274758,40.29014615800381],[20.349830124922025,40.29017995315897],[20.349742747821328,40.29019840886428],[20.349703970459302,40.29019658714173],[20.34965629147486,40.2901915277345],[20.349604525079588,40.29019021262784],[20.34952462150121,40.29021458395718],[20.349449548153867,40.29024084265068],[20.349386282614713,40.290268791135716],[20.349359827086534,40.29028877185674],[20.349349354517027,40.29033034685651],[20.349336638483805,40.29036332546604],[20.349312731927807,40.29039574798484],[20.349280095174077,40.290427627692004],[20.349247288003554,40.29044879650309],[20.34916243646775,40.29049374887544],[20.349077147555995,40.290538516086535],[20.349048301146663,40.2905562507183],[20.34902936264447,40.29056365471472],[20.348991891878267,40.29058016355361],[20.34897455240061,40.29060121268461],[20.348951672017012,40.290619637147074],[20.34893622259018,40.29062654249537],[20.348915158612254,40.290631594285514],[20.34889132192156,40.29064815833682],[20.348877999698438,40.29067971671953],[20.3488761763943,40.29069884315742],[20.348867096975745,40.29071615430775],[20.348857958839872,40.29072593505317],[20.348836979417477,40.29073874770167],[20.348772942130594,40.290762437571495],[20.348714795523872,40.29076849266711],[20.348620902931778,40.2907644564694],[20.348566677524328,40.29076392820336],[20.34849347380966,40.29077566972968],[20.348444437148235,40.290778127383554],[20.348411738930334,40.29078097709838],[20.348371747691722,40.290804369191406],[20.348335446792966,40.29085248796631],[20.348292768379675,40.290888740181494],[20.34826298549655,40.29090258246298],[20.348220513231123,40.290907293306155],[20.34819321480104,40.29092218176132],[20.348131689854515,40.29093752802314],[20.348092545510756,40.290948377009414],[20.348044819186477,40.29097543507268],[20.348014468750762,40.29100383223682],[20.347989503102458,40.29104775976751],[20.34795391809559,40.2911004799907],[20.347937720253558,40.29112499723571],[20.347915796512282,40.29117159030009],[20.3478972421718,40.29122186106995],[20.347897158531406,40.29123880557823],[20.347912078552948,40.29126002591497],[20.347927121591393,40.291288950270726],[20.347932158104797,40.29132554066327],[20.34791124530352,40.29136723968033],[20.347865184396728,40.29143843238014],[20.347825986974975,40.29147913718755],[20.347743588123425,40.29154253925757],[20.347678657676223,40.291578969790386],[20.347618924783138,40.29160381502691],[20.347604065903685,40.29161082288864],[20.347590325738686,40.29160824530517],[20.34757087839605,40.29160020398558],[20.347545513405496,40.291581655457286],[20.347523654699863,40.2915693922884],[20.347463772394836,40.2915503764512],[20.347423733792642,40.29154124601189],[20.347394856938195,40.29154125887144],[20.34736549315205,40.291549302682704],[20.347331647962502,40.291571928487485],[20.34731489164709,40.291597230817565],[20.347285586362176,40.29163991492189],[20.347250954806185,40.291704914959425],[20.347218180242862,40.29178279479216],[20.34717917941462,40.291831235599645],[20.347145926202792,40.291849155887306],[20.347073142921094,40.2919045072351],[20.34702801074957,40.291946212996464],[20.346975257258237,40.29202027211642],[20.346918207419066,40.292108119236815],[20.346846875283664,40.29220977528108],[20.34681532302153,40.29225588546861],[20.346799438875706,40.29227288273786],[20.346769911418647,40.2922963797955],[20.346737164392863,40.29230824570607],[20.34666897433098,40.29232107785451],[20.346620608013406,40.292321922505664],[20.346603965034195,40.2923144787079],[20.346594559475886,40.29230286699605],[20.346584144322282,40.29228332427214],[20.34656945186156,40.29225964812794],[20.346562148602445,40.2922357310101],[20.34655099845577,40.292205603364955],[20.346526452590666,40.29217748809142],[20.346456349028777,40.29213318097586],[20.346397045014456,40.292106537717274],[20.346304610910558,40.2920807518754],[20.34619413061926,40.29206543236647],[20.346144691098964,40.292067732651674],[20.34608220822806,40.29206619406994],[20.346038771409734,40.292059974958626],[20.34599342929512,40.29205351026912],[20.345938788691775,40.29205570894521],[20.345907494001302,40.29206363838342],[20.34586894774989,40.292068352836246],[20.345834211164735,40.29206599180538],[20.345799649501757,40.29206449208829],[20.3457822862598,40.29206176391634],[20.3457613932339,40.292055955528404],[20.345710680723744,40.2920288279062],[20.34566790073459,40.29200233495434],[20.345570121992445,40.29198648655857],[20.345519788851004,40.2919762257729],[20.345423087795577,40.29195861841655],[20.345352336351215,40.29195758571264],[20.345295146003252,40.29194682616539],[20.345232578857306,40.29193748302227],[20.345195290441055,40.29193607411324],[20.345112044896382,40.291929336711874],[20.345059073936877,40.29192196862308],[20.345009370999907,40.29191408464391],[20.34494545672991,40.291907167900106],[20.344891824996687,40.291906536179496],[20.344857173914683,40.29191171868895],[20.34483385903417,40.29191530581125],[20.344804053642754,40.291914533692086],[20.344756956231937,40.291907675695896],[20.34474060426482,40.29190397804073],[20.34472536933671,40.2919032453393],[20.344708254252748,40.291905594590204],[20.34467570021039,40.29190316366883],[20.3446470121951,40.29189778265707],[20.344604858511996,40.29188342251982],[20.344579623282975,40.2918750016844],[20.34452962355986,40.2918491852992],[20.344479361456674,40.29182333815339],[20.34444211909322,40.291801102243774],[20.344407416153366,40.29178448193258],[20.344342526252074,40.29175237066427],[20.34430402577252,40.29173411087585],[20.344259496602103,40.291720905910005],[20.34422928215556,40.29171737640864],[20.344191044546623,40.29171429493638],[20.344136091393224,40.29170931973661],[20.34408266479218,40.29170249289843],[20.34404624036272,40.29169586944099],[20.34400541897696,40.29168513532741],[20.343983653800088,40.29167519468613],[20.343951255261214,40.29165724624781],[20.34392878445285,40.29164428717629],[20.343902488964787,40.29163315592174],[20.343888053839397,40.29162824836188],[20.34395820335804,40.29154349078012],[20.3440615900416,40.291513405831715],[20.344197193039,40.2914631315029],[20.344379016283632,40.29142797024458],[20.344506277691185,40.291421150390555],[20.344626211958417,40.29145275945566],[20.344748720069703,40.29151462752779],[20.34492893236721,40.29160563646591],[20.345111497390175,40.29168451182124]]]},"properties":{"Zk_Numer":2239,"Zk_Emer":"KOSOVË-GOSNISHT","Nr_Pas":"47","Vol":1,"Faqe":165,"Pronaret":"SHTET","Kufizimet":"","Siperfaqe":28529}},
{"type":"Feature","geometry":{"type":"Polygon","coordinates":[[[20.376127344713755,40.29430751869924],[20.376138917417975,40.29410017964399],[20.376115709987843,40.29394642701889],[20.37618780408621,40.293981437871274],[20.376226345553718,40.29405664544862],[20.37622811324452,40.29415363076791],[20.376127344713755,40.29430751869924]]]},"properties":{"Zk_Numer":2239,"Zk_Emer":"KOSOVË-GOSNISHT","Nr_Pas":"48","Vol":1,"Faqe":166,"Pronaret":"SHTET","Kufizimet":"","Siperfaqe":218}},
{"type":"Feature","geometry":{"type":"Polygon","coordinates":[[[20.372729857349256,40.297006663246506],[20.37284406576117,40.296953275470116],[20.372989621501315,40.29688523381067],[20.373263873933855,40.296606515127706],[20.373315964721336,40.2965535757001],[20.37332290888865,40.296655606151525],[20.37330585348542,40.29677206669444],[20.373246101633498,40.29685726909731],[20.37318561087475,40.296934953540145],[20.373127504243463,40.29699838746244],[20.37309521641622,40.29702728547914],[20.373058103207477,40.29704174219123],[20.372997753639606,40.29704499651632],[20.372915713969533,40.29702375859564],[20.372842841147833,40.29701470571414],[20.372729857349256,40.297006663246506]]]},"properties":{"Zk_Numer":2239,"Zk_Emer":"KOSOVË-GOSNISHT","Nr_Pas":"49","Vol":1,"Faqe":167,"Pronaret":"SHTET","Kufizimet":"","Siperfaqe":887}},
{"type":"Feature","geometry":{"type":"Polygon","coordinates":[[[20.377580508315898,40.282815299482365],[20.37738239274552,40.282981677260885],[20.377251771389297,40.28314413686094],[20.37721708216766,40.283178398992646],[20.377116737717696,40.283237080891666],[20.37700121341973,40.283262439240005],[20.376930596960086,40.28325950060502],[20.376862856708673,40.28326618790652],[20.376657257610432,40.283342188670694],[20.376458733405393,40.28342019756523],[20.376203559445138,40.28354209683165],[20.376078925644123,40.28359572770055],[20.37592713633553,40.28371063120745],[20.375868385249042,40.28372989048509],[20.37581775231458,40.283716187201286],[20.375665627280505,40.283669884054234],[20.37553554021826,40.28366804746267],[20.375425453070534,40.28368285053564],[20.37534578165729,40.28373973639872],[20.375013854310815,40.28396815212718],[20.374867453090705,40.28397961314809],[20.374571664637156,40.284013279744364],[20.373779932052102,40.28423082862509],[20.373633510940078,40.28432347322524],[20.373674709775482,40.284432433306144],[20.373519076881927,40.28435514353239],[20.373369901406768,40.28426881391434],[20.373492903600123,40.284222612402104],[20.37423159816147,40.28396913886779],[20.374746968956,40.28386261667639],[20.374940354754614,40.28385667516656],[20.375220714557923,40.283680431361006],[20.375290821471662,40.28358340656145],[20.37540653571026,40.28353625587191],[20.375589277166487,40.2835438828224],[20.37574112144194,40.283552859025185],[20.375846630435973,40.28358357407128],[20.375908061799205,40.28359311069342],[20.375952982007412,40.2835803943607],[20.375996798532938,40.28354978295085],[20.376199992004082,40.283479566849955],[20.37639059649595,40.28338045975975],[20.37670031117953,40.28325136097809],[20.376813031432327,40.283207445274876],[20.376957642429517,40.283189988297735],[20.377045695341636,40.28317935873889],[20.377163967168272,40.28307884364791],[20.377451588452566,40.28276319693327],[20.37767926636845,40.28251237898985],[20.37781047260507,40.282425763181806],[20.37782650226432,40.282492428284755],[20.37762872932436,40.28271966904455],[20.377580508315898,40.282815299482365]]]},"properties":{"Zk_Numer":2239,"Zk_Emer":"KOSOVË-GOSNISHT","Nr_Pas":"180/2","Vol":1,"Faqe":168,"Pronaret":"SHTET","Kufizimet":"","Siperfaqe":5045}},
{"type":"Feature","geometry":{"type":"Polygon","coordinates":[[[20.37869763394072,40.28230286644116],[20.378710025575067,40.2823029959277],[20.379252025799524,40.282331200422064],[20.37925143859153,40.28233825209315],[20.379225138198585,40.28239336286075],[20.37854777481207,40.282381497130636],[20.378188923825462,40.28237894588921],[20.378047347397562,40.28240678723264],[20.377874944161448,40.28246725960661],[20.377860178254558,40.28240842975478],[20.377971622498656,40.2823613396831],[20.378193415422743,40.28229759647734],[20.378257214061367,40.282298263405984],[20.37869763394072,40.28230286644116]]]},"properties":{"Zk_Numer":2239,"Zk_Emer":"KOSOVË-GOSNISHT","Nr_Pas":"180/3","Vol":1,"Faqe":169,"Pronaret":"SHTET","Kufizimet":"","Siperfaqe":974}},
{"type":"Feature","geometry":{"type":"Polygon","coordinates":[[[20.36731443265585,40.27514639674577],[20.367231713246692,40.275115848451975],[20.3671724722949,40.27510427785271],[20.367145192002766,40.275103536925634],[20.36713093888616,40.27510820270365],[20.367106788376645,40.27511594893459],[20.3670692698677,40.27512868641978],[20.36703654991894,40.275143826132584],[20.366983379606843,40.27514983027549],[20.366922932405178,40.27514417582149],[20.366790667183214,40.27511742890102],[20.366717254994107,40.27510283475942],[20.366654307301808,40.27509623670497],[20.366618802846684,40.27510000102859],[20.366599250842466,40.27510695236521],[20.366557052607586,40.275149022174524],[20.36651006916621,40.2752039862325],[20.36644667834819,40.27525318812719],[20.366386478748908,40.27527999881999],[20.366322778393585,40.2753015017748],[20.366278844855312,40.275324693741965],[20.366203969645657,40.27537645616404],[20.366121606106958,40.275429149109094],[20.366022943813377,40.275494057604085],[20.36591764951245,40.27554449225085],[20.365841323976582,40.27557049720762],[20.365787431706362,40.27557872051502],[20.36572326627549,40.27558120448959],[20.3656411423222,40.27558440980099],[20.365544338386055,40.27558842331583],[20.365474476786755,40.275586633912546],[20.365436677202702,40.27557888137948],[20.36539049499468,40.27556557624951],[20.365330606654485,40.27554111393817],[20.365250895908,40.27550135848253],[20.365105821530705,40.275432120912576],[20.365026906402477,40.275388091369145],[20.364993788097856,40.27536509611911],[20.364947881632474,40.275342019615614],[20.36490864417053,40.27532812412691],[20.36484825535015,40.27531197814168],[20.364795950928336,40.2753084732103],[20.364775394447214,40.275313214695416],[20.36472260642257,40.275338748460136],[20.364687668022416,40.275360159854635],[20.36461220403462,40.27540454740331],[20.364566570189744,40.27542280082831],[20.364540842996995,40.275441850670404],[20.364491834121605,40.27547752909596],[20.36441451396574,40.2755353976491],[20.364362983658356,40.27557428279887],[20.36433940765083,40.27560005310886],[20.364307126304105,40.27565280229639],[20.364264360019998,40.2757175224889],[20.364231113170725,40.27577486041577],[20.36420867518575,40.27583678695724],[20.364196791632978,40.27586310580708],[20.364177425764247,40.27589322431082],[20.364149743734075,40.27592206405125],[20.36411094786548,40.275952825459626],[20.36408255277119,40.275976313516196],[20.36404136393499,40.27602348548189],[20.36400734369333,40.27607063218007],[20.363970843682964,40.2761434395128],[20.363936129962067,40.276211046705356],[20.363885550364976,40.276298677608104],[20.363858820831034,40.27634075181578],[20.36382123962292,40.27638168578926],[20.363783365556213,40.2764206376076],[20.36372473960149,40.27646525351315],[20.36366795527918,40.27649282744715],[20.363620522405217,40.27651103391768],[20.363567457603065,40.27651763616029],[20.363524972785207,40.27650977975016],[20.363465588437165,40.27648944132325],[20.363424553936962,40.2764772917883],[20.363385412095642,40.276473635910094],[20.36336329942525,40.27647549208987],[20.363340694519795,40.27648138167977],[20.36329068593412,40.276509355620874],[20.3632398906429,40.276550502900974],[20.36318925368494,40.27659730076182],[20.363139394023264,40.2766500633624],[20.363100452675024,40.27670456761152],[20.3630600825617,40.27675223737321],[20.363028887936565,40.2767859788793],[20.36300121071888,40.276806862658326],[20.362964650400958,40.276823148048486],[20.36292067470474,40.27682785729575],[20.362840262085026,40.27681673342935],[20.362758943666638,40.276814104756866],[20.36271651330567,40.27681689716387],[20.362653432159746,40.276833743791315],[20.362602636158346,40.276851983799475],[20.362558180178112,40.27687883141644],[20.362497056047037,40.27693585812704],[20.3624235598014,40.27701024699229],[20.362346506193525,40.27710240536231],[20.362303976493298,40.277148746069784],[20.362254054821868,40.277192517151896],[20.362179331321638,40.27724899188807],[20.3621215702959,40.27729341064657],[20.362059964469786,40.277358584319195],[20.361990336026185,40.27741473139108],[20.361932759647946,40.277449505233754],[20.3618588950837,40.2774797262539],[20.361810555552374,40.27750033934775],[20.361763722306925,40.27752582431824],[20.36171356849929,40.27758219581627],[20.36166904232327,40.277653401061684],[20.361634802978962,40.27770843766221],[20.361597995580578,40.277759057759354],[20.36157022676111,40.27778497568622],[20.361537139882238,40.277812916700626],[20.361495958959395,40.27784467260625],[20.36147321277059,40.27788707512702],[20.361457176688695,40.27795415581267],[20.361446561593155,40.27799549017554],[20.361428114861603,40.27802433823221],[20.361394089493448,40.27805205699279],[20.361333482262086,40.2780731530839],[20.361254511329495,40.27810271243058],[20.361191685066874,40.27813482668788],[20.36111305740471,40.27816417683386],[20.36103458765668,40.278190511313454],[20.360938798468368,40.278217832760255],[20.360884322731792,40.27823403468505],[20.360823625436268,40.27825881953887],[20.3607822502124,40.27828333428301],[20.360747423229817,40.27831273221999],[20.360731236474564,40.27834364984108],[20.360731954607722,40.278371028639235],[20.36076112168185,40.27843087987821],[20.36077874902097,40.27848428206037],[20.360774385530842,40.27855175852562],[20.360763459461133,40.278599499570866],[20.360751962874197,40.27862861493187],[20.360727099011587,40.27865876439689],[20.360709582289285,40.27867175844354],[20.36068160808403,40.27868460587104],[20.360610732200954,40.27870339930394],[20.36053247020211,40.27872384034201],[20.36046619877788,40.27873886394824],[20.36040882728027,40.278760762691284],[20.36037497791772,40.27877925782873],[20.36032199187303,40.278815930286186],[20.360279884113215,40.27883589293023],[20.360244575422566,40.27883975825478],[20.360192937878686,40.2788356475886],[20.36011628449344,40.27882446150226],[20.360000814730665,40.27880225154189],[20.35984244046358,40.27877082244581],[20.359739919544175,40.27875600168588],[20.359613225884598,40.27875850014428],[20.359511123546035,40.27876075725643],[20.359416366710974,40.278770132109265],[20.359329803093157,40.278782397498226],[20.359250555393082,40.278804640076345],[20.359156024339363,40.27883625908012],[20.359087016431108,40.278861971191695],[20.359039910088192,40.27888021169077],[20.358995463056683,40.278903488031965],[20.358977754521423,40.278921419355136],[20.358944026765936,40.2789718930598],[20.35892327699035,40.27902775605553],[20.358889477592665,40.27908471229323],[20.358847253480707,40.27913793565473],[20.35879974076539,40.2791976865455],[20.35875790361893,40.279246508471964],[20.35871124109053,40.27929428356617],[20.358690827985487,40.27931378212137],[20.358666143888087,40.279326769257615],[20.358643289101412,40.27933302433596],[20.358601623934987,40.27933564895887],[20.358566385339824,40.279330814915795],[20.358531686941586,40.2793229550627],[20.358462606105082,40.27929826013247],[20.35841122196161,40.27927760705508],[20.35833052869404,40.27925627563338],[20.35829300618297,40.27925268596759],[20.358251720411502,40.27925389088659],[20.35819176622586,40.279258972914235],[20.358114736058358,40.279273347644384],[20.358039442849222,40.27928286916198],[20.357993322043782,40.27928653850936],[20.357971631984167,40.27928534391066],[20.357932710580826,40.27927758609918],[20.357911790340186,40.2792781065014],[20.357890623970178,40.27929015139849],[20.357861162063397,40.27932718584284],[20.357809299953466,40.279378439359085],[20.357749462870572,40.27943610617655],[20.357674079187202,40.27949120395405],[20.357623921709273,40.27953128320581],[20.35757934343206,40.27956977189256],[20.35751821438254,40.279626000763606],[20.357457685354063,40.27967494481156],[20.357416047076303,40.279689646513944],[20.35735471390022,40.27969978098182],[20.35728586081136,40.27970315371765],[20.357227515023137,40.27970650568146],[20.357131919894424,40.27970414137772],[20.357038408022937,40.27968226144608],[20.356980106421027,40.27965936053462],[20.356878035739015,40.27960775643642],[20.356783711007928,40.27955534756648],[20.356723648103824,40.27953019511898],[20.356676852631725,40.27951740354006],[20.35664936161046,40.279522165856555],[20.35662642426383,40.279535358808516],[20.35660822074501,40.27956128298189],[20.356586868125788,40.2796044106041],[20.356565681879125,40.2796541443157],[20.356558572267456,40.27968025403364],[20.356543840928,40.2797075120528],[20.356510293274244,40.2797369506975],[20.356470691348406,40.279776731256554],[20.356432599569366,40.27981837854142],[20.35638603186401,40.27986869922502],[20.356347360524076,40.27992898112867],[20.356318452191942,40.27997625929544],[20.356289383653838,40.28001161795945],[20.356249635689707,40.28004177626508],[20.35619488475605,40.28007347389303],[20.35614391999391,40.280089924842756],[20.356102422796713,40.280097329192785],[20.35607436558254,40.280097321877605],[20.356039441037083,40.28009523735089],[20.355966037105812,40.28009259486681],[20.35592614085379,40.280089130612595],[20.355898175334545,40.28009001544078],[20.355866886864455,40.280095166591565],[20.355837789357206,40.28010576576869],[20.355801995013877,40.28013178353377],[20.355744731320165,40.280180370822414],[20.355666211090796,40.280244588030946],[20.355608727594927,40.2802999608464],[20.35556791290695,40.280332412353125],[20.355499552909997,40.280363839871946],[20.355395294736372,40.280423308895685],[20.3552834299405,40.28047900436452],[20.355200724646217,40.280517277782394],[20.355141168224943,40.28055256673887],[20.35507072974293,40.280580173304095],[20.35498356033534,40.28060310639172],[20.354909092612232,40.28062986481486],[20.354849598846968,40.280659867964296],[20.354785755834556,40.28068566343199],[20.354712680980462,40.28070785155137],[20.354656746343174,40.280729064002166],[20.35461965867093,40.28074692887198],[20.354592452860903,40.280758465738444],[20.354568924182946,40.280766438232845],[20.35453667503764,40.28077550269981],[20.354510568746893,40.280778297872416],[20.354477388013972,40.28077872407543],[20.354432576028014,40.28077723567603],[20.354399568301556,40.28077796875906],[20.354358128510906,40.28077956503564],[20.354329761867714,40.280779857658445],[20.354306820811203,40.280782582790884],[20.354288295515936,40.280786628477166],[20.354261213298923,40.28079397073302],[20.354232538315262,40.28079957138789],[20.354191966590843,40.28080510623993],[20.354158959071757,40.28080595418053],[20.354132860861046,40.28080572387955],[20.354100944967023,40.28080345251449],[20.354067402397447,40.28080025779402],[20.354023981979726,40.280791708709295],[20.353999823606618,40.28078325197319],[20.353997200197647,40.28076274297644],[20.35402740119586,40.280772253702814],[20.35407006110284,40.28078068672193],[20.35410389563245,40.280783845059275],[20.354134805236082,40.28078532286328],[20.35415896111201,40.280785764958495],[20.35418615737414,40.28078432454972],[20.354228994045883,40.28077908266504],[20.354253379265028,40.28077457809023],[20.354280870763986,40.280766173523],[20.354311634184597,40.280760372393885],[20.35433020467325,40.28075991477268],[20.354354466665992,40.28075928752169],[20.35439547423349,40.280757984880864],[20.35442965692077,40.28075575752923],[20.354476110776012,40.28075799183908],[20.35450467506311,40.28075867431845],[20.354525968989286,40.28075463844949],[20.354555151452175,40.28074815602864],[20.3545793985411,40.28073933698478],[20.35461212412775,40.28072610905079],[20.354650330092923,40.280714554674745],[20.35470571826647,40.28069520448654],[20.354778202588633,40.28067319649566],[20.354840977800563,40.280647831178406],[20.354900702598727,40.28061771205134],[20.354976510635005,40.28059047221789],[20.355063097599455,40.280567692219115],[20.355132064823025,40.280535829018795],[20.35519161654048,40.280500541882496],[20.35527473589884,40.28046207717872],[20.355386123335656,40.28040661823393],[20.355490551489325,40.2803470532353],[20.355558076268274,40.28031600923075],[20.35559742371051,40.28028472487666],[20.355654854554178,40.28022940266065],[20.3557336265019,40.28016497845449],[20.35579112315857,40.280116195030466],[20.35582860313452,40.28008895180821],[20.355860627642198,40.28007728725899],[20.355894237594818,40.2800717534305],[20.355924115914533,40.28007080868509],[20.35596452859023,40.280074317280565],[20.356037726687187,40.280076952293825],[20.356072377162718,40.280079020553565],[20.3560986247187,40.28007902713453],[20.35613782760237,40.28007203240374],[20.35618651738961,40.280056315222375],[20.356239470016952,40.280025659694736],[20.35627770244961,40.27999665068766],[20.356305665693707,40.2799626381849],[20.356334310540355,40.27991578950553],[20.356373444903884,40.27985478482078],[20.356420539931463,40.27980389515661],[20.356458748616973,40.27976211873347],[20.35649873069593,40.279721957865775],[20.356531265897083,40.27969340670702],[20.356544838534646,40.27966829382329],[20.356551854700946,40.279642525711395],[20.35657332785991,40.27959212019089],[20.356595051637445,40.27954824215019],[20.35661484593808,40.27952005263685],[20.35664186524684,40.27950451101836],[20.356675140879496,40.27949874744656],[20.356726025935835,40.27951265663797],[20.356787560699072,40.279538425040954],[20.356882282829492,40.27959105422328],[20.35698359893914,40.27964227700164],[20.357040395857965,40.27966458727538],[20.357131413002506,40.279685883228694],[20.357224816035288,40.279688193962066],[20.357282597564573,40.27968487346083],[20.35735064185648,40.27968154014832],[20.357409853274476,40.27967175625541],[20.357448258085956,40.279658196564775],[20.35750697109977,40.27961072156429],[20.35756797727579,40.279554605650425],[20.35761282827956,40.27951588107542],[20.357663324148497,40.279475531510926],[20.357738311907518,40.27942072224728],[20.357797602647526,40.279363583059705],[20.357849015568977,40.2793127731193],[20.357879325517914,40.27927467247784],[20.357905283185715,40.27925990113622],[20.35793157985316,40.27925924702955],[20.357971101558075,40.279267124561706],[20.35799068623808,40.279268203196345],[20.358035428343687,40.279264643483145],[20.358109935419197,40.27925522166312],[20.358187272158148,40.27924078925099],[20.358248400473414,40.27923560812969],[20.35829106646218,40.27923436291516],[20.35833075596422,40.279238160207356],[20.358413450942894,40.279260021269835],[20.35846537946566,40.27928089239977],[20.358533415339213,40.27930521412663],[20.358566649221373,40.27931274170311],[20.358599739159093,40.279317281613615],[20.35863833873003,40.279314850210106],[20.35865829806371,40.27930938760646],[20.358680291069177,40.279297815509466],[20.358699495631594,40.27927947253592],[20.358745823676255,40.27923203980068],[20.358787353475506,40.27918357725971],[20.35883475989195,40.27912395908782],[20.358876614892782,40.279071199770286],[20.358909759307068,40.279015346969146],[20.35893058445166,40.278959282013474],[20.35896530732637,40.27890731927928],[20.358984793608716,40.27888758669913],[20.35903146504001,40.27886314622314],[20.359079343499065,40.278844607943256],[20.359148648288418,40.278818784144185],[20.35924372746989,40.27878698242933],[20.359324240822765,40.27876438470187],[20.359412093340378,40.27875193609944],[20.359507750372813,40.27874247289874],[20.359610456986758,40.27874020130356],[20.35973842155981,40.278737678183845],[20.359842559288122,40.278752732569096],[20.36000127369188,40.27878422995107],[20.360116370298222,40.27880636722543],[20.360192201116654,40.278817433394345],[20.36024190004852,40.27882138979433],[20.360273337771456,40.278817948085305],[20.36031244880043,40.278799405973835],[20.360365148985323,40.278762931636514],[20.360400304433746,40.27874372278198],[20.36045942671705,40.27872115576704],[20.360526454456263,40.2787059614009],[20.360604462809565,40.27868558689921],[20.360674158618515,40.27866710514458],[20.36069992646588,40.2786552723384],[20.36071546031385,40.27864374880707],[20.360738721259324,40.278615542375846],[20.36074955189281,40.27858811496587],[20.360760228582063,40.278541458989814],[20.360764470513395,40.27847588671631],[20.360747432363002,40.278424270333396],[20.360717789801704,40.27836344615264],[20.360716984417028,40.278332702183135],[20.360734847354763,40.278298583202975],[20.360771789567117,40.27826740004197],[20.36081476826327,40.278241934699274],[20.360876962649694,40.27821653819438],[20.360932169761913,40.278200119655175],[20.361027724116415,40.27817286468836],[20.361105671537885,40.278146705654116],[20.361183370951693,40.27811770242967],[20.361246192513647,40.2780855908932],[20.361326018899028,40.27805571097837],[20.361384662603047,40.2780352982549],[20.361415885205876,40.27800986310011],[20.361432874307596,40.277983296248316],[20.361443176074797,40.277943180440815],[20.361459420360273,40.27787523005308],[20.361483521747193,40.2778302998941],[20.361526160571017,40.27779741912421],[20.361558872870102,40.27776979448409],[20.36158578758587,40.27774467353479],[20.361621900466726,40.277695009319366],[20.36165598476294,40.277640222666015],[20.361700901519768,40.27756839390819],[20.36175274425318,40.277510122328444],[20.36180182383839,40.27748341546476],[20.36185081680371,40.27746252385497],[20.36192384951612,40.27743264315691],[20.361979944432377,40.27739876462039],[20.362048451263195,40.27734352163768],[20.362110140101993,40.2772782603556],[20.362168587329204,40.27723331351991],[20.362243036782406,40.27717704497926],[20.362292265622745,40.27713388305773],[20.36233429264632,40.27708808967611],[20.36241145724758,40.27699579858204],[20.362485370990598,40.27692098604735],[20.362547450985907,40.27686306748161],[20.362593969718777,40.27683497421544],[20.362646541291358,40.27681609644356],[20.36271158673937,40.27679872583261],[20.3627562385715,40.276795786874175],[20.362839112821298,40.276798465604955],[20.362918462888437,40.276809443309595],[20.362958286840676,40.276805178461046],[20.362991567417374,40.276790353285286],[20.36301744586446,40.27677082781348],[20.363047899310594,40.27673788654416],[20.3630879002089,40.27669065382283],[20.363126986272057,40.27663594649456],[20.36317750534289,40.276582484785486],[20.36322863488613,40.27653523419594],[20.363280432305103,40.27649327415868],[20.363332759661485,40.27646400241885],[20.363358287043713,40.27645735167426],[20.363383035836556,40.276455274681524],[20.363424979817356,40.27645919283237],[20.3634676618507,40.276471828905365],[20.363526335878714,40.2764919246068],[20.363565463988667,40.27649916026108],[20.36361441387879,40.27649306986811],[20.363659710009507,40.276475683333544],[20.363714912286092,40.276448877162345],[20.36377200888189,40.27640542510806],[20.363809264359844,40.27636710924218],[20.36384621199524,40.276326867104224],[20.36387243433284,40.27628558970094],[20.363922828713168,40.2761982808911],[20.363957435385398,40.27613088207163],[20.363994209949087,40.276057526330426],[20.364028865102764,40.276009499579104],[20.36407084626042,40.27596142094869],[20.36409995658246,40.27593734076854],[20.364138288805012,40.27590694645583],[20.36416488811351,40.275879235842844],[20.364183470391783,40.27585033558205],[20.36419499489752,40.27582481216972],[20.36421756612294,40.275762515976105],[20.364251285973992,40.27570436334583],[20.36429410708342,40.27563956103316],[20.364326745089834,40.27558622805488],[20.36435152041423,40.27555914723834],[20.364403830630586,40.27551967426444],[20.36448122572174,40.275461748746096],[20.36453025801954,40.27542605404082],[20.364557171551166,40.27540612510557],[20.364603406093497,40.27538763113939],[20.364677965228825,40.27534377598554],[20.364713324341285,40.275322106604285],[20.364768021556195,40.27529564914048],[20.364792274791853,40.275290054866375],[20.364848294810802,40.27529380834986],[20.364910609954926,40.275310469692585],[20.36495115618993,40.275324829351305],[20.364998557562014,40.27534865581905],[20.365031888300322,40.275371799892916],[20.365109951943573,40.27541535391505],[20.36525476459219,40.275484466225905],[20.36533414404073,40.27552405701942],[20.365392902311825,40.27554805820142],[20.36543782682312,40.27556100076893],[20.36547376778663,40.27556837192531],[20.36554176785205,40.27557011407592],[20.36563807686897,40.2755661210392],[20.365720220783377,40.27556291476633],[20.36578353040854,40.27556046411829],[20.365835292724732,40.27555256544935],[20.365909666502823,40.275527224987954],[20.36601350657114,40.275477486589],[20.366111557270468,40.2754129816929],[20.366193810655282,40.275360359348255],[20.366269089989437,40.27530831737609],[20.366314571134467,40.27528430819561],[20.366378686940287,40.2752626643409],[20.366436962888418,40.2752367116868],[20.36649842644919,40.27518900545081],[20.366545010301092,40.2751345091605],[20.366589235234063,40.27509041835084],[20.366612998988536,40.27508196862544],[20.366651848947,40.27507785058426],[20.36671639304663,40.27508461559041],[20.366793178449768,40.27509927481955],[20.366913107689392,40.27511879071243],[20.366976000223175,40.275126556400295],[20.367020296219867,40.275122271782976],[20.367045516496326,40.27511168476525],[20.3670955599463,40.275095992658855],[20.367120784416677,40.27508849915952],[20.367144902999016,40.27508602188023],[20.36717506708062,40.275087123575105],[20.367239467218543,40.27509878066336],[20.36733036192052,40.27512776629613],[20.36731443265585,40.27514639674577]]]},"properties":{"Zk_Numer":2239,"Zk_Emer":"KOSOVË-GOSNISHT","Nr_Pas":"51","Vol":1,"Faqe":170,"Pronaret":"SHTET","Kufizimet":"","Siperfaqe":2808}},
{"type":"Feature","geometry":{"type":"Polygon","coordinates":[[[20.36839164187926,40.2844942986746],[20.368140699016706,40.28438305003783],[20.36785395919263,40.28432057307259],[20.367966988414555,40.28420772928796],[20.368122300534875,40.28405732326062],[20.368611191126522,40.28391121925896],[20.36882329901317,40.28388970830969],[20.369131214839115,40.28387455870775],[20.3692851664495,40.283895531461745],[20.369205912695158,40.28391702048999],[20.369142458154673,40.28394737528836],[20.369001802009628,40.284045187924434],[20.3688603325885,40.2841201913231],[20.368677389618675,40.2842472069771],[20.36857186139783,40.28432480308801],[20.36849421244877,40.28438846168821],[20.368430503224115,40.284448020314905],[20.36839164187926,40.2844942986746]]]},"properties":{"Zk_Numer":2239,"Zk_Emer":"KOSOVË-GOSNISHT","Nr_Pas":"52","Vol":1,"Faqe":171,"Pronaret":"SHTET","Kufizimet":"","Siperfaqe":3581}},
{"type":"Feature","geometry":{"type":"Polygon","coordinates":[[[20.374352944365153,40.284889413529896],[20.374330206420453,40.28488458302102],[20.3742829656344,40.284872338388496],[20.374194138292893,40.28484503855726],[20.373940192854544,40.28476308614169],[20.373667126344987,40.28469958730609],[20.373492370948348,40.28467602160373],[20.37337619023868,40.28466358958581],[20.373245650233258,40.28466007970345],[20.373119046047133,40.28466215229263],[20.372970709470444,40.28473143156397],[20.37284918391525,40.284798763670004],[20.372770696059483,40.284858113016384],[20.3726756722667,40.28495605673437],[20.372601456792175,40.28503349293226],[20.3724072942364,40.28516969332049],[20.372178696730714,40.28525265414391],[20.371999396231207,40.28544719209717],[20.371757608115043,40.28564074174263],[20.371508064094257,40.28584463451673],[20.37129818377563,40.2859998223952],[20.371112669084763,40.28614694285011],[20.370928967932834,40.2862544469288],[20.370773379177137,40.28630454192009],[20.370550741111078,40.28633006320286],[20.37029416671194,40.28633897264803],[20.3700380721952,40.286336050074325],[20.36985893003255,40.286364087600816],[20.369718820970572,40.28641725757719],[20.369751089413832,40.28637191242243],[20.369796787759675,40.28633145639534],[20.3698350421711,40.28629241517963],[20.36985328263101,40.286268005750266],[20.369870546865286,40.28621016646865],[20.369955325370455,40.28592078588077],[20.369998458957646,40.28577468793107],[20.370139732403135,40.285616748686174],[20.370267502140685,40.28548189162],[20.3703619744232,40.28535939829326],[20.3704593608432,40.28517323331426],[20.370510643590126,40.28503111738117],[20.37061171046346,40.284874405295206],[20.370734231088917,40.284718047097336],[20.370847122108128,40.28459960001748],[20.370917971869837,40.28449986969159],[20.370990350275086,40.28438858503146],[20.37110855882466,40.28426799046081],[20.37116807492042,40.28418671551905],[20.371313196333507,40.28410372554273],[20.371462257911766,40.284032986723666],[20.371559395110978,40.283985615790236],[20.371623521566722,40.28396371518239],[20.371699643807965,40.28394756123166],[20.371778221223785,40.28391838239403],[20.37183735804854,40.28384804613848],[20.372002715437876,40.28367573779116],[20.372027820329595,40.28370621545426],[20.372034355951385,40.28375497184934],[20.372000388661643,40.2838138103722],[20.371958868837943,40.28391204149928],[20.37195159734171,40.28403324768114],[20.371979462301596,40.28420457575516],[20.3720332108017,40.28429078564002],[20.372080235583745,40.28432837580909],[20.37214137159728,40.284351668675995],[20.372191862056578,40.284358253077464],[20.372552289598367,40.28436033032959],[20.37285251842238,40.28431959057047],[20.37312080992172,40.28428900767811],[20.373239512575488,40.284286581247855],[20.373329667811895,40.284316280875],[20.37355390165067,40.28444259346679],[20.373703142098535,40.284541123583296],[20.373817534580105,40.28459161132966],[20.373984722599836,40.28465469464094],[20.37405187121402,40.284697633637364],[20.374321296399923,40.28485548356083],[20.374352944365153,40.284889413529896]]]},"properties":{"Zk_Numer":2239,"Zk_Emer":"KOSOVË-GOSNISHT","Nr_Pas":"53","Vol":1,"Faqe":172,"Pronaret":"SHTET","Kufizimet":"","Siperfaqe":38752}},
{"type":"Feature","geometry":{"type":"Polygon","coordinates":[[[20.373133700628202,40.28414909204161],[20.373413575810336,40.28420082959787],[20.373492903600123,40.284222612402104],[20.373369901406768,40.28426881391434],[20.373234321994975,40.28423563331454],[20.37305934789022,40.28424170871084],[20.372830124376634,40.284267246123584],[20.372598409930333,40.28430161054246],[20.372495531326695,40.28430177473212],[20.372260529752886,40.28430215663343],[20.37217397354595,40.28429420425968],[20.372130291444986,40.28427467387821],[20.3721056764868,40.28424482582252],[20.372037055376012,40.284032868922566],[20.372044231426475,40.28393253699261],[20.372104766474283,40.283765931909954],[20.372108618598787,40.283712314637],[20.37208261018835,40.28366535928485],[20.372042345172414,40.2836304453463],[20.37200659073443,40.28360808788436],[20.37191738340821,40.28359463456404],[20.37187142464011,40.28359478228059],[20.371826419656465,40.28360803433715],[20.37173889346779,40.28364343614013],[20.371699870565713,40.28364962710949],[20.371666790014842,40.28364659113314],[20.37164725369926,40.28364013590829],[20.371596762099013,40.28361186603619],[20.37149382487799,40.2835663181588],[20.371397204032945,40.28355381734824],[20.37129961728336,40.2835645131745],[20.371212717230826,40.283599828918405],[20.371095996171842,40.28366244917156],[20.371011241733548,40.283700335672926],[20.37092088781744,40.283727597539745],[20.370699368355158,40.28375882186502],[20.37027416809336,40.28384706803149],[20.36993355222311,40.283938154426416],[20.36982574445408,40.28398236453836],[20.369568406536203,40.28413520533793],[20.369295658485164,40.28432731711906],[20.36920482714435,40.28437944453634],[20.369143276798173,40.284399619682475],[20.369054622752472,40.28442867887712],[20.368982504486667,40.28446559000932],[20.368864580296066,40.28454241202413],[20.368784434062444,40.284594623324615],[20.368712392766156,40.28459887468968],[20.368646443869444,40.284582534664786],[20.368578040873974,40.284538584978534],[20.368552521185006,40.28448318327068],[20.368565891276695,40.28444852731006],[20.368606895605975,40.28439004839706],[20.368785425156467,40.28423754947294],[20.369016548238708,40.284109172579136],[20.369199521830435,40.283985012908786],[20.369250296841468,40.2839644406997],[20.369322424494694,40.28394952666411],[20.369399429831528,40.28394996904178],[20.369470786298173,40.283947615255116],[20.36952583248641,40.28393157572946],[20.369575062641136,40.28390707764154],[20.369681610427126,40.283767663278944],[20.369785619042126,40.28361226384987],[20.36986783794556,40.28352525236761],[20.36998221488059,40.283432432013164],[20.370322532633683,40.28317602112421],[20.370542115548858,40.283025241592284],[20.37070301646942,40.28292977757885],[20.370795125866945,40.28290431487012],[20.37080614209291,40.2829011746853],[20.370933399837615,40.2828875684066],[20.37105204605183,40.28288810816627],[20.371171526275337,40.28288674305382],[20.371278904309463,40.2828586198902],[20.371419166926316,40.28281628956532],[20.3714809551506,40.28280288754339],[20.37156046866781,40.28279653942348],[20.371645267814216,40.28280013417703],[20.371769870056195,40.28281437467496],[20.371966803509245,40.28282834192857],[20.37216040726836,40.28283173469567],[20.37228476529667,40.28283565329673],[20.372356505329623,40.28282380899361],[20.37246426683758,40.282780226496975],[20.372545597489744,40.282718514319406],[20.37261977065144,40.282623224920684],[20.372774121464257,40.28241595870373],[20.37282736409482,40.28237019258282],[20.372866508742753,40.282347407630475],[20.37295656347564,40.28233731504815],[20.3730367685876,40.28233832265295],[20.373084346608106,40.282326197631306],[20.373158478139132,40.282286943704285],[20.373485143692946,40.282121935245705],[20.373532973981337,40.282083961468246],[20.37364191403851,40.28200400723267],[20.373709134460444,40.281955292099454],[20.3737595756331,40.28192044635124],[20.373852802272655,40.28188798734967],[20.373964065711505,40.2818701992873],[20.374164536749674,40.281865914352124],[20.37451925236164,40.28186130006634],[20.37463570920699,40.2818569528274],[20.374724522712143,40.281824333610444],[20.374831273226956,40.28177154920538],[20.375109860830047,40.281675573493416],[20.375764629124816,40.28142560132496],[20.37594636212734,40.28135251813224],[20.376005352777494,40.28134376629988],[20.376141405107138,40.28133383931045],[20.376312808998158,40.28133019172474],[20.376451010732257,40.2813364859336],[20.3764812429968,40.281354921841334],[20.376496954102645,40.28137219893616],[20.376500217239276,40.28138609978251],[20.376503473396415,40.28142269398608],[20.376463348653157,40.281597753747484],[20.376466099501574,40.28162379397034],[20.37647889219666,40.2816542440275],[20.376144147514463,40.2817568892166],[20.37606316256806,40.281812278527575],[20.375909118786183,40.281668323907176],[20.375239714450593,40.282131982005204],[20.374179056804035,40.282636631985206],[20.374149681571694,40.28258210934682],[20.373347827231242,40.28310799594771],[20.372788576684922,40.28362076337549],[20.372384986255692,40.28373922655295],[20.372421785906482,40.28404888319861],[20.372603059253027,40.28413180414969],[20.372733612939786,40.28415833899195],[20.373133700628202,40.28414909204161]]]},"properties":{"Zk_Numer":2239,"Zk_Emer":"KOSOVË-GOSNISHT","Nr_Pas":"54","Vol":1,"Faqe":173,"Pronaret":"SHTET","Kufizimet":"","Siperfaqe":51685}},
{"type":"Feature","geometry":{"type":"Polygon","coordinates":[[[20.37614671219625,40.28546401715953],[20.37621176608691,40.2854217307707],[20.376223180551275,40.28543202956162],[20.37623459501911,40.285442328351365],[20.37607159051219,40.28554828454314],[20.375986371140804,40.28555101351282],[20.37585003824922,40.28550770114062],[20.375644234778164,40.2854731708583],[20.375601912985495,40.28547530694335],[20.375577743224966,40.28550262218061],[20.375482812883515,40.28559132075909],[20.375342400455533,40.28563032442659],[20.37521414817576,40.28566847051178],[20.375131415092618,40.28571718746122],[20.375062113193295,40.285720627001055],[20.375009154849955,40.28572747742046],[20.374923852877586,40.28566337845589],[20.374875370149105,40.28562309237758],[20.374813211744094,40.28558339391872],[20.374754263611678,40.28555672465146],[20.374740688004618,40.28549532051879],[20.37483979661127,40.28554151851456],[20.3749117084994,40.28559981747206],[20.37500961836419,40.285685050103204],[20.375058023855058,40.2856937563608],[20.375118421218374,40.28569075876763],[20.375196657379156,40.285644689807064],[20.37532999826905,40.28560503022178],[20.375460684577664,40.285568728278356],[20.375549016037397,40.285476269054364],[20.375582805312767,40.28543893821203],[20.375663220924583,40.285440259379534],[20.375861526884783,40.285482101624595],[20.375992687287507,40.285523770724254],[20.376058004163863,40.2855216790911],[20.37614671219625,40.28546401715953]]]},"properties":{"Zk_Numer":2239,"Zk_Emer":"KOSOVË-GOSNISHT","Nr_Pas":"177/5","Vol":1,"Faqe":174,"Pronaret":"SHTET","Kufizimet":"","Siperfaqe":511}},
{"type":"Feature","geometry":{"type":"Polygon","coordinates":[[[20.375069961636996,40.284550456499275],[20.375299139257546,40.28484484770729],[20.375243705617716,40.28504113196743],[20.37479176934233,40.28482102128954],[20.374797736178444,40.28435767811227],[20.374867453090705,40.28397961314809],[20.375013854310815,40.28396815212718],[20.375044928577385,40.28434442017474],[20.375069961636996,40.284550456499275]]]},"properties":{"Zk_Numer":2239,"Zk_Emer":"KOSOVË-GOSNISHT","Nr_Pas":"180/4","Vol":1,"Faqe":175,"Pronaret":"SHTET","Kufizimet":"","Siperfaqe":2698}},
{"type":"Feature","geometry":{"type":"Polygon","coordinates":[[[20.376560044044528,40.285249873708345],[20.376548488811085,40.28523370101476],[20.37653456936528,40.28518133477824],[20.376583588170007,40.285177948569874],[20.376578293926407,40.28513300023154],[20.37657358608203,40.28511276532613],[20.3765656982857,40.285078862560376],[20.376659303857966,40.28507833206267],[20.376685660328516,40.28512387806022],[20.376830000631095,40.285134336859976],[20.37690277358814,40.28520879162577],[20.376869184690825,40.285248566494204],[20.37677520287772,40.28533012879906],[20.37656712290363,40.285527028804346],[20.376535231586608,40.28546479842608],[20.376729277746005,40.28532970037084],[20.376745883829035,40.2853096776376],[20.37670838416288,40.28521313433202],[20.376560044044528,40.285249873708345]]]},"properties":{"Zk_Numer":2239,"Zk_Emer":"KOSOVË-GOSNISHT","Nr_Pas":"171/7","Vol":1,"Faqe":176,"Pronaret":"SHTET","Kufizimet":"MBI KËTË PASURI KA 1 NDËRTIM TË PALIGJSHËM","Siperfaqe":562}},
{"type":"Feature","geometry":{"type":"Polygon","coordinates":[[[20.379087930056258,40.286501039554985],[20.379593048892914,40.28636204248576],[20.38033586083851,40.28612582791536],[20.38046635907478,40.2862483831688],[20.380655828640393,40.286650548849664],[20.38062083872797,40.28708308308661],[20.380073095723485,40.28708953981998],[20.379500712499404,40.287196089386065],[20.379186361988396,40.287141472890866],[20.379065644986863,40.28717229797547],[20.379076222311603,40.28711039584279],[20.379096344550472,40.2870707005208],[20.37915347175159,40.286804507176655],[20.379087930056258,40.286501039554985]]]},"properties":{"Zk_Numer":2239,"Zk_Emer":"KOSOVË-GOSNISHT","Nr_Pas":"56","Vol":1,"Faqe":177,"Pronaret":"SHTET","Kufizimet":"","Siperfaqe":11643}},
{"type":"Feature","geometry":{"type":"Polygon","coordinates":[[[20.374383633863506,40.28526203572899],[20.37460680926688,40.28545118659438],[20.37465133532592,40.28549829004452],[20.37467406668243,40.28556567345739],[20.374670878743,40.28564866083708],[20.37468690624323,40.2857094924011],[20.374768619878445,40.28583430136044],[20.374896522600974,40.28603643086352],[20.37495934260899,40.28610844469335],[20.37500145491988,40.28614331585748],[20.375058100824734,40.28617220657269],[20.375141247198297,40.28619804083332],[20.375222152087126,40.286211768095164],[20.375346898178414,40.2862179174707],[20.375445308522956,40.28622167040656],[20.3754925653952,40.286235158128164],[20.37553438590339,40.28627631387504],[20.37563836905981,40.28647951437048],[20.375672569226456,40.28656373554655],[20.375680922128655,40.286593795254774],[20.375680427264594,40.286614719989515],[20.375673108932876,40.28663559961251],[20.375661021235082,40.286655650905374],[20.375638703967375,40.286680988375025],[20.37560625560869,40.28673058145866],[20.375597812970206,40.2867618045963],[20.37562214789451,40.286894659116996],[20.375662457006374,40.28722970699563],[20.375710042045316,40.28732919804936],[20.375726675308492,40.28735929553964],[20.375739339447986,40.28737497191997],[20.37574472537451,40.287386647298725],[20.375747332850136,40.28740500402535],[20.375740796185887,40.28750164444677],[20.37573944285861,40.287551348387545],[20.37574687150329,40.2876426127803],[20.375758698169122,40.28769777219974],[20.37577052485452,40.287752931617355],[20.375774351466433,40.287885285199806],[20.375737602426405,40.287970922691095],[20.375661086286428,40.288063201461476],[20.375606636087856,40.28813679875756],[20.375591923528294,40.28818766477711],[20.3756011141257,40.28823215804863],[20.375637244822887,40.28828769067882],[20.375722677601537,40.28835517169669],[20.375934032025448,40.28848212094678],[20.37607908750083,40.28855777137907],[20.376103551679737,40.28857077036093],[20.376128973995026,40.28860431529637],[20.37627928305923,40.28902541026283],[20.376349966522437,40.289271849476904],[20.376394662700747,40.289493395500216],[20.37640293633733,40.289596723602514],[20.37642799643409,40.28967527180972],[20.37646000162757,40.289714820468966],[20.376499212658718,40.28974231765569],[20.376550124072438,40.28976915894886],[20.376624255537553,40.28978161756998],[20.376762315078263,40.28977614168586],[20.376853263583815,40.28976893996106],[20.376946638713253,40.28976490105756],[20.37705053659497,40.28976851184022],[20.37717867743392,40.289793512239335],[20.377251822520407,40.289806993157185],[20.37732925854799,40.28981106790267],[20.377448970696978,40.28979674412726],[20.37764330330052,40.289754918208864],[20.377697482129648,40.28975002166025],[20.37774562835083,40.28975110250558],[20.377784440859372,40.28975586455637],[20.37788753857787,40.28978244251286],[20.378165555773066,40.28986314407951],[20.378340672463825,40.28992054649973],[20.378605996730187,40.289994963841835],[20.37888341922011,40.290041317143334],[20.378963841444147,40.29007368229052],[20.37903633258091,40.29011812864044],[20.379087956452985,40.29017471991884],[20.379097216111205,40.290230203389854],[20.379073623027576,40.29033941576668],[20.379058426460926,40.290414977682836],[20.379068888227245,40.29056008161366],[20.37914483379468,40.290816998278984],[20.379226686475853,40.2909416241011],[20.37931977587491,40.29101834641244],[20.379387151747277,40.29106586123254],[20.379560869903987,40.29116613860105],[20.379793530681294,40.29126737076555],[20.379852113358574,40.2913063876726],[20.379913075392206,40.29133871489418],[20.379954809974,40.29135321545735],[20.379999906810983,40.291360873982555],[20.380042829622763,40.29135975687359],[20.38012666340449,40.291341546965796],[20.38024585757106,40.291315656150545],[20.380497408702514,40.291283031606845],[20.38063268136196,40.29126177572864],[20.380673398479416,40.29126330826296],[20.380701090024694,40.29127231935149],[20.38073010450493,40.29128773225888],[20.38076770656869,40.2913293728015],[20.380964835423377,40.29171221372924],[20.380988646310204,40.291752191259015],[20.38100657904198,40.2917941047983],[20.381019386327907,40.29185280837349],[20.381036415431797,40.291887935277295],[20.38108748641423,40.29194962691216],[20.3812425543313,40.292140522030415],[20.38142087558743,40.29243287790301],[20.381460938747267,40.292475944222886],[20.3815051510549,40.29250445353556],[20.381547057509266,40.29251442927615],[20.381614315686438,40.29251589511832],[20.38177838241468,40.29249027278431],[20.381830140283466,40.29247843847241],[20.38189064737368,40.29247384306659],[20.3819383781828,40.29247387313761],[20.381973564584918,40.29247747820017],[20.382019910905473,40.29249438314614],[20.382193016091335,40.29259793926139],[20.38223728453371,40.29262272207578],[20.382326824634166,40.292652270086336],[20.382512831058506,40.2926939944613],[20.382731298772544,40.29274102196553],[20.38278558190416,40.292752643492705],[20.382808621740956,40.29276385504889],[20.382851911219152,40.29280259436201],[20.382975625740976,40.29298083960913],[20.383030116949353,40.29304598625618],[20.38319251079996,40.293174436577736],[20.38322793976793,40.29319418001624],[20.383263355988568,40.293203200982404],[20.383298121582346,40.29321686323089],[20.383443129950443,40.293319824021545],[20.383483002479235,40.29335444138557],[20.383500561383933,40.29337705881738],[20.383515287021172,40.29341257977521],[20.383513656635824,40.29345822365137],[20.383434527485722,40.29366848782851],[20.38329015085371,40.29395448122151],[20.383275529075153,40.2940070438453],[20.383273624566964,40.294068554922745],[20.383304474883182,40.294198368283304],[20.383395518680445,40.29450265821655],[20.383428113342617,40.294592207303815],[20.383438647191614,40.29462061723417],[20.383444400127956,40.29465436384716],[20.38342709093389,40.294842036589735],[20.3834311480663,40.29490162952853],[20.3834498467452,40.29494641943952],[20.383482107609773,40.29496908002918],[20.383509288277278,40.29497996933794],[20.38355601235818,40.294982318998436],[20.383616634095024,40.294969368207454],[20.38379452669337,40.29489661833714],[20.38387604851817,40.294874790792015],[20.383976246151704,40.294862766892535],[20.384203453135626,40.29485178228095],[20.384240593715177,40.29484476109516],[20.384286760627322,40.2948360335211],[20.38433779055294,40.29483295227312],[20.384390028672662,40.29483369761224],[20.38441121593644,40.29483930262042],[20.384450185599523,40.29486221390827],[20.38455177173269,40.294964870619104],[20.3846093273486,40.294996107854345],[20.384709483459012,40.29501868334142],[20.384790332512722,40.295041744868904],[20.38483730534796,40.29507506517926],[20.38488985450757,40.2951407975746],[20.38494393518523,40.295301912663106],[20.38499864039305,40.29542360910535],[20.38504405431445,40.2954752490722],[20.38511151784429,40.29552343790727],[20.385186408457862,40.29555747240924],[20.38527875790134,40.29558343571679],[20.38536366588907,40.29559441185315],[20.38542311226035,40.29561260344186],[20.385497514759187,40.295644387392734],[20.38558169110424,40.29569927570831],[20.385660659387685,40.295771963311864],[20.385715167473453,40.295814887608174],[20.38587180119531,40.29589543592916],[20.38593805049667,40.29592640055185],[20.386003426992833,40.29594724594862],[20.38605203576727,40.29595631344636],[20.38609973862247,40.295951665230405],[20.386197632848006,40.29592577827844],[20.386371476952885,40.29588227659984],[20.386456910865604,40.29586047458648],[20.38651131287094,40.29585023378277],[20.38659549459424,40.295839206457124],[20.386771765067923,40.29583937408457],[20.386828718857302,40.29583316045172],[20.386948308638473,40.295796104502685],[20.386985947245243,40.29578459702697],[20.387011788350645,40.29578194302267],[20.387041597740335,40.29578305180053],[20.38709399317956,40.29579888617198],[20.387126234763347,40.2958055380695],[20.387147299727097,40.29580813906829],[20.387172539576063,40.29580683168204],[20.38720408695377,40.295790829985435],[20.387238427612015,40.29576759057819],[20.387326665649603,40.295682131504925],[20.38734201187431,40.29566989560324],[20.387359313848723,40.29566459381399],[20.387382873353456,40.29566096786961],[20.3874044583605,40.29566475152012],[20.387413174520923,40.2956735127819],[20.38741609073319,40.29569000434903],[20.38739148565341,40.29578218726027],[20.387303700979615,40.295949483289085],[20.387294780150285,40.29601484014155],[20.387287176667712,40.29607054559218],[20.38728138102788,40.296122200413194],[20.387257448947512,40.29615998678178],[20.38720843170267,40.29621893550575],[20.387152556169642,40.296259811981926],[20.38710320812341,40.29629591312646],[20.387068778796575,40.296353462878145],[20.387027556922565,40.29644462461702],[20.387013674554836,40.29650662609153],[20.38702311940622,40.29654121505736],[20.387053077111094,40.29658281124802],[20.387103089170612,40.29663616452315],[20.387172470340822,40.296685250654384],[20.387205434914254,40.29669835968162],[20.387239355506765,40.29670460133159],[20.38728765994303,40.29670673780628],[20.38736302118259,40.29669784228491],[20.38751547496403,40.29667963252241],[20.387705944666074,40.296675158214214],[20.38776456123265,40.296677990225305],[20.387812929044564,40.29668032705371],[20.387841648056163,40.29669496875451],[20.387867665269198,40.29671777797278],[20.387907854521444,40.296747410573666],[20.38793216108888,40.29675445351367],[20.38800172504881,40.296757284298174],[20.388082758590485,40.29675045865198],[20.388124980340255,40.29674806456557],[20.388147265746365,40.29675237011293],[20.388209554425128,40.296779505706006],[20.38838940246922,40.29691053556332],[20.388517287012288,40.29697318456472],[20.3886455254885,40.29703600669383],[20.388853841687883,40.29715005994034],[20.388895285645447,40.29716953076168],[20.388906317441958,40.29718337500053],[20.388913371271844,40.29721176917289],[20.388916474996048,40.297426785461305],[20.388922496579504,40.2975716006804],[20.388916194132385,40.29760184719606],[20.38887567577573,40.29768593569094],[20.388802154132716,40.297776664893405],[20.388767615066765,40.297822006616315],[20.38875673926613,40.29786415184917],[20.38874338643895,40.29795904854586],[20.388738019086293,40.298021632099484],[20.388748745475166,40.29806932337457],[20.388765275872164,40.2980959311808],[20.388796388087382,40.298113424358036],[20.388862426693233,40.29813467867604],[20.389025019976724,40.298172527245754],[20.38909298761689,40.298176031451504],[20.389169338163928,40.29816322932066],[20.38926117048282,40.29813678575461],[20.389307529479854,40.29813013700517],[20.389373256053297,40.298125059238956],[20.38944250422168,40.298129829002654],[20.38963389530156,40.29816262793724],[20.389740683761687,40.29819227131923],[20.389803252475208,40.29821743841318],[20.389832077568926,40.298229032749866],[20.38986080557594,40.298236390839236],[20.389878401470114,40.29823902227162],[20.389913844158276,40.29823890283064],[20.38996939997391,40.29823871558706],[20.389997829725342,40.298238857896635],[20.39003377044051,40.29824789040454],[20.390097541262424,40.29826874658519],[20.390147195153126,40.29828260239431],[20.390263920542232,40.298298561868826],[20.390413860803022,40.298328454035676],[20.390459817325624,40.298343903523616],[20.39058937192836,40.29840342135251],[20.390632505124444,40.29841580903628],[20.390738123134398,40.29843345710892],[20.39082659942556,40.298448240832],[20.390943704992228,40.29847115874852],[20.390973286002925,40.29848001616937],[20.390999978860336,40.298499029491914],[20.391037409749,40.298551089502936],[20.39106986692072,40.29858305538652],[20.3911123474048,40.298616406587406],[20.391233432585352,40.29868765382749],[20.391280535247198,40.298715369238565],[20.391307296912647,40.29872825370088],[20.391326128597697,40.29874267027806],[20.391341929815674,40.29876481327476],[20.391348003093594,40.29883174672497],[20.391375714980082,40.29896408499081],[20.39138234917084,40.29898299528915],[20.391406219735025,40.29902111918442],[20.391422188298645,40.29905611050325],[20.391449810028988,40.29909364775999],[20.39152015827442,40.29917741443327],[20.391579012532763,40.29922777231732],[20.391631678186904,40.29925554864026],[20.39169098380882,40.299272705051834],[20.39172752480509,40.29927552318966],[20.391786669369324,40.29928008454917],[20.391821090930016,40.29928514611361],[20.391850007354858,40.29929562153393],[20.391903002743607,40.299337320266424],[20.391947158667044,40.29937206372241],[20.39197243494307,40.29938435820976],[20.39200742576892,40.299393251398776],[20.392058063284935,40.29939247893635],[20.392135611007596,40.29939264961038],[20.39210896364491,40.29946967887834],[20.392037457981417,40.29951918914118],[20.391827172315995,40.29953823275798],[20.391525883780183,40.29959215316558],[20.391344129472227,40.2996494058574],[20.391294281034142,40.29966510807192],[20.391246786411724,40.299653568680014],[20.39101100018095,40.29948994853328],[20.390984698717194,40.29944191270034],[20.390936912027776,40.299354637007305],[20.39094259361796,40.29928819583954],[20.390896177254454,40.299174229970454],[20.390768200108397,40.29901928771359],[20.390688328272887,40.2989644791426],[20.39053241516844,40.298919100865945],[20.390346211827588,40.29889045041795],[20.390054240702593,40.29873659849788],[20.389951929049424,40.29866391635751],[20.389792049840736,40.298617537147905],[20.389691603064744,40.298588398491006],[20.38953671374755,40.298571344494185],[20.38940313107513,40.29857954070965],[20.389227491616623,40.29861657082942],[20.389156962497637,40.29867961899568],[20.38903170618469,40.29879158910265],[20.389009274001847,40.2988108091546],[20.388986699507484,40.29881923786866],[20.38897309823733,40.29876754709196],[20.388931046304887,40.29869047657935],[20.388851055623153,40.2985955580893],[20.388767156999744,40.29854598406882],[20.388664456449995,40.29849779423506],[20.388482410427418,40.29844355276642],[20.388344492530553,40.29844137746928],[20.38824451833046,40.29846813275148],[20.388196402102317,40.29848954681836],[20.38813188014418,40.298492879864554],[20.388092582495602,40.29848633565204],[20.38808196088266,40.298464065227826],[20.388063071262728,40.298391409262564],[20.38812652385507,40.29828462797946],[20.388109928714695,40.29816593625012],[20.388008801485256,40.298040912260866],[20.3878652793272,40.297957195416],[20.387788084052065,40.29791216705279],[20.387778817804268,40.297892740353824],[20.38778639490124,40.2978644130021],[20.38782859836052,40.29781349901432],[20.387862103643407,40.29777854553206],[20.387890291734088,40.297711576135306],[20.387890955093535,40.29764155481025],[20.387835787446587,40.29757987071948],[20.387769869123684,40.297571884345956],[20.38773056669445,40.297550990609],[20.387739659760555,40.297513869543394],[20.38776071629022,40.297482512156435],[20.387800589223122,40.29742794967786],[20.387826066859265,40.29739539840614],[20.387888008180102,40.29736810126198],[20.38793837832819,40.29730973337903],[20.38794661679913,40.29725064009031],[20.38792539504612,40.2972003903272],[20.38785544725316,40.29716025209586],[20.38776607990127,40.29715424150213],[20.387696394390346,40.297169086977554],[20.387647991787574,40.29716451237631],[20.38757057828196,40.29713211338458],[20.38750081013821,40.297102914047706],[20.38739303934092,40.29703866855841],[20.387310619762392,40.29698953556001],[20.38719602760622,40.29696964721052],[20.38708176166751,40.29697460254373],[20.38694645559941,40.29700398558865],[20.386777643287946,40.29702871148939],[20.386684685003374,40.29702890201018],[20.38664989110897,40.297021041059125],[20.386632622537434,40.297008724045455],[20.386557782482196,40.296916937567175],[20.386542367968808,40.29685626054429],[20.386524535062645,40.296772017319526],[20.386487699144805,40.29668621696785],[20.38645188899673,40.296602805675796],[20.38638054939216,40.296572465226454],[20.386299281899767,40.296560874059686],[20.38616290616523,40.2965414226776],[20.386155755023896,40.29653842387148],[20.386047083036246,40.29647599025829],[20.38597267235462,40.29645939870412],[20.385856127434188,40.29645881807554],[20.38572303473844,40.296486559941656],[20.38566545865078,40.29649215486997],[20.385577517446425,40.29648497434419],[20.385460634509805,40.296452642754986],[20.385142478813584,40.29632923432607],[20.3849804160598,40.29623261242721],[20.384935533868006,40.29619531890941],[20.38489023073919,40.29614665731457],[20.384850237879178,40.29611257503518],[20.38475740527893,40.296085841621135],[20.38466641101071,40.29609087766416],[20.38454039975485,40.29607698234218],[20.384473799987983,40.296061571101816],[20.384457204172946,40.29605150156551],[20.384441290157355,40.29602139783646],[20.384427756383854,40.29591998922869],[20.384397696176332,40.29585162315835],[20.38433234769483,40.29581918982749],[20.384251107483735,40.29579236144898],[20.384143528958063,40.29578174821324],[20.384066144646916,40.29581631770376],[20.384007307653253,40.29585804239451],[20.383858218460162,40.29598442826538],[20.38372156673742,40.29621871166634],[20.38366134380483,40.29632931544357],[20.383561089794824,40.29638616730125],[20.383368816967174,40.296431145487894],[20.383210585784617,40.2964508060218],[20.383154160267082,40.29645286032762],[20.383107561499447,40.296443259725],[20.38310237220715,40.29644177867699],[20.383100532284463,40.29637796399635],[20.38305254536257,40.2963135130158],[20.38296418746766,40.29629099568895],[20.382832093039557,40.29627860408741],[20.382732185312744,40.296269231773984],[20.382633290297292,40.29627084820893],[20.382554293053992,40.29631845057091],[20.382451285442805,40.29645111863501],[20.38239486834128,40.29652378045988],[20.38235256493511,40.296545484765296],[20.38227535425817,40.29655280366056],[20.382134961445534,40.296566111532364],[20.381989943058876,40.29657428617809],[20.381917059154148,40.29657094233138],[20.38177069380237,40.296525332048084],[20.381764303520697,40.29651718280817],[20.381785087960935,40.29646254534771],[20.381717008111714,40.29634797981601],[20.381604904763567,40.296186833200004],[20.38139318597719,40.29609182388409],[20.380899984180015,40.29600560763127],[20.380390254009882,40.295881447478486],[20.380292732632277,40.2958377647014],[20.380283549482883,40.295804407176576],[20.380305037888792,40.29575717237162],[20.380313246031434,40.29567464083376],[20.38015375375201,40.29557340193563],[20.379892297183375,40.295531320353724],[20.37966997630386,40.29551563482734],[20.379500159902005,40.295457237700454],[20.379369952745957,40.29537285669186],[20.37934593415802,40.295335402755626],[20.379317118954354,40.295265683919396],[20.37927113863384,40.29519580274744],[20.379269274687783,40.295185815963904],[20.37927907644243,40.29515870221782],[20.379284325394636,40.29510300177817],[20.37925151639586,40.2950478406921],[20.37905605988038,40.29496237565251],[20.378925551627336,40.29490530949305],[20.378827966661067,40.29485057833301],[20.37881621493456,40.294840735606435],[20.3788161362229,40.294840428387644],[20.378817957687772,40.29483622970793],[20.378858950003544,40.29479931451915],[20.378875641484292,40.29473103280034],[20.378844432576603,40.29467085077236],[20.378759538233556,40.29462126914699],[20.378619454667668,40.294622515830056],[20.37845163810952,40.29466505739038],[20.378394515955424,40.29465965984402],[20.378351751164015,40.29464053993039],[20.37827733950219,40.29457345786817],[20.378216431788335,40.29448676735078],[20.378173174149804,40.294425198194496],[20.378073076004668,40.294398770543744],[20.377994871804905,40.29439734835712],[20.377824663467926,40.29435902937054],[20.377685950409177,40.2943278006952],[20.377553222029725,40.29432210437007],[20.377477436547135,40.294351169010596],[20.377475886660402,40.294351014840224],[20.377356483612573,40.294289891551735],[20.37726007750245,40.29422095745573],[20.377228845478605,40.29418829270335],[20.377234122551418,40.294186572091036],[20.377518724826043,40.29407348326858],[20.377723895106445,40.294029114477965],[20.377785517178506,40.29397581419825],[20.37782433773497,40.29388159613434],[20.377808554802854,40.29375106650265],[20.37770481463848,40.29367577613812],[20.377538782042226,40.2936763180349],[20.377343366721146,40.29371414293039],[20.377252379627492,40.29373175440779],[20.3771991945212,40.29371403614594],[20.37708901313301,40.29365982879444],[20.376930871433558,40.29360299858803],[20.376657364153246,40.293607060826574],[20.3764151180224,40.293627540454665],[20.37633995192598,40.29362705497818],[20.376159948616415,40.29360767860543],[20.376147861752873,40.29354592165334],[20.3761101922811,40.29346839680036],[20.376026354075968,40.293392448099056],[20.37592869103436,40.29333218149544],[20.375807547796054,40.29329378125094],[20.37569910620231,40.293276486165006],[20.375546502497553,40.29325995556529],[20.37539674663553,40.29326079015784],[20.375278608760745,40.2932874103064],[20.375148725144225,40.29331976546901],[20.37501956752086,40.293364195547625],[20.374868185709783,40.2934056837802],[20.374732316282266,40.29342165242437],[20.374595949831825,40.293470232623754],[20.374412716571317,40.293524756675716],[20.37433314181708,40.29356849415239],[20.374243312574116,40.29359259531509],[20.37413561957484,40.293610602160314],[20.374047659090767,40.29360571046467],[20.37401306869338,40.293588740906664],[20.37400267740739,40.29354425910843],[20.37401319151441,40.293488322361945],[20.37403959019791,40.293441871926206],[20.374112704515593,40.2933129034225],[20.374173488478547,40.29321016335092],[20.37423747812675,40.29312274870028],[20.374270483095106,40.29307530162461],[20.374299318526116,40.2930179986704],[20.374301899203154,40.292985661623796],[20.374285485347666,40.29296063832318],[20.374252215221606,40.292931866434245],[20.37421827923282,40.29291371352095],[20.37414633549292,40.29288440385914],[20.374108079749472,40.29286922505918],[20.373942351423782,40.29280524750182],[20.373811571249494,40.29275548128223],[20.373741413835965,40.292741455491395],[20.37368177907223,40.29273921927055],[20.37361650943032,40.29274056027185],[20.373560443373233,40.29273969303992],[20.373500206783902,40.292728969885765],[20.373465552612778,40.292705707427714],[20.373446464547555,40.292679154462924],[20.373441951580332,40.29264661338506],[20.373456528589394,40.292594614190286],[20.37346953651541,40.29257121048841],[20.37347518493268,40.29250279748375],[20.373453891709374,40.29245999362717],[20.37341022661977,40.292413439947055],[20.373328350744586,40.29233883698326],[20.373250753106678,40.2922731241057],[20.373151411533843,40.29217409983342],[20.373014043337776,40.29203914280817],[20.372932003073863,40.29193618380284],[20.372903920409428,40.29188151148234],[20.372901152500013,40.291831113631694],[20.372921822072886,40.29176483791745],[20.372965366610646,40.29169354432721],[20.373002413462437,40.29161714021255],[20.37301229445079,40.291570890140584],[20.373006220109364,40.29151912327428],[20.372983240102762,40.291478289807486],[20.372943054263917,40.29144384371353],[20.37290614327933,40.291420219121854],[20.37283615508385,40.29138833480357],[20.3727735913856,40.29136715322687],[20.3726931584009,40.29131636075672],[20.37265306442884,40.29127097502527],[20.37258919781378,40.29120096406539],[20.37253970655872,40.291153080651114],[20.372505727448097,40.29111718881364],[20.372481050170748,40.29106573666808],[20.37246313774553,40.29098818309414],[20.3724353704958,40.29091862949405],[20.372404739946916,40.29088684245759],[20.37236650413681,40.29086623346567],[20.37233150911312,40.29083569063615],[20.37226513927811,40.29074528690292],[20.37213536272061,40.29058937599015],[20.37202831679757,40.29047027744623],[20.37190221730267,40.29032997395136],[20.371771878703083,40.29016991999422],[20.37172326751806,40.2900958925038],[20.371649050343326,40.28999603239798],[20.371551112304086,40.28988747505089],[20.371450463097037,40.289788448966],[20.371370305976757,40.28971963693783],[20.37133412935703,40.289696695714156],[20.37128679758334,40.28967773117734],[20.37125712587048,40.2896728921575],[20.37120127479365,40.28967129902924],[20.371133776926186,40.289664432562816],[20.37092867518213,40.28966860790755],[20.370673006775508,40.28967774854721],[20.370524458975527,40.28967764438108],[20.37041633615189,40.28967961396945],[20.370371036947457,40.28967588905562],[20.370322319401335,40.28966110592469],[20.370276552987317,40.289645761665184],[20.370110225129707,40.289621113852334],[20.36996006085161,40.28960478985773],[20.369870934132003,40.28958991866298],[20.369761376042664,40.28954486291854],[20.369685088743594,40.289496966634886],[20.369595579721228,40.28942859211059],[20.369466523347675,40.28930940026912],[20.369370580885548,40.28923261585978],[20.369274403676542,40.28916278993566],[20.36920569001747,40.2891281697031],[20.36915231936565,40.289108799390426],[20.36908342908433,40.28908652452868],[20.3690932206489,40.28902034957673],[20.36909569138608,40.288965765711374],[20.369054523585454,40.288864983045805],[20.36901489150459,40.288782533643314],[20.369020229438203,40.28868471423574],[20.36907978907317,40.288617705832195],[20.369135276291324,40.28847459911842],[20.369172800213185,40.288349770550724],[20.369176682509572,40.288234620481454],[20.36920063783299,40.28816244341512],[20.369196984133488,40.28810215635624],[20.36916985849069,40.28803217305773],[20.369129589607503,40.28796658633573],[20.36907452461984,40.28788487749191],[20.3690442402336,40.28783993954524],[20.369040082686197,40.28776727409246],[20.369060902995013,40.28771831317103],[20.369133415497615,40.28762262825464],[20.36923183960393,40.28749275080459],[20.369220175695336,40.28736528294429],[20.369139351565472,40.287246629890156],[20.36908946440866,40.28717339331142],[20.369139687025996,40.28707306142924],[20.36922954123556,40.28697131007716],[20.369501357472352,40.28668852639418],[20.369698341680433,40.286491117018876],[20.369853889481966,40.28643869981251],[20.370024925511146,40.286411552070085],[20.3701852987291,40.28640976888549],[20.370346586527585,40.28639656982301],[20.370591053900306,40.286376563282914],[20.37074773280897,40.28636374083254],[20.370907012269264,40.28633517458634],[20.37104647753684,40.28627583474992],[20.3713860882659,40.28602693523261],[20.371711000631745,40.285786873543366],[20.371883414119377,40.28563255191377],[20.3721246113873,40.285405264915255],[20.372212020994112,40.28531306500414],[20.372357533654064,40.28526343156962],[20.372571506534968,40.28511396106503],[20.372643604037915,40.28504874369894],[20.37273225539474,40.284946728045476],[20.372828947946495,40.28485882598138],[20.373055370147515,40.28472174905054],[20.3731827899219,40.28468790739609],[20.373380218381996,40.28469058412952],[20.373646378432117,40.28472687591798],[20.373977805135347,40.28480807201525],[20.37414096796132,40.284867042365555],[20.37426321826821,40.284899490941406],[20.374309109929044,40.284903748671205],[20.374204682538664,40.284937899387614],[20.374150158996432,40.284941137655146],[20.37405544216513,40.28493528218023],[20.373986123334067,40.284925155076614],[20.37394469127157,40.28490593388726],[20.373847392147905,40.28487531904878],[20.37378421270956,40.28486577987365],[20.37374636327905,40.284855425781444],[20.373683191722282,40.284849233952784],[20.373586399612552,40.28482203402809],[20.37353427578584,40.28481023730802],[20.373463753432606,40.28481215532842],[20.373426558413403,40.28482283638793],[20.373394365763613,40.284842694334365],[20.37335555171952,40.28488099754547],[20.373318114773067,40.28491889374442],[20.373262257464035,40.28495865050037],[20.373233715747542,40.284985730921015],[20.37320121599729,40.28500964327973],[20.37316273039852,40.28505574702339],[20.37312092047495,40.285107861987015],[20.37308483632151,40.28514952354232],[20.37305654725122,40.28518451282996],[20.372957629332806,40.28526391816154],[20.37319304924911,40.28544888500213],[20.373190432225492,40.285476372602375],[20.373173429861318,40.285505159294814],[20.373147443553613,40.285536362374856],[20.373125049356535,40.285565567202966],[20.37306081180545,40.28559809677333],[20.373028565690955,40.285617513507965],[20.373010473738724,40.28566438447611],[20.373001705811642,40.28570396226894],[20.372972169974314,40.28572547578808],[20.37292341697835,40.28575776228721],[20.372778451625265,40.28576433716796],[20.37257481569168,40.285854237875704],[20.372441974336247,40.28594398988315],[20.372437926886516,40.2860742587153],[20.37277937912478,40.286132250409146],[20.37299954368595,40.28630392858057],[20.373073055592933,40.286344763966156],[20.37315106422897,40.28635133604741],[20.373230548291644,40.286342650327846],[20.373309271554113,40.28632884725616],[20.373388302026445,40.28631809337708],[20.3734442105727,40.28631886935024],[20.373510097718327,40.28632251742952],[20.373570481209992,40.28633746200515],[20.373669624813367,40.286357782974434],[20.373780128849226,40.28637862641497],[20.3738543692741,40.28640410149453],[20.373954391029073,40.28644524781185],[20.374041861549113,40.28647013786629],[20.374122848403722,40.28647209503933],[20.374164846030887,40.28647171157832],[20.374243865513538,40.28647452516869],[20.374351756137965,40.286469648974],[20.37443596921627,40.286483026460886],[20.374448396852337,40.28643714473479],[20.37443166590338,40.28631229377323],[20.37427121083019,40.286133952978275],[20.374223897667733,40.28603523725062],[20.374281082974306,40.28594766870862],[20.37436472519189,40.28587771988223],[20.374340035021827,40.285739767714595],[20.374383937006048,40.285636331875715],[20.374376840317634,40.28549973924605],[20.37433490802157,40.28542307729739],[20.374353076174586,40.285369903188155],[20.374383633863506,40.28526203572899]]]},"properties":{"Zk_Numer":2239,"Zk_Emer":"KOSOVË-GOSNISHT","Nr_Pas":"57","Vol":1,"Faqe":178,"Pronaret":"SHTET","Kufizimet":"","Siperfaqe":692714}},
{"type":"Feature","geometry":{"type":"Polygon","coordinates":[[[20.379799766162627,40.30180356923961],[20.379762936867692,40.30169287778398],[20.37990467502449,40.30157051890572],[20.379941439962245,40.301202739091224],[20.37961163784566,40.30108722976973],[20.380221003074496,40.30059522064194],[20.38025346506609,40.30103410792461],[20.380440097065513,40.30148565024818],[20.380488441314508,40.3015470740489],[20.379968831051688,40.30169827517609],[20.379799766162627,40.30180356923961]]]},"properties":{"Zk_Numer":2239,"Zk_Emer":"KOSOVË-GOSNISHT","Nr_Pas":"217/19","Vol":1,"Faqe":142,"Pronaret":"SHTET","Kufizimet":"","Siperfaqe":4262}},
{"type":"Feature","geometry":{"type":"Polygon","coordinates":[[[20.372292202764392,40.30068274596479],[20.371553565784907,40.300859263041914],[20.371583388881685,40.30065623794596],[20.37151986613649,40.30030286108259],[20.372008264921305,40.30016441923587],[20.372292202764392,40.30068274596479]]]},"properties":{"Zk_Numer":2239,"Zk_Emer":"KOSOVË-GOSNISHT","Nr_Pas":"78/21","Vol":1,"Faqe":143,"Pronaret":"SHTET","Kufizimet":"","Siperfaqe":3238}},
{"type":"Feature","geometry":{"type":"Polygon","coordinates":[[[20.37459356040078,40.30276855851746],[20.374635468677706,40.30251773477151],[20.37510983751535,40.30246374194424],[20.375654654916005,40.30217407084069],[20.375728152785495,40.30226250608279],[20.375803296044662,40.30272998807471],[20.374588091888143,40.302917594673666],[20.37459356040078,40.30276855851746]]]},"properties":{"Zk_Numer":2239,"Zk_Emer":"KOSOVË-GOSNISHT","Nr_Pas":"78/22","Vol":1,"Faqe":144,"Pronaret":"SHTET","Kufizimet":"","Siperfaqe":4811}},
{"type":"Feature","geometry":{"type":"Polygon","coordinates":[[[20.37513206586616,40.30378273758137],[20.37501351684799,40.30389071495272],[20.374834906411706,40.304125944173634],[20.37440962366479,40.30451327187105],[20.37421969136862,40.30462108347051],[20.373871792866492,40.304086178092135],[20.373682561192048,40.30382903828669],[20.374204972568855,40.30365236134102],[20.374284772813553,40.30369519759683],[20.374485995764342,40.30372082933039],[20.37454258755545,40.30372314423819],[20.374720817176616,40.30373043460372],[20.37513206586616,40.30378273758137]]]},"properties":{"Zk_Numer":2239,"Zk_Emer":"KOSOVË-GOSNISHT","Nr_Pas":"78/23","Vol":1,"Faqe":145,"Pronaret":"SHTET","Kufizimet":"","Siperfaqe":6850}},
{"type":"Feature","geometry":{"type":"Polygon","coordinates":[[[20.375804782022023,40.30453057610862],[20.375732116173598,40.30439530506101],[20.37664720508723,40.30387741328738],[20.37685204215766,40.304083655257344],[20.376594579491684,40.304172472648226],[20.37636944473434,40.304410014420064],[20.375956818162038,40.30459172528482],[20.375956963032298,40.30459353485244],[20.375804782022023,40.30453057610862]]]},"properties":{"Zk_Numer":2239,"Zk_Emer":"KOSOVË-GOSNISHT","Nr_Pas":"78/24","Vol":1,"Faqe":146,"Pronaret":"SHTET","Kufizimet":"","Siperfaqe":2865}},
{"type":"Feature","geometry":{"type":"Polygon","coordinates":[[[20.375804782022023,40.30453057610862],[20.37576726958798,40.304597321376946],[20.37527311230332,40.30475412609118],[20.374889931582544,40.30498422181407],[20.374419359023776,40.304824751198666],[20.374336664940902,40.30474676965914],[20.37539986238472,40.304041061487716],[20.375694492827307,40.3043252671201],[20.375732116173598,40.30439530506101],[20.375804782022023,40.30453057610862]]]},"properties":{"Zk_Numer":2239,"Zk_Emer":"KOSOVË-GOSNISHT","Nr_Pas":"78/25","Vol":1,"Faqe":147,"Pronaret":"SHTET","Kufizimet":"","Siperfaqe":6219}},
{"type":"Feature","geometry":{"type":"Polygon","coordinates":[[[20.375897490538367,40.30512758334778],[20.37633203103346,40.30502953085643],[20.37683797763818,40.30479917344799],[20.377219288253038,40.304797822297886],[20.376774689476147,40.30491025382743],[20.376336877446025,40.305126664466364],[20.375889707120006,40.305179328158324],[20.375897490538367,40.30512758334778]]]},"properties":{"Zk_Numer":2239,"Zk_Emer":"KOSOVË-GOSNISHT","Nr_Pas":"78/26","Vol":1,"Faqe":148,"Pronaret":"SHTET","Kufizimet":"","Siperfaqe":910}},
{"type":"Feature","geometry":{"type":"Polygon","coordinates":[[[20.375889707120006,40.305179328158324],[20.376336877446025,40.305126664466364],[20.376774689476147,40.30491025382743],[20.377219288253038,40.304797822297886],[20.377250191163554,40.30543711657762],[20.376818538771527,40.30547296248294],[20.376490820777175,40.30554004944438],[20.37632981704793,40.30552005876351],[20.375865318869096,40.30568669423621],[20.37566602752086,40.30583020035064],[20.37553322831856,40.3056437592409],[20.375889707120006,40.305179328158324]]]},"properties":{"Zk_Numer":2239,"Zk_Emer":"KOSOVË-GOSNISHT","Nr_Pas":"78/27","Vol":1,"Faqe":149,"Pronaret":"SHTET","Kufizimet":"","Siperfaqe":7695}},
{"type":"Feature","geometry":{"type":"Polygon","coordinates":[[[20.3851855155445,40.302918771887725],[20.385200253486516,40.30278258259747],[20.385249527706296,40.30267710246495],[20.38549310933846,40.30256974901364],[20.385850543868678,40.302371379718636],[20.385879064133988,40.30268144719687],[20.38588314966223,40.30274369703041],[20.38589504812723,40.30292498928466],[20.3851855155445,40.302918771887725]]]},"properties":{"Zk_Numer":2239,"Zk_Emer":"KOSOVË-GOSNISHT","Nr_Pas":"96/9","Vol":1,"Faqe":150,"Pronaret":"SHTET","Kufizimet":"","Siperfaqe":2433}},
{"type":"Feature","geometry":{"type":"Polygon","coordinates":[[[20.392202570338284,40.29936195583677],[20.392216442088806,40.29928262890453],[20.39222460357485,40.29924776003962],[20.3922343067993,40.299238483543334],[20.392242969799604,40.299228248301816],[20.392269716842726,40.2992199116521],[20.39229650930668,40.299219375146244],[20.392378646429393,40.29921998793656],[20.392509049001347,40.299215013632846],[20.39265513941238,40.299209895410385],[20.39289971280131,40.29919044654413],[20.393002497729366,40.299182272765044],[20.393072260985456,40.299165953328185],[20.393199335005555,40.29911759650727],[20.39340286171387,40.29902084043203],[20.393553523074246,40.298980019144274],[20.393649330459333,40.29896468469721],[20.39371635155194,40.29896378483448],[20.393860992494048,40.298985857446695],[20.39410477451802,40.299023852063],[20.39425469106473,40.29906536219672],[20.39434481371335,40.29910358968573],[20.394418894219157,40.29917689782779],[20.394669568724844,40.29942150528358],[20.3949601976777,40.29969454359429],[20.395118572011214,40.29989615221859],[20.39519848500343,40.30007060802028],[20.395255149935142,40.300214157788695],[20.39531566051486,40.300270213676484],[20.395356955884903,40.300285835750415],[20.395438078542785,40.30028094027164],[20.395590120061907,40.30025624580081],[20.395648044785833,40.3002536394398],[20.395672465884573,40.300263320847755],[20.395699784792406,40.30028556025409],[20.39572239530178,40.30035155063102],[20.39578900130859,40.3004271629712],[20.39584285976637,40.30056702873394],[20.395845257947276,40.30075761822579],[20.39579971872762,40.30094003742983],[20.395746482400472,40.301033475237475],[20.39569695772662,40.301115921281585],[20.395594879446303,40.301321852795745],[20.39555635202933,40.301393877615816],[20.395255714732972,40.30148738520841],[20.3950242483679,40.30156411913164],[20.39476673528267,40.30172440422188],[20.39465245571444,40.30179553536899],[20.39450852235126,40.30186670098988],[20.394392336476937,40.301908104426175],[20.394204698743717,40.30192978625208],[20.394167654825754,40.301932387719944],[20.394200530919072,40.30190180671872],[20.394348512530744,40.30187792717376],[20.394494756705157,40.30183234430411],[20.394610115539713,40.30174979530316],[20.394733685717853,40.30166258953132],[20.394824213156934,40.30155896168856],[20.394889698457103,40.301510918229916],[20.395022348142593,40.30146844111979],[20.39514321839663,40.30144916490765],[20.39520440437361,40.3014338440531],[20.39526268169282,40.301410704529125],[20.395386395889574,40.30133724271348],[20.395417042479878,40.3013240393646],[20.39544871148212,40.30127922830557],[20.395561951478754,40.30111248455006],[20.39564492596052,40.301013361591394],[20.395675684403823,40.300976616857405],[20.395687360618812,40.30094900221795],[20.395701897578267,40.30091311200506],[20.39570621018147,40.30081198388742],[20.395716554983068,40.30073009713896],[20.39572403337621,40.30065911964462],[20.39572956377363,40.300596373161234],[20.395727779421943,40.30056138716116],[20.395705490326915,40.300520935761455],[20.39567440876725,40.30048472999291],[20.39561624731393,40.30044347614538],[20.3955417437875,40.300411513913545],[20.39548005248228,40.300395494701704],[20.395385721616325,40.300381639772056],[20.395342521587324,40.30037529470183],[20.395306039987624,40.300358715036445],[20.395254045503602,40.30032398750386],[20.395164209138407,40.30025313205818],[20.395140542071783,40.30021893139923],[20.395118042701,40.30014771291496],[20.3950809978701,40.299969312730184],[20.39506230488552,40.29992702912451],[20.395017400591996,40.299869753549565],[20.394984638696265,40.29984601939846],[20.39486212914426,40.29978178683507],[20.394814786081263,40.29975482521336],[20.39474377715792,40.299687523589895],[20.394643028514757,40.29955781748442],[20.394548277432794,40.29944665734684],[20.394335945961757,40.29927957071827],[20.394189827059385,40.29919172685863],[20.394065489110332,40.29913816703836],[20.394019175778425,40.29912558713546],[20.39393431780581,40.29911427200194],[20.39362011643056,40.29910711963383],[20.393559803567783,40.29911006399251],[20.39348913361827,40.299117536241894],[20.39345549420126,40.299127304127154],[20.393394518918484,40.299143724071776],[20.393222578950763,40.299216555700745],[20.393137132358742,40.29924169329148],[20.393065578942654,40.29925751721121],[20.393002033406653,40.299261739373264],[20.39275215445262,40.29926279248539],[20.39262484198511,40.299261308245555],[20.39257922447846,40.299267480487046],[20.392522482420496,40.29927944174559],[20.392463820313242,40.29930097994391],[20.392401671538895,40.299323798248814],[20.392313991925615,40.2993565449744],[20.392276621305992,40.299363004277126],[20.392202570338284,40.29936195583677]]]},"properties":{"Zk_Numer":2239,"Zk_Emer":"KOSOVË-GOSNISHT","Nr_Pas":"119/59","Vol":1,"Faqe":151,"Pronaret":"SHTET","Kufizimet":"","Siperfaqe":6384}},
{"type":"Feature","geometry":{"type":"Polygon","coordinates":[[[20.395203990240784,40.30124251391629],[20.395372113086776,40.301303443907415],[20.395466322215047,40.30117385064167],[20.395580834639908,40.30101344740357],[20.395630932214644,40.300890555303454],[20.395648496764654,40.300788707750954],[20.39566320205914,40.300711920029165],[20.39568228586891,40.300612268432936],[20.395625315133657,40.30050971344186],[20.395460760906776,40.300439239131336],[20.395525823714994,40.300441671555284],[20.395594487632263,40.300471128579446],[20.395647051560445,40.30050841211554],[20.395673884642793,40.30053966900137],[20.39568975867033,40.300574191943326],[20.39569279217669,40.300601563167895],[20.395685688417306,40.30065789784077],[20.395676029998842,40.30073449148254],[20.395671537955817,40.300818959619676],[20.39566736077876,40.300916910890926],[20.39565414948656,40.30094952812667],[20.395643796040364,40.30097401434331],[20.395615249069827,40.30100811717766],[20.395531499452893,40.30110816606044],[20.39541858630376,40.30127442841142],[20.395388969442887,40.30130656527144],[20.395371013082684,40.301315874106855],[20.39535595100134,40.301320917827034],[20.39532687752262,40.30132108404527],[20.395301948214303,40.30131490161289],[20.39528454785571,40.301304542144756],[20.395222915267027,40.30126552816659],[20.395180534111834,40.30124575397433],[20.395145032718553,40.301231529672386],[20.3951029304008,40.3012209504937],[20.3950564101397,40.30121961894261],[20.39483027775334,40.30121235142209],[20.394680822277433,40.30121724792864],[20.39458648323536,40.30123750455538],[20.394473827843342,40.301277027623534],[20.394390113928957,40.30132161977333],[20.394283246731042,40.301388929321405],[20.394134017094963,40.30150854215651],[20.394049827427857,40.301605173989614],[20.393959865952855,40.301694886203336],[20.393843716836336,40.30179036818115],[20.393702327698204,40.30187259536906],[20.39360142389257,40.30193830265407],[20.393558649933777,40.30196835210398],[20.393520932029187,40.30200497283811],[20.39348047698113,40.30206068280128],[20.393494919857993,40.30201439844071],[20.39365626430434,40.30188179499457],[20.393724988880354,40.30183683758545],[20.393906329471637,40.30171820991609],[20.39402989808136,40.30159318706849],[20.394132800452105,40.30149197081186],[20.394251068729755,40.301385527963454],[20.39443075103546,40.30128102599031],[20.394512479480735,40.30124084640569],[20.394587973731962,40.30107864596678],[20.394654385576626,40.301012199362006],[20.394899613884427,40.30117026964864],[20.395120403387676,40.301213771638515],[20.395203990240784,40.30124251391629]]]},"properties":{"Zk_Numer":2239,"Zk_Emer":"KOSOVË-GOSNISHT","Nr_Pas":"119/60","Vol":1,"Faqe":152,"Pronaret":"SHTET","Kufizimet":"","Siperfaqe":1013}},
{"type":"Feature","geometry":{"type":"Polygon","coordinates":[[[20.392207872062006,40.2993942408269],[20.392276909505867,40.299395218281674],[20.392321624618095,40.299387489526396],[20.39241252939358,40.29935353826809],[20.39247458238769,40.29933075513231],[20.392530684272334,40.29931015694092],[20.392583253575914,40.29929907530344],[20.39262442536564,40.299293504588135],[20.392749041126326,40.299294957390025],[20.39300053586297,40.29929389747315],[20.393068449561948,40.299289385078424],[20.393144285637185,40.29927261405982],[20.393233056048135,40.29924649863643],[20.393404596012235,40.29917383645618],[20.393463427482814,40.2991579938175],[20.393494071218882,40.299149095790916],[20.39356002903422,40.29914212177818],[20.39361769670368,40.29913930655455],[20.39377292274752,40.299142840172934],[20.393928148805845,40.299146373582985],[20.3940081324182,40.299157038760356],[20.3940487613099,40.2991680746221],[20.394165908207263,40.29922323739374],[20.39422983971193,40.299260539142665],[20.394308519891084,40.29930754657557],[20.3945159258726,40.299473111239685],[20.39460894016781,40.29957946842225],[20.39471491865614,40.29970950787376],[20.394789665571817,40.29978035235173],[20.394840728773133,40.299809432576616],[20.39496168633899,40.2998728514314],[20.394989471952837,40.299892980550105],[20.395030381343748,40.299945160637165],[20.395047119883895,40.29998302331887],[20.39508394186865,40.300160350725605],[20.39510767566487,40.30023547671145],[20.395135327870946,40.3002754362131],[20.39522923362944,40.3003495012756],[20.39528439799416,40.30038634600162],[20.39532813561959,40.300406223288135],[20.395265416421648,40.30039450129899],[20.395199840223555,40.300373754586786],[20.395154078152743,40.30035774223796],[20.395137386638428,40.3003431505875],[20.39506972976771,40.30025399482915],[20.395016308485207,40.30019338998903],[20.394956840757928,40.29994048835858],[20.394773580960866,40.29983150592971],[20.394610784231368,40.29969905945058],[20.394548431347445,40.29959669281483],[20.394333656910966,40.29936717910953],[20.394159386298544,40.2992538139236],[20.39382514831761,40.299200207855634],[20.393619019063287,40.299203516189365],[20.39342605038827,40.299279991964625],[20.393114429819523,40.2993579593171],[20.39286694776358,40.29949176177933],[20.39277168507703,40.299605533571125],[20.392595541164916,40.299706267280726],[20.392437314440723,40.29973788620216],[20.3923192203088,40.2997978301938],[20.392622526503636,40.3000622144807],[20.39263209784383,40.300093384328335],[20.39270471411417,40.300287144406276],[20.392792219487987,40.30047444906175],[20.392576165931462,40.300712990120445],[20.392519052917944,40.30091371123193],[20.39245014058263,40.301128190990546],[20.392381503037328,40.301338993500735],[20.392298446807253,40.30140481203063],[20.392227128219698,40.30149607584614],[20.392125819176982,40.301778140192454],[20.39217226631347,40.301787790794],[20.392375682265122,40.30175542184642],[20.39259593320624,40.30172688364137],[20.392764845399125,40.30178364463589],[20.39297041141587,40.30185881870388],[20.393372132377745,40.30218288545789],[20.393425352332756,40.302172274592216],[20.39344700269593,40.30216795798732],[20.393440423774415,40.3021884538912],[20.393354368327056,40.30219376415385],[20.393245969465703,40.30209610164251],[20.39312256155017,40.302002001514225],[20.393001072928225,40.301915506796114],[20.39289616654617,40.301858524646754],[20.39271950026451,40.301775625031475],[20.392623996770638,40.30175293770489],[20.392510090121135,40.30174779548674],[20.392372117771735,40.30176706675909],[20.392297571103047,40.301785253020974],[20.392151550849878,40.30181085414821],[20.392082306893062,40.30182080237388],[20.3921343537902,40.30163180883653],[20.39217134893946,40.3015329443668],[20.392261182857364,40.30138816568582],[20.392362336138373,40.301292305567515],[20.392428261554034,40.30099650622655],[20.39261469663581,40.300487387756036],[20.39262710214068,40.30032479744783],[20.392591646877356,40.300187342385364],[20.39256378456053,40.30007932369985],[20.392335478510415,40.29989546809528],[20.392137751426393,40.29977440040859],[20.39206843268673,40.2997269784442],[20.392042076392386,40.299642327521774],[20.392051851479614,40.299596877008156],[20.392081034886928,40.29957910590279],[20.39219199300318,40.299502278846326],[20.392207872062006,40.2993942408269]],[[20.392751690085902,40.29950619083221],[20.39289066080492,40.299314064743605],[20.392593601501144,40.29930883881868],[20.392408167830794,40.299361140217215],[20.392356786959215,40.29938859201586],[20.392314369742518,40.29949368679748],[20.392336641880686,40.29959908555151],[20.392751690085902,40.29950619083221]]]},"properties":{"Zk_Numer":2239,"Zk_Emer":"KOSOVË-GOSNISHT","Nr_Pas":"119/61","Vol":1,"Faqe":153,"Pronaret":"SHTET","Kufizimet":"","Siperfaqe":5155}},
{"type":"Feature","geometry":{"type":"Polygon","coordinates":[[[20.394404644789997,40.30295489820439],[20.39434824528909,40.302833678959416],[20.394387460996906,40.302840991957524],[20.394479677939735,40.30286837936716],[20.394682117375794,40.30294506311418],[20.394679349270902,40.30296462437277],[20.394404644789997,40.30295489820439]]]},"properties":{"Zk_Numer":2239,"Zk_Emer":"KOSOVË-GOSNISHT","Nr_Pas":"2/70","Vol":1,"Faqe":154,"Pronaret":"SHTET","Kufizimet":"","Siperfaqe":203}},
{"type":"Feature","geometry":{"type":"Polygon","coordinates":[[[20.37951247894878,40.28293999467964],[20.379541432921055,40.28294952268978],[20.379521475572734,40.28301278043369],[20.37950517759776,40.2830753926809],[20.37947208532181,40.28317153465875],[20.37945622626034,40.283250327599504],[20.379473017335368,40.283337604326846],[20.37951319371517,40.28341406542989],[20.37954654733327,40.28346774401069],[20.379662667418,40.2836279721833],[20.379721559559343,40.283711704202645],[20.379769370181336,40.283780792707255],[20.379769450280527,40.283830161671766],[20.379761985158098,40.28391079009865],[20.379757777518396,40.283956235403075],[20.37976764573476,40.283990093584976],[20.37981897053291,40.28407741516056],[20.37984381955333,40.28409316612351],[20.379619931516128,40.284231941291246],[20.37949301078355,40.28430857821699],[20.379427379418164,40.284404247259076],[20.379001925733355,40.284296410933116],[20.378925845195855,40.28410789898706],[20.379363233818662,40.2840043655548],[20.379328235340598,40.283794003239734],[20.379063900873454,40.28356488631246],[20.37889161620994,40.28356220861776],[20.37889398386869,40.283511020348904],[20.37897464269262,40.28340316845397],[20.379114350946185,40.283246796237805],[20.379205161935953,40.28314515312111],[20.379457035544156,40.28291412513343],[20.37951247894878,40.28293999467964]]]},"properties":{"Zk_Numer":2239,"Zk_Emer":"KOSOVË-GOSNISHT","Nr_Pas":"160/22","Vol":2,"Faqe":186,"Pronaret":"SHTET","Kufizimet":"PASURIA OKUPOHET NGA SHOQËRIA 'GOSTNISHT' SHA","Siperfaqe":6370}}
]}