{"type":"FeatureCollection", "features": [
{"type":"Feature","geometry":{"type":"Polygon","coordinates":[[[19.631506157396462,40.1526033531576],[19.631475885632423,40.1525926816806],[19.6314235393237,40.152495031002964],[19.631428232430796,40.15248530617279],[19.63151811556213,40.152409173050636],[19.63155009359979,40.152391925580595],[19.63163094479873,40.15244819094837],[19.631636134668696,40.15247513101892],[19.631640211488413,40.152525176253825],[19.631635653056165,40.15257627169323],[19.631506157396462,40.1526033531576]]]},"properties":{"OBJECTID":80624,"TEXTSTRING":"11_8312106","NR_UNIK":"11_8312106","id_leja":"238339","nr":"213254","data":"2019-12-23 00:00:00.000","id_objekti":"238502","pergjegjes":"ADISELDO RRAPAJ","drejtori":"TAULAND CANAMETI","nr_serial":"0170881","anulluar_s":"","blloku":"329","dosja":"VL-","emertim":"GODINE BANIMI 1 KAT","adresa":"DHERMI, BASHKIA HIMARE","pronari":"11_8312106 ALMA PETRO BONJAKU","pronari2":"","zona":"0","vendbanimi":"0","bllok_bani":"0","ndertim_in":"0","te_tjera":"0","emertim_zo":"NULL","nr_vendimi":"NULL","date_vendi":"NULL","zona_kadas":"1481","nr_pasuris":"200/450","sip_parcel":"300 ( Treqind )","sip_nderti":"99 ( Nëntëdhjetë e nëntë )","sip_banim":"108","sip_aktivi":"0","kate_mbi_t":"1 ( Një )","kate_nen_t":"","kondicione":"-","kufi_veri":"NR. PASURIE 200/452","kufi_jug":"NR. PASURIE 200/452","kufi_lindj":"NR. PASURIE 200/451","kufi_peren":"NR. PASURIE 200/452","dokumenti":"Do të miratohet me Vendim të Këshillit të Ministrave","drejtoria":"VLORE","Shenime":"","Shape_Leng":65.450393037,"Shape_Area":300.285900929,"DREJTORITE":"","sip2":300.285900929}},
{"type":"Feature","geometry":{"type":"Polygon","coordinates":[[[19.621457935044287,40.15383810076255],[19.621288678304687,40.15376271948833],[19.62153018155372,40.15338995103534],[19.62169095203484,40.153461639891795],[19.621457935044287,40.15383810076255]]]},"properties":{"OBJECTID":80649,"TEXTSTRING":"11_8248619","NR_UNIK":"11_8248619","id_leja":"238571","nr":"213273","data":"2019-12-24 00:00:00.000","id_objekti":"238734","pergjegjes":"ADISELDO RRAPAJ","drejtori":"TAULAND CANAMETI","nr_serial":"0170901","anulluar_s":"","blloku":"330","dosja":"VL-","emertim":"PESE OBJEKTE SHERBIMI 3 KATE","adresa":"GJILEKE, BASHKIA HIMARE","pronari":"11_8248619 ALDO HASAN METANI","pronari2":"JURGEN VALTER MEMISHA ; ORNELA BARDHOSH MUÇAJ","zona":"0","vendbanimi":"0","bllok_bani":"0","ndertim_in":"0","te_tjera":"0","emertim_zo":"NULL","nr_vendimi":"NULL","date_vendi":"NULL","zona_kadas":"1739","nr_pasuris":"200/228","sip_parcel":"750 ( Shtatëqind e pesëdhjetë )","sip_nderti":"50 + 50 + 50 + 50 + 50","sip_banim":"","sip_aktivi":"845","kate_mbi_t":"3 + 3 + 3 + 3 + 3","kate_nen_t":"","kondicione":"-","kufi_veri":"NR. PASURIE 200/229; 200/137","kufi_jug":"NR. PASURIE 200/137","kufi_lindj":"NR. PASURIE 200/137","kufi_peren":"NR. PASURIE 200/137","dokumenti":"Do të miratohet me Vendim të Këshillit të Ministrave","drejtoria":"VLORE","Shenime":"","Shape_Leng":124.988533974,"Shape_Area":749.53812167,"DREJTORITE":"","sip2":749.53812167}},
{"type":"Feature","geometry":{"type":"Polygon","coordinates":[[[19.63750371095703,40.143364912164856],[19.63751960039641,40.14339003375781],[19.637393942348055,40.14343684487936],[19.63740061650465,40.143447397457315],[19.637408294372147,40.14345953574474],[19.637373803869355,40.1434723840803],[19.637349161876184,40.14348156357475],[19.63733159097376,40.14342903076847],[19.63750371095703,40.143364912164856]]]},"properties":{"OBJECTID":49366,"TEXTSTRING":"11_8310057","NR_UNIK":"11_8310057","id_leja":"227314","nr":"212735","data":"2019-02-28 00:00:00.000","id_objekti":"227474","pergjegjes":"ADISELDO RRAPAJ","drejtori":"ARDIAN MUSTA","nr_serial":"0170410","anulluar_s":"","blloku":"312","dosja":"VL-","emertim":"SHTESE ANESORE SHERBIMI 1 KAT","adresa":"\" DHERMI, BASHKIA HIMARE \"","pronari":"11_8310057 KOSTANDIN SPIRO DHIMITRI","pronari2":"NIKOLLA SPIRO DHIMITRI","zona":"0","vendbanimi":"0","bllok_bani":"0","ndertim_in":"0","te_tjera":"0","emertim_zo":"NULL","nr_vendimi":"NULL","date_vendi":"NULL","zona_kadas":"1481","nr_pasuris":"200/303","sip_parcel":"66 ( Gjashtedhjete e gjashte )","sip_nderti":"66 ( Gjashtedhjete e gjashte )","sip_banim":"-","sip_aktivi":"66","kate_mbi_t":"1 ( Njė )","kate_nen_t":"-","kondicione":"-","kufi_veri":"NR. PASURIE 200/168","kufi_jug":"NR. PASURIE 200/166","kufi_lindj":"NR. PASURIE 200/168","kufi_peren":"NR. PASURIE 200/167","dokumenti":"Do tE miratohet me Vendim tE KEshillit tE Ministrave","drejtoria":"VLORE","Shenime":"Mbivendosje","Shape_Leng":45.7207456401,"Shape_Area":66.3899465933,"DREJTORITE":"","sip2":66.3899465933}},
{"type":"Feature","geometry":{"type":"Polygon","coordinates":[[[19.623100102734913,40.166287114911555],[19.623065023434133,40.16628957247689],[19.62295525723675,40.166277603659694],[19.622972039293675,40.166152677683094],[19.623018218328177,40.16604143123938],[19.623194743462584,40.16605397777197],[19.623120525943143,40.16626784050708],[19.623100102734913,40.166287114911555]]]},"properties":{"OBJECTID":62296,"TEXTSTRING":"11_8311440","NR_UNIK":"11_8311440","id_leja":"229543","nr":"212874","data":"2019-04-24 00:00:00.000","id_objekti":"229703","pergjegjes":"ADISELDO RRAPAJ","drejtori":"ARDIAN MUSTA","nr_serial":"0170552","anulluar_s":"","blloku":"317","dosja":"VL","emertim":"GODINE BANIMI 1 KAT","adresa":"PALASE, BASHKIA HIMARE","pronari":"11_8311440 FOTAQ LLUKE KONOMAJ","pronari2":"","zona":"0","vendbanimi":"0","bllok_bani":"0","ndertim_in":"0","te_tjera":"0","emertim_zo":"NULL","nr_vendimi":"NULL","date_vendi":"NULL","zona_kadas":"2863","nr_pasuris":"200/187","sip_parcel":"400 ( Katërqind )","sip_nderti":"144 ( Njëqind e dyzetë e katër )","sip_banim":"144","sip_aktivi":"-","kate_mbi_t":"1 ( Një )","kate_nen_t":"-","kondicione":"-","kufi_veri":"NR. PASURIE 200/113","kufi_jug":"NR. PASURIE 200/115","kufi_lindj":"NR. PASURIE 200/114","kufi_peren":"NR. PASURIE 200/116","dokumenti":"Do të miratohet me Vendim të Këshillit të Ministrave","drejtoria":"VLORE","Shenime":"","Shape_Leng":81.7693776656,"Shape_Area":400.29772379,"DREJTORITE":"","sip2":400.29772379}},
{"type":"Feature","geometry":{"type":"Polygon","coordinates":[[[19.63376137415255,40.14675710125197],[19.633793748024857,40.14662496338014],[19.634190025262093,40.146630482124344],[19.63412757831377,40.147020365383455],[19.63372091538269,40.146962216807104],[19.633735799426358,40.146886504892365],[19.633755509808193,40.14678893160011],[19.63376137415255,40.14675710125197]]]},"properties":{"OBJECTID":71958,"TEXTSTRING":"11_8186419","NR_UNIK":"11_8186419","id_leja":"233880","nr":"213107","data":"2019-08-29 00:00:00.000","id_objekti":"234043","pergjegjes":"ADISELDO RRAPAJ","drejtori":"FLORJAN ALMADHI","nr_serial":"0170757","anulluar_s":"","blloku":"324","dosja":"VL-","emertim":"OBJEKT SHERBIMI 5 KATE","adresa":"DHERMI, BASHKIA HIMARE","pronari":"11_8186419 GENTJANA SPIRO NINO","pronari2":"","zona":"0","vendbanimi":"0","bllok_bani":"0","ndertim_in":"0","te_tjera":"0","emertim_zo":"NULL","nr_vendimi":"NULL","date_vendi":"NULL","zona_kadas":"1481","nr_pasuris":"74/33","sip_parcel":"1407 ( Njëmijë e katërqind e shtatë )","sip_nderti":"469 ( Katërqind e gjashtëdhjetë e nëntë )","sip_banim":"-","sip_aktivi":"1498","kate_mbi_t":"5 ( Pesë )","kate_nen_t":"-","kondicione":"-","kufi_veri":"NR. PASURIE 77/32","kufi_jug":"NR. PASURIE 77/32","kufi_lindj":"NR. PASURIE 77/32","kufi_peren":"NR. PASURIE 77/32","dokumenti":"Do të miratohet me Vendim të Këshillit të Ministrave","drejtoria":"VLORE","Shenime":"OK","Shape_Leng":150.567878996,"Shape_Area":1406.65601482,"DREJTORITE":"","sip2":1406.65601482}},
{"type":"Feature","geometry":{"type":"Polygon","coordinates":[[[19.63635797820049,40.144912303370944],[19.636404865592446,40.14491041682518],[19.636404128234467,40.1448996214964],[19.636451015634954,40.14489773403106],[19.636450278251726,40.144886939603126],[19.636578047203535,40.144881796443826],[19.636578784588973,40.144892591772],[19.63662567198178,40.14489070423576],[19.6366264105665,40.14490149867686],[19.636673297946665,40.14489961202212],[19.636762718325713,40.14490066493421],[19.636759921452555,40.14498536477693],[19.63669483313737,40.14501479251248],[19.63663832689563,40.145049474498585],[19.63624224376089,40.14506909295994],[19.636216409029338,40.144946876057176],[19.63635797820049,40.144912303370944]]]},"properties":{"OBJECTID":71959,"TEXTSTRING":"11_8143363","NR_UNIK":"11_8143363","id_leja":"234054","nr":"213113","data":"2019-08-29 00:00:00.000","id_objekti":"234217","pergjegjes":"ADISELDO RRAPAJ","drejtori":"FLORJAN ALMADHI","nr_serial":"0170755","anulluar_s":"","blloku":"324","dosja":"VL-VL","emertim":"OBJEKT SHERBIMI 2 KATE + 1 KAT NENTOKE","adresa":"DHERMI, BASHKIA HIMARE","pronari":"11_8143363 KRISTO PIRRO ZHUPA","pronari2":"","zona":"0","vendbanimi":"0","bllok_bani":"0","ndertim_in":"0","te_tjera":"0","emertim_zo":"NULL","nr_vendimi":"NULL","date_vendi":"NULL","zona_kadas":"1481","nr_pasuris":"200/253","sip_parcel":"735 ( Shtatëqind e tridhjetë e pesë )","sip_nderti":"245 ( Dyqind e dyzetë e pesë )","sip_banim":"-","sip_aktivi":"890","kate_mbi_t":"2 ( Dy )","kate_nen_t":"1 ( Një )","kondicione":"-","kufi_veri":"NR. PASURIE 200/254","kufi_jug":"NR. PASURIE 200/254","kufi_lindj":"NR. PASURIE 200/254","kufi_peren":"NR. PASURIE 200/254","dokumenti":"Do të miratohet me Vendim të Këshillit të Ministrave","drejtoria":"VLORE","Shenime":"OK","Shape_Leng":121.539687648,"Shape_Area":734.662603558,"DREJTORITE":"","sip2":734.662603558}},
{"type":"Feature","geometry":{"type":"Polygon","coordinates":[[[19.62568846698788,40.155848918230234],[19.62571584842016,40.15572041828591],[19.62573944621293,40.15566863831425],[19.625941830263493,40.15568617314609],[19.62590977855547,40.155868431880926],[19.62568846698788,40.155848918230234]]]},"properties":{"OBJECTID":71961,"TEXTSTRING":"11_2216836","NR_UNIK":"11_2216836","id_leja":"234121","nr":"213120","data":"2019-08-29 00:00:00.000","id_objekti":"234284","pergjegjes":"ADISELDO RRAPAJ","drejtori":"FLORJAN ALMADHI","nr_serial":"0170763","anulluar_s":"","blloku":"324","dosja":"VL-VL","emertim":"GODINE BANIMI 2 KATE","adresa":"DHERMI, BASHKIA HIMARE","pronari":"11_2216836 SIMO DHIMITRI LATI","pronari2":"","zona":"0","vendbanimi":"0","bllok_bani":"0","ndertim_in":"0","te_tjera":"0","emertim_zo":"NULL","nr_vendimi":"NULL","date_vendi":"NULL","zona_kadas":"1481","nr_pasuris":"200/245","sip_parcel":"378 ( Treqind e shtatëdhjetë e tetë )","sip_nderti":"126 ( Njëqind e njëzetë e gjashtë )","sip_banim":"211","sip_aktivi":"-","kate_mbi_t":"2 ( Dy )","kate_nen_t":"-","kondicione":"-","kufi_veri":"NR. PASURIE 200/179","kufi_jug":"NR. PASURIE 200/179","kufi_lindj":"NR. PASURIE 200/179","kufi_peren":"NR. PASURIE 200/179","dokumenti":"Do të miratohet me Vendim të Këshillit të Ministrave","drejtoria":"VLORE","Shenime":"OK","Shape_Leng":77.2841188612,"Shape_Area":378.029082328,"DREJTORITE":"","sip2":378.029082328}},
{"type":"Feature","geometry":{"type":"Polygon","coordinates":[[[19.633803557538062,40.15117442215232],[19.633821555059136,40.150965716402986],[19.633915295008443,40.150968732460356],[19.634200744729323,40.15100041416577],[19.63417023448386,40.151124778435985],[19.63411585494512,40.15117476009577],[19.633888601992812,40.15118017169551],[19.633803557538062,40.15117442215232]]]},"properties":{"OBJECTID":71962,"TEXTSTRING":"11_2216852","NR_UNIK":"11_2216852","id_leja":"233894","nr":"213108","data":"2019-08-27 00:00:00.000","id_objekti":"234057","pergjegjes":"ADISELDO RRAPAJ","drejtori":"FLORJAN ALMADHI","nr_serial":"0170750","anulluar_s":"","blloku":"323","dosja":"VL-","emertim":"OBJEKT SHERBIMI 3 KATE","adresa":"DHERMI, BASHKIA HIMARE","pronari":"11_2216852 PLLATON LLAMBRO ILIADHI","pronari2":"","zona":"0","vendbanimi":"0","bllok_bani":"0","ndertim_in":"0","te_tjera":"0","emertim_zo":"NULL","nr_vendimi":"NULL","date_vendi":"NULL","zona_kadas":"1481","nr_pasuris":"75/112","sip_parcel":"678 ( Gjashtëqind e shtatëdhjetë e tetë )","sip_nderti":"226 ( Dyqind e njëzetë e gjashtë )","sip_banim":"-","sip_aktivi":"720","kate_mbi_t":"3 ( Tre )","kate_nen_t":"-","kondicione":"-","kufi_veri":"NR. PASURIE 74/132","kufi_jug":"NR. PASURIE 74/132","kufi_lindj":"NR. PASURIE 74/132","kufi_peren":"NR. PASURIE 74/132","dokumenti":"Do të miratohet me Vendim të Këshillit të Ministrave","drejtoria":"VLORE","Shenime":"OK","Shape_Leng":103.69798809,"Shape_Area":677.817533085,"DREJTORITE":"","sip2":677.817533085}},
{"type":"Feature","geometry":{"type":"Polygon","coordinates":[[[19.635397988340458,40.14653653250271],[19.635425120516633,40.14634462881435],[19.635657831762295,40.14636307967835],[19.635652197723257,40.1464047436148],[19.63572608642076,40.14644714553485],[19.635698638932258,40.1464753135029],[19.635662729856456,40.14650334391409],[19.63553387593121,40.14654735489775],[19.635397988340458,40.14653653250271]]]},"properties":{"OBJECTID":71964,"TEXTSTRING":"11_8309877","NR_UNIK":"11_8309877","id_leja":"224343","nr":"212598","data":"2018-12-27 00:00:00.000","id_objekti":"224501","pergjegjes":"ADISELDO RRAPAJ","drejtori":"ARDIAN MUSTA","nr_serial":"0170264","anulluar_s":"","blloku":"309","dosja":"VL-","emertim":"OBJEKT SHERBIMI 3 KATE","adresa":"DHERMI, BASHKIA HIMARE","pronari":"11_8309877 JANI FOTO BELI","pronari2":"","zona":"0","vendbanimi":"0","bllok_bani":"0","ndertim_in":"0","te_tjera":"0","emertim_zo":"NULL","nr_vendimi":"NULL","date_vendi":"NULL","zona_kadas":"1481","nr_pasuris":"74/850","sip_parcel":"453 ( Katërqind e pesëdhjetë e tre )","sip_nderti":"151 ( Njëqind e pesëdhjetë e një )","sip_banim":"-","sip_aktivi":"617","kate_mbi_t":"3 ( Tre )","kate_nen_t":"-","kondicione":"-","kufi_veri":"NR. PASURIE 74/77","kufi_jug":"NR. PASURIE 74/77","kufi_lindj":"NR. PASURIE 74/77","kufi_peren":"NR. PASURIE 74/77","dokumenti":"Do të miratohet me Vendim të Këshillit të Ministrave","drejtoria":"VLORE","Shenime":"OK","Shape_Leng":85.791200587,"Shape_Area":453.552417992,"DREJTORITE":"","sip2":453.552417992}},
{"type":"Feature","geometry":{"type":"Polygon","coordinates":[[[19.63883154883889,40.14267976313524],[19.63868816427962,40.142504489131895],[19.638924415201185,40.14237127539018],[19.639088466650275,40.14254260728265],[19.639062294460768,40.142555962917285],[19.63883154883889,40.14267976313524]]]},"properties":{"OBJECTID":71966,"TEXTSTRING":"11_2215741","NR_UNIK":"11_2215741","id_leja":"223765","nr":"212583","data":"2018-12-21 00:00:00.000","id_objekti":"223923","pergjegjes":"ADISELDO RRAPAJ","drejtori":"ARDIAN MUSTA","nr_serial":"0170247","anulluar_s":"","blloku":"308","dosja":"VL-","emertim":"OBJEKT SHERBIMI 1 KAT + 1 KAT NENTOKE","adresa":"DHERMI, BASHKIA HIMARE","pronari":"11_2215741 HARALLAMB KRISTO KUÇULI","pronari2":"","zona":"0","vendbanimi":"0","bllok_bani":"0","ndertim_in":"0","te_tjera":"0","emertim_zo":"NULL","nr_vendimi":"NULL","date_vendi":"NULL","zona_kadas":"1481","nr_pasuris":"200/169","sip_parcel":"600 ( Gjashtëqind )","sip_nderti":"215 ( Dyqind e pesëmbëdhjetë )","sip_banim":"-","sip_aktivi":"479","kate_mbi_t":"1 ( Një )","kate_nen_t":"1 ( Një )","kondicione":"-","kufi_veri":"NR. PASURIE 200/135","kufi_jug":"NR. PASURIE 200/136","kufi_lindj":"NR. PASURIE 200/137","kufi_peren":"NR. PASURIE 200/138","dokumenti":"Do të miratohet me Vendim të Këshillit të Ministrave","drejtoria":"VLORE","Shenime":"OK","Shape_Leng":98.2172898031,"Shape_Area":599.950536808,"DREJTORITE":"","sip2":599.950536808}},
{"type":"Feature","geometry":{"type":"Polygon","coordinates":[[[19.62640771995084,40.153511929745015],[19.62633231389281,40.153473485943124],[19.626239770079003,40.15342966660027],[19.626205225132587,40.15341526551896],[19.62626703797777,40.15333757188116],[19.626350432456604,40.15338259347286],[19.626354904171112,40.15339222592927],[19.626374309649258,40.15343620717278],[19.62640771995084,40.153511929745015]]]},"properties":{"OBJECTID":71968,"TEXTSTRING":"11_8305528","NR_UNIK":"11_8305528","id_leja":"222383","nr":"212502","data":"2018-12-07 00:00:00.000","id_objekti":"222541","pergjegjes":"ADISELDO RRAPAJ","drejtori":"ARDIAN MUSTA","nr_serial":"0170164","anulluar_s":"","blloku":"305","dosja":"VL-VL","emertim":"GODINE BANIMI 1 KAT","adresa":"DHERMI, BASHKIA HIMARE","pronari":"11_8305528 ARTAN KOSTANDIN NITO","pronari2":"","zona":"0","vendbanimi":"0","bllok_bani":"0","ndertim_in":"0","te_tjera":"0","emertim_zo":"NULL","nr_vendimi":"NULL","date_vendi":"NULL","zona_kadas":"1481","nr_pasuris":"200/228","sip_parcel":"138 ( Njëqind e tridhjetë e tetë )","sip_nderti":"46 ( Dyzetë e gjashtë )","sip_banim":"46","sip_aktivi":"-","kate_mbi_t":"1 ( Një )","kate_nen_t":"-","kondicione":"-","kufi_veri":"NR. PASURIE 200/139","kufi_jug":"NR. PASURIE 200/119","kufi_lindj":"NR. PASURIE 200/119; 200/122","kufi_peren":"NR. PASURIE 200/119; 200/139","dokumenti":"Do të miratohet me Vendim të Këshillit të Ministrave","drejtoria":"VLORE","Shenime":"OK","Shape_Leng":54.2793996411,"Shape_Area":138.366085746,"DREJTORITE":"","sip2":138.366085746}},
{"type":"Feature","geometry":{"type":"Polygon","coordinates":[[[19.636166369929388,40.14553543935901],[19.63617084036873,40.145552106675005],[19.63617460086735,40.14556887644041],[19.63617764705429,40.14558573238734],[19.63617997580434,40.145602654658916],[19.63618158392023,40.145619627001096],[19.636182469450386,40.14563662957079],[19.63618263271856,40.14565364615536],[19.63618207410253,40.14567065784009],[19.636180791632736,40.14568764568255],[19.63617878917195,40.14570459261085],[19.63617606706196,40.145721481511636],[19.636172629237624,40.14573829171018],[19.636168479525733,40.145755007935925],[19.636043695611313,40.14580544951873],[19.636017995081858,40.145775532802254],[19.635947808554796,40.1456604736307],[19.635931478350212,40.145635499793926],[19.636166369929388,40.14553543935901]]]},"properties":{"OBJECTID":71969,"TEXTSTRING":"11_8185826","NR_UNIK":"11_8185826","id_leja":"222259","nr":"212464","data":"2018-12-05 00:00:00.000","id_objekti":"222417","pergjegjes":"ADISELDO RRAPAJ","drejtori":"ARDIAN MUSTA","nr_serial":"0170126","anulluar_s":"","blloku":"304","dosja":"VL-VL","emertim":"OBJEKT SHERBIMI 3 KATE","adresa":"DHERMI, BASHKIA HIMARE","pronari":"11_8185826 IRENA ARISTOTEL LEKA","pronari2":"","zona":"0","vendbanimi":"0","bllok_bani":"0","ndertim_in":"0","te_tjera":"0","emertim_zo":"NULL","nr_vendimi":"NULL","date_vendi":"NULL","zona_kadas":"1481","nr_pasuris":"200/252","sip_parcel":"397 ( Treqind e nëntëdhjetë e shtatë )","sip_nderti":"159 ( Njëqind e pesëdhjetë e nëntë )","sip_banim":"-","sip_aktivi":"609","kate_mbi_t":"3 ( Tre )","kate_nen_t":"-","kondicione":"-","kufi_veri":"NR. PASURIE 200/126","kufi_jug":"NR. PASURIE 200/126","kufi_lindj":"NR. PASURIE 200/126","kufi_peren":"NR. PASURIE 200/126","dokumenti":"Do të miratohet me Vendim të Këshillit të Ministrave","drejtoria":"VLORE","Shenime":"OK","Shape_Leng":80.6429382795,"Shape_Area":397.095263445,"DREJTORITE":"","sip2":397.095263445}},
{"type":"Feature","geometry":{"type":"Polygon","coordinates":[[[19.62309931304165,40.16275984236056],[19.62325422199815,40.162878419301045],[19.62320087976523,40.162939887390095],[19.62315677579898,40.162971806449725],[19.623138493433814,40.16298688016627],[19.622981488166015,40.16283908593148],[19.62309931304165,40.16275984236056]]]},"properties":{"OBJECTID":71971,"TEXTSTRING":"11_8309835","NR_UNIK":"11_8309835","id_leja":"221961","nr":"212448","data":"2018-11-27 00:00:00.000","id_objekti":"222119","pergjegjes":"ADISELDO RRAPAJ","drejtori":"ARDIAN MUSTA","nr_serial":"0170109","anulluar_s":"","blloku":"303","dosja":"VL-","emertim":"GODINE BANIMI 2 KATE","adresa":"PALASE, BASHKIA HIMARE","pronari":"11_8309835 ARTUR THODHORI GJERGJI","pronari2":"","zona":"0","vendbanimi":"0","bllok_bani":"0","ndertim_in":"0","te_tjera":"0","emertim_zo":"NULL","nr_vendimi":"NULL","date_vendi":"NULL","zona_kadas":"2863","nr_pasuris":"200/244","sip_parcel":"291 ( Dyqind e nëntëdhjetë e një )","sip_nderti":"97 ( Nëntëdhjetë e shtatë )","sip_banim":"270","sip_aktivi":"-","kate_mbi_t":"2 ( Dy )","kate_nen_t":"-","kondicione":"-","kufi_veri":"NR. PASURIE 200/108","kufi_jug":"NR. PASURIE 200/108","kufi_lindj":"NR. PASURIE 200/108","kufi_peren":"NR. PASURIE 200/108","dokumenti":"Do të miratohet me Vendim të Këshillit të Ministrave","drejtoria":"VLORE","Shenime":"OK","Shape_Leng":68.7962078009,"Shape_Area":291.340159827,"DREJTORITE":"","sip2":291.340159827}},
{"type":"Feature","geometry":{"type":"Polygon","coordinates":[[[19.628125654649498,40.14530831515196],[19.627898785472464,40.14530243479159],[19.62790431988777,40.14523164803797],[19.62790383125581,40.14518300643136],[19.627904244856254,40.14516245248654],[19.628126591999013,40.145156231335434],[19.62812733637992,40.14523032948226],[19.628125654649498,40.14530831515196]]]},"properties":{"OBJECTID":71972,"TEXTSTRING":"11_8187176","NR_UNIK":"11_8187176","id_leja":"219829","nr":"212323","data":"2018-11-20 00:00:00.000","id_objekti":"219987","pergjegjes":"ADISELDO RRAPAJ","drejtori":"ARDIAN MUSTA","nr_serial":"0168734","anulluar_s":"","blloku":"298","dosja":"VL-VL","emertim":"GODINE SHERBIMI 1 KAT","adresa":"DHERMI, BASHKIA VLORE","pronari":"11_8187176 ALEKSANDRO NIQIT AVERBAK","pronari2":"","zona":"0","vendbanimi":"0","bllok_bani":"0","ndertim_in":"0","te_tjera":"0","emertim_zo":"NULL","nr_vendimi":"NULL","date_vendi":"NULL","zona_kadas":"1481","nr_pasuris":"78/81","sip_parcel":"309 ( Treqind e nëntë )","sip_nderti":"103 ( Njëqind e tre )","sip_banim":"-","sip_aktivi":"165","kate_mbi_t":"1 ( Një )","kate_nen_t":"-","kondicione":"-","kufi_veri":"NR. PASURIE 78/80","kufi_jug":"NR. PASURIE 78/80","kufi_lindj":"NR. PASURIE 78/80","kufi_peren":"NR. PASURIE 78/80","dokumenti":"Do të miratohet me Vendim të Këshillit të Ministrave","drejtoria":"VLORE","Shenime":"OK","Shape_Leng":70.732396837,"Shape_Area":309.370270762,"DREJTORITE":"","sip2":309.370270762}},
{"type":"Feature","geometry":{"type":"Polygon","coordinates":[[[19.62343814747901,40.154770987469504],[19.623210727676867,40.154691548897084],[19.62328356855771,40.15456311895323],[19.623512424401635,40.15464538440054],[19.62343814747901,40.154770987469504]]]},"properties":{"OBJECTID":71977,"TEXTSTRING":"11_8249330","NR_UNIK":"11_8249330","id_leja":"219836","nr":"212325","data":"2018-11-20 00:00:00.000","id_objekti":"219994","pergjegjes":"ADISELDO RRAPAJ","drejtori":"ARDIAN MUSTA","nr_serial":"0168736","anulluar_s":"","blloku":"298","dosja":"VL-VL","emertim":"GODINE BANIMI DHE SHERBIMI 4 KATE","adresa":"GJILEKE, BASHKIA HIMARE","pronari":"11_8249330 HARILLO JERASIMO DUNI","pronari2":"","zona":"0","vendbanimi":"0","bllok_bani":"0","ndertim_in":"0","te_tjera":"0","emertim_zo":"NULL","nr_vendimi":"NULL","date_vendi":"NULL","zona_kadas":"1739","nr_pasuris":"200/224","sip_parcel":"330 ( Treqind e tridhjetë )","sip_nderti":"110 ( Njëqind e dhjetë )","sip_banim":"101","sip_aktivi":"378","kate_mbi_t":"4 ( Katër )","kate_nen_t":"-","kondicione":"-","kufi_veri":"NR. PASURIE 200/178","kufi_jug":"NR. PASURIE 200/178","kufi_lindj":"NR. PASURIE 200/178","kufi_peren":"NR. PASURIE 200/178","dokumenti":"Do të miratohet me Vendim të Këshillit të Ministrave","drejtoria":"VLORE","Shenime":"OK","Shape_Leng":73.6726957322,"Shape_Area":330.25226646,"DREJTORITE":"","sip2":330.25226646}},
{"type":"Feature","geometry":{"type":"Polygon","coordinates":[[[19.6216777569821,40.154883738729836],[19.621730791176724,40.15504588195849],[19.62149087355488,40.15509883515092],[19.621402683886448,40.155061945865],[19.62136407414796,40.15494776672324],[19.6216777569821,40.154883738729836]]]},"properties":{"OBJECTID":71983,"TEXTSTRING":"11_8304034","NR_UNIK":"11_8304034","id_leja":"217489","nr":"212213","data":"2018-10-24 00:00:00.000","id_objekti":"217647","pergjegjes":"ADISELDO RRAPAJ","drejtori":"ARDIAN MUSTA","nr_serial":"0168618","anulluar_s":"","blloku":"293","dosja":"VL-VL","emertim":"OBJEKT SHERBIMI 3 KATE +1 KAT NENTOKE","adresa":"GJILEKE, BASHKIA HIMARE","pronari":"11_8304034 GJERGJ LLAMBRO RUCI","pronari2":"","zona":"0","vendbanimi":"0","bllok_bani":"0","ndertim_in":"0","te_tjera":"0","emertim_zo":"NULL","nr_vendimi":"NULL","date_vendi":"NULL","zona_kadas":"1739","nr_pasuris":"200/161","sip_parcel":"500 ( Pesëqind )","sip_nderti":"234 ( Dyqind e tridhjetë e katër )","sip_banim":"-","sip_aktivi":"859","kate_mbi_t":"3 ( Tre )","kate_nen_t":"1 ( Një )","kondicione":"-","kufi_veri":"NR. PASURIE 200/165","kufi_jug":"NR. PASURIE 200/167","kufi_lindj":"NR. PASURIE 200/166; 200/167","kufi_peren":"NR. PASURIE 200/167; 200/165","dokumenti":"Do të miratohet me Vendim të Këshillit të Ministrave","drejtoria":"VLORE","Shenime":"OK","Shape_Leng":89.1229021358,"Shape_Area":500.514817198,"DREJTORITE":"","sip2":500.514817198}},
{"type":"Feature","geometry":{"type":"Polygon","coordinates":[[[19.621193128648866,40.155102823802636],[19.620897174151814,40.15512799813216],[19.620852171468133,40.15493313540488],[19.621009470678597,40.15491718731346],[19.62114649902837,40.15498886889962],[19.621176953889474,40.155007408409354],[19.621193128648866,40.155102823802636]]]},"properties":{"OBJECTID":71984,"TEXTSTRING":"11_8250441","NR_UNIK":"11_8250441","id_leja":"217504","nr":"212214","data":"2018-10-24 00:00:00.000","id_objekti":"217662","pergjegjes":"ADISELDO RRAPAJ","drejtori":"ARDIAN MUSTA","nr_serial":"0168619","anulluar_s":"","blloku":"293","dosja":"VL-VL","emertim":"OBJEKT SHERBIMI 3 KATE +1 KAT NENTOKE","adresa":"GJILEKE, BASHKIA HIMARE","pronari":"11_8250441 JERASIMO GOGO RUCI","pronari2":"","zona":"0","vendbanimi":"0","bllok_bani":"0","ndertim_in":"0","te_tjera":"0","emertim_zo":"NULL","nr_vendimi":"NULL","date_vendi":"NULL","zona_kadas":"1739","nr_pasuris":"200/162","sip_parcel":"500 ( Pesëqind )","sip_nderti":"202 ( Dyqind e dy )","sip_banim":"-","sip_aktivi":"724","kate_mbi_t":"3 ( Tre )","kate_nen_t":"1 ( Një )","kondicione":"-","kufi_veri":"NR. PASURIE 200/168","kufi_jug":"NR. PASURIE 200/168; 200/170","kufi_lindj":"NR. PASURIE 200/168; 200/170","kufi_peren":"NR. PASURIE 200/168","dokumenti":"Do të miratohet me Vendim të Këshillit të Ministrave","drejtoria":"VLORE","Shenime":"OK","Shape_Leng":88.9681030286,"Shape_Area":500.281783853,"DREJTORITE":"","sip2":500.281783853}},
{"type":"Feature","geometry":{"type":"Polygon","coordinates":[[[19.640682095297585,40.14201339270627],[19.6406429714267,40.14203926530711],[19.64055869031921,40.141964200737334],[19.640597814195356,40.14193832726376],[19.640682095297585,40.14201339270627]]]},"properties":{"OBJECTID":71988,"TEXTSTRING":"11_8186151","NR_UNIK":"11_8186151","id_leja":"216615","nr":"212143","data":"2018-10-18 00:00:00.000","id_objekti":"216773","pergjegjes":"ADISELDO RRAPAJ","drejtori":"ARDIAN MUSTA","nr_serial":"0168543","anulluar_s":"","blloku":"290","dosja":"VL-VL","emertim":"SHTESEANESORE2KT+SHTESENELARTESI1KTSHERBIMI+1KTNENTOKENEOBJEKZ4KT","adresa":"DHERMI, BASHKIA HIMARE","pronari":"11_8186151 KUJTIM RAMADAN SINANAJ","pronari2":"","zona":"0","vendbanimi":"0","bllok_bani":"0","ndertim_in":"0","te_tjera":"0","emertim_zo":"NULL","nr_vendimi":"NULL","date_vendi":"NULL","zona_kadas":"1481","nr_pasuris":"200/240-ND","sip_parcel":"48 ( Dyzetë e tetë )","sip_nderti":"48 ( Dyzetë e tetë )","sip_banim":"-","sip_aktivi":"149","kate_mbi_t":"4 ( Katër ) + 1( Një )","kate_nen_t":"1( Një )","kondicione":"-","kufi_veri":"NR. PASURIE 20/163","kufi_jug":"NR. PASURIE 20/163","kufi_lindj":"NR. PASURIE 20/163","kufi_peren":"NR. PASURIE 20/163","dokumenti":"Do të miratohet me Vendim të Këshillit të Ministrave","drejtoria":"VLORE","Shenime":"OK","Shape_Leng":30.799899436,"Shape_Area":48.3997152569,"DREJTORITE":"","sip2":48.3997152569}},
{"type":"Feature","geometry":{"type":"Polygon","coordinates":[[[19.62445669576226,40.15813950136846],[19.624386101876535,40.15817012690008],[19.624366215911927,40.158154140874046],[19.62431327318849,40.15809629128458],[19.62438012215317,40.158058532927484],[19.62452737380874,40.157985897882035],[19.624568308258805,40.157965558752686],[19.62462426484676,40.158033374779315],[19.62445731083071,40.15814015102633],[19.62445669576226,40.15813950136846]]]},"properties":{"OBJECTID":71990,"TEXTSTRING":"11_8187316","NR_UNIK":"11_8187316","id_leja":"215334","nr":"212079","data":"2018-09-28 00:00:00.000","id_objekti":"215492","pergjegjes":"ADISELDO RRAPAJ","drejtori":"ARDIAN MUSTA","nr_serial":"0168481","anulluar_s":"","blloku":"288","dosja":"VL-VL","emertim":"OBJEKT SHERBIMI 3 KATE","adresa":"DHERMI, BASHKIA HIMARE","pronari":"11_8187316 SAFET SELMAN ÇELAJ","pronari2":"","zona":"0","vendbanimi":"0","bllok_bani":"0","ndertim_in":"0","te_tjera":"0","emertim_zo":"NULL","nr_vendimi":"NULL","date_vendi":"NULL","zona_kadas":"1481","nr_pasuris":"200/223","sip_parcel":"264 ( Dyqind e gjashtëdhjetë e katër )","sip_nderti":"88 ( Tetëdhjetë e tetë )","sip_banim":"-","sip_aktivi":"369","kate_mbi_t":"3 ( Tre )","kate_nen_t":"-","kondicione":"-","kufi_veri":"NR. PASURIE 200/195","kufi_jug":"NR. PASURIE 200/195","kufi_lindj":"NR. PASURIE 200/195","kufi_peren":"NR. PASURIE 200/195","dokumenti":"Do të miratohet me Vendim të Këshillit të Ministrave","drejtoria":"VLORE","Shenime":"OK","Shape_Leng":70.8554968567,"Shape_Area":264.106463214,"DREJTORITE":"","sip2":264.106463214}},
{"type":"Feature","geometry":{"type":"Polygon","coordinates":[[[19.62225759632045,40.155783207070165],[19.62204942650247,40.15570151419212],[19.622047213352676,40.15568060201699],[19.622050002879888,40.15564477713563],[19.62209514026287,40.15555031413932],[19.62210301055765,40.155531721102115],[19.622229153429164,40.15557919048495],[19.622389231598014,40.1556344167864],[19.62229713014698,40.15579640471611],[19.62225759632045,40.155783207070165]]]},"properties":{"OBJECTID":71992,"TEXTSTRING":"11_8143302","NR_UNIK":"11_8143302","id_leja":"214110","nr":"212010","data":"2018-09-24 00:00:00.000","id_objekti":"214268","pergjegjes":"ADISELDO RRAPAJ","drejtori":"ARDIAN MUSTA","nr_serial":"0168412","anulluar_s":"","blloku":"285","dosja":"VL-VL","emertim":"GODINE BANIMI 2 KATE + 1 KAT NENTOKE","adresa":"GJILEKE , BASHKIA HIMARE","pronari":"11_8143302 GENC THANAS JANI","pronari2":"TEUTA THANAS ELEZI","zona":"0","vendbanimi":"0","bllok_bani":"0","ndertim_in":"0","te_tjera":"0","emertim_zo":"NULL","nr_vendimi":"NULL","date_vendi":"NULL","zona_kadas":"2863","nr_pasuris":"200/222","sip_parcel":"500 ( Pesëqind )","sip_nderti":"171 ( Njëqind e shtatëdhjetë e një )","sip_banim":"513","sip_aktivi":"-","kate_mbi_t":"2 ( Dy )","kate_nen_t":"1 ( Një )","kondicione":"-","kufi_veri":"NR. PASURIE 200/284","kufi_jug":"NR. PASURIE 200/284","kufi_lindj":"NR. PASURIE 200/284","kufi_peren":"NR. PASURIE 200/284","dokumenti":"Do të miratohet me Vendim të Këshillit të Ministrave","drejtoria":"VLORE","Shenime":"OK","Shape_Leng":89.7786682853,"Shape_Area":500.221784836,"DREJTORITE":"","sip2":500.221784836}},
{"type":"Feature","geometry":{"type":"Polygon","coordinates":[[[19.62556979505139,40.15566173420259],[19.625572280282316,40.15565604742152],[19.625531068406257,40.155644754416066],[19.6255354123153,40.155635222988955],[19.625454628641283,40.15560810680505],[19.625445569494712,40.15560174061173],[19.625497697061284,40.15550899171092],[19.625506126915543,40.155494452877896],[19.625749357092214,40.15556177267956],[19.62574495508009,40.15557523590546],[19.625693192310145,40.15569521120029],[19.62556979505139,40.15566173420259]]]},"properties":{"OBJECTID":71993,"TEXTSTRING":"11_8247996","NR_UNIK":"11_8247996","id_leja":"214249","nr":"212019","data":"2018-09-24 00:00:00.000","id_objekti":"214407","pergjegjes":"ADISELDO RRAPAJ","drejtori":"ARDIAN MUSTA","nr_serial":"0168421","anulluar_s":"","blloku":"285","dosja":"VL-VL","emertim":"GODINE BANIMI 3 KATE","adresa":"DHERMI , BASHKIA HIMARE","pronari":"11_8247996 MILO DHIMITRI LIATI","pronari2":"","zona":"0","vendbanimi":"0","bllok_bani":"0","ndertim_in":"0","te_tjera":"0","emertim_zo":"NULL","nr_vendimi":"NULL","date_vendi":"NULL","zona_kadas":"1481","nr_pasuris":"200/245","sip_parcel":"336 ( Treqind e tridhjetë e gjashtë )","sip_nderti":"112 ( Njëqind e dymbëdhjetë )","sip_banim":"352","sip_aktivi":"-","kate_mbi_t":"3 ( Tre )","kate_nen_t":"-","kondicione":"-","kufi_veri":"NR. PASURIE 200/179","kufi_jug":"NR. PASURIE 200/179","kufi_lindj":"NR. PASURIE 200/179","kufi_peren":"NR. PASURIE 200/179","dokumenti":"Do të miratohet me Vendim të Këshillit të Ministrave","drejtoria":"VLORE","Shenime":"OK","Shape_Leng":75.79492842,"Shape_Area":336.255480452,"DREJTORITE":"","sip2":336.255480452}},
{"type":"Feature","geometry":{"type":"Polygon","coordinates":[[[19.632146832708887,40.15513193168838],[19.632070980737357,40.155144065362734],[19.632046782637353,40.155054999037766],[19.632059059210576,40.15502328873705],[19.63215601829287,40.15500868910173],[19.632201997219564,40.15512310765142],[19.632146832708887,40.15513193168838]]]},"properties":{"OBJECTID":71994,"TEXTSTRING":"11_8187944","NR_UNIK":"11_8187944","id_leja":"213838","nr":"211997","data":"2018-09-21 00:00:00.000","id_objekti":"213996","pergjegjes":"ADISELDO RRAPAJ","drejtori":"ARDIAN MUSTA","nr_serial":"0168399","anulluar_s":"","blloku":"284","dosja":"VL-VL","emertim":"GODINE BANIMI 3 KATE","adresa":"DHERMI, BASHKIA HIMARE","pronari":"11_8187944 DHIMITER SPIRO BIFSHA","pronari2":"","zona":"0","vendbanimi":"0","bllok_bani":"0","ndertim_in":"0","te_tjera":"0","emertim_zo":"NULL","nr_vendimi":"NULL","date_vendi":"NULL","zona_kadas":"1481","nr_pasuris":"65/121","sip_parcel":"140 ( Njëqind e dyzetë )","sip_nderti":"55 ( Pesëdhjetë e pesë )","sip_banim":"192","sip_aktivi":"-","kate_mbi_t":"3 ( Tre )","kate_nen_t":"-","kondicione":"-","kufi_veri":"NR. PASURIE 200/202","kufi_jug":"NR. PASURIE 200/202","kufi_lindj":"NR. PASURIE 200/202","kufi_peren":"NR. PASURIE 200/202","dokumenti":"Do të miratohet me Vendim të Këshillit të Ministrave","drejtoria":"VLORE","Shenime":"OK","Shape_Leng":46.8806652972,"Shape_Area":140.419802851,"DREJTORITE":"","sip2":140.419802851}},
{"type":"Feature","geometry":{"type":"Polygon","coordinates":[[[19.60715003498035,40.1577518158462],[19.607035999703523,40.15765097339411],[19.607146485089544,40.15774861814859],[19.60703636987618,40.157650728295955],[19.607120959825668,40.15759470943615],[19.60705463427926,40.157528225148226],[19.60699437127209,40.157467818337814],[19.607116274033245,40.15740400781446],[19.607197240690926,40.15751872547507],[19.607273645127332,40.157615731252115],[19.6072885571454,40.15763600454966],[19.60732321055597,40.1576746533588],[19.60723962838954,40.15771709786143],[19.60720243569869,40.157737092966315],[19.607159063138415,40.157759800223864],[19.60715003498035,40.1577518158462]]]},"properties":{"OBJECTID":71998,"TEXTSTRING":"11_8307796","NR_UNIK":"11_8307796","id_leja":"213747","nr":"211987","data":"2018-09-20 00:00:00.000","id_objekti":"213905","pergjegjes":"ADISELDO RRAPAJ","drejtori":"ARDIAN MUSTA","nr_serial":"0168388","anulluar_s":"","blloku":"284","dosja":"VL-VL","emertim":"GODINE BANIMI 1 KAT","adresa":"GJILEKE, BASHKIA HIMARE","pronari":"11_8307796 ILIR AHILEA KOKA","pronari2":"","zona":"0","vendbanimi":"0","bllok_bani":"0","ndertim_in":"0","te_tjera":"0","emertim_zo":"NULL","nr_vendimi":"NULL","date_vendi":"NULL","zona_kadas":"1739","nr_pasuris":"200/300","sip_parcel":"500 ( Pesëqind )","sip_nderti":"64 ( Gjashtëdhjetë e katër )","sip_banim":"64","sip_aktivi":"-","kate_mbi_t":"1 ( Një )","kate_nen_t":"-","kondicione":"-","kufi_veri":"NR. PASURIE 200/303","kufi_jug":"NR. PASURIE 200/303","kufi_lindj":"NR. PASURIE 200/303","kufi_peren":"NR. PASURIE 200/301","dokumenti":"Do të miratohet me Vendim të Këshillit të Ministrave","drejtoria":"VLORE","Shenime":"OK","Shape_Leng":136.266981001,"Shape_Area":500.240212422,"DREJTORITE":"","sip2":500.240212422}},
{"type":"Feature","geometry":{"type":"Polygon","coordinates":[[[19.60715003498035,40.1577518158462],[19.607038536820056,40.15781833720201],[19.606909909322155,40.15790096420855],[19.606800075461233,40.15797461714334],[19.60669560535338,40.158042334463445],[19.60662626058446,40.15797575684044],[19.606517759138367,40.158058303110394],[19.606439991738437,40.157988247383926],[19.60653873376592,40.15791585409367],[19.60680687960389,40.15773348930613],[19.606746432317802,40.15766756748095],[19.606859467399016,40.157597373870495],[19.606900462818736,40.157632659447515],[19.60705463427926,40.157528225148226],[19.607120959825668,40.15759470943615],[19.60703636987618,40.157650728295955],[19.607146485089544,40.15774861814859],[19.607035999703523,40.15765097339411],[19.60715003498035,40.1577518158462]]]},"properties":{"OBJECTID":71999,"TEXTSTRING":"11_8307798","NR_UNIK":"11_8307798","id_leja":"213757","nr":"211988","data":"2018-09-20 00:00:00.000","id_objekti":"213915","pergjegjes":"ADISELDO RRAPAJ","drejtori":"ARDIAN MUSTA","nr_serial":"0168390","anulluar_s":"","blloku":"284","dosja":"VL-VL","emertim":"KOMPLEKS SHERBIMI ME 12 OBJEKTE","adresa":"GJILEKE, BASHKIA HIMARE","pronari":"11_8307798 HELIDON JORGO GJIKOKA","pronari2":"","zona":"0","vendbanimi":"0","bllok_bani":"0","ndertim_in":"0","te_tjera":"0","emertim_zo":"NULL","nr_vendimi":"NULL","date_vendi":"NULL","zona_kadas":"1739","nr_pasuris":"200/301","sip_parcel":"1353 ( Njëmijë e treqind e pesëdhjetë e tre )","sip_nderti":"451 ( Katërqind e pesëdhjetë e një )","sip_banim":"-","sip_aktivi":"479","kate_mbi_t":"2 ( Dy )","kate_nen_t":"-","kondicione":"-","kufi_veri":"NR. PASURIE 200/303","kufi_jug":"NR. PASURIE 200/302","kufi_lindj":"NR. PASURIE 200/300","kufi_peren":"NR. PASURIE 200/302; 200/304","dokumenti":"Do të miratohet me Vendim të Këshillit të Ministrave","drejtoria":"VLORE","Shenime":"OK","Shape_Leng":231.681207169,"Shape_Area":1353.15210161,"DREJTORITE":"","sip2":1353.15210161}},
{"type":"Feature","geometry":{"type":"Polygon","coordinates":[[[19.63462785795211,40.14498671631813],[19.634681182074637,40.14504750908905],[19.634698118975017,40.145065839709225],[19.63437324297908,40.14514431931275],[19.634187817142458,40.14518991471431],[19.63413528143856,40.14519913743692],[19.634103856189494,40.14509973824528],[19.63462785795211,40.14498671631813]]]},"properties":{"OBJECTID":72014,"TEXTSTRING":"11_8186293","NR_UNIK":"11_8186293","id_leja":"211423","nr":"211826","data":"2018-08-20 00:00:00.000","id_objekti":"211581","pergjegjes":"ADISELDO RRAPAJ","drejtori":"ARDIAN MUSTA","nr_serial":"0168244","anulluar_s":"","blloku":"279","dosja":"VL-","emertim":"OBJEKT SHERBIMI 3 KATE+ DY OBJEKTE SHERBIMI 1 KAT","adresa":"DHERMI, BASHKIA HIMARE","pronari":"11_8186293 MIMOZA SPIRO JANI","pronari2":"TOMI PETRAQ JANI","zona":"0","vendbanimi":"0","bllok_bani":"0","ndertim_in":"0","te_tjera":"0","emertim_zo":"NULL","nr_vendimi":"NULL","date_vendi":"NULL","zona_kadas":"1481","nr_pasuris":"200/405","sip_parcel":"528 ( Pesëqind e njëzetë e tetë )","sip_nderti":"57 ( Pesëdhjetë e shtatë ) + 44 ( Dyzetë e katër ) + 75 ( Shtatëdhjetë e pesë )","sip_banim":"-","sip_aktivi":"410","kate_mbi_t":"3 ( Tre )+1 ( Një )+1 ( Një )","kate_nen_t":"-","kondicione":"-","kufi_veri":"NR. PASURIE 200/403","kufi_jug":"NR. PASURIE 200/403","kufi_lindj":"NR. PASURIE 200/403","kufi_peren":"NR. PASURIE 200/403","dokumenti":"Do të miratohet me Vendim të Këshillit të Ministrave","drejtoria":"VLORE","Shenime":"OK","Shape_Leng":118.550640876,"Shape_Area":525.052448955,"DREJTORITE":"","sip2":525.052448955}},
{"type":"Feature","geometry":{"type":"Polygon","coordinates":[[[19.625433639097814,40.15355281702644],[19.62528166081852,40.1536145574294],[19.625211593358724,40.153609030754815],[19.62512304559193,40.153516892508605],[19.625300875253235,40.1534165335669],[19.625327570853262,40.15344393647329],[19.625433639097814,40.15355281702644]]]},"properties":{"OBJECTID":72015,"TEXTSTRING":"11_3022694","NR_UNIK":"11_3022694","id_leja":"209792","nr":"211671","data":"2018-07-26 00:00:00.000","id_objekti":"209950","pergjegjes":"ADISELDO RRAPAJ","drejtori":"ARDIAN MUSTA","nr_serial":"0168085","anulluar_s":"","blloku":"273","dosja":"VL-","emertim":"GODINE BANIMI 3 KATE + 1 KAT NENTOKE","adresa":"DHERMI, BASHKIA HIMARE","pronari":"11_3022694 JAKOV TOLI BELTOJA","pronari2":"","zona":"0","vendbanimi":"0","bllok_bani":"0","ndertim_in":"0","te_tjera":"0","emertim_zo":"NULL","nr_vendimi":"NULL","date_vendi":"NULL","zona_kadas":"1481","nr_pasuris":"200/432","sip_parcel":"322 ( Treqind e njëzetë e dy )","sip_nderti":"67 ( Gjashtëdhjetë e shtatë )","sip_banim":"276","sip_aktivi":"-","kate_mbi_t":"3 ( Tre )","kate_nen_t":"1 ( Një )","kondicione":"-","kufi_veri":"NR. PASURIE 200/221","kufi_jug":"NR. PASURIE 200/221","kufi_lindj":"NR. PASURIE 200/221","kufi_peren":"NR. PASURIE 200/221","dokumenti":"Do të miratohet me Vendim të Këshillit të Ministrave","drejtoria":"VLORE","Shenime":"OK","Shape_Leng":71.0497184168,"Shape_Area":322.278431502,"DREJTORITE":"","sip2":322.278431502}},
{"type":"Feature","geometry":{"type":"Polygon","coordinates":[[[19.626934698943867,40.145518642701134],[19.626927375209025,40.14551284405458],[19.627020657816022,40.14544455113951],[19.62705107537757,40.14547426000323],[19.627078199317985,40.14548009974191],[19.627163550965896,40.145548691143624],[19.62713793597461,40.145568366968824],[19.627088112004156,40.14561683089614],[19.62708042330063,40.14563452105005],[19.626979940073195,40.14555446890521],[19.626934698943867,40.145518642701134]]]},"properties":{"OBJECTID":72016,"TEXTSTRING":"11_2215746","NR_UNIK":"11_2215746","id_leja":"209164","nr":"211233","data":"2018-07-24 00:00:00.000","id_objekti":"209322","pergjegjes":"ADISELDO RRAPAJ","drejtori":"ARDIAN MUSTA","nr_serial":"0168046","anulluar_s":"","blloku":"271","dosja":"VL","emertim":"GODINE BANIMI 1 KAT","adresa":"DHERMI, BASHKIA HIMARE","pronari":"11_2215746 SIMON KSENOFON GJIKOPULLI","pronari2":"","zona":"0","vendbanimi":"0","bllok_bani":"0","ndertim_in":"0","te_tjera":"0","emertim_zo":"NULL","nr_vendimi":"NULL","date_vendi":"NULL","zona_kadas":"1481","nr_pasuris":"200/415","sip_parcel":"198 ( Njëqind e nëntëdhjetë e tetë )","sip_nderti":"66 ( Gjashtëdhjetë e gjashtë )","sip_banim":"66","sip_aktivi":"-","kate_mbi_t":"1 ( Një )","kate_nen_t":"-","kondicione":"-","kufi_veri":"NR. PASURIE 200/404","kufi_jug":"NR. PASURIE 200/404","kufi_lindj":"NR. PASURIE 200/404","kufi_peren":"NR. PASURIE 200/404","dokumenti":"Do të miratohet me Vendim të Këshillit të Ministrave","drejtoria":"VLORE","Shenime":"OK","Shape_Leng":58.890604445,"Shape_Area":198.18548506,"DREJTORITE":"","sip2":198.18548506}},
{"type":"Feature","geometry":{"type":"Polygon","coordinates":[[[19.637753019735353,40.14328970854412],[19.637535738905182,40.14336614493277],[19.63750171484391,40.14332128171498],[19.637456795756965,40.14325926208782],[19.63742955552538,40.143223344581614],[19.6374889073444,40.143197965185024],[19.637517565983963,40.143234455233284],[19.637660424923244,40.14317324705255],[19.637753019735353,40.14328970854412]]]},"properties":{"OBJECTID":72018,"TEXTSTRING":"11_8142909","NR_UNIK":"11_8142909","id_leja":"208862","nr":"211208","data":"2018-07-23 00:00:00.000","id_objekti":"209020","pergjegjes":"ADISELDO RRAPAJ","drejtori":"ARDIAN MUSTA","nr_serial":"0168021","anulluar_s":"","blloku":"270","dosja":"VL","emertim":"PESE OBJEKTE SHERBIMI 1 KAT","adresa":"DHERMI, BASHKIA HIMARE","pronari":"11_8142909 MARE NIKO ÇURI","pronari2":"","zona":"0","vendbanimi":"0","bllok_bani":"0","ndertim_in":"0","te_tjera":"0","emertim_zo":"NULL","nr_vendimi":"NULL","date_vendi":"NULL","zona_kadas":"1481","nr_pasuris":"200/241","sip_parcel":"315 ( Treqind e pesëmbëdhjetë )","sip_nderti":"28(Njëzetë e tetë)+20(Njëzetë)+20(Njëzetë)+20(Njëzetë)+17(Shtatëmbëdhjetë)","sip_banim":"-","sip_aktivi":"138","kate_mbi_t":"1+1+1+1+1","kate_nen_t":"-","kondicione":"-","kufi_veri":"NR. PASURIE 200/242","kufi_jug":"NR. PASURIE 200/242","kufi_lindj":"NR. PASURIE 200/242","kufi_peren":"NR. PASURIE 200/242","dokumenti":"Do të miratohet me Vendim të Këshillit të Ministrave","drejtoria":"VLORE","Shenime":"OK","Shape_Leng":78.2188288418,"Shape_Area":314.976885968,"DREJTORITE":"","sip2":314.976885968}},
{"type":"Feature","geometry":{"type":"Polygon","coordinates":[[[19.626934698943867,40.145518642701134],[19.626979940073195,40.14555446890521],[19.62708042330063,40.14563452105005],[19.627002257648524,40.14571493308608],[19.626918465657557,40.14562263901453],[19.626905249480235,40.145632948186254],[19.62685659669749,40.14557719202596],[19.626934698943867,40.145518642701134]]]},"properties":{"OBJECTID":72019,"TEXTSTRING":"11_2215745","NR_UNIK":"11_2215745","id_leja":"209079","nr":"211228","data":"2018-07-23 00:00:00.000","id_objekti":"209237","pergjegjes":"ADISELDO RRAPAJ","drejtori":"ARDIAN MUSTA","nr_serial":"0168041","anulluar_s":"","blloku":"271","dosja":"VL","emertim":"GODINE BANIMI 1 KAT","adresa":"DHERMI, BASHKIA HIMARE","pronari":"11_2215745 LLAMBRO KSENOFON GJIKOPULLI","pronari2":"","zona":"0","vendbanimi":"0","bllok_bani":"0","ndertim_in":"0","te_tjera":"0","emertim_zo":"NULL","nr_vendimi":"NULL","date_vendi":"NULL","zona_kadas":"1481","nr_pasuris":"200/414","sip_parcel":"186 ( Njëqind e tetëdhjetë e gjashtë )","sip_nderti":"62 ( Gjashtëdhjetë e dy )","sip_banim":"62","sip_aktivi":"-","kate_mbi_t":"1 ( Një )","kate_nen_t":"-","kondicione":"-","kufi_veri":"NR. PASURIE 200/404","kufi_jug":"NR. PASURIE 200/404","kufi_lindj":"NR. PASURIE 200/404","kufi_peren":"NR. PASURIE 200/404","dokumenti":"Do të miratohet me Vendim të Këshillit të Ministrave","drejtoria":"VLORE","Shenime":"OK","Shape_Leng":59.8576925333,"Shape_Area":186.404876827,"DREJTORITE":"","sip2":186.404876827}},
{"type":"Feature","geometry":{"type":"Polygon","coordinates":[[[19.630847263152134,40.1538638458955],[19.631091686482105,40.153823323068345],[19.631150085992235,40.1540202971687],[19.630862751814824,40.15404832961961],[19.630844458613137,40.15394198039445],[19.630847263152134,40.1538638458955]]]},"properties":{"OBJECTID":72020,"TEXTSTRING":"11_8306644","NR_UNIK":"11_8306644","id_leja":"208533","nr":"211182","data":"2018-07-19 00:00:00.000","id_objekti":"208691","pergjegjes":"ADISELDO RRAPAJ","drejtori":"ARDIAN MUSTA","nr_serial":"0167995","anulluar_s":"","blloku":"269","dosja":"VL","emertim":"GODINE BANIMI DHE SHERBIMI 3 KATE + 1 KAT NENTOKE","adresa":"DHERMI, BASHKIA HIMARE","pronari":"11_8306644 VASIL STAVRO DUNI","pronari2":"MANOL STAVRO DUNI ; THANAS STAVRO DUNI","zona":"0","vendbanimi":"0","bllok_bani":"0","ndertim_in":"0","te_tjera":"0","emertim_zo":"NULL","nr_vendimi":"NULL","date_vendi":"NULL","zona_kadas":"1481","nr_pasuris":"202/2","sip_parcel":"500 ( Pesëqind )","sip_nderti":"224 ( Dyqind e njëzetë e katër )","sip_banim":"520","sip_aktivi":"80","kate_mbi_t":"3 ( Tre )","kate_nen_t":"1 ( Një )","kondicione":"-","kufi_veri":"NR. PASURIE 202/1","kufi_jug":"NR. PASURIE 202/1","kufi_lindj":"NR. PASURIE 202/1","kufi_peren":"NR. PASURIE 202/1","dokumenti":"Do të miratohet me Vendim të Këshillit të Ministrave","drejtoria":"VLORE","Shenime":"OK","Shape_Leng":88.984322153,"Shape_Area":499.674286749,"DREJTORITE":"","sip2":499.674286749}},
{"type":"Feature","geometry":{"type":"Polygon","coordinates":[[[19.63740061650465,40.143447397457315],[19.63771851896367,40.14333128432069],[19.637787072574426,40.14344743678305],[19.637459993445333,40.14359343985532],[19.637373803869355,40.1434723840803],[19.63736521813818,40.143460326098186],[19.63740061650465,40.143447397457315]]]},"properties":{"OBJECTID":72021,"TEXTSTRING":"11_8306407","NR_UNIK":"11_8306407","id_leja":"204814","nr":"210947","data":"2018-05-31 00:00:00.000","id_objekti":"204972","pergjegjes":"ADISELDO RRAPAJ","drejtori":"ARDIAN MUSTA","nr_serial":"0167759","anulluar_s":"","blloku":"260","dosja":"VL-VL","emertim":"OBJEKT SHERBIMI 2 KATE + 1 KAT NENTOKE","adresa":"DHERMI, BASHKIA HIMARE","pronari":"11_8306407 KOSTANDIN SPIRO DHIMITRI","pronari2":"NIKOLLA SPIRO DHIMITRI","zona":"0","vendbanimi":"0","bllok_bani":"0","ndertim_in":"0","te_tjera":"0","emertim_zo":"NULL","nr_vendimi":"NULL","date_vendi":"NULL","zona_kadas":"1481","nr_pasuris":"200/225","sip_parcel":"507 ( Pesëqind e shtatë )","sip_nderti":"169 ( Njëqind e gjashtëdhjetë e nëntë )","sip_banim":"-","sip_aktivi":"590","kate_mbi_t":"2 ( Dy )","kate_nen_t":"1 ( Një )","kondicione":"-","kufi_veri":"NR. PASURIE 200/226","kufi_jug":"NR. PASURIE 200/226","kufi_lindj":"NR. PASURIE 200/226","kufi_peren":"NR. PASURIE 200/226","dokumenti":"Do të miratohet me Vendim të Këshillit të Ministrave","drejtoria":"VLORE","Shenime":"Mbivendosje","Shape_Leng":96.5653359601,"Shape_Area":507.206870898,"DREJTORITE":"","sip2":507.206870898}},
{"type":"Feature","geometry":{"type":"Polygon","coordinates":[[[19.612541053492624,40.156075866967804],[19.612424190287214,40.1559525902266],[19.61260924926895,40.15583677886629],[19.612733429935062,40.155959471929364],[19.612541053492624,40.156075866967804]]]},"properties":{"OBJECTID":72043,"TEXTSTRING":"11_8306587","NR_UNIK":"11_8306587","id_leja":"201535","nr":"210737","data":"2018-04-30 00:00:00.000","id_objekti":"201683","pergjegjes":"ADISELDO RRAPAJ","drejtori":"ARDIAN MUSTA","nr_serial":"0167548","anulluar_s":"","blloku":"251","dosja":"VL-","emertim":"GODINE BANIMI 2 KATE + 1 KAT NENTOKE","adresa":"DHERMI, BASHKIA HIMARE","pronari":"11_8306587 LULZIM ISUF ISUFI","pronari2":"","zona":"0","vendbanimi":"0","bllok_bani":"0","ndertim_in":"0","te_tjera":"0","emertim_zo":"NULL","nr_vendimi":"NULL","date_vendi":"NULL","zona_kadas":"1481","nr_pasuris":"200/291","sip_parcel":"351 ( Treqind e pesëdhjetë e një )","sip_nderti":"117 ( Njëqind e shtatëmbëdhjetë )","sip_banim":"355","sip_aktivi":"-","kate_mbi_t":"2 ( Dy )","kate_nen_t":"1 ( Një )","kondicione":"-","kufi_veri":"NR. PASURIE 200/292","kufi_jug":"NR. PASURIE 200/292","kufi_lindj":"NR. PASURIE 200/292","kufi_peren":"NR. PASURIE 200/292","dokumenti":"Do të miratohet me Vendim të Këshillit të Ministrave","drejtoria":"VLORE","Shenime":"OK","Shape_Leng":75.3775428185,"Shape_Area":351.786355212,"DREJTORITE":"","sip2":351.786355212}},
{"type":"Feature","geometry":{"type":"Polygon","coordinates":[[[19.638715673245578,40.14518469687738],[19.63855013745985,40.14505199086437],[19.63874674010598,40.14489304971728],[19.638917910541252,40.14500712682131],[19.638715673245578,40.14518469687738]]]},"properties":{"OBJECTID":72044,"TEXTSTRING":"11_3022582","NR_UNIK":"11_3022582","id_leja":"198576","nr":"210528","data":"2018-03-30 00:00:00.000","id_objekti":"198723","pergjegjes":"ADISELDO RRAPAJ","drejtori":"ARDIAN MUSTA","nr_serial":"0169215","anulluar_s":"","blloku":"243","dosja":"VL-VL","emertim":"OBJEKT SHERBIMI 4 KATE","adresa":"DHERMI, BASHKIA HIMARE","pronari":"11_3022582 PETRO THODHORI KUMI","pronari2":"","zona":"0","vendbanimi":"0","bllok_bani":"0","ndertim_in":"0","te_tjera":"0","emertim_zo":"NULL","nr_vendimi":"NULL","date_vendi":"NULL","zona_kadas":"1481","nr_pasuris":"383/3","sip_parcel":"500 ( Pesëqind )","sip_nderti":"242 ( Dyqind e dyzetë e dy )","sip_banim":"-","sip_aktivi":"854","kate_mbi_t":"4 ( Katër )","kate_nen_t":"-","kondicione":"-","kufi_veri":"NR. PASURIE 383/2","kufi_jug":"NR. PASURIE 383/3","kufi_lindj":"NR. PASURIE 383/4","kufi_peren":"NR. PASURIE 383/5","dokumenti":"Do të miratohet me Vendim të Këshillit të Ministrave","drejtoria":"VLORE","Shenime":"OK","Shape_Leng":90.2162152384,"Shape_Area":500.608736489,"DREJTORITE":"","sip2":500.608736489}},
{"type":"Feature","geometry":{"type":"Polygon","coordinates":[[[19.638834581969995,40.1453751922851],[19.638854045915217,40.14530380564238],[19.63897462648269,40.145323704530234],[19.638986849161142,40.14528008810621],[19.63886577963567,40.14526010510342],[19.63888504048407,40.14518912688303],[19.639127787936665,40.14522918726113],[19.639077331223056,40.14541525279201],[19.638834581969995,40.1453751922851]]]},"properties":{"OBJECTID":72045,"TEXTSTRING":"11_3022598","NR_UNIK":"11_3022598","id_leja":"198287","nr":"210506","data":"2018-03-29 00:00:00.000","id_objekti":"198434","pergjegjes":"ADISELDO RRAPAJ","drejtori":"ARDIAN MUSTA","nr_serial":"0169193","anulluar_s":"","blloku":"242","dosja":"VL-VL","emertim":"SHTESE ANESORE 2KATE DHE NE LARTESI 1KAT SHERBIMI NE OBJEKTIN EKZISTUES 3KATE","adresa":"DHERMI, BASHKIA HIMARE","pronari":"11_3022598 PETRO THODHORI KUMI","pronari2":"","zona":"0","vendbanimi":"0","bllok_bani":"0","ndertim_in":"0","te_tjera":"0","emertim_zo":"NULL","nr_vendimi":"NULL","date_vendi":"NULL","zona_kadas":"1481","nr_pasuris":"383/4-ND1","sip_parcel":"-","sip_nderti":"394 ( Treqind e nëntëdhjetë e katër )","sip_banim":"-","sip_aktivi":"269","kate_mbi_t":"4 ( Katër )","kate_nen_t":"-","kondicione":"-","kufi_veri":"NR. PASURIE 383/4","kufi_jug":"NR. PASURIE 383/4","kufi_lindj":"NR. PASURIE 383/4","kufi_peren":"NR. PASURIE 383/4","dokumenti":"VERTETIM NGA DOKUMENTET HIPOTEKORE: NR. 243, DATE 08.07.2016","drejtoria":"VLORE","Shenime":"OK","Shape_Leng":105.559072596,"Shape_Area":394.080423809,"DREJTORITE":"","sip2":394.080423809}},
{"type":"Feature","geometry":{"type":"Polygon","coordinates":[[[19.631928671420965,40.15009845929895],[19.63172385626567,40.15010054706827],[19.631765393906825,40.149928072572344],[19.631791011017462,40.14987139526356],[19.631985742598523,40.149871723393424],[19.631987350895866,40.15008891019532],[19.631928671420965,40.15009845929895]]]},"properties":{"OBJECTID":72046,"TEXTSTRING":"11_3023226","NR_UNIK":"11_3023226","id_leja":"234220","nr":"213128","data":"2019-08-30 00:00:00.000","id_objekti":"234383","pergjegjes":"ADISELDO RRAPAJ","drejtori":"FLORJAN ALMADHI","nr_serial":"0170771","anulluar_s":"","blloku":"324","dosja":"VL-","emertim":"GODINE BANIMI 2 KATE + 1 KAT NENTOKE","adresa":"DHERMI, BASHKIA HIMARE","pronari":"11_3023226 VASILIKA SPIRO LEKA","pronari2":"ALEKSANDER ANDREA LEKA","zona":"0","vendbanimi":"0","bllok_bani":"0","ndertim_in":"0","te_tjera":"0","emertim_zo":"NULL","nr_vendimi":"NULL","date_vendi":"NULL","zona_kadas":"1481","nr_pasuris":"77/51","sip_parcel":"500 ( Pesëqind )","sip_nderti":"172 ( Njëqind e shtatëdhjetë e dy )","sip_banim":"384","sip_aktivi":"-","kate_mbi_t":"2 ( Dy )","kate_nen_t":"1 ( Një )","kondicione":"-","kufi_veri":"NR. PASURIE 77/52","kufi_jug":"NR. PASURIE 77/50","kufi_lindj":"NR. PASURIE 77/50","kufi_peren":"NR. PASURIE 77/53","dokumenti":"Do të miratohet me Vendim të Këshillit të Ministrave","drejtoria":"VLORE","Shenime":"OK","Shape_Leng":89.3887027564,"Shape_Area":500.208207224,"DREJTORITE":"","sip2":500.208207224}},
{"type":"Feature","geometry":{"type":"Polygon","coordinates":[[[19.612536324809163,40.15695544073624],[19.612440244074655,40.15713361098745],[19.612308225465373,40.15707920460385],[19.612448558630515,40.156818973855984],[19.61257588147092,40.1568820887657],[19.612536324809163,40.15695544073624]]]},"properties":{"OBJECTID":72047,"TEXTSTRING":"11_8186789","NR_UNIK":"11_8186789","id_leja":"185132","nr":"109149","data":"2017-08-24 00:00:00.000","id_objekti":"185279","pergjegjes":"DENIS METAJ","drejtori":"EGON VELAJ","nr_serial":"0169837","anulluar_s":"","blloku":"219","dosja":"VL-VL","emertim":"GODINE BANIMI DHE SHERBIMI 3 KATE","adresa":"DHERMI, BASHKIA HIMARE","pronari":"11_8186789 LLAMBRO SPIRO GJIKURIA","pronari2":"ENKELEJDA FOTO GJIKURIA","zona":"0","vendbanimi":"0","bllok_bani":"0","ndertim_in":"0","te_tjera":"0","emertim_zo":"NULL","nr_vendimi":"NULL","date_vendi":"NULL","zona_kadas":"1481","nr_pasuris":"200/212","sip_parcel":"390 ( Treqind e nëntëdhjetë )","sip_nderti":"130 ( Njëqind e tridhjetë )","sip_banim":"293","sip_aktivi":"130","kate_mbi_t":"3 ( Tre )","kate_nen_t":"-","kondicione":"-","kufi_veri":"NR. PASURIE 200/211","kufi_jug":"NR. PASURIE 200/211","kufi_lindj":"NR. PASURIE 200/211","kufi_peren":"NR. PASURIE 200/211","dokumenti":"Do të miratohet me Vendim të Këshillit të Ministrave","drejtoria":"VLORE","Shenime":"OK","Shape_Leng":87.1581676982,"Shape_Area":390.411319268,"DREJTORITE":"","sip2":390.411319268}},
{"type":"Feature","geometry":{"type":"Polygon","coordinates":[[[19.622213162141602,40.153287465279256],[19.62201047540109,40.15339397322657],[19.62195162013186,40.15334336216442],[19.621845511586393,40.15322579137188],[19.621811722884512,40.153205453768805],[19.621993166632542,40.15310487357514],[19.62204655474955,40.153119264147236],[19.622171453178623,40.15324835311387],[19.622213162141602,40.153287465279256]]]},"properties":{"OBJECTID":72048,"TEXTSTRING":"11_8186906","NR_UNIK":"11_8186906","id_leja":"185212","nr":"109168","data":"2017-08-24 00:00:00.000","id_objekti":"185359","pergjegjes":"DENIS METAJ","drejtori":"EGON VELAJ","nr_serial":"0169857","anulluar_s":"","blloku":"220","dosja":"VL-VL","emertim":"OBJEKT SHERBIMI 4 KATE","adresa":"HIMARE , BASHKIA HIMARE","pronari":"11_8186906 MIHAL THOMA SILA","pronari2":"","zona":"0","vendbanimi":"0","bllok_bani":"0","ndertim_in":"0","te_tjera":"0","emertim_zo":"NULL","nr_vendimi":"NULL","date_vendi":"NULL","zona_kadas":"1481","nr_pasuris":"200/217","sip_parcel":"567 ( Pesëqind e gjashtëdhjetë e shtatë )","sip_nderti":"189 ( Njëqind e tetëdhjetë e nëntë )","sip_banim":"","sip_aktivi":"864","kate_mbi_t":"4 ( Katër )","kate_nen_t":"-","kondicione":"-","kufi_veri":"NR. PASURIE 200/137","kufi_jug":"NR. PASURIE 200/137","kufi_lindj":"NR. PASURIE 200/137","kufi_peren":"NR. PASURIE 200/137","dokumenti":"Do të miratohet me Vendim të Këshillit të Ministrave","drejtoria":"VLORE","Shenime":"OK","Shape_Leng":95.3357406746,"Shape_Area":567.103136547,"DREJTORITE":"","sip2":567.103136547}},
{"type":"Feature","geometry":{"type":"Polygon","coordinates":[[[19.62539203675355,40.15340369149344],[19.625501636055787,40.153520348241145],[19.625518912978748,40.15353873826926],[19.625455398952777,40.15357515313074],[19.625433639097814,40.15355281702644],[19.625327570853262,40.15344393647329],[19.62539203675355,40.15340369149344]]]},"properties":{"OBJECTID":72049,"TEXTSTRING":"11_3022589","NR_UNIK":"11_3022589","id_leja":"185217","nr":"109170","data":"2017-08-24 00:00:00.000","id_objekti":"185364","pergjegjes":"DENIS METAJ","drejtori":"EGON VELAJ","nr_serial":"0169858","anulluar_s":"","blloku":"220","dosja":"VL-VL","emertim":"GODINE BANIMI 3 KATE + 1 KAT NENTOKE","adresa":"DHERMI , BASHKIA HIMARE","pronari":"11_3022589 ANA SKENDER RESULAJ","pronari2":"","zona":"0","vendbanimi":"0","bllok_bani":"0","ndertim_in":"0","te_tjera":"0","emertim_zo":"NULL","nr_vendimi":"NULL","date_vendi":"NULL","zona_kadas":"1481","nr_pasuris":"200/220","sip_parcel":"127 ( Njëqind e njëzetë e shtatë )","sip_nderti":"44 ( Dyzetë e katër )","sip_banim":"225","sip_aktivi":"-","kate_mbi_t":"3 ( Tre )","kate_nen_t":"1 ( Një )","kondicione":"-","kufi_veri":"NR. PASURIE 200/221","kufi_jug":"NR. PASURIE 200/218; 200/219","kufi_lindj":"NR. PASURIE 200/221; 200/219","kufi_peren":"NR. PASURIE 200/221; 200/218","dokumenti":"Do të miratohet me Vendim të Këshillit të Ministrave","drejtoria":"VLORE","Shenime":"OK","Shape_Leng":50.5008301568,"Shape_Area":126.719553693,"DREJTORITE":"","sip2":126.719553693}},
{"type":"Feature","geometry":{"type":"Polygon","coordinates":[[[19.62539203675355,40.15340369149344],[19.62546427662667,40.153358592767496],[19.625583316597936,40.153501814107024],[19.62551935723172,40.1535384831799],[19.625501636055787,40.153520348241145],[19.62539203675355,40.15340369149344]]]},"properties":{"OBJECTID":72050,"TEXTSTRING":"11_8143122","NR_UNIK":"11_8143122","id_leja":"185218","nr":"109171","data":"2017-08-24 00:00:00.000","id_objekti":"185365","pergjegjes":"DENIS METAJ","drejtori":"EGON VELAJ","nr_serial":"0169859","anulluar_s":"","blloku":"220","dosja":"VL-VL","emertim":"GODINE BANIMI 3 KATE + 1 KAT NENTOKE","adresa":"DHERMI , BASHKIA HIMARE","pronari":"11_8143122 ELISABETA JASHAR DUÇELLARI","pronari2":"","zona":"0","vendbanimi":"0","bllok_bani":"0","ndertim_in":"0","te_tjera":"0","emertim_zo":"NULL","nr_vendimi":"NULL","date_vendi":"NULL","zona_kadas":"1481","nr_pasuris":"200/219","sip_parcel":"138 ( Njëqind e tridhjetë e tetë )","sip_nderti":"44 ( Dyzetë e katër )","sip_banim":"225","sip_aktivi":"-","kate_mbi_t":"3 ( Tre )","kate_nen_t":"1 ( Një )","kondicione":"-","kufi_veri":"NR. PASURIE 200/220; 200/221","kufi_jug":"NR. PASURIE 200/218","kufi_lindj":"NR. PASURIE 200/218; 200/221","kufi_peren":"NR. PASURIE 200/220; 200/218","dokumenti":"Do të miratohet me Vendim të Këshillit të Ministrave","drejtoria":"VLORE","Shenime":"OK","Shape_Leng":52.0725047105,"Shape_Area":137.51563346,"DREJTORITE":"","sip2":137.51563346}},
{"type":"Feature","geometry":{"type":"Polygon","coordinates":[[[19.629537691469015,40.157317450160505],[19.62944884670825,40.15721135388558],[19.629625585514777,40.157118880060814],[19.629676184305946,40.15717524092682],[19.629701875945518,40.15724549722654],[19.629537691469015,40.157317450160505]]]},"properties":{"OBJECTID":72051,"TEXTSTRING":"11_2216841","NR_UNIK":"11_2216841","id_leja":"185066","nr":"109136","data":"2017-08-23 00:00:00.000","id_objekti":"185213","pergjegjes":"DENIS METAJ","drejtori":"EGON VELAJ","nr_serial":"0169822","anulluar_s":"","blloku":"218","dosja":"VL-VL","emertim":"GODINE BANIMI 2 KATE","adresa":"DHERMI , BASHKIA HIMARE","pronari":"11_2216841 MIRUSH RAMIZ DORDA","pronari2":"","zona":"0","vendbanimi":"0","bllok_bani":"0","ndertim_in":"0","te_tjera":"0","emertim_zo":"NULL","nr_vendimi":"NULL","date_vendi":"NULL","zona_kadas":"1481","nr_pasuris":"200/208","sip_parcel":"261 ( Dyqind e gjashtëdhjetë e një )","sip_nderti":"87 ( Tetëdhjetë e shtatë )","sip_banim":"233","sip_aktivi":"-","kate_mbi_t":"2 ( Dy )","kate_nen_t":"-","kondicione":"-","kufi_veri":"NR. PASURIE 200/210","kufi_jug":"NR. PASURIE 200/210; 200/209","kufi_lindj":"NR. PASURIE 200/209; 200/210","kufi_peren":"NR. PASURIE 200/210","dokumenti":"Do të miratohet me Vendim të Këshillit të Ministrave","drejtoria":"VLORE","Shenime":"OK","Shape_Leng":64.0240849563,"Shape_Area":261.697133556,"DREJTORITE":"","sip2":261.697133556}},
{"type":"Feature","geometry":{"type":"Polygon","coordinates":[[[19.60933600524927,40.15668191133953],[19.60944734506647,40.15662174085915],[19.609468301481932,40.156644572094635],[19.60940831304125,40.15667699064659],[19.609412368778614,40.1566814096801],[19.609361018572592,40.15670916074327],[19.60933600524927,40.15668191133953]]]},"properties":{"OBJECTID":72052,"TEXTSTRING":"11_8305974","NR_UNIK":"11_8305974","id_leja":"184969","nr":"109114","data":"2017-08-22 00:00:00.000","id_objekti":"185116","pergjegjes":"DENIS METAJ","drejtori":"EGON VELAJ","nr_serial":"0169799","anulluar_s":"","blloku":"218","dosja":"VL-VL","emertim":"SHTESE ANESORE 3 KATE SHERBIMI NE OBJEKTIN EKZISTUES 3 KATE","adresa":"DHERMI , BASHKIA HIMARE","pronari":"11_8305974 ZAHARIA STEFO DUNI","pronari2":"","zona":"0","vendbanimi":"0","bllok_bani":"0","ndertim_in":"0","te_tjera":"0","emertim_zo":"NULL","nr_vendimi":"NULL","date_vendi":"NULL","zona_kadas":"1481","nr_pasuris":"200/207","sip_parcel":"39 ( Tridhjetë e nëntë )","sip_nderti":"39 ( Tridhjetë e nëntë )","sip_banim":"-","sip_aktivi":"141","kate_mbi_t":"3 ( Tre )","kate_nen_t":"-","kondicione":"-","kufi_veri":"NR. PASURIE 200/143","kufi_jug":"NR. PASURIE 200/143","kufi_lindj":"NR. PASURIE 200/143","kufi_peren":"NR. PASURIE 200/143","dokumenti":"Do të miratohet me Vendim të Këshillit të Ministrave","drejtoria":"VLORE","Shenime":"OK","Shape_Leng":30.6000183288,"Shape_Area":39.1702592464,"DREJTORITE":"","sip2":39.1702592464}},
{"type":"Feature","geometry":{"type":"Polygon","coordinates":[[[19.60917662324362,40.156508276817135],[19.609287962890676,40.15644810738659],[19.609307567312364,40.15646946473681],[19.609196227628274,40.156529635086386],[19.60917662324362,40.156508276817135]]]},"properties":{"OBJECTID":72066,"TEXTSTRING":"11_8305973","NR_UNIK":"11_8305973","id_leja":"184970","nr":"109115","data":"2017-08-22 00:00:00.000","id_objekti":"185117","pergjegjes":"DENIS METAJ","drejtori":"EGON VELAJ","nr_serial":"0169800","anulluar_s":"","blloku":"218","dosja":"VL-VL","emertim":"SHTESE ANESORE 3 KATE SHERBIMI NE OBJEKTIN EKZISTUES 3 KATE","adresa":"DHERMI , BASHKIA HIMARE","pronari":"11_8305973 ZAHARIA STEFO DUNI","pronari2":"","zona":"0","vendbanimi":"0","bllok_bani":"0","ndertim_in":"0","te_tjera":"0","emertim_zo":"NULL","nr_vendimi":"NULL","date_vendi":"NULL","zona_kadas":"1481","nr_pasuris":"200/206","sip_parcel":"34 ( Tridhjetë e katër )","sip_nderti":"34 ( Tridhjetë e katër )","sip_banim":"-","sip_aktivi":"118","kate_mbi_t":"3 ( Tre )","kate_nen_t":"-","kondicione":"-","kufi_veri":"NR. PASURIE 200/143","kufi_jug":"NR. PASURIE 200/143","kufi_lindj":"NR. PASURIE 200/143","kufi_peren":"NR. PASURIE 200/143","dokumenti":"Do të miratohet me Vendim të Këshillit të Ministrave","drejtoria":"VLORE","Shenime":"OK","Shape_Leng":29.0000367206,"Shape_Area":33.6401746614,"DREJTORITE":"","sip2":33.6401746614}},
{"type":"Feature","geometry":{"type":"Polygon","coordinates":[[[19.610818778324614,40.15702269521344],[19.610502291267917,40.15716795276258],[19.610496050323526,40.15711590432287],[19.610478389131657,40.157081791079634],[19.610458101863784,40.15706182214282],[19.610448652310758,40.15705404737907],[19.610413963926415,40.15705931306333],[19.61036087440755,40.15708012109484],[19.610306653234876,40.157085137869736],[19.610196990201867,40.156914458340935],[19.61023552671192,40.156909225402615],[19.61032139995056,40.15687635767268],[19.610371506414424,40.1568594364163],[19.610403583517094,40.15684915466203],[19.610420461458656,40.15683811658541],[19.61051836940969,40.15677870187826],[19.610569356558013,40.15675123063023],[19.610818778324614,40.15702269521344]]]},"properties":{"OBJECTID":72067,"TEXTSTRING":"11_8289605","NR_UNIK":"11_8289605","id_leja":"184545","nr":"109003","data":"2017-08-14 00:00:00.000","id_objekti":"184692","pergjegjes":"DENIS METAJ","drejtori":"EGON VELAJ","nr_serial":"0169683","anulluar_s":"","blloku":"214","dosja":"VL-","emertim":"OBJEKT SHERBIMI 3 KATE + 1 KAT NENTOKE","adresa":"DHERMI , BASHKIA HIMARE","pronari":"11_8306010 ALBITALIASYSTEM SH.P.K","pronari2":"ALTIN TOJAR XHAFAJ","zona":"0","vendbanimi":"0","bllok_bani":"0","ndertim_in":"0","te_tjera":"0","emertim_zo":"NULL","nr_vendimi":"NULL","date_vendi":"NULL","zona_kadas":"1481","nr_pasuris":"200/174","sip_parcel":"1230 ( Njëmijë e dyqind e tridhjetë )","sip_nderti":"410 ( Katërqind e dhjetë )","sip_banim":"-","sip_aktivi":"1586","kate_mbi_t":"3 ( Tre )","kate_nen_t":"1 ( Një )","kondicione":"-","kufi_veri":"NR. PASURIE 200/173","kufi_jug":"NR. PASURIE 200/172","kufi_lindj":"NR. PASURIE 200/172","kufi_peren":"NR. PASURIE 200/196; 200/172; 200/195","dokumenti":"Do të miratohet me Vendim të Këshillit të Ministrave","drejtoria":"VLORE","Shenime":"OK","Shape_Leng":152.979906382,"Shape_Area":1233.06276219,"DREJTORITE":"","sip2":1233.06276219}},
{"type":"Feature","geometry":{"type":"Polygon","coordinates":[[[19.63428300042468,40.14707180676272],[19.63429167883426,40.14688945249552],[19.634557137482293,40.146880929310704],[19.634557575628374,40.147079292245664],[19.63428300042468,40.14707180676272]]]},"properties":{"OBJECTID":72068,"TEXTSTRING":"11_8185642","NR_UNIK":"11_8185642","id_leja":"184847","nr":"109087","data":"2017-08-21 00:00:00.000","id_objekti":"184994","pergjegjes":"DENIS METAJ","drejtori":"EGON VELAJ","nr_serial":"0169771","anulluar_s":"","blloku":"217","dosja":"VL-VL","emertim":"OBJEKT SHERBIMI 4 KATE","adresa":"DHERMI , BASHKIA HIMARE","pronari":"11_8185642 POLIMER LLUKA RUCI","pronari2":"","zona":"0","vendbanimi":"0","bllok_bani":"0","ndertim_in":"0","te_tjera":"0","emertim_zo":"NULL","nr_vendimi":"NULL","date_vendi":"NULL","zona_kadas":"1481","nr_pasuris":"74/82","sip_parcel":"486 ( Katërqind e tetëdhjetë e gjashtë )","sip_nderti":"162 ( Njëqind e gjashtëdhjetë e dy )","sip_banim":"-","sip_aktivi":"664","kate_mbi_t":"4 ( Katër )","kate_nen_t":"-","kondicione":"-","kufi_veri":"NR. PASURIE 74/81","kufi_jug":"NR. PASURIE 74/81","kufi_lindj":"NR. PASURIE 74/75","kufi_peren":"NR. PASURIE 74/81","dokumenti":"Do të miratohet me Vendim të Këshillit të Ministrave","drejtoria":"VLORE","Shenime":"OK","Shape_Leng":88.3178729736,"Shape_Area":486.077134754,"DREJTORITE":"","sip2":486.077134754}},
{"type":"Feature","geometry":{"type":"Polygon","coordinates":[[[19.63401260778092,40.15499810484296],[19.63409812029237,40.154824470081664],[19.634317472075825,40.15487893957433],[19.63424280664195,40.1550554403344],[19.63401260778092,40.15499810484296]]]},"properties":{"OBJECTID":72069,"TEXTSTRING":"11_2215757","NR_UNIK":"11_2215757","id_leja":"184194","nr":"108862","data":"2017-08-03 00:00:00.000","id_objekti":"184341","pergjegjes":"DENIS METAJ","drejtori":"EGON VELAJ","nr_serial":"0169531","anulluar_s":"","blloku":"208","dosja":"VL-","emertim":"GODINE BANIMI 1 KAT + 1 KAT NENTOKE","adresa":"DHERMI, BASHKIA HIMARE","pronari":"11_2215757 THANAS KRISANTHO GJIKURIA","pronari2":"","zona":"0","vendbanimi":"0","bllok_bani":"0","ndertim_in":"0","te_tjera":"0","emertim_zo":"NULL","nr_vendimi":"NULL","date_vendi":"NULL","zona_kadas":"1481","nr_pasuris":"200/202","sip_parcel":"414 ( Katërqind e katërmbëdhjetë )","sip_nderti":"138 ( Njëqind e tridhjetë e tetë )","sip_banim":"187","sip_aktivi":"-","kate_mbi_t":"1 ( Një )","kate_nen_t":"1 ( Një )","kondicione":"-","kufi_veri":"NR. PASURIE 200/203","kufi_jug":"NR. PASURIE 200/203","kufi_lindj":"NR. PASURIE 200/203","kufi_peren":"NR. PASURIE 200/203","dokumenti":"Do të miratohet me Vendim të Këshillit të Ministrave","drejtoria":"VLORE","Shenime":"OK","Shape_Leng":81.4601380061,"Shape_Area":414.440499318,"DREJTORITE":"","sip2":414.440499318}},
{"type":"Feature","geometry":{"type":"Polygon","coordinates":[[[19.639387278222042,40.14246701708402],[19.639313066905043,40.14236957681612],[19.639400942048958,40.14233571348558],[19.639474217563947,40.14244175904942],[19.639469879193662,40.14244374143407],[19.639387278222042,40.14246701708402]]]},"properties":{"OBJECTID":72070,"TEXTSTRING":"11_3023138","NR_UNIK":"11_3023138","id_leja":"183740","nr":"108788","data":"2017-07-27 00:00:00.000","id_objekti":"183877","pergjegjes":"DENIS METAJ","drejtori":"EGON VELAJ","nr_serial":"0169455","anulluar_s":"","blloku":"205","dosja":"VL-","emertim":"GODINE BANIMI 1 KAT","adresa":"DHERMI , BASHKIA HIMARE","pronari":"11_3023138 ILIA PAVLLO ZHUPA","pronari2":"","zona":"0","vendbanimi":"0","bllok_bani":"0","ndertim_in":"0","te_tjera":"0","emertim_zo":"NULL","nr_vendimi":"NULL","date_vendi":"NULL","zona_kadas":"1481","nr_pasuris":"200/198","sip_parcel":"105 ( Njëqind e pesë )","sip_nderti":"35 ( Tridhjetë e pesë )","sip_banim":"35","sip_aktivi":"-","kate_mbi_t":"1 ( Një )","kate_nen_t":"-","kondicione":"-","kufi_veri":"NR. PASURIE 200/135; 200/197","kufi_jug":"NR. PASURIE 200/197","kufi_lindj":"NR. PASURIE 200/197","kufi_peren":"NR. PASURIE 200/135","dokumenti":"Do të miratohet me Vendim të Këshillit të Ministrave","drejtoria":"VLORE","Shenime":"OK","Shape_Leng":42.1585686944,"Shape_Area":105.022162467,"DREJTORITE":"","sip2":105.022162467}},
{"type":"Feature","geometry":{"type":"Polygon","coordinates":[[[19.61347086635879,40.156622918890704],[19.61340789580653,40.156697379952355],[19.61333930718918,40.156664882413104],[19.613267788241036,40.15675546641149],[19.61307677805255,40.1566525501352],[19.613225760194332,40.15650539715076],[19.61347086635879,40.156622918890704]]]},"properties":{"OBJECTID":72071,"TEXTSTRING":"11_8302113","NR_UNIK":"11_8302113","id_leja":"183674","nr":"108770","data":"2017-07-27 00:00:00.000","id_objekti":"183811","pergjegjes":"DENIS METAJ","drejtori":"EGON VELAJ","nr_serial":"0169436","anulluar_s":"","blloku":"204","dosja":"VL-","emertim":"OBJEKT SHERBIMI 2 KATE","adresa":"DHERMI, BASHKIA HIMARE","pronari":"11_8302113 ARTUR JEMIN BUBEQI","pronari2":"","zona":"0","vendbanimi":"0","bllok_bani":"0","ndertim_in":"0","te_tjera":"0","emertim_zo":"NULL","nr_vendimi":"NULL","date_vendi":"NULL","zona_kadas":"1481","nr_pasuris":"63/102","sip_parcel":"462 ( Katërqind e gjashtëdhjetë e dy )","sip_nderti":"154 ( Njëqind e pesëdhjetë e katër )","sip_banim":"-","sip_aktivi":"350","kate_mbi_t":"2 ( Dy )","kate_nen_t":"-","kondicione":"-","kufi_veri":"NR. PASURIE 63/106","kufi_jug":"NR. PASURIE 63/107","kufi_lindj":"NR. PASURIE 63/109","kufi_peren":"NR. PASURIE 63/106","dokumenti":"Do të miratohet me Vendim të Këshillit të Ministrave","drejtoria":"VLORE","Shenime":"OK","Shape_Leng":93.662941509,"Shape_Area":463.492403273,"DREJTORITE":"","sip2":463.492403273}},
{"type":"Feature","geometry":{"type":"Polygon","coordinates":[[[19.61347086635879,40.156622918890704],[19.613500817063727,40.15658750242079],[19.61344590322758,40.15656103184484],[19.613533596882675,40.15646853240814],[19.613668144027145,40.15652919207052],[19.613579209307986,40.156626775902026],[19.61360219457296,40.156638076509964],[19.613515720652185,40.15673779428668],[19.61350121887917,40.156744832401785],[19.613488036082057,40.15673909427801],[19.613421185644537,40.15682950545124],[19.613267788241036,40.15675546641149],[19.61333930718918,40.156664882413104],[19.61340789580653,40.156697379952355],[19.61347086635879,40.156622918890704]]]},"properties":{"OBJECTID":72072,"TEXTSTRING":"11_8302470","NR_UNIK":"11_8302470","id_leja":"183678","nr":"108771","data":"2017-07-27 00:00:00.000","id_objekti":"183815","pergjegjes":"DENIS METAJ","drejtori":"EGON VELAJ","nr_serial":"0169437","anulluar_s":"","blloku":"204","dosja":"VL-","emertim":"GODINE BANIMI 1 KAT","adresa":"DHERMI, BASHKIA HIMARE","pronari":"11_8302470 ARTUR JEMIN BUBEQI","pronari2":"","zona":"0","vendbanimi":"0","bllok_bani":"0","ndertim_in":"0","te_tjera":"0","emertim_zo":"NULL","nr_vendimi":"NULL","date_vendi":"NULL","zona_kadas":"1481","nr_pasuris":"63/109","sip_parcel":"500 ( Pesëqind )","sip_nderti":"55 ( Pesëdhjetë e pesë )","sip_banim":"55","sip_aktivi":"-","kate_mbi_t":"1 ( Një )","kate_nen_t":"-","kondicione":"-","kufi_veri":"NR. PASURIE 63/106","kufi_jug":"NR. PASURIE 63/107","kufi_lindj":"NR. PASURIE 63/101","kufi_peren":"NR. PASURIE 63/102; 63/107","dokumenti":"Do të miratohet me Vendim të Këshillit të Ministrave","drejtoria":"VLORE","Shenime":"OK","Shape_Leng":123.248111312,"Shape_Area":500.678862327,"DREJTORITE":"","sip2":500.678862327}},
{"type":"Feature","geometry":{"type":"Polygon","coordinates":[[[19.631914688097268,40.1548182270505],[19.631819655182575,40.15484158089077],[19.631782236969187,40.15475193214244],[19.631833107342022,40.154739430457376],[19.631840269043618,40.1547565882824],[19.631884431481698,40.154745736153146],[19.631914688097268,40.1548182270505]]]},"properties":{"OBJECTID":72073,"TEXTSTRING":"11_8186089","NR_UNIK":"11_8186089","id_leja":"183372","nr":"108746","data":"2017-07-24 00:00:00.000","id_objekti":"183509","pergjegjes":"DENIS METAJ","drejtori":"EGON VELAJ","nr_serial":"0169409","anulluar_s":"","blloku":"203","dosja":"VL-","emertim":"GODINE BANIMI 2 KATE + 1 KAT NENTOKE","adresa":"DHERMI, BASHKIA HIMARE","pronari":"11_8186089 BEJKUSH TEKI SHEHAJ","pronari2":"","zona":"0","vendbanimi":"0","bllok_bani":"0","ndertim_in":"0","te_tjera":"0","emertim_zo":"NULL","nr_vendimi":"NULL","date_vendi":"NULL","zona_kadas":"1481","nr_pasuris":"65/120/1-ND1","sip_parcel":"-","sip_nderti":"81 ( Tetëdhjetë e një )","sip_banim":"286","sip_aktivi":"-","kate_mbi_t":"2 ( Dy )","kate_nen_t":"1 ( Një )","kondicione":"-","kufi_veri":"NR. PASURIE 65/120/1","kufi_jug":"NR. PASURIE 65/120/1","kufi_lindj":"NR. PASURIE 65/120/1","kufi_peren":"NR. PASURIE 65/120/1","dokumenti":"ÇERTIFIKATE PER VERTETIM PRONESIE: NR. PAS 65/120/1, VOL.1,FAQE 75, Z.K 1739, DATE 18.04.2017","drejtoria":"VLORE","Shenime":"OK","Shape_Leng":37.9000161071,"Shape_Area":80.9253401213,"DREJTORITE":"","sip2":80.9253401213}},
{"type":"Feature","geometry":{"type":"Polygon","coordinates":[[[19.632767615456093,40.15763347960963],[19.632699445699874,40.15757180709759],[19.632655703916488,40.15747123969661],[19.632645796191746,40.15740119208545],[19.632826135524514,40.15736773769226],[19.632962790946852,40.157591649663615],[19.632767615456093,40.15763347960963]]]},"properties":{"OBJECTID":72074,"TEXTSTRING":"11_8143359","NR_UNIK":"11_8143359","id_leja":"182753","nr":"108610","data":"2017-07-07 00:00:00.000","id_objekti":"182890","pergjegjes":"DENIS METAJ","drejtori":"EGON VELAJ","nr_serial":"0172367","anulluar_s":"","blloku":"197","dosja":"VL-","emertim":"GODINE BANIMI 1 KAT","adresa":"DHERMI , BASHKIA HIMARE","pronari":"11_8143359 ARBEN ASLLAN ISMAILATI","pronari2":"","zona":"0","vendbanimi":"0","bllok_bani":"0","ndertim_in":"0","te_tjera":"0","emertim_zo":"NULL","nr_vendimi":"NULL","date_vendi":"NULL","zona_kadas":"1481","nr_pasuris":"200/195","sip_parcel":"500 ( Pesëqind )","sip_nderti":"132 ( Njëqind e tridhjetë e dy )","sip_banim":"132","sip_aktivi":"-","kate_mbi_t":"1 ( Një )","kate_nen_t":"-","kondicione":"-","kufi_veri":"NR. PASURIE 200/196","kufi_jug":"NR. PASURIE 200/196","kufi_lindj":"NR. PASURIE 200/198","kufi_peren":"NR. PASURIE 200/197","dokumenti":"Do të miratohet me Vendim të Këshillit të Ministrave","drejtoria":"VLORE","Shenime":"OK","Shape_Leng":89.0799503653,"Shape_Area":500.084019305,"DREJTORITE":"","sip2":500.084019305}},
{"type":"Feature","geometry":{"type":"Polygon","coordinates":[[[19.625155469442554,40.15668086565391],[19.625200090050324,40.15661365058828],[19.625332530419307,40.15668161595192],[19.625339390185772,40.15669085156826],[19.62534652972536,40.15668772909737],[19.625390552012128,40.15671980173278],[19.625565253466405,40.15684274854188],[19.62545182229942,40.15691170266339],[19.625426439144732,40.15692971411617],[19.62534121401074,40.156828573064786],[19.625256694051938,40.15671477801077],[19.625155469442554,40.15668086565391]]]},"properties":{"OBJECTID":72075,"TEXTSTRING":"11_8302548","NR_UNIK":"11_8302548","id_leja":"182471","nr":"108534","data":"2017-07-04 00:00:00.000","id_objekti":"182608","pergjegjes":"DENIS METAJ","drejtori":"EGON VELAJ","nr_serial":"0172313","anulluar_s":"","blloku":"194","dosja":"VL-","emertim":"GODINE BANIMI 2 KATE","adresa":"DHERMI, BASHKIA HIMARE","pronari":"11_8302548 THODHORI THOMA RUCI","pronari2":"","zona":"0","vendbanimi":"0","bllok_bani":"0","ndertim_in":"0","te_tjera":"0","emertim_zo":"NULL","nr_vendimi":"NULL","date_vendi":"NULL","zona_kadas":"1481","nr_pasuris":"200/190","sip_parcel":"396 ( Treqind e nëntëdhjetë e gjashtë )","sip_nderti":"132 ( Njëqind e tridhjetë e dy )","sip_banim":"281","sip_aktivi":"-","kate_mbi_t":"2 ( Dy )","kate_nen_t":"-","kondicione":"","kufi_veri":"NR. PASURIE 200/194; 200/193","kufi_jug":"NR. PASURIE 200/192; 200/191","kufi_lindj":"NR. PASURIE 200/194; 200/191","kufi_peren":"NR. PASURIE 200/193; 200/192","dokumenti":"Do të miratohet me Vendim të Këshillit të Ministrave","drejtoria":"VLORE","Shenime":"OK","Shape_Leng":101.778663272,"Shape_Area":396.250034027,"DREJTORITE":"","sip2":396.250034027}},
{"type":"Feature","geometry":{"type":"Polygon","coordinates":[[[19.635418392186654,40.147864603561494],[19.635095635181965,40.14785396287161],[19.635101553889562,40.14774866629872],[19.635424283746623,40.14775934809192],[19.635418392186654,40.147864603561494]]]},"properties":{"OBJECTID":72076,"TEXTSTRING":"11_8143014","NR_UNIK":"11_8143014","id_leja":"182439","nr":"108526","data":"2017-07-03 00:00:00.000","id_objekti":"182576","pergjegjes":"DENIS METAJ","drejtori":"EGON VELAJ","nr_serial":"0172304","anulluar_s":"","blloku":"194","dosja":"VL-","emertim":"OBJEKT SHERBIMI 1 KAT","adresa":"DHERMI , BASHKIA HIMARE","pronari":"11_8143014 QANI IDRIZ JONUZAJ","pronari2":"","zona":"0","vendbanimi":"0","bllok_bani":"0","ndertim_in":"0","te_tjera":"0","emertim_zo":"NULL","nr_vendimi":"NULL","date_vendi":"NULL","zona_kadas":"1481","nr_pasuris":"74/101","sip_parcel":"321 ( Treqind e njëzetë e një )","sip_nderti":"107 ( Njëqind e shtatë )","sip_banim":"-","sip_aktivi":"107","kate_mbi_t":"1 ( Një )","kate_nen_t":"-","kondicione":"","kufi_veri":"NR. PASURIE 74/100","kufi_jug":"NR. PASURIE 74/100","kufi_lindj":"NR. PASURIE 74/100","kufi_peren":"NR. PASURIE 74/100","dokumenti":"Do të miratohet me Vendim të Këshillit të Ministrave","drejtoria":"VLORE","Shenime":"OK","Shape_Leng":78.4350017449,"Shape_Area":321.917962595,"DREJTORITE":"","sip2":321.917962595}},
{"type":"Feature","geometry":{"type":"Polygon","coordinates":[[[19.622532446135157,40.1574918381812],[19.622503529077175,40.157569740066236],[19.6224644381538,40.15761062135899],[19.622379548873365,40.15768474003611],[19.622225421073715,40.157571382056624],[19.622190075374196,40.15754274756343],[19.622383298646408,40.15740871839522],[19.62241291367683,40.157397599493635],[19.622435749386806,40.15741487502206],[19.622532446135157,40.1574918381812]]]},"properties":{"OBJECTID":72077,"TEXTSTRING":"11_8185338","NR_UNIK":"11_8185338","id_leja":"182060","nr":"108493","data":"2017-06-21 00:00:00.000","id_objekti":"182197","pergjegjes":"DENIS METAJ","drejtori":"EGON VELAJ","nr_serial":"0172268","anulluar_s":"","blloku":"192","dosja":"VL","emertim":"GODINE BANIMI 3 KATE + 1 KAT NENTOKE","adresa":"DHERMI, BASHKIA HIMARE","pronari":"11_8185338 KSENOFON KOSTE PANAJOTI","pronari2":"","zona":"0","vendbanimi":"0","bllok_bani":"0","ndertim_in":"0","te_tjera":"0","emertim_zo":"NULL","nr_vendimi":"NULL","date_vendi":"NULL","zona_kadas":"1481","nr_pasuris":"200/186","sip_parcel":"500 ( Pesëqind )","sip_nderti":"272 ( Dyqind e shtatëdhjetë e dy )","sip_banim":"658","sip_aktivi":"-","kate_mbi_t":"3 ( Tre )","kate_nen_t":"1 ( Një )","kondicione":"-","kufi_veri":"NR. PASURIE 200/181; 200/182","kufi_jug":"NR. PASURIE 200/183; 200/184","kufi_lindj":"NR. PASURIE 200/185; 200/182","kufi_peren":"NR. PASURIE 200/181; 200/183","dokumenti":"Do të miratohet me Vendim të Këshillit të Ministrave","drejtoria":"VLORE","Shenime":"OK","Shape_Leng":87.7322411357,"Shape_Area":500.352262474,"DREJTORITE":"","sip2":500.352262474}},
{"type":"Feature","geometry":{"type":"Polygon","coordinates":[[[19.624178871655527,40.15509655402571],[19.62413565056459,40.15506872653773],[19.623983813622832,40.154986850725166],[19.624110579259032,40.1548634188863],[19.624200420907357,40.15489321394909],[19.62430657469588,40.15496459877573],[19.624178871655527,40.15509655402571]]]},"properties":{"OBJECTID":72078,"TEXTSTRING":"11_8301581","NR_UNIK":"11_8301581","id_leja":"181387","nr":"108401","data":"2017-06-14 00:00:00.000","id_objekti":"181524","pergjegjes":"DENIS METAJ","drejtori":"EGON VELAJ","nr_serial":"0172169","anulluar_s":"","blloku":"188","dosja":"VL","emertim":"GODINE BANIMI DHE SHERBIMI 3 KATE","adresa":"DHERMI , BASHKIA HIMARE","pronari":"11_8301581 MARKO THOMA RUCI","pronari2":"","zona":"0","vendbanimi":"0","bllok_bani":"0","ndertim_in":"0","te_tjera":"0","emertim_zo":"NULL","nr_vendimi":"NULL","date_vendi":"NULL","zona_kadas":"1481","nr_pasuris":"200/175","sip_parcel":"375 ( Treqind e shtatëdhjetë e pesë )","sip_nderti":"125 ( Njëqind e njëzetë e pesë )","sip_banim":"334","sip_aktivi":"148","kate_mbi_t":"3 ( Tre )","kate_nen_t":"-","kondicione":"-","kufi_veri":"NR. PASURIE 200/180; 200/179","kufi_jug":"NR. PASURIE 200/176; 200/177","kufi_lindj":"NR. PASURIE 200/180; 200/176","kufi_peren":"NR. PASURIE 200/177; 200/178","dokumenti":"Do të miratohet me Vendim të Këshillit të Ministrave","drejtoria":"VLORE","Shenime":"OK","Shape_Leng":76.6657937925,"Shape_Area":375.078574694,"DREJTORITE":"","sip2":375.078574694}},
{"type":"Feature","geometry":{"type":"Polygon","coordinates":[[[19.607626464362266,40.157531934622185],[19.607581147116314,40.157489897248986],[19.60751365316256,40.15740190795081],[19.608008183824587,40.15714226674656],[19.60813626177459,40.15728977757664],[19.607649683757256,40.157556224945715],[19.607626464362266,40.157531934622185]]]},"properties":{"OBJECTID":72079,"TEXTSTRING":"11_8185768","NR_UNIK":"11_8185768","id_leja":"180439","nr":"108246","data":"2017-06-05 00:00:00.000","id_objekti":"180576","pergjegjes":"DENIS METAJ","drejtori":"EGON VELAJ","nr_serial":"0172018","anulluar_s":"","blloku":"182","dosja":"VL","emertim":"OBJEKT SHERBIMI 2 KATE","adresa":"DHERMI, BASHKIA HIMARE","pronari":"11_8185768 ALDO HASAN METANI","pronari2":"","zona":"0","vendbanimi":"0","bllok_bani":"0","ndertim_in":"0","te_tjera":"0","emertim_zo":"NULL","nr_vendimi":"NULL","date_vendi":"NULL","zona_kadas":"1481","nr_pasuris":"200/156","sip_parcel":"1035 ( Njëmijë e tridhjetë e pesë )","sip_nderti":"345 ( Treqind e dyzetë e pesë )","sip_banim":"-","sip_aktivi":"730","kate_mbi_t":"2 ( Dy )","kate_nen_t":"-","kondicione":"-","kufi_veri":"NR. PASURIE 200/157","kufi_jug":"NR. PASURIE 200/157","kufi_lindj":"NR. PASURIE 200/157","kufi_peren":"NR. PASURIE 200/157","dokumenti":"Do të miratohet me Vendim të Këshillit të Ministrave","drejtoria":"VLORE","Shenime":"OK","Shape_Leng":142.370229368,"Shape_Area":1035.24557294,"DREJTORITE":"","sip2":1035.24557294}},
{"type":"Feature","geometry":{"type":"Polygon","coordinates":[[[19.640847662204585,40.1413480639114],[19.640929524052492,40.141302938550446],[19.64094348082454,40.14130744839084],[19.641054633673274,40.1414280098709],[19.640932693247148,40.14148979487127],[19.64092460164872,40.14148043037684],[19.640850721626318,40.141394933886936],[19.64087695932372,40.141380018225824],[19.640847662204585,40.1413480639114]]]},"properties":{"OBJECTID":72080,"TEXTSTRING":"11_3022734","NR_UNIK":"11_3022734","id_leja":"180244","nr":"108223","data":"2017-05-31 00:00:00.000","id_objekti":"180381","pergjegjes":"DENIS METAJ","drejtori":"EGON VELAJ","nr_serial":"0171994","anulluar_s":"","blloku":"181","dosja":"VL","emertim":"GODINE BANIMI 2 KATE","adresa":"DHERMI , BASHKIA HIMARE","pronari":"11_3022734 ELTON ZEF NIZANI","pronari2":"","zona":"0","vendbanimi":"0","bllok_bani":"0","ndertim_in":"0","te_tjera":"0","emertim_zo":"NULL","nr_vendimi":"NULL","date_vendi":"NULL","zona_kadas":"1481","nr_pasuris":"200/164","sip_parcel":"198 ( Njëqind e nëntëdhjetë e tetë )","sip_nderti":"66 ( Gjashtëdhjetë e gjashtë )","sip_banim":"132","sip_aktivi":"-","kate_mbi_t":"2 ( Dy )","kate_nen_t":"-","kondicione":"-","kufi_veri":"NR. PASURIE 200/163","kufi_jug":"NR. PASURIE 200/163","kufi_lindj":"NR. PASURIE 200/163","kufi_peren":"NR. PASURIE 200/162","dokumenti":"Do të miratohet me Vendim të Këshillit të Ministrave","drejtoria":"VLORE","Shenime":"OK","Shape_Leng":58.4765423902,"Shape_Area":198.039736281,"DREJTORITE":"","sip2":198.039736281}},
{"type":"Feature","geometry":{"type":"Polygon","coordinates":[[[19.640847662204585,40.1413480639114],[19.64087695932372,40.141380018225824],[19.640850721626318,40.141394933886936],[19.64092460164872,40.14148043037684],[19.64078199696903,40.14157550019919],[19.640634077386107,40.14141776928999],[19.640823816666366,40.14132205565992],[19.640847662204585,40.1413480639114]]]},"properties":{"OBJECTID":72081,"TEXTSTRING":"11_3022735","NR_UNIK":"11_3022735","id_leja":"179734","nr":"108165","data":"2017-05-26 00:00:00.000","id_objekti":"179871","pergjegjes":"DENIS METAJ","drejtori":"EGON VELAJ","nr_serial":"0171932","anulluar_s":"","blloku":"179","dosja":"VL","emertim":"OBJEKT SHERBIMI 2 KATE","adresa":"DHERMI , BASHKIA HIMARE","pronari":"11_3022735 ARTON RAMAZAN VEZI","pronari2":"","zona":"0","vendbanimi":"0","bllok_bani":"0","ndertim_in":"0","te_tjera":"0","emertim_zo":"NULL","nr_vendimi":"NULL","date_vendi":"NULL","zona_kadas":"1481","nr_pasuris":"200/162","sip_parcel":"357 ( Treqind e pesëdhjetë e shtatë )","sip_nderti":"152 ( Njëqind e pesëdhjetë e dy )","sip_banim":"-","sip_aktivi":"508","kate_mbi_t":"2 ( Dy )","kate_nen_t":"-","kondicione":"-","kufi_veri":"NR. PASURIE 200/165; 200/163","kufi_jug":"NR. PASURIE 200/163","kufi_lindj":"NR. PASURIE 200/164; 200/163","kufi_peren":"NR. PASURIE 200/165; 200/163","dokumenti":"Do të miratohet me Vendim të Këshillit të Ministrave","drejtoria":"VLORE","Shenime":"OK","Shape_Leng":79.0496232102,"Shape_Area":356.948289692,"DREJTORITE":"","sip2":356.948289692}},
{"type":"Feature","geometry":{"type":"Polygon","coordinates":[[[19.62388431602102,40.153777674966115],[19.624165107208377,40.153838710219766],[19.62410222585278,40.154009857831674],[19.62382017891564,40.15395655714167],[19.62388431602102,40.153777674966115]]]},"properties":{"OBJECTID":72082,"TEXTSTRING":"11_8289604","NR_UNIK":"11_8289604","id_leja":"177088","nr":"107906","data":"2017-05-08 00:00:00.000","id_objekti":"177225","pergjegjes":"DENIS METAJ","drejtori":"EGON VELAJ","nr_serial":"0171655","anulluar_s":"","blloku":"169","dosja":"VL","emertim":"GODINE BANIMI 3 KATE","adresa":"DHERMI, BASHKIA HIMARE","pronari":"11_8289604 FLORENC MILO GJIKURIA","pronari2":"IONIAN COAST PROPERTY DEVELOPMENT","zona":"0","vendbanimi":"0","bllok_bani":"0","ndertim_in":"0","te_tjera":"0","emertim_zo":"NULL","nr_vendimi":"NULL","date_vendi":"NULL","zona_kadas":"1481","nr_pasuris":"200/146","sip_parcel":"500 ( Pesëqind )","sip_nderti":"215 ( Dyqind e pesëmbëdhjetë )","sip_banim":"700","sip_aktivi":"-","kate_mbi_t":"3 ( Tre )","kate_nen_t":"-","kondicione":"-","kufi_veri":"NR. PASURIE 200/137","kufi_jug":"NR. PASURIE 200/137","kufi_lindj":"NR. PASURIE 200/137","kufi_peren":"NR. PASURIE 200/137","dokumenti":"AKTI I MARRJES SE TOKES NE PRONESI: NR. REGJISTRIT TE AKTIT 9802","drejtoria":"VLORE","Shenime":"OK","Shape_Leng":89.9387858562,"Shape_Area":500.076353153,"DREJTORITE":"","sip2":500.076353153}},
{"type":"Feature","geometry":{"type":"Polygon","coordinates":[[[19.62414210878918,40.154282494611635],[19.623864886970267,40.154216887254485],[19.62392517013037,40.15404414671765],[19.62419839968534,40.15409577748654],[19.62414210878918,40.154282494611635]]]},"properties":{"OBJECTID":72083,"TEXTSTRING":"11_8302452","NR_UNIK":"11_8302452","id_leja":"177113","nr":"107912","data":"2017-05-08 00:00:00.000","id_objekti":"177250","pergjegjes":"DENIS METAJ","drejtori":"EGON VELAJ","nr_serial":"0171661","anulluar_s":"","blloku":"169","dosja":"VL","emertim":"GODINE BANIMI DHE SHERBIMI 3 KATE + 1 KAT NENTOKE","adresa":"DHERMI, BASHKIA HIMARE","pronari":"11_8302452 FLORENC MILO GJIKURIA","pronari2":"IONIAN COAST PROPERTY DEVELOPMENT","zona":"0","vendbanimi":"0","bllok_bani":"0","ndertim_in":"0","te_tjera":"0","emertim_zo":"NULL","nr_vendimi":"NULL","date_vendi":"NULL","zona_kadas":"1481","nr_pasuris":"200/147","sip_parcel":"500 ( Pesëqind )","sip_nderti":"183 ( Njëqind e tetëdhjetë e tre )","sip_banim":"702","sip_aktivi":"183","kate_mbi_t":"3 ( Tre )","kate_nen_t":"1 ( Një )","kondicione":"-","kufi_veri":"NR. PASURIE 200/148","kufi_jug":"NR. PASURIE 200/148","kufi_lindj":"NR. PASURIE 200/148","kufi_peren":"NR. PASURIE 200/148","dokumenti":"AKTI I MARRJES SE TOKES NE PRONESI: NR. REGJISTRIT TE AKTIT 9789","drejtoria":"VLORE","Shenime":"OK","Shape_Leng":89.808576187,"Shape_Area":500.069728069,"DREJTORITE":"","sip2":500.069728069}},
{"type":"Feature","geometry":{"type":"Polygon","coordinates":[[[19.63864988086502,40.14309288125815],[19.638579779408822,40.14301950993937],[19.638651434515314,40.14297918699649],[19.638721536009598,40.14305255827295],[19.63864988086502,40.14309288125815]]]},"properties":{"OBJECTID":72084,"TEXTSTRING":"11_8184936","NR_UNIK":"11_8184936","id_leja":"176112","nr":"107804","data":"2017-04-28 00:00:00.000","id_objekti":"176249","pergjegjes":"DENIS METAJ","drejtori":"EGON VELAJ","nr_serial":"0171549","anulluar_s":"","blloku":"164","dosja":"VL","emertim":"OBJEKT SHERBIMI 1 KAT","adresa":"DHERMI, BASHKIA HIMARE","pronari":"11_8184936 DONALD THODHORI SHIA","pronari2":"","zona":"0","vendbanimi":"0","bllok_bani":"0","ndertim_in":"0","te_tjera":"0","emertim_zo":"NULL","nr_vendimi":"NULL","date_vendi":"NULL","zona_kadas":"1481","nr_pasuris":"200/149","sip_parcel":"76 ( Shtatëdhjetë e gjashtë )","sip_nderti":"30 ( Tridhjetë )","sip_banim":"-","sip_aktivi":"30","kate_mbi_t":"1 ( Një )","kate_nen_t":"-","kondicione":"","kufi_veri":"NR. PASURIE 200/150","kufi_jug":"NR. PASURIE 200/152; 200/151","kufi_lindj":"NR. PASURIE 200/152; 200/150","kufi_peren":"NR. PASURIE 200/151","dokumenti":"Do të miratohet me Vendim të Këshillit të Ministrave","drejtoria":"VLORE","Shenime":"OK","Shape_Leng":35.3400000271,"Shape_Area":76.4569425561,"DREJTORITE":"","sip2":76.4569425561}},
{"type":"Feature","geometry":{"type":"Polygon","coordinates":[[[19.622988123741354,40.15530911790219],[19.623026549671312,40.155237313714245],[19.623052203476085,40.1552295592783],[19.623118548489177,40.15514183556787],[19.623194859763768,40.15516871280029],[19.62313147252245,40.155257594267205],[19.623087760108962,40.155389415616234],[19.62305761018258,40.15538352903425],[19.622963433958937,40.15536469787687],[19.622965169690087,40.15535200936105],[19.622988123741354,40.15530911790219]]]},"properties":{"OBJECTID":72085,"TEXTSTRING":"11_8187641","NR_UNIK":"11_8187641","id_leja":"176210","nr":"107810","data":"2017-04-28 00:00:00.000","id_objekti":"176347","pergjegjes":"DENIS METAJ","drejtori":"EGON VELAJ","nr_serial":"0171556","anulluar_s":"","blloku":"165","dosja":"VL","emertim":"OBJEKT SHERBIMI 3 KATE","adresa":"DHERMI, BASHKIA HIMARE","pronari":"11_8187641 KIÇO QIRIC JANILA","pronari2":"","zona":"0","vendbanimi":"0","bllok_bani":"0","ndertim_in":"0","te_tjera":"0","emertim_zo":"NULL","nr_vendimi":"NULL","date_vendi":"NULL","zona_kadas":"1481","nr_pasuris":"200/153","sip_parcel":"243 ( Dyqind e dyzetë e tre )","sip_nderti":"101 ( Njëqind e një )","sip_banim":"-","sip_aktivi":"245","kate_mbi_t":"3 ( Tre )","kate_nen_t":"-","kondicione":"","kufi_veri":"NR. PASURIE 200/154; 200/155","kufi_jug":"NR. PASURIE 200/154","kufi_lindj":"NR. PASURIE 200/154","kufi_peren":"NR. PASURIE 200/154","dokumenti":"Do të miratohet me Vendim të Këshillit të Ministrave","drejtoria":"VLORE","Shenime":"OK","Shape_Leng":73.2284414511,"Shape_Area":242.745864663,"DREJTORITE":"","sip2":242.745864663}},
{"type":"Feature","geometry":{"type":"Polygon","coordinates":[[[19.62619774734599,40.153603144904],[19.626171911095156,40.15358755164125],[19.62616429051409,40.153594986530045],[19.626136608745067,40.153578279453775],[19.626144229309027,40.1535708454675],[19.626128081226074,40.15356109966645],[19.626120460661504,40.15356853365167],[19.62605725457266,40.15353038580129],[19.626167207232932,40.15342311899013],[19.62619488894772,40.1534398260586],[19.626202509507685,40.15343239116725],[19.626220963599824,40.15344352920345],[19.626213343040558,40.153450964096024],[19.62630008054555,40.15350331197049],[19.62619774734599,40.153603144904]]]},"properties":{"OBJECTID":72086,"TEXTSTRING":"11_8301485","NR_UNIK":"11_8301485","id_leja":"176224","nr":"107811","data":"2017-04-28 00:00:00.000","id_objekti":"176361","pergjegjes":"DENIS METAJ","drejtori":"EGON VELAJ","nr_serial":"0171557","anulluar_s":"","blloku":"165","dosja":"VL","emertim":"SHTESE VERTIKALE BANIMI 1 KAT NE OBJEKTIN ME LEJE 3 KATE","adresa":"DHERMI, BASHKIA HIMARE","pronari":"11_8301485 ADRIATIK THIMI KONDAKÇIU; ERGEST KIROF SPAHI","pronari2":"ALFONS KIROF SPAHI","zona":"0","vendbanimi":"0","bllok_bani":"0","ndertim_in":"0","te_tjera":"0","emertim_zo":"NULL","nr_vendimi":"NULL","date_vendi":"NULL","zona_kadas":"1481","nr_pasuris":"200/138-ND","sip_parcel":"-","sip_nderti":"215 ( Dyqind e pesëmbëdhjetë )","sip_banim":"258","sip_aktivi":"-","kate_mbi_t":"1 ( Një )","kate_nen_t":"-","kondicione":"","kufi_veri":"NR. PASURIE 200/139","kufi_jug":"NR. PASURIE 200/139","kufi_lindj":"NR. PASURIE 200/139","kufi_peren":"NR. PASURIE 200/139","dokumenti":"VERTETIM NGA DOKUMENTET HIPOTEKORE: NR. 764, DATE 17.08.2011","drejtoria":"VLORE","Shenime":"OK","Shape_Leng":63.3001079158,"Shape_Area":215.48237932,"DREJTORITE":"","sip2":215.48237932}},
{"type":"Feature","geometry":{"type":"Polygon","coordinates":[[[19.626374309649258,40.15343620717278],[19.626560040585066,40.15337299905599],[19.626622015865237,40.15348267527354],[19.626634226046086,40.15351282049499],[19.626630777489748,40.15353917361099],[19.626664502420436,40.15360057804062],[19.626513566477616,40.153649386322506],[19.62645326061794,40.15367163601231],[19.626419177360972,40.15361724267437],[19.626419963995822,40.15357820467163],[19.62641505864712,40.15352856206742],[19.62640771995084,40.153511929745015],[19.626374309649258,40.15343620717278]]]},"properties":{"OBJECTID":72087,"TEXTSTRING":"11_8186129","NR_UNIK":"11_8186129","id_leja":"165046","nr":"106833","data":"2017-02-21 00:00:00.000","id_objekti":"165155","pergjegjes":"DENIS METAJ","drejtori":"EGON VELAJ","nr_serial":"0110901","anulluar_s":"","blloku":"135","dosja":"VL","emertim":"GODINE BANIMI DHE SHERBIMI 1 KAT + 1 KAT NENTOKE","adresa":"DHERMI, BASHKIA HIMARE","pronari":"11_8186129 NEÇO THOMA KOCANI","pronari2":"","zona":"0","vendbanimi":"0","bllok_bani":"0","ndertim_in":"0","te_tjera":"0","emertim_zo":"NULL","nr_vendimi":"NULL","date_vendi":"NULL","zona_kadas":"1481","nr_pasuris":"200/122","sip_parcel":"500 ( Pesëqind )","sip_nderti":"95 ( Nëntëdhjetë e pesë )","sip_banim":"38","sip_aktivi":"95","kate_mbi_t":"1 ( Një )","kate_nen_t":"1 ( Një )","kondicione":"-","kufi_veri":"NR. PASURIE 200/120; 200/119","kufi_jug":"NR. PASURIE 200/199","kufi_lindj":"NR. PASURIE 200/120; 200/121; 200/119","kufi_peren":"NR. PASURIE 200/119","dokumenti":"Do të miratohet me Vendim të Këshillit të Ministrave","drejtoria":"VLORE","Shenime":"OK","Shape_Leng":91.4569932738,"Shape_Area":500.097855465,"DREJTORITE":"","sip2":500.097855465}},
{"type":"Feature","geometry":{"type":"Polygon","coordinates":[[[19.600855525578567,40.159745559504884],[19.60074319205393,40.159581060593],[19.600727938497432,40.15952957302592],[19.60083963802663,40.159522254516425],[19.600966065948928,40.159652071075726],[19.600947496126835,40.15966305127454],[19.600921833892894,40.15967753408041],[19.600932703956516,40.15969895574327],[19.600917325794793,40.159706722224826],[19.600923024962214,40.15972029573584],[19.600855525578567,40.159745559504884]]]},"properties":{"OBJECTID":72089,"TEXTSTRING":"11_8249332","NR_UNIK":"11_8249332","id_leja":"182431","nr":"108524","data":"2017-07-03 00:00:00.000","id_objekti":"182568","pergjegjes":"DENIS METAJ","drejtori":"EGON VELAJ","nr_serial":"0172301","anulluar_s":"","blloku":"194","dosja":"VL-","emertim":"OBJEKT SHERBIMI 1 KAT","adresa":"DHERMI, BASHKIA VLORE","pronari":"11_8249332 KATINA KLEARKO DUNI","pronari2":"","zona":"0","vendbanimi":"0","bllok_bani":"0","ndertim_in":"0","te_tjera":"0","emertim_zo":"NULL","nr_vendimi":"NULL","date_vendi":"NULL","zona_kadas":"1739","nr_pasuris":"300/142","sip_parcel":"266 ( Dyqind e gjashtëdhjetë e gjashtë )","sip_nderti":"266 ( Dyqind e gjashtëdhjetë e gjashtë )","sip_banim":"-","sip_aktivi":"289","kate_mbi_t":"1 ( Një )","kate_nen_t":"-","kondicione":"","kufi_veri":"NR. PASURIE 300/141","kufi_jug":"NR. PASURIE 300/141","kufi_lindj":"NR. PASURIE 300/141","kufi_peren":"NR. PASURIE 300/141","dokumenti":"Do të miratohet me Vendim të Këshillit të Ministrave","drejtoria":"VLORE","Shenime":"OK","Shape_Leng":70.827067914,"Shape_Area":266.16727526,"DREJTORITE":"","sip2":266.16727526}},
{"type":"Feature","geometry":{"type":"Polygon","coordinates":[[[19.63416163448346,40.145895366445274],[19.634009936031987,40.14593208541661],[19.63395994080173,40.14594373806329],[19.63391050910457,40.14582864687485],[19.634103856314287,40.14576084416358],[19.63416163448346,40.145895366445274]]]},"properties":{"OBJECTID":72090,"TEXTSTRING":"11_8142823","NR_UNIK":"11_8142823","id_leja":"168448","nr":"107153","data":"2017-03-16 00:00:00.000","id_objekti":"168558","pergjegjes":"DENIS METAJ","drejtori":"EGON VELAJ","nr_serial":"0110450","anulluar_s":"","blloku":"142","dosja":"VL","emertim":"GODINE BANIMI DHE SHERBIMI 2 KATE","adresa":"GJILEKE, BASHKIA HIMARE","pronari":"11_8142823 BASHKIM HASAN ABAZAJ","pronari2":"","zona":"0","vendbanimi":"0","bllok_bani":"0","ndertim_in":"0","te_tjera":"0","emertim_zo":"NULL","nr_vendimi":"NULL","date_vendi":"NULL","zona_kadas":"1739","nr_pasuris":"77/31","sip_parcel":"263 ( Dyqind e gjashtëdhjetë e tre )","sip_nderti":"100 ( Njëqind )","sip_banim":"61","sip_aktivi":"172","kate_mbi_t":"2 ( Dy )","kate_nen_t":"-","kondicione":"-","kufi_veri":"NR. PASURIE 77/32","kufi_jug":"NR. PASURIE 77/32","kufi_lindj":"NR. PASURIE 77/32","kufi_peren":"NR. PASURIE 77/32","dokumenti":"Do të miratohet me Vendim të Këshillit të Ministrave","drejtoria":"VLORE","Shenime":"OK","Shape_Leng":65.288704051,"Shape_Area":262.909742722,"DREJTORITE":"","sip2":262.909742722}},
{"type":"Feature","geometry":{"type":"Polygon","coordinates":[[[19.634804923548163,40.14666212477215],[19.634806478506363,40.14667340993466],[19.634826017511124,40.146764262338394],[19.63474646244079,40.14675808543748],[19.634572141378587,40.14667132940497],[19.63452875509759,40.14660847809383],[19.634550815554004,40.146613032025165],[19.634569960636757,40.14661449927408],[19.634608426281126,40.146628017063605],[19.63462397160607,40.146590399853274],[19.63479495841859,40.14658979542767],[19.634804923548163,40.14666212477215]]]},"properties":{"OBJECTID":72091,"TEXTSTRING":"11_8186447","NR_UNIK":"11_8186447","id_leja":"163366","nr":"106690","data":"2017-02-09 00:00:00.000","id_objekti":"163475","pergjegjes":"DENIS METAJ","drejtori":"EGON VELAJ","nr_serial":"0110216","anulluar_s":"","blloku":"131","dosja":"VL","emertim":"OBJEKT SHERBIMI 1 KAT","adresa":"GJILEK, BASHKIA HIMARE","pronari":"11_8186447 SOFO AVDUL KUTELI","pronari2":"","zona":"0","vendbanimi":"0","bllok_bani":"0","ndertim_in":"0","te_tjera":"0","emertim_zo":"NULL","nr_vendimi":"NULL","date_vendi":"NULL","zona_kadas":"1739","nr_pasuris":"74/73/1","sip_parcel":"303 ( Treqind e tre )","sip_nderti":"101 ( Njëqind e një )","sip_banim":"-","sip_aktivi":"101","kate_mbi_t":"1 ( Një )","kate_nen_t":"-","kondicione":"-","kufi_veri":"NR. PASURIE 74/74","kufi_jug":"NR. PASURIE 74/76","kufi_lindj":"NR. PASURIE 74/73/2; 74/76","kufi_peren":"NR. PASURIE 74/74","dokumenti":"Do të miratohet me Vendim të Këshillit të Ministrave","drejtoria":"VLORE","Shenime":"OK","Shape_Leng":78.1009038005,"Shape_Area":303.527233713,"DREJTORITE":"","sip2":303.527233713}},
{"type":"Feature","geometry":{"type":"Polygon","coordinates":[[[19.634826017511124,40.146764262338394],[19.634806478506363,40.14667340993466],[19.634804923548163,40.14666212477215],[19.634949045951494,40.14662507670337],[19.63488028769494,40.146533484529776],[19.634953939665767,40.14654916755147],[19.63523424673885,40.146612067538314],[19.63523084984389,40.14667755185563],[19.635149588481475,40.14668653461448],[19.635089691859026,40.14670016834997],[19.635026348092534,40.146720328174204],[19.634826017511124,40.146764262338394]]]},"properties":{"OBJECTID":72092,"TEXTSTRING":"11_8187729","NR_UNIK":"11_8187729","id_leja":"163374","nr":"106691","data":"2017-02-09 00:00:00.000","id_objekti":"163483","pergjegjes":"DENIS METAJ","drejtori":"EGON VELAJ","nr_serial":"0110217","anulluar_s":"","blloku":"131","dosja":"VL","emertim":"OBJEKT SHERBIMI 4 KATE","adresa":"GJILEK, BASHKIA HIMARE","pronari":"11_8187729 KLOTILDA SOFO KUTELI","pronari2":"","zona":"0","vendbanimi":"0","bllok_bani":"0","ndertim_in":"0","te_tjera":"0","emertim_zo":"NULL","nr_vendimi":"NULL","date_vendi":"NULL","zona_kadas":"1739","nr_pasuris":"74/73/2","sip_parcel":"495 ( Katërqind e nëntëdhjetë e pesë )","sip_nderti":"165 ( Njëqind e gjashtëdhjetë e pesë )","sip_banim":"-","sip_aktivi":"522","kate_mbi_t":"4 ( Katër )","kate_nen_t":"-","kondicione":"-","kufi_veri":"NR. PASURIE 74/75","kufi_jug":"NR. PASURIE 74/77","kufi_lindj":"NR. PASURIE 74/75; 74/77","kufi_peren":"NR. PASURIE 74/76; 74/73/1","dokumenti":"Do të miratohet me Vendim të Këshillit të Ministrave","drejtoria":"VLORE","Shenime":"OK","Shape_Leng":110.739228268,"Shape_Area":495.306161192,"DREJTORITE":"","sip2":495.306161192}},
{"type":"Feature","geometry":{"type":"Polygon","coordinates":[[[19.630910947347395,40.15668518671427],[19.631056903662916,40.156666789908314],[19.631121742780824,40.156652380722626],[19.631136356320127,40.15664687776674],[19.63121026620588,40.15680117516235],[19.631017801183265,40.15678469836074],[19.630966920206088,40.15677700921081],[19.630942916534522,40.15676336122737],[19.63091985406794,40.156741026964966],[19.6309134369873,40.15671368948048],[19.630910947347395,40.15668518671427]]]},"properties":{"OBJECTID":72223,"TEXTSTRING":"11_8289041","NR_UNIK":"11_8289041","id_leja":"156117","nr":"106205","data":"2016-12-16 00:00:00.000","id_objekti":"156226","pergjegjes":"DENIS METAJ","drejtori":"EGON VELAJ","nr_serial":"0108831","anulluar_s":"","blloku":"117","dosja":"VL-VL","emertim":"GODINE BANIMI DHE SHERBIMI 3 KATE","adresa":"DHERMI , BASHKIA HIMARE","pronari":"11_8289041 LEFTER JORGJI MARTINO","pronari2":"","zona":"0","vendbanimi":"0","bllok_bani":"0","ndertim_in":"0","te_tjera":"0","emertim_zo":"NULL","nr_vendimi":"NULL","date_vendi":"NULL","zona_kadas":"1739","nr_pasuris":"200/126","sip_parcel":"285 ( Dyqind e tetëdhjetë e pesë )","sip_nderti":"95 ( Nëntëdhjetë e pesë )","sip_banim":"250","sip_aktivi":"95","kate_mbi_t":"3 ( Tre )","kate_nen_t":"-","kondicione":"-","kufi_veri":"NR. PASURIE 200/127; 200/128","kufi_jug":"NR. PASURIE 200/127","kufi_lindj":"NR. PASURIE 200/127","kufi_peren":"NR. PASURIE 200/127","dokumenti":"Do të miratohet me Vendim të Këshillit të Ministrave","drejtoria":"VLORE","Shenime":"OK","Shape_Leng":70.8602634095,"Shape_Area":285.083379556,"DREJTORITE":"","sip2":285.083379556}},
{"type":"Feature","geometry":{"type":"Polygon","coordinates":[[[19.62054896645106,40.15728533886344],[19.62054298056023,40.157287662160954],[19.62053507734569,40.157289459903744],[19.620515911051086,40.15729088109377],[19.62050527696667,40.15728860750907],[19.62033854057024,40.15720679805175],[19.62033536868947,40.15720212416231],[19.62034215318175,40.157169397430245],[19.620361832431534,40.15715359663062],[19.62039671416718,40.157131899445105],[19.620500369059883,40.15709676033333],[19.620550218926702,40.15707000896498],[19.620566163069544,40.15705571949843],[19.620578893439546,40.15703923135178],[19.620729194092913,40.15717093261755],[19.62054896645106,40.15728533886344]]]},"properties":{"OBJECTID":72224,"TEXTSTRING":"11_8186261","NR_UNIK":"11_8186261","id_leja":"159295","nr":"106410","data":"2017-01-13 00:00:00.000","id_objekti":"159404","pergjegjes":"DENIS METAJ","drejtori":"EGON VELAJ","nr_serial":"0110051","anulluar_s":"","blloku":"122","dosja":"VL-VL-001099","emertim":"OBJEKT SHERBIMI 5 KATE","adresa":"DHERMI, BASHKIA HIMARE","pronari":"11_8186261 JORGO SPIRO KOCANI","pronari2":"PANDELI SPIRO KOCANI; ARBEN SPIRO KOCANI","zona":"0","vendbanimi":"0","bllok_bani":"0","ndertim_in":"0","te_tjera":"0","emertim_zo":"NULL","nr_vendimi":"NULL","date_vendi":"NULL","zona_kadas":"1739","nr_pasuris":"63/45","sip_parcel":"500 ( Pesëqind )","sip_nderti":"188 ( Njëqind e tetëdhjetë e tetë )","sip_banim":"-","sip_aktivi":"844","kate_mbi_t":"5 ( Pesë )","kate_nen_t":"-","kondicione":"-","kufi_veri":"NR. PASURIE 63/20","kufi_jug":"NR. PASURIE 63/20; 63/44","kufi_lindj":"NR. PASURIE 63/20; 63/44","kufi_peren":"NR. PASURIE 63/20","dokumenti":"Do të miratohet me Vendim të Këshillit të Ministrave","drejtoria":"VLORE","Shenime":"OK","Shape_Leng":89.6338155664,"Shape_Area":500.006525514,"DREJTORITE":"","sip2":500.006525514}},
{"type":"Feature","geometry":{"type":"Polygon","coordinates":[[[19.639250156120834,40.1428394076839],[19.639367887408316,40.14274920342142],[19.63948747551424,40.14269706738089],[19.639612822527216,40.14286878066712],[19.639355526891457,40.14296514613016],[19.639250156120834,40.1428394076839]]]},"properties":{"OBJECTID":72225,"TEXTSTRING":"11_8187417","NR_UNIK":"11_8187417","id_leja":"159807","nr":"106449","data":"2017-01-18 00:00:00.000","id_objekti":"159916","pergjegjes":"DENIS METAJ","drejtori":"EGON VELAJ","nr_serial":"0110082","anulluar_s":"","blloku":"124","dosja":"VL","emertim":"GODINE BANIMI 1 KAT","adresa":"DHERMI, BASHKIA HIMARE","pronari":"11_8187417 AGRON RAMIZ GURABARDHI","pronari2":"HEKTOR ALI KOSOVA ; MARK KOL PRENDI","zona":"0","vendbanimi":"0","bllok_bani":"0","ndertim_in":"0","te_tjera":"0","emertim_zo":"NULL","nr_vendimi":"NULL","date_vendi":"NULL","zona_kadas":"1739","nr_pasuris":"200/134","sip_parcel":"500 ( Pesëqind )","sip_nderti":"175 ( Njëqind e shtatëdhjetë e pesë )","sip_banim":"175","sip_aktivi":"-","kate_mbi_t":"1 ( Një )","kate_nen_t":"-","kondicione":"-","kufi_veri":"NR. PASURIE 200/135","kufi_jug":"NR. PASURIE 200/135","kufi_lindj":"NR. PASURIE 200/135","kufi_peren":"NR. PASURIE 200/135","dokumenti":"Do të miratohet me Vendim të Këshillit të Ministrave","drejtoria":"VLORE","Shenime":"OK","Shape_Leng":88.7278139987,"Shape_Area":500.066572991,"DREJTORITE":"","sip2":500.066572991}},
{"type":"Feature","geometry":{"type":"Polygon","coordinates":[[[19.624001408284585,40.15481507037235],[19.623909629498442,40.15494457298243],[19.62388264068411,40.15497903368667],[19.62366292758414,40.15489524070416],[19.623777934567553,40.15471181195464],[19.6240137513472,40.154796651082854],[19.624002247807592,40.15481547585074],[19.624001408284585,40.15481507037235]]]},"properties":{"OBJECTID":72227,"TEXTSTRING":"11_8308618","NR_UNIK":"11_8308618","id_leja":"206865","nr":"211106","data":"2018-06-27 00:00:00.000","id_objekti":"207023","pergjegjes":"ADISELDO RRAPAJ","drejtori":"ARDIAN MUSTA","nr_serial":"0167918","anulluar_s":"","blloku":"266","dosja":"VL-VL","emertim":"GODINE BANIMI 2 KATE","adresa":"GJILEKE, BASHKIA HIMARE","pronari":"11_8308618 SOKOL BAJRAM PIRRA","pronari2":"","zona":"0","vendbanimi":"0","bllok_bani":"0","ndertim_in":"0","te_tjera":"0","emertim_zo":"NULL","nr_vendimi":"NULL","date_vendi":"NULL","zona_kadas":"1739","nr_pasuris":"200/455","sip_parcel":"494 ( Katërqind e nëntëdhjetë e katër )","sip_nderti":"138 ( Njëqind e tridhjetë e tetë )","sip_banim":"322","sip_aktivi":"-","kate_mbi_t":"2 ( Dy )","kate_nen_t":"-","kondicione":"-","kufi_veri":"NR. PASURIE 200/176","kufi_jug":"NR. PASURIE 200/176","kufi_lindj":"NR. PASURIE 200/177","kufi_peren":"NR. PASURIE 200/176","dokumenti":"Do të miratohet me Vendim të Këshillit të Ministrave","drejtoria":"VLORE","Shenime":"OK","Shape_Leng":88.9020584723,"Shape_Area":494.494400203,"DREJTORITE":"","sip2":494.494400203}},
{"type":"Feature","geometry":{"type":"Polygon","coordinates":[[[19.62594705946199,40.165063296868894],[19.625885143981208,40.165047049180416],[19.625797560353146,40.165033393192296],[19.625762300159096,40.164935452871156],[19.62583106791359,40.164917557275864],[19.626115176380132,40.16487763162505],[19.62617487852457,40.16501797856995],[19.62594705946199,40.165063296868894]]]},"properties":{"OBJECTID":72228,"TEXTSTRING":"11_8304797","NR_UNIK":"11_8304797","id_leja":"184985","nr":"109119","data":"2017-08-22 00:00:00.000","id_objekti":"185132","pergjegjes":"DENIS METAJ","drejtori":"EGON VELAJ","nr_serial":"0169804","anulluar_s":"","blloku":"218","dosja":"VL-VL","emertim":"GODINE BANIMI DHE SHERBIMI 4 KATE","adresa":"PALASE , BASHKIA HIMARE","pronari":"11_8304797 KIÇO VASIL KONOMAJ","pronari2":"","zona":"0","vendbanimi":"0","bllok_bani":"0","ndertim_in":"0","te_tjera":"0","emertim_zo":"NULL","nr_vendimi":"NULL","date_vendi":"NULL","zona_kadas":"2863","nr_pasuris":"200/250","sip_parcel":"500 ( Pesëqind )","sip_nderti":"200 ( Dyqind )","sip_banim":"356","sip_aktivi":"452","kate_mbi_t":"4 ( Katër )","kate_nen_t":"-","kondicione":"-","kufi_veri":"NR. PASURIE 200/453","kufi_jug":"NR. PASURIE 200/454","kufi_lindj":"NR. PASURIE 200/454","kufi_peren":"NR. PASURIE 200/454","dokumenti":"Do të miratohet me Vendim të Këshillit të Ministrave","drejtoria":"VLORE","Shenime":"OK","Shape_Leng":91.6823874612,"Shape_Area":500.268415022,"DREJTORITE":"","sip2":500.268415022}},
{"type":"Feature","geometry":{"type":"Polygon","coordinates":[[[19.623006962877724,40.16649238124243],[19.623016111718467,40.16645154370338],[19.623073972074273,40.166459172534296],[19.623071784256506,40.166468938503414],[19.623202548988395,40.166486179525286],[19.6231956874294,40.16651680814227],[19.623064922640914,40.166499567111764],[19.623006962877724,40.16649238124243]]]},"properties":{"OBJECTID":72229,"TEXTSTRING":"11_8143314","NR_UNIK":"11_8143314","id_leja":"137961","nr":"105290","data":"2016-08-29 00:00:00.000","id_objekti":"138067","pergjegjes":"ERJON SHABANI","drejtori":"GJERGJI ROBAJ","nr_serial":"0109560","anulluar_s":"","blloku":"97","dosja":"VL-VL","emertim":"GODINE BANIMI 2 KATE","adresa":"PALASE, BASHKIA HIMARE","pronari":"11_8143314 DHIMITER MILTO NIKA","pronari2":"","zona":"0","vendbanimi":"0","bllok_bani":"0","ndertim_in":"0","te_tjera":"0","emertim_zo":"NULL","nr_vendimi":"NULL","date_vendi":"NULL","zona_kadas":"2863","nr_pasuris":"200/112","sip_parcel":"61.8 ( Gjashtëdhjetë e një pikë tetë )","sip_nderti":"35 ( Tridhjetë e pesë )","sip_banim":"82","sip_aktivi":"-","kate_mbi_t":"2 ( Dy )","kate_nen_t":"-","kondicione":"-","kufi_veri":"NR. PASURIE 200/117","kufi_jug":"NR. PASURIE 200/113; 200/117","kufi_lindj":"NR. PASURIE 200/117","kufi_peren":"NR. PASURIE 200/113","dokumenti":"Do të miratohet me Vendim të Këshillit të Ministrave","drejtoria":"VLORE","Shenime":"OK","Shape_Leng":41.750332203,"Shape_Area":61.8601687774,"DREJTORITE":"","sip2":61.8601687774}},
{"type":"Feature","geometry":{"type":"Polygon","coordinates":[[[19.623006962877724,40.16649238124243],[19.622801765522496,40.166465324708135],[19.622796156925425,40.166381668846626],[19.62294397019712,40.16637583616535],[19.62295525723675,40.166277603659694],[19.623065023434133,40.16628957247689],[19.623100102734913,40.166287114911555],[19.623089982486395,40.16638770547816],[19.623278028804936,40.16641250075628],[19.623269277689637,40.16645156284873],[19.623220095853448,40.16644507788034],[19.62321283674226,40.16647748196882],[19.623073972074273,40.166459172534296],[19.623016111718467,40.16645154370338],[19.623006962877724,40.16649238124243]]]},"properties":{"OBJECTID":72230,"TEXTSTRING":"11_2215791","NR_UNIK":"11_2215791","id_leja":"133555","nr":"104896","data":"2016-07-29 00:00:00.000","id_objekti":"133649","pergjegjes":"ERJON SHABANI","drejtori":"GJERGJI ROBAJ","nr_serial":"0109681","anulluar_s":"","blloku":"88","dosja":"VL-VL","emertim":"GODINE BANIMI DHE SHERBIMI 4 KATE","adresa":"PALASE, BASHKIA HIMARE","pronari":"11_2215791 EFTIHIA MILTO PANAJOTI; AFERDITA MILTO NIKA","pronari2":"MARIA MILTO SKARÇO","zona":"0","vendbanimi":"0","bllok_bani":"0","ndertim_in":"0","te_tjera":"0","emertim_zo":"NULL","nr_vendimi":"NULL","date_vendi":"NULL","zona_kadas":"2863","nr_pasuris":"200/113","sip_parcel":"499 ( Katërqind e nëntëdhjetë e nëntë )","sip_nderti":"76 ( Shtatëdhjetë e gjashtë )","sip_banim":"173","sip_aktivi":"226","kate_mbi_t":"4 ( Katër )","kate_nen_t":"-","kondicione":"-","kufi_veri":"NR. PASURIE 200/112; 200/117; 200/116","kufi_jug":"NR. PASURIE 200/116; 200/115; 200/114","kufi_lindj":"NR. PASURIE 200/114; 200/117","kufi_peren":"NR. PASURIE 200/116","dokumenti":"Do të miratohet me Vendim të Këshillit të Ministrave","drejtoria":"VLORE","Shenime":"OK","Shape_Leng":124.376378468,"Shape_Area":498.94736773,"DREJTORITE":"","sip2":498.94736773}},
{"type":"Feature","geometry":{"type":"Polygon","coordinates":[[[19.628360428933014,40.16247249967478],[19.628302868634787,40.16234398920895],[19.6285500514786,40.162279675561116],[19.62860591514006,40.162407324357815],[19.628360428933014,40.16247249967478]]]},"properties":{"OBJECTID":72231,"TEXTSTRING":"11_3020778","NR_UNIK":"11_3020778","id_leja":"135863","nr":"105044","data":"2016-08-17 00:00:00.000","id_objekti":"135969","pergjegjes":"ERJON SHABANI","drejtori":"GJERGJI ROBAJ","nr_serial":"0109557","anulluar_s":"","blloku":"97","dosja":"VL-VL","emertim":"GODINE BANIMI 1 KAT","adresa":"PALASE, BASHKIA HIMARE","pronari":"11_3020778 ILIA KOSTA GJOVASHI","pronari2":"","zona":"0","vendbanimi":"0","bllok_bani":"0","ndertim_in":"0","te_tjera":"0","emertim_zo":"NULL","nr_vendimi":"NULL","date_vendi":"NULL","zona_kadas":"2863","nr_pasuris":"200/105","sip_parcel":"333 ( Treqind e tridhjetë e tre )","sip_nderti":"111 ( Njëqind e njëmbëdhjetë )","sip_banim":"119","sip_aktivi":"-","kate_mbi_t":"1 ( Një )","kate_nen_t":"-","kondicione":"-","kufi_veri":"NR. PASURIE 200/107","kufi_jug":"NR. PASURIE 200/106; 200/107","kufi_lindj":"NR. PASURIE 200/107","kufi_peren":"NR. PASURIE 200/106; 200/107","dokumenti":"Do të miratohet me Vendim të Këshillit të Ministrave","drejtoria":"VLORE","Shenime":"OK","Shape_Leng":74.3885530142,"Shape_Area":333.02804572,"DREJTORITE":"","sip2":333.02804572}},
{"type":"Feature","geometry":{"type":"Polygon","coordinates":[[[19.62436941045036,40.16292829555558],[19.624632693340185,40.162833321827755],[19.62463361223884,40.16284859146935],[19.624647564573927,40.16289135859386],[19.624692892588214,40.16294601120188],[19.624739242296567,40.163007121044416],[19.624485913163433,40.163097608724165],[19.62436941045036,40.16292829555558]]]},"properties":{"OBJECTID":72232,"TEXTSTRING":"11_8143312","NR_UNIK":"11_8143312","id_leja":"135171","nr":"104989","data":"2016-08-12 00:00:00.000","id_objekti":"135277","pergjegjes":"ERJON SHABANI","drejtori":"GJERGJI ROBAJ","nr_serial":"0109617","anulluar_s":"","blloku":"97","dosja":"VL-VL-","emertim":"GODINE BANIMI 4 KATE","adresa":"PALASE, BASHKIA HIMARE","pronari":"11_8143312 PASKAL KOÇO MILO","pronari2":"","zona":"0","vendbanimi":"0","bllok_bani":"0","ndertim_in":"0","te_tjera":"0","emertim_zo":"NULL","nr_vendimi":"NULL","date_vendi":"NULL","zona_kadas":"2863","nr_pasuris":"200/100","sip_parcel":"500 ( Pesëqind )","sip_nderti":"122 ( Njëqind e njëzetë e dy )","sip_banim":"492","sip_aktivi":"-","kate_mbi_t":"4 ( Katër )","kate_nen_t":"-","kondicione":"-","kufi_veri":"NR. PASURIE 200/102; 200/104","kufi_jug":"NR. PASURIE 200/101; 200/103","kufi_lindj":"NR. PASURIE 200/103; 200/102","kufi_peren":"NR. PASURIE 200/101; 200/104","dokumenti":"Do të miratohet me Vendim të Këshillit të Ministrave","drejtoria":"VLORE","Shenime":"OK","Shape_Leng":91.4644044634,"Shape_Area":500.054182115,"DREJTORITE":"","sip2":500.054182115}},
{"type":"Feature","geometry":{"type":"Polygon","coordinates":[[[19.624485913163433,40.163097608724165],[19.624226472497917,40.16316913742549],[19.624158375406882,40.16306216752923],[19.624122487887487,40.16300488183996],[19.624126960262288,40.16298355548315],[19.62436941045036,40.16292829555558],[19.624485913163433,40.163097608724165]]]},"properties":{"OBJECTID":72245,"TEXTSTRING":"11_8143313","NR_UNIK":"11_8143313","id_leja":"135166","nr":"104985","data":"2016-08-12 00:00:00.000","id_objekti":"135272","pergjegjes":"ERJON SHABANI","drejtori":"GJERGJI ROBAJ","nr_serial":"0109621","anulluar_s":"","blloku":"97","dosja":"VL-VL","emertim":"GODINE BANIMI 2 KATE + 1 KAT NENTOKE","adresa":"PALASE , BASHKIA HIMARE","pronari":"11_8143313 LLUKA KOÇO PETROMILO","pronari2":"IVA LLUKA SESERI","zona":"0","vendbanimi":"0","bllok_bani":"0","ndertim_in":"0","te_tjera":"0","emertim_zo":"NULL","nr_vendimi":"NULL","date_vendi":"NULL","zona_kadas":"2863","nr_pasuris":"200/104","sip_parcel":"500 ( Pesëqind )","sip_nderti":"170 ( Njëqind e shtatëdhjetë )","sip_banim":"281","sip_aktivi":"-","kate_mbi_t":"2 ( Dy )","kate_nen_t":"1( Një )","kondicione":"-","kufi_veri":"NR. PASURIE 200/102","kufi_jug":"NR. PASURIE 200/108","kufi_lindj":"NR. PASURIE 200/100; 200/102","kufi_peren":"NR. PASURIE 200/102; 200/108","dokumenti":"Do të miratohet me Vendim të Këshillit të Ministrave","drejtoria":"VLORE","Shenime":"OK","Shape_Leng":88.9453739295,"Shape_Area":500.016081981,"DREJTORITE":"","sip2":500.016081981}},
{"type":"Feature","geometry":{"type":"Polygon","coordinates":[[[19.61089521640415,40.15747609477538],[19.610847672314527,40.15749275150324],[19.610805223898705,40.15750734140695],[19.61073768148996,40.157526246429974],[19.61074748858663,40.15755196889677],[19.6107144992881,40.15756395873448],[19.610639994544734,40.15758145671105],[19.61054739373496,40.15760626456186],[19.610493131463997,40.157492043612706],[19.610834690500198,40.157372714258074],[19.61089521640415,40.15747609477538]]]},"properties":{"OBJECTID":72246,"TEXTSTRING":"11_8143226","NR_UNIK":"11_8143226","id_leja":"184709","nr":"109060","data":"2017-08-17 00:00:00.000","id_objekti":"184856","pergjegjes":"DENIS METAJ","drejtori":"EGON VELAJ","nr_serial":"0169743","anulluar_s":"","blloku":"216","dosja":"VL-","emertim":"OBJEKT SHERBIMI 3 KAT + 1 KAT NENTOKE","adresa":"DHERMI , BASHKIA HIMARE","pronari":"11_8143226 VASIL HARILLA BIFSHA","pronari2":"","zona":"0","vendbanimi":"0","bllok_bani":"0","ndertim_in":"0","te_tjera":"0","emertim_zo":"NULL","nr_vendimi":"NULL","date_vendi":"NULL","zona_kadas":"1481","nr_pasuris":"200/170","sip_parcel":"438 ( Katërqind e tridhjetë e tetë )","sip_nderti":"146 ( Njëqind e dyzetë e gjashtë )","sip_banim":"-","sip_aktivi":"569","kate_mbi_t":"3 ( Tre )","kate_nen_t":"1 ( Një )","kondicione":"-","kufi_veri":"NR. PASURIE 200/172","kufi_jug":"NR. PASURIE 200/171","kufi_lindj":"NR. PASURIE 200/172; 200/171","kufi_peren":"NR. PASURIE 200/172; 200/171","dokumenti":"Do të miratohet me Vendim të Këshillit të Ministrave","drejtoria":"VLORE","Shenime":"OK","Shape_Leng":93.6580617106,"Shape_Area":438.486828451,"DREJTORITE":"","sip2":438.486828451}},
{"type":"Feature","geometry":{"type":"Polygon","coordinates":[[[19.638576120824396,40.14313191005898],[19.638585296842372,40.14314316316973],[19.63850427476023,40.143178611885034],[19.63848480498493,40.14322737556287],[19.638498323157126,40.14324210501856],[19.638378167535592,40.14330705606536],[19.638213591566025,40.14333757681271],[19.638190711417394,40.14330762526988],[19.63814606274247,40.143222394323985],[19.63820991969731,40.14319754773483],[19.638001853976853,40.142897812948384],[19.638228076598537,40.14277229991571],[19.63851531420648,40.14309735578804],[19.63853875780314,40.14308609525345],[19.638576120824396,40.14313191005898]]]},"properties":{"OBJECTID":72247,"TEXTSTRING":"11_8306007","NR_UNIK":"11_8306007","id_leja":"184253","nr":"108889","data":"2017-08-04 00:00:00.000","id_objekti":"184400","pergjegjes":"DENIS METAJ","drejtori":"EGON VELAJ","nr_serial":"0169559","anulluar_s":"","blloku":"209","dosja":"VL-","emertim":"KATER OBJEKTE SHERBIMI 1 KAT","adresa":"DHERMI, BASHKIA HIMARE","pronari":"11_8306007 ANDREA LEFTER KUMI","pronari2":"","zona":"0","vendbanimi":"0","bllok_bani":"0","ndertim_in":"0","te_tjera":"0","emertim_zo":"NULL","nr_vendimi":"NULL","date_vendi":"NULL","zona_kadas":"1481","nr_pasuris":"200/205","sip_parcel":"1552 ( Njëmijë e pesëqind e pesëdhjetë e dy )","sip_nderti":"126 + 303 + 64 + 45","sip_banim":"-","sip_aktivi":"538","kate_mbi_t":"1(Një)+1(Një)+1(Një)+1(Një)","kate_nen_t":"-","kondicione":"-","kufi_veri":"NR. PASURIE 200/150","kufi_jug":"NR. PASURIE 200/151; 200/204","kufi_lindj":"NR. PASURIE 200/150; 200/151","kufi_peren":"NR. PASURIE 200/150; 200/204","dokumenti":"Do të miratohet me Vendim të Këshillit të Ministrave","drejtoria":"VLORE","Shenime":"OK","Shape_Leng":177.617864804,"Shape_Area":1552.25806826,"DREJTORITE":"","sip2":1552.25806826}},
{"type":"Feature","geometry":{"type":"Polygon","coordinates":[[[19.63733159097376,40.14342903076847],[19.637314908528356,40.143393427588066],[19.63727630511243,40.143302629540635],[19.63742269260153,40.14324662092146],[19.637510046786545,40.14336255155286],[19.63750371095703,40.143364912164856],[19.63733159097376,40.14342903076847]]]},"properties":{"OBJECTID":72248,"TEXTSTRING":"11_8249869","NR_UNIK":"11_8249869","id_leja":"180419","nr":"108245","data":"2017-06-02 00:00:00.000","id_objekti":"180556","pergjegjes":"DENIS METAJ","drejtori":"EGON VELAJ","nr_serial":"0172017","anulluar_s":"","blloku":"182","dosja":"VL","emertim":"OBJEKT SHERBIMI 1 KAT","adresa":"DHERMI, BASHKIA HIMARE","pronari":"11_8249869 KOSTANDIN SPIRO DHIMITRI","pronari2":"","zona":"0","vendbanimi":"0","bllok_bani":"0","ndertim_in":"0","te_tjera":"0","emertim_zo":"NULL","nr_vendimi":"NULL","date_vendi":"NULL","zona_kadas":"1481","nr_pasuris":"200/166","sip_parcel":"228 ( Dyqind e njëzetë e tetë )","sip_nderti":"76 ( Shtatëdhjetë e gjashtë )","sip_banim":"-","sip_aktivi":"76","kate_mbi_t":"1 ( Një )","kate_nen_t":"-","kondicione":"-","kufi_veri":"NR. PASURIE 200/167","kufi_jug":"NR. PASURIE 200/168; 200/169","kufi_lindj":"NR. PASURIE 200/169; 200/167","kufi_peren":"NR. PASURIE 200/168; 200/167","dokumenti":"Do të miratohet me Vendim të Këshillit të Ministrave","drejtoria":"VLORE","Shenime":"OK","Shape_Leng":60.5047247705,"Shape_Area":228.099785911,"DREJTORITE":"","sip2":228.099785911}},
{"type":"Feature","geometry":{"type":"Polygon","coordinates":[[[19.626954240800675,40.16544381673688],[19.62688077702154,40.16534271098741],[19.626961899925025,40.165308017845305],[19.627026324809325,40.16539649909291],[19.62698660524766,40.165413061525825],[19.62699598149953,40.16542596475905],[19.626954240800675,40.16544381673688]]]},"properties":{"OBJECTID":72268,"TEXTSTRING":"11_8304771","NR_UNIK":"11_8304771","id_leja":"181877","nr":"108475","data":"2017-06-20 00:00:00.000","id_objekti":"182014","pergjegjes":"DENIS METAJ","drejtori":"EGON VELAJ","nr_serial":"0172250","anulluar_s":"","blloku":"191","dosja":"VL","emertim":"GODINE BANIMI 1 KAT + 1 KAT NENTOKE","adresa":"PALASE, BASHKIA HIMARE","pronari":"11_8304771 ADISELDO BANUSH RRAPAJ","pronari2":"","zona":"0","vendbanimi":"0","bllok_bani":"0","ndertim_in":"0","te_tjera":"0","emertim_zo":"NULL","nr_vendimi":"NULL","date_vendi":"NULL","zona_kadas":"2863","nr_pasuris":"22/8-ND","sip_parcel":"-","sip_nderti":"98 ( Nëntëdhjetë e tetë )","sip_banim":"138","sip_aktivi":"-","kate_mbi_t":"1 ( Një )","kate_nen_t":"1 ( Një )","kondicione":"-","kufi_veri":"NR. PASURIE 22/8-T","kufi_jug":"NR. PASURIE 22/8-T","kufi_lindj":"NR. PASURIE 22/8-T","kufi_peren":"NR. PASURIE 22/8-T","dokumenti":"ÇERTIFIKATE PER VERTETIM PRONESIE : NR. PAS 22/8, VOL.1, FAQE 7, Z.K 2863, DATE 06.06.2017","drejtoria":"VLORE","Shenime":"OK","Shape_Leng":41.571387368,"Shape_Area":95.4807353379,"DREJTORITE":"","sip2":95.4807353379}},
{"type":"Feature","geometry":{"type":"Polygon","coordinates":[[[19.625071127290823,40.15438967502215],[19.625095740731357,40.15432782242387],[19.62519925147019,40.1543170208854],[19.62524637361923,40.154300045101934],[19.62529746726203,40.15425078182452],[19.625297531481163,40.15423694367765],[19.625308611474637,40.15421126951917],[19.625335796896856,40.15419425516707],[19.625371627292818,40.15417217131928],[19.62538027110498,40.154167101815624],[19.625387888346655,40.1541656039505],[19.625508327121153,40.15428772638703],[19.625376682623383,40.15436548237638],[19.625283415382984,40.154413218773946],[19.62522093142256,40.15444188347069],[19.625071127290823,40.15438967502215]]]},"properties":{"OBJECTID":72269,"TEXTSTRING":"11_8187937","NR_UNIK":"11_8187937","id_leja":"179837","nr":"108181","data":"2017-05-29 00:00:00.000","id_objekti":"179974","pergjegjes":"DENIS METAJ","drejtori":"EGON VELAJ","nr_serial":"0171949","anulluar_s":"","blloku":"179","dosja":"VL","emertim":"GODINE BANIMI 3 KATE + 1 KAT NENTOKE","adresa":"DHERMI , BASHKIA HIMARE","pronari":"11_8187937 HELIDON DHIMITER NINA","pronari2":"DHIMITER FOTO NINA ; BRIZIDA DHIMITER NINA","zona":"0","vendbanimi":"0","bllok_bani":"0","ndertim_in":"0","te_tjera":"0","emertim_zo":"NULL","nr_vendimi":"NULL","date_vendi":"NULL","zona_kadas":"1481","nr_pasuris":"200/136","sip_parcel":"500 ( Pesëqind )","sip_nderti":"198 ( Njëqind e nëntëdhjetë e tetë )","sip_banim":"881","sip_aktivi":"-","kate_mbi_t":"3 ( Tre )","kate_nen_t":"1 ( Një )","kondicione":"-","kufi_veri":"NR. PASURIE 200/137","kufi_jug":"NR. PASURIE 200/137","kufi_lindj":"NR. PASURIE 200/137","kufi_peren":"NR. PASURIE 200/137","dokumenti":"Do të miratohet me Vendim të Këshillit të Ministrave","drejtoria":"VLORE","Shenime":"OK","Shape_Leng":101.458094717,"Shape_Area":500.107073654,"DREJTORITE":"","sip2":500.107073654}},
{"type":"Feature","geometry":{"type":"Polygon","coordinates":[[[19.621343932979354,40.15707207529129],[19.62137326287819,40.157059032516806],[19.62156456893292,40.15696825715339],[19.621700575014383,40.15712265479934],[19.621453866764988,40.15726106854612],[19.621296130495452,40.15710118024109],[19.62130488032395,40.157097520434554],[19.62131347133831,40.157093643418236],[19.62132189288259,40.15708955356986],[19.621324661563666,40.15708786850338],[19.621327356519952,40.15708611318871],[19.621329975312612,40.15708429210136],[19.62133251440183,40.15708240610005],[19.621334972577298,40.15708045697227],[19.62133734508889,40.15707844736414],[19.621339631900177,40.15707637907703],[19.621341828279245,40.1570742538565],[19.621343932979354,40.15707207529129]]]},"properties":{"OBJECTID":85962,"TEXTSTRING":"11_8248438","NR_UNIK":"11_8248438","id_leja":"240255","nr":"213320","data":"2020-01-31 00:00:00.000","id_objekti":"240418","pergjegjes":"ADISELDO RRAPAJ","drejtori":"TAULAND CANAMETI","nr_serial":"0170947","anulluar_s":"","blloku":"331","dosja":"VL-","emertim":"OBJEKT SHERBIMI 4 KATE + 1 KAT NENTOKE","adresa":"GJILEKE, BASHKIA HIMARE","pronari":"11_8248438 ELENI KRISTO NINA","pronari2":"ARTION MURAT PULA","zona":"0","vendbanimi":"0","bllok_bani":"0","ndertim_in":"0","te_tjera":"0","emertim_zo":"NULL","nr_vendimi":"NULL","date_vendi":"NULL","zona_kadas":"1739","nr_pasuris":"200/289","sip_parcel":"576 ( Pesëqind e shtatëdhjetë e gjashtë )","sip_nderti":"192 ( Njëqind e nëntëdhjetë e dy )","sip_banim":"-","sip_aktivi":"1028","kate_mbi_t":"4 ( Katër )","kate_nen_t":"1 ( Një )","kondicione":"-","kufi_veri":"NR. PASURIE 200/121","kufi_jug":"NR. PASURIE 200/288","kufi_lindj":"NR. PASURIE 200/121","kufi_peren":"NR. PASURIE 200/121","dokumenti":"Do të miratohet me Vendim të Këshillit të Ministrave","drejtoria":"VLORE","Shenime":"OK","Shape_Leng":96.2848110643,"Shape_Area":576.110976303,"DREJTORITE":"","sip2":576.110976303}},
{"type":"Feature","geometry":{"type":"Polygon","coordinates":[[[19.637969740401235,40.14322383738553],[19.63794205779962,40.14321816479891],[19.63791768456616,40.143200967901485],[19.637858432852546,40.1431282544288],[19.637968074262073,40.14306986952258],[19.638042017597375,40.143155687489184],[19.638019078549,40.14316924668504],[19.63802607791949,40.143175745334645],[19.637969740401235,40.14322383738553]]]},"properties":{"OBJECTID":85966,"TEXTSTRING":"11_8143418","NR_UNIK":"11_8143418","id_leja":"239816","nr":"213308","data":"2020-01-29 00:00:00.000","id_objekti":"239979","pergjegjes":"ADISELDO RRAPAJ","drejtori":"TAULAND CANAMETI","nr_serial":"0170935","anulluar_s":"","blloku":"331","dosja":"VL-","emertim":"OBJEKT SHERBIMI 1 KAT","adresa":"DHERMI, BASHKIA HIMARE","pronari":"11_8143418 JANI POLO MARKO","pronari2":"","zona":"0","vendbanimi":"0","bllok_bani":"0","ndertim_in":"0","te_tjera":"0","emertim_zo":"NULL","nr_vendimi":"NULL","date_vendi":"NULL","zona_kadas":"1481","nr_pasuris":"200/227","sip_parcel":"147 ( Njëqind e dyzetë e shtatë )","sip_nderti":"49 ( Dyzetë e nëntë )","sip_banim":"-","sip_aktivi":"49","kate_mbi_t":"1 ( Një )","kate_nen_t":"-","kondicione":"-","kufi_veri":"NR. PASURIE 200/168","kufi_jug":"NR. PASURIE 200/168","kufi_lindj":"NR. PASURIE 200/168","kufi_peren":"NR. PASURIE 200/168","dokumenti":"Do të miratohet me Vendim të Këshillit të Ministrave","drejtoria":"VLORE","Shenime":"OK","Shape_Leng":48.1546181535,"Shape_Area":147.103301058,"DREJTORITE":"","sip2":147.103301058}},
{"type":"Feature","geometry":{"type":"Polygon","coordinates":[[[19.635570337619594,40.14968982879467],[19.635408595761763,40.14957281734438],[19.635560634980788,40.14946441763892],[19.635716048870346,40.14957268752464],[19.635570337619594,40.14968982879467]]]},"properties":{"OBJECTID":86017,"TEXTSTRING":"11_8143400","NR_UNIK":"11_8143400","id_leja":"240138","nr":"213316","data":"2020-01-30 00:00:00.000","id_objekti":"240301","pergjegjes":"ADISELDO RRAPAJ","drejtori":"TAULAND CANAMETI","nr_serial":"0170943","anulluar_s":"","blloku":"331","dosja":"VL-","emertim":"GODINE BANIMI DHE SHERBIMI 2 KATE","adresa":"DHERMI, BASHKIA HIMARE","pronari":"11_8143400 SPIRO FOTO ZAHO","pronari2":"","zona":"0","vendbanimi":"0","bllok_bani":"0","ndertim_in":"0","te_tjera":"0","emertim_zo":"NULL","nr_vendimi":"NULL","date_vendi":"NULL","zona_kadas":"1481","nr_pasuris":"75/170","sip_parcel":"328 ( Treqind e njëzetë e tetë )","sip_nderti":"108 ( Njëqind e tetë )","sip_banim":"160","sip_aktivi":"162","kate_mbi_t":"2 ( Dy )","kate_nen_t":"-","kondicione":"-","kufi_veri":"NR. PASURIE 75/172","kufi_jug":"NR. PASURIE 75/171","kufi_lindj":"NR. PASURIE 75/172","kufi_peren":"NR. PASURIE 75/171","dokumenti":"Do të miratohet me Vendim të Këshillit të Ministrave","drejtoria":"VLORE","Shenime":"OK","Shape_Leng":72.4738589847,"Shape_Area":327.699202457,"DREJTORITE":"","sip2":327.699202457}},
{"type":"Feature","geometry":{"type":"Polygon","coordinates":[[[19.642493431469532,40.14049072015285],[19.642432708412997,40.14044243085186],[19.642543344662467,40.14036048346786],[19.64260406772762,40.14040877271157],[19.642493431469532,40.14049072015285]]]},"properties":{"OBJECTID":86642,"TEXTSTRING":"11_8185098","NR_UNIK":"11_8185098","id_leja":"240546","nr":"213325","data":"2020-02-03 00:00:00.000","id_objekti":"240709","pergjegjes":"ADISELDO RRAPAJ","drejtori":"TAULAND CANAMETI","nr_serial":"0170952","anulluar_s":"","blloku":"331","dosja":"VL-","emertim":"SHTESE NE LARTESI SHERBIMI 1 KAT MBI OBJEKTIN EKZISTUES 2 KATE","adresa":"DHERMI, BASHKIA HIMARE","pronari":"11_8185098 THODHORI VASIL STRAKOSHA","pronari2":"","zona":"0","vendbanimi":"0","bllok_bani":"0","ndertim_in":"0","te_tjera":"0","emertim_zo":"NULL","nr_vendimi":"NULL","date_vendi":"NULL","zona_kadas":"1481","nr_pasuris":"200/277-ND1","sip_parcel":"-","sip_nderti":"98 ( Nëntëdhjetë e tetë )","sip_banim":"-","sip_aktivi":"144","kate_mbi_t":"2 ( Dy )+1 ( Një )","kate_nen_t":"-","kondicione":"-","kufi_veri":"NR. PASURIE 200/278","kufi_jug":"NR. PASURIE 200/278","kufi_lindj":"NR. PASURIE 200/278","kufi_peren":"NR. PASURIE 200/278","dokumenti":"VERTETIM NGA DOKUMENTET HIPOTEKORE: NR. 522, DT. 13.12.2007","drejtoria":"VLORE","Shenime":"OK","Shape_Leng":41.0997185402,"Shape_Area":97.5937179935,"DREJTORITE":"","sip2":97.5937179935}},
{"type":"Feature","geometry":{"type":"Polygon","coordinates":[[[19.634508521732744,40.14623354222408],[19.634499845017107,40.146191274422335],[19.634453437921433,40.14609691492942],[19.6347222679052,40.14606444698515],[19.634751371083805,40.14620635886699],[19.634727524245108,40.146224891446934],[19.63451080539995,40.14624466481184],[19.634508521732744,40.14623354222408]]]},"properties":{"OBJECTID":88430,"TEXTSTRING":"11_2215771","NR_UNIK":"11_2215771","id_leja":"245602","nr":"213558","data":"2020-06-30 00:00:00.000","id_objekti":"245774","pergjegjes":"ADISELDO RRAPAJ","drejtori":"JURGEN PILKATI","nr_serial":"0171113","anulluar_s":"","blloku":"337","dosja":"11_2215771","emertim":"OBJEKT SHERBIMI 3 KATE","adresa":"DHERMI, BASHKIA HIMARE","pronari":"11_2215771 SPIRO PETRO NINO","pronari2":"LLAMBRO PETRO NINO","zona":"0","vendbanimi":"0","bllok_bani":"0","ndertim_in":"0","te_tjera":"0","emertim_zo":"NULL","nr_vendimi":"NULL","date_vendi":"NULL","zona_kadas":"1481","nr_pasuris":"77/35","sip_parcel":"373 ( Treqind e shtatëdhjetë e tre )","sip_nderti":"213 ( Dyqind e trembëdhjetë )","sip_banim":"","sip_aktivi":"786","kate_mbi_t":"3 ( Tre )","kate_nen_t":"-","kondicione":"-","kufi_veri":"NR. PASURIE 77/36","kufi_jug":"NR. PASURIE 77/36","kufi_lindj":"NR. PASURIE 77/36","kufi_peren":"NR. PASURIE 77/36","dokumenti":"NE BAZE TE NENIT 22, TE LIGJIT NR.20 DATE 05.03.2020","drejtoria":"VLORE","Shenime":"OK","Shape_Leng":77.8119827228,"Shape_Area":373.265923619,"DREJTORITE":"","sip2":373.265923619}},
{"type":"Feature","geometry":{"type":"Polygon","coordinates":[[[19.62132189288259,40.15708955356986],[19.6213136645553,40.157093552925346],[19.621305274792853,40.157097348553606],[19.621296731867012,40.157100937850345],[19.621288042912152,40.15710431639598],[19.62127921973988,40.157107480727475],[19.62127026944814,40.15711042822658],[19.621261200345167,40.15711315448767],[19.621252024187935,40.15711565874981],[19.62124274691875,40.15711793748012],[19.621218543989624,40.15708799573831],[19.621247417849666,40.15707329439234],[19.621221694695222,40.157037418261325],[19.621239811721633,40.15702819427736],[19.62121495908217,40.156999551118254],[19.621275597599638,40.15696857472019],[19.62124265111195,40.15693031884922],[19.621294046521236,40.15690457386393],[19.621328070229147,40.15690298442826],[19.621444982829498,40.15683184967297],[19.621437828142263,40.15682357879637],[19.62149476102351,40.156794739262054],[19.621700956045945,40.15668343980739],[19.621752896187846,40.15665895787224],[19.621786894582836,40.15665890405357],[19.621907546285865,40.15659013228257],[19.621899002139767,40.15657944306446],[19.621955610404793,40.15655275982186],[19.622042946869108,40.15644675217222],[19.622155780085237,40.15632375310721],[19.62231297701039,40.15615239390468],[19.622316116707474,40.15614594290245],[19.62231895977487,40.15613941269363],[19.622321503755728,40.15613280865451],[19.622323744910126,40.15612614155152],[19.622325680762973,40.15611941766161],[19.622327309940278,40.15611264687847],[19.622328628793127,40.156105835465084],[19.62232963592929,40.15609899421582],[19.62233033241348,40.15609212854883],[19.622330714505793,40.15608524923055],[19.62233078321631,40.1560783643812],[19.622330538399492,40.156071481206375],[19.62232997987339,40.15606460871299],[19.62242742257679,40.15604577340434],[19.622441063917773,40.156039892408565],[19.62252206984498,40.156004965753816],[19.622520657701806,40.15599077310806],[19.622520933209934,40.155968658105934],[19.6225214075977,40.15596668084396],[19.622521961606914,40.15596471443936],[19.62252259399092,40.15596276248097],[19.622523303539456,40.155960826756186],[19.622524090234307,40.1559589081657],[19.622524954020875,40.1559570094116],[19.622525892533243,40.15595513136668],[19.62254598973448,40.15592923864505],[19.6225708191328,40.15590797074554],[19.622587531579853,40.155893218958795],[19.62260507243911,40.15587773737721],[19.622643960733573,40.15587349818894],[19.622645071405746,40.155876638467035],[19.62264982108758,40.15588446623839],[19.62265486058362,40.15589218754632],[19.62266018653619,40.155899794242586],[19.622665795551235,40.155907279980426],[19.62266748847201,40.15591019384921],[19.622669301999043,40.15591306590907],[19.622671231509738,40.155915892501355],[19.62267327825078,40.15591867003726],[19.62267543756317,40.15592139665949],[19.622677708327675,40.15592406965201],[19.62268008944326,40.155926685398086],[19.622682576232744,40.155929242941134],[19.622686312569,40.15593277482067],[19.622690185700037,40.15593621913726],[19.622694191003237,40.15593957223224],[19.622698327359387,40.155942831389574],[19.622702588972025,40.15594599293663],[19.622723808392855,40.15596177168673],[19.622731321249056,40.15596760257308],[19.622738559971772,40.1559736356056],[19.622745512968084,40.15597986343911],[19.62275217102917,40.15598627695501],[19.62275501114293,40.15598924591178],[19.62275771592756,40.155992288034234],[19.62276028430021,40.15599539880493],[19.622762712775707,40.15599857638063],[19.62276499795989,40.15600181441456],[19.622767136367603,40.15600511106342],[19.622769128071614,40.156008462724486],[19.62277096848571,40.15601186393769],[19.622772655334952,40.156015311072345],[19.62277418867395,40.15601880142642],[19.6227759570652,40.156023500897255],[19.622777533263793,40.156028240424575],[19.62277891736068,40.15603301550491],[19.62278010709912,40.15603782160686],[19.622781100240562,40.15604265329831],[19.622782241078184,40.15604906604477],[19.622783509392786,40.15605724699529],[19.62278440961907,40.156065456900734],[19.622786466199674,40.156084715828115],[19.622757164507547,40.156115165814356],[19.622733133643838,40.15618093657232],[19.62274854995711,40.15618425244062],[19.622729071700416,40.15623756279376],[19.622716412250615,40.15627137655518],[19.62270849303553,40.15629262673933],[19.622699271685715,40.15628848545619],[19.622652272068912,40.15635008018964],[19.62262987218205,40.15637650139406],[19.622612488725142,40.15636844223025],[19.6225494405475,40.156449166028416],[19.622510194625725,40.1564993194862],[19.622266323597337,40.15662372985335],[19.62226440657006,40.15662551336716],[19.622262687163946,40.156626872200704],[19.622260706440333,40.15662843783678],[19.62225913569826,40.15662947050768],[19.62225630597101,40.156631331449],[19.622255206449648,40.156632054408675],[19.622252905601016,40.1566333090241],[19.622251162166112,40.15663417207021],[19.622248526859174,40.15663530198313],[19.622247017515754,40.15663591105525],[19.62224546909857,40.15663647822043],[19.622243630919968,40.15663703292811],[19.62224179154927,40.15663758852247],[19.622239890037726,40.15663802355605],[19.622238717503837,40.15663829248819],[19.62223707053015,40.15663856568414],[19.622235423556454,40.15663883888003],[19.62223355527895,40.15663902385565],[19.622232371735638,40.156639140402675],[19.62223122700253,40.15663925380789],[19.622221172603574,40.15663967109485],[19.622213866883882,40.15664020397683],[19.622210215090938,40.156640737100126],[19.622206202419676,40.156641581247484],[19.621750632456777,40.15688070648329],[19.621343932979354,40.15707207529129],[19.621341828279245,40.1570742538565],[19.621339631900177,40.15707637907703],[19.62133734508889,40.15707844736414],[19.621334972577298,40.15708045697227],[19.62133251440183,40.15708240610005],[19.621329975312612,40.15708429210136],[19.621327356519952,40.15708611318871],[19.621324661563666,40.15708786850338],[19.62132189288259,40.15708955356986]]]},"properties":{"OBJECTID":88441,"TEXTSTRING":"11_8185259","NR_UNIK":"11_8185259","id_leja":"245745","nr":"213563","data":"2020-06-30 00:00:00.000","id_objekti":"245917","pergjegjes":"ADISELDO RRAPAJ","drejtori":"JURGEN PILKATI","nr_serial":"0171118","anulluar_s":"","blloku":"337","dosja":"11_8185259","emertim":"GODINA BANIMI DHE SHERBIMI","adresa":"GJILEKE, BASHKIA HIMARE","pronari":"11_8185259 AGI KONS SHPK","pronari2":"","zona":"0","vendbanimi":"0","bllok_bani":"0","ndertim_in":"0","te_tjera":"0","emertim_zo":"NULL","nr_vendimi":"NULL","date_vendi":"NULL","zona_kadas":"1739","nr_pasuris":"200/288","sip_parcel":"4471 ( Katërmijë e katërqind e shtatëdhjetë e një )","sip_nderti":"184 + 325 + 188 + 326 + 76 + 391+ 452 + 87","sip_banim":"5254","sip_aktivi":"499","kate_mbi_t":"5 ( Pesë )","kate_nen_t":"1 ( Një )","kondicione":"-","kufi_veri":"NR. PASURIE 200/121","kufi_jug":"NR. PASURIE 200/121; 200/284","kufi_lindj":"NR. PASURIE 200/121; 200/284","kufi_peren":"NR. PASURIE 200/121","dokumenti":"AKTE TE MARRJES SE TOKES NE PRONESI: NR REGJISTRIMIT TE AKTIT 9750, DATE 7.2.1994; NR,REGJISTRIT TE AKTIT 9749, DATE 7.2.1994","drejtoria":"VLORE","Shenime":"OK","Shape_Leng":419.423068306,"Shape_Area":4472.73145339,"DREJTORITE":"","sip2":4472.73145339}},
{"type":"Feature","geometry":{"type":"Polygon","coordinates":[[[19.634320058066475,40.144725722855014],[19.634179101822593,40.14471911499403],[19.634198852613995,40.14459982282755],[19.634214791161007,40.1445585606946],[19.63424296888414,40.144526043961804],[19.63439240358409,40.14446825531095],[19.634591423163453,40.14440698000963],[19.634698672828975,40.14460062055688],[19.634645474993107,40.14468643952508],[19.634439649725447,40.144712171064505],[19.634320058066475,40.144725722855014]]]},"properties":{"OBJECTID":88444,"TEXTSTRING":"11_8185260","NR_UNIK":"11_8185260","id_leja":"245746","nr":"213564","data":"2020-06-30 00:00:00.000","id_objekti":"245918","pergjegjes":"ADISELDO RRAPAJ","drejtori":"JURGEN PILKATI","nr_serial":"0171119","anulluar_s":"","blloku":"337","dosja":"11_8185260","emertim":"GODINE BANIMI 4 KATE + 1 KAT NENTOKE + GODINE BANIMI 4 KATE","adresa":"DHERMI, BASHKIA HIMARE","pronari":"11_8185260 AGI KONS SHPK","pronari2":"","zona":"0","vendbanimi":"0","bllok_bani":"0","ndertim_in":"0","te_tjera":"0","emertim_zo":"NULL","nr_vendimi":"NULL","date_vendi":"NULL","zona_kadas":"1481","nr_pasuris":"200/123","sip_parcel":"1069 ( Njëmijë e gjashtëdhjetë e nëntë )","sip_nderti":"184 ( Njëqind e tetëdhjetë e katër ) + 181 ( Njëqind e tetëdhjetë e një )","sip_banim":"1492","sip_aktivi":"","kate_mbi_t":"4 ( Katër ) + 4 ( Katër )","kate_nen_t":"1 ( Një )","kondicione":"-","kufi_veri":"NR. PASURIE 200/125","kufi_jug":"NR. PASURIE 200/125; 200/124","kufi_lindj":"NR. PASURIE 200/125; 200/124","kufi_peren":"NR. PASURIE 200/125","dokumenti":"AKTI I MARRJES SE TOKES NE PRONESI: NR. REGJISTRIMIT TE AKTIT 9643, DATE 05.08.2003","drejtoria":"VLORE","Shenime":"OK","Shape_Leng":128.990146187,"Shape_Area":1068.91083541,"DREJTORITE":"","sip2":1068.91083541}}
]}