{"type":"FeatureCollection", "features": [
{"type":"Feature","geometry":{"type":"Polygon","coordinates":[[[19.69854322054512,40.958955165189955],[19.698467052480225,40.95898044341976],[19.69843084940988,40.958917752499936],[19.698507017416233,40.95889247429356],[19.69854322054512,40.958955165189955]]]},"properties":{"Zk_Numer":8573,"Zk_Emer":"LUSHNJË-SARAVË","Nr_Pas":"9/1-ND","Vol":1,"Faqe":131,"Pronaret":"MYZAFER KAREJ ISTREF","Kufizimet":"BEHET KUFIZIMI I PASURISE PER SHKAK TE MUNGESES SE DOKUMENTACIONIT TEKNIKO LIGJOR.","Siperfaqe":53}},
{"type":"Feature","geometry":{"type":"Polygon","coordinates":[[[19.690919989345346,40.95452130559869],[19.69083355016965,40.95450480935516],[19.690826411973948,40.95443979466208],[19.69084628735205,40.95437993531687],[19.690959739946283,40.95440158687312],[19.690919989345346,40.95452130559869]]]},"properties":{"Zk_Numer":8573,"Zk_Emer":"LUSHNJË-SARAVË","Nr_Pas":"15/1-ND","Vol":2,"Faqe":69,"Pronaret":"BLERTA RANCI FIQIRI, ELTION HAJDARI FIQIRI, FIQIRI HAJDARI NOVRUS, VIKTOR HAJDARI FIQIRI","Kufizimet":"PASURIA KUFIZOHET PËR MUNGESË TË MARRËDHËNIEVE ME TRUALLIN. NDËRTESA POZICIONOHET MBI PASURINË NR. 15/1, VOL. 2, FQ. 70.","Siperfaqe":127}},
{"type":"Feature","geometry":{"type":"Polygon","coordinates":[[[19.691492775637197,40.953664251790904],[19.691521049972682,40.95362828341052],[19.691505745874466,40.95362136857296],[19.691538276529567,40.953579985592974],[19.6915780671757,40.953597964155286],[19.691602389122334,40.95356702359488],[19.69166972716808,40.95359744880883],[19.691584600325577,40.95370574079613],[19.691492775637197,40.953664251790904]]]},"properties":{"Zk_Numer":8573,"Zk_Emer":"LUSHNJË-SARAVË","Nr_Pas":"16/6-ND","Vol":2,"Faqe":81,"Pronaret":"MINUSHE KOKJA OSMAN, ALTIN KOKJA EMIN","Kufizimet":"NE PRIITJE TE VKM PER KALIM NE PRONESI TE PARCELES NDERTIMORE RIVLERESIM I PASURISE ME VLERE 9 463 600 LEKE\r\n, KJO PASURI NDODHET NE TRUALLIN ME NR PASURIE 16/6 NE VOL 2 FQ 80","Siperfaqe":124}},
{"type":"Feature","geometry":{"type":"Polygon","coordinates":[[[19.691603329302,40.95389407369031],[19.69147508312661,40.954087783554606],[19.691379652773183,40.95405146921372],[19.691507899155916,40.95385775945509],[19.691603329302,40.95389407369031]]]},"properties":{"Zk_Numer":8573,"Zk_Emer":"LUSHNJË-SARAVË","Nr_Pas":"16/5-ND","Vol":2,"Faqe":239,"Pronaret":"BUJAR JESHILI MEMET","Kufizimet":"KUFIZOHET PER MUNGESE DOKUMENTACIONI TEKNIKO LIGJOR ( NENIT HIPOTEKOR) NDËRTESA POZICIONOHET MVI PASURINË NR. 16/5 VOL. 2, FQ. 79.","Siperfaqe":216}},
{"type":"Feature","geometry":{"type":"Polygon","coordinates":[[[19.68629708825783,40.9569106204217],[19.68619632068978,40.9568629494885],[19.68630950745701,40.95672544301232],[19.686410274898634,40.95677311384729],[19.68629708825783,40.9569106204217]]]},"properties":{"Zk_Numer":8573,"Zk_Emer":"LUSHNJË-SARAVË","Nr_Pas":"168/4-ND","Vol":3,"Faqe":153,"Pronaret":"MARGARITA ÇOLLAKU PANDI","Kufizimet":"NE FAVOR TE  ALPHA  BANK ME KONTRATE 8781, DATE 16.05.2006., URDHËR SEKUESTRO ME SHKRESËN NR.937 PROT, DATË 17.05.2015 TË SHOQ. PËRMBARIMORE 'BAILIFF SERVICES ALBANIA' SHA, URDHER SEKUESTRO NR.319/5 DATE 10.02.2015, NE FAVOR TE  ALPHA  BANK ME KONTR","Siperfaqe":180}},
{"type":"Feature","geometry":{"type":"Polygon","coordinates":[[[19.694685883474847,40.956526179637045],[19.694757869736836,40.956526370236915],[19.694757335912424,40.956642258608966],[19.694545991201423,40.95664169889716],[19.69454652539543,40.956525810527374],[19.694635686925757,40.956526046703765],[19.694635768802506,40.95650827906635],[19.694685965338138,40.95650841199955],[19.694685883474847,40.956526179637045]]]},"properties":{"Zk_Numer":8573,"Zk_Emer":"LUSHNJË-SARAVË","Nr_Pas":"25/18-ND","Vol":2,"Faqe":2,"Pronaret":"SHPRESA RAKIPI ISMAIL, TASIM RAKIPI HAKI","Kufizimet":"NË PRITJE TË VKM-SË PËR KALIMIN E PARCELËS NDËRTIMORE. NDËRTESA POZICIONOHET MBI PASURINË NR. 25/18 VOL. 2, FQ. 1.\r\n","Siperfaqe":237}},
{"type":"Feature","geometry":{"type":"Polygon","coordinates":[[[19.68324020261727,40.95528674874115],[19.683182837417338,40.95535757492297],[19.68314771524051,40.9553412249563],[19.6832050804636,40.955270398791825],[19.68324020261727,40.95528674874115]]]},"properties":{"Zk_Numer":8573,"Zk_Emer":"LUSHNJË-SARAVË","Nr_Pas":"165/3-ND1","Vol":4,"Faqe":16,"Pronaret":"ANDREA KONDAKCIU KRISTAQ, AFROVITI KONDAKCIU VASIL","Kufizimet":"PASURIA KUFIZOHET PËR MOS KRYERJE PAGESE TË VKM-SË PËR KALIMIN NË PRONËSI TË PARCELËS NDËRTIMORE DHE KOMPESIM PRONARI NDËRTESA NDODHET MBI PASURINË NR. 165/3, VOL.4, FQ.60.","Siperfaqe":32}},
{"type":"Feature","geometry":{"type":"Polygon","coordinates":[[[19.683252527590515,40.955272228744164],[19.683224767739606,40.9552600555199],[19.683317244146842,40.955138849429126],[19.68334500396425,40.95515102263125],[19.683252527590515,40.955272228744164]]]},"properties":{"Zk_Numer":8573,"Zk_Emer":"LUSHNJË-SARAVË","Nr_Pas":"165/3-ND","Vol":3,"Faqe":158,"Pronaret":"AFROVITI KONDAKCIU VASIL, ANDREA KONDAKCIU KRISTAQ","Kufizimet":"PASURIA KUFIZOHET PËR MOS KRYERJE PAGESE TË VKM-SË PËR KALIMIN NË PRONËSI TË PARCELËS NDËRTIMORE DHE KOMPESIM PRONARI NDËRTESA NDODHET MBI PASURINË NR. 165/3, VOL.4, FQ.60.","Siperfaqe":42}},
{"type":"Feature","geometry":{"type":"Polygon","coordinates":[[[19.705882810448426,40.94980612322775],[19.70576541467105,40.949867390041625],[19.705681240924786,40.94977467330005],[19.705798636614734,40.94971340657061],[19.705882810448426,40.94980612322775]]]},"properties":{"Zk_Numer":8573,"Zk_Emer":"LUSHNJË-SARAVË","Nr_Pas":"37/3-ND","Vol":4,"Faqe":177,"Pronaret":"GËZIM CANKA BAJRAM, SHPRESA CANKA ADEM","Kufizimet":"PASURIA POZICIONOHET MBI PASURINË NR. 37/3 VOL.4, FQ. 176.","Siperfaqe":150}},
{"type":"Feature","geometry":{"type":"Polygon","coordinates":[[[19.705811926425984,40.94987670057855],[19.70589134501944,40.94996642409056],[19.705805055607364,40.950010330202154],[19.705775273634,40.949976683869686],[19.705745688674792,40.949991737371086],[19.70571590673996,40.94995809102332],[19.705745491690823,40.94994303752943],[19.7057256370788,40.94992060663161],[19.705811926425984,40.94987670057855]]]},"properties":{"Zk_Numer":8573,"Zk_Emer":"LUSHNJË-SARAVË","Nr_Pas":"37/4-ND","Vol":4,"Faqe":179,"Pronaret":"FATMIR CANKA SEFER, XHEVRIJE CANKA RRAPUSH","Kufizimet":"PASURIA POZICIONOHET MBI PASURINË ME NR. 37/4 VOL.4, FQ. 178.","Siperfaqe":118}},
{"type":"Feature","geometry":{"type":"Polygon","coordinates":[[[19.706178515385087,40.95047235011758],[19.706053674877356,40.95042097497499],[19.706103702512916,40.95035109423896],[19.706228542924013,40.950402469328175],[19.706178515385087,40.95047235011758]]]},"properties":{"Zk_Numer":8573,"Zk_Emer":"LUSHNJË-SARAVË","Nr_Pas":"37/8-ND","Vol":4,"Faqe":184,"Pronaret":"VIJON NË VOL.4 FQ.185","Kufizimet":"KJO PASURI POZICIONOHET MBI PASURINË ME NR. 37/8, VOL. 4, FQ.183.","Siperfaqe":105.6}},
{"type":"Feature","geometry":{"type":"Polygon","coordinates":[[[19.706178515385087,40.95047235011758],[19.70622854292401,40.950402469328175],[19.706236021550602,40.95039202282062],[19.706400109719443,40.95045954905124],[19.706386512247793,40.950478542720234],[19.70634768218272,40.9504625632461],[19.706303773601977,40.95052389694261],[19.706178515385087,40.95047235011758]]]},"properties":{"Zk_Numer":8573,"Zk_Emer":"LUSHNJË-SARAVË","Nr_Pas":"37/9-ND","Vol":4,"Faqe":187,"Pronaret":"BASHKIM KORRESHI MYSLYM, TEFTA KORRESHI MUSA","Kufizimet":"NË PRITJE TË VKM-SË PËR KALIMIN E PARCELËS NDËRTIMORE.  PASURIA POZICIONOHET MBI PASURINË ME NR. 37/9, VOL.4, FQ. 186.","Siperfaqe":131}},
{"type":"Feature","geometry":{"type":"Polygon","coordinates":[[[19.7066594606005,40.95069062398232],[19.706545361942577,40.950631282598295],[19.706613015374174,40.9505565078225],[19.70672711396473,40.95061584914011],[19.7066594606005,40.95069062398232]]]},"properties":{"Zk_Numer":8573,"Zk_Emer":"LUSHNJË-SARAVË","Nr_Pas":"37/13-ND","Vol":4,"Faqe":192,"Pronaret":"MYFTAR ISUFI ZIJA","Kufizimet":"KUFIZOHEN VEPRIMET MBI KËTË PASURI ME URDHËR NR. 143, DATË 09.02.2012 TË REGJISTRUESI PASURIA POZICIONOHET MBI PASURINË NR. 37/13, VOL. 4, FQ.191.","Siperfaqe":117}},
{"type":"Feature","geometry":{"type":"Polygon","coordinates":[[[19.688240883049165,40.9336960596462],[19.68836048729918,40.933622060828135],[19.68846631943116,40.9337204405713],[19.68834671512043,40.933794439497674],[19.688240883049165,40.9336960596462]]]},"properties":{"Zk_Numer":8573,"Zk_Emer":"LUSHNJË-SARAVË","Nr_Pas":"757/22-ND","Vol":7,"Faqe":166,"Pronaret":"FATMIRE DERVISHI MERSIN, SAMI DERVISHI SABRI","Kufizimet":"NDËRTESA POZICIONOHET MBI PASURINË NR. 757/22 VOL. 7, FQ. 19.","Siperfaqe":183}},
{"type":"Feature","geometry":{"type":"Polygon","coordinates":[[[19.689048022758918,40.92637181030679],[19.689135178117922,40.92631894360657],[19.689224902023568,40.92640403457562],[19.689137746623423,40.92645690134274],[19.689048022758918,40.92637181030679]]]},"properties":{"Zk_Numer":8573,"Zk_Emer":"LUSHNJË-SARAVË","Nr_Pas":"703/20-ND","Vol":8,"Faqe":71,"Pronaret":"LUMTURI DINGORI NUREDIN, SHËRBIM DINGORI RAMAZAN","Kufizimet":"PASURIA KUFIZOHET DERI NË RREGULLIMIN E MARRËNIEVE ME TRUALLIN. NDËRTESA NDODHET MBI PASURINË NR. 703/20 VOL.8. FQ.34.","Siperfaqe":114}},
{"type":"Feature","geometry":{"type":"Polygon","coordinates":[[[19.688836140040685,40.92608483375152],[19.68887528540201,40.92612104154437],[19.688856924457998,40.92613246087982],[19.688906609012275,40.92617841691315],[19.688874936361657,40.92619811527329],[19.68885686924573,40.926181403986035],[19.68882198340886,40.926203100714915],[19.68881972502038,40.92620101180313],[19.688777494766747,40.92622727624925],[19.688711248780884,40.926166001459954],[19.68875164292471,40.926140878969505],[19.68874938454056,40.92613879005634],[19.688836140040685,40.92608483375152]]]},"properties":{"Zk_Numer":8573,"Zk_Emer":"LUSHNJË-SARAVË","Nr_Pas":"703/20-ND1","Vol":8,"Faqe":72,"Pronaret":"YLLI SULAJ GANI, ALKETA SULAJ KUJTIM","Kufizimet":"PASURIA KUFIZOHET PËR PAGESËN E TARIFËS SË SHËRBIMIT DHE DERI NË KALIMIN E PRONËSISË PËR PARCELËN NDËRTIMORE. NDËRTESA NDODHET MBI PASURINË NR. 703/20 VOL.8, FQ.34.","Siperfaqe":127}},
{"type":"Feature","geometry":{"type":"Polygon","coordinates":[[[19.69103165006911,40.927667295627565],[19.691144822132962,40.92774821084489],[19.691017776142875,40.927850426091496],[19.690904604061153,40.927769510750856],[19.690945731177113,40.92773642189649],[19.690932772560085,40.92772715677862],[19.690978378819633,40.927690464175164],[19.690963865173682,40.9276800872471],[19.69097608112771,40.92767025886957],[19.69100355338954,40.927689900907545],[19.69103165006911,40.927667295627565]]]},"properties":{"Zk_Numer":8573,"Zk_Emer":"LUSHNJË-SARAVË","Nr_Pas":"702/18-ND","Vol":7,"Faqe":205,"Pronaret":"AGRON HAXHIU SHAQIR","Kufizimet":"NDËRTESA POZICIONOHET MBI PASURINË NR. 702/18 VOL. 7, FQ. 203.","Siperfaqe":217.5}},
{"type":"Feature","geometry":{"type":"Polygon","coordinates":[[[19.69467479528334,40.92890315527547],[19.69465806301553,40.92891529117902],[19.694635497001673,40.92889739467468],[19.694646651847275,40.92888930407474],[19.694618423832186,40.92886691717124],[19.69463987545002,40.92885135832731],[19.694679181326027,40.928882530779745],[19.69473581355128,40.92884145539311],[19.694835514431777,40.92892052528389],[19.694763008001438,40.92897311428271],[19.69467479528334,40.92890315527547]]]},"properties":{"Zk_Numer":8573,"Zk_Emer":"LUSHNJË-SARAVË","Nr_Pas":"667/30-ND","Vol":8,"Faqe":76,"Pronaret":"FATIME ÇAKO PLLUMB, SEIT ÇAKO MYRTEZA","Kufizimet":"PASURIA KUFIZOHET ME URDHRIN NR. 2212, DATË 17.10.2017 (NË PRITJE TË VKM-SË PËR KALIMIN NË RPONËSI TË PARCELËS NDËRTIMORE. NDËRTESA POZICIONOHET MBI PASURINË NR. 667/30 VOL. 14, FQ. 88.","Siperfaqe":119}},
{"type":"Feature","geometry":{"type":"Polygon","coordinates":[[[19.688099424227584,40.93179403732638],[19.68806061404448,40.9317530926852],[19.68822226100204,40.93161617007262],[19.68829156497069,40.93168928539873],[19.688099424227584,40.93179403732638]]]},"properties":{"Zk_Numer":8573,"Zk_Emer":"LUSHNJË-SARAVË","Nr_Pas":"704/33-ND","Vol":16,"Faqe":226,"Pronaret":"ELOS SHPK","Kufizimet":"PASURIA HIPOTEKOHET NË FAVOR TË CREDINS BANK SHA PËR GARANTIMIN E KTHIMIT TË SHUMËS SË KREDISË NR. 2395/1047, DATË 24.06.2019 NOTER REZARTA KAPLLANI NDËRTESA POZICIONOHET MBI PASURINË NR. 704/33 VOL. 16, FQ. 225.","Siperfaqe":155.5}},
{"type":"Feature","geometry":{"type":"Polygon","coordinates":[[[19.688837914889906,40.95998548080901],[19.688680056897677,40.95991197756415],[19.689180319114637,40.95929455702678],[19.689338176198834,40.959368059591085],[19.688837914889906,40.95998548080901]]]},"properties":{"Zk_Numer":8573,"Zk_Emer":"LUSHNJË-SARAVË","Nr_Pas":"560/1-ND1","Vol":2,"Faqe":147,"Pronaret":"BLERIM KORRESHI FATMIR, ABDYL KORRESHI FATMIR","Kufizimet":"PASURIA KUFIZOHET DERI NË RREGULLIMIN E MARRËDHËNIEVE ME TRUALLIN. NDËRTESA NDODHET MBI PASURINË NR. 560/1 VOL.2, FQ.166.","Siperfaqe":1255}},
{"type":"Feature","geometry":{"type":"Polygon","coordinates":[[[19.689120500864494,40.96011534679982],[19.688962642247848,40.960041843941276],[19.68946290282729,40.9594244221858],[19.68962076053588,40.959497924363774],[19.689120500864494,40.96011534679982]]]},"properties":{"Zk_Numer":8573,"Zk_Emer":"LUSHNJË-SARAVË","Nr_Pas":"560/1-ND2","Vol":2,"Faqe":148,"Pronaret":"PËLLUMB KORRESHI AVDYL","Kufizimet":"PASURIA KUFIZOHET DERI NË RREGULLIMIN E MARRËDHËNIEVE ME TRUALLIN. NDËRTESA NDODHET MBI PASURINË NR. 560/1 VOL.2, FQ.166.","Siperfaqe":1255}},
{"type":"Feature","geometry":{"type":"Polygon","coordinates":[[[19.689296436273573,40.96024014989458],[19.68961809051128,40.95983681567193],[19.689674281807203,40.95986256763044],[19.68987864528509,40.9596063053417],[19.68997628666249,40.959651053318666],[19.689423781947173,40.96034386433417],[19.689386951238085,40.960326985174845],[19.68941343907576,40.960293771277456],[19.689296436273573,40.96024014989458]]]},"properties":{"Zk_Numer":8573,"Zk_Emer":"LUSHNJË-SARAVË","Nr_Pas":"560/1-ND3","Vol":2,"Faqe":149,"Pronaret":"GAZMEND KORRESHI PËLLUMB","Kufizimet":"PASURIA KUFIZOHET DERI NË RREGULLIMIN E MARRËDHËNIEVE ME TRUALLIN. NDËRTESA NDODHET MBI PASURINË NR. 560/1 VOL.2, FQ.166.","Siperfaqe":1127}},
{"type":"Feature","geometry":{"type":"Polygon","coordinates":[[[19.6895834073899,40.960370103230844],[19.689905060521497,40.95996676821271],[19.68996125203972,40.95999252003156],[19.690165614814827,40.95973625723742],[19.690263256578508,40.95978100497173],[19.689710753763194,40.960473817353645],[19.689673922908394,40.960456938285844],[19.689700410654982,40.96042372432294],[19.6895834073899,40.960370103230844]]]},"properties":{"Zk_Numer":8573,"Zk_Emer":"LUSHNJË-SARAVË","Nr_Pas":"560/1-ND4","Vol":2,"Faqe":150,"Pronaret":"BLERIM KORRESHI FATMIR, ABDYL KORRESHI FATMIR","Kufizimet":"PASURIA KUFIZOHET DERI NË RREGULLIMIN E MARRËDHËNIEVE ME TRUALLIN. NDËRTESA NDODHET MBI PASURINË NR. 560/1 VOL.2, FQ.166.","Siperfaqe":1127}},
{"type":"Feature","geometry":{"type":"Polygon","coordinates":[[[19.689369134113193,40.95838673219393],[19.689246469253543,40.958536655858154],[19.689169047765613,40.95850025169675],[19.68929171273202,40.958350328114335],[19.689369134113193,40.95838673219393]]]},"properties":{"Zk_Numer":8573,"Zk_Emer":"LUSHNJË-SARAVË","Nr_Pas":"560/1-ND5","Vol":2,"Faqe":151,"Pronaret":"ABDYL KORRESHI FATMIR, BLERIM KORRESHI FATMIR","Kufizimet":"PASURIA KUFIZOHET DERI NË RREGULLIMIN E MARRËDHËNIEVE ME TRUALLIN. NDËRTESA NDODHET MBI PASURINË NR. 560/1 VOL.2, FQ.166.","Siperfaqe":150}},
{"type":"Feature","geometry":{"type":"Polygon","coordinates":[[[19.689709707327943,40.958633836138326],[19.68986522365214,40.95870625178415],[19.68943944175913,40.9592317640441],[19.689283922757532,40.95915935019663],[19.689709707327943,40.958633836138326]]]},"properties":{"Zk_Numer":8573,"Zk_Emer":"LUSHNJË-SARAVË","Nr_Pas":"560/1-ND6","Vol":2,"Faqe":152,"Pronaret":"ABDYL KORRESHI FATMIR, BLERIM KORRESHI FATMIR","Kufizimet":"PASURIA KUFIZOHET DERI NË RREGULLIMIN E MARRËDHËNIEVE ME TRUALLIN. NDËRTESA NDODHET MBI PASURINË NR. 560/1 VOL.2, FQ.166.","Siperfaqe":1052}},
{"type":"Feature","geometry":{"type":"Polygon","coordinates":[[[19.689985500689257,40.958764690547355],[19.690141017621393,40.958837105820756],[19.68971523706206,40.95936261909207],[19.68955971745048,40.95929020561607],[19.689985500689257,40.958764690547355]]]},"properties":{"Zk_Numer":8573,"Zk_Emer":"LUSHNJË-SARAVË","Nr_Pas":"560/1-ND7","Vol":2,"Faqe":153,"Pronaret":"BLERIM KORRESHI FATMIR, ABDYL KORRESHI FATMIR","Kufizimet":"PASURIA KUFIZOHET DERI NË RREGULLIMIN E MARRËDHËNIEVE ME TRUALLIN. NDËRTESA NDODHET MBI PASURINË NR. 560/1 VOL.2, FQ.166.","Siperfaqe":1052}},
{"type":"Feature","geometry":{"type":"Polygon","coordinates":[[[19.69024132489541,40.9589114716503],[19.69037220505771,40.9589735915385],[19.69008256501227,40.95932428844347],[19.689951684432884,40.95926216822875],[19.69024132489541,40.9589114716503]]]},"properties":{"Zk_Numer":8573,"Zk_Emer":"LUSHNJË-SARAVË","Nr_Pas":"560/1-ND8","Vol":2,"Faqe":154,"Pronaret":"BLERIM KORRESHI FATMIR, ABDYL KORRESHI FATMIR","Kufizimet":"PASURIA KUFIZOHET DERI NË RREGULLIMIN E MARRËDHËNIEVE ME TRUALLIN. NDËRTESA NDODHET MBI PASURINË NR. 560/1 VOL.2, FQ.166.","Siperfaqe":597}},
{"type":"Feature","geometry":{"type":"Polygon","coordinates":[[[19.690487151508886,40.959023649598336],[19.690618032124316,40.95908576920789],[19.690328392882094,40.95943646672647],[19.690197511849565,40.959374346790405],[19.690487151508886,40.959023649598336]]]},"properties":{"Zk_Numer":8573,"Zk_Emer":"LUSHNJË-SARAVË","Nr_Pas":"560/1-ND10","Vol":2,"Faqe":155,"Pronaret":"ABDYL KORRESHI FATMIR, BLERIM KORRESHI FATMIR","Kufizimet":"PASURIA KUFIZOHET DERI NË RREGULLIMIN E MARRËDHËNIEVE ME TRUALLIN. NDËRTESA NDODHET MBI PASURINË NR. 560/1 VOL.2, FQ.166.","Siperfaqe":597}},
{"type":"Feature","geometry":{"type":"Polygon","coordinates":[[[19.690719661845698,40.959145006323425],[19.690850542919765,40.959207125669366],[19.690560904370074,40.95955782376716],[19.6904300228789,40.95949570409471],[19.690719661845698,40.959145006323425]]]},"properties":{"Zk_Numer":8573,"Zk_Emer":"LUSHNJË-SARAVË","Nr_Pas":"560/1-ND11","Vol":2,"Faqe":156,"Pronaret":"GAZMEND KORRESHI PËLLUMB","Kufizimet":"PASURIA KUFIZOHET DERI NË RREGULLIMIN E MARRËDHËNIEVE ME TRUALLIN. NDËRTESA NDODHET MBI PASURINË NR. 560/1 VOL.2, FQ.166.","Siperfaqe":597}},
{"type":"Feature","geometry":{"type":"Polygon","coordinates":[[[19.689859584102713,40.95844685984385],[19.690285421674794,40.957921266833786],[19.690440892724467,40.95799365784755],[19.69001505591319,40.95851925142796],[19.689859584102713,40.95844685984385]]]},"properties":{"Zk_Numer":8573,"Zk_Emer":"LUSHNJË-SARAVË","Nr_Pas":"560/2-ND1","Vol":2,"Faqe":162,"Pronaret":"GAZMEND KORRESHI PËLLUMB","Kufizimet":"NDËRTESA NDODHET MBI PASURINË NR. 560/2 VOL.4, FQ. 7.","Siperfaqe":1052}},
{"type":"Feature","geometry":{"type":"Polygon","coordinates":[[[19.69012717467806,40.958575576608695],[19.690553010967303,40.958049982617425],[19.690708482612695,40.95812237327087],[19.69028264708428,40.95864796783246],[19.69012717467806,40.958575576608695]]]},"properties":{"Zk_Numer":8573,"Zk_Emer":"LUSHNJË-SARAVË","Nr_Pas":"560/2-ND2","Vol":4,"Faqe":8,"Pronaret":"GAZMEND KORRESHI PËLLUMB","Kufizimet":"","Siperfaqe":1052}},
{"type":"Feature","geometry":{"type":"Polygon","coordinates":[[[19.690410402428252,40.95870326545024],[19.6908362373043,40.95817767041947],[19.690991709560222,40.95825006069156],[19.690565875445024,40.95877565629267],[19.690410402428252,40.95870326545024]]]},"properties":{"Zk_Numer":8573,"Zk_Emer":"LUSHNJË-SARAVË","Nr_Pas":"560/2-ND3","Vol":2,"Faqe":163,"Pronaret":"GAZMEND KORRESHI PËLLUMB","Kufizimet":"NDËRTESA NDODHET MBI PASURINË NR. 560/2 VOL.4, FQ. 7.","Siperfaqe":1052}},
{"type":"Feature","geometry":{"type":"Polygon","coordinates":[[[19.69134770949154,40.95841873783016],[19.691454925132778,40.95846701531081],[19.691341396162628,40.95860979796984],[19.69123437590825,40.95856126800171],[19.69134770949154,40.95841873783016]]]},"properties":{"Zk_Numer":8573,"Zk_Emer":"LUSHNJË-SARAVË","Nr_Pas":"560/2-ND4","Vol":2,"Faqe":164,"Pronaret":"GAZMEND KORRESHI PËLLUMB","Kufizimet":"NDËRTESA NDODHET MBI PASURINË NR. 560/2 VOL.4, FQ. 7.","Siperfaqe":194}},
{"type":"Feature","geometry":{"type":"Polygon","coordinates":[[[19.6894000098062,40.958171378116916],[19.689349552220627,40.95823407649693],[19.689246124969024,40.95818624123269],[19.68929658261547,40.958123542897646],[19.6894000098062,40.958171378116916]]]},"properties":{"Zk_Numer":8573,"Zk_Emer":"LUSHNJË-SARAVË","Nr_Pas":"560/1-ND12","Vol":2,"Faqe":159,"Pronaret":"GAZMEND KORRESHI PËLLUMB","Kufizimet":"PASURIA KUFIZOHET DERI NË RREGULLIMIN E MARRËDHËNIEVE ME TRUALLIN. NDËRTESA NDODHET MBI PASURINË NR. 560/1 VOL.2, FQ.166.","Siperfaqe":83}},
{"type":"Feature","geometry":{"type":"Polygon","coordinates":[[[19.689347040166194,40.95806084453947],[19.689450467296084,40.95810867971374],[19.6894000098062,40.958171378116916],[19.68929658261547,40.958123542897646],[19.689347040166194,40.95806084453947]]]},"properties":{"Zk_Numer":8573,"Zk_Emer":"LUSHNJË-SARAVË","Nr_Pas":"560/1-ND13","Vol":2,"Faqe":169,"Pronaret":"ABDYL KORRESHI FATMIR, BLERIM KORRESHI FATMIR","Kufizimet":"PASURIA KUFIZOHET DERI NË RREGULLIMIN E MARRËDHËNIEVE ME TRUALLIN. NDËRTESA NDODHET MBI PASURINË NR. 560/1 VOL.2, FQ. 166.","Siperfaqe":83}},
{"type":"Feature","geometry":{"type":"Polygon","coordinates":[[[19.689347040166194,40.95806084453947],[19.689461794349857,40.957918250903994],[19.6895652213413,40.95796608597602],[19.689450467296084,40.95810867971374],[19.689347040166194,40.95806084453947]]]},"properties":{"Zk_Numer":8573,"Zk_Emer":"LUSHNJË-SARAVË","Nr_Pas":"560/1-ND14","Vol":2,"Faqe":170,"Pronaret":"BLERIM KORRESHI FATMIR, ABDYL KORRESHI FATMIR","Kufizimet":"PASURIA KUFIZOHET DERI NË RREGULLIMIN E MARRËDHËNIEVE ME TRUALLIN. NDËRTESA NDODHET MBI PASURINË NR. 560/1 VOL.2, FQ.166.","Siperfaqe":189}},
{"type":"Feature","geometry":{"type":"Polygon","coordinates":[[[19.689592877405147,40.958405293737485],[19.689548475685548,40.95838273466074],[19.68957492709649,40.9583528142818],[19.689619328805172,40.95837537334843],[19.689592877405147,40.958405293737485]]]},"properties":{"Zk_Numer":8573,"Zk_Emer":"LUSHNJË-SARAVË","Nr_Pas":"560/1-ND15","Vol":2,"Faqe":160,"Pronaret":"BLERIM KORRESHI FATMIR, ABDYL KORRESHI FATMIR","Kufizimet":"PASURIA KUFIZOHET DERI NË RREGULLIMIN E MARRËDHËNIEVE ME TRUALLIN. NDËRTESA NDODHET MBI PASURINË NR. 560/1 VOL.2, FQ.166.","Siperfaqe":18}},
{"type":"Feature","geometry":{"type":"Polygon","coordinates":[[[19.691708081177808,40.95816083759651],[19.69166274920679,40.958219287765054],[19.691629148957293,40.95820448112273],[19.691616405513447,40.95822110049326],[19.6915912431024,40.95821001214666],[19.691648727593215,40.95813504366977],[19.691708081177808,40.95816083759651]]]},"properties":{"Zk_Numer":8573,"Zk_Emer":"LUSHNJË-SARAVË","Nr_Pas":"560/1-ND16","Vol":2,"Faqe":165,"Pronaret":"GAZMEND KORRESHI PËLLUMB","Kufizimet":"NDËRTESA NDODHET MBI PASURINË NR. 560/1 VOL.2, FQ.166.","Siperfaqe":48}},
{"type":"Feature","geometry":{"type":"Polygon","coordinates":[[[19.690326764762474,40.93004493947364],[19.69041877667249,40.92998802998633],[19.69071142312414,40.930260184641355],[19.690619411084764,40.93031709435902],[19.690326764762474,40.93004493947364]]]},"properties":{"Zk_Numer":8573,"Zk_Emer":"LUSHNJË-SARAVË","Nr_Pas":"704/39-ND","Vol":17,"Faqe":31,"Pronaret":"KLODIANA TAULLAU PANDI, YLLI TAULLAU KADRI","Kufizimet":"PASURIA KUFIZOHET DERI NË RREGULLIMIN E MARRËDHËNIEVE ME TRUALLIN. NDËRTESA POZICIONOHET MBI PASURINË NR. 704/39 VOL.16, FQ.232.","Siperfaqe":390}},
{"type":"Feature","geometry":{"type":"Polygon","coordinates":[[[19.68757984020851,40.930671236353525],[19.687707746436256,40.93078965630918],[19.687551603445243,40.93088666145158],[19.687423697311395,40.930768241325076],[19.68757984020851,40.930671236353525]]]},"properties":{"Zk_Numer":8573,"Zk_Emer":"LUSHNJË-SARAVË","Nr_Pas":"704/38-ND","Vol":17,"Faqe":30,"Pronaret":"EDUART SHEHU FEVRI, FLORIDA SHEHU IDRIZ","Kufizimet":"PASURIA KUFIZOHET DERI NË RREGULLIMIN E MARRËDHËNIEVE ME TRUALLIN. NDËRTESA POZICIONOHET MBI PASURINË NR. 704/38 VOL.16, FQ. 231.","Siperfaqe":289}},
{"type":"Feature","geometry":{"type":"Polygon","coordinates":[[[19.68853810476817,40.931266701197714],[19.688710235036865,40.93117063106151],[19.688927693435225,40.931394731363426],[19.688755562895842,40.93149080181953],[19.68853810476817,40.931266701197714]]]},"properties":{"Zk_Numer":8573,"Zk_Emer":"LUSHNJË-SARAVË","Nr_Pas":"704/60-ND","Vol":17,"Faqe":107,"Pronaret":"IBRAHIM LUFTA RESHIT, ERVEHE LUFTA MUSTAFA","Kufizimet":"PASURIA KUFIZOHET DERI NË RREGULLIMIN E MARRËNIEVE ME TRUALLIN. NDËRTESA POZICIONOHET MBI PASURINË NR. 704/60 VOL. 17, FQ. 3.","Siperfaqe":556}},
{"type":"Feature","geometry":{"type":"Polygon","coordinates":[[[19.680548616650075,40.946812540596554],[19.680427713140798,40.946755333376245],[19.68046577017048,40.94670965675333],[19.680586253545655,40.94676736812684],[19.680548616650075,40.946812540596554]]]},"properties":{"Zk_Numer":8573,"Zk_Emer":"LUSHNJË-SARAVË","Nr_Pas":"509/35-ND","Vol":17,"Faqe":108,"Pronaret":"GAZMEND ZENELI BEQIR","Kufizimet":"NDËRTESA POZICIONOHET MBI PASURINË NR.509/35 VOL. 17, FQ. 83.","Siperfaqe":16.7}},
{"type":"Feature","geometry":{"type":"Polygon","coordinates":[[[19.686600698390023,40.93138534490304],[19.686204719418495,40.93100405892709],[19.686439863157858,40.930863597908036],[19.68666834056749,40.93108359750151],[19.6865200348421,40.93117218690798],[19.686687536787744,40.93133347270658],[19.686600698390023,40.93138534490304]]]},"properties":{"Zk_Numer":8573,"Zk_Emer":"LUSHNJË-SARAVË","Nr_Pas":"765/11-ND","Vol":17,"Faqe":109,"Pronaret":"ANJEZA HIDA JASHAR, GABRIELE HIDA BESNIK, LEMIONA HIDA BESNIK","Kufizimet":"PASURIA KUFIZOHET PËR MUNGESË TË MARRDHËNIEVE ME TRUALLINN + TARIFËN E SHËRBIMIT. NDËRTESA POZICIONOHET MBI PASURINË NR. 765/11 VOL. 5, FQ. 214.","Siperfaqe":996}},
{"type":"Feature","geometry":{"type":"Polygon","coordinates":[[[19.681923362819596,40.94366405565085],[19.681959373757266,40.94368067673759],[19.681838129685197,40.94383180475483],[19.68157654381071,40.944157563571245],[19.681540532647258,40.94414094245721],[19.681582564115732,40.944088584778434],[19.681923362819596,40.94366405565085]]]},"properties":{"Zk_Numer":8573,"Zk_Emer":"LUSHNJË-SARAVË","Nr_Pas":"217/4-ND","Vol":17,"Faqe":111,"Pronaret":"SHKËLZEN SHKOZA JORGJI","Kufizimet":"PASURIA KUFIZOHET DERI NË RREGULLIMIN E MARRËNIEVE ME TRUALLIN. NDËRTESA POZICIONOHET MBI PASURINË NR. 217/4 VOL. 7, FQ. 169.","Siperfaqe":220.5}},
{"type":"Feature","geometry":{"type":"Polygon","coordinates":[[[19.680642531837748,40.94621032136644],[19.68074848175525,40.946261028365036],[19.680600467750452,40.94643882986104],[19.680494517663735,40.94638812272739],[19.680642531837748,40.94621032136644]]]},"properties":{"Zk_Numer":8573,"Zk_Emer":"LUSHNJË-SARAVË","Nr_Pas":"509/36-ND","Vol":17,"Faqe":113,"Pronaret":"BLERINA ZENELI YLLI, GAZMEND ZENELI BEQIR","Kufizimet":"PASURIA KUFIZOHET DERI NË RREGULLIMIN E MARRËNIEVE ME TRUALLIN. NDËRTESA POZICIONOHET MBI PASIRINË NR. 509/36 VOL. 17, FQ. 84.","Siperfaqe":246}},
{"type":"Feature","geometry":{"type":"Polygon","coordinates":[[[19.682478084049446,40.93646766325528],[19.682673128107936,40.9363542341075],[19.682784767704213,40.93646463073854],[19.682589723509558,40.93657806007249],[19.682478084049446,40.93646766325528]]]},"properties":{"Zk_Numer":8573,"Zk_Emer":"LUSHNJË-SARAVË","Nr_Pas":"755/23-ND","Vol":17,"Faqe":112,"Pronaret":"ARTA HAXHIU MASAR, ARBEN HAXHIU OSMAN, LIZA HAXHIU MEMIN, ZABIT HAXHIU OSMAN","Kufizimet":"PASURIA KUFIZOHET DERI NË RREGULLIMIN E MARRËNIEVE ME TRUALLIN. NDËRTESA POZICIONOHET MBI PASURINË NR. 755/23 VOL. 6. FQ. 69.","Siperfaqe":320}},
{"type":"Feature","geometry":{"type":"Polygon","coordinates":[[[19.697620350109784,40.95814527838632],[19.697680509539033,40.95811685234748],[19.69774855916349,40.958199619000524],[19.697660541823545,40.95824120823032],[19.697630117197065,40.95820420366912],[19.69765797505177,40.95819104052035],[19.697620350109784,40.95814527838632]]]},"properties":{"Zk_Numer":8573,"Zk_Emer":"LUSHNJË-SARAVË","Nr_Pas":"","Vol":0,"Faqe":0,"Pronaret":"","Kufizimet":"","Siperfaqe":78}},
{"type":"Feature","geometry":{"type":"Polygon","coordinates":[[[19.698225935009958,40.95772506632897],[19.698082219855788,40.957768269351526],[19.6980346151616,40.95768548736489],[19.69817953261965,40.957641848405565],[19.698225935009958,40.95772506632897]]]},"properties":{"Zk_Numer":8573,"Zk_Emer":"LUSHNJË-SARAVË","Nr_Pas":"","Vol":0,"Faqe":0,"Pronaret":"","Kufizimet":"","Siperfaqe":131.1}},
{"type":"Feature","geometry":{"type":"Polygon","coordinates":[[[19.698260256431272,40.957607989413894],[19.698376264911474,40.957572752380926],[19.698444626344354,40.95769094958858],[19.698327641415762,40.95772846113229],[19.698260256431272,40.957607989413894]]]},"properties":{"Zk_Numer":8573,"Zk_Emer":"LUSHNJË-SARAVË","Nr_Pas":"","Vol":0,"Faqe":0,"Pronaret":"","Kufizimet":"","Siperfaqe":153.1}},
{"type":"Feature","geometry":{"type":"Polygon","coordinates":[[[19.69146370124206,40.96148272296444],[19.691542061192823,40.96139368012835],[19.69162543432898,40.96143584200414],[19.69154707443971,40.96152488489647],[19.69146370124206,40.96148272296444]]]},"properties":{"Zk_Numer":8573,"Zk_Emer":"LUSHNJË-SARAVË","Nr_Pas":"","Vol":0,"Faqe":0,"Pronaret":"","Kufizimet":"","Siperfaqe":100.3}},
{"type":"Feature","geometry":{"type":"Polygon","coordinates":[[[19.691539459699772,40.96131718277013],[19.69161283174016,40.96125395230873],[19.691757278348756,40.96135027126148],[19.691693097080208,40.96140558142297],[19.691601885260802,40.96134476016233],[19.69159269451665,40.961352680546014],[19.691539459699772,40.96131718277013]]]},"properties":{"Zk_Numer":8573,"Zk_Emer":"LUSHNJË-SARAVË","Nr_Pas":"","Vol":0,"Faqe":0,"Pronaret":"","Kufizimet":"","Siperfaqe":139.5}},
{"type":"Feature","geometry":{"type":"Polygon","coordinates":[[[19.692301999052894,40.95953581170804],[19.692320835666173,40.95949881633131],[19.6923955709729,40.95952068414429],[19.692423361928704,40.959466102108856],[19.692557574762528,40.95950537309225],[19.69251094738599,40.95959695057082],[19.692301999052894,40.95953581170804]]]},"properties":{"Zk_Numer":8573,"Zk_Emer":"LUSHNJË-SARAVË","Nr_Pas":"","Vol":0,"Faqe":0,"Pronaret":"","Kufizimet":"","Siperfaqe":161.7}},
{"type":"Feature","geometry":{"type":"Polygon","coordinates":[[[19.69091847811366,40.961059774019226],[19.690921986618175,40.96105180842717],[19.69091656981899,40.96105043738389],[19.69092423886492,40.96103302583297],[19.690932989577274,40.96103524072109],[19.69093713755207,40.96102582328797],[19.690970487550445,40.96103426448064],[19.690955162043092,40.96106905906185],[19.69091847811366,40.961059774019226]]]},"properties":{"Zk_Numer":8573,"Zk_Emer":"LUSHNJË-SARAVË","Nr_Pas":"","Vol":0,"Faqe":0,"Pronaret":"","Kufizimet":"","Siperfaqe":13.9}},
{"type":"Feature","geometry":{"type":"Polygon","coordinates":[[[19.690799802583783,40.96101194703612],[19.690809716689262,40.960988788985595],[19.690851791207255,40.96099913982161],[19.690841877114885,40.96102229787575],[19.690799802583783,40.96101194703612]]]},"properties":{"Zk_Numer":8573,"Zk_Emer":"LUSHNJË-SARAVË","Nr_Pas":"","Vol":0,"Faqe":0,"Pronaret":"","Kufizimet":"","Siperfaqe":10.1}},
{"type":"Feature","geometry":{"type":"Polygon","coordinates":[[[19.69215023130725,40.9584504526944],[19.692155086462666,40.95833702922211],[19.692327679531136,40.95834127492853],[19.692322824670757,40.95845469840908],[19.69215023130725,40.9584504526944]]]},"properties":{"Zk_Numer":8573,"Zk_Emer":"LUSHNJË-SARAVË","Nr_Pas":"","Vol":0,"Faqe":0,"Pronaret":"","Kufizimet":"","Siperfaqe":183.2}},
{"type":"Feature","geometry":{"type":"Polygon","coordinates":[[[19.691982463718233,40.958115934307465],[19.692108903957244,40.958130039569284],[19.69209320737225,40.95821090338128],[19.692036876692217,40.95820461933137],[19.692038711595085,40.95819516654743],[19.69196860189526,40.95818734531913],[19.691982463718233,40.958115934307465]]]},"properties":{"Zk_Numer":8573,"Zk_Emer":"LUSHNJË-SARAVË","Nr_Pas":"","Vol":0,"Faqe":0,"Pronaret":"","Kufizimet":"","Siperfaqe":91.3}},
{"type":"Feature","geometry":{"type":"Polygon","coordinates":[[[19.688835833834858,40.96027156448778],[19.688961057923347,40.9603164594853],[19.688918219645284,40.96038512466907],[19.688871844792914,40.96036849850298],[19.688859202037996,40.96038876343545],[19.688780352683104,40.96036049454905],[19.688835833834858,40.96027156448778]]]},"properties":{"Zk_Numer":8573,"Zk_Emer":"LUSHNJË-SARAVË","Nr_Pas":"","Vol":0,"Faqe":0,"Pronaret":"","Kufizimet":"","Siperfaqe":116.7}},
{"type":"Feature","geometry":{"type":"Polygon","coordinates":[[[19.69256095012728,40.95843181717096],[19.692604062879553,40.958321954207186],[19.692713469909926,40.95834662814613],[19.6926703573225,40.95845649115093],[19.69256095012728,40.95843181717096]]]},"properties":{"Zk_Numer":8573,"Zk_Emer":"LUSHNJË-SARAVË","Nr_Pas":"","Vol":0,"Faqe":0,"Pronaret":"","Kufizimet":"","Siperfaqe":122.3}},
{"type":"Feature","geometry":{"type":"Polygon","coordinates":[[[19.695511010461924,40.95790097366285],[19.695577073680603,40.95781812357934],[19.695678014365505,40.957864380742485],[19.69561195122621,40.95794723088346],[19.695511010461924,40.95790097366285]]]},"properties":{"Zk_Numer":8573,"Zk_Emer":"LUSHNJË-SARAVË","Nr_Pas":"","Vol":0,"Faqe":0,"Pronaret":"","Kufizimet":"","Siperfaqe":106.8}},
{"type":"Feature","geometry":{"type":"Polygon","coordinates":[[[19.69571796591852,40.957664092824835],[19.695779736449865,40.95758604724728],[19.69588135354843,40.957632269265936],[19.695819583093023,40.957710314897554],[19.69571796591852,40.957664092824835]]]},"properties":{"Zk_Numer":8573,"Zk_Emer":"LUSHNJË-SARAVË","Nr_Pas":"","Vol":0,"Faqe":0,"Pronaret":"","Kufizimet":"","Siperfaqe":100.8}},
{"type":"Feature","geometry":{"type":"Polygon","coordinates":[[[19.69527240205541,40.958140305503676],[19.695340158650293,40.95806025883241],[19.695471784447335,40.95812429006572],[19.69540402794504,40.95820433681377],[19.69527240205541,40.958140305503676]]]},"properties":{"Zk_Numer":8573,"Zk_Emer":"LUSHNJË-SARAVË","Nr_Pas":"","Vol":0,"Faqe":0,"Pronaret":"","Kufizimet":"","Siperfaqe":139.1}},
{"type":"Feature","geometry":{"type":"Polygon","coordinates":[[[19.696108742363176,40.95822588313317],[19.696367250054763,40.95792956048217],[19.696442253940372,40.957967164592944],[19.69618374643547,40.95826348741087],[19.696108742363176,40.95822588313317]]]},"properties":{"Zk_Numer":8573,"Zk_Emer":"LUSHNJË-SARAVË","Nr_Pas":"","Vol":0,"Faqe":0,"Pronaret":"","Kufizimet":"","Siperfaqe":298.7}},
{"type":"Feature","geometry":{"type":"Polygon","coordinates":[[[19.696218110211436,40.95824536229654],[19.696405925013472,40.95834164622573],[19.696415365688708,40.95833106293147],[19.696647986807893,40.95807028600727],[19.696717089141742,40.95810571135198],[19.69641984790402,40.95843892976607],[19.696162930487674,40.95830722022621],[19.696218110211436,40.95824536229654]]]},"properties":{"Zk_Numer":8573,"Zk_Emer":"LUSHNJË-SARAVË","Nr_Pas":"","Vol":0,"Faqe":0,"Pronaret":"","Kufizimet":"","Siperfaqe":472}},
{"type":"Feature","geometry":{"type":"Polygon","coordinates":[[[19.696204474962798,40.957402743186044],[19.69618448102437,40.957292273255355],[19.696275179465815,40.95728283896183],[19.696265791380807,40.957230968451526],[19.696334831183044,40.957223787002015],[19.69636421352119,40.9573861274112],[19.696204474962798,40.957402743186044]]]},"properties":{"Zk_Numer":8573,"Zk_Emer":"LUSHNJË-SARAVË","Nr_Pas":"","Vol":0,"Faqe":0,"Pronaret":"","Kufizimet":"","Siperfaqe":202.2}},
{"type":"Feature","geometry":{"type":"Polygon","coordinates":[[[19.69849310387473,40.95744751821168],[19.698486201897865,40.95743647267472],[19.698415350130745,40.9574619168939],[19.698377036067875,40.95740060103559],[19.698489511149184,40.95736020906944],[19.698534727275508,40.95743257042559],[19.698500419903308,40.95744489088277],[19.69849310387473,40.95744751821168]]]},"properties":{"Zk_Numer":8573,"Zk_Emer":"LUSHNJË-SARAVË","Nr_Pas":"","Vol":0,"Faqe":0,"Pronaret":"","Kufizimet":"","Siperfaqe":84.2}},
{"type":"Feature","geometry":{"type":"Polygon","coordinates":[[[19.697952659711007,40.95741772558871],[19.69808666199585,40.95737819738401],[19.69813786859698,40.957477963349994],[19.698068210198905,40.957498511323095],[19.69806129920056,40.9574850465967],[19.697996955153016,40.95750402688276],[19.697952659711007,40.95741772558871]]]},"properties":{"Zk_Numer":8573,"Zk_Emer":"LUSHNJË-SARAVË","Nr_Pas":"","Vol":0,"Faqe":0,"Pronaret":"","Kufizimet":"","Siperfaqe":134.6}},
{"type":"Feature","geometry":{"type":"Polygon","coordinates":[[[19.69849310387473,40.95744751821168],[19.698500419903308,40.95744489088277],[19.698520865374842,40.957477610639735],[19.69845026935524,40.95750296302509],[19.698429823910896,40.95747024325584],[19.69849310387473,40.95744751821168]]]},"properties":{"Zk_Numer":8573,"Zk_Emer":"LUSHNJË-SARAVË","Nr_Pas":"","Vol":0,"Faqe":0,"Pronaret":"","Kufizimet":"","Siperfaqe":26.4}},
{"type":"Feature","geometry":{"type":"Polygon","coordinates":[[[19.69744006833095,40.957861551105744],[19.69747313892938,40.95793958277769],[19.697348953220978,40.95797202755367],[19.69734094210786,40.957954405105944],[19.697312867533203,40.95796173985016],[19.69729697377484,40.957926777489966],[19.697325383534462,40.957919354965746],[19.697318754081834,40.95790477287697],[19.697314070920743,40.957894471921634],[19.69744006833095,40.957861551105744]]]},"properties":{"Zk_Numer":8573,"Zk_Emer":"LUSHNJË-SARAVË","Nr_Pas":"","Vol":0,"Faqe":0,"Pronaret":"","Kufizimet":"","Siperfaqe":111.7}},
{"type":"Feature","geometry":{"type":"Polygon","coordinates":[[[19.69753352860704,40.957837131536785],[19.697568203254065,40.95782807162167],[19.697603422544937,40.95790554468323],[19.697525184881812,40.957925985195345],[19.697486616855866,40.95793606152271],[19.69747313892938,40.95793958277769],[19.69744006833095,40.957861551105744],[19.69753352860704,40.957837131536785]]]},"properties":{"Zk_Numer":8573,"Zk_Emer":"LUSHNJË-SARAVË","Nr_Pas":"","Vol":0,"Faqe":0,"Pronaret":"","Kufizimet":"","Siperfaqe":104.7}},
{"type":"Feature","geometry":{"type":"Polygon","coordinates":[[[19.69744006833095,40.957861551105744],[19.697415082091776,40.95780659221798],[19.69740628261038,40.957787237152935],[19.697499742793784,40.957762817610735],[19.69753352860704,40.957837131536785],[19.69744006833095,40.957861551105744]]]},"properties":{"Zk_Numer":8573,"Zk_Emer":"LUSHNJË-SARAVË","Nr_Pas":"","Vol":0,"Faqe":0,"Pronaret":"","Kufizimet":"","Siperfaqe":72.7}},
{"type":"Feature","geometry":{"type":"Polygon","coordinates":[[[19.697430334044803,40.95798663747349],[19.697494381082688,40.95796850051584],[19.697523639638842,40.95802709975351],[19.697450304733298,40.95804786686515],[19.697437500215,40.95802188065292],[19.697446450914622,40.95801934598088],[19.697430334044803,40.95798663747349]]]},"properties":{"Zk_Numer":8573,"Zk_Emer":"LUSHNJË-SARAVË","Nr_Pas":"","Vol":0,"Faqe":0,"Pronaret":"","Kufizimet":"","Siperfaqe":42.6}},
{"type":"Feature","geometry":{"type":"Polygon","coordinates":[[[19.697525184881812,40.957925985195345],[19.697536916610524,40.957951791899056],[19.697498348571294,40.95796186823024],[19.697486616855866,40.95793606152271],[19.697525184881812,40.957925985195345]]]},"properties":{"Zk_Numer":8573,"Zk_Emer":"LUSHNJË-SARAVË","Nr_Pas":"","Vol":0,"Faqe":0,"Pronaret":"","Kufizimet":"","Siperfaqe":10.4}},
{"type":"Feature","geometry":{"type":"Polygon","coordinates":[[[19.69764753926118,40.95773286475965],[19.69767063417604,40.95778521335377],[19.697601778777994,40.95780267144835],[19.697578683911622,40.95775032284076],[19.69764753926118,40.95773286475965]]]},"properties":{"Zk_Numer":8573,"Zk_Emer":"LUSHNJË-SARAVË","Nr_Pas":"","Vol":0,"Faqe":0,"Pronaret":"","Kufizimet":"","Siperfaqe":37.5}},
{"type":"Feature","geometry":{"type":"Polygon","coordinates":[[[19.69775777672852,40.957764067084106],[19.69787901091643,40.95772713247999],[19.697919315935806,40.957803164722996],[19.697798081630737,40.9578400993686],[19.69775777672852,40.957764067084106]]]},"properties":{"Zk_Numer":8573,"Zk_Emer":"LUSHNJË-SARAVË","Nr_Pas":"","Vol":0,"Faqe":0,"Pronaret":"","Kufizimet":"","Siperfaqe":100.1}},
{"type":"Feature","geometry":{"type":"Polygon","coordinates":[[[19.697798081630737,40.9578400993686],[19.69767827996259,40.95787659738794],[19.69763797517615,40.95780056506245],[19.69775777672852,40.957764067084106],[19.697798081630737,40.9578400993686]]]},"properties":{"Zk_Numer":8573,"Zk_Emer":"LUSHNJË-SARAVË","Nr_Pas":"","Vol":0,"Faqe":0,"Pronaret":"","Kufizimet":"","Siperfaqe":98.9}},
{"type":"Feature","geometry":{"type":"Polygon","coordinates":[[[19.697749424346075,40.95774640033237],[19.69775094037693,40.957749836665556],[19.69768733621307,40.95776580330271],[19.697670415286435,40.95772706459632],[19.697733803316446,40.95771099267875],[19.697749424346075,40.95774640033237]]]},"properties":{"Zk_Numer":8573,"Zk_Emer":"LUSHNJË-SARAVË","Nr_Pas":"","Vol":0,"Faqe":0,"Pronaret":"","Kufizimet":"","Siperfaqe":25.6}},
{"type":"Feature","geometry":{"type":"Polygon","coordinates":[[[19.697733803316446,40.95771099267875],[19.6978194811982,40.95768926914261],[19.69783510226862,40.95772467678491],[19.697749424346075,40.95774640033237],[19.697733803316446,40.95771099267875]]]},"properties":{"Zk_Numer":8573,"Zk_Emer":"LUSHNJË-SARAVË","Nr_Pas":"","Vol":0,"Faqe":0,"Pronaret":"","Kufizimet":"","Siperfaqe":31.5}},
{"type":"Feature","geometry":{"type":"Polygon","coordinates":[[[19.69786670958674,40.95767729440135],[19.69794679348808,40.95765607959214],[19.697964761014166,40.957695059685854],[19.69796936937733,40.95770505740543],[19.697889285423837,40.95772627222996],[19.69786670958674,40.95767729440135]]]},"properties":{"Zk_Numer":8573,"Zk_Emer":"LUSHNJË-SARAVË","Nr_Pas":"","Vol":0,"Faqe":0,"Pronaret":"","Kufizimet":"","Siperfaqe":41.2}},
{"type":"Feature","geometry":{"type":"Polygon","coordinates":[[[19.698217286231582,40.957612992464995],[19.69818776636949,40.957567065186765],[19.6982247219395,40.957553526709304],[19.698254183216502,40.95759936280052],[19.698217286231582,40.957612992464995]]]},"properties":{"Zk_Numer":8573,"Zk_Emer":"LUSHNJË-SARAVË","Nr_Pas":"","Vol":0,"Faqe":0,"Pronaret":"","Kufizimet":"","Siperfaqe":19.6}},
{"type":"Feature","geometry":{"type":"Polygon","coordinates":[[[19.698576397246224,40.95783628080122],[19.69867173437537,40.95780490680984],[19.69869680208578,40.95784868455703],[19.698710421675656,40.95784420254889],[19.698726502870446,40.957872286381885],[19.698712883275864,40.9578767683919],[19.69873771455191,40.95792013313228],[19.698646735564463,40.95795007293682],[19.698640823364507,40.95793974799457],[19.698609225856718,40.95795014623154],[19.698568549998377,40.95787911060933],[19.698595789206,40.95787014662188],[19.698576397246224,40.95783628080122]]]},"properties":{"Zk_Numer":8573,"Zk_Emer":"LUSHNJË-SARAVË","Nr_Pas":"","Vol":0,"Faqe":0,"Pronaret":"","Kufizimet":"","Siperfaqe":147.3}},
{"type":"Feature","geometry":{"type":"Polygon","coordinates":[[[19.698563547718425,40.95801276860394],[19.69870676226248,40.957964071157434],[19.69877061473756,40.95807199121732],[19.69869794758799,40.95809670037067],[19.69868757778372,40.958079173872406],[19.69861703021692,40.958103162237094],[19.698563547718425,40.95801276860394]]]},"properties":{"Zk_Numer":8573,"Zk_Emer":"LUSHNJË-SARAVË","Nr_Pas":"","Vol":0,"Faqe":0,"Pronaret":"","Kufizimet":"","Siperfaqe":159.7}},
{"type":"Feature","geometry":{"type":"Polygon","coordinates":[[[19.698368747913527,40.958037583143934],[19.69844474422353,40.95801000052726],[19.698551482251986,40.95817901317212],[19.69847548579169,40.95820659585781],[19.69843347641819,40.95814007677285],[19.69841076591451,40.958148319465614],[19.698371928791303,40.95808682326499],[19.69839463927865,40.95807858057972],[19.698368747913527,40.958037583143934]]]},"properties":{"Zk_Numer":8573,"Zk_Emer":"LUSHNJË-SARAVË","Nr_Pas":"","Vol":0,"Faqe":0,"Pronaret":"","Kufizimet":"","Siperfaqe":163.7}},
{"type":"Feature","geometry":{"type":"Polygon","coordinates":[[[19.69832880442468,40.9587500273796],[19.698409324723276,40.9587233047727],[19.69842238206291,40.95871897137167],[19.698435005453888,40.95874083070843],[19.698462752302376,40.9587316222233],[19.698488237301806,40.95877575332677],[19.698470821020422,40.95878153335675],[19.698447433088123,40.958789295223184],[19.698366912724353,40.95881601785617],[19.69832880442468,40.9587500273796]]]},"properties":{"Zk_Numer":8573,"Zk_Emer":"LUSHNJË-SARAVË","Nr_Pas":"","Vol":0,"Faqe":0,"Pronaret":"","Kufizimet":"","Siperfaqe":82.4}},
{"type":"Feature","geometry":{"type":"Polygon","coordinates":[[[19.698501211365425,40.95881281458307],[19.698490867808818,40.95881624735173],[19.698386959468547,40.95885073186887],[19.698366912724353,40.95881601785617],[19.698447433088123,40.958789295223184],[19.698470821020422,40.95878153335675],[19.69848823730181,40.95877575332677],[19.6985082840976,40.95881046731877],[19.698501211365425,40.95881281458307]]]},"properties":{"Zk_Numer":8573,"Zk_Emer":"LUSHNJË-SARAVË","Nr_Pas":"","Vol":0,"Faqe":0,"Pronaret":"","Kufizimet":"","Siperfaqe":46.9}},
{"type":"Feature","geometry":{"type":"Polygon","coordinates":[[[19.698265925895406,40.95864114306465],[19.69826255275087,40.95864226252217],[19.698205628809355,40.958543689189526],[19.698278532142744,40.958519494475595],[19.698308542279598,40.95857146199165],[19.69834118556682,40.95856062851429],[19.698356905191922,40.95858784958653],[19.698303587799494,40.958605544268536],[19.69830763679134,40.95861255575831],[19.698314782073147,40.95862492897521],[19.698265925895406,40.95864114306465]]]},"properties":{"Zk_Numer":8573,"Zk_Emer":"LUSHNJË-SARAVË","Nr_Pas":"","Vol":0,"Faqe":0,"Pronaret":"","Kufizimet":"","Siperfaqe":85.5}},
{"type":"Feature","geometry":{"type":"Polygon","coordinates":[[[19.698438656435577,40.95867081108982],[19.698444641044173,40.9586688249463],[19.69846536246048,40.95870470724937],[19.69842238206291,40.95871897137167],[19.698409324723276,40.9587233047727],[19.69832880442468,40.9587500273796],[19.698308083068433,40.95871414505248],[19.698438656435577,40.95867081108982]]]},"properties":{"Zk_Numer":8573,"Zk_Emer":"LUSHNJË-SARAVË","Nr_Pas":"","Vol":0,"Faqe":0,"Pronaret":"","Kufizimet":"","Siperfaqe":54.6}},
{"type":"Feature","geometry":{"type":"Polygon","coordinates":[[[19.69825193840196,40.958706735789285],[19.698271945196666,40.95874138080454],[19.69819142482122,40.95876810331515],[19.69815823735038,40.958779117306435],[19.69814561404367,40.9587572579398],[19.6981793455623,40.95874606339482],[19.6981719621173,40.95873327772899],[19.69825193840196,40.958706735789285]]]},"properties":{"Zk_Numer":8573,"Zk_Emer":"LUSHNJË-SARAVË","Nr_Pas":"","Vol":0,"Faqe":0,"Pronaret":"","Kufizimet":"","Siperfaqe":39.1}},
{"type":"Feature","geometry":{"type":"Polygon","coordinates":[[[19.69825193840196,40.958706735789285],[19.6981719621173,40.95873327772899],[19.698171418060706,40.95873345828622],[19.69816716346496,40.95872609074187],[19.698117352276416,40.95863983420186],[19.69819787252522,40.95861311174195],[19.69825193840196,40.958706735789285]]]},"properties":{"Zk_Numer":8573,"Zk_Emer":"LUSHNJË-SARAVË","Nr_Pas":"","Vol":0,"Faqe":0,"Pronaret":"","Kufizimet":"","Siperfaqe":84}},
{"type":"Feature","geometry":{"type":"Polygon","coordinates":[[[19.698386959468547,40.95885073186887],[19.698490867808818,40.95881624735173],[19.698501211365425,40.95881281458307],[19.69851292972343,40.95883310663849],[19.698479198216173,40.95884430128093],[19.698507017416233,40.95889247429356],[19.698430849409885,40.958917752499936],[19.698426496950628,40.95891919696734],[19.698386959468547,40.95885073186887]]]},"properties":{"Zk_Numer":8573,"Zk_Emer":"LUSHNJË-SARAVË","Nr_Pas":"","Vol":0,"Faqe":0,"Pronaret":"","Kufizimet":"","Siperfaqe":69}},
{"type":"Feature","geometry":{"type":"Polygon","coordinates":[[[19.698438656435577,40.95867081108982],[19.698308083068433,40.95871414505248],[19.698265925895406,40.95864114306465],[19.698314782073147,40.95862492897521],[19.69830763679134,40.95861255575831],[19.698389353851496,40.95858543593684],[19.698438656435577,40.95867081108982]]]},"properties":{"Zk_Numer":8573,"Zk_Emer":"LUSHNJË-SARAVË","Nr_Pas":"","Vol":0,"Faqe":0,"Pronaret":"","Kufizimet":"","Siperfaqe":117.5}},
{"type":"Feature","geometry":{"type":"Polygon","coordinates":[[[19.69819142482122,40.95876810331515],[19.698271945196666,40.95874138080454],[19.69831984864023,40.95882433323797],[19.698239328182904,40.95885105578138],[19.69819142482122,40.95876810331515]]]},"properties":{"Zk_Numer":8573,"Zk_Emer":"LUSHNJË-SARAVË","Nr_Pas":"","Vol":0,"Faqe":0,"Pronaret":"","Kufizimet":"","Siperfaqe":74.4}},
{"type":"Feature","geometry":{"type":"Polygon","coordinates":[[[19.69906627472989,40.959760808204344],[19.699035645656522,40.95972435983519],[19.69911778277736,40.959684693909324],[19.699148411878728,40.95972114225731],[19.69906627472989,40.959760808204344]]]},"properties":{"Zk_Numer":8573,"Zk_Emer":"LUSHNJË-SARAVË","Nr_Pas":"","Vol":0,"Faqe":0,"Pronaret":"","Kufizimet":"","Siperfaqe":39.3}},
{"type":"Feature","geometry":{"type":"Polygon","coordinates":[[[19.698267169021452,40.958899266619426],[19.698347689526376,40.958872544056966],[19.69838387315682,40.9589352015188],[19.698303352590038,40.958961924106006],[19.698267169021452,40.958899266619426]]]},"properties":{"Zk_Numer":8573,"Zk_Emer":"LUSHNJË-SARAVË","Nr_Pas":"","Vol":0,"Faqe":0,"Pronaret":"","Kufizimet":"","Siperfaqe":56.2}},
{"type":"Feature","geometry":{"type":"Polygon","coordinates":[[[19.69837895760665,40.95909284555296],[19.69836065988422,40.95906116034907],[19.69834183428113,40.959028561007344],[19.69833725965394,40.95902063935223],[19.698417780278685,40.958993916741804],[19.698422354913703,40.959001838393796],[19.698441180548976,40.95903443772262],[19.698459478302677,40.95906612291399],[19.69837895760665,40.95909284555296]]]},"properties":{"Zk_Numer":8573,"Zk_Emer":"LUSHNJË-SARAVË","Nr_Pas":"","Vol":0,"Faqe":0,"Pronaret":"","Kufizimet":"","Siperfaqe":64.8}},
{"type":"Feature","geometry":{"type":"Polygon","coordinates":[[[19.698896001976873,40.95953079496631],[19.698814027404836,40.95956410026515],[19.698830901948934,40.959587968619545],[19.698769942065365,40.959612735841674],[19.69873532191031,40.95956376695723],[19.698796281760973,40.95953899975332],[19.69870771892155,40.95941373079237],[19.69878969335645,40.95938042556927],[19.698896001976873,40.95953079496631]]]},"properties":{"Zk_Numer":8573,"Zk_Emer":"LUSHNJË-SARAVË","Nr_Pas":"","Vol":0,"Faqe":0,"Pronaret":"","Kufizimet":"","Siperfaqe":184.3}},
{"type":"Feature","geometry":{"type":"Polygon","coordinates":[[[19.698347689526376,40.958872544056966],[19.698267169021452,40.958899266619426],[19.6982469897416,40.958905963560554],[19.698219148914983,40.958857752717726],[19.698239328182904,40.95885105578138],[19.69831984864023,40.95882433323797],[19.698347689526376,40.958872544056966]]]},"properties":{"Zk_Numer":8573,"Zk_Emer":"LUSHNJË-SARAVË","Nr_Pas":"","Vol":0,"Faqe":0,"Pronaret":"","Kufizimet":"","Siperfaqe":54.1}},
{"type":"Feature","geometry":{"type":"Polygon","coordinates":[[[19.69838387315682,40.9589352015188],[19.698417780278685,40.958993916741804],[19.69833725965394,40.95902063935223],[19.698303352590038,40.958961924106006],[19.69838387315682,40.9589352015188]]]},"properties":{"Zk_Numer":8573,"Zk_Emer":"LUSHNJË-SARAVË","Nr_Pas":"","Vol":0,"Faqe":0,"Pronaret":"","Kufizimet":"","Siperfaqe":52.7}},
{"type":"Feature","geometry":{"type":"Polygon","coordinates":[[[19.698631848769185,40.959337610190104],[19.69874807443905,40.959290416530074],[19.698776193366673,40.95933428145028],[19.698661996228704,40.9593802528894],[19.698631848769185,40.959337610190104]]]},"properties":{"Zk_Numer":8573,"Zk_Emer":"LUSHNJË-SARAVË","Nr_Pas":"","Vol":0,"Faqe":0,"Pronaret":"","Kufizimet":"","Siperfaqe":59.3}},
{"type":"Feature","geometry":{"type":"Polygon","coordinates":[[[19.69874807443905,40.959290416530074],[19.698631848769185,40.959337610190104],[19.698609860114406,40.959346538705454],[19.698585743595658,40.95931240672292],[19.698607732245687,40.95930347821073],[19.698581933197843,40.95926696492622],[19.698698158775347,40.959219771316995],[19.69874807443905,40.959290416530074]]]},"properties":{"Zk_Numer":8573,"Zk_Emer":"LUSHNJË-SARAVË","Nr_Pas":"","Vol":0,"Faqe":0,"Pronaret":"","Kufizimet":"","Siperfaqe":107.8}},
{"type":"Feature","geometry":{"type":"Polygon","coordinates":[[[19.698698158775347,40.959219771316995],[19.698581933197843,40.95926696492622],[19.698505929029764,40.95915939627752],[19.698599358702943,40.95912145901799],[19.698642889085157,40.95918306746503],[19.698665684869212,40.95917381118213],[19.698698158775347,40.959219771316995]]]},"properties":{"Zk_Numer":8573,"Zk_Emer":"LUSHNJË-SARAVË","Nr_Pas":"","Vol":0,"Faqe":0,"Pronaret":"","Kufizimet":"","Siperfaqe":133.5}},
{"type":"Feature","geometry":{"type":"Polygon","coordinates":[[[19.69848608894833,40.95931380712137],[19.698551676880694,40.95928646695862],[19.698601566133817,40.95935524609467],[19.69856847758314,40.959369038984356],[19.6985527048616,40.95937561380332],[19.698535978153622,40.9593825862853],[19.69848608894833,40.95931380712137]]]},"properties":{"Zk_Numer":8573,"Zk_Emer":"LUSHNJË-SARAVË","Nr_Pas":"","Vol":0,"Faqe":0,"Pronaret":"","Kufizimet":"","Siperfaqe":54.9}},
{"type":"Feature","geometry":{"type":"Polygon","coordinates":[[[19.69854322054512,40.958955165189955],[19.698606739624005,40.95906515724722],[19.69851404781651,40.959095919283314],[19.69845052886263,40.958985927175995],[19.698467052480225,40.95898044341976],[19.69854322054512,40.958955165189955]]]},"properties":{"Zk_Numer":8573,"Zk_Emer":"LUSHNJË-SARAVË","Nr_Pas":"","Vol":0,"Faqe":0,"Pronaret":"","Kufizimet":"","Siperfaqe":113.6}},
{"type":"Feature","geometry":{"type":"Polygon","coordinates":[[[19.69837895760665,40.95909284555296],[19.698459478302677,40.95906612291399],[19.698478219690347,40.95909857628693],[19.698397698962278,40.95912529893872],[19.69837895760665,40.95909284555296]]]},"properties":{"Zk_Numer":8573,"Zk_Emer":"LUSHNJË-SARAVË","Nr_Pas":"","Vol":0,"Faqe":0,"Pronaret":"","Kufizimet":"","Siperfaqe":29.1}},
{"type":"Feature","geometry":{"type":"Polygon","coordinates":[[[19.697913188895654,40.95805144888818],[19.697839383052496,40.95807709569983],[19.69781669767283,40.95803957696723],[19.697890503482807,40.958013930169834],[19.697913188895654,40.95805144888818]]]},"properties":{"Zk_Numer":8573,"Zk_Emer":"LUSHNJË-SARAVË","Nr_Pas":"","Vol":0,"Faqe":0,"Pronaret":"","Kufizimet":"","Siperfaqe":31.3}},
{"type":"Feature","geometry":{"type":"Polygon","coordinates":[[[19.691957593219236,40.955273205118324],[19.69196998345383,40.95521943004828],[19.692251896760517,40.955256762911105],[19.692239506747324,40.95531053801191],[19.691957593219236,40.955273205118324]]]},"properties":{"Zk_Numer":8573,"Zk_Emer":"LUSHNJË-SARAVË","Nr_Pas":"","Vol":0,"Faqe":0,"Pronaret":"","Kufizimet":"","Siperfaqe":146.1}},
{"type":"Feature","geometry":{"type":"Polygon","coordinates":[[[19.6919023818222,40.95515816787982],[19.69194921315451,40.95509064733448],[19.6922156544404,40.95519686166781],[19.69222902042324,40.95517759070191],[19.692284712635267,40.95519979176015],[19.692263431794075,40.955230474335636],[19.692227200753077,40.95521603125176],[19.692205754979145,40.95524695156891],[19.6921469329729,40.95522350281833],[19.6921378760406,40.95523656099241],[19.69208673909628,40.95521617576889],[19.69207832553125,40.955228306325225],[19.6919023818222,40.95515816787982]]]},"properties":{"Zk_Numer":8573,"Zk_Emer":"LUSHNJË-SARAVË","Nr_Pas":"","Vol":0,"Faqe":0,"Pronaret":"","Kufizimet":"","Siperfaqe":223.1}},
{"type":"Feature","geometry":{"type":"Polygon","coordinates":[[[19.70337354472469,40.95108472189172],[19.703348196288783,40.9510502807917],[19.703395074682582,40.95103044799415],[19.703420423133693,40.95106488908478],[19.70337354472469,40.95108472189172]]]},"properties":{"Zk_Numer":8573,"Zk_Emer":"LUSHNJË-SARAVË","Nr_Pas":"","Vol":0,"Faqe":0,"Pronaret":"","Kufizimet":"","Siperfaqe":19.8}},
{"type":"Feature","geometry":{"type":"Polygon","coordinates":[[[19.706230710388688,40.954389169588055],[19.706336596850836,40.954444063299064],[19.7061964769819,40.95459941253352],[19.70609059038912,40.95454451869486],[19.706230710388688,40.954389169588055]]]},"properties":{"Zk_Numer":8573,"Zk_Emer":"LUSHNJË-SARAVË","Nr_Pas":"","Vol":0,"Faqe":0,"Pronaret":"","Kufizimet":"","Siperfaqe":225.7}},
{"type":"Feature","geometry":{"type":"Polygon","coordinates":[[[19.706323752684973,40.95437360152278],[19.706262051969823,40.95434312663714],[19.706308408360403,40.95428918164519],[19.70637010904694,40.95431965650623],[19.706323752684973,40.95437360152278]]]},"properties":{"Zk_Numer":8573,"Zk_Emer":"LUSHNJË-SARAVË","Nr_Pas":"","Vol":0,"Faqe":0,"Pronaret":"","Kufizimet":"","Siperfaqe":44.3}},
{"type":"Feature","geometry":{"type":"Polygon","coordinates":[[[19.690928779689116,40.954912394013704],[19.69092622356386,40.95484380609203],[19.690952937126042,40.95484323388261],[19.69095150138875,40.95480470943306],[19.69103160847984,40.95480209266454],[19.69103563404583,40.95491010513693],[19.690956324368393,40.954911804001604],[19.690955493278917,40.95491182180379],[19.690928779689116,40.954912394013704]]]},"properties":{"Zk_Numer":8573,"Zk_Emer":"LUSHNJË-SARAVË","Nr_Pas":"","Vol":0,"Faqe":0,"Pronaret":"","Kufizimet":"","Siperfaqe":97.8}},
{"type":"Feature","geometry":{"type":"Polygon","coordinates":[[[19.690886794449916,40.9547327521423],[19.69089779422369,40.954631161407995],[19.691048723375687,40.95464055403458],[19.69103772383154,40.95474214478394],[19.690886794449916,40.9547327521423]]]},"properties":{"Zk_Numer":8573,"Zk_Emer":"LUSHNJË-SARAVË","Nr_Pas":"","Vol":0,"Faqe":0,"Pronaret":"","Kufizimet":"","Siperfaqe":144.3}},
{"type":"Feature","geometry":{"type":"Polygon","coordinates":[[[19.690882359531102,40.95477371168039],[19.690825183906473,40.95477015347286],[19.69084539956855,40.954583448933256],[19.69090257503328,40.95458700713032],[19.690897794223687,40.954631161407995],[19.690886794449916,40.9547327521423],[19.690882359531102,40.95477371168039]]]},"properties":{"Zk_Numer":8573,"Zk_Emer":"LUSHNJË-SARAVË","Nr_Pas":"","Vol":0,"Faqe":0,"Pronaret":"","Kufizimet":"","Siperfaqe":100.5}},
{"type":"Feature","geometry":{"type":"Polygon","coordinates":[[[19.690761627158906,40.95416545431081],[19.690787976350425,40.954111781800755],[19.69083751072484,40.954125758922366],[19.69081116156774,40.954179431443734],[19.690761627158906,40.95416545431081]]]},"properties":{"Zk_Numer":8573,"Zk_Emer":"LUSHNJË-SARAVË","Nr_Pas":"","Vol":0,"Faqe":0,"Pronaret":"","Kufizimet":"","Siperfaqe":28.3}},
{"type":"Feature","geometry":{"type":"Polygon","coordinates":[[[19.691131263284376,40.954082582878364],[19.691213560817495,40.95411448261463],[19.691149441491024,40.95420956170423],[19.691100017351918,40.954190404183365],[19.691088696748825,40.95420719084405],[19.691049920865684,40.954192651290555],[19.691044816591237,40.9542004754862],[19.691025147511255,40.954193100285096],[19.69104166249556,40.95416778494402],[19.69103967422579,40.9541670142593],[19.691102866170986,40.95407014895877],[19.69110772585668,40.95406294279794],[19.691136885752456,40.95407424562422],[19.691131263284376,40.954082582878364]]]},"properties":{"Zk_Numer":8573,"Zk_Emer":"LUSHNJË-SARAVË","Nr_Pas":"","Vol":0,"Faqe":0,"Pronaret":"","Kufizimet":"","Siperfaqe":140.4}},
{"type":"Feature","geometry":{"type":"Polygon","coordinates":[[[19.69213935462055,40.95169075967721],[19.692196084223895,40.95161195694528],[19.692275315234664,40.95164474322285],[19.692218585696978,40.95172354599354],[19.69213935462055,40.95169075967721]]]},"properties":{"Zk_Numer":8573,"Zk_Emer":"LUSHNJË-SARAVË","Nr_Pas":"","Vol":0,"Faqe":0,"Pronaret":"","Kufizimet":"","Siperfaqe":75.8}},
{"type":"Feature","geometry":{"type":"Polygon","coordinates":[[[19.692744514233148,40.951905871799376],[19.69278254872699,40.951796604625905],[19.69288073452478,40.95181625007539],[19.692842700181142,40.9519255172814],[19.692744514233148,40.951905871799376]]]},"properties":{"Zk_Numer":8573,"Zk_Emer":"LUSHNJË-SARAVË","Nr_Pas":"","Vol":0,"Faqe":0,"Pronaret":"","Kufizimet":"","Siperfaqe":107.3}},
{"type":"Feature","geometry":{"type":"Polygon","coordinates":[[[19.69266108663789,40.95165832010682],[19.692650878387376,40.95167327471221],[19.692692015485147,40.95168941601642],[19.69266876032435,40.95172348373178],[19.6925515723447,40.95167750164668],[19.692574827549308,40.951643433954835],[19.692614909813233,40.95165916140603],[19.69262511806965,40.9516442068038],[19.69266108663789,40.95165832010682]]]},"properties":{"Zk_Numer":8573,"Zk_Emer":"LUSHNJË-SARAVË","Nr_Pas":"","Vol":0,"Faqe":0,"Pronaret":"","Kufizimet":"","Siperfaqe":53.7}},
{"type":"Feature","geometry":{"type":"Polygon","coordinates":[[[19.693045332226905,40.951382110410115],[19.692977617646708,40.951463110352144],[19.692934983459306,40.951442622897446],[19.69292856168945,40.95145030457757],[19.692859143252544,40.95141694614324],[19.692933419393285,40.95132928577168],[19.69300244367989,40.95136192717482],[19.693002698070384,40.951361622980286],[19.693045332226905,40.951382110410115]]]},"properties":{"Zk_Numer":8573,"Zk_Emer":"LUSHNJË-SARAVË","Nr_Pas":"","Vol":0,"Faqe":0,"Pronaret":"","Kufizimet":"","Siperfaqe":125.1}},
{"type":"Feature","geometry":{"type":"Polygon","coordinates":[[[19.693165499396265,40.95114811031164],[19.693211707881094,40.95116737869302],[19.693135198670078,40.951270091487224],[19.693045847642303,40.951231833306736],[19.69313742516361,40.95110889164481],[19.693180859623617,40.95112748934578],[19.693165499396265,40.95114811031164]]]},"properties":{"Zk_Numer":8573,"Zk_Emer":"LUSHNJË-SARAVË","Nr_Pas":"","Vol":0,"Faqe":0,"Pronaret":"","Kufizimet":"","Siperfaqe":123.9}},
{"type":"Feature","geometry":{"type":"Polygon","coordinates":[[[19.694132479754305,40.95112893726565],[19.694063403652525,40.95107031283672],[19.69417075272116,40.950997604448936],[19.694190533957745,40.95101439264487],[19.694166619580372,40.951030590070864],[19.69421591446235,40.951072426250434],[19.694132479754305,40.95112893726565]]]},"properties":{"Zk_Numer":8573,"Zk_Emer":"LUSHNJË-SARAVË","Nr_Pas":"","Vol":0,"Faqe":0,"Pronaret":"","Kufizimet":"","Siperfaqe":89}},
{"type":"Feature","geometry":{"type":"Polygon","coordinates":[[[19.687767426781175,40.95634017263314],[19.687766456567726,40.95634130549211],[19.68781218264649,40.95636381271983],[19.68771121563244,40.9564817055693],[19.687817810424512,40.95653417342098],[19.687785081805163,40.95657238853811],[19.68767818811415,40.956519773550085],[19.687679223012896,40.956518565168025],[19.687634393463846,40.95649649920737],[19.687633552608236,40.95649748101746],[19.68747075928141,40.956419711013396],[19.687605841629605,40.95626063714443],[19.687767426781175,40.95634017263314]]]},"properties":{"Zk_Numer":8573,"Zk_Emer":"LUSHNJË-SARAVË","Nr_Pas":"","Vol":0,"Faqe":0,"Pronaret":"","Kufizimet":"","Siperfaqe":486.5}},
{"type":"Feature","geometry":{"type":"Polygon","coordinates":[[[19.691853991631554,40.95096440159156],[19.691648802280987,40.95088184582748],[19.691739867733265,40.950751739074015],[19.691945552722064,40.95083358613484],[19.691853991631554,40.95096440159156]]]},"properties":{"Zk_Numer":8573,"Zk_Emer":"LUSHNJË-SARAVË","Nr_Pas":"","Vol":0,"Faqe":0,"Pronaret":"","Kufizimet":"","Siperfaqe":320.8}},
{"type":"Feature","geometry":{"type":"Polygon","coordinates":[[[19.693533918542208,40.950818557460416],[19.69358744702961,40.95076834237717],[19.693591402402014,40.95076463183759],[19.693684604498156,40.95082174236185],[19.693645597090956,40.95085833528041],[19.69362712066408,40.9508756680307],[19.693533918542208,40.950818557460416]]]},"properties":{"Zk_Numer":8573,"Zk_Emer":"LUSHNJË-SARAVË","Nr_Pas":"","Vol":0,"Faqe":0,"Pronaret":"","Kufizimet":"","Siperfaqe":77.7}},
{"type":"Feature","geometry":{"type":"Polygon","coordinates":[[[19.693533918542208,40.950818557460416],[19.69362712066408,40.9508756680307],[19.69357224964419,40.95092714250526],[19.693551096714792,40.95091418083631],[19.693535493917828,40.95092881778799],[19.69351064616232,40.95091359206375],[19.693496975283114,40.95090521508309],[19.693487922946098,40.95089966816257],[19.693503525746614,40.95088503121727],[19.693479047497753,40.950870031891064],[19.693533918542208,40.950818557460416]]]},"properties":{"Zk_Numer":8573,"Zk_Emer":"LUSHNJË-SARAVË","Nr_Pas":"","Vol":0,"Faqe":0,"Pronaret":"","Kufizimet":"","Siperfaqe":84.9}},
{"type":"Feature","geometry":{"type":"Polygon","coordinates":[[[19.698505127118114,40.9494572631472],[19.698472886602723,40.949434214304205],[19.69850164772884,40.94941108741598],[19.69853388824308,40.94943413625103],[19.69853503569565,40.94943403794914],[19.69853618696876,40.9494339700178],[19.6985373406645,40.94943393253953],[19.698538495382024,40.94943392555979],[19.698539649719233,40.949433949087094],[19.698540802274497,40.94943400309286],[19.698541951648348,40.94943408751152],[19.69854309644519,40.94943420224055],[19.698544235274966,40.949434347140674],[19.69854536675488,40.94943452203593],[19.698546489511056,40.949434726713946],[19.698547602180206,40.949434960926204],[19.698548703411294,40.949435224388345],[19.698549791867176,40.949435516780426],[19.698550866226213,40.94943583774742],[19.69855192518389,40.949436186899625],[19.698552967454383,40.94943656381307],[19.698553991772137,40.9494369680301],[19.698554996893396,40.9494373990599],[19.698555981597714,40.9494378563791],[19.698556944689425,40.949438339432426],[19.698557884999115,40.94943884763331],[19.69855880138504,40.949439380364694],[19.698559692734488,40.94943993697973],[19.69856055796516,40.949440516802554],[19.698561396026456,40.949441119129126],[19.698562205900785,40.94944174322807],[19.698562986604774,40.9494423883416],[19.698563737190458,40.949443053686394],[19.698564456746464,40.949443738454576],[19.698565144399073,40.94944444181468],[19.69856579931332,40.94944516291267],[19.698566420693993,40.94944590087293],[19.698567007786583,40.949446654799445],[19.698567559878224,40.94944742377677],[19.698568076298553,40.949448206871175],[19.69856855642051,40.94944900313182],[19.698568999661116,40.94944981159184],[19.69856940548218,40.9494506312696],[19.69856977339093,40.9494514611698],[19.698570102940646,40.94945230028477],[19.69857039373117,40.94945314759561],[19.698570645409426,40.94945400207351],[19.6985708576698,40.94945486268092],[19.69857103025457,40.94945572837289],[19.698571162954174,40.94945659809824],[19.69857125560748,40.94945747080092],[19.698571308101982,40.94945834542129],[19.698571320373947,40.949459220897346],[19.698571292408467,40.94946009616606],[19.69857122423949,40.94946097016465],[19.698571115949797,40.9494618418319],[19.69857096767087,40.949462710109366],[19.69857077958276,40.94946357394279],[19.698570551913836,40.94946443228327],[19.69857028494055,40.94946528408858],[19.69856997898706,40.94946612832443],[19.69856963442487,40.949466963965726],[19.69856925167235,40.9494677899978],[19.698568831194255,40.949468605417664],[19.698568373501136,40.9494694092352],[19.69856787914874,40.94947020047438],[19.698567348737324,40.949470978174496],[19.698566782910934,40.94947174139121],[19.6985661823566,40.94947248919779],[19.698565547803547,40.949473220686244],[19.69856488002226,40.94947393496836],[19.698564179823585,40.94947463117685],[19.698563448057723,40.949475308466354],[19.698562685613204,40.949475966014475],[19.69856189341581,40.94947660302281],[19.69856107242746,40.94947721871786],[19.69856022364502,40.94947781235205],[19.698559348099103,40.94947838320456],[19.698558446852832,40.94947893058225],[19.698557521000527,40.94947945382048],[19.698556571666384,40.949479952283895],[19.698555600003115,40.94948042536727],[19.698554607190548,40.94948087249615],[19.698553594434184,40.94948129312764],[19.69855256296375,40.94948168675098],[19.698551514031685,40.949482052888214],[19.698550448911636,40.949482391094776],[19.69854936889691,40.94948270096001],[19.698548275298897,40.949482982107654],[19.698547169445472,40.94948323419635],[19.698546052679408,40.94948345691997],[19.698544926356707,40.949483650008126],[19.698543791844994,40.94948381322631],[19.698542650521834,40.949483946376354],[19.698541503773047,40.94948404929661],[19.69854035299106,40.94948412186207],[19.698539199573194,40.949484163984664],[19.69853804491996,40.94948417561321],[19.698536890433378,40.94948415673359],[19.69853573751526,40.949484107368754],[19.698534587565522,40.94948402757863],[19.69853344198047,40.94948391746009],[19.698532302151108,40.94948377714687],[19.698531169461454,40.94948360680931],[19.698530045286855,40.94948340665425],[19.698528930992328,40.94948317692475],[19.698527827930878,40.94948291789972],[19.69852673744188,40.94948262989371],[19.698525660849445,40.94948231325638],[19.6985245994608,40.94948196837225],[19.698523554564723,40.94948159566007],[19.698522527429954,40.949481195572375],[19.698521519303682,40.949480768595016],[19.698520531409997,40.9494803152464],[19.698519564948437,40.94947983607702],[19.698518621092507,40.949479331668684],[19.698517700988273,40.94947880263387],[19.69851680575295,40.949478249614955],[19.698515936473555,40.94947767328341],[19.698515094205607,40.949477074339065],[19.698514279971807,40.949476453509156],[19.698513494760824,40.949475811547515],[19.698512739526088,40.94947514923365],[19.69851201518462,40.94947446737174],[19.69851132261595,40.94947376678975],[19.698510662661004,40.94947304833833],[19.69851003612113,40.949472312889846],[19.69850944375709,40.94947156133732],[19.698508886288142,40.949470794593296],[19.698508364391188,40.94947001358879],[19.698507878699928,40.949469219272096],[19.698507429804106,40.94946841260773],[19.69850701824878,40.94946759457517],[19.698506644533676,40.94946676616766],[19.698506309112567,40.94946592839111],[19.698506012392727,40.94946508226278],[19.69850575473445,40.94946422881005],[19.698505536450583,40.949463369069214],[19.698505357806177,40.949462504084195],[19.69850521901814,40.94946163490529],[19.698505120255003,40.94946076258787],[19.69850506163667,40.94945988819116],[19.698505043234327,40.94945901277683],[19.698505065070314,40.94945813740789],[19.698505127118114,40.9494572631472]]]},"properties":{"Zk_Numer":8573,"Zk_Emer":"LUSHNJË-SARAVË","Nr_Pas":"","Vol":0,"Faqe":0,"Pronaret":"","Kufizimet":"","Siperfaqe":36.1}},
{"type":"Feature","geometry":{"type":"Polygon","coordinates":[[[19.69827842477326,40.94944429742896],[19.698254258404173,40.949416148096624],[19.698246613283636,40.94940724294482],[19.698269207937614,40.949396092103484],[19.69827685305992,40.949404997253794],[19.69830173703324,40.9493927165847],[19.698325903414073,40.94942086590726],[19.69827842477326,40.94944429742896]]]},"properties":{"Zk_Numer":8573,"Zk_Emer":"LUSHNJË-SARAVË","Nr_Pas":"","Vol":0,"Faqe":0,"Pronaret":"","Kufizimet":"","Siperfaqe":20.5}},
{"type":"Feature","geometry":{"type":"Polygon","coordinates":[[[19.70383234063198,40.95014989170863],[19.70385176080366,40.95013463525452],[19.703864764284553,40.95013502472155],[19.7038485631244,40.95012469904311],[19.703861731291802,40.95012680245182],[19.703882012811622,40.95011086930745],[19.703925465822778,40.950142664973136],[19.70387517907481,40.95018275081048],[19.70383234063198,40.95014989170863]]]},"properties":{"Zk_Numer":8573,"Zk_Emer":"LUSHNJË-SARAVË","Nr_Pas":"","Vol":0,"Faqe":0,"Pronaret":"","Kufizimet":"","Siperfaqe":31}},
{"type":"Feature","geometry":{"type":"Polygon","coordinates":[[[19.68670111291675,40.959446460748445],[19.686608009051255,40.95942999189519],[19.686640258619057,40.959325217821004],[19.686733362345677,40.959341686648024],[19.68670111291675,40.959446460748445]]]},"properties":{"Zk_Numer":8573,"Zk_Emer":"LUSHNJË-SARAVË","Nr_Pas":"","Vol":0,"Faqe":0,"Pronaret":"","Kufizimet":"","Siperfaqe":96.2}},
{"type":"Feature","geometry":{"type":"Polygon","coordinates":[[[19.686808329641078,40.959042048302],[19.686779610863383,40.959136809784795],[19.68663965282165,40.95911243368991],[19.6866683717885,40.95901767224226],[19.686808329641078,40.959042048302]]]},"properties":{"Zk_Numer":8573,"Zk_Emer":"LUSHNJË-SARAVË","Nr_Pas":"","Vol":0,"Faqe":0,"Pronaret":"","Kufizimet":"","Siperfaqe":130.5}},
{"type":"Feature","geometry":{"type":"Polygon","coordinates":[[[19.686482398381028,40.95974330987512],[19.686452834711844,40.959798782844985],[19.686312394190125,40.95975577061432],[19.686360264469105,40.95966594761177],[19.686415752974412,40.95968294190679],[19.686397446486502,40.95971729198425],[19.686482398381028,40.95974330987512]]]},"properties":{"Zk_Numer":8573,"Zk_Emer":"LUSHNJË-SARAVË","Nr_Pas":"","Vol":0,"Faqe":0,"Pronaret":"","Kufizimet":"","Siperfaqe":105.5}},
{"type":"Feature","geometry":{"type":"Polygon","coordinates":[[[19.686836459913398,40.95710903243876],[19.686819316404037,40.957131953690606],[19.68674388871342,40.95709953097787],[19.686770252425536,40.95706428215567],[19.68684568008927,40.95709670485164],[19.686836459913398,40.95710903243876]]]},"properties":{"Zk_Numer":8573,"Zk_Emer":"LUSHNJË-SARAVË","Nr_Pas":"","Vol":0,"Faqe":0,"Pronaret":"","Kufizimet":"","Siperfaqe":32.9}},
{"type":"Feature","geometry":{"type":"Polygon","coordinates":[[[19.68689249010653,40.961428387549155],[19.687016532604847,40.96148860017706],[19.686420796851024,40.96219382973641],[19.68629675358183,40.96213361647212],[19.68689249010653,40.961428387549155]]]},"properties":{"Zk_Numer":8573,"Zk_Emer":"LUSHNJË-SARAVË","Nr_Pas":"","Vol":0,"Faqe":0,"Pronaret":"","Kufizimet":"","Siperfaqe":1153.2}},
{"type":"Feature","geometry":{"type":"Polygon","coordinates":[[[19.68716038470281,40.96155913769219],[19.687284427690457,40.961619350032265],[19.68668869359511,40.96232458096589],[19.68656464983656,40.962264367989434],[19.68716038470281,40.96155913769219]]]},"properties":{"Zk_Numer":8573,"Zk_Emer":"LUSHNJË-SARAVË","Nr_Pas":"","Vol":0,"Faqe":0,"Pronaret":"","Kufizimet":"","Siperfaqe":1153.2}},
{"type":"Feature","geometry":{"type":"Polygon","coordinates":[[[19.68758241223025,40.9606121501307],[19.68770645383673,40.960672362021626],[19.687110732798367,40.96137759529894],[19.686986690420994,40.96131738277166],[19.68758241223025,40.9606121501307]]]},"properties":{"Zk_Numer":8573,"Zk_Emer":"LUSHNJË-SARAVË","Nr_Pas":"","Vol":0,"Faqe":0,"Pronaret":"","Kufizimet":"","Siperfaqe":1153.2}},
{"type":"Feature","geometry":{"type":"Polygon","coordinates":[[[19.687850304907858,40.9607428986822],[19.687974347003646,40.9608031102853],[19.687378627623787,40.96150834493683],[19.687254584757085,40.96144813269739],[19.687850304907858,40.9607428986822]]]},"properties":{"Zk_Numer":8573,"Zk_Emer":"LUSHNJË-SARAVË","Nr_Pas":"","Vol":0,"Faqe":0,"Pronaret":"","Kufizimet":"","Siperfaqe":1153.2}},
{"type":"Feature","geometry":{"type":"Polygon","coordinates":[[[19.686878473225416,40.96119468743456],[19.686898445235443,40.961204382108534],[19.686907437544033,40.96120874714459],[19.686859401415326,40.96126561323256],[19.68683043699291,40.96125155326774],[19.686878473225416,40.96119468743456]]]},"properties":{"Zk_Numer":8573,"Zk_Emer":"LUSHNJË-SARAVË","Nr_Pas":"","Vol":0,"Faqe":0,"Pronaret":"","Kufizimet":"","Siperfaqe":21.7}},
{"type":"Feature","geometry":{"type":"Polygon","coordinates":[[[19.68683043699291,40.96125155326774],[19.686729357449178,40.96120248691468],[19.686777393523528,40.96114562102196],[19.686878473225416,40.96119468743456],[19.68683043699291,40.96125155326774]]]},"properties":{"Zk_Numer":8573,"Zk_Emer":"LUSHNJË-SARAVË","Nr_Pas":"","Vol":0,"Faqe":0,"Pronaret":"","Kufizimet":"","Siperfaqe":75.8}},
{"type":"Feature","geometry":{"type":"Polygon","coordinates":[[[19.698859744407358,40.9484843042056],[19.699047936730917,40.94853802347851],[19.69901071701653,40.948612981176254],[19.69884091383384,40.94856451107101],[19.698856559774786,40.9485330015103],[19.69883817045946,40.94852775228443],[19.698859744407358,40.9484843042056]]]},"properties":{"Zk_Numer":8573,"Zk_Emer":"LUSHNJË-SARAVË","Nr_Pas":"","Vol":0,"Faqe":0,"Pronaret":"","Kufizimet":"","Siperfaqe":144.4}},
{"type":"Feature","geometry":{"type":"Polygon","coordinates":[[[19.690444571384162,40.95453783534146],[19.69021391250873,40.954484599304095],[19.690352459591303,40.954234844883736],[19.690512881945743,40.95426800892206],[19.690444571384162,40.95453783534146]]]},"properties":{"Zk_Numer":8573,"Zk_Emer":"LUSHNJË-SARAVË","Nr_Pas":"","Vol":0,"Faqe":0,"Pronaret":"","Kufizimet":"","Siperfaqe":516.8}},
{"type":"Feature","geometry":{"type":"Polygon","coordinates":[[[19.686410274898634,40.95677311384729],[19.686443367631835,40.95678876924901],[19.68633018103256,40.95692627585569],[19.68629708825783,40.9569106204217],[19.686410274898634,40.95677311384729]]]},"properties":{"Zk_Numer":8573,"Zk_Emer":"LUSHNJË-SARAVË","Nr_Pas":"","Vol":0,"Faqe":0,"Pronaret":"","Kufizimet":"","Siperfaqe":59.1}},
{"type":"Feature","geometry":{"type":"Polygon","coordinates":[[[19.682256443766168,40.95466122812272],[19.682193068166836,40.954741611304804],[19.68176171853218,40.954546142190026],[19.681825094464756,40.95446575924354],[19.682256443766168,40.95466122812272]]]},"properties":{"Zk_Numer":8573,"Zk_Emer":"LUSHNJË-SARAVË","Nr_Pas":"","Vol":0,"Faqe":0,"Pronaret":"","Kufizimet":"","Siperfaqe":440}},
{"type":"Feature","geometry":{"type":"Polygon","coordinates":[[[19.682354738512856,40.954721414068594],[19.68243490436679,40.954760086884676],[19.682358388165216,40.95485125117392],[19.682278222246335,40.95481257830501],[19.682354738512856,40.954721414068594]]]},"properties":{"Zk_Numer":8573,"Zk_Emer":"LUSHNJË-SARAVË","Nr_Pas":"","Vol":0,"Faqe":0,"Pronaret":"","Kufizimet":"","Siperfaqe":96}},
{"type":"Feature","geometry":{"type":"Polygon","coordinates":[[[19.683827130884286,40.95547464429951],[19.683722467334803,40.95542662287757],[19.68375998088994,40.955379630509064],[19.683864644392834,40.95542765189715],[19.683827130884286,40.95547464429951]]]},"properties":{"Zk_Numer":8573,"Zk_Emer":"LUSHNJË-SARAVË","Nr_Pas":"","Vol":0,"Faqe":0,"Pronaret":"","Kufizimet":"","Siperfaqe":62.8}},
{"type":"Feature","geometry":{"type":"Polygon","coordinates":[[[19.683827130884286,40.95547464429951],[19.683864644392834,40.95542765189715],[19.683865050853342,40.9554278383878],[19.68396829189508,40.9554752069647],[19.6839307784327,40.95552219940054],[19.68382753734498,40.95547483079028],[19.683827130884286,40.95547464429951]]]},"properties":{"Zk_Numer":8573,"Zk_Emer":"LUSHNJË-SARAVË","Nr_Pas":"","Vol":0,"Faqe":0,"Pronaret":"","Kufizimet":"","Siperfaqe":62.2}},
{"type":"Feature","geometry":{"type":"Polygon","coordinates":[[[19.679714546094903,40.94913327769216],[19.67980949749325,40.94901950240502],[19.68002927421113,40.94912494027723],[19.67996838331044,40.94919790299577],[19.680032320199956,40.949228576587956],[19.67999825994951,40.94926938935501],[19.679714546094903,40.94913327769216]]]},"properties":{"Zk_Numer":8573,"Zk_Emer":"LUSHNJË-SARAVË","Nr_Pas":"","Vol":0,"Faqe":0,"Pronaret":"","Kufizimet":"","Siperfaqe":361.6}},
{"type":"Feature","geometry":{"type":"Polygon","coordinates":[[[19.68550390055192,40.95451890775258],[19.68562099028825,40.954570082728274],[19.685578177257344,40.954626385265044],[19.68546120665421,40.95457526234315],[19.68550390055192,40.95451890775258]]]},"properties":{"Zk_Numer":8573,"Zk_Emer":"LUSHNJË-SARAVË","Nr_Pas":"","Vol":0,"Faqe":0,"Pronaret":"","Kufizimet":"","Siperfaqe":82.1}},
{"type":"Feature","geometry":{"type":"Polygon","coordinates":[[[19.685286665959914,40.954790665367504],[19.685319606615703,40.95480503126044],[19.68529888214295,40.95483234629746],[19.68526594147793,40.95481798039956],[19.685286665959914,40.954790665367504]]]},"properties":{"Zk_Numer":8573,"Zk_Emer":"LUSHNJË-SARAVË","Nr_Pas":"","Vol":0,"Faqe":0,"Pronaret":"","Kufizimet":"","Siperfaqe":11.2}},
{"type":"Feature","geometry":{"type":"Polygon","coordinates":[[[19.68583543450871,40.9549683660994],[19.685580215288358,40.95487251095521],[19.685639215534135,40.954782221521846],[19.68589443449375,40.95487807653598],[19.68583543450871,40.9549683660994]]]},"properties":{"Zk_Numer":8573,"Zk_Emer":"LUSHNJË-SARAVË","Nr_Pas":"","Vol":0,"Faqe":0,"Pronaret":"","Kufizimet":"","Siperfaqe":268.3}},
{"type":"Feature","geometry":{"type":"Polygon","coordinates":[[[19.685499587603445,40.9547885475428],[19.68552574473062,40.954798095741175],[19.685567838600416,40.954735194246965],[19.68562981001905,40.95469494785896],[19.685688688899685,40.95474602535988],[19.68564158581971,40.95477542484899],[19.68557365538274,40.95488005373349],[19.685575074203953,40.95492265216842],[19.68548403248192,40.95491698426161],[19.68548787494612,40.95486956549528],[19.685497460579438,40.95485302179925],[19.68546346956176,40.95483904953362],[19.685499587603445,40.9547885475428]]]},"properties":{"Zk_Numer":8573,"Zk_Emer":"LUSHNJË-SARAVË","Nr_Pas":"","Vol":0,"Faqe":0,"Pronaret":"","Kufizimet":"","Siperfaqe":209.8}},
{"type":"Feature","geometry":{"type":"Polygon","coordinates":[[[19.682522340136785,40.95490186621843],[19.682584039515906,40.9548249225532],[19.683172692341596,40.95509622230155],[19.68311099338934,40.955173166279735],[19.682522340136785,40.95490186621843]]]},"properties":{"Zk_Numer":8573,"Zk_Emer":"LUSHNJË-SARAVË","Nr_Pas":"","Vol":0,"Faqe":0,"Pronaret":"","Kufizimet":"","Siperfaqe":580}},
{"type":"Feature","geometry":{"type":"Polygon","coordinates":[[[19.687083895141086,40.96090684358058],[19.687013981737277,40.960872906051286],[19.68741576165098,40.960397265830004],[19.687510489860745,40.96044324886733],[19.687283803488032,40.96071160909095],[19.68725898833041,40.96069956329261],[19.687083895141086,40.96090684358058]]]},"properties":{"Zk_Numer":8573,"Zk_Emer":"LUSHNJË-SARAVË","Nr_Pas":"","Vol":0,"Faqe":0,"Pronaret":"","Kufizimet":"","Siperfaqe":526.2}},
{"type":"Feature","geometry":{"type":"Polygon","coordinates":[[[19.686788168075488,40.962427621670464],[19.686818782308144,40.96244247669011],[19.686833575794758,40.962424957780925],[19.686858287289436,40.96243694858837],[19.68679373385244,40.962513394736746],[19.686738408092545,40.96248654888279],[19.686788168075488,40.962427621670464]]]},"properties":{"Zk_Numer":8573,"Zk_Emer":"LUSHNJË-SARAVË","Nr_Pas":"","Vol":0,"Faqe":0,"Pronaret":"","Kufizimet":"","Siperfaqe":48.7}},
{"type":"Feature","geometry":{"type":"Polygon","coordinates":[[[19.686500508594797,40.956700125638186],[19.68644223106266,40.9566729491699],[19.686502801243897,40.95659392758317],[19.686560975781887,40.95662105601265],[19.686500508594797,40.956700125638186]]]},"properties":{"Zk_Numer":8573,"Zk_Emer":"LUSHNJË-SARAVË","Nr_Pas":"","Vol":0,"Faqe":0,"Pronaret":"","Kufizimet":"","Siperfaqe":58.4}},
{"type":"Feature","geometry":{"type":"Polygon","coordinates":[[[19.686592717726416,40.956582650532155],[19.68651962142045,40.95655019529236],[19.686571216278235,40.95648139641962],[19.686604802837582,40.9564963090775],[19.686625434170143,40.95646879827805],[19.686629943543668,40.956462785261486],[19.686669453226862,40.95648032780233],[19.686592717726416,40.956582650532155]]]},"properties":{"Zk_Numer":8573,"Zk_Emer":"LUSHNJË-SARAVË","Nr_Pas":"","Vol":0,"Faqe":0,"Pronaret":"","Kufizimet":"","Siperfaqe":79.2}},
{"type":"Feature","geometry":{"type":"Polygon","coordinates":[[[19.6868957699249,40.956155156813004],[19.687030990624926,40.95599092564867],[19.68708640780359,40.9560171498271],[19.68695117374928,40.956181397376106],[19.6868957699249,40.956155156813004]]]},"properties":{"Zk_Numer":8573,"Zk_Emer":"LUSHNJË-SARAVË","Nr_Pas":"","Vol":0,"Faqe":0,"Pronaret":"","Kufizimet":"","Siperfaqe":118.3}},
{"type":"Feature","geometry":{"type":"Polygon","coordinates":[[[19.68695117374928,40.956181397376106],[19.68678000894431,40.95638928295239],[19.686648820994485,40.95632720278067],[19.686819999485508,40.9561193010777],[19.6868957699249,40.956155156813004],[19.68695117374928,40.956181397376106]]]},"properties":{"Zk_Numer":8573,"Zk_Emer":"LUSHNJË-SARAVË","Nr_Pas":"","Vol":0,"Faqe":0,"Pronaret":"","Kufizimet":"","Siperfaqe":354.4}},
{"type":"Feature","geometry":{"type":"Polygon","coordinates":[[[19.69084158993226,40.95147321208589],[19.69076200988934,40.95156982919127],[19.690671344713603,40.951526903011995],[19.69075092483637,40.951430285968755],[19.69084158993226,40.95147321208589]]]},"properties":{"Zk_Numer":8573,"Zk_Emer":"LUSHNJË-SARAVË","Nr_Pas":"","Vol":0,"Faqe":0,"Pronaret":"","Kufizimet":"","Siperfaqe":113.8}},
{"type":"Feature","geometry":{"type":"Polygon","coordinates":[[[19.686892057618547,40.95609341584261],[19.68683215240666,40.95606506775479],[19.68686611487117,40.95602381903088],[19.68692602006053,40.95605216710118],[19.686892057618547,40.95609341584261]]]},"properties":{"Zk_Numer":8573,"Zk_Emer":"LUSHNJË-SARAVË","Nr_Pas":"","Vol":0,"Faqe":0,"Pronaret":"","Kufizimet":"","Siperfaqe":32.1}},
{"type":"Feature","geometry":{"type":"Polygon","coordinates":[[[19.69029490710258,40.95202936957871],[19.690349045539165,40.95196158793178],[19.690415081514274,40.95199190576569],[19.690360943120073,40.95205968744341],[19.69029490710258,40.95202936957871]]]},"properties":{"Zk_Numer":8573,"Zk_Emer":"LUSHNJË-SARAVË","Nr_Pas":"","Vol":0,"Faqe":0,"Pronaret":"","Kufizimet":"","Siperfaqe":57.2}},
{"type":"Feature","geometry":{"type":"Polygon","coordinates":[[[19.687884481473997,40.955040980481115],[19.687834102669456,40.9550171406663],[19.687991330561236,40.95482617284358],[19.68804170927802,40.954850012590164],[19.687884481473997,40.955040980481115]]]},"properties":{"Zk_Numer":8573,"Zk_Emer":"LUSHNJË-SARAVË","Nr_Pas":"","Vol":0,"Faqe":0,"Pronaret":"","Kufizimet":"","Siperfaqe":125}},
{"type":"Feature","geometry":{"type":"Polygon","coordinates":[[[19.684460807882214,40.95540171841028],[19.68405752295184,40.955214736323306],[19.684095191211775,40.95516797887542],[19.684498623367762,40.955354777860265],[19.684460807882214,40.95540171841028]]]},"properties":{"Zk_Numer":8573,"Zk_Emer":"LUSHNJË-SARAVË","Nr_Pas":"","Vol":0,"Faqe":0,"Pronaret":"","Kufizimet":"","Siperfaqe":242.6}},
{"type":"Feature","geometry":{"type":"Polygon","coordinates":[[[19.677253963389365,40.94873063238299],[19.67719968192162,40.94870373643725],[19.677364704268435,40.948512276971755],[19.677418985647357,40.94853917284035],[19.677253963389365,40.94873063238299]]]},"properties":{"Zk_Numer":8573,"Zk_Emer":"LUSHNJË-SARAVË","Nr_Pas":"","Vol":0,"Faqe":0,"Pronaret":"","Kufizimet":"","Siperfaqe":138.7}},
{"type":"Feature","geometry":{"type":"Polygon","coordinates":[[[19.677622183987257,40.94888493407072],[19.677649734320457,40.948852653246476],[19.67774764847835,40.94890069213801],[19.67772009817256,40.94893297298548],[19.677622183987257,40.94888493407072]]]},"properties":{"Zk_Numer":8573,"Zk_Emer":"LUSHNJË-SARAVË","Nr_Pas":"","Vol":0,"Faqe":0,"Pronaret":"","Kufizimet":"","Siperfaqe":41.9}},
{"type":"Feature","geometry":{"type":"Polygon","coordinates":[[[19.6849811455727,40.955092214458105],[19.684888055026004,40.955050931570625],[19.685007097541884,40.95489664711725],[19.68510018794723,40.9549379299092],[19.6849811455727,40.955092214458105]]]},"properties":{"Zk_Numer":8573,"Zk_Emer":"LUSHNJË-SARAVË","Nr_Pas":"","Vol":0,"Faqe":0,"Pronaret":"","Kufizimet":"","Siperfaqe":180.2}},
{"type":"Feature","geometry":{"type":"Polygon","coordinates":[[[19.684892421574304,40.95520328316759],[19.68484067273586,40.95518029036524],[19.684871121333313,40.95514090288143],[19.684922870151734,40.9551638956702],[19.684892421574304,40.95520328316759]]]},"properties":{"Zk_Numer":8573,"Zk_Emer":"LUSHNJË-SARAVË","Nr_Pas":"","Vol":0,"Faqe":0,"Pronaret":"","Kufizimet":"","Siperfaqe":25.6}},
{"type":"Feature","geometry":{"type":"Polygon","coordinates":[[[19.684671093420132,40.95536130625067],[19.68474662713486,40.955264299081875],[19.684825896973447,40.9552997742828],[19.684750363333666,40.955396781503225],[19.684671093420132,40.95536130625067]]]},"properties":{"Zk_Numer":8573,"Zk_Emer":"LUSHNJË-SARAVË","Nr_Pas":"","Vol":0,"Faqe":0,"Pronaret":"","Kufizimet":"","Siperfaqe":97}},
{"type":"Feature","geometry":{"type":"Polygon","coordinates":[[[19.690955493278917,40.95491182180379],[19.690956324368393,40.95491180400161],[19.690957649410624,40.954947358107404],[19.69093010471658,40.95494794811974],[19.690928779689116,40.954912394013704],[19.690955493278917,40.95491182180379]]]},"properties":{"Zk_Numer":8573,"Zk_Emer":"LUSHNJË-SARAVË","Nr_Pas":"","Vol":0,"Faqe":0,"Pronaret":"","Kufizimet":"","Siperfaqe":9.2}},
{"type":"Feature","geometry":{"type":"Polygon","coordinates":[[[19.691622180062918,40.9533748620643],[19.691659358357352,40.953328032302494],[19.6917454133126,40.953367185898195],[19.69173598094293,40.95337906693327],[19.691761170084664,40.95339046796935],[19.6917066405996,40.953458280738175],[19.691660848215726,40.95343738459153],[19.69168700165645,40.9534044417372],[19.691622180062918,40.9533748620643]]]},"properties":{"Zk_Numer":8573,"Zk_Emer":"LUSHNJË-SARAVË","Nr_Pas":"","Vol":0,"Faqe":0,"Pronaret":"","Kufizimet":"","Siperfaqe":81.8}},
{"type":"Feature","geometry":{"type":"Polygon","coordinates":[[[19.706078365584176,40.95070008098338],[19.706042899559574,40.950686409347476],[19.70602836610646,40.95070808151263],[19.70596727986885,40.95068453361699],[19.70598181333668,40.950662861459506],[19.70595428749658,40.95065225061554],[19.70600248612565,40.95058315909213],[19.70604468152852,40.95059931245917],[19.706058515195025,40.95057868376624],[19.706138975327963,40.950609699988455],[19.706078365584176,40.95070008098338]]]},"properties":{"Zk_Numer":8573,"Zk_Emer":"LUSHNJË-SARAVË","Nr_Pas":"","Vol":0,"Faqe":0,"Pronaret":"","Kufizimet":"","Siperfaqe":136.3}},
{"type":"Feature","geometry":{"type":"Polygon","coordinates":[[[19.7057821437562,40.95027634484235],[19.705821036652814,40.95033287857491],[19.705800374049016,40.95034139071655],[19.705818121861267,40.95036615566659],[19.705757177568742,40.95039126217284],[19.705699284646887,40.95031047934016],[19.7057821437562,40.95027634484235]]]},"properties":{"Zk_Numer":8573,"Zk_Emer":"LUSHNJË-SARAVË","Nr_Pas":"","Vol":0,"Faqe":0,"Pronaret":"","Kufizimet":"","Siperfaqe":74.1}},
{"type":"Feature","geometry":{"type":"Polygon","coordinates":[[[19.70415523372351,40.950875653953005],[19.70409953267705,40.95078209032173],[19.704215685945805,40.95074234110581],[19.704255277261414,40.95081078683457],[19.70422713200387,40.950820418538115],[19.704240031228824,40.950842085893576],[19.7042104786919,40.95085219917809],[19.70421248198018,40.95085556418442],[19.70415523372351,40.950875653953005]]]},"properties":{"Zk_Numer":8573,"Zk_Emer":"LUSHNJË-SARAVË","Nr_Pas":"","Vol":0,"Faqe":0,"Pronaret":"","Kufizimet":"","Siperfaqe":112.2}},
{"type":"Feature","geometry":{"type":"Polygon","coordinates":[[[19.704222830503937,40.95073989613622],[19.704323070764204,40.950705592424924],[19.704377243608274,40.95079868705107],[19.704317015563863,40.950819502692276],[19.70430235733063,40.950794880706916],[19.704263495241573,40.95080817988097],[19.704222830503937,40.95073989613622]]]},"properties":{"Zk_Numer":8573,"Zk_Emer":"LUSHNJË-SARAVË","Nr_Pas":"","Vol":0,"Faqe":0,"Pronaret":"","Kufizimet":"","Siperfaqe":93.4}},
{"type":"Feature","geometry":{"type":"Polygon","coordinates":[[[19.70432631828711,40.950704481072115],[19.704374489864083,40.95068799599469],[19.70439938752373,40.95067947560966],[19.704413068551204,40.95070245611838],[19.70445247180177,40.95068897166729],[19.70447861238358,40.950732880840135],[19.704441915381274,40.95074543916993],[19.70445608504632,40.95076924040566],[19.704420362277155,40.9507814653215],[19.704406681230996,40.9507584848139],[19.704366628424705,40.950772191519796],[19.70432631828711,40.950704481072115]]]},"properties":{"Zk_Numer":8573,"Zk_Emer":"LUSHNJË-SARAVË","Nr_Pas":"","Vol":0,"Faqe":0,"Pronaret":"","Kufizimet":"","Siperfaqe":84.4}},
{"type":"Feature","geometry":{"type":"Polygon","coordinates":[[[19.706649523671974,40.9509774194959],[19.70661124805443,40.95095434210456],[19.706605925594424,40.95095941651881],[19.70657708591682,40.95094202828763],[19.70658240837762,40.9509369538747],[19.70658898752943,40.95093068133617],[19.706566212968358,40.950916949919716],[19.70658521118848,40.95089883708525],[19.706593112564956,40.950903601045276],[19.70664441509756,40.95085468932484],[19.70668671070917,40.9508801904948],[19.706740760155814,40.95091271269013],[19.706663932411228,40.950986106901894],[19.706649523671974,40.9509774194959]]]},"properties":{"Zk_Numer":8573,"Zk_Emer":"LUSHNJË-SARAVË","Nr_Pas":"","Vol":0,"Faqe":0,"Pronaret":"","Kufizimet":"","Siperfaqe":110.8}},
{"type":"Feature","geometry":{"type":"Polygon","coordinates":[[[19.70946882333556,40.954208285537106],[19.709388515202388,40.95414012030464],[19.70944077897871,40.95410472927064],[19.70952108712318,40.954172894467156],[19.70946882333556,40.954208285537106]]]},"properties":{"Zk_Numer":8573,"Zk_Emer":"LUSHNJË-SARAVË","Nr_Pas":"","Vol":0,"Faqe":0,"Pronaret":"","Kufizimet":"","Siperfaqe":59.9}},
{"type":"Feature","geometry":{"type":"Polygon","coordinates":[[[19.708785527435925,40.95347001539414],[19.708804646587886,40.95348070307527],[19.70881500798387,40.953470049178726],[19.708914140878633,40.95352546474574],[19.708915748821994,40.953531398060825],[19.70889939615134,40.95354821238744],[19.708860135610724,40.95358858125664],[19.708843884297142,40.953579496735756],[19.70873710371829,40.95351980603277],[19.708785527435925,40.95347001539414]]]},"properties":{"Zk_Numer":8573,"Zk_Emer":"LUSHNJË-SARAVË","Nr_Pas":"","Vol":0,"Faqe":0,"Pronaret":"","Kufizimet":"","Siperfaqe":104.3}},
{"type":"Feature","geometry":{"type":"Polygon","coordinates":[[[19.68070588578373,40.9475109478195],[19.680723495179727,40.94748921076896],[19.68078421260854,40.94751748826045],[19.680766603224818,40.947539225320234],[19.68070588578373,40.9475109478195]]]},"properties":{"Zk_Numer":8573,"Zk_Emer":"LUSHNJË-SARAVË","Nr_Pas":"","Vol":0,"Faqe":0,"Pronaret":"","Kufizimet":"","Siperfaqe":17}},
{"type":"Feature","geometry":{"type":"Polygon","coordinates":[[[19.680834643040868,40.94756421357439],[19.680846650510173,40.94754972825519],[19.68086776604655,40.94755979082096],[19.68085575858001,40.947574276142355],[19.680834643040868,40.94756421357439]]]},"properties":{"Zk_Numer":8573,"Zk_Emer":"LUSHNJË-SARAVË","Nr_Pas":"","Vol":0,"Faqe":0,"Pronaret":"","Kufizimet":"","Siperfaqe":4}},
{"type":"Feature","geometry":{"type":"Polygon","coordinates":[[[19.68091690701797,40.94748695914404],[19.68093740194505,40.94745954026049],[19.68090123953504,40.94744400070166],[19.680918806610492,40.9474204988039],[19.68095496901188,40.947436038357246],[19.680991131430265,40.947451577899294],[19.68095306945506,40.94750249869793],[19.68091690701797,40.94748695914404]]]},"properties":{"Zk_Numer":8573,"Zk_Emer":"LUSHNJË-SARAVË","Nr_Pas":"","Vol":0,"Faqe":0,"Pronaret":"","Kufizimet":"","Siperfaqe":33.3}},
{"type":"Feature","geometry":{"type":"Polygon","coordinates":[[[19.680548616650075,40.946812540596554],[19.680630986953243,40.946851515151465],[19.68044236673138,40.94708069120775],[19.6801401119659,40.94693767482232],[19.680328732819437,40.94670849925716],[19.680427713140798,40.946755333376245],[19.680548616650075,40.946812540596554]]]},"properties":{"Zk_Numer":8573,"Zk_Emer":"LUSHNJË-SARAVË","Nr_Pas":"","Vol":0,"Faqe":0,"Pronaret":"","Kufizimet":"","Siperfaqe":900}},
{"type":"Feature","geometry":{"type":"Polygon","coordinates":[[[19.68044885468259,40.94498754057622],[19.68045011724834,40.94491550980245],[19.680468165872128,40.944902183530616],[19.68046970459544,40.94481439602331],[19.680564701234655,40.94481535329967],[19.680563162637107,40.94490314080869],[19.680545114032057,40.94491646709547],[19.680543851569492,40.94498849787063],[19.68044885468259,40.94498754057622]]]},"properties":{"Zk_Numer":8573,"Zk_Emer":"LUSHNJË-SARAVË","Nr_Pas":"","Vol":0,"Faqe":0,"Pronaret":"","Kufizimet":"","Siperfaqe":154}},
{"type":"Feature","geometry":{"type":"Polygon","coordinates":[[[19.680702095128705,40.947131781329674],[19.680553571211693,40.94731674191808],[19.68063138844937,40.94735266556794],[19.680638027750465,40.94735573053921],[19.68056968338631,40.94744084122262],[19.680373416146935,40.94734701339881],[19.680588396886463,40.947079293416394],[19.680702095128705,40.947131781329674]]]},"properties":{"Zk_Numer":8573,"Zk_Emer":"LUSHNJË-SARAVË","Nr_Pas":"","Vol":0,"Faqe":0,"Pronaret":"","Kufizimet":"","Siperfaqe":482.7}},
{"type":"Feature","geometry":{"type":"Polygon","coordinates":[[[19.680359159236023,40.947340431782656],[19.68020209152702,40.94726395285154],[19.680249967869955,40.94720742627784],[19.680406656877313,40.94728372078652],[19.680359159236023,40.947340431782656]]]},"properties":{"Zk_Numer":8573,"Zk_Emer":"LUSHNJË-SARAVË","Nr_Pas":"","Vol":0,"Faqe":0,"Pronaret":"","Kufizimet":"","Siperfaqe":117.1}},
{"type":"Feature","geometry":{"type":"Polygon","coordinates":[[[19.681841686711838,40.9465958512733],[19.681873683157047,40.9465579234963],[19.68202374866066,40.94663070490537],[19.681991752265645,40.94666863272372],[19.681841686711838,40.9465958512733]]]},"properties":{"Zk_Numer":8573,"Zk_Emer":"LUSHNJË-SARAVË","Nr_Pas":"","Vol":0,"Faqe":0,"Pronaret":"","Kufizimet":"","Siperfaqe":75}},
{"type":"Feature","geometry":{"type":"Polygon","coordinates":[[[19.681991752265645,40.94666863272372],[19.681891603312067,40.94678734673528],[19.681785380984472,40.94673582914837],[19.681768986038477,40.946682028616415],[19.681841686711838,40.9465958512733],[19.681991752265645,40.94666863272372]]]},"properties":{"Zk_Numer":8573,"Zk_Emer":"LUSHNJË-SARAVË","Nr_Pas":"","Vol":0,"Faqe":0,"Pronaret":"","Kufizimet":"","Siperfaqe":225.4}},
{"type":"Feature","geometry":{"type":"Polygon","coordinates":[[[19.682212224263434,40.946864970506745],[19.682150147019623,40.94693315342934],[19.682039456095584,40.946875215656334],[19.68210153339824,40.94680703279287],[19.682212224263434,40.946864970506745]]]},"properties":{"Zk_Numer":8573,"Zk_Emer":"LUSHNJË-SARAVË","Nr_Pas":"","Vol":0,"Faqe":0,"Pronaret":"","Kufizimet":"","Siperfaqe":104.2}},
{"type":"Feature","geometry":{"type":"Polygon","coordinates":[[[19.68071540773,40.94474947617372],[19.680716101622554,40.94460540285494],[19.680811105718508,40.94460566588616],[19.68081041203241,40.944749739206266],[19.68071540773,40.94474947617372]]]},"properties":{"Zk_Numer":8573,"Zk_Emer":"LUSHNJË-SARAVË","Nr_Pas":"","Vol":0,"Faqe":0,"Pronaret":"","Kufizimet":"","Siperfaqe":128}},
{"type":"Feature","geometry":{"type":"Polygon","coordinates":[[[19.705551458862224,40.94981049045029],[19.705522397074127,40.94976317365015],[19.705563353739787,40.94974871307223],[19.7055924155508,40.949796029862284],[19.705590908255076,40.949796562043915],[19.705551458862224,40.94981049045029]]]},"properties":{"Zk_Numer":8573,"Zk_Emer":"LUSHNJË-SARAVË","Nr_Pas":"","Vol":0,"Faqe":0,"Pronaret":"","Kufizimet":"","Siperfaqe":22.1}},
{"type":"Feature","geometry":{"type":"Polygon","coordinates":[[[19.705590908255076,40.949796562043915],[19.70561163209295,40.94983030337518],[19.705569427785782,40.94984520446053],[19.705548703964823,40.94981146312183],[19.705551458862224,40.94981049045029],[19.705590908255076,40.949796562043915]]]},"properties":{"Zk_Numer":8573,"Zk_Emer":"LUSHNJË-SARAVË","Nr_Pas":"","Vol":0,"Faqe":0,"Pronaret":"","Kufizimet":"","Siperfaqe":16.2}},
{"type":"Feature","geometry":{"type":"Polygon","coordinates":[[[19.70622824715777,40.950217098859994],[19.7061411212819,40.9502490710558],[19.7061153728336,40.95020856353251],[19.706202569200364,40.95017670231665],[19.70622824715777,40.950217098859994]]]},"properties":{"Zk_Numer":8573,"Zk_Emer":"LUSHNJË-SARAVË","Nr_Pas":"","Vol":0,"Faqe":0,"Pronaret":"","Kufizimet":"","Siperfaqe":40.6}},
{"type":"Feature","geometry":{"type":"Polygon","coordinates":[[[19.708944920654606,40.9523533018762],[19.708971437362894,40.95230646816341],[19.70903146410887,40.95232600370335],[19.709004947435023,40.95237283742989],[19.708944920654606,40.9523533018762]]]},"properties":{"Zk_Numer":8573,"Zk_Emer":"LUSHNJË-SARAVË","Nr_Pas":"","Vol":0,"Faqe":0,"Pronaret":"","Kufizimet":"","Siperfaqe":31.1}},
{"type":"Feature","geometry":{"type":"Polygon","coordinates":[[[19.70760985292776,40.951894172832915],[19.707480987413707,40.95184951079701],[19.707527649788492,40.951772119687654],[19.707575964072255,40.95178886440674],[19.707580556583366,40.95178124755339],[19.70753616123424,40.95176586105643],[19.707542777898716,40.95175488707687],[19.707587173242054,40.951770273571285],[19.707601147222963,40.9517470971749],[19.707680809140964,40.951776489122445],[19.70768475937505,40.95176993748792],[19.707697721529605,40.95177442988087],[19.707669477345895,40.951821274067726],[19.707656515184127,40.9518167816716],[19.70760985292776,40.951894172832915]]]},"properties":{"Zk_Numer":8573,"Zk_Emer":"LUSHNJË-SARAVË","Nr_Pas":"","Vol":0,"Faqe":0,"Pronaret":"","Kufizimet":"","Siperfaqe":162.5}},
{"type":"Feature","geometry":{"type":"Polygon","coordinates":[[[19.707106777160583,40.951374858869805],[19.707208785628225,40.95127816214606],[19.70722717278888,40.951289563638106],[19.707280955270136,40.951322912985546],[19.707320119982878,40.95134719813556],[19.70730884136619,40.95135765359939],[19.707216732529893,40.95144303984494],[19.707106777160583,40.951374858869805]]]},"properties":{"Zk_Numer":8573,"Zk_Emer":"LUSHNJË-SARAVË","Nr_Pas":"","Vol":0,"Faqe":0,"Pronaret":"","Kufizimet":"","Siperfaqe":165.5}},
{"type":"Feature","geometry":{"type":"Polygon","coordinates":[[[19.707349324143344,40.95133821095807],[19.70741569226195,40.951276647448005],[19.707422456842426,40.951270372569326],[19.70740636396336,40.951260400082155],[19.7074183898819,40.95124924474296],[19.70743448276009,40.95125921722849],[19.707489658379238,40.95129340859035],[19.707470867885807,40.95131083881876],[19.707496892408173,40.951326965739476],[19.707430524314056,40.95138852929581],[19.707349324143344,40.95133821095807]]]},"properties":{"Zk_Numer":8573,"Zk_Emer":"LUSHNJË-SARAVË","Nr_Pas":"","Vol":0,"Faqe":0,"Pronaret":"","Kufizimet":"","Siperfaqe":95.8}},
{"type":"Feature","geometry":{"type":"Polygon","coordinates":[[[19.710969319632284,40.95580071025735],[19.711015660661314,40.95570186390376],[19.711128697147927,40.955732321623],[19.711082356265678,40.955831168022],[19.710969319632284,40.95580071025735]]]},"properties":{"Zk_Numer":8573,"Zk_Emer":"LUSHNJË-SARAVË","Nr_Pas":"","Vol":0,"Faqe":0,"Pronaret":"","Kufizimet":"","Siperfaqe":117.7}},
{"type":"Feature","geometry":{"type":"Polygon","coordinates":[[[19.710902672202675,40.95554959907465],[19.710853386397492,40.955536420976934],[19.710881040479578,40.95547697726049],[19.710930326246185,40.95549015534639],[19.710902672202675,40.95554959907465]]]},"properties":{"Zk_Numer":8573,"Zk_Emer":"LUSHNJË-SARAVË","Nr_Pas":"","Vol":0,"Faqe":0,"Pronaret":"","Kufizimet":"","Siperfaqe":30.8}},
{"type":"Feature","geometry":{"type":"Polygon","coordinates":[[[19.71019503603097,40.95731236013003],[19.71001829354667,40.957682827389924],[19.709848512066433,40.957636275785276],[19.710094336216454,40.95712100903042],[19.710264116553372,40.95716756027339],[19.71020594350205,40.95728949699783],[19.710240569839605,40.95729899098815],[19.71022966237886,40.95732185412362],[19.71019503603097,40.95731236013003]]]},"properties":{"Zk_Numer":8573,"Zk_Emer":"LUSHNJË-SARAVË","Nr_Pas":"","Vol":0,"Faqe":0,"Pronaret":"","Kufizimet":"","Siperfaqe":933.3}},
{"type":"Feature","geometry":{"type":"Polygon","coordinates":[[[19.710270768111727,40.95775707776622],[19.71039038651144,40.95797194602174],[19.710320349140492,40.95799435395662],[19.710200730928293,40.95777948562988],[19.710270768111727,40.95775707776622]]]},"properties":{"Zk_Numer":8573,"Zk_Emer":"LUSHNJË-SARAVË","Nr_Pas":"","Vol":0,"Faqe":0,"Pronaret":"","Kufizimet":"","Siperfaqe":165.8}},
{"type":"Feature","geometry":{"type":"Polygon","coordinates":[[[19.710172869817054,40.95819150421094],[19.710237643919232,40.95830535569968],[19.710071859780335,40.958359561535076],[19.70978561425005,40.95785643094403],[19.7099513973595,40.95780222551204],[19.710015843619022,40.957915502217034],[19.71004965466203,40.95790444711386],[19.710063767021268,40.957929252222684],[19.710029955967915,40.95794030732992],[19.71015875736161,40.958166699116276],[19.710192568509445,40.95815564397203],[19.71020668097524,40.958180449062624],[19.710172869817054,40.95819150421094]]]},"properties":{"Zk_Numer":8573,"Zk_Emer":"LUSHNJË-SARAVË","Nr_Pas":"","Vol":0,"Faqe":0,"Pronaret":"","Kufizimet":"","Siperfaqe":943.5}},
{"type":"Feature","geometry":{"type":"Polygon","coordinates":[[[19.710805136241557,40.95458050567443],[19.71074857342299,40.954556456670794],[19.71078604645092,40.95450579922345],[19.71084260924006,40.954529848208814],[19.710805136241557,40.95458050567443]]]},"properties":{"Zk_Numer":8573,"Zk_Emer":"LUSHNJË-SARAVË","Nr_Pas":"","Vol":0,"Faqe":0,"Pronaret":"","Kufizimet":"","Siperfaqe":35.2}},
{"type":"Feature","geometry":{"type":"Polygon","coordinates":[[[19.71219521428523,40.953739581256116],[19.71236114911395,40.953792114752304],[19.712390850818565,40.95380151801478],[19.71237597631996,40.95382852311445],[19.712346274605387,40.95381911984818],[19.712288836004223,40.95392340104489],[19.712122900905307,40.953870867444905],[19.71219521428523,40.953739581256116]]]},"properties":{"Zk_Numer":8573,"Zk_Emer":"LUSHNJË-SARAVË","Nr_Pas":"","Vol":0,"Faqe":0,"Pronaret":"","Kufizimet":"","Siperfaqe":248}},
{"type":"Feature","geometry":{"type":"Polygon","coordinates":[[[19.705052756719645,40.950437223313216],[19.70501538792197,40.95046681918283],[19.705030830499787,40.95047802756125],[19.704995925549206,40.95050567204832],[19.70495817703369,40.950478273775],[19.70493969792979,40.950492909081326],[19.70490538112403,40.95046800154394],[19.704921806995067,40.95045499238773],[19.704901216924288,40.950440047863296],[19.70493612187948,40.9504124034046],[19.70490781054821,40.950391854685954],[19.704947232581226,40.95036063270568],[19.704984981025486,40.950388030982914],[19.705000585569433,40.9503756722735],[19.705030183802833,40.950397155000985],[19.705014579259295,40.95040951371435],[19.705052756719645,40.950437223313216]]]},"properties":{"Zk_Numer":8573,"Zk_Emer":"LUSHNJË-SARAVË","Nr_Pas":"","Vol":0,"Faqe":0,"Pronaret":"","Kufizimet":"","Siperfaqe":118.8}},
{"type":"Feature","geometry":{"type":"Polygon","coordinates":[[[19.70600143317129,40.95091452378724],[19.705978122690265,40.950937276888865],[19.7059546770975,40.95092346952501],[19.70597798758148,40.95090071642818],[19.70600143317129,40.95091452378724]]]},"properties":{"Zk_Numer":8573,"Zk_Emer":"LUSHNJË-SARAVË","Nr_Pas":"","Vol":0,"Faqe":0,"Pronaret":"","Kufizimet":"","Siperfaqe":8}},
{"type":"Feature","geometry":{"type":"Polygon","coordinates":[[[19.705176415179725,40.95036952632845],[19.70525550176893,40.950335617957634],[19.705237378601346,40.950311319641585],[19.705260122436368,40.95030156820806],[19.7052928610817,40.95034546193183],[19.705313555596536,40.95033658913747],[19.705319986408785,40.95034521111667],[19.705287919969233,40.950358959633284],[19.705331766441397,40.95041774585739],[19.705218047051787,40.950466503048894],[19.70519992386246,40.95044220472744],[19.70522318465442,40.950432231678334],[19.705176415179725,40.95036952632845]]]},"properties":{"Zk_Numer":8573,"Zk_Emer":"LUSHNJË-SARAVË","Nr_Pas":"","Vol":0,"Faqe":0,"Pronaret":"","Kufizimet":"","Siperfaqe":117.1}},
{"type":"Feature","geometry":{"type":"Polygon","coordinates":[[[19.705362771837166,40.95067001703192],[19.70538187124925,40.95059256851201],[19.705516126562898,40.950611600276574],[19.705497027301945,40.95068904881897],[19.705362771837166,40.95067001703192]]]},"properties":{"Zk_Numer":8573,"Zk_Emer":"LUSHNJË-SARAVË","Nr_Pas":"","Vol":0,"Faqe":0,"Pronaret":"","Kufizimet":"","Siperfaqe":100.6}},
{"type":"Feature","geometry":{"type":"Polygon","coordinates":[[[19.70625337916384,40.95035790466759],[19.70619009916212,40.95033306218678],[19.70620648210164,40.950309073325634],[19.7062697620867,40.95033391579751],[19.70625337916384,40.95035790466759]]]},"properties":{"Zk_Numer":8573,"Zk_Emer":"LUSHNJË-SARAVË","Nr_Pas":"","Vol":0,"Faqe":0,"Pronaret":"","Kufizimet":"","Siperfaqe":18}},
{"type":"Feature","geometry":{"type":"Polygon","coordinates":[[[19.70682093405955,40.950786700829056],[19.706778685773408,40.95076745412055],[19.70675666458137,40.950795240614056],[19.706649262394,40.9507463121446],[19.706672812865307,40.95071659605513],[19.706698772613773,40.95072842237154],[19.706777070107933,40.95062962596839],[19.70679030448058,40.950635655059706],[19.70677317692647,40.95065726677961],[19.706780303129595,40.950660513213805],[19.70684138489939,40.95068833977467],[19.70683282112517,40.95069914563866],[19.706875069383727,40.95071839232745],[19.70682093405955,40.950786700829056]]]},"properties":{"Zk_Numer":8573,"Zk_Emer":"LUSHNJË-SARAVË","Nr_Pas":"","Vol":0,"Faqe":0,"Pronaret":"","Kufizimet":"","Siperfaqe":161}},
{"type":"Feature","geometry":{"type":"Polygon","coordinates":[[[19.705724826762985,40.950826932332895],[19.705776419903327,40.950745825941944],[19.70589409310281,40.950788854229145],[19.705842500072347,40.95086996067251],[19.705724826762985,40.950826932332895]]]},"properties":{"Zk_Numer":8573,"Zk_Emer":"LUSHNJË-SARAVË","Nr_Pas":"","Vol":0,"Faqe":0,"Pronaret":"","Kufizimet":"","Siperfaqe":110}},
{"type":"Feature","geometry":{"type":"Polygon","coordinates":[[[19.70616597621513,40.94981358526084],[19.70610784050297,40.94983687326372],[19.706079779610032,40.94979660470249],[19.706137915296566,40.94977331671351],[19.70616597621513,40.94981358526084]]]},"properties":{"Zk_Numer":8573,"Zk_Emer":"LUSHNJË-SARAVË","Nr_Pas":"","Vol":0,"Faqe":0,"Pronaret":"","Kufizimet":"","Siperfaqe":28}},
{"type":"Feature","geometry":{"type":"Polygon","coordinates":[[[19.71182373354223,40.95381290735522],[19.71184125484097,40.95376740257294],[19.71187967642924,40.95377590582223],[19.711885299122763,40.953761303019235],[19.711907141937452,40.95376613714105],[19.711909887821665,40.953759005745006],[19.712051780255646,40.95379040841629],[19.71202589055263,40.953857647439804],[19.71182373354223,40.95381290735522]]]},"properties":{"Zk_Numer":8573,"Zk_Emer":"LUSHNJË-SARAVË","Nr_Pas":"","Vol":0,"Faqe":0,"Pronaret":"","Kufizimet":"","Siperfaqe":127.9}},
{"type":"Feature","geometry":{"type":"Polygon","coordinates":[[[19.71179814101894,40.95515270604176],[19.711855449445125,40.95504942919837],[19.71190362130528,40.95506479275828],[19.71187921100418,40.95510878322845],[19.711923003647595,40.9551227500929],[19.711890028531254,40.95518217541893],[19.71179814101894,40.95515270604176]]]},"properties":{"Zk_Numer":8573,"Zk_Emer":"LUSHNJË-SARAVË","Nr_Pas":"","Vol":0,"Faqe":0,"Pronaret":"","Kufizimet":"","Siperfaqe":83.4}},
{"type":"Feature","geometry":{"type":"Polygon","coordinates":[[[19.71198816737605,40.9552885925477],[19.712029010592637,40.955307266269536],[19.712049319958435,40.95531655180332],[19.712002088825823,40.95537592603895],[19.71192072017461,40.95533872387478],[19.71196795135323,40.95527934967225],[19.71198816737605,40.9552885925477]]]},"properties":{"Zk_Numer":8573,"Zk_Emer":"LUSHNJË-SARAVË","Nr_Pas":"","Vol":0,"Faqe":0,"Pronaret":"","Kufizimet":"","Siperfaqe":61.6}},
{"type":"Feature","geometry":{"type":"Polygon","coordinates":[[[19.712002088825823,40.95537592603895],[19.71195485760838,40.95543530025432],[19.711873488911163,40.95539809805707],[19.71192072017461,40.95533872387478],[19.712002088825823,40.95537592603895]]]},"properties":{"Zk_Numer":8573,"Zk_Emer":"LUSHNJË-SARAVË","Nr_Pas":"","Vol":0,"Faqe":0,"Pronaret":"","Kufizimet":"","Siperfaqe":61.6}},
{"type":"Feature","geometry":{"type":"Polygon","coordinates":[[[19.712131982381127,40.95514747114978],[19.71212781145062,40.95515394375837],[19.712029010592637,40.955307266269536],[19.71198816737605,40.9552885925477],[19.712085123243888,40.95513813329685],[19.71208929417755,40.9551316606898],[19.712131982381127,40.95514747114978]]]},"properties":{"Zk_Numer":8573,"Zk_Emer":"LUSHNJË-SARAVË","Nr_Pas":"","Vol":0,"Faqe":0,"Pronaret":"","Kufizimet":"","Siperfaqe":78.3}},
{"type":"Feature","geometry":{"type":"Polygon","coordinates":[[[19.712385623989913,40.95463825950417],[19.712333844337707,40.95469866092914],[19.71225018936184,40.954657442304935],[19.712301969057627,40.95459704091726],[19.712385623989913,40.95463825950417]]]},"properties":{"Zk_Numer":8573,"Zk_Emer":"LUSHNJË-SARAVË","Nr_Pas":"","Vol":0,"Faqe":0,"Pronaret":"","Kufizimet":"","Siperfaqe":67.2}},
{"type":"Feature","geometry":{"type":"Polygon","coordinates":[[[19.712385623989913,40.95463825950417],[19.712301969057627,40.95459704091726],[19.712404035176405,40.95447797966142],[19.712487690022737,40.95451919817484],[19.712385623989913,40.95463825950417]]]},"properties":{"Zk_Numer":8573,"Zk_Emer":"LUSHNJË-SARAVË","Nr_Pas":"","Vol":0,"Faqe":0,"Pronaret":"","Kufizimet":"","Siperfaqe":132.5}},
{"type":"Feature","geometry":{"type":"Polygon","coordinates":[[[19.71208929417755,40.9551316606898],[19.712126311177983,40.95507421629511],[19.712062278952974,40.95505050059602],[19.712085219059645,40.95501490125915],[19.712191939416805,40.95505442738343],[19.712131982381127,40.95514747114978],[19.71208929417755,40.9551316606898]]]},"properties":{"Zk_Numer":8573,"Zk_Emer":"LUSHNJË-SARAVË","Nr_Pas":"","Vol":0,"Faqe":0,"Pronaret":"","Kufizimet":"","Siperfaqe":72.4}},
{"type":"Feature","geometry":{"type":"Polygon","coordinates":[[[19.71229027379189,40.954735139754625],[19.71205374367892,40.954994314537586],[19.712004906369874,40.954968697278346],[19.71224143658125,40.95470952259473],[19.71229027379189,40.954735139754625]]]},"properties":{"Zk_Numer":8573,"Zk_Emer":"LUSHNJË-SARAVË","Nr_Pas":"","Vol":0,"Faqe":0,"Pronaret":"","Kufizimet":"","Siperfaqe":175}},
{"type":"Feature","geometry":{"type":"Polygon","coordinates":[[[19.704687555853653,40.95035104032621],[19.704725313407245,40.950387919912785],[19.704693875771188,40.950406421697345],[19.704656118224666,40.950369542100624],[19.704687555853653,40.95035104032621]]]},"properties":{"Zk_Numer":8573,"Zk_Emer":"LUSHNJË-SARAVË","Nr_Pas":"","Vol":0,"Faqe":0,"Pronaret":"","Kufizimet":"","Siperfaqe":17.4}},
{"type":"Feature","geometry":{"type":"Polygon","coordinates":[[[19.68335178393706,40.93727795925572],[19.68327490543884,40.93720933310253],[19.683437798051376,40.937104393919455],[19.6835146765979,40.93717301996547],[19.68335178393706,40.93727795925572]]]},"properties":{"Zk_Numer":8573,"Zk_Emer":"LUSHNJË-SARAVË","Nr_Pas":"","Vol":0,"Faqe":0,"Pronaret":"","Kufizimet":"","Siperfaqe":180}},
{"type":"Feature","geometry":{"type":"Polygon","coordinates":[[[19.681710865549118,40.937078631976554],[19.68156655331959,40.93693922030761],[19.68168086916272,40.93687116936462],[19.68182518149208,40.93701058089353],[19.681710865549118,40.937078631976554]]]},"properties":{"Zk_Numer":8573,"Zk_Emer":"LUSHNJË-SARAVË","Nr_Pas":"","Vol":0,"Faqe":0,"Pronaret":"","Kufizimet":"","Siperfaqe":240.9}},
{"type":"Feature","geometry":{"type":"Polygon","coordinates":[[[19.681911576756765,40.936973937104646],[19.681779592400424,40.9368325223163],[19.681839743272935,40.93680023779615],[19.681971727696972,40.93694165251734],[19.681911576756765,40.936973937104646]]]},"properties":{"Zk_Numer":8573,"Zk_Emer":"LUSHNJË-SARAVË","Nr_Pas":"","Vol":0,"Faqe":0,"Pronaret":"","Kufizimet":"","Siperfaqe":119.4}},
{"type":"Feature","geometry":{"type":"Polygon","coordinates":[[[19.683437456316124,40.93807593128],[19.683463709429002,40.938061205328694],[19.68349643943681,40.938094759946615],[19.68335085381201,40.93817642200453],[19.68313441997049,40.93795453395859],[19.683253752292604,40.93788759808004],[19.683437456316124,40.93807593128]]]},"properties":{"Zk_Numer":8573,"Zk_Emer":"LUSHNJË-SARAVË","Nr_Pas":"","Vol":0,"Faqe":0,"Pronaret":"","Kufizimet":"","Siperfaqe":395.9}},
{"type":"Feature","geometry":{"type":"Polygon","coordinates":[[[19.68311061493207,40.93862999962609],[19.68306540791957,40.9386414705205],[19.68304869470634,40.93860359394799],[19.683108817897292,40.93858833819628],[19.683133552333604,40.93858206203089],[19.683150265590044,40.938619938591394],[19.68311061493207,40.93862999962609]]]},"properties":{"Zk_Numer":8573,"Zk_Emer":"LUSHNJË-SARAVË","Nr_Pas":"","Vol":0,"Faqe":0,"Pronaret":"","Kufizimet":"","Siperfaqe":33.4}},
{"type":"Feature","geometry":{"type":"Polygon","coordinates":[[[19.673996739241655,40.94293379144582],[19.674024196296745,40.94289731897651],[19.67412863120588,40.942942619685326],[19.674101174189158,40.94297909217936],[19.673996739241655,40.94293379144582]]]},"properties":{"Zk_Numer":8573,"Zk_Emer":"LUSHNJË-SARAVË","Nr_Pas":"","Vol":0,"Faqe":0,"Pronaret":"","Kufizimet":"","Siperfaqe":47.3}},
{"type":"Feature","geometry":{"type":"Polygon","coordinates":[[[19.673089196763932,40.9416222192809],[19.67315904554089,40.94165400703274],[19.673134601961408,40.94168489047157],[19.67306475316383,40.94165310270501],[19.673089196763932,40.9416222192809]]]},"properties":{"Zk_Numer":8573,"Zk_Emer":"LUSHNJË-SARAVË","Nr_Pas":"","Vol":0,"Faqe":0,"Pronaret":"","Kufizimet":"","Siperfaqe":27.4}},
{"type":"Feature","geometry":{"type":"Polygon","coordinates":[[[19.67272439461737,40.941978220142154],[19.672784356505463,40.942007403856444],[19.672728550580622,40.94207333215368],[19.67266858865785,40.94204414841057],[19.67272439461737,40.941978220142154]]]},"properties":{"Zk_Numer":8573,"Zk_Emer":"LUSHNJË-SARAVË","Nr_Pas":"","Vol":0,"Faqe":0,"Pronaret":"","Kufizimet":"","Siperfaqe":52.2}},
{"type":"Feature","geometry":{"type":"Polygon","coordinates":[[[19.669931046158506,40.9467591641758],[19.67001825556839,40.946659744405586],[19.67014769655855,40.94672502077094],[19.670060487255626,40.94682444063836],[19.669931046158506,40.9467591641758]]]},"properties":{"Zk_Numer":8573,"Zk_Emer":"LUSHNJË-SARAVË","Nr_Pas":"","Vol":0,"Faqe":0,"Pronaret":"","Kufizimet":"","Siperfaqe":173.6}},
{"type":"Feature","geometry":{"type":"Polygon","coordinates":[[[19.67016676105971,40.946794216848794],[19.670125433809734,40.946773041081556],[19.670189269550153,40.94670141762089],[19.67023059677617,40.94672259336545],[19.67016676105971,40.946794216848794]]]},"properties":{"Zk_Numer":8573,"Zk_Emer":"LUSHNJË-SARAVË","Nr_Pas":"","Vol":0,"Faqe":0,"Pronaret":"","Kufizimet":"","Siperfaqe":40.3}},
{"type":"Feature","geometry":{"type":"Polygon","coordinates":[[[19.66980584713284,40.9467953667306],[19.66975491737017,40.94685186608388],[19.66970334477251,40.946825139668206],[19.669754274558297,40.94676864033751],[19.66980584713284,40.9467953667306]]]},"properties":{"Zk_Numer":8573,"Zk_Emer":"LUSHNJË-SARAVË","Nr_Pas":"","Vol":0,"Faqe":0,"Pronaret":"","Kufizimet":"","Siperfaqe":40}},
{"type":"Feature","geometry":{"type":"Polygon","coordinates":[[[19.669702214095384,40.94660608168486],[19.669780961862706,40.946510665884794],[19.669900057789736,40.94656717395813],[19.66982131012563,40.94666258983899],[19.669806505539402,40.94668052801831],[19.669756745119216,40.94665691793988],[19.669753595204487,40.94666073457217],[19.669724400062297,40.94664688218716],[19.669727549978035,40.94664306555567],[19.669687409489754,40.94662401984898],[19.669702214095384,40.94660608168486]]]},"properties":{"Zk_Numer":8573,"Zk_Emer":"LUSHNJË-SARAVË","Nr_Pas":"","Vol":0,"Faqe":0,"Pronaret":"","Kufizimet":"","Siperfaqe":177.1}},
{"type":"Feature","geometry":{"type":"Polygon","coordinates":[[[19.669713801700546,40.946500281114034],[19.669671668423426,40.946480039336045],[19.66972696771008,40.9464138643314],[19.669769100962295,40.946434106089306],[19.669713801700546,40.946500281114034]]]},"properties":{"Zk_Numer":8573,"Zk_Emer":"LUSHNJË-SARAVË","Nr_Pas":"","Vol":0,"Faqe":0,"Pronaret":"","Kufizimet":"","Siperfaqe":36.5}},
{"type":"Feature","geometry":{"type":"Polygon","coordinates":[[[19.66927858380146,40.946306292722305],[19.66931421347934,40.94632388148372],[19.669276696221285,40.94636757402857],[19.66924106653003,40.94634998525565],[19.66927858380146,40.946306292722305]]]},"properties":{"Zk_Numer":8573,"Zk_Emer":"LUSHNJË-SARAVË","Nr_Pas":"","Vol":0,"Faqe":0,"Pronaret":"","Kufizimet":"","Siperfaqe":20.7}},
{"type":"Feature","geometry":{"type":"Polygon","coordinates":[[[19.669316260949717,40.94634649420144],[19.669346842073494,40.94630969842971],[19.669371960415727,40.94632170021706],[19.669381457649624,40.946310272954975],[19.669544224711515,40.94638804439127],[19.669534727494355,40.94639947166668],[19.66955984590479,40.94641147341317],[19.669498683764264,40.9464850650604],[19.66947225917924,40.94647243920902],[19.669479730340417,40.946463449756656],[19.669321484475347,40.94638783855321],[19.669314013301367,40.94639682799536],[19.669285679791905,40.94638328996471],[19.669316260949717,40.94634649420144]]]},"properties":{"Zk_Numer":8573,"Zk_Emer":"LUSHNJË-SARAVË","Nr_Pas":"","Vol":0,"Faqe":0,"Pronaret":"","Kufizimet":"","Siperfaqe":210.5}},
{"type":"Feature","geometry":{"type":"Polygon","coordinates":[[[19.66979154193175,40.94398112900097],[19.66971480676359,40.944076008274585],[19.66962333069842,40.944033748574114],[19.669655831247333,40.94399330016105],[19.669643560081415,40.943987631174764],[19.669656103060092,40.94397202085441],[19.66966837422421,40.94397768983937],[19.6697154566757,40.94391909344673],[19.669776081006187,40.943947534419756],[19.6697608933715,40.94396687740805],[19.66979154193175,40.94398112900097]]]},"properties":{"Zk_Numer":8573,"Zk_Emer":"LUSHNJË-SARAVË","Nr_Pas":"","Vol":0,"Faqe":0,"Pronaret":"","Kufizimet":"","Siperfaqe":129.4}},
{"type":"Feature","geometry":{"type":"Polygon","coordinates":[[[19.670477675467488,40.94328921823107],[19.67042995995534,40.943345066993864],[19.670267105002843,40.943265067398855],[19.67031482059371,40.94320921870298],[19.670477675467488,40.94328921823107]]]},"properties":{"Zk_Numer":8573,"Zk_Emer":"LUSHNJË-SARAVË","Nr_Pas":"","Vol":0,"Faqe":0,"Pronaret":"","Kufizimet":"","Siperfaqe":120.8}},
{"type":"Feature","geometry":{"type":"Polygon","coordinates":[[[19.682958681357526,40.92919566868732],[19.682972151015274,40.92918768279439],[19.683049122854477,40.92926411500855],[19.683006843064568,40.9292891818615],[19.68292874877315,40.92921341511025],[19.68291536746582,40.9292004325998],[19.682945300047873,40.92918268618027],[19.682958681357526,40.92919566868732]]]},"properties":{"Zk_Numer":8573,"Zk_Emer":"LUSHNJË-SARAVË","Nr_Pas":"","Vol":0,"Faqe":0,"Pronaret":"","Kufizimet":"","Siperfaqe":54.8}},
{"type":"Feature","geometry":{"type":"Polygon","coordinates":[[[19.68337944748394,40.93322662115019],[19.683306837732445,40.93315187715189],[19.683391151587237,40.933104769463256],[19.683463761382853,40.93317951340924],[19.68337944748394,40.93322662115019]]]},"properties":{"Zk_Numer":8573,"Zk_Emer":"LUSHNJË-SARAVË","Nr_Pas":"","Vol":0,"Faqe":0,"Pronaret":"","Kufizimet":"","Siperfaqe":90.9}},
{"type":"Feature","geometry":{"type":"Polygon","coordinates":[[[19.68547768455732,40.931737968431484],[19.685551324180597,40.93181088603464],[19.685513996466867,40.93183256821412],[19.685535655205292,40.931854014565886],[19.685496536483914,40.931876737046046],[19.68547487775081,40.93185529068703],[19.685401238162896,40.931782373035766],[19.68547768455732,40.931737968431484]]]},"properties":{"Zk_Numer":8573,"Zk_Emer":"LUSHNJË-SARAVË","Nr_Pas":"","Vol":0,"Faqe":0,"Pronaret":"","Kufizimet":"","Siperfaqe":95.2}},
{"type":"Feature","geometry":{"type":"Polygon","coordinates":[[[19.685382455288853,40.93091870713439],[19.68539115623728,40.930928157170605],[19.685378793193813,40.93093470447027],[19.685338044245437,40.930890447298694],[19.685350407284606,40.930883900003344],[19.685328074417264,40.93085964439304],[19.685430093714828,40.93080561628621],[19.685484474633586,40.930864678980164],[19.685382455288853,40.93091870713439]]]},"properties":{"Zk_Numer":8573,"Zk_Emer":"LUSHNJË-SARAVË","Nr_Pas":"","Vol":0,"Faqe":0,"Pronaret":"","Kufizimet":"","Siperfaqe":91.5}},
{"type":"Feature","geometry":{"type":"Polygon","coordinates":[[[19.686005385265116,40.93137299527731],[19.686039891341352,40.931406370961845],[19.686053626314035,40.93139820342776],[19.686102711454268,40.93144568049247],[19.686074587451035,40.93146240450088],[19.686062059746416,40.93145028721916],[19.685977407351608,40.93150062587773],[19.685906343884973,40.93143189034269],[19.686005385265116,40.93137299527731]]]},"properties":{"Zk_Numer":8573,"Zk_Emer":"LUSHNJË-SARAVË","Nr_Pas":"","Vol":0,"Faqe":0,"Pronaret":"","Kufizimet":"","Siperfaqe":115.3}},
{"type":"Feature","geometry":{"type":"Polygon","coordinates":[[[19.6829568946989,40.9327454229657],[19.683011596447507,40.93271481562935],[19.6831544770055,40.93286168365016],[19.683099775200834,40.932892291053314],[19.6829568946989,40.9327454229657]]]},"properties":{"Zk_Numer":8573,"Zk_Emer":"LUSHNJË-SARAVË","Nr_Pas":"","Vol":0,"Faqe":0,"Pronaret":"","Kufizimet":"","Siperfaqe":116}},
{"type":"Feature","geometry":{"type":"Polygon","coordinates":[[[19.686037235327955,40.944543137318064],[19.685967758983534,40.944519550186186],[19.685995614887727,40.94447237620679],[19.686065091192834,40.94449596332195],[19.686037235327955,40.944543137318064]]]},"properties":{"Zk_Numer":8573,"Zk_Emer":"LUSHNJË-SARAVË","Nr_Pas":"","Vol":0,"Faqe":0,"Pronaret":"","Kufizimet":"","Siperfaqe":36.8}},
{"type":"Feature","geometry":{"type":"Polygon","coordinates":[[[19.68618503049648,40.9444034287903],[19.686148320331004,40.94447934850767],[19.68607395135054,40.94445867334568],[19.68611066158944,40.944382753651986],[19.68618503049648,40.9444034287903]]]},"properties":{"Zk_Numer":8573,"Zk_Emer":"LUSHNJË-SARAVË","Nr_Pas":"","Vol":0,"Faqe":0,"Pronaret":"","Kufizimet":"","Siperfaqe":59.9}},
{"type":"Feature","geometry":{"type":"Polygon","coordinates":[[[19.685276224523573,40.945906319209264],[19.685251504427537,40.94593601701091],[19.685266066570048,40.94594298578062],[19.68525085419461,40.94596126135002],[19.685207569483243,40.945940547271775],[19.68524750196949,40.945892573912516],[19.685276224523573,40.945906319209264]]]},"properties":{"Zk_Numer":8573,"Zk_Emer":"LUSHNJË-SARAVË","Nr_Pas":"","Vol":0,"Faqe":0,"Pronaret":"","Kufizimet":"","Siperfaqe":21.5}},
{"type":"Feature","geometry":{"type":"Polygon","coordinates":[[[19.68561211372663,40.945439446592395],[19.685661613244147,40.94534632392169],[19.6857429020608,40.94537116598595],[19.68569340263848,40.94546428869149],[19.68561211372663,40.945439446592395]]]},"properties":{"Zk_Numer":8573,"Zk_Emer":"LUSHNJË-SARAVË","Nr_Pas":"","Vol":0,"Faqe":0,"Pronaret":"","Kufizimet":"","Siperfaqe":82.3}},
{"type":"Feature","geometry":{"type":"Polygon","coordinates":[[[19.685848588903344,40.94516521559458],[19.685791431876368,40.9452835969198],[19.68571671425794,40.94526285617092],[19.6857414143338,40.94521169854669],[19.685707958721256,40.94520241163571],[19.685740007551768,40.945136033561816],[19.685848588903344,40.94516521559458]]]},"properties":{"Zk_Numer":8573,"Zk_Emer":"LUSHNJË-SARAVË","Nr_Pas":"","Vol":0,"Faqe":0,"Pronaret":"","Kufizimet":"","Siperfaqe":117.2}},
{"type":"Feature","geometry":{"type":"Polygon","coordinates":[[[19.69052400890692,40.93492881456633],[19.690508480358066,40.93493859480504],[19.69048435619967,40.93491656632786],[19.69047065453657,40.934925195945645],[19.69044182694863,40.93489887259808],[19.69047105715525,40.93488046275199],[19.69052400890692,40.93492881456633]]]},"properties":{"Zk_Numer":8573,"Zk_Emer":"LUSHNJË-SARAVË","Nr_Pas":"","Vol":0,"Faqe":0,"Pronaret":"","Kufizimet":"","Siperfaqe":17.6}},
{"type":"Feature","geometry":{"type":"Polygon","coordinates":[[[19.690535600415263,40.9349393991036],[19.69057424578355,40.93497533854976],[19.69041872932457,40.93507151123178],[19.690391715102333,40.93504638847755],[19.69052054532034,40.93496671884505],[19.690508914195973,40.93495590211452],[19.690535600415263,40.9349393991036]]]},"properties":{"Zk_Numer":8573,"Zk_Emer":"LUSHNJË-SARAVË","Nr_Pas":"","Vol":0,"Faqe":0,"Pronaret":"","Kufizimet":"","Siperfaqe":65.3}},
{"type":"Feature","geometry":{"type":"Polygon","coordinates":[[[19.691574253992524,40.936278218512896],[19.691440499362468,40.936152952329685],[19.691521337745822,40.93610331292345],[19.691544501928664,40.93612500706206],[19.691562496759893,40.93611395718283],[19.69167308727075,40.936217529117904],[19.691574253992524,40.936278218512896]]]},"properties":{"Zk_Numer":8573,"Zk_Emer":"LUSHNJË-SARAVË","Nr_Pas":"","Vol":0,"Faqe":0,"Pronaret":"","Kufizimet":"","Siperfaqe":185.7}},
{"type":"Feature","geometry":{"type":"Polygon","coordinates":[[[19.691083305512063,40.93563733669287],[19.691150525558697,40.93571373943011],[19.691174724952234,40.93570149508764],[19.691190541459942,40.93571947219327],[19.691166342062726,40.93573171653902],[19.691158433809644,40.93572272798484],[19.691082378508966,40.93576121017574],[19.691007250266342,40.935675818834994],[19.691083305512063,40.93563733669287]]]},"properties":{"Zk_Numer":8573,"Zk_Emer":"LUSHNJË-SARAVË","Nr_Pas":"","Vol":0,"Faqe":0,"Pronaret":"","Kufizimet":"","Siperfaqe":93.7}},
{"type":"Feature","geometry":{"type":"Polygon","coordinates":[[[19.69077987060713,40.935346528191694],[19.690757641941605,40.93535856015688],[19.690693372059016,40.935393348205714],[19.690609490032642,40.93530422473476],[19.690695988522943,40.93525740478273],[19.69072772020595,40.93529111923745],[19.690765039465663,40.93533077035659],[19.69077567056246,40.93532501593828],[19.69077946457504,40.9353290470122],[19.690805559078356,40.935314922525826],[19.690824184241592,40.93533471142824],[19.690787458635715,40.935354590339124],[19.69077987060713,40.935346528191694]]]},"properties":{"Zk_Numer":8573,"Zk_Emer":"LUSHNJË-SARAVË","Nr_Pas":"","Vol":0,"Faqe":0,"Pronaret":"","Kufizimet":"","Siperfaqe":119.7}},
{"type":"Feature","geometry":{"type":"Polygon","coordinates":[[[19.69090025264481,40.935502366451715],[19.690921766425472,40.935490353681026],[19.69097456846841,40.93554473715439],[19.69100660174994,40.93557772978301],[19.690921980782598,40.93562498005231],[19.69083714550996,40.93553760388895],[19.69085865931345,40.93552559113019],[19.69084070664673,40.935507100734014],[19.690882299972696,40.9354838760619],[19.69090025264481,40.935502366451715]]]},"properties":{"Zk_Numer":8573,"Zk_Emer":"LUSHNJË-SARAVË","Nr_Pas":"","Vol":0,"Faqe":0,"Pronaret":"","Kufizimet":"","Siperfaqe":117.7}},
{"type":"Feature","geometry":{"type":"Polygon","coordinates":[[[19.690057050083333,40.93449302752507],[19.690074475313065,40.934508622066005],[19.690060434239363,40.93451764530692],[19.690075019238915,40.934530698006114],[19.689905167228808,40.93463984999749],[19.689873157021758,40.93461120270874],[19.690057050083333,40.93449302752507]]]},"properties":{"Zk_Numer":8573,"Zk_Emer":"LUSHNJË-SARAVË","Nr_Pas":"","Vol":0,"Faqe":0,"Pronaret":"","Kufizimet":"","Siperfaqe":81.7}},
{"type":"Feature","geometry":{"type":"Polygon","coordinates":[[[19.69024458715175,40.93465185749635],[19.690092827192466,40.93474380793034],[19.690036425148158,40.93469027106133],[19.690106556628525,40.93464777890303],[19.69018818506221,40.93459832070058],[19.69024458715175,40.93465185749635]]]},"properties":{"Zk_Numer":8573,"Zk_Emer":"LUSHNJË-SARAVË","Nr_Pas":"","Vol":0,"Faqe":0,"Pronaret":"","Kufizimet":"","Siperfaqe":124.5}},
{"type":"Feature","geometry":{"type":"Polygon","coordinates":[[[19.690156464404236,40.93475986165616],[19.690167628365835,40.93475177752053],[19.690206578373946,40.934782712153975],[19.690218601099332,40.934774006156516],[19.69023090110961,40.93478377498412],[19.690219737150272,40.93479185912584],[19.69023851517271,40.93480677286858],[19.69022005169511,40.93482014279582],[19.690241371730362,40.93483707542915],[19.690230207763285,40.934845159571786],[19.69017052343155,40.93488837862331],[19.690079175364637,40.93481582871876],[19.690156464404236,40.93475986165616]]]},"properties":{"Zk_Numer":8573,"Zk_Emer":"LUSHNJË-SARAVË","Nr_Pas":"","Vol":0,"Faqe":0,"Pronaret":"","Kufizimet":"","Siperfaqe":111.7}},
{"type":"Feature","geometry":{"type":"Polygon","coordinates":[[[19.69153727127466,40.93602650735373],[19.69156928363468,40.93601016412339],[19.691635594845266,40.93608486097628],[19.691603582465294,40.93610120422476],[19.69153727127466,40.93602650735373]]]},"properties":{"Zk_Numer":8573,"Zk_Emer":"LUSHNJË-SARAVË","Nr_Pas":"","Vol":0,"Faqe":0,"Pronaret":"","Kufizimet":"","Siperfaqe":32.5}},
{"type":"Feature","geometry":{"type":"Polygon","coordinates":[[[19.690584692855268,40.93498505427709],[19.69060945601759,40.93500808337724],[19.69056344537083,40.93503653696322],[19.690538682213983,40.935013507853334],[19.690584692855268,40.93498505427709]]]},"properties":{"Zk_Numer":8573,"Zk_Emer":"LUSHNJË-SARAVË","Nr_Pas":"","Vol":0,"Faqe":0,"Pronaret":"","Kufizimet":"","Siperfaqe":16.5}},
{"type":"Feature","geometry":{"type":"Polygon","coordinates":[[[19.685148012677477,40.93777813015342],[19.685239070826945,40.937729926242554],[19.685285537109266,40.937780406409274],[19.68531630933849,40.937764118267246],[19.68540280357542,40.93785809318654],[19.685280956767606,40.93792257268906],[19.685148012677477,40.93777813015342]]]},"properties":{"Zk_Numer":8573,"Zk_Emer":"LUSHNJË-SARAVË","Nr_Pas":"","Vol":0,"Faqe":0,"Pronaret":"","Kufizimet":"","Siperfaqe":223.2}},
{"type":"Feature","geometry":{"type":"Polygon","coordinates":[[[19.675483720457603,40.93313975151833],[19.67550749395245,40.933117396668266],[19.67553674557676,40.93313539837294],[19.675512972085244,40.93315775322898],[19.675483720457603,40.93313975151833]]]},"properties":{"Zk_Numer":8573,"Zk_Emer":"LUSHNJË-SARAVË","Nr_Pas":"","Vol":0,"Faqe":0,"Pronaret":"","Kufizimet":"","Siperfaqe":10.1}},
{"type":"Feature","geometry":{"type":"Polygon","coordinates":[[[19.68965714985587,40.933895671883654],[19.689691232065947,40.93390695198954],[19.689678951790384,40.9339282916275],[19.689644869571477,40.933917011518],[19.68965714985587,40.933895671883654]]]},"properties":{"Zk_Numer":8573,"Zk_Emer":"LUSHNJË-SARAVË","Nr_Pas":"","Vol":0,"Faqe":0,"Pronaret":"","Kufizimet":"","Siperfaqe":8.1}},
{"type":"Feature","geometry":{"type":"Polygon","coordinates":[[[19.689536881395867,40.934166340365195],[19.689500185406924,40.93418832740294],[19.689358500146188,40.93405232753086],[19.689395196106297,40.934030340537596],[19.689536881395867,40.934166340365195]]]},"properties":{"Zk_Numer":8573,"Zk_Emer":"LUSHNJË-SARAVË","Nr_Pas":"","Vol":0,"Faqe":0,"Pronaret":"","Kufizimet":"","Siperfaqe":75.8}},
{"type":"Feature","geometry":{"type":"Polygon","coordinates":[[[19.688346770509124,40.93428000051207],[19.6884046384843,40.934242557410464],[19.6885623010405,40.93438269452389],[19.688519041030474,40.93441068568408],[19.688490563002702,40.93438537325998],[19.688475955004858,40.93439482527593],[19.688346770509124,40.93428000051207]]]},"properties":{"Zk_Numer":8573,"Zk_Emer":"LUSHNJË-SARAVË","Nr_Pas":"","Vol":0,"Faqe":0,"Pronaret":"","Kufizimet":"","Siperfaqe":125.1}},
{"type":"Feature","geometry":{"type":"Polygon","coordinates":[[[19.688719321351442,40.934117385742354],[19.68876320520798,40.93408913722883],[19.688945444738607,40.93425195876353],[19.68890156085109,40.934280207345495],[19.688719321351442,40.934117385742354]]]},"properties":{"Zk_Numer":8573,"Zk_Emer":"LUSHNJË-SARAVË","Nr_Pas":"","Vol":0,"Faqe":0,"Pronaret":"","Kufizimet":"","Siperfaqe":115}},
{"type":"Feature","geometry":{"type":"Polygon","coordinates":[[[19.681736584022488,40.944736848453886],[19.681634887117074,40.944688628353326],[19.68164590591986,40.94467526748125],[19.681568374724772,40.94463850556962],[19.681592148054712,40.94460967918768],[19.681580731830373,40.94458955508728],[19.681599621194056,40.94456665074293],[19.681628592581287,40.94456548827116],[19.68168452952766,40.944497661626094],[19.681863457254025,40.944583007377865],[19.681736584022488,40.944736848453886]]]},"properties":{"Zk_Numer":8573,"Zk_Emer":"LUSHNJË-SARAVË","Nr_Pas":"","Vol":0,"Faqe":0,"Pronaret":"","Kufizimet":"","Siperfaqe":354.4}},
{"type":"Feature","geometry":{"type":"Polygon","coordinates":[[[19.681923362819596,40.94366405565085],[19.68158256411573,40.944088584778434],[19.68155213217571,40.944074538768845],[19.68155806362947,40.94403706716171],[19.681567923579127,40.943967596143885],[19.681574899351254,40.94392161865283],[19.681581867787056,40.94386778566712],[19.68159254472342,40.94380064283718],[19.68159450775607,40.94372321128594],[19.68157771835084,40.943575076555895],[19.68162711564328,40.94351354282556],[19.68193143321771,40.943654002367474],[19.681923362819596,40.94366405565085]]]},"properties":{"Zk_Numer":8573,"Zk_Emer":"LUSHNJË-SARAVË","Nr_Pas":"","Vol":0,"Faqe":0,"Pronaret":"","Kufizimet":"","Siperfaqe":971.3}},
{"type":"Feature","geometry":{"type":"Polygon","coordinates":[[[19.682254486697964,40.94385271565353],[19.682288951356618,40.943808252191616],[19.682441732883166,40.94387634059775],[19.682407268291,40.94392080410504],[19.682254486697964,40.94385271565353]]]},"properties":{"Zk_Numer":8573,"Zk_Emer":"LUSHNJË-SARAVË","Nr_Pas":"","Vol":0,"Faqe":0,"Pronaret":"","Kufizimet":"","Siperfaqe":85.5}},
{"type":"Feature","geometry":{"type":"Polygon","coordinates":[[[19.686792841573833,40.91385474778741],[19.686744215344067,40.9138333915125],[19.68676465038162,40.91380435266749],[19.686813276596798,40.913825708933835],[19.686792841573833,40.91385474778741]]]},"properties":{"Zk_Numer":8573,"Zk_Emer":"LUSHNJË-SARAVË","Nr_Pas":"","Vol":0,"Faqe":0,"Pronaret":"","Kufizimet":"","Siperfaqe":17.3}},
{"type":"Feature","geometry":{"type":"Polygon","coordinates":[[[19.670555368652174,40.94122426719059],[19.67050919188794,40.94120316754869],[19.670582739109754,40.941110616220726],[19.67062891583333,40.94113171583334],[19.670555368652174,40.94122426719059]]]},"properties":{"Zk_Numer":8573,"Zk_Emer":"LUSHNJË-SARAVË","Nr_Pas":"","Vol":0,"Faqe":0,"Pronaret":"","Kufizimet":"","Siperfaqe":54.5}},
{"type":"Feature","geometry":{"type":"Polygon","coordinates":[[[19.670556648698,40.94146514368552],[19.67045296542758,40.94145525489612],[19.67046926673404,40.94135697815183],[19.670522286507044,40.941362034923074],[19.670520360000705,40.94137364944852],[19.670571023355784,40.94137848145249],[19.670556648698,40.94146514368552]]]},"properties":{"Zk_Numer":8573,"Zk_Emer":"LUSHNJË-SARAVË","Nr_Pas":"","Vol":0,"Faqe":0,"Pronaret":"","Kufizimet":"","Siperfaqe":91.2}},
{"type":"Feature","geometry":{"type":"Polygon","coordinates":[[[19.670871706885826,40.940933230941845],[19.670856723828855,40.94097071721431],[19.670806720345336,40.94095922510272],[19.6708217034279,40.940921738836764],[19.670871706885826,40.940933230941845]]]},"properties":{"Zk_Numer":8573,"Zk_Emer":"LUSHNJË-SARAVË","Nr_Pas":"","Vol":0,"Faqe":0,"Pronaret":"","Kufizimet":"","Siperfaqe":19.1}},
{"type":"Feature","geometry":{"type":"Polygon","coordinates":[[[19.67038021037992,40.94067974548634],[19.670445573049758,40.94061449264753],[19.670559048556896,40.940679851817194],[19.670493685933454,40.940745104719774],[19.67038021037992,40.94067974548634]]]},"properties":{"Zk_Numer":8573,"Zk_Emer":"LUSHNJË-SARAVË","Nr_Pas":"","Vol":0,"Faqe":0,"Pronaret":"","Kufizimet":"","Siperfaqe":109.2}},
{"type":"Feature","geometry":{"type":"Polygon","coordinates":[[[19.669719289516607,40.940704985409596],[19.669746037341817,40.94067742711798],[19.669788118172594,40.94070091233104],[19.669814865967645,40.94067335402332],[19.669929631999995,40.94073740450004],[19.66986768975365,40.940801223790324],[19.66975292367149,40.940737173252465],[19.66976137035527,40.94072847063233],[19.669719289516607,40.940704985409596]]]},"properties":{"Zk_Numer":8573,"Zk_Emer":"LUSHNJË-SARAVË","Nr_Pas":"","Vol":0,"Faqe":0,"Pronaret":"","Kufizimet":"","Siperfaqe":122.3}},
{"type":"Feature","geometry":{"type":"Polygon","coordinates":[[[19.670517777369575,40.94100240472356],[19.67047080373764,40.94098505476991],[19.670392870266365,40.9409562695774],[19.670427190863506,40.94090284016789],[19.670575050910088,40.940957453081516],[19.67055373060176,40.94099064410686],[19.6705307775734,40.940982166298134],[19.670517777369575,40.94100240472356]]]},"properties":{"Zk_Numer":8573,"Zk_Emer":"LUSHNJË-SARAVË","Nr_Pas":"","Vol":0,"Faqe":0,"Pronaret":"","Kufizimet":"","Siperfaqe":86}},
{"type":"Feature","geometry":{"type":"Polygon","coordinates":[[[19.67056874886386,40.94092383700733],[19.670595218139432,40.940891253097796],[19.670706940748794,40.9409434386873],[19.67068047150696,40.94097602262233],[19.67056874886386,40.94092383700733]]]},"properties":{"Zk_Numer":8573,"Zk_Emer":"LUSHNJË-SARAVË","Nr_Pas":"","Vol":0,"Faqe":0,"Pronaret":"","Kufizimet":"","Siperfaqe":47}},
{"type":"Feature","geometry":{"type":"Polygon","coordinates":[[[19.6712435032467,40.941025355022475],[19.671115046224173,40.941043323855084],[19.671097812460747,40.94097248196724],[19.67114685964492,40.94096562116423],[19.671139319862657,40.94093462784034],[19.671169682386484,40.940930380668014],[19.67117722218248,40.94096137398998],[19.671226269350438,40.940954513153116],[19.6712435032467,40.941025355022475]]]},"properties":{"Zk_Numer":8573,"Zk_Emer":"LUSHNJË-SARAVË","Nr_Pas":"","Vol":0,"Faqe":0,"Pronaret":"","Kufizimet":"","Siperfaqe":97.1}},
{"type":"Feature","geometry":{"type":"Polygon","coordinates":[[[19.671170309689007,40.94112825057291],[19.671219141581854,40.94113791763075],[19.671206093093243,40.941175817539055],[19.671157261174457,40.941166150475674],[19.671145862459777,40.941199258435226],[19.671094158066847,40.94118902269341],[19.671118605347534,40.941118014842125],[19.671170309689007,40.94112825057291]]]},"properties":{"Zk_Numer":8573,"Zk_Emer":"LUSHNJË-SARAVË","Nr_Pas":"","Vol":0,"Faqe":0,"Pronaret":"","Kufizimet":"","Siperfaqe":55.2}},
{"type":"Feature","geometry":{"type":"Polygon","coordinates":[[[19.671170309689007,40.94112825057291],[19.671118605347534,40.941118014842125],[19.67113765319218,40.94106268970213],[19.671189357493564,40.94107292542432],[19.671170309689007,40.94112825057291]]]},"properties":{"Zk_Numer":8573,"Zk_Emer":"LUSHNJË-SARAVË","Nr_Pas":"","Vol":0,"Faqe":0,"Pronaret":"","Kufizimet":"","Siperfaqe":28.6}},
{"type":"Feature","geometry":{"type":"Polygon","coordinates":[[[19.67116132662585,40.94088770989235],[19.671125702121575,40.94088760829082],[19.671125836116264,40.94086059455131],[19.671144242102617,40.940860647046755],[19.67114430239679,40.94084849086389],[19.67116152089704,40.940848539969856],[19.67116132662585,40.94088770989235]]]},"properties":{"Zk_Numer":8573,"Zk_Emer":"LUSHNJË-SARAVË","Nr_Pas":"","Vol":0,"Faqe":0,"Pronaret":"","Kufizimet":"","Siperfaqe":11}},
{"type":"Feature","geometry":{"type":"Polygon","coordinates":[[[19.67157762940444,40.9411675404565],[19.67147973297665,40.94114395572395],[19.671522881108668,40.941040972603645],[19.671620777400232,40.94106455729944],[19.67157762940444,40.9411675404565]]]},"properties":{"Zk_Numer":8573,"Zk_Emer":"LUSHNJË-SARAVË","Nr_Pas":"","Vol":0,"Faqe":0,"Pronaret":"","Kufizimet":"","Siperfaqe":103.8}},
{"type":"Feature","geometry":{"type":"Polygon","coordinates":[[[19.671549508335687,40.941028462896234],[19.671564878710683,40.940994382195996],[19.67163341858667,40.941012156342524],[19.671618048242667,40.94104623705192],[19.671549508335687,40.941028462896234]]]},"properties":{"Zk_Numer":8573,"Zk_Emer":"LUSHNJË-SARAVË","Nr_Pas":"","Vol":0,"Faqe":0,"Pronaret":"","Kufizimet":"","Siperfaqe":24.4}},
{"type":"Feature","geometry":{"type":"Polygon","coordinates":[[[19.671940035014604,40.940668602177176],[19.671934157635413,40.94069433251652],[19.671882089704592,40.94068749365517],[19.671887967103345,40.94066176331853],[19.671840579463243,40.94065553916833],[19.67186236639807,40.940560159477464],[19.671983467994252,40.940576065577154],[19.671961681228105,40.940671445291265],[19.671940035014604,40.940668602177176]]]},"properties":{"Zk_Numer":8573,"Zk_Emer":"LUSHNJË-SARAVË","Nr_Pas":"","Vol":0,"Faqe":0,"Pronaret":"","Kufizimet":"","Siperfaqe":124.2}},
{"type":"Feature","geometry":{"type":"Polygon","coordinates":[[[19.671128854220616,40.94079532078405],[19.671144158890748,40.94075932593379],[19.671279782666666,40.94079248416667],[19.67126447806227,40.94082847903497],[19.671128854220616,40.94079532078405]]]},"properties":{"Zk_Numer":8573,"Zk_Emer":"LUSHNJË-SARAVË","Nr_Pas":"","Vol":0,"Faqe":0,"Pronaret":"","Kufizimet":"","Siperfaqe":50.4}},
{"type":"Feature","geometry":{"type":"Polygon","coordinates":[[[19.67216773011447,40.94102321601622],[19.672182422833338,40.94092660616665],[19.672309827656335,40.94093774742902],[19.672295135120436,40.94103435729534],[19.67216773011447,40.94102321601622]]]},"properties":{"Zk_Numer":8573,"Zk_Emer":"LUSHNJË-SARAVË","Nr_Pas":"","Vol":0,"Faqe":0,"Pronaret":"","Kufizimet":"","Siperfaqe":116.6}},
{"type":"Feature","geometry":{"type":"Polygon","coordinates":[[[19.672430921500922,40.94095146220901],[19.672478415276398,40.9409508921907],[19.672479730801673,40.94101391680506],[19.67243223698103,40.94101448682374],[19.672430921500922,40.94095146220901]]]},"properties":{"Zk_Numer":8573,"Zk_Emer":"LUSHNJË-SARAVË","Nr_Pas":"","Vol":0,"Faqe":0,"Pronaret":"","Kufizimet":"","Siperfaqe":28}},
{"type":"Feature","geometry":{"type":"Polygon","coordinates":[[[19.67238911325171,40.940581066327006],[19.672300245429618,40.94054383363809],[19.672368297017996,40.94045043623894],[19.67245716475381,40.94048766887569],[19.67238911325171,40.940581066327006]]]},"properties":{"Zk_Numer":8573,"Zk_Emer":"LUSHNJË-SARAVË","Nr_Pas":"","Vol":0,"Faqe":0,"Pronaret":"","Kufizimet":"","Siperfaqe":101.3}},
{"type":"Feature","geometry":{"type":"Polygon","coordinates":[[[19.67303682218808,40.94083070698631],[19.6730990514696,40.94083356453289],[19.673092591383746,40.94091445814801],[19.6729213125,40.940906593],[19.672924901554214,40.94086165210861],[19.67293556943473,40.940862141986486],[19.6729384406687,40.94082618927275],[19.672983482808373,40.940828257633946],[19.672984595401235,40.94081432595682],[19.673037934769788,40.94081677530863],[19.67303682218808,40.94083070698631]]]},"properties":{"Zk_Numer":8573,"Zk_Emer":"LUSHNJË-SARAVË","Nr_Pas":"","Vol":0,"Faqe":0,"Pronaret":"","Kufizimet":"","Siperfaqe":133.4}},
{"type":"Feature","geometry":{"type":"Polygon","coordinates":[[[19.673119044764626,40.940837278313865],[19.673229480666667,40.940837591333334],[19.67322876172207,40.94098346555653],[19.673118325577065,40.94098315253545],[19.673118525351917,40.940942631918716],[19.673158899831666,40.940942746368634],[19.673159219431106,40.940877913381],[19.67311884499083,40.94087779893134],[19.673119044764626,40.940837278313865]]]},"properties":{"Zk_Numer":8573,"Zk_Emer":"LUSHNJË-SARAVË","Nr_Pas":"","Vol":0,"Faqe":0,"Pronaret":"","Kufizimet":"","Siperfaqe":126.2}},
{"type":"Feature","geometry":{"type":"Polygon","coordinates":[[[19.67268740826461,40.94106937555457],[19.672591261299697,40.94107148276238],[19.67258999195098,40.94103817948624],[19.672621447424316,40.94103749010019],[19.672621035738768,40.94102668903772],[19.67263824722114,40.94102631182291],[19.672636120166665,40.94097050633333],[19.672683600077132,40.940969465728145],[19.6726847150859,40.94099871860543],[19.67271735753794,40.94099800317776],[19.672718952880327,40.94103985729386],[19.672686310407688,40.9410405727219],[19.67268740826461,40.94106937555457]]]},"properties":{"Zk_Numer":8573,"Zk_Emer":"LUSHNJË-SARAVË","Nr_Pas":"","Vol":0,"Faqe":0,"Pronaret":"","Kufizimet":"","Siperfaqe":74.1}},
{"type":"Feature","geometry":{"type":"Polygon","coordinates":[[[19.67173309426907,40.9410635419934],[19.671749578333337,40.94098666133333],[19.671890230732753,40.94100400184878],[19.671873746827004,40.941080882529334],[19.67173309426907,40.9410635419934]]]},"properties":{"Zk_Numer":8573,"Zk_Emer":"LUSHNJË-SARAVË","Nr_Pas":"","Vol":0,"Faqe":0,"Pronaret":"","Kufizimet":"","Siperfaqe":103.8}},
{"type":"Feature","geometry":{"type":"Polygon","coordinates":[[[19.67350935364646,40.93913772057082],[19.673418228868687,40.93908211484207],[19.673445773521376,40.93905615814023],[19.6734755515,40.939028096833326],[19.673496829347222,40.939041080908076],[19.673532909194197,40.9390630973737],[19.673503131223935,40.939091158695284],[19.673536898286862,40.93911176384742],[19.67350935364646,40.93913772057082]]]},"properties":{"Zk_Numer":8573,"Zk_Emer":"LUSHNJË-SARAVË","Nr_Pas":"","Vol":0,"Faqe":0,"Pronaret":"","Kufizimet":"","Siperfaqe":61.2}},
{"type":"Feature","geometry":{"type":"Polygon","coordinates":[[[19.6727235085724,40.9410037133574],[19.672716460499057,40.94092555546915],[19.67274607864987,40.940924019694904],[19.67274267612065,40.940886288300874],[19.672849301392183,40.940880759453414],[19.672852703981842,40.94091849084457],[19.672858627610896,40.94091818368333],[19.672863407450247,40.94097118730345],[19.672770998757436,40.940975978987694],[19.672773267123432,40.941001133249536],[19.6727235085724,40.9410037133574]]]},"properties":{"Zk_Numer":8573,"Zk_Emer":"LUSHNJË-SARAVË","Nr_Pas":"","Vol":0,"Faqe":0,"Pronaret":"","Kufizimet":"","Siperfaqe":120.4}},
{"type":"Feature","geometry":{"type":"Polygon","coordinates":[[[19.673136177833328,40.9407735835],[19.67308079551994,40.940768341860824],[19.673090502345772,40.94070936878098],[19.673145884610722,40.94071461041535],[19.673136177833328,40.9407735835]]]},"properties":{"Zk_Numer":8573,"Zk_Emer":"LUSHNJË-SARAVË","Nr_Pas":"","Vol":0,"Faqe":0,"Pronaret":"","Kufizimet":"","Siperfaqe":31}},
{"type":"Feature","geometry":{"type":"Polygon","coordinates":[[[19.67078196956619,40.940543561213055],[19.67078235631616,40.94046567159512],[19.670924853422612,40.940466078356074],[19.670924466840034,40.94054396797512],[19.67078196956619,40.940543561213055]]]},"properties":{"Zk_Numer":8573,"Zk_Emer":"LUSHNJË-SARAVË","Nr_Pas":"","Vol":0,"Faqe":0,"Pronaret":"","Kufizimet":"","Siperfaqe":103.8}},
{"type":"Feature","geometry":{"type":"Polygon","coordinates":[[[19.68928719233333,40.92328144133333],[19.68936977773838,40.923221868859486],[19.689466317059974,40.92329886453785],[19.6893837316449,40.92335843708],[19.68928719233333,40.92328144133333]]]},"properties":{"Zk_Numer":8573,"Zk_Emer":"LUSHNJË-SARAVË","Nr_Pas":"","Vol":0,"Faqe":0,"Pronaret":"","Kufizimet":"","Siperfaqe":113.3}},
{"type":"Feature","geometry":{"type":"Polygon","coordinates":[[[19.68931379812667,40.92323704285246],[19.68930081980711,40.92325048501021],[19.689282255500004,40.92326524350001],[19.689215257710327,40.92321675897553],[19.689248857725207,40.923190047220864],[19.68931379812667,40.92323704285246]]]},"properties":{"Zk_Numer":8573,"Zk_Emer":"LUSHNJË-SARAVË","Nr_Pas":"","Vol":0,"Faqe":0,"Pronaret":"","Kufizimet":"","Siperfaqe":31.8}},
{"type":"Feature","geometry":{"type":"Polygon","coordinates":[[[19.688990304986262,40.92325914436689],[19.689011855452854,40.92327248120023],[19.689107921172155,40.92318317565191],[19.689080210346315,40.923166026400345],[19.689096482807834,40.92314917243592],[19.688946476531264,40.92306584878918],[19.68900249544139,40.92300782807154],[19.689160482979716,40.923095584999274],[19.689257758689276,40.922994832637244],[19.6893231650763,40.92303116359236],[19.689216678976887,40.923141455616395],[19.689339967662033,40.92320993801074],[19.68931379812667,40.92323704285246],[19.689248857725207,40.923190047220864],[19.689215257710327,40.92321675897553],[19.689282255500004,40.92326524350001],[19.68930081980711,40.92325048501021],[19.689283593551142,40.923268326912584],[19.68915315827023,40.92319587480093],[19.689054588533978,40.92329796686364],[19.688988347245218,40.923261172060556],[19.688990304986262,40.92325914436689]]]},"properties":{"Zk_Numer":8573,"Zk_Emer":"LUSHNJË-SARAVË","Nr_Pas":"","Vol":0,"Faqe":0,"Pronaret":"","Kufizimet":"","Siperfaqe":426}},
{"type":"Feature","geometry":{"type":"Polygon","coordinates":[[[19.689080210346315,40.923166026400345],[19.689107921172155,40.92318317565191],[19.689011855452854,40.92327248120023],[19.688990304986262,40.92325914436689],[19.689080210346315,40.923166026400345]]]},"properties":{"Zk_Numer":8573,"Zk_Emer":"LUSHNJË-SARAVË","Nr_Pas":"","Vol":0,"Faqe":0,"Pronaret":"","Kufizimet":"","Siperfaqe":34.3}},
{"type":"Feature","geometry":{"type":"Polygon","coordinates":[[[19.688990304986262,40.92325914436689],[19.68891067235057,40.923209862420094],[19.688979719644465,40.92314567412558],[19.688968681502892,40.92313884298709],[19.688995699974157,40.92311372581935],[19.689006738114355,40.92312055695526],[19.689080210346315,40.923166026400345],[19.688990304986262,40.92325914436689]]]},"properties":{"Zk_Numer":8573,"Zk_Emer":"LUSHNJË-SARAVË","Nr_Pas":"","Vol":0,"Faqe":0,"Pronaret":"","Kufizimet":"","Siperfaqe":110.8}},
{"type":"Feature","geometry":{"type":"Polygon","coordinates":[[[19.68887311933047,40.9237935541034],[19.688784948553668,40.92375450903773],[19.688844207429224,40.923677523241125],[19.688932378139153,40.92371656826177],[19.68887311933047,40.9237935541034]]]},"properties":{"Zk_Numer":8573,"Zk_Emer":"LUSHNJË-SARAVË","Nr_Pas":"","Vol":0,"Faqe":0,"Pronaret":"","Kufizimet":"","Siperfaqe":85.1}},
{"type":"Feature","geometry":{"type":"Polygon","coordinates":[[[19.688789445730123,40.92340553950466],[19.68884237325056,40.92332999998921],[19.68897026975,40.92338155475949],[19.688917342333326,40.92345709433334],[19.688789445730123,40.92340553950466]]]},"properties":{"Zk_Numer":8573,"Zk_Emer":"LUSHNJË-SARAVË","Nr_Pas":"","Vol":0,"Faqe":0,"Pronaret":"","Kufizimet":"","Siperfaqe":115.9}},
{"type":"Feature","geometry":{"type":"Polygon","coordinates":[[[19.68863587585611,40.92367733768187],[19.688689411546942,40.92360929143304],[19.68880257197711,40.92366051067262],[19.68874903636036,40.92372855697366],[19.68863587585611,40.92367733768187]]]},"properties":{"Zk_Numer":8573,"Zk_Emer":"LUSHNJË-SARAVË","Nr_Pas":"","Vol":0,"Faqe":0,"Pronaret":"","Kufizimet":"","Siperfaqe":97.7}},
{"type":"Feature","geometry":{"type":"Polygon","coordinates":[[[19.688936256100227,40.9240923834575],[19.6888652768612,40.92418712082108],[19.68879989110172,40.92415807744075],[19.688872483896624,40.92406405680765],[19.688936256100227,40.9240923834575]]]},"properties":{"Zk_Numer":8573,"Zk_Emer":"LUSHNJË-SARAVË","Nr_Pas":"","Vol":0,"Faqe":0,"Pronaret":"","Kufizimet":"","Siperfaqe":76.3}},
{"type":"Feature","geometry":{"type":"Polygon","coordinates":[[[19.688504485670972,40.92452709429564],[19.688556104499995,40.92445511016666],[19.688661439420066,40.924498564380926],[19.688609820670937,40.92457054855681],[19.688504485670972,40.92452709429564]]]},"properties":{"Zk_Numer":8573,"Zk_Emer":"LUSHNJË-SARAVË","Nr_Pas":"","Vol":0,"Faqe":0,"Pronaret":"","Kufizimet":"","Siperfaqe":91.9}},
{"type":"Feature","geometry":{"type":"Polygon","coordinates":[[[19.688229159488962,40.92458986974179],[19.688234501840906,40.92458224455945],[19.688324998665404,40.92461872017653],[19.688195621807044,40.924803380606924],[19.688133402664512,40.92477650495505],[19.68811150906375,40.924805663559184],[19.688085355222565,40.92479512198054],[19.68817873741702,40.924661837475256],[19.68826101183333,40.924695969666665],[19.688312569893114,40.924624473196225],[19.688229159488962,40.92458986974179]]]},"properties":{"Zk_Numer":8573,"Zk_Emer":"LUSHNJË-SARAVË","Nr_Pas":"","Vol":0,"Faqe":0,"Pronaret":"","Kufizimet":"","Siperfaqe":137}},
{"type":"Feature","geometry":{"type":"Polygon","coordinates":[[[19.688229159488962,40.92458986974179],[19.688312569893114,40.924624473196225],[19.68826101183333,40.924695969666665],[19.68817873741702,40.924661837475256],[19.688229159488962,40.92458986974179]]]},"properties":{"Zk_Numer":8573,"Zk_Emer":"LUSHNJË-SARAVË","Nr_Pas":"","Vol":0,"Faqe":0,"Pronaret":"","Kufizimet":"","Siperfaqe":72}},
{"type":"Feature","geometry":{"type":"Polygon","coordinates":[[[19.68820450341597,40.92443348115621],[19.68824724552213,40.92437681554589],[19.68821066375894,40.924360941366096],[19.688236309000004,40.92432694199999],[19.688360480929294,40.92438082470471],[19.688292093674455,40.92447148974087],[19.68820450341597,40.92443348115621]]]},"properties":{"Zk_Numer":8573,"Zk_Emer":"LUSHNJË-SARAVË","Nr_Pas":"","Vol":0,"Faqe":0,"Pronaret":"","Kufizimet":"","Siperfaqe":114}},
{"type":"Feature","geometry":{"type":"Polygon","coordinates":[[[19.68861952348181,40.92420552404465],[19.68856575619993,40.92427728757504],[19.68865703981605,40.92431663341495],[19.688637680159147,40.924342608402654],[19.68851882916666,40.92429164749999],[19.688571411037266,40.924221098147555],[19.68855694224368,40.92421489420981],[19.688577390722667,40.92418745834625],[19.68861952348181,40.92420552404465]]]},"properties":{"Zk_Numer":8573,"Zk_Emer":"LUSHNJË-SARAVË","Nr_Pas":"","Vol":0,"Faqe":0,"Pronaret":"","Kufizimet":"","Siperfaqe":67.6}},
{"type":"Feature","geometry":{"type":"Polygon","coordinates":[[[19.689095944025464,40.924501021078626],[19.68914790724304,40.924464066512584],[19.689232358500004,40.9245323825],[19.689195551221946,40.92455855868003],[19.68920529560837,40.92456644129305],[19.689156796561615,40.924600932245454],[19.689052856567073,40.924516850954234],[19.68908619966165,40.92449313845638],[19.689095944025464,40.924501021078626]]]},"properties":{"Zk_Numer":8573,"Zk_Emer":"LUSHNJË-SARAVË","Nr_Pas":"","Vol":0,"Faqe":0,"Pronaret":"","Kufizimet":"","Siperfaqe":113.8}},
{"type":"Feature","geometry":{"type":"Polygon","coordinates":[[[19.689144966644925,40.92381381161718],[19.689085670405536,40.92389295625642],[19.689006599201328,40.9238553808044],[19.6890702605,40.9237783105],[19.689144966644925,40.92381381161718]]]},"properties":{"Zk_Numer":8573,"Zk_Emer":"LUSHNJË-SARAVË","Nr_Pas":"","Vol":0,"Faqe":0,"Pronaret":"","Kufizimet":"","Siperfaqe":77.2}},
{"type":"Feature","geometry":{"type":"Polygon","coordinates":[[[19.689144966644925,40.92381381161718],[19.689146719819522,40.923814644742485],[19.689139156114976,40.92382380161724],[19.689182416033905,40.92384435912955],[19.68912631851984,40.923912272622026],[19.689085670405536,40.92389295625642],[19.689144966644925,40.92381381161718]]]},"properties":{"Zk_Numer":8573,"Zk_Emer":"LUSHNJË-SARAVË","Nr_Pas":"","Vol":0,"Faqe":0,"Pronaret":"","Kufizimet":"","Siperfaqe":37.8}},
{"type":"Feature","geometry":{"type":"Polygon","coordinates":[[[19.689085670405536,40.92389295625642],[19.68912631851984,40.923912272622026],[19.689182416033905,40.92384435912955],[19.689139156114976,40.92382380161724],[19.689146719819522,40.923814644742485],[19.689144966644925,40.92381381161718],[19.689178303678755,40.923769315485394],[19.689009610846238,40.92369660438266],[19.689084036384614,40.923597266035905],[19.689358208483153,40.923715441247516],[19.688936369438128,40.92427848291588],[19.688846577714095,40.92439832927053],[19.68865703981605,40.92431663341495],[19.6887107103862,40.924244623109296],[19.68861952348181,40.92420552404465],[19.688655548264713,40.92415744143775],[19.688830889401164,40.92423301831518],[19.6888652768612,40.92418712082108],[19.688900287323037,40.92420267192099],[19.688972880025254,40.924108651225076],[19.688936256100227,40.9240923834575],[19.689085670405536,40.92389295625642]]]},"properties":{"Zk_Numer":8573,"Zk_Emer":"LUSHNJË-SARAVË","Nr_Pas":"","Vol":0,"Faqe":0,"Pronaret":"","Kufizimet":"","Siperfaqe":1197.6}},
{"type":"Feature","geometry":{"type":"Polygon","coordinates":[[[19.692223690091048,40.92627164715217],[19.69219852009185,40.92624217096187],[19.69223539029251,40.92622405951445],[19.692182791500002,40.926162461833314],[19.692239591468592,40.9261345604165],[19.692317360315656,40.92622563424231],[19.692260560301317,40.92625353569682],[19.692223690091048,40.92627164715217]]]},"properties":{"Zk_Numer":8573,"Zk_Emer":"LUSHNJË-SARAVË","Nr_Pas":"","Vol":0,"Faqe":0,"Pronaret":"","Kufizimet":"","Siperfaqe":83.1}},
{"type":"Feature","geometry":{"type":"Polygon","coordinates":[[[19.68842410899224,40.92539080993117],[19.688341731187272,40.92532913194704],[19.688413458558852,40.925274020379554],[19.68849583636271,40.92533569831302],[19.68842410899224,40.92539080993117]]]},"properties":{"Zk_Numer":8573,"Zk_Emer":"LUSHNJË-SARAVË","Nr_Pas":"","Vol":0,"Faqe":0,"Pronaret":"","Kufizimet":"","Siperfaqe":83.8}},
{"type":"Feature","geometry":{"type":"Polygon","coordinates":[[[19.688209971833622,40.92512560327173],[19.688090972499996,40.9250712605],[19.68816568185425,40.9249771454878],[19.688284681081218,40.92503148818294],[19.688209971833622,40.92512560327173]]]},"properties":{"Zk_Numer":8573,"Zk_Emer":"LUSHNJË-SARAVË","Nr_Pas":"","Vol":0,"Faqe":0,"Pronaret":"","Kufizimet":"","Siperfaqe":142.7}},
{"type":"Feature","geometry":{"type":"Polygon","coordinates":[[[19.688215933804965,40.924812154392896],[19.68822601937116,40.92481651086018],[19.688279895499996,40.924839782666666],[19.688228194049195,40.92490864048023],[19.688164232309664,40.924881012177956],[19.688215933804965,40.924812154392896]]]},"properties":{"Zk_Numer":8573,"Zk_Emer":"LUSHNJË-SARAVË","Nr_Pas":"","Vol":0,"Faqe":0,"Pronaret":"","Kufizimet":"","Siperfaqe":54.6}},
{"type":"Feature","geometry":{"type":"Polygon","coordinates":[[[19.687740116086314,40.92490366869285],[19.687815802233477,40.924845828098164],[19.68791776182723,40.92492258098016],[19.687818658945467,40.924998317083784],[19.687744506489782,40.92494249675194],[19.687767923224985,40.92492460132403],[19.687740116086314,40.92490366869285]]]},"properties":{"Zk_Numer":8573,"Zk_Emer":"LUSHNJË-SARAVË","Nr_Pas":"","Vol":0,"Faqe":0,"Pronaret":"","Kufizimet":"","Siperfaqe":134.1}},
{"type":"Feature","geometry":{"type":"Polygon","coordinates":[[[19.688164232309664,40.924881012177956],[19.6880817011118,40.92484536270333],[19.68811150906375,40.924805663559184],[19.688175852253988,40.92483159771405],[19.688195621807044,40.924803380606924],[19.688215933804965,40.924812154392896],[19.688164232309664,40.924881012177956]]]},"properties":{"Zk_Numer":8573,"Zk_Emer":"LUSHNJË-SARAVË","Nr_Pas":"","Vol":0,"Faqe":0,"Pronaret":"","Kufizimet":"","Siperfaqe":48.3}},
{"type":"Feature","geometry":{"type":"Polygon","coordinates":[[[19.689228681892253,40.92582850148274],[19.68925336298861,40.92584797784653],[19.68922768432366,40.92586669759495],[19.689263060586107,40.925894613714924],[19.689186880458788,40.92595014895736],[19.6890914468961,40.92587484026745],[19.689167627016044,40.92581930508728],[19.689203003227952,40.92584722122573],[19.689228681892253,40.92582850148274]]]},"properties":{"Zk_Numer":8573,"Zk_Emer":"LUSHNJË-SARAVË","Nr_Pas":"","Vol":0,"Faqe":0,"Pronaret":"","Kufizimet":"","Siperfaqe":112.2}},
{"type":"Feature","geometry":{"type":"Polygon","coordinates":[[[19.688733133723446,40.92554833483673],[19.68875843640686,40.925529322939795],[19.688775147187176,40.92554211712898],[19.688803401833333,40.92552088716666],[19.688845178812695,40.92555287261886],[19.68887259001967,40.925532276370184],[19.688911024876607,40.92556170296379],[19.688813187873993,40.925635215730004],[19.688774753018276,40.92560578910418],[19.688732976039862,40.92557380362676],[19.68874984450362,40.925561129029525],[19.688733133723446,40.92554833483673]]]},"properties":{"Zk_Numer":8573,"Zk_Emer":"LUSHNJË-SARAVË","Nr_Pas":"","Vol":0,"Faqe":0,"Pronaret":"","Kufizimet":"","Siperfaqe":101.1}},
{"type":"Feature","geometry":{"type":"Polygon","coordinates":[[[19.68905581720397,40.92572433301031],[19.688979678037736,40.92577726994233],[19.68888260733333,40.925696952333325],[19.688958746484026,40.9256440154646],[19.68899564937466,40.92567454941726],[19.689025842454868,40.92565355718697],[19.689049909577275,40.92567347062175],[19.689019716495554,40.925694462858246],[19.68905581720397,40.92572433301031]]]},"properties":{"Zk_Numer":8573,"Zk_Emer":"LUSHNJË-SARAVË","Nr_Pas":"","Vol":0,"Faqe":0,"Pronaret":"","Kufizimet":"","Siperfaqe":115.6}},
{"type":"Feature","geometry":{"type":"Polygon","coordinates":[[[19.688696064636936,40.92612304132762],[19.68863605164625,40.926066049369915],[19.68873067414592,40.9260087309242],[19.688790687166666,40.92606572283334],[19.688696064636936,40.92612304132762]]]},"properties":{"Zk_Numer":8573,"Zk_Emer":"LUSHNJË-SARAVË","Nr_Pas":"","Vol":0,"Faqe":0,"Pronaret":"","Kufizimet":"","Siperfaqe":82.6}},
{"type":"Feature","geometry":{"type":"Polygon","coordinates":[[[19.688428910430954,40.926000034242264],[19.688516469078483,40.92595517461938],[19.688594886711464,40.926043223818475],[19.688507328,40.92608808349999],[19.688428910430954,40.926000034242264]]]},"properties":{"Zk_Numer":8573,"Zk_Emer":"LUSHNJË-SARAVË","Nr_Pas":"","Vol":0,"Faqe":0,"Pronaret":"","Kufizimet":"","Siperfaqe":105}},
{"type":"Feature","geometry":{"type":"Polygon","coordinates":[[[19.68949664917417,40.92661800164439],[19.689531194067897,40.926648912383904],[19.68957955697316,40.92669218740175],[19.689557368221383,40.92670645227917],[19.689479028266426,40.92675681599534],[19.689396120499996,40.92668263016665],[19.68949664917417,40.92661800164439]]]},"properties":{"Zk_Numer":8573,"Zk_Emer":"LUSHNJË-SARAVË","Nr_Pas":"","Vol":0,"Faqe":0,"Pronaret":"","Kufizimet":"","Siperfaqe":119.9}},
{"type":"Feature","geometry":{"type":"Polygon","coordinates":[[[19.68920159912897,40.92359380374411],[19.689256928717736,40.9235197780984],[19.689378794536633,40.92357218126611],[19.689323465039415,40.923646206969956],[19.68920159912897,40.92359380374411]]]},"properties":{"Zk_Numer":8573,"Zk_Emer":"LUSHNJË-SARAVË","Nr_Pas":"","Vol":0,"Faqe":0,"Pronaret":"","Kufizimet":"","Siperfaqe":111.5}},
{"type":"Feature","geometry":{"type":"Polygon","coordinates":[[[19.686633861504546,40.92897845451758],[19.68668715219247,40.92894454669332],[19.686761523124705,40.92901470424286],[19.686708232417995,40.929048612101006],[19.686633861504546,40.92897845451758]]]},"properties":{"Zk_Numer":8573,"Zk_Emer":"LUSHNJË-SARAVË","Nr_Pas":"","Vol":0,"Faqe":0,"Pronaret":"","Kufizimet":"","Siperfaqe":58.6}},
{"type":"Feature","geometry":{"type":"Polygon","coordinates":[[[19.687227547445463,40.928476111858416],[19.68718319792449,40.92850401104888],[19.68711723818177,40.92844369776781],[19.68716223938281,40.928415388638356],[19.687227547445463,40.928476111858416]]]},"properties":{"Zk_Numer":8573,"Zk_Emer":"LUSHNJË-SARAVË","Nr_Pas":"","Vol":0,"Faqe":0,"Pronaret":"","Kufizimet":"","Siperfaqe":42.5}},
{"type":"Feature","geometry":{"type":"Polygon","coordinates":[[[19.69221343097573,40.92887331378751],[19.692245383,40.92890465916667],[19.692205932276394,40.92892779101441],[19.69222190829602,40.928943463706055],[19.692200304314596,40.928956131143636],[19.692184328297063,40.928940458449055],[19.692144877530925,40.92896359027563],[19.69211292552611,40.92893224486902],[19.69221343097573,40.92887331378751]]]},"properties":{"Zk_Numer":8573,"Zk_Emer":"LUSHNJË-SARAVË","Nr_Pas":"","Vol":0,"Faqe":0,"Pronaret":"","Kufizimet":"","Siperfaqe":52.1}},
{"type":"Feature","geometry":{"type":"Polygon","coordinates":[[[19.69242927624202,40.92869988098701],[19.69252112214734,40.92878943860346],[19.69246161217657,40.9288245444454],[19.692417147080135,40.92878118717322],[19.692388094953213,40.92879832543589],[19.69234071418478,40.928752125033135],[19.69242927624202,40.92869988098701]]]},"properties":{"Zk_Numer":8573,"Zk_Emer":"LUSHNJË-SARAVË","Nr_Pas":"","Vol":0,"Faqe":0,"Pronaret":"","Kufizimet":"","Siperfaqe":100.2}},
{"type":"Feature","geometry":{"type":"Polygon","coordinates":[[[19.693467804178557,40.92905671187219],[19.693364595833334,40.9289822205],[19.693440305544936,40.92892188266258],[19.693543513882137,40.928996373967756],[19.693467804178557,40.92905671187219]]]},"properties":{"Zk_Numer":8573,"Zk_Emer":"LUSHNJË-SARAVË","Nr_Pas":"","Vol":0,"Faqe":0,"Pronaret":"","Kufizimet":"","Siperfaqe":111}},
{"type":"Feature","geometry":{"type":"Polygon","coordinates":[[[19.693467804178557,40.92905671187219],[19.693543513882137,40.928996373967756],[19.693636937707662,40.92906380301236],[19.693646722451206,40.92907086518042],[19.693571012755648,40.92913120315187],[19.693467804178557,40.92905671187219]]]},"properties":{"Zk_Numer":8573,"Zk_Emer":"LUSHNJË-SARAVË","Nr_Pas":"","Vol":0,"Faqe":0,"Pronaret":"","Kufizimet":"","Siperfaqe":111}},
{"type":"Feature","geometry":{"type":"Polygon","coordinates":[[[19.693178964813047,40.92878466665655],[19.693259467344703,40.92873137477207],[19.69335315538933,40.92881278221761],[19.693272652833336,40.92886607416667],[19.693178964813047,40.92878466665655]]]},"properties":{"Zk_Numer":8573,"Zk_Emer":"LUSHNJË-SARAVË","Nr_Pas":"","Vol":0,"Faqe":0,"Pronaret":"","Kufizimet":"","Siperfaqe":108}},
{"type":"Feature","geometry":{"type":"Polygon","coordinates":[[[19.69473551967715,40.92871724530501],[19.694631485773222,40.92864210608644],[19.694673243277816,40.92860884960436],[19.69466292587914,40.92860139777961],[19.694692401739818,40.9285779226091],[19.694806753034616,40.92866051358626],[19.69473551967715,40.92871724530501]]]},"properties":{"Zk_Numer":8573,"Zk_Emer":"LUSHNJË-SARAVË","Nr_Pas":"","Vol":0,"Faqe":0,"Pronaret":"","Kufizimet":"","Siperfaqe":109.6}},
{"type":"Feature","geometry":{"type":"Polygon","coordinates":[[[19.69475799933333,40.92877034633333],[19.694815915207943,40.92873166324631],[19.69486456528075,40.928773561121176],[19.694806649397634,40.92881224423231],[19.69475799933333,40.92877034633333]]]},"properties":{"Zk_Numer":8573,"Zk_Emer":"LUSHNJË-SARAVË","Nr_Pas":"","Vol":0,"Faqe":0,"Pronaret":"","Kufizimet":"","Siperfaqe":40.3}},
{"type":"Feature","geometry":{"type":"Polygon","coordinates":[[[19.69444401552507,40.92874804022063],[19.694470350668507,40.92872665062978],[19.69450766463104,40.9287530769674],[19.694496320264264,40.92876229094939],[19.69453103095437,40.92878687358158],[19.69451563502377,40.92879937827417],[19.69445729249722,40.92884676445861],[19.694385267836203,40.9287957554396],[19.69444401552507,40.92874804022063]]]},"properties":{"Zk_Numer":8573,"Zk_Emer":"LUSHNJË-SARAVË","Nr_Pas":"","Vol":0,"Faqe":0,"Pronaret":"","Kufizimet":"","Siperfaqe":81.5}},
{"type":"Feature","geometry":{"type":"Polygon","coordinates":[[[19.694574138192646,40.92885024983294],[19.694541283420246,40.92887625824339],[19.694510848897103,40.92885414346867],[19.694543703670377,40.92882813506681],[19.694574138192646,40.92885024983294]]]},"properties":{"Zk_Numer":8573,"Zk_Emer":"LUSHNJË-SARAVË","Nr_Pas":"","Vol":0,"Faqe":0,"Pronaret":"","Kufizimet":"","Siperfaqe":14.2}},
{"type":"Feature","geometry":{"type":"Polygon","coordinates":[[[19.69401764862226,40.928678689887604],[19.693936398135065,40.9287431097161],[19.693874101802123,40.92869740843886],[19.693893912609077,40.92868187494097],[19.693866177839393,40.92866152838125],[19.693928086552475,40.928612986192704],[19.69393486966688,40.92861796236516],[19.69401764862226,40.928678689887604]]]},"properties":{"Zk_Numer":8573,"Zk_Emer":"LUSHNJË-SARAVË","Nr_Pas":"","Vol":0,"Faqe":0,"Pronaret":"","Kufizimet":"","Siperfaqe":96.4}},
{"type":"Feature","geometry":{"type":"Polygon","coordinates":[[[19.694096789678454,40.92881766238665],[19.69407701570411,40.92883322288638],[19.694016320471842,40.92878885619298],[19.694036094447075,40.92877329570354],[19.693999762833336,40.92874673816666],[19.694061556447767,40.928698111634084],[19.694158583288466,40.928769035802674],[19.694096789678454,40.92881766238665]]]},"properties":{"Zk_Numer":8573,"Zk_Emer":"LUSHNJË-SARAVË","Nr_Pas":"","Vol":0,"Faqe":0,"Pronaret":"","Kufizimet":"","Siperfaqe":102.2}},
{"type":"Feature","geometry":{"type":"Polygon","coordinates":[[[19.694226972375763,40.92881902635693],[19.694165178768866,40.92886765297716],[19.694096789678454,40.92881766238665],[19.694158583288466,40.928769035802674],[19.694226972375763,40.92881902635693]]]},"properties":{"Zk_Numer":8573,"Zk_Emer":"LUSHNJË-SARAVË","Nr_Pas":"","Vol":0,"Faqe":0,"Pronaret":"","Kufizimet":"","Siperfaqe":60}},
{"type":"Feature","geometry":{"type":"Polygon","coordinates":[[[19.6943348110112,40.928886619163755],[19.694263130436692,40.928943026106516],[19.694198169771404,40.928895541766074],[19.694175512092094,40.92891337152474],[19.694140035210168,40.928887438914266],[19.69416517876887,40.92886765297716],[19.694226972375763,40.92881902635693],[19.694234373469886,40.92881320228148],[19.6943348110112,40.928886619163755]]]},"properties":{"Zk_Numer":8573,"Zk_Emer":"LUSHNJË-SARAVË","Nr_Pas":"","Vol":0,"Faqe":0,"Pronaret":"","Kufizimet":"","Siperfaqe":113.6}},
{"type":"Feature","geometry":{"type":"Polygon","coordinates":[[[19.695170303982785,40.92964630510096],[19.695143248381534,40.929622383788846],[19.69508449914312,40.92957044034631],[19.695194441685906,40.92949891510839],[19.695265945733862,40.92956213567444],[19.695228096678683,40.92958675915218],[19.69524239750265,40.92959940326469],[19.69518292035611,40.92963809728292],[19.695170303982785,40.92964630510096]]]},"properties":{"Zk_Numer":8573,"Zk_Emer":"LUSHNJË-SARAVË","Nr_Pas":"","Vol":0,"Faqe":0,"Pronaret":"","Kufizimet":"","Siperfaqe":127.7}},
{"type":"Feature","geometry":{"type":"Polygon","coordinates":[[[19.69518292035611,40.92963809728292],[19.695211522014237,40.92966338551713],[19.69518628926183,40.92967980115799],[19.69515768760633,40.92965451291759],[19.695170303982785,40.92964630510096],[19.69518292035611,40.92963809728292]]]},"properties":{"Zk_Numer":8573,"Zk_Emer":"LUSHNJË-SARAVË","Nr_Pas":"","Vol":0,"Faqe":0,"Pronaret":"","Kufizimet":"","Siperfaqe":10.4}},
{"type":"Feature","geometry":{"type":"Polygon","coordinates":[[[19.695257538157637,40.92941560211895],[19.69521599127001,40.92937171431357],[19.69530711268207,40.92932209626479],[19.695293263721865,40.92930746700375],[19.69533288360132,40.92928589287499],[19.69535850419044,40.929312956997904],[19.69532957068914,40.9293287121018],[19.69535934598787,40.929360165001576],[19.695257538157637,40.92941560211895]]]},"properties":{"Zk_Numer":8573,"Zk_Emer":"LUSHNJË-SARAVË","Nr_Pas":"","Vol":0,"Faqe":0,"Pronaret":"","Kufizimet":"","Siperfaqe":76.7}},
{"type":"Feature","geometry":{"type":"Polygon","coordinates":[[[19.695265668310906,40.92931618882617],[19.695252866444218,40.929303210266205],[19.695211035830063,40.92932694398892],[19.695192021904674,40.9293377320396],[19.695143303755795,40.92928834137016],[19.695121437741225,40.929300747615436],[19.695089077555835,40.9292679406569],[19.69517178807139,40.92922101268647],[19.695198102959875,40.929247690854616],[19.69522187033206,40.92923420578917],[19.695289435694065,40.929302703747],[19.695265668310906,40.92931618882617]]]},"properties":{"Zk_Numer":8573,"Zk_Emer":"LUSHNJË-SARAVË","Nr_Pas":"","Vol":0,"Faqe":0,"Pronaret":"","Kufizimet":"","Siperfaqe":107.2}},
{"type":"Feature","geometry":{"type":"Polygon","coordinates":[[[19.69500723114093,40.92914555445213],[19.6951073753698,40.929089244537806],[19.695184095993298,40.92916772831393],[19.69508395171025,40.92922403829391],[19.69500723114093,40.92914555445213]]]},"properties":{"Zk_Numer":8573,"Zk_Emer":"LUSHNJË-SARAVË","Nr_Pas":"","Vol":0,"Faqe":0,"Pronaret":"","Kufizimet":"","Siperfaqe":113.9}},
{"type":"Feature","geometry":{"type":"Polygon","coordinates":[[[19.694813909099324,40.92911158541832],[19.69471633782851,40.92903668157566],[19.69479066355725,40.928980990496896],[19.69480735210234,40.928993802022404],[19.69484282570183,40.928967222167046],[19.694923708431425,40.92902931439745],[19.694813909099324,40.92911158541832]]]},"properties":{"Zk_Numer":8573,"Zk_Emer":"LUSHNJË-SARAVË","Nr_Pas":"","Vol":0,"Faqe":0,"Pronaret":"","Kufizimet":"","Siperfaqe":143.6}},
{"type":"Feature","geometry":{"type":"Polygon","coordinates":[[[19.69487789051676,40.929213768436306],[19.694892047284043,40.929205573367874],[19.694990736413242,40.929303636649664],[19.694926558999995,40.929340787666675],[19.694827869911077,40.92924272433073],[19.69484957697173,40.929230158567925],[19.69483300875681,40.92921369537488],[19.694861322298856,40.92919730524727],[19.69487789051676,40.929213768436306]]]},"properties":{"Zk_Numer":8573,"Zk_Emer":"LUSHNJË-SARAVË","Nr_Pas":"","Vol":0,"Faqe":0,"Pronaret":"","Kufizimet":"","Siperfaqe":100.1}},
{"type":"Feature","geometry":{"type":"Polygon","coordinates":[[[19.694915738333336,40.92965988833334],[19.69499575952041,40.929608240823164],[19.69506578201191,40.92967064493726],[19.69498576080347,40.929722292495406],[19.694915738333336,40.92965988833334]]]},"properties":{"Zk_Numer":8573,"Zk_Emer":"LUSHNJË-SARAVË","Nr_Pas":"","Vol":0,"Faqe":0,"Pronaret":"","Kufizimet":"","Siperfaqe":80.5}},
{"type":"Feature","geometry":{"type":"Polygon","coordinates":[[[19.694903644504127,40.92964149836876],[19.694873012764578,40.92961397326294],[19.694927451688603,40.92957912561569],[19.69495808343483,40.92960665070721],[19.694903644504127,40.92964149836876]]]},"properties":{"Zk_Numer":8573,"Zk_Emer":"LUSHNJË-SARAVË","Nr_Pas":"","Vol":0,"Faqe":0,"Pronaret":"","Kufizimet":"","Siperfaqe":24}},
{"type":"Feature","geometry":{"type":"Polygon","coordinates":[[[19.694604515610838,40.92939226355644],[19.694680323675435,40.92933514807968],[19.694755631823845,40.929392642705956],[19.694679823757774,40.92944975823165],[19.694604515610838,40.92939226355644]]]},"properties":{"Zk_Numer":8573,"Zk_Emer":"LUSHNJË-SARAVË","Nr_Pas":"","Vol":0,"Faqe":0,"Pronaret":"","Kufizimet":"","Siperfaqe":81}},
{"type":"Feature","geometry":{"type":"Polygon","coordinates":[[[19.694057159336264,40.928521004176055],[19.694109494111686,40.9285589732426],[19.69407666625234,40.928585001089125],[19.69410755237834,40.92860740906036],[19.69402596570322,40.92867209564073],[19.69401764862226,40.928678689887604],[19.69393486966688,40.92861796236516],[19.69396277916668,40.92859583416667],[19.694057159336264,40.928521004176055]]]},"properties":{"Zk_Numer":8573,"Zk_Emer":"LUSHNJË-SARAVË","Nr_Pas":"","Vol":0,"Faqe":0,"Pronaret":"","Kufizimet":"","Siperfaqe":130.4}},
{"type":"Feature","geometry":{"type":"Polygon","coordinates":[[[19.694057159336264,40.928521004176055],[19.694073515450278,40.928508036089205],[19.694093970612393,40.92849181802604],[19.694178422871396,40.92855308838377],[19.694210302047686,40.92857621677268],[19.694140662918002,40.92863143082393],[19.69410755237834,40.92860740906036],[19.69407666625234,40.928585001089125],[19.694109494111686,40.9285589732426],[19.694057159336264,40.928521004176055]]]},"properties":{"Zk_Numer":8573,"Zk_Emer":"LUSHNJË-SARAVË","Nr_Pas":"","Vol":0,"Faqe":0,"Pronaret":"","Kufizimet":"","Siperfaqe":90.7}},
{"type":"Feature","geometry":{"type":"Polygon","coordinates":[[[19.6943348110112,40.928886619163755],[19.694371570269418,40.928913489035466],[19.694355091987667,40.928926456157974],[19.694408948629736,40.92896582363086],[19.69435374634111,40.92900926349922],[19.694263130436692,40.928943026106516],[19.6943348110112,40.928886619163755]]]},"properties":{"Zk_Numer":8573,"Zk_Emer":"LUSHNJË-SARAVË","Nr_Pas":"","Vol":0,"Faqe":0,"Pronaret":"","Kufizimet":"","Siperfaqe":79.6}},
{"type":"Feature","geometry":{"type":"Polygon","coordinates":[[[19.693673544333333,40.928573285999995],[19.69375635287108,40.92850875714078],[19.693841434681712,40.92857156187114],[19.693758626147574,40.928636090790754],[19.693673544333333,40.928573285999995]]]},"properties":{"Zk_Numer":8573,"Zk_Emer":"LUSHNJË-SARAVË","Nr_Pas":"","Vol":0,"Faqe":0,"Pronaret":"","Kufizimet":"","Siperfaqe":100}},
{"type":"Feature","geometry":{"type":"Polygon","coordinates":[[[19.694322105324623,40.9283469232676],[19.69425113322343,40.92840870636083],[19.694217280526274,40.928386337226314],[19.69428934683074,40.92832527717475],[19.694322105324623,40.9283469232676]]]},"properties":{"Zk_Numer":8573,"Zk_Emer":"LUSHNJË-SARAVË","Nr_Pas":"","Vol":0,"Faqe":0,"Pronaret":"","Kufizimet":"","Siperfaqe":33.9}},
{"type":"Feature","geometry":{"type":"Polygon","coordinates":[[[19.694322105324623,40.9283469232676],[19.694338315043247,40.92833281225591],[19.69435462853898,40.9283435918449],[19.694443946168168,40.92840261081095],[19.694352696367773,40.92848204630419],[19.694253706517255,40.92841663609449],[19.694247065213393,40.92841224766643],[19.69425113322343,40.92840870636083],[19.694322105324623,40.9283469232676]]]},"properties":{"Zk_Numer":8573,"Zk_Emer":"LUSHNJË-SARAVË","Nr_Pas":"","Vol":0,"Faqe":0,"Pronaret":"","Kufizimet":"","Siperfaqe":138.1}},
{"type":"Feature","geometry":{"type":"Polygon","coordinates":[[[19.69428934683074,40.92832527717475],[19.694217280526274,40.928386337226314],[19.694192946666337,40.92837025791934],[19.694210104771916,40.92835532136003],[19.69417966875516,40.928335209860336],[19.6942334827684,40.92828836337594],[19.69428934683074,40.92832527717475]]]},"properties":{"Zk_Numer":8573,"Zk_Emer":"LUSHNJË-SARAVË","Nr_Pas":"","Vol":0,"Faqe":0,"Pronaret":"","Kufizimet":"","Siperfaqe":48.8}},
{"type":"Feature","geometry":{"type":"Polygon","coordinates":[[[19.69428934683074,40.92832527717475],[19.6942334827684,40.92828836337594],[19.69417966875516,40.928335209860336],[19.694210104771916,40.92835532136003],[19.694192946666337,40.92837025791934],[19.694217280526274,40.928386337226314],[19.6941330353736,40.928457715922825],[19.694121104454876,40.92844961587884],[19.694074769962054,40.92841815880486],[19.69423570036825,40.92828180662638],[19.69421407375914,40.92826712405507],[19.69429148377067,40.92820153628683],[19.694371375753466,40.92825577584258],[19.69428934683074,40.92832527717475]]]},"properties":{"Zk_Numer":8573,"Zk_Emer":"LUSHNJË-SARAVË","Nr_Pas":"","Vol":0,"Faqe":0,"Pronaret":"","Kufizimet":"","Siperfaqe":173.4}},
{"type":"Feature","geometry":{"type":"Polygon","coordinates":[[[19.694508064572084,40.92857147856029],[19.694505995591136,40.9285730926919],[19.694428527565027,40.92851597435752],[19.694518321248662,40.928445921070924],[19.694595789271027,40.92850303934566],[19.694508064572084,40.92857147856029]]]},"properties":{"Zk_Numer":8573,"Zk_Emer":"LUSHNJË-SARAVË","Nr_Pas":"","Vol":0,"Faqe":0,"Pronaret":"","Kufizimet":"","Siperfaqe":98.7}},
{"type":"Feature","geometry":{"type":"Polygon","coordinates":[[[19.694508064572084,40.92857147856029],[19.694595789271027,40.92850303934566],[19.694673257426818,40.92856015756825],[19.69460539494254,40.92861310116269],[19.694588015508412,40.92862665988154],[19.694531829797125,40.92858523344246],[19.69452934702017,40.92858717040089],[19.694508064572084,40.92857147856029]]]},"properties":{"Zk_Numer":8573,"Zk_Emer":"LUSHNJË-SARAVË","Nr_Pas":"","Vol":0,"Faqe":0,"Pronaret":"","Kufizimet":"","Siperfaqe":94.5}},
{"type":"Feature","geometry":{"type":"Polygon","coordinates":[[[19.694305173129646,40.92864970952441],[19.694246425428855,40.9286974246734],[19.694177004379608,40.928648259227536],[19.69425317380383,40.928586394108294],[19.694322594845353,40.928635559508805],[19.694305173129646,40.92864970952441]]]},"properties":{"Zk_Numer":8573,"Zk_Emer":"LUSHNJË-SARAVË","Nr_Pas":"","Vol":0,"Faqe":0,"Pronaret":"","Kufizimet":"","Siperfaqe":75.2}},
{"type":"Feature","geometry":{"type":"Polygon","coordinates":[[[19.694315846581055,40.92874659007743],[19.694374594275885,40.92869887489344],[19.69444401552507,40.92874804022063],[19.694385267836203,40.9287957554396],[19.694315846581055,40.92874659007743]]]},"properties":{"Zk_Numer":8573,"Zk_Emer":"LUSHNJË-SARAVË","Nr_Pas":"","Vol":0,"Faqe":0,"Pronaret":"","Kufizimet":"","Siperfaqe":58}},
{"type":"Feature","geometry":{"type":"Polygon","coordinates":[[[19.694315846581055,40.92874659007743],[19.69424642542886,40.9286974246734],[19.694305173129646,40.92864970952441],[19.69437459427589,40.92869887489344],[19.694315846581055,40.92874659007743]]]},"properties":{"Zk_Numer":8573,"Zk_Emer":"LUSHNJË-SARAVË","Nr_Pas":"","Vol":0,"Faqe":0,"Pronaret":"","Kufizimet":"","Siperfaqe":58}},
{"type":"Feature","geometry":{"type":"Polygon","coordinates":[[[19.6937428302864,40.92925415982422],[19.693820421130706,40.92919207210282],[19.693928136945075,40.92926950215467],[19.69385054611013,40.92933158994774],[19.6937428302864,40.92925415982422]]]},"properties":{"Zk_Numer":8573,"Zk_Emer":"LUSHNJË-SARAVË","Nr_Pas":"","Vol":0,"Faqe":0,"Pronaret":"","Kufizimet":"","Siperfaqe":118.8}},
{"type":"Feature","geometry":{"type":"Polygon","coordinates":[[[19.69371386465898,40.92911932520777],[19.693749931252142,40.92914535630057],[19.693674221564613,40.92920569433902],[19.69357101275565,40.929131203151876],[19.693646722451206,40.92907086518042],[19.69371386465898,40.92911932520777]]]},"properties":{"Zk_Numer":8573,"Zk_Emer":"LUSHNJË-SARAVË","Nr_Pas":"","Vol":0,"Faqe":0,"Pronaret":"","Kufizimet":"","Siperfaqe":111}},
{"type":"Feature","geometry":{"type":"Polygon","coordinates":[[[19.693646722451206,40.92907086518042],[19.693636937707662,40.92906380301236],[19.693690760847527,40.92902090776526],[19.6937676877946,40.92907642992517],[19.69371386465898,40.92911932520777],[19.693646722451206,40.92907086518042]]]},"properties":{"Zk_Numer":8573,"Zk_Emer":"LUSHNJË-SARAVË","Nr_Pas":"","Vol":0,"Faqe":0,"Pronaret":"","Kufizimet":"","Siperfaqe":58.8}},
{"type":"Feature","geometry":{"type":"Polygon","coordinates":[[[19.69722373039986,40.927344419049],[19.69718668520758,40.92731398371698],[19.697176216916287,40.927321313326395],[19.69714199041084,40.92729319371249],[19.69727109916666,40.92720279516666],[19.697305325680663,40.927230914742715],[19.69728264443671,40.92724679558564],[19.697319689635872,40.927277230887206],[19.69722373039986,40.927344419049]]]},"properties":{"Zk_Numer":8573,"Zk_Emer":"LUSHNJË-SARAVË","Nr_Pas":"","Vol":0,"Faqe":0,"Pronaret":"","Kufizimet":"","Siperfaqe":113.5}},
{"type":"Feature","geometry":{"type":"Polygon","coordinates":[[[19.69703951116667,40.92720880383334],[19.696953872915614,40.927134021550515],[19.696996897856938,40.927105678736865],[19.6970825361203,40.92718046098814],[19.69703951116667,40.92720880383334]]]},"properties":{"Zk_Numer":8573,"Zk_Emer":"LUSHNJË-SARAVË","Nr_Pas":"","Vol":0,"Faqe":0,"Pronaret":"","Kufizimet":"","Siperfaqe":52.8}},
{"type":"Feature","geometry":{"type":"Polygon","coordinates":[[[19.697133026521353,40.92704453764672],[19.697233664588563,40.92700395939123],[19.697260415356528,40.927042123914],[19.697159777247485,40.92708270219243],[19.697133026521353,40.92704453764672]]]},"properties":{"Zk_Numer":8573,"Zk_Emer":"LUSHNJË-SARAVË","Nr_Pas":"","Vol":0,"Faqe":0,"Pronaret":"","Kufizimet":"","Siperfaqe":46.1}},
{"type":"Feature","geometry":{"type":"Polygon","coordinates":[[[19.69441538084775,40.92920930335845],[19.694342489498727,40.92926732491402],[19.694311544627197,40.92924496336944],[19.694288612490315,40.92926321732614],[19.694267552797537,40.92924799904385],[19.694290484934907,40.92922974509128],[19.694244497477168,40.92919651332763],[19.694317388833333,40.92913849183333],[19.69441538084775,40.92920930335845]]]},"properties":{"Zk_Numer":8573,"Zk_Emer":"LUSHNJË-SARAVË","Nr_Pas":"","Vol":0,"Faqe":0,"Pronaret":"","Kufizimet":"","Siperfaqe":108.3}},
{"type":"Feature","geometry":{"type":"Polygon","coordinates":[[[19.69426573952102,40.929335824326735],[19.694236795532458,40.92931448306313],[19.69428562483333,40.92927639016667],[19.694314568821135,40.92929773141815],[19.69426573952102,40.929335824326735]]]},"properties":{"Zk_Numer":8573,"Zk_Emer":"LUSHNJË-SARAVË","Nr_Pas":"","Vol":0,"Faqe":0,"Pronaret":"","Kufizimet":"","Siperfaqe":20.1}},
{"type":"Feature","geometry":{"type":"Polygon","coordinates":[[[19.694479574504278,40.92932439024132],[19.694418542300113,40.92936880182574],[19.694344563166666,40.92931032316666],[19.694423381991257,40.92925296873854],[19.694497361130853,40.92931144734765],[19.694479574504278,40.92932439024132]]]},"properties":{"Zk_Numer":8573,"Zk_Emer":"LUSHNJË-SARAVË","Nr_Pas":"","Vol":0,"Faqe":0,"Pronaret":"","Kufizimet":"","Siperfaqe":82.8}},
{"type":"Feature","geometry":{"type":"Polygon","coordinates":[[[19.694479574504278,40.92932439024132],[19.694497361130846,40.92931144734765],[19.694511273355804,40.929301323755936],[19.69458114266398,40.92935655350139],[19.69454944381012,40.92937962000576],[19.694479574504278,40.92932439024132]]]},"properties":{"Zk_Numer":8573,"Zk_Emer":"LUSHNJË-SARAVË","Nr_Pas":"","Vol":0,"Faqe":0,"Pronaret":"","Kufizimet":"","Siperfaqe":31.4}},
{"type":"Feature","geometry":{"type":"Polygon","coordinates":[[[19.6945154231403,40.92969280579199],[19.694418174499816,40.92962668982211],[19.69448950012651,40.92956634450581],[19.69452795751366,40.929592490352896],[19.694547373909984,40.92957606300256],[19.694571686065803,40.929592591975684],[19.694552269670613,40.929609019330066],[19.694586748750343,40.92963246041617],[19.6945154231403,40.92969280579199]]]},"properties":{"Zk_Numer":8573,"Zk_Emer":"LUSHNJË-SARAVË","Nr_Pas":"","Vol":0,"Faqe":0,"Pronaret":"","Kufizimet":"","Siperfaqe":105.7}},
{"type":"Feature","geometry":{"type":"Polygon","coordinates":[[[19.6945154231403,40.92969280579199],[19.694586748750346,40.92963246041617],[19.69468399756816,40.92969857624442],[19.694612671974753,40.92975892167976],[19.6945154231403,40.92969280579199]]]},"properties":{"Zk_Numer":8573,"Zk_Emer":"LUSHNJË-SARAVË","Nr_Pas":"","Vol":0,"Faqe":0,"Pronaret":"","Kufizimet":"","Siperfaqe":99}},
{"type":"Feature","geometry":{"type":"Polygon","coordinates":[[[19.695024878697286,40.92979317046799],[19.69498575865958,40.92981942911128],[19.695004643862006,40.92983561241404],[19.694963745605417,40.9298630646242],[19.694864598407243,40.92977810221534],[19.69482192194181,40.9298067479479],[19.694710184941354,40.929710996518295],[19.69483954782176,40.92962416421578],[19.69495128486423,40.92971991552162],[19.694944616680623,40.929724391423484],[19.695024878697286,40.92979317046799]]]},"properties":{"Zk_Numer":8573,"Zk_Emer":"LUSHNJË-SARAVË","Nr_Pas":"","Vol":0,"Faqe":0,"Pronaret":"","Kufizimet":"","Siperfaqe":309.4}},
{"type":"Feature","geometry":{"type":"Polygon","coordinates":[[[19.69555735493283,40.92952159857719],[19.695575485827717,40.92951301801941],[19.695614140970527,40.92956000017756],[19.69559601006772,40.92956858074131],[19.69561486625091,40.92959149886538],[19.695525218921382,40.92963392495826],[19.695449794343016,40.92954225238554],[19.695539441596168,40.92949982635034],[19.69555735493283,40.92952159857719]]]},"properties":{"Zk_Numer":8573,"Zk_Emer":"LUSHNJË-SARAVË","Nr_Pas":"","Vol":0,"Faqe":0,"Pronaret":"","Kufizimet":"","Siperfaqe":117.9}},
{"type":"Feature","geometry":{"type":"Polygon","coordinates":[[[19.69595244541062,40.929456814963025],[19.695924409262307,40.92942232108882],[19.69603962775131,40.929368454092604],[19.696067663937114,40.92940294793926],[19.69605048223887,40.92941098074843],[19.69606418882645,40.92942784440628],[19.695966151982603,40.929473678632355],[19.69595244541062,40.929456814963025]]]},"properties":{"Zk_Numer":8573,"Zk_Emer":"LUSHNJË-SARAVË","Nr_Pas":"","Vol":0,"Faqe":0,"Pronaret":"","Kufizimet":"","Siperfaqe":72.6}},
{"type":"Feature","geometry":{"type":"Polygon","coordinates":[[[19.696126139533824,40.92939775098776],[19.696071041158923,40.92933042399058],[19.69611139213909,40.92931142947293],[19.696166490539408,40.929378756451115],[19.696126139533824,40.92939775098776]]]},"properties":{"Zk_Numer":8573,"Zk_Emer":"LUSHNJË-SARAVË","Nr_Pas":"","Vol":0,"Faqe":0,"Pronaret":"","Kufizimet":"","Siperfaqe":35.2}},
{"type":"Feature","geometry":{"type":"Polygon","coordinates":[[[19.69595244541062,40.929456814963025],[19.695829141166666,40.929514462000014],[19.695801105058482,40.92947996809632],[19.695924409262307,40.92942232108882],[19.69595244541062,40.929456814963025]]]},"properties":{"Zk_Numer":8573,"Zk_Emer":"LUSHNJË-SARAVË","Nr_Pas":"","Vol":0,"Faqe":0,"Pronaret":"","Kufizimet":"","Siperfaqe":54.9}},
{"type":"Feature","geometry":{"type":"Polygon","coordinates":[[[19.695659444612254,40.92907586274586],[19.695651127560033,40.929066001567115],[19.695597386666666,40.92900228316667],[19.695677399709737,40.92896346544057],[19.695731140648977,40.92902718380434],[19.695739457708303,40.929037044977406],[19.695659444612254,40.92907586274586]]]},"properties":{"Zk_Numer":8573,"Zk_Emer":"LUSHNJË-SARAVË","Nr_Pas":"","Vol":0,"Faqe":0,"Pronaret":"","Kufizimet":"","Siperfaqe":77.6}},
{"type":"Feature","geometry":{"type":"Polygon","coordinates":[[[19.694252638666672,40.930448528000014],[19.694288459465128,40.93047859313465],[19.694190675162467,40.930545604811186],[19.694154854372513,40.93051553964655],[19.694187889629113,40.9304929005862],[19.694169581236434,40.93047753394736],[19.694200414120886,40.93045640415386],[19.69421872251494,40.93047177078786],[19.694252638666672,40.930448528000014]]]},"properties":{"Zk_Numer":8573,"Zk_Emer":"LUSHNJË-SARAVË","Nr_Pas":"","Vol":0,"Faqe":0,"Pronaret":"","Kufizimet":"","Siperfaqe":58}},
{"type":"Feature","geometry":{"type":"Polygon","coordinates":[[[19.69389843148126,40.93064255996989],[19.693975716635954,40.9305892348061],[19.69407159649999,40.93066916266667],[19.693994311328453,40.93072248789392],[19.69389843148126,40.93064255996989]]]},"properties":{"Zk_Numer":8573,"Zk_Emer":"LUSHNJË-SARAVË","Nr_Pas":"","Vol":0,"Faqe":0,"Pronaret":"","Kufizimet":"","Siperfaqe":105.6}},
{"type":"Feature","geometry":{"type":"Polygon","coordinates":[[[19.693578353333336,40.93083323466667],[19.693688567347923,40.93076475622466],[19.69375553428543,40.93082674997863],[19.69364532023618,40.93089522848378],[19.693578353333336,40.93083323466667]]]},"properties":{"Zk_Numer":8573,"Zk_Emer":"LUSHNJË-SARAVË","Nr_Pas":"","Vol":0,"Faqe":0,"Pronaret":"","Kufizimet":"","Siperfaqe":106.8}},
{"type":"Feature","geometry":{"type":"Polygon","coordinates":[[[19.697466077949276,40.930530667506446],[19.697547029167033,40.93048056865028],[19.69763710791933,40.93056428808145],[19.697556156666664,40.930614387],[19.697466077949276,40.930530667506446]]]},"properties":{"Zk_Numer":8573,"Zk_Emer":"LUSHNJË-SARAVË","Nr_Pas":"","Vol":0,"Faqe":0,"Pronaret":"","Kufizimet":"","Siperfaqe":105.6}},
{"type":"Feature","geometry":{"type":"Polygon","coordinates":[[[19.69849022066174,40.931322602157216],[19.69855222560138,40.93138582151814],[19.698395034617295,40.93147449645464],[19.6983797991236,40.93145896253716],[19.698358363959162,40.93147105455434],[19.698331790444673,40.93144396050251],[19.69835322560514,40.93143186849019],[19.698333029745616,40.931411277010376],[19.698373994691472,40.931388167827144],[19.698367262739154,40.93138130400209],[19.698391079553918,40.931367868425035],[19.698397811507352,40.93137473224871],[19.69849022066174,40.931322602157216]]]},"properties":{"Zk_Numer":8573,"Zk_Emer":"LUSHNJË-SARAVË","Nr_Pas":"","Vol":0,"Faqe":0,"Pronaret":"","Kufizimet":"","Siperfaqe":155.2}},
{"type":"Feature","geometry":{"type":"Polygon","coordinates":[[[19.698293707285867,40.931592462362545],[19.698212205670984,40.93152698072858],[19.698241130212377,40.93150627413979],[19.69832263183062,40.93157175575355],[19.698293707285867,40.931592462362545]]]},"properties":{"Zk_Numer":8573,"Zk_Emer":"LUSHNJË-SARAVË","Nr_Pas":"","Vol":0,"Faqe":0,"Pronaret":"","Kufizimet":"","Siperfaqe":33.5}},
{"type":"Feature","geometry":{"type":"Polygon","coordinates":[[[19.697859679843493,40.930798633373925],[19.697891044411314,40.9307793589124],[19.697938883275537,40.93082413467412],[19.697907518700287,40.93084340914848],[19.697816192333335,40.93089953183333],[19.697726494570343,40.93081557716958],[19.697817820896727,40.93075945455481],[19.697859679843493,40.930798633373925]]]},"properties":{"Zk_Numer":8573,"Zk_Emer":"LUSHNJË-SARAVË","Nr_Pas":"","Vol":0,"Faqe":0,"Pronaret":"","Kufizimet":"","Siperfaqe":140.6}},
{"type":"Feature","geometry":{"type":"Polygon","coordinates":[[[19.69343205251449,40.92963268614083],[19.693530358180293,40.92957165700375],[19.693620603504083,40.92965527240409],[19.693522297796438,40.929716301617084],[19.69343205251449,40.92963268614083]]]},"properties":{"Zk_Numer":8573,"Zk_Emer":"LUSHNJË-SARAVË","Nr_Pas":"","Vol":0,"Faqe":0,"Pronaret":"","Kufizimet":"","Siperfaqe":128.4}},
{"type":"Feature","geometry":{"type":"Polygon","coordinates":[[[19.695749086500005,40.93117836899999],[19.695824433382043,40.93126037519839],[19.695738708502738,40.931305677979154],[19.69573667209957,40.93130346159458],[19.695697706207365,40.93132405374567],[19.695668857186657,40.93129265495063],[19.695707823069245,40.931272062809164],[19.695665737473917,40.93122625750911],[19.69566336167591,40.931223671725576],[19.695749086500005,40.93117836899999]]]},"properties":{"Zk_Numer":8573,"Zk_Emer":"LUSHNJË-SARAVË","Nr_Pas":"","Vol":0,"Faqe":0,"Pronaret":"","Kufizimet":"","Siperfaqe":114.7}},
{"type":"Feature","geometry":{"type":"Polygon","coordinates":[[[19.693888183245612,40.929455869714964],[19.693926737466377,40.929424039287696],[19.694002806710888,40.92947703751561],[19.69396425249552,40.929508867968025],[19.693888183245612,40.929455869714964]]]},"properties":{"Zk_Numer":8573,"Zk_Emer":"LUSHNJË-SARAVË","Nr_Pas":"","Vol":0,"Faqe":0,"Pronaret":"","Kufizimet":"","Siperfaqe":41.8}},
{"type":"Feature","geometry":{"type":"Polygon","coordinates":[[[19.69410350244634,40.929545493348456],[19.694134474633554,40.929519387608835],[19.69416801316379,40.929542275289606],[19.694137040978987,40.929568381038166],[19.69410350244634,40.929545493348456]]]},"properties":{"Zk_Numer":8573,"Zk_Emer":"LUSHNJË-SARAVË","Nr_Pas":"","Vol":0,"Faqe":0,"Pronaret":"","Kufizimet":"","Siperfaqe":14.8}},
{"type":"Feature","geometry":{"type":"Polygon","coordinates":[[[19.684653695166492,40.93300042150835],[19.684488642872605,40.9328436359978],[19.68507321773147,40.93248969007385],[19.685238270537063,40.93264647475913],[19.684653695166492,40.93300042150835]]]},"properties":{"Zk_Numer":8573,"Zk_Emer":"LUSHNJË-SARAVË","Nr_Pas":"","Vol":0,"Faqe":0,"Pronaret":"","Kufizimet":"","Siperfaqe":1403.6}},
{"type":"Feature","geometry":{"type":"Polygon","coordinates":[[[19.685150729541036,40.9333321840667],[19.685055525388048,40.933387751730066],[19.6850264594428,40.933359110592995],[19.684948249446947,40.933356059707926],[19.68494566217555,40.93335368300901],[19.684943182999366,40.933351240945036],[19.68494081478755,40.9333487363422],[19.684938560280823,40.93334617209909],[19.68493642208832,40.933343551183334],[19.684934402684572,40.93334087662811],[19.684932504406625,40.93333815152867],[19.684930729451338,40.93333537903882],[19.684929079872866,40.93333256236715],[19.68492755758025,40.93332970477339],[19.684926164335224,40.93332680956467],[19.684924901750183,40.93332388009159],[19.6849237712863,40.93332091974447],[19.68492277425184,40.93331793194929],[19.684921911800664,40.93331492016385],[19.684921184930865,40.93331188787371],[19.68492059448363,40.933308838588104],[19.684920141142268,40.93330577583602],[19.68491982543141,40.93330270316196],[19.68491964771642,40.93329962412193],[19.684919608202936,40.93329654227931],[19.684919706936668,40.93329346120072],[19.684919943803337,40.933290384451894],[19.6849203185288,40.933287315593574],[19.684920830679363,40.93328425817732],[19.6849214796623,40.93328121574149],[19.68492226472652,40.93327819180711],[19.684923184963452,40.93327518987377],[19.684924239308085,40.933272213415606],[19.684925426540207,40.933269265877264],[19.684926745285825,40.933266350669946],[19.684928194018735,40.9332634711674],[19.6849297710623,40.93326063070208],[19.684931474591398,40.93325783256126],[19.684869123060164,40.93319639197755],[19.685107182321975,40.93305744416899],[19.68518466925734,40.93313379873851],[19.685126071232677,40.93316800071098],[19.685161469007564,40.93320288115014],[19.685128970083017,40.93322184981008],[19.685175389934578,40.93326759118908],[19.68519122417004,40.933283193972635],[19.685134570366085,40.93331626108978],[19.685150729541036,40.9333321840667]]]},"properties":{"Zk_Numer":8573,"Zk_Emer":"LUSHNJË-SARAVË","Nr_Pas":"","Vol":0,"Faqe":0,"Pronaret":"","Kufizimet":"","Siperfaqe":573.2}},
{"type":"Feature","geometry":{"type":"Polygon","coordinates":[[[19.68563295701158,40.93272502481401],[19.685511096790716,40.932597388436676],[19.685655353686855,40.93251817376309],[19.685777214041725,40.93264580999019],[19.68563295701158,40.93272502481401]]]},"properties":{"Zk_Numer":8573,"Zk_Emer":"LUSHNJË-SARAVË","Nr_Pas":"","Vol":0,"Faqe":0,"Pronaret":"","Kufizimet":"","Siperfaqe":262.5}},
{"type":"Feature","geometry":{"type":"Polygon","coordinates":[[[19.68617934702658,40.93334561545279],[19.686367568820643,40.93323878629171],[19.686794436024343,40.933671340977746],[19.686606213681454,40.93377817082561],[19.68617934702658,40.93334561545279]]]},"properties":{"Zk_Numer":8573,"Zk_Emer":"LUSHNJË-SARAVË","Nr_Pas":"","Vol":0,"Faqe":0,"Pronaret":"","Kufizimet":"","Siperfaqe":1188}},
{"type":"Feature","geometry":{"type":"Polygon","coordinates":[[[19.68773475475021,40.93271141846092],[19.687788794121616,40.93267885030943],[19.687847917100783,40.93273527291493],[19.687793877712085,40.93276784109373],[19.68773475475021,40.93271141846092]]]},"properties":{"Zk_Numer":8573,"Zk_Emer":"LUSHNJË-SARAVË","Nr_Pas":"","Vol":0,"Faqe":0,"Pronaret":"","Kufizimet":"","Siperfaqe":46.5}},
{"type":"Feature","geometry":{"type":"Polygon","coordinates":[[[19.68967860818587,40.92693894283971],[19.689583336978906,40.92685290731507],[19.689664034806363,40.92680150256873],[19.6897593060477,40.92688753802788],[19.68967860818587,40.92693894283971]]]},"properties":{"Zk_Numer":8573,"Zk_Emer":"LUSHNJË-SARAVË","Nr_Pas":"","Vol":0,"Faqe":0,"Pronaret":"","Kufizimet":"","Siperfaqe":110.8}},
{"type":"Feature","geometry":{"type":"Polygon","coordinates":[[[19.68950732594646,40.92705453342361],[19.689437454403905,40.92699092356888],[19.68955221027192,40.926918412058136],[19.689622081849016,40.92698202184426],[19.68950732594646,40.92705453342361]]]},"properties":{"Zk_Numer":8573,"Zk_Emer":"LUSHNJË-SARAVË","Nr_Pas":"","Vol":0,"Faqe":0,"Pronaret":"","Kufizimet":"","Siperfaqe":115.7}},
{"type":"Feature","geometry":{"type":"Polygon","coordinates":[[[19.68692548547638,40.9285758218894],[19.686949574126132,40.928560331926484],[19.686990805309765,40.9285972146052],[19.686874437085798,40.928672043931094],[19.68678571719646,40.92859268081646],[19.68687808729371,40.92853328329915],[19.68692548547638,40.9285758218894]]]},"properties":{"Zk_Numer":8573,"Zk_Emer":"LUSHNJË-SARAVË","Nr_Pas":"","Vol":0,"Faqe":0,"Pronaret":"","Kufizimet":"","Siperfaqe":132.1}},
{"type":"Feature","geometry":{"type":"Polygon","coordinates":[[[19.688845622759615,40.923224223784786],[19.688803210739916,40.92328362674882],[19.688748136424017,40.92326100450053],[19.688790548478302,40.923201601556656],[19.688845622759615,40.923224223784786]]]},"properties":{"Zk_Numer":8573,"Zk_Emer":"LUSHNJË-SARAVË","Nr_Pas":"","Vol":0,"Faqe":0,"Pronaret":"","Kufizimet":"","Siperfaqe":39.6}},
{"type":"Feature","geometry":{"type":"Polygon","coordinates":[[[19.688814733247604,40.92441537606269],[19.68876635019957,40.9244785551325],[19.688670809824426,40.92443646335659],[19.688719192932243,40.92437328432663],[19.688814733247604,40.92441537606269]]]},"properties":{"Zk_Numer":8573,"Zk_Emer":"LUSHNJË-SARAVË","Nr_Pas":"","Vol":0,"Faqe":0,"Pronaret":"","Kufizimet":"","Siperfaqe":75.5}},
{"type":"Feature","geometry":{"type":"Polygon","coordinates":[[[19.688435930174514,40.931558016296314],[19.688501319180496,40.931627719765],[19.68833766173392,40.93171602368354],[19.68830662085355,40.93168304245185],[19.6882971697123,40.93168814194639],[19.688262754511058,40.93165145585466],[19.688435930174514,40.931558016296314]]]},"properties":{"Zk_Numer":8573,"Zk_Emer":"LUSHNJË-SARAVË","Nr_Pas":"","Vol":0,"Faqe":0,"Pronaret":"","Kufizimet":"","Siperfaqe":165.6}},
{"type":"Feature","geometry":{"type":"Polygon","coordinates":[[[19.696838045107782,40.93188313096404],[19.696862607988418,40.9319072992125],[19.69674505730475,40.931976013870994],[19.696717634410266,40.93194903150978],[19.696704466108883,40.931936074739575],[19.696709592427656,40.93193307813874],[19.69667806179929,40.931902053983464],[19.69679048611323,40.9318363359969],[19.696838045107782,40.93188313096404]]]},"properties":{"Zk_Numer":8573,"Zk_Emer":"LUSHNJË-SARAVË","Nr_Pas":"","Vol":0,"Faqe":0,"Pronaret":"","Kufizimet":"","Siperfaqe":122}},
{"type":"Feature","geometry":{"type":"Polygon","coordinates":[[[19.693796348055425,40.92895634187711],[19.69383437237718,40.928925984535304],[19.693903235398786,40.92897559956406],[19.69386521107983,40.929005956928314],[19.693843541291095,40.929023257355986],[19.693808248977398,40.928997829640814],[19.693817243985755,40.928990648334455],[19.693783673273774,40.92896646098819],[19.693796348055425,40.92895634187711]]]},"properties":{"Zk_Numer":8573,"Zk_Emer":"LUSHNJË-SARAVË","Nr_Pas":"","Vol":0,"Faqe":0,"Pronaret":"","Kufizimet":"","Siperfaqe":54.1}},
{"type":"Feature","geometry":{"type":"Polygon","coordinates":[[[19.693924195928844,40.929048454771056],[19.69386521107983,40.929005956928314],[19.693903235398786,40.92897559956406],[19.693940850819843,40.92894556861047],[19.694009713941735,40.92899518357583],[19.69393407420731,40.929055571938335],[19.693924195928844,40.929048454771056]]]},"properties":{"Zk_Numer":8573,"Zk_Emer":"LUSHNJË-SARAVË","Nr_Pas":"","Vol":0,"Faqe":0,"Pronaret":"","Kufizimet":"","Siperfaqe":74}},
{"type":"Feature","geometry":{"type":"Polygon","coordinates":[[[19.693924195928844,40.929048454771056],[19.693860374431498,40.92909940769726],[19.693854853120577,40.9291038157199],[19.69379586826734,40.92906131784207],[19.693843541291095,40.929023257355986],[19.69386521107988,40.929005956928286],[19.693924195928844,40.929048454771056]]]},"properties":{"Zk_Numer":8573,"Zk_Emer":"LUSHNJË-SARAVË","Nr_Pas":"","Vol":0,"Faqe":0,"Pronaret":"","Kufizimet":"","Siperfaqe":58.1}},
{"type":"Feature","geometry":{"type":"Polygon","coordinates":[[[19.694072906153107,40.929161205737245],[19.69401940476835,40.92920391951357],[19.694017045133638,40.9292058033678],[19.693943384483656,40.92915273202063],[19.694002937437777,40.929105186907194],[19.69407180077132,40.92915480183486],[19.69407659808305,40.92915825821674],[19.694072906153107,40.929161205737245]]]},"properties":{"Zk_Numer":8573,"Zk_Emer":"LUSHNJË-SARAVË","Nr_Pas":"","Vol":0,"Faqe":0,"Pronaret":"","Kufizimet":"","Siperfaqe":62.3}},
{"type":"Feature","geometry":{"type":"Polygon","coordinates":[[[19.694072906153107,40.929161205737245],[19.69407659808305,40.92915825821674],[19.69407180077132,40.92915480183486],[19.694121327486098,40.92911526123203],[19.694151278847286,40.92913684065991],[19.694098060204258,40.929179328796764],[19.694072906153107,40.929161205737245]]]},"properties":{"Zk_Numer":8573,"Zk_Emer":"LUSHNJË-SARAVË","Nr_Pas":"","Vol":0,"Faqe":0,"Pronaret":"","Kufizimet":"","Siperfaqe":22.4}},
{"type":"Feature","geometry":{"type":"Polygon","coordinates":[[[19.694178422871396,40.92855308838377],[19.694093970612393,40.92849181802604],[19.69412534632639,40.92846694148038],[19.69420979858299,40.9285282118154],[19.694178422871396,40.92855308838377]]]},"properties":{"Zk_Numer":8573,"Zk_Emer":"LUSHNJË-SARAVË","Nr_Pas":"","Vol":0,"Faqe":0,"Pronaret":"","Kufizimet":"","Siperfaqe":37.6}},
{"type":"Feature","geometry":{"type":"Polygon","coordinates":[[[19.6952633998973,40.92859171631822],[19.695338205691897,40.92872471995907],[19.69526245704708,40.92874922637628],[19.695187651377335,40.928616222687296],[19.6952633998973,40.92859171631822]]]},"properties":{"Zk_Numer":8573,"Zk_Emer":"LUSHNJË-SARAVË","Nr_Pas":"","Vol":0,"Faqe":0,"Pronaret":"","Kufizimet":"","Siperfaqe":111.4}},
{"type":"Feature","geometry":{"type":"Polygon","coordinates":[[[19.697083846557884,40.927569660740005],[19.69714918594682,40.92753060855826],[19.69722921667622,40.92760761657119],[19.69716388291969,40.9276466742455],[19.697083846557884,40.927569660740005]]]},"properties":{"Zk_Numer":8573,"Zk_Emer":"LUSHNJË-SARAVË","Nr_Pas":"","Vol":0,"Faqe":0,"Pronaret":"","Kufizimet":"","Siperfaqe":76.3}},
{"type":"Feature","geometry":{"type":"Polygon","coordinates":[[[19.69728071638011,40.92775595009427],[19.697184085498407,40.927659543916576],[19.697296933917325,40.927594478000486],[19.697393564869405,40.92769088408495],[19.69728071638011,40.92775595009427]]]},"properties":{"Zk_Numer":8573,"Zk_Emer":"LUSHNJË-SARAVË","Nr_Pas":"","Vol":0,"Faqe":0,"Pronaret":"","Kufizimet":"","Siperfaqe":160.6}},
{"type":"Feature","geometry":{"type":"Polygon","coordinates":[[[19.696969307933117,40.92733822222344],[19.69688600682907,40.92739901275733],[19.69680700971519,40.92733674292492],[19.69689031081274,40.927275952447424],[19.696969307933117,40.92733822222344]]]},"properties":{"Zk_Numer":8573,"Zk_Emer":"LUSHNJË-SARAVË","Nr_Pas":"","Vol":0,"Faqe":0,"Pronaret":"","Kufizimet":"","Siperfaqe":93.4}},
{"type":"Feature","geometry":{"type":"Polygon","coordinates":[[[19.698031066818146,40.93108312015295],[19.697950772413492,40.93100932049701],[19.69804618067307,40.930949614273516],[19.698126475115092,40.93102341386429],[19.698031066818146,40.93108312015295]]]},"properties":{"Zk_Numer":8573,"Zk_Emer":"LUSHNJË-SARAVË","Nr_Pas":"","Vol":0,"Faqe":0,"Pronaret":"","Kufizimet":"","Siperfaqe":110.7}},
{"type":"Feature","geometry":{"type":"Polygon","coordinates":[[[19.697083846557884,40.927569660740005],[19.6969502887858,40.92744114672731],[19.697015622464193,40.92740208917233],[19.69714918594682,40.92753060855826],[19.697083846557884,40.927569660740005]]]},"properties":{"Zk_Numer":8573,"Zk_Emer":"LUSHNJË-SARAVË","Nr_Pas":"","Vol":0,"Faqe":0,"Pronaret":"","Kufizimet":"","Siperfaqe":127.3}},
{"type":"Feature","geometry":{"type":"Polygon","coordinates":[[[19.69698511401082,40.92734799275128],[19.697017950609116,40.92737831645596],[19.696936969163293,40.92742876072664],[19.696904132577327,40.92739843699921],[19.69698511401082,40.92734799275128]]]},"properties":{"Zk_Numer":8573,"Zk_Emer":"LUSHNJË-SARAVË","Nr_Pas":"","Vol":0,"Faqe":0,"Pronaret":"","Kufizimet":"","Siperfaqe":38.5}},
{"type":"Feature","geometry":{"type":"Polygon","coordinates":[[[19.686934511304006,40.92471812380722],[19.68678824221671,40.924650089671886],[19.68681919783034,40.92461180268052],[19.68696546686701,40.92467983677627],[19.686973258012827,40.92468346066167],[19.686942302452724,40.92472174769482],[19.686934511304006,40.92471812380722]]]},"properties":{"Zk_Numer":8573,"Zk_Emer":"LUSHNJË-SARAVË","Nr_Pas":"","Vol":0,"Faqe":0,"Pronaret":"","Kufizimet":"","Siperfaqe":75.9}},
{"type":"Feature","geometry":{"type":"Polygon","coordinates":[[[19.657655151260823,40.94001854774217],[19.657900975893423,40.94011768072067],[19.657859384638737,40.94017698589318],[19.657854456010178,40.940184013640526],[19.657608631202578,40.940084880563255],[19.657655151260823,40.94001854774217]]]},"properties":{"Zk_Numer":8573,"Zk_Emer":"LUSHNJË-SARAVË","Nr_Pas":"","Vol":0,"Faqe":0,"Pronaret":"","Kufizimet":"","Siperfaqe":195.6}},
{"type":"Feature","geometry":{"type":"Polygon","coordinates":[[[19.658025583658596,40.93999709237546],[19.65806853037034,40.93993276454151],[19.658157192856535,40.93996680176809],[19.658114246208314,40.940031129634924],[19.658025583658596,40.93999709237546]]]},"properties":{"Zk_Numer":8573,"Zk_Emer":"LUSHNJË-SARAVË","Nr_Pas":"","Vol":0,"Faqe":0,"Pronaret":"","Kufizimet":"","Siperfaqe":67}},
{"type":"Feature","geometry":{"type":"Polygon","coordinates":[[[19.658273599413214,40.93981676211557],[19.658306817835584,40.93977770474226],[19.658427726305558,40.93983683611955],[19.658394507924303,40.93987589352745],[19.658273599413214,40.93981676211557]]]},"properties":{"Zk_Numer":8573,"Zk_Emer":"LUSHNJË-SARAVË","Nr_Pas":"","Vol":0,"Faqe":0,"Pronaret":"","Kufizimet":"","Siperfaqe":62.5}},
{"type":"Feature","geometry":{"type":"Polygon","coordinates":[[[19.658360979374233,40.93976684909762],[19.658397778804265,40.93972232809169],[19.658459727758082,40.93975177207124],[19.65842292835303,40.93979629309682],[19.658360979374233,40.93976684909762]]]},"properties":{"Zk_Numer":8573,"Zk_Emer":"LUSHNJË-SARAVË","Nr_Pas":"","Vol":0,"Faqe":0,"Pronaret":"","Kufizimet":"","Siperfaqe":35.9}},
{"type":"Feature","geometry":{"type":"Polygon","coordinates":[[[19.657788806672286,40.94038137581055],[19.65784472597775,40.94028888050608],[19.657902732170278,40.9403090453567],[19.657846812928344,40.94040154068922],[19.657788806672286,40.94038137581055]]]},"properties":{"Zk_Numer":8573,"Zk_Emer":"LUSHNJË-SARAVË","Nr_Pas":"","Vol":0,"Faqe":0,"Pronaret":"","Kufizimet":"","Siperfaqe":60.7}},
{"type":"Feature","geometry":{"type":"Polygon","coordinates":[[[19.657546080901362,40.9388016577032],[19.657596628173057,40.93883030231181],[19.657563814160635,40.938863599936745],[19.657686371491028,40.93893305171488],[19.657656269127354,40.93896359774543],[19.657483164479675,40.93886550129959],[19.657546080901362,40.9388016577032]]]},"properties":{"Zk_Numer":8573,"Zk_Emer":"LUSHNJË-SARAVË","Nr_Pas":"","Vol":0,"Faqe":0,"Pronaret":"","Kufizimet":"","Siperfaqe":101.6}},
{"type":"Feature","geometry":{"type":"Polygon","coordinates":[[[19.687946499890703,40.93033039262784],[19.688024123721455,40.9302858246649],[19.688068555639436,40.93033033682219],[19.68799093178608,40.930374904814606],[19.687946499890703,40.93033039262784]]]},"properties":{"Zk_Numer":8573,"Zk_Emer":"LUSHNJË-SARAVË","Nr_Pas":"","Vol":0,"Faqe":0,"Pronaret":"","Kufizimet":"","Siperfaqe":50.8}},
{"type":"Feature","geometry":{"type":"Polygon","coordinates":[[[19.688287564235655,40.930192777599316],[19.688217553265055,40.93013202652798],[19.688237330523396,40.93011891684791],[19.688318693063746,40.93006498426278],[19.688313406374174,40.93006039680933],[19.68843830953,40.92997760228459],[19.688521366514482,40.9300496736418],[19.688469963374526,40.930083747297935],[19.68846189423228,40.930089096093866],[19.688462197149317,40.93009029479684],[19.68846244509842,40.93009150074282],[19.688462637781562,40.930092712482406],[19.688462774967174,40.930093928559224],[19.688462856490364,40.930095147511715],[19.688462882253148,40.930096367874846],[19.688462852224568,40.930097588181894],[19.6884627664407,40.9300988069662],[19.688462625004647,40.930100022762915],[19.688462428086396,40.93010123411082],[19.688462175922613,40.93010243955401],[19.688461868816372,40.93010363764371],[19.688461507136765,40.930104826939946],[19.688461091318487,40.930106006013325],[19.6884606218613,40.93010717344677],[19.68846009932943,40.93010832783714],[19.688459524350893,40.930109467797024],[19.68845889761674,40.93011059195631],[19.68845821988023,40.930111698963906],[19.688457491955912,40.93011278748932],[19.688456714718658,40.93011385622428],[19.68845588910262,40.930114903884295],[19.688455016100075,40.9301159292102],[19.68845409676027,40.93011693096969],[19.688453132188137,40.930117907958774],[19.68845212354297,40.93011885900321],[19.688451072037036,40.93011978295997],[19.688449978934116,40.930120678718566],[19.68844884554799,40.93012154520241],[19.68844767324084,40.93012238137011],[19.68844646342164,40.93012318621666],[19.688445217544448,40.930123958774765],[19.688443937106648,40.93012469811589],[19.688442623647177,40.930125403351425],[19.688441278744648,40.930126073633765],[19.688439904015475,40.93012670815733],[19.688438501111907,40.930127306159484],[19.68843707172007,40.9301278669215],[19.688435617557918,40.93012838976944],[19.688434140373175,40.93012887407486],[19.688432641941244,40.93012931925571],[19.68843112406305,40.930129724776926],[19.688429588562904,40.93013009015113],[19.68842803728629,40.93013041493918],[19.688426472097653,40.93013069875072],[19.68842489487816,40.93013094124465],[19.688423307523436,40.930131142129504],[19.6884217119413,40.930131301163875],[19.688420110049435,40.93013141815659],[19.68841850377313,40.93013149296705],[19.688416895042934,40.93013152550534],[19.68841528579234,40.930131515732356],[19.688413677955477,40.93013146365985],[19.68841207346477,40.930131369350384],[19.688410474248627,40.93013123291734],[19.68840888222911,40.930131054524665],[19.688407299319625,40.93013083438678],[19.688405727422648,40.93013057276826],[19.688404168427404,40.93013026998355],[19.688402624207622,40.93012992639654],[19.688401096619263,40.93012954242019],[19.6883995874983,40.93012911851601],[19.688398098658517,40.93012865519344],[19.688396631889322,40.93012815300939],[19.688395188953585,40.93012761256738],[19.688393771585545,40.93012703451697],[19.688392381488708,40.93012641955292],[19.688391020333796,40.93012576841434],[19.688389689756754,40.93012508188379],[19.68833786920145,40.930159432088026],[19.688287564235655,40.930192777599316]]]},"properties":{"Zk_Numer":8573,"Zk_Emer":"LUSHNJË-SARAVË","Nr_Pas":"","Vol":0,"Faqe":0,"Pronaret":"","Kufizimet":"","Siperfaqe":259.3}},
{"type":"Feature","geometry":{"type":"Polygon","coordinates":[[[19.68935715498854,40.92921563576427],[19.689443935191274,40.92915879788652],[19.689515559513175,40.929221700586524],[19.68942877928885,40.92927853851749],[19.68935715498854,40.92921563576427]]]},"properties":{"Zk_Numer":8573,"Zk_Emer":"LUSHNJË-SARAVË","Nr_Pas":"","Vol":0,"Faqe":0,"Pronaret":"","Kufizimet":"","Siperfaqe":89.1}},
{"type":"Feature","geometry":{"type":"Polygon","coordinates":[[[19.68897773707189,40.93122855939052],[19.688881585897953,40.9312829089051],[19.688707040496602,40.93110529845652],[19.688803191554264,40.93105094908539],[19.68897773707189,40.93122855939052]]]},"properties":{"Zk_Numer":8573,"Zk_Emer":"LUSHNJË-SARAVË","Nr_Pas":"","Vol":0,"Faqe":0,"Pronaret":"","Kufizimet":"","Siperfaqe":248.5}},
{"type":"Feature","geometry":{"type":"Polygon","coordinates":[[[19.688435930174514,40.931558016296314],[19.688262754511058,40.93165145585466],[19.68816708045132,40.93154946846515],[19.688340255981462,40.93145602904836],[19.688435930174514,40.931558016296314]]]},"properties":{"Zk_Numer":8573,"Zk_Emer":"LUSHNJË-SARAVË","Nr_Pas":"","Vol":0,"Faqe":0,"Pronaret":"","Kufizimet":"","Siperfaqe":248.8}},
{"type":"Feature","geometry":{"type":"Polygon","coordinates":[[[19.689113495506078,40.93113388465034],[19.689398073059376,40.93097141856957],[19.68948376157949,40.93105774841785],[19.68919918386303,40.931220214707075],[19.689113495506078,40.93113388465034]]]},"properties":{"Zk_Numer":8573,"Zk_Emer":"LUSHNJË-SARAVË","Nr_Pas":"","Vol":0,"Faqe":0,"Pronaret":"","Kufizimet":"","Siperfaqe":360}},
{"type":"Feature","geometry":{"type":"Polygon","coordinates":[[[19.689113495506078,40.93113388465034],[19.68919918386303,40.931220214707075],[19.68921083840658,40.93123195650644],[19.689069981983323,40.93131237131985],[19.68891904936189,40.93116030795041],[19.689082684757206,40.931066888723144],[19.689125670741248,40.93111019673066],[19.689102891620394,40.93112320133461],[19.689113495506078,40.93113388465034]]]},"properties":{"Zk_Numer":8573,"Zk_Emer":"LUSHNJË-SARAVË","Nr_Pas":"","Vol":0,"Faqe":0,"Pronaret":"","Kufizimet":"","Siperfaqe":328.3}},
{"type":"Feature","geometry":{"type":"Polygon","coordinates":[[[19.694002937437777,40.929105186907194],[19.693934074207284,40.92905557193836],[19.694009713941725,40.928995183575836],[19.69407857716667,40.929044798499994],[19.694002937437777,40.929105186907194]]]},"properties":{"Zk_Numer":8573,"Zk_Emer":"LUSHNJË-SARAVË","Nr_Pas":"","Vol":0,"Faqe":0,"Pronaret":"","Kufizimet":"","Siperfaqe":74}},
{"type":"Feature","geometry":{"type":"Polygon","coordinates":[[[19.69407857716667,40.929044798499994],[19.69414744049465,40.92909441338298],[19.694121327486098,40.92911526123203],[19.69407180077132,40.92915480183486],[19.694002937437777,40.929105186907194],[19.69407857716667,40.929044798499994]]]},"properties":{"Zk_Numer":8573,"Zk_Emer":"LUSHNJË-SARAVË","Nr_Pas":"","Vol":0,"Faqe":0,"Pronaret":"","Kufizimet":"","Siperfaqe":74}},
{"type":"Feature","geometry":{"type":"Polygon","coordinates":[[[19.693834372377182,40.928925984535304],[19.693796348055425,40.92895634187711],[19.693727485134072,40.9289067267847],[19.693803124885196,40.92884633855619],[19.693871987800996,40.92889595360391],[19.693834372377182,40.928925984535304]]]},"properties":{"Zk_Numer":8573,"Zk_Emer":"LUSHNJË-SARAVË","Nr_Pas":"","Vol":0,"Faqe":0,"Pronaret":"","Kufizimet":"","Siperfaqe":74}},
{"type":"Feature","geometry":{"type":"Polygon","coordinates":[[[19.693834372377182,40.928925984535304],[19.693871987800996,40.92889595360391],[19.693940850819843,40.92894556861047],[19.693903235398786,40.92897559956406],[19.693834372377182,40.928925984535304]]]},"properties":{"Zk_Numer":8573,"Zk_Emer":"LUSHNJË-SARAVË","Nr_Pas":"","Vol":0,"Faqe":0,"Pronaret":"","Kufizimet":"","Siperfaqe":36.8}},
{"type":"Feature","geometry":{"type":"Polygon","coordinates":[[[19.693803124885196,40.92884633855619],[19.693727485134072,40.9289067267847],[19.69365862231575,40.92885711165112],[19.69373426207244,40.928796723467265],[19.693803124885196,40.92884633855619]]]},"properties":{"Zk_Numer":8573,"Zk_Emer":"LUSHNJË-SARAVË","Nr_Pas":"","Vol":0,"Faqe":0,"Pronaret":"","Kufizimet":"","Siperfaqe":74}},
{"type":"Feature","geometry":{"type":"Polygon","coordinates":[[[19.69373426207244,40.928796723467265],[19.69365862231575,40.92885711165112],[19.693569100806,40.92879261191588],[19.693593632636407,40.92877302658334],[19.693614291430357,40.928787911139466],[19.693665399362725,40.92874710833716],[19.69373426207244,40.928796723467265]]]},"properties":{"Zk_Numer":8573,"Zk_Emer":"LUSHNJË-SARAVË","Nr_Pas":"","Vol":0,"Faqe":0,"Pronaret":"","Kufizimet":"","Siperfaqe":81.2}},
{"type":"Feature","geometry":{"type":"Polygon","coordinates":[[[19.713409327750796,40.94765632700381],[19.71340442873905,40.947610355129804],[19.71347170576071,40.94760623351416],[19.713476604818844,40.94765220538549],[19.713409327750796,40.94765632700381]]]},"properties":{"Zk_Numer":8573,"Zk_Emer":"LUSHNJË-SARAVË","Nr_Pas":"","Vol":0,"Faqe":0,"Pronaret":"","Kufizimet":"","Siperfaqe":29.1}},
{"type":"Feature","geometry":{"type":"Polygon","coordinates":[[[19.72368428572175,40.9379542847398],[19.723668033216953,40.93790877762646],[19.72370333246604,40.93790152796421],[19.72368951306404,40.93786283356052],[19.723861796901218,40.93782745020484],[19.72389186903374,40.93791165167327],[19.72368428572175,40.9379542847398]]]},"properties":{"Zk_Numer":8573,"Zk_Emer":"LUSHNJË-SARAVË","Nr_Pas":"","Vol":0,"Faqe":0,"Pronaret":"","Kufizimet":"","Siperfaqe":161.7}},
{"type":"Feature","geometry":{"type":"Polygon","coordinates":[[[19.725631280928116,40.93814246960509],[19.72556492062409,40.93807191068193],[19.725550040146437,40.93807995856535],[19.725497544596667,40.93802414147311],[19.725619033001074,40.937958436202756],[19.725737888962126,40.93808481210318],[19.725631280928116,40.93814246960509]]]},"properties":{"Zk_Numer":8573,"Zk_Emer":"LUSHNJË-SARAVË","Nr_Pas":"","Vol":0,"Faqe":0,"Pronaret":"","Kufizimet":"","Siperfaqe":201.8}},
{"type":"Feature","geometry":{"type":"Polygon","coordinates":[[[19.722776473621632,40.93662330279701],[19.722935378493528,40.93657953105346],[19.72298774298864,40.93668885290747],[19.72289296691872,40.93671495984691],[19.722903935374685,40.936737858816365],[19.7228520658506,40.93675214671218],[19.722842445501172,40.9367320621681],[19.72283018597906,40.936735439151946],[19.722776473621632,40.93662330279701]]]},"properties":{"Zk_Numer":8573,"Zk_Emer":"LUSHNJË-SARAVË","Nr_Pas":"","Vol":0,"Faqe":0,"Pronaret":"","Kufizimet":"","Siperfaqe":196.8}},
{"type":"Feature","geometry":{"type":"Polygon","coordinates":[[[19.723740158092603,40.93831465533279],[19.723792444590863,40.93828492302934],[19.7238252860699,40.938318134591476],[19.72377299956002,40.93834786690961],[19.723740158092603,40.93831465533279]]]},"properties":{"Zk_Numer":8573,"Zk_Emer":"LUSHNJË-SARAVË","Nr_Pas":"","Vol":0,"Faqe":0,"Pronaret":"","Kufizimet":"","Siperfaqe":25.4}},
{"type":"Feature","geometry":{"type":"Polygon","coordinates":[[[19.688195621807044,40.924803380606924],[19.688175852253988,40.92483159771405],[19.68811150906375,40.924805663559184],[19.688133402664512,40.92477650495505],[19.688195621807044,40.924803380606924]]]},"properties":{"Zk_Numer":8573,"Zk_Emer":"LUSHNJË-SARAVË","Nr_Pas":"","Vol":0,"Faqe":0,"Pronaret":"","Kufizimet":"","Siperfaqe":22.1}},
{"type":"Feature","geometry":{"type":"Polygon","coordinates":[[[19.688377874196767,40.92488210448133],[19.688279895500003,40.92483978266665],[19.688353766325722,40.92474139860753],[19.688451744925086,40.924783720359784],[19.688377874196767,40.92488210448133]]]},"properties":{"Zk_Numer":8573,"Zk_Emer":"LUSHNJË-SARAVË","Nr_Pas":"","Vol":0,"Faqe":0,"Pronaret":"","Kufizimet":"","Siperfaqe":119.4}},
{"type":"Feature","geometry":{"type":"Polygon","coordinates":[[[19.686596312790442,40.928827573769546],[19.686521937392172,40.928871650889064],[19.6865021998078,40.928852493260756],[19.686461971568438,40.92887633368826],[19.686385579931883,40.92880218651299],[19.686500183510145,40.92873426905341],[19.686596312790442,40.928827573769546]]]},"properties":{"Zk_Numer":8573,"Zk_Emer":"LUSHNJË-SARAVË","Nr_Pas":"","Vol":0,"Faqe":0,"Pronaret":"","Kufizimet":"","Siperfaqe":149.5}},
{"type":"Feature","geometry":{"type":"Polygon","coordinates":[[[19.69180642905141,40.92876752677101],[19.691854101396686,40.92873921197762],[19.691813839942625,40.92870021999859],[19.692102677333665,40.928528665334035],[19.692223828053326,40.9286459954016],[19.69188731809348,40.92884586519178],[19.69180642905141,40.92876752677101]]]},"properties":{"Zk_Numer":8573,"Zk_Emer":"LUSHNJË-SARAVË","Nr_Pas":"","Vol":0,"Faqe":0,"Pronaret":"","Kufizimet":"","Siperfaqe":567.8}},
{"type":"Feature","geometry":{"type":"Polygon","coordinates":[[[19.68931379812667,40.92323704285246],[19.689315855512703,40.92323853172603],[19.68930081980711,40.92325048501021],[19.68931379812667,40.92323704285246]]]},"properties":{"Zk_Numer":8573,"Zk_Emer":"LUSHNJË-SARAVË","Nr_Pas":"","Vol":0,"Faqe":0,"Pronaret":"","Kufizimet":"","Siperfaqe":0.2}},
{"type":"Feature","geometry":{"type":"Polygon","coordinates":[[[19.688936256100227,40.9240923834575],[19.688972880025254,40.924108651225076],[19.688900287323037,40.92420267192099],[19.6888652768612,40.92418712082108],[19.688936256100227,40.9240923834575]]]},"properties":{"Zk_Numer":8573,"Zk_Emer":"LUSHNJË-SARAVË","Nr_Pas":"","Vol":0,"Faqe":0,"Pronaret":"","Kufizimet":"","Siperfaqe":42.3}},
{"type":"Feature","geometry":{"type":"Polygon","coordinates":[[[19.68861952348181,40.92420552404465],[19.6887107103862,40.924244623109296],[19.68865703981605,40.92431663341495],[19.68856575619993,40.92427728757504],[19.68861952348181,40.92420552404465]]]},"properties":{"Zk_Numer":8573,"Zk_Emer":"LUSHNJË-SARAVË","Nr_Pas":"","Vol":0,"Faqe":0,"Pronaret":"","Kufizimet":"","Siperfaqe":81.1}},
{"type":"Feature","geometry":{"type":"Polygon","coordinates":[[[19.688229159488962,40.92458986974179],[19.68817873741702,40.924661837475256],[19.68810737886491,40.924632233740354],[19.688151815751635,40.92457061253335],[19.688196082819147,40.92458897712627],[19.68820320410282,40.924579101928444],[19.688229159488962,40.92458986974179]]]},"properties":{"Zk_Numer":8573,"Zk_Emer":"LUSHNJË-SARAVË","Nr_Pas":"","Vol":0,"Faqe":0,"Pronaret":"","Kufizimet":"","Siperfaqe":56.2}}
]}