{"type":"FeatureCollection", "features": [
{"type":"Feature","geometry":{"type":"Polygon","coordinates":[[[20.128755529397484,40.402625486382696],[20.12871159103738,40.40298620194476],[20.12836506430558,40.402948573666016],[20.128310166520276,40.40279389626665],[20.128179038395825,40.40276372749638],[20.127431478143876,40.40284578160863],[20.127057387669705,40.402846662070026],[20.12709564972442,40.40267309166542],[20.128755529397484,40.402625486382696]]]},"properties":{"Zk_Numer":3067,"Zk_Emer":"PSAR","Nr_Pas":"139/28","Vol":1,"Faqe":99,"Pronaret":"ELSA SALIAJ NIJAZI, FATJON SALIAJ NIJAZI, LIRI SALIAJ ILJAS, NIJAZI SALIAJ XHELO, RENATA SALIAJ NIJAZI","Kufizimet":"","Siperfaqe":3129}},
{"type":"Feature","geometry":{"type":"Polygon","coordinates":[[[20.129194536467395,40.40228428126346],[20.128816473759446,40.40248513642333],[20.128755529397484,40.402625486382696],[20.12709564972442,40.40267309166542],[20.127188036247166,40.40233428429588],[20.12909649690458,40.402286293557225],[20.129194536467395,40.40228428126346]]]},"properties":{"Zk_Numer":3067,"Zk_Emer":"PSAR","Nr_Pas":"139/27","Vol":1,"Faqe":100,"Pronaret":"ANDRIAN SALIAJ YLLI, DRITAN SALIAJ YLLI, ALKETE SALIAJ YLLI, HENË SALIAJ IBRAHIM, ANDRIAN SALIAJ YLLI, DAFINA SALIAJ YLLI, PRANVERA SALIAJ YLLI, YLLI SALIAJ SHEME","Kufizimet":"KUFIZOHET DERI NE PLOTESIMIN E DOKUMENTACIONIT \r\nTEKNIKO LIGJOR (CERTIFIKATE E GJENDJES FAMILJARE AKTUALE)","Siperfaqe":5565}},
{"type":"Feature","geometry":{"type":"Polygon","coordinates":[[[20.127188036247166,40.40233428429588],[20.12720948922852,40.40227254667809],[20.12932515965333,40.40219248467929],[20.129194536467395,40.40228428126346],[20.12909649690458,40.402286293557225],[20.127188036247166,40.40233428429588]]]},"properties":{"Zk_Numer":3067,"Zk_Emer":"PSAR","Nr_Pas":"139/26","Vol":1,"Faqe":101,"Pronaret":"TEKI SALIAJ AHMET, AHMET SALIAJ TEKI, FLAMURE SALIAJ XHEVAIR, ERIDON SALIAJ AHMET","Kufizimet":"PASURIA KUFIZOHET PER DIF.FAKT-DOK BRENDA 20% TE TOTALIT TE AMTP","Siperfaqe":1441}},
{"type":"Feature","geometry":{"type":"Polygon","coordinates":[[[20.127246541520353,40.402141711112954],[20.129645681755846,40.40202445023319],[20.12961838475041,40.40218138527541],[20.12932515965333,40.40219248467929],[20.12720948922852,40.40227254667809],[20.127246541520353,40.402141711112954]]]},"properties":{"Zk_Numer":3067,"Zk_Emer":"PSAR","Nr_Pas":"139/25","Vol":1,"Faqe":102,"Pronaret":"ENERIK SALIAJ TEKI, HYSENJ SALIAJ TEKI, MIRDJANA SALIAJ QANI, MIHANE SALIAJ QANI","Kufizimet":"KUFIZOHET DERI NE PLOTESIMIN E DOKUMENTACIONIT \r\nTEKNIKO LIGJOR (CERTIFIKATE E GJENDJES FAMILJARE AKTUALE)","Siperfaqe":3229}},
{"type":"Feature","geometry":{"type":"Polygon","coordinates":[[[20.127282334750745,40.40204451558836],[20.129636381026966,40.40192977111332],[20.129645681755846,40.40202445023319],[20.127246541520353,40.402141711112954],[20.127282334750745,40.40204451558836]]]},"properties":{"Zk_Numer":3067,"Zk_Emer":"PSAR","Nr_Pas":"139/24","Vol":1,"Faqe":103,"Pronaret":"ESMERALDA SALIAJ KASTRIOT, FERUZE SALIAJ SULO, KASTRIOT SALIAJ PETREF, GENTIAN SALIAJ KASTRIOT","Kufizimet":"KUFIZOHET DERI NE PLOTESIMIN E DOKUMENTACIONIT \r\nTEKNIKO LIGJOR (CERTIFIKATE E GJENDJES FAMILJARE AKTUALE)","Siperfaqe":2135}},
{"type":"Feature","geometry":{"type":"Polygon","coordinates":[[[20.12734770268036,40.401875931175304],[20.127925913695186,40.40185488402101],[20.129592903229362,40.401784493422255],[20.129636381026966,40.40192977111332],[20.127282334750745,40.40204451558836],[20.12734770268036,40.401875931175304]]]},"properties":{"Zk_Numer":3067,"Zk_Emer":"PSAR","Nr_Pas":"139/23","Vol":1,"Faqe":6,"Pronaret":"ILIR SALIAJ HYSNI, HYSNI SALIAJ MYSLIM, SOKOL SALIAJ HYSNI","Kufizimet":"","Siperfaqe":3365}},
{"type":"Feature","geometry":{"type":"Polygon","coordinates":[[[20.127401161369413,40.40175951896916],[20.129570094680464,40.40167585286091],[20.129592903229362,40.401784493422255],[20.127925913695186,40.40185488402101],[20.12734770268036,40.401875931175304],[20.127401161369413,40.40175951896916]]]},"properties":{"Zk_Numer":3067,"Zk_Emer":"PSAR","Nr_Pas":"139/22","Vol":1,"Faqe":7,"Pronaret":"SALUSHE ABAZAJ HAJDAR, EDUART ABAZAJ GRAMOS, ERZEN ABAZAJ ZEMAN, NERTILA ABAZAJ ERZEN","Kufizimet":"","Siperfaqe":2355}},
{"type":"Feature","geometry":{"type":"Polygon","coordinates":[[[20.127468625358514,40.40157039683981],[20.129555091531373,40.401511623635294],[20.129570094680464,40.40167585286091],[20.127401161369413,40.40175951896916],[20.127468625358514,40.40157039683981]]]},"properties":{"Zk_Numer":3067,"Zk_Emer":"PSAR","Nr_Pas":"139/21","Vol":1,"Faqe":8,"Pronaret":"GJYLO ABAZAJ TEME, SYRI ABAZAJ ZEMAN, NEIM ABAZAJ BARJAM, SHKELQIM ABAZAJ ZEMAN","Kufizimet":"KUFIZOHET DERI NE PLOTESIMIN E DOKUMENTACIONIT \r\nTEKNIKO LIGJOR (CERTIFIKATE E GJENDJES FAMILJARE AKTUALE), PASURIA KUFIZOHET PER DIF.FAKT-DOK ME SHUMË SE 20% TE TOTALIT TE AMTP","Siperfaqe":3526}},
{"type":"Feature","geometry":{"type":"Polygon","coordinates":[[[20.127518229070166,40.40136874062993],[20.12846604808169,40.401337724772304],[20.129438514605486,40.40127570745731],[20.129555091531373,40.401511623635294],[20.127468625358514,40.40157039683981],[20.127518229070166,40.40136874062993]]]},"properties":{"Zk_Numer":3067,"Zk_Emer":"PSAR","Nr_Pas":"139/20","Vol":1,"Faqe":9,"Pronaret":"REFIT ABAZI SHUAIP, ERVEHE ABAZI REFIT, SHEGË ABAZI TAHIR, SHUAIP ABAZI REFIT, DRITA ABAZI IZET","Kufizimet":"KUFIZOHET DERI NE PLOTESIMIN E DOKUMENTACIONIT \r\nTEKNIKO LIGJOR (CERTIFIKATE E GJENDJES FAMILJARE AKTUALE)","Siperfaqe":4021}},
{"type":"Feature","geometry":{"type":"Polygon","coordinates":[[[20.127573948684322,40.40121501893596],[20.129331550425725,40.401078488580445],[20.129438514605486,40.40127570745731],[20.12846604808169,40.401337724772304],[20.127518229070166,40.40136874062993],[20.127573948684322,40.40121501893596]]]},"properties":{"Zk_Numer":3067,"Zk_Emer":"PSAR","Nr_Pas":"139/19","Vol":1,"Faqe":10,"Pronaret":"SHTET","Kufizimet":"KJO PASURI POSEDOHET NGA AHMET SEFEDIN ADEMI  SIPAS AMTP-SE NR.1699","Siperfaqe":3204}},
{"type":"Feature","geometry":{"type":"Polygon","coordinates":[[[20.12761495248635,40.400965123233206],[20.129178383491176,40.40085211580979],[20.129331550425725,40.401078488580445],[20.127573948684322,40.40121501893596],[20.12761495248635,40.400965123233206]]]},"properties":{"Zk_Numer":3067,"Zk_Emer":"PSAR","Nr_Pas":"139/18","Vol":1,"Faqe":11,"Pronaret":"KUJTIM ADEMI SEFEDIN, GJERGJ ADEMI KUJTIM, BLEDAR ADEMI KUJTIM, LAVDIJE ADEMI SINAN, SILVANA ADEMI KUJTIM","Kufizimet":"KUFIZOHET DERI NE PLOTESIMIN E DOKUMENTACIONIT \nTEKNIKO LIGJOR (CERTIFIKATE E GJENDJES FAMILJARE AKTUALE)","Siperfaqe":3794}},
{"type":"Feature","geometry":{"type":"Polygon","coordinates":[[[20.127506203113267,40.40068263720089],[20.12808140586985,40.40065276428119],[20.12883247615643,40.400592629303475],[20.12897657241968,40.400585668876744],[20.129178383491176,40.40085211580979],[20.12761495248635,40.400965123233206],[20.127605347980786,40.40094184884467],[20.12755614216638,40.40082979682],[20.127506203113267,40.40068263720089]]]},"properties":{"Zk_Numer":3067,"Zk_Emer":"PSAR","Nr_Pas":"139/17","Vol":1,"Faqe":12,"Pronaret":"SOSE HAJDINAJ INDRIS, SUELA HAJDINAJ FUAT, RAZIE HAJDINAJ FUAT, MIRJAN HAJDINAJ FUAT, FUAT HAJDINAJ KASO, MAJLINDA HAJDINAJ FUAT","Kufizimet":"KUFIZOHET DERI NE PLOTESIMIN E DOKUMENTACIONIT \r\nTEKNIKO LIGJOR (CERTIFIKATE E GJENDJES FAMILJARE AKTUALE)","Siperfaqe":4047}},
{"type":"Feature","geometry":{"type":"Polygon","coordinates":[[[20.127506203113267,40.40068263720089],[20.127486788870378,40.40031244845155],[20.127492067222732,40.40011484297294],[20.127551328372228,40.39974837229869],[20.128455847561717,40.4000608301842],[20.12883247615643,40.400592629303475],[20.12808140586985,40.40065276428119],[20.127506203113267,40.40068263720089]]]},"properties":{"Zk_Numer":3067,"Zk_Emer":"PSAR","Nr_Pas":"139/16","Vol":1,"Faqe":13,"Pronaret":"TRENDELINE HAJDINAJ RAMADAN, DURIM HAJDINAJ NAPOLON, FESTIM HAJDINAJ NAPOLON, VOJSAVA HAJDINAJ NAPOLON, NAPOLON HAJDINAJ SAFET","Kufizimet":"KUFIZOHET DERI NE PLOTESIMIN E DOKUMENTACIONIT \r\nTEKNIKO LIGJOR (CERTIFIKATE E GJENDJES FAMILJARE AKTUALE)","Siperfaqe":7801}},
{"type":"Feature","geometry":{"type":"Polygon","coordinates":[[[20.12750636383182,40.399732839448625],[20.12685437460422,40.39977825334995],[20.126772653586983,40.39961735464272],[20.12678760223251,40.39924392589879],[20.126823672610296,40.39903006001642],[20.127124762088293,40.399058298199506],[20.127255397631675,40.399122385119895],[20.12737575232823,40.399426432886],[20.12750636383182,40.399732839448625]]]},"properties":{"Zk_Numer":3067,"Zk_Emer":"PSAR","Nr_Pas":"139/15","Vol":1,"Faqe":14,"Pronaret":"ERVIN HAJDINAJ BAKI, BAKI HAJDINAJ ABEDIN, VALENTINA HAJDINAJ QEMAL, ENERJETA HAJDINAJ BAKI","Kufizimet":"KUFIZOHET DERI NE PLOTESIMIN E DOKUMENTACIONIT \r\nTEKNIKO LIGJOR (CERTIFIKATE E GJENDJES FAMILJARE AKTUALE)","Siperfaqe":3812}},
{"type":"Feature","geometry":{"type":"Polygon","coordinates":[[[20.1265571359199,40.40012530867764],[20.12685437460422,40.39977825334995],[20.12750636383182,40.399732839448625],[20.127444959515532,40.40011256188226],[20.1265571359199,40.40012530867764]]]},"properties":{"Zk_Numer":3067,"Zk_Emer":"PSAR","Nr_Pas":"139/14","Vol":1,"Faqe":15,"Pronaret":"GURI HAJDINAJ ABEDIN, ABEDIN HAJDINAJ IBRAHIM, QAMILE HAJDINAJ QERIM, BRAHIM HAJDINAJ ABEDIN","Kufizimet":"KUFIZOHET DERI NE PLOTESIMIN E DOKUMENTACIONIT \r\nTEKNIKO LIGJOR (CERTIFIKATE E GJENDJES FAMILJARE AKTUALE)","Siperfaqe":2588}},
{"type":"Feature","geometry":{"type":"Polygon","coordinates":[[[20.1265571359199,40.40012530867764],[20.127444959515532,40.40011256188226],[20.1274438456423,40.40035565594485],[20.12701629801337,40.400372387856294],[20.12632426020564,40.40037078066542],[20.1265571359199,40.40012530867764]]]},"properties":{"Zk_Numer":3067,"Zk_Emer":"PSAR","Nr_Pas":"139/13","Vol":1,"Faqe":16,"Pronaret":"ADRIATIK HAJDINAJ HETEM, ENGJELLUSHE HAJDINAJ LAME, ADEM HAJDINAJ IBRAHIM, HETEM HAJDINAJ ADEM, ADRIANA HAJDINAJ HETEM, SALIE HAJDINAJ DULE","Kufizimet":"KUFIZOHET DERI NE PLOTESIMIN E DOKUMENTACIONIT \r\nTEKNIKO LIGJOR (CERTIFIKATE E GJENDJES FAMILJARE AKTUALE)","Siperfaqe":2354}},
{"type":"Feature","geometry":{"type":"Polygon","coordinates":[[[20.12618084401278,40.400673701855396],[20.12632426020564,40.40037078066542],[20.12701629801337,40.400372387856294],[20.1274438456423,40.40035565594485],[20.127455233904005,40.40067419447593],[20.126725281065706,40.40069389976189],[20.12618084401278,40.400673701855396]]]},"properties":{"Zk_Numer":3067,"Zk_Emer":"PSAR","Nr_Pas":"139/12","Vol":1,"Faqe":17,"Pronaret":"ZENI MALAJ ELMAS, SHPRESË MALAJ BEKIM, VULLNET MALAJ ZINI, DEZDEMONA MALAJ ZINI, QEMAL MALAJ ZINI","Kufizimet":"KUFIZOHET DERI NE PLOTESIMIN E DOKUMENTACIONIT \r\nTEKNIKO LIGJOR (CERTIFIKATE E GJENDJES FAMILJARE AKTUALE)","Siperfaqe":3564}},
{"type":"Feature","geometry":{"type":"Polygon","coordinates":[[[20.127548011313227,40.40094036442754],[20.125926504991288,40.40087881528482],[20.12618084401278,40.400673701855396],[20.126725281065706,40.40069389976189],[20.127455233904005,40.40067419447593],[20.127548011313227,40.40094036442754]]]},"properties":{"Zk_Numer":3067,"Zk_Emer":"PSAR","Nr_Pas":"139/11","Vol":1,"Faqe":18,"Pronaret":"SHTET","Kufizimet":"KJO PASURI POSEDOHET NGA NEIM HAKI MALAJ  SIPAS AMTP-SE NR.1709","Siperfaqe":3120}},
{"type":"Feature","geometry":{"type":"Polygon","coordinates":[[[20.125926504991288,40.40087881528482],[20.127548011313227,40.40094036442754],[20.127520231220082,40.40122899387011],[20.12576076722958,40.40119564231428],[20.125808479569415,40.401019202818716],[20.125926504991288,40.40087881528482]]]},"properties":{"Zk_Numer":3067,"Zk_Emer":"PSAR","Nr_Pas":"139/10","Vol":1,"Faqe":19,"Pronaret":"MINE SALIAJ ADEM, MUHAMET SALIAJ HETEM, LUMTURIJE SALIAJ HAMZA, EDMONDI SALIAJ MUHAMET, TOMOR SALIAJ MUHAMET, ANILA SALIAJ MUHAMET, HETEM SALIAJ MUHAMET, ERJON SALIAJ MUHAMET","Kufizimet":"KUFIZOHET DERI NE PLOTESIMIN E DOKUMENTACIONIT \r\nTEKNIKO LIGJOR (CERTIFIKATE E GJENDJES FAMILJARE AKTUALE)","Siperfaqe":4934}},
{"type":"Feature","geometry":{"type":"Polygon","coordinates":[[[20.12576076722958,40.40119564231428],[20.127520231220082,40.40122899387011],[20.127448472019605,40.401431666363756],[20.125702479134098,40.40141588498231],[20.12576076722958,40.40119564231428]]]},"properties":{"Zk_Numer":3067,"Zk_Emer":"PSAR","Nr_Pas":"139/9","Vol":1,"Faqe":20,"Pronaret":"HATIJEKO SALIAJ ALIKO, SHEFQET SALIAJ HAMIT, DRITAN SALIAJ SHEFQET, XHEMAL SALIAJ SHEFQET, HAJRO SALIAJ SHEFQET","Kufizimet":"PASURIA KUFIZOHET PER DIF.FAKT-DOK BRENDA 20% TE TOTALIT TE AMTP, KUFIZOHET DERI NE PLOTESIMIN E DOKUMENTACIONIT \r\nTEKNIKO LIGJOR (CERTIFIKATE E GJENDJES FAMILJARE AKTUALE)","Siperfaqe":3509}},
{"type":"Feature","geometry":{"type":"Polygon","coordinates":[[[20.125702479134098,40.40141588498231],[20.127448472019605,40.401431666363756],[20.127392740518644,40.401611660619274],[20.126014198284683,40.4016096568933],[20.125653343871843,40.401608866483706],[20.125702479134098,40.40141588498231]]]},"properties":{"Zk_Numer":3067,"Zk_Emer":"PSAR","Nr_Pas":"139/8","Vol":1,"Faqe":21,"Pronaret":"HERVIS SALIAJ HEKURAN, FIZE SALIAJ HEKURAN, HEKURAN SALIAJ SHEFQET, ERMELINDË SALIAJ HEKURAN, MBETE SALIAJ HAJDER","Kufizimet":"KUFIZOHET DERI NE PLOTESIMIN E DOKUMENTACIONIT \r\nTEKNIKO LIGJOR (CERTIFIKATE E GJENDJES FAMILJARE AKTUALE)","Siperfaqe":3070}},
{"type":"Feature","geometry":{"type":"Polygon","coordinates":[[[20.125653343871843,40.401608866483706],[20.126014198284683,40.4016096568933],[20.127392740518644,40.401611660619274],[20.12732640142873,40.40178110216658],[20.125600930608833,40.401766459650645],[20.125653343871843,40.401608866483706]]]},"properties":{"Zk_Numer":3067,"Zk_Emer":"PSAR","Nr_Pas":"139/7","Vol":1,"Faqe":22,"Pronaret":"PERIE SALIAJ SALI, SALI SALIAJ MALIQ, MYNIRE SALIAJ FAIK","Kufizimet":"KUFIZOHET DERI NE PLOTESIMIN E DOKUMENTACIONIT \r\nTEKNIKO LIGJOR (CERTIFIKATE E GJENDJES FAMILJARE AKTUALE)","Siperfaqe":2674}},
{"type":"Feature","geometry":{"type":"Polygon","coordinates":[[[20.12732640142873,40.40178110216658],[20.12723259059582,40.40200356523038],[20.126143029678435,40.401995143048936],[20.12556393634207,40.401988358867484],[20.125574403348335,40.401874889995824],[20.125600930608833,40.401766459650645],[20.12732640142873,40.40178110216658]]]},"properties":{"Zk_Numer":3067,"Zk_Emer":"PSAR","Nr_Pas":"139/6","Vol":1,"Faqe":23,"Pronaret":"MARGARIT HYSENJI QAZIM, MINE HYSENJI SHEFIT, BILBIL HYSENJI QAZIM, BUJAR HYSENJI QAZIM, TOMOR HYSENJI QAZIM, QAZIM HYSENJI RAMIS","Kufizimet":"KUFIZOHET DERI NE PLOTESIMIN E DOKUMENTACIONIT \r\nTEKNIKO LIGJOR (CERTIFIKATE E GJENDJES FAMILJARE AKTUALE)","Siperfaqe":3584}},
{"type":"Feature","geometry":{"type":"Polygon","coordinates":[[[20.12723259059582,40.40200356523038],[20.127125911226383,40.40232758883579],[20.125776074531622,40.40232555734554],[20.125474846743572,40.40231641736897],[20.12556393634207,40.401988358867484],[20.126143029678435,40.401995143048936],[20.12723259059582,40.40200356523038]]]},"properties":{"Zk_Numer":3067,"Zk_Emer":"PSAR","Nr_Pas":"139/5","Vol":1,"Faqe":24,"Pronaret":"XHEVRI HYSENJI ELMAS, HYSENJ HYSENJI RAMIS, PEMBE HYSENJI MAKSUT, RAMIS HYSENJI QAZIM, ALBERT HYSENJI HYSENJ, FLUTUR HYSENJI HYSENJ, ROVENA HYSENJI HYSENJ","Kufizimet":"KUFIZOHET DERI NE PLOTESIMIN E DOKUMENTACIONIT \r\nTEKNIKO LIGJOR (CERTIFIKATE E GJENDJES FAMILJARE AKTUALE)","Siperfaqe":5157}},
{"type":"Feature","geometry":{"type":"Polygon","coordinates":[[[20.12540709553601,40.40259410052216],[20.125474846743572,40.40231641736897],[20.125776074531622,40.40232555734554],[20.127125911226383,40.40232758883579],[20.12704994752842,40.402663730607564],[20.12704984441799,40.4026641868722],[20.12540709553601,40.40259410052216]]]},"properties":{"Zk_Numer":3067,"Zk_Emer":"PSAR","Nr_Pas":"139/4","Vol":1,"Faqe":25,"Pronaret":"ENGJELL MALKO HASLLAN, AFRIM MALKO HASLLAN, FATIME MALKO HASLLAN, EDLIRA MALKO HASLLAN, ALMA MALKO HASLLAN, MIMOZA MALKO HASLLAN, HASLLAN MALKO KASO, ZENEPE MALKO YZEIR, SOKOL MALKO HASLLAN","Kufizimet":"KUFIZOHET DERI NE PLOTESIMIN E DOKUMENTACIONIT \r\nTEKNIKO LIGJOR (CERTIFIKATE E GJENDJES FAMILJARE AKTUALE)","Siperfaqe":4740}},
{"type":"Feature","geometry":{"type":"Polygon","coordinates":[[[20.1269766944804,40.40282908370103],[20.12538423292832,40.40276576460557],[20.12540709553601,40.40259410052216],[20.12704984441799,40.4026641868722],[20.1269766944804,40.40282908370103]]]},"properties":{"Zk_Numer":3067,"Zk_Emer":"PSAR","Nr_Pas":"139/3","Vol":1,"Faqe":26,"Pronaret":"SARA HALILAJ ESTREF, ARMANDO HALILAJ ESTREF, ARTA HALILAJ HEKURAN, ESTREF HALILAJ XHEVIT, SHAZE HALILAJ HYSENJ","Kufizimet":"","Siperfaqe":2596}},
{"type":"Feature","geometry":{"type":"Polygon","coordinates":[[[20.1269766944804,40.40282908370103],[20.12673098037517,40.402892628339],[20.126464924293426,40.40307037953652],[20.125333957333616,40.403000635678474],[20.12538423292832,40.40276576460557],[20.1269766944804,40.40282908370103]]]},"properties":{"Zk_Numer":3067,"Zk_Emer":"PSAR","Nr_Pas":"139/2","Vol":1,"Faqe":27,"Pronaret":"FLORIJE SELMANAJ TEFIK, PRANVERA SELMANAJ SULO, SULO SELMANAJ AXHEM, ELTON SELMANAJ SULO, ASQERI SELMANAJ SULO","Kufizimet":"PASURIA KUFIZOHET PER DIF.FAKT-DOK BRENDA 20% TE TOTALIT TE AMTP, KUFIZOHET DERI NE PLOTESIMIN E DOKUMENTACIONIT \r\nTEKNIKO LIGJOR (CERTIFIKATE E GJENDJES FAMILJARE AKTUALE)","Siperfaqe":3106}},
{"type":"Feature","geometry":{"type":"Polygon","coordinates":[[[20.126464924293426,40.40307037953652],[20.12606840511601,40.40346784812885],[20.125933997072536,40.40351409497693],[20.125668096407768,40.40350250345581],[20.12554402755015,40.40349018465147],[20.125416416793065,40.403479271841896],[20.125360472508877,40.40346865881246],[20.125295617326216,40.403444243331634],[20.125218994631073,40.40339962175597],[20.125333957333616,40.403000635678474],[20.126464924293426,40.40307037953652]]]},"properties":{"Zk_Numer":3067,"Zk_Emer":"PSAR","Nr_Pas":"139/1","Vol":1,"Faqe":28,"Pronaret":"NURKË SELMANAJ SHUAIP, SHUAIP SELMANAJ AXHEM, VJOLLCA SELMANAJ SHUAIP, MIRJETA SELMANAJ TEME, PAJTIM SELMANAJ SHUAIP, LULJETA SELMANAJ SHUAIP, LILJANE SELMANAJ SHUAIP, FESTIM SELMANAJ SHUAIP","Kufizimet":"KUFIZOHET DERI NE PLOTESIMIN E DOKUMENTACIONIT \r\nTEKNIKO LIGJOR (CERTIFIKATE E GJENDJES FAMILJARE AKTUALE)","Siperfaqe":4304}},
{"type":"Feature","geometry":{"type":"Polygon","coordinates":[[[20.12740575021282,40.40387251911041],[20.127239601125535,40.40421598276135],[20.126806826627867,40.404121779287536],[20.126825416573254,40.40405893222937],[20.12690532039054,40.40379200449119],[20.12740575021282,40.40387251911041]]]},"properties":{"Zk_Numer":3067,"Zk_Emer":"PSAR","Nr_Pas":"135/12","Vol":1,"Faqe":35,"Pronaret":"GJERGJ ADEMI KUJTIM, KUJTIM ADEMI SEFEDIN, LAVDIJE ADEMI SINAN, BLEDAR ADEMI KUJTIM, SILVANA ADEMI KUJTIM","Kufizimet":"KUFIZOHET DERI NE PLOTESIMIN E DOKUMENTACIONIT \r\nTEKNIKO LIGJOR (CERTIFIKATE E GJENDJES FAMILJARE AKTUALE)","Siperfaqe":1590}},
{"type":"Feature","geometry":{"type":"Polygon","coordinates":[[[20.127064521328126,40.40337571229606],[20.1276166876846,40.40344697568479],[20.12740575021282,40.40387251911041],[20.12690532039054,40.40379200449119],[20.126939157025067,40.403703517426976],[20.127064521328126,40.40337571229606]]]},"properties":{"Zk_Numer":3067,"Zk_Emer":"PSAR","Nr_Pas":"135/11","Vol":1,"Faqe":34,"Pronaret":"XHEVRI HYSENJI ELMAS, RAMIS HYSENJI QAZIM, PEMBE HYSENJI MAKSUT, HYSENJ HYSENJI RAMIS, ALBERT HYSENJI HYSENJ, FLUTUR HYSENJI HYSENJ, ROVENA HYSENJI HYSENJ","Kufizimet":"KUFIZOHET DERI NE PLOTESIMIN E DOKUMENTACIONIT \r\nTEKNIKO LIGJOR (CERTIFIKATE E GJENDJES FAMILJARE AKTUALE)","Siperfaqe":2221}},
{"type":"Feature","geometry":{"type":"Polygon","coordinates":[[[20.1276166876846,40.40344697568479],[20.127064521328126,40.40337571229606],[20.127052375988924,40.40337414476967],[20.127015769498964,40.40321072438474],[20.127188432214734,40.40318714502238],[20.127708505514285,40.403116120523066],[20.12769285869619,40.403178147691015],[20.127660088110122,40.403273670543626],[20.1276259609793,40.40342826768834],[20.1276166876846,40.40344697568479]]]},"properties":{"Zk_Numer":3067,"Zk_Emer":"PSAR","Nr_Pas":"135/10","Vol":1,"Faqe":33,"Pronaret":"MINE HYSENJI SHEFIT, BILBIL HYSENJI QAZIM, MARGARIT HYSENJI QAZIM, BUJAR HYSENJI QAZIM, QAZIM HYSENJI RAMIS, TOMOR HYSENJI QAZIM","Kufizimet":"KUFIZOHET DERI NE PLOTESIMIN E DOKUMENTACIONIT \r\nTEKNIKO LIGJOR (CERTIFIKATE E GJENDJES FAMILJARE AKTUALE)","Siperfaqe":1460}},
{"type":"Feature","geometry":{"type":"Polygon","coordinates":[[[20.127702329401647,40.403343304931596],[20.12775951131754,40.40321110454299],[20.128085277365944,40.403231719694105],[20.128581997882247,40.40339328545649],[20.12851343606133,40.40352689570385],[20.127702329401647,40.403343304931596]]]},"properties":{"Zk_Numer":3067,"Zk_Emer":"PSAR","Nr_Pas":"135/1","Vol":1,"Faqe":29,"Pronaret":"PERIE SALIAJ SALI, MYNIRE SALIAJ FAIK, SALI SALIAJ MALIQ","Kufizimet":"KUFIZOHET DERI NE PLOTESIMIN E DOKUMENTACIONIT \r\nTEKNIKO LIGJOR (CERTIFIKATE E GJENDJES FAMILJARE AKTUALE)","Siperfaqe":1331}},
{"type":"Feature","geometry":{"type":"Polygon","coordinates":[[[20.128414925707034,40.40373385309333],[20.127608299445935,40.40356801831589],[20.127702329401647,40.403343304931596],[20.12851343606133,40.40352689570385],[20.128414925707034,40.40373385309333]]]},"properties":{"Zk_Numer":3067,"Zk_Emer":"PSAR","Nr_Pas":"135/2","Vol":1,"Faqe":30,"Pronaret":"HERVIS SALIAJ HEKURAN, HEKURAN SALIAJ SHEFQET, ERMELINDË SALIAJ HEKURAN, FIZE SALIAJ HEKURAN, MBETE SALIAJ HAJDER","Kufizimet":"KUFIZOHET DERI NE PLOTESIMIN E DOKUMENTACIONIT \r\nTEKNIKO LIGJOR (CERTIFIKATE E GJENDJES FAMILJARE AKTUALE)","Siperfaqe":1804}},
{"type":"Feature","geometry":{"type":"Polygon","coordinates":[[[20.127523291881083,40.403769891905846],[20.127608299445935,40.40356801831589],[20.128414925707034,40.40373385309333],[20.128366758359,40.40393805241592],[20.127523291881083,40.403769891905846]]]},"properties":{"Zk_Numer":3067,"Zk_Emer":"PSAR","Nr_Pas":"135/3","Vol":1,"Faqe":31,"Pronaret":"XHEMAL SALIAJ SHEFQET, SHEFQET SALIAJ HAMIT, HAJRO SALIAJ SHEFQET, HATIJEKO SALIAJ ALIKO, DRITAN SALIAJ SHEFQET","Kufizimet":"KUFIZOHET DERI NE PLOTESIMIN E DOKUMENTACIONIT \r\nTEKNIKO LIGJOR (CERTIFIKATE E GJENDJES FAMILJARE AKTUALE), PASURIA KUFIZOHET PER DIF.FAKT-DOK BRENDA 20% TE TOTALIT TE AMTP","Siperfaqe":1684}},
{"type":"Feature","geometry":{"type":"Polygon","coordinates":[[[20.128366758359,40.40393805241592],[20.128407783319002,40.403944401015046],[20.128390127419898,40.40407120138238],[20.128384830589965,40.4041873925695],[20.127425384854533,40.404018468348454],[20.127523291881083,40.403769891905846],[20.128366758359,40.40393805241592]]]},"properties":{"Zk_Numer":3067,"Zk_Emer":"PSAR","Nr_Pas":"135/4","Vol":1,"Faqe":32,"Pronaret":"MUHAMET SALIAJ HETEM, TOMOR SALIAJ MUHAMET, MINE SALIAJ ADEM, ANILA SALIAJ MUHAMET, LUMTURIJE SALIAJ HAMZA, EDMONDI SALIAJ MUHAMET, HETEM SALIAJ MUHAMET, ERJON SALIAJ MUHAMET","Kufizimet":"KUFIZOHET DERI NE PLOTESIMIN E DOKUMENTACIONIT \r\nTEKNIKO LIGJOR (CERTIFIKATE E GJENDJES FAMILJARE AKTUALE)","Siperfaqe":2220}},
{"type":"Feature","geometry":{"type":"Polygon","coordinates":[[[20.122423678239965,40.40796860731417],[20.122269047133877,40.40800373185232],[20.122057388301208,40.408017960649225],[20.121947304967236,40.40771052326287],[20.12196652348972,40.40754315376071],[20.122070263990924,40.40734825591411],[20.122263618379915,40.407379394964174],[20.122261793295024,40.407519432628774],[20.122332508123787,40.407729509358475],[20.122423678239965,40.40796860731417]]]},"properties":{"Zk_Numer":3067,"Zk_Emer":"PSAR","Nr_Pas":"133/1","Vol":1,"Faqe":36,"Pronaret":"PRONËSI PASAKTËSUAR E","Kufizimet":"KJO PASURI POSEDOHET NGA NEIM HAKI MALAJ  SIPAS AMTP-SE NR.1709\r\n","Siperfaqe":2000}},
{"type":"Feature","geometry":{"type":"Polygon","coordinates":[[[20.122070263990924,40.40734825591411],[20.122124781937167,40.40711675863429],[20.122142942559226,40.40689373622764],[20.122333982504763,40.406901268938796],[20.12233313345585,40.40692055397968],[20.12230768574333,40.40714652194887],[20.122308911409604,40.407273218343974],[20.122263618379915,40.407379394964174],[20.122070263990924,40.40734825591411]]]},"properties":{"Zk_Numer":3067,"Zk_Emer":"PSAR","Nr_Pas":"133/2","Vol":1,"Faqe":37,"Pronaret":"SHTET","Kufizimet":"KJO PASURI OKUPOHET NGA RAMADAN KASO MALKO","Siperfaqe":871}},
{"type":"Feature","geometry":{"type":"Polygon","coordinates":[[[20.12276043201159,40.40642846602045],[20.1227099066451,40.40656839868761],[20.12263023667266,40.406675047900436],[20.1223043453266,40.40658759712803],[20.12241185697015,40.40631904787233],[20.12276043201159,40.40642846602045]]]},"properties":{"Zk_Numer":3067,"Zk_Emer":"PSAR","Nr_Pas":"133/4","Vol":1,"Faqe":38,"Pronaret":"BILBIL HYSENJI QAZIM, TOMOR HYSENJI QAZIM, QAZIM HYSENJI RAMIS, MARGARIT HYSENJI QAZIM, MINE HYSENJI SHEFIT, BUJAR HYSENJI QAZIM","Kufizimet":"KUFIZOHET DERI NE PLOTESIMIN E DOKUMENTACIONIT \r\nTEKNIKO LIGJOR (CERTIFIKATE E GJENDJES FAMILJARE AKTUALE)","Siperfaqe":956}},
{"type":"Feature","geometry":{"type":"Polygon","coordinates":[[[20.12276043201159,40.40642846602045],[20.12241185697015,40.40631904787233],[20.122423016837615,40.40629260849928],[20.122510059554482,40.406181323117984],[20.12259021446071,40.40609729528063],[20.122772573276986,40.40590612424799],[20.122844562382898,40.4058489824271],[20.123030319478328,40.405734053118884],[20.123193121166846,40.40586431530792],[20.123109805875835,40.40593711715852],[20.122954920771896,40.406072456949026],[20.12282628703156,40.4062672347518],[20.12276043201159,40.40642846602045]]]},"properties":{"Zk_Numer":3067,"Zk_Emer":"PSAR","Nr_Pas":"133/5","Vol":1,"Faqe":39,"Pronaret":"PRONESI E PASAKTESUAR","Kufizimet":"KJO PASURI POSEDOHET NGA NEIM HAKI MALAJ  SIPAS AMTP-SE NR.1709","Siperfaqe":2000}},
{"type":"Feature","geometry":{"type":"Polygon","coordinates":[[[20.123046125668587,40.4063323003543],[20.122888118175528,40.40624098194513],[20.122983407771052,40.4061105599092],[20.12319282542033,40.405919117032],[20.12325459205053,40.40590153210022],[20.123497763363094,40.40608491525025],[20.123725848546393,40.40620050546126],[20.123354229882754,40.406486706348055],[20.123333653388233,40.40650255316137],[20.123046125668587,40.4063323003543]]]},"properties":{"Zk_Numer":3067,"Zk_Emer":"PSAR","Nr_Pas":"133/14","Vol":1,"Faqe":43,"Pronaret":"HENË SALIAJ IBRAHIM, YLLI SALIAJ SHEME, ALKETE SALIAJ YLLI, DAFINA SALIAJ YLLI, ANDRIAN SALIAJ YLLI, ROLAND SALIAJ YLLI, DRITAN SALIAJ YLLI, PRANVERA SALIAJ YLLI","Kufizimet":"KUFIZOHET DERI NE PLOTESIMIN E DOKUMENTACIONIT \r\nTEKNIKO LIGJOR (CERTIFIKATE E GJENDJES FAMILJARE AKTUALE)","Siperfaqe":2432}},
{"type":"Feature","geometry":{"type":"Polygon","coordinates":[[[20.123046125668587,40.4063323003543],[20.1229523114323,40.40657569402654],[20.122768244745085,40.40653733157822],[20.122888118175528,40.40624098194513],[20.123046125668587,40.4063323003543]]]},"properties":{"Zk_Numer":3067,"Zk_Emer":"PSAR","Nr_Pas":"133/13","Vol":1,"Faqe":44,"Pronaret":"SALI SALIAJ MALIQ, PERIE SALIAJ SALI, MYNIRE SALIAJ FAIK","Kufizimet":"KUFIZOHET DERI NE PLOTESIMIN E DOKUMENTACIONIT \r\nTEKNIKO LIGJOR (CERTIFIKATE E GJENDJES FAMILJARE AKTUALE)","Siperfaqe":500}},
{"type":"Feature","geometry":{"type":"Polygon","coordinates":[[[20.122646452136234,40.406920922508085],[20.12269307596192,40.40671613717878],[20.122671440215388,40.40670682889222],[20.122660256522618,40.406698204423606],[20.12269654612452,40.40665751845523],[20.122768244745085,40.40653733157822],[20.1229523114323,40.40657569402654],[20.1229238267196,40.406785832240566],[20.122913940885113,40.4068587619873],[20.122903825109574,40.40694136535365],[20.122646452136234,40.406920922508085]]]},"properties":{"Zk_Numer":3067,"Zk_Emer":"PSAR","Nr_Pas":"133/12","Vol":1,"Faqe":45,"Pronaret":"HATIJEKO SALIAJ ALIKO, DRITAN SALIAJ SHEFQET, SHEFQET SALIAJ HAMIT, XHEMAL SALIAJ SHEFQET, HAJRO SALIAJ SHEFQET","Kufizimet":"PASURIA KUFIZOHET PER DIF.FAKT-DOK BRENDA 20% TE TOTALIT TE AMTP, KUFIZOHET DERI NE PLOTESIMIN E DOKUMENTACIONIT \r\nTEKNIKO LIGJOR (CERTIFIKATE E GJENDJES FAMILJARE AKTUALE)","Siperfaqe":862}},
{"type":"Feature","geometry":{"type":"Polygon","coordinates":[[[20.122903825109574,40.40694136535365],[20.122892003562256,40.40703789744971],[20.122860931712804,40.40729162186729],[20.122629144660166,40.40728587764094],[20.122641547935114,40.40694246310477],[20.122646452136234,40.406920922508085],[20.122903825109574,40.40694136535365]]]},"properties":{"Zk_Numer":3067,"Zk_Emer":"PSAR","Nr_Pas":"133/11","Vol":1,"Faqe":46,"Pronaret":"ERMELINDË SALIAJ HEKURAN, FIZE SALIAJ HEKURAN, MBETE SALIAJ HAJDER, HERVIS SALIAJ HEKURAN, HEKURAN SALIAJ SHEFQET","Kufizimet":"KUFIZOHET DERI NE PLOTESIMIN E DOKUMENTACIONIT \r\nTEKNIKO LIGJOR (CERTIFIKATE E GJENDJES FAMILJARE AKTUALE)","Siperfaqe":835}},
{"type":"Feature","geometry":{"type":"Polygon","coordinates":[[[20.122860931712804,40.40729162186729],[20.122870172469227,40.40745427619353],[20.12287914335338,40.40761224192296],[20.122674377934008,40.4076194531471],[20.122629144660166,40.40728587764094],[20.122860931712804,40.40729162186729]]]},"properties":{"Zk_Numer":3067,"Zk_Emer":"PSAR","Nr_Pas":"133/10","Vol":1,"Faqe":47,"Pronaret":"GJERGJ ADEMI KUJTIM, KUJTIM ADEMI SEFEDIN, LAVDIJE ADEMI SINAN, BLEDAR ADEMI KUJTIM, SILVANA ADEMI KUJTIM","Kufizimet":"KUFIZOHET DERI NE PLOTESIMIN E DOKUMENTACIONIT \r\nTEKNIKO LIGJOR (CERTIFIKATE E GJENDJES FAMILJARE AKTUALE)","Siperfaqe":673}},
{"type":"Feature","geometry":{"type":"Polygon","coordinates":[[[20.12296619350332,40.407987059096335],[20.122754170636092,40.4079676338],[20.122683539693774,40.40769639100843],[20.122677322490905,40.40764116784299],[20.122674377934008,40.4076194531471],[20.12287914335338,40.40761224192296],[20.122886364274265,40.40773927982989],[20.122887905860505,40.407766414271926],[20.12296619350332,40.407987059096335]]]},"properties":{"Zk_Numer":3067,"Zk_Emer":"PSAR","Nr_Pas":"133/9","Vol":1,"Faqe":48,"Pronaret":"ISUF ADEMI SEFEDIN, FERUZE ADEMI RAPE, JURGEN ADEMI RAMIS, RAMIS ADEMI SEFEDIN, ANIFE ADEMI MALIQ, TEFTA ADEMI HEKURAN","Kufizimet":"","Siperfaqe":671}},
{"type":"Feature","geometry":{"type":"Polygon","coordinates":[[[20.122308911409604,40.407273218343974],[20.12230768574333,40.40714652194887],[20.12233313345585,40.40692055397968],[20.12248105087095,40.40692987744068],[20.12260210308546,40.40695344927629],[20.122614678453765,40.40704194664816],[20.122606789121726,40.40727685288195],[20.122308911409604,40.407273218343974]]]},"properties":{"Zk_Numer":3067,"Zk_Emer":"PSAR","Nr_Pas":"133/6","Vol":1,"Faqe":40,"Pronaret":"PEMBE HYSENJI MAKSUT, HYSENJ HYSENJI RAMIS, XHEVRI HYSENJI ELMAS, ALBERT HYSENJI HYSENJ, FLUTUR HYSENJI HYSENJ, RAMIS HYSENJI QAZIM, ROVENA HYSENJI HYSENJ","Kufizimet":"KUFIZOHET DERI NE PLOTESIMIN E DOKUMENTACIONIT \r\nTEKNIKO LIGJOR (CERTIFIKATE E GJENDJES FAMILJARE AKTUALE)","Siperfaqe":950}},
{"type":"Feature","geometry":{"type":"Polygon","coordinates":[[[20.122332508123787,40.407729509358475],[20.122261793295024,40.407519432628774],[20.122263618379915,40.407379394964174],[20.122308911409604,40.407273218343974],[20.122606789121726,40.40727685288195],[20.12266088804238,40.40769866047089],[20.122332508123787,40.407729509358475]]]},"properties":{"Zk_Numer":3067,"Zk_Emer":"PSAR","Nr_Pas":"133/7","Vol":1,"Faqe":41,"Pronaret":"SHTET","Kufizimet":"KJO PASURI POSEDOHET NGA AHMET SEFEDIN ADEMI  SIPAS AMTP-SE NR.1699","Siperfaqe":1459}},
{"type":"Feature","geometry":{"type":"Polygon","coordinates":[[[20.122332508123787,40.407729509358475],[20.12266088804238,40.40769866047089],[20.122738499935206,40.40796432989791],[20.122423678239965,40.40796860731417],[20.122332508123787,40.407729509358475]]]},"properties":{"Zk_Numer":3067,"Zk_Emer":"PSAR","Nr_Pas":"133/8","Vol":1,"Faqe":42,"Pronaret":"HETEM HAJDINAJ ADEM, ENGJELLUSHE HAJDINAJ LAME, ADEM HAJDINAJ IBRAHIM, SALIE HAJDINAJ DULE, ADRIANA HAJDINAJ HETEM, ADRIATIK HAJDINAJ HETEM","Kufizimet":"KUFIZOHET DERI NE PLOTESIMIN E DOKUMENTACIONIT \r\nTEKNIKO LIGJOR (CERTIFIKATE E GJENDJES FAMILJARE AKTUALE)","Siperfaqe":779}},
{"type":"Feature","geometry":{"type":"Polygon","coordinates":[[[20.131215716302748,40.40357077211498],[20.1310871422585,40.40392555507657],[20.130406226936902,40.40368760740848],[20.13016581395937,40.40354675188181],[20.13005931849869,40.40346076290121],[20.129825131639286,40.403336279952846],[20.129868095755782,40.403072377391304],[20.131215716302748,40.40357077211498]]]},"properties":{"Zk_Numer":3067,"Zk_Emer":"PSAR","Nr_Pas":"202/1","Vol":1,"Faqe":153,"Pronaret":"MYSLIM JAUPI FIDAI, FATBARDHA JAUPI SADIK, PELLUMB JAUPI MYSLIM, ALBANA JAUPI MYSLIM","Kufizimet":"PASURIA KUFIZOHET PER DIF.FAKT-DOK BRENDA 20% TE TOTALIT TE AMTP, KUFIZOHET DERI NE PLOTESIMIN E DOKUMENTACIONIT \r\nTEKNIKO LIGJOR (CERTIFIKATE E GJENDJES FAMILJARE AKTUALE)","Siperfaqe":4700}},
{"type":"Feature","geometry":{"type":"Polygon","coordinates":[[[20.129868095755782,40.403072377391304],[20.130023353422253,40.40273546117647],[20.13132969327496,40.403259958685865],[20.131215716302748,40.40357077211498],[20.129868095755782,40.403072377391304]]]},"properties":{"Zk_Numer":3067,"Zk_Emer":"PSAR","Nr_Pas":"202/2","Vol":1,"Faqe":154,"Pronaret":"ARIAN JAUPI MUHAREM, GEZIME JAUPI SELMAN, QERIME JAUPI TARE, ILIRJAN JAUPI MUHAREM, FIDAI JAUPI MUHAREM, MUHAREM JAUPI FIDAI","Kufizimet":"KUFIZOHET DERI NE PLOTESIMIN E DOKUMENTACIONIT \r\nTEKNIKO LIGJOR (CERTIFIKATE E GJENDJES FAMILJARE AKTUALE)","Siperfaqe":4700}},
{"type":"Feature","geometry":{"type":"Polygon","coordinates":[[[20.13132969327496,40.403259958685865],[20.130023353422253,40.40273546117647],[20.13021523225382,40.402309467629934],[20.131515655826473,40.40278975054005],[20.13132969327496,40.403259958685865]]]},"properties":{"Zk_Numer":3067,"Zk_Emer":"PSAR","Nr_Pas":"202/3","Vol":1,"Faqe":155,"Pronaret":"LUMTURI SUBASHI MESTAN, JULJANA SUBASHI JAHO, ERVIST SUBASHI JAHO, ENKELETA SUBASHI JAHO, JAHO SUBASHI FEJZO, ELIDE SUBASHI JAHO, LAVDIMIR SUBASHI JAHO","Kufizimet":"KUFIZOHET DERI NE PLOTESIMIN E DOKUMENTACIONIT \r\nTEKNIKO LIGJOR (CERTIFIKATE E GJENDJES FAMILJARE AKTUALE), PASURIA KUFIZOHET PER DIF.FAKT-DOK MBI 20% TE TOTALIT TE AMTP","Siperfaqe":6400}},
{"type":"Feature","geometry":{"type":"Polygon","coordinates":[[[20.13021523225382,40.402309467629934],[20.13031711010529,40.402043191429215],[20.13162098928795,40.40251236356236],[20.131515655826473,40.40278975054005],[20.13021523225382,40.402309467629934]]]},"properties":{"Zk_Numer":3067,"Zk_Emer":"PSAR","Nr_Pas":"202/4","Vol":1,"Faqe":156,"Pronaret":"DILAVERE SUBASHI HAKI, ISUF SUBASHI FEJZO, GRAMOS SUBASHI ISUF, FEJZO SUBASHI ISUF","Kufizimet":"","Siperfaqe":3800}},
{"type":"Feature","geometry":{"type":"Polygon","coordinates":[[[20.13162098928795,40.40251236356236],[20.13031711010529,40.402043191429215],[20.130641251431715,40.401576954428485],[20.13113176843089,40.40178121446071],[20.1314241747987,40.40189046364278],[20.131544072838082,40.40193525976065],[20.131715772005442,40.402000979331596],[20.131757157697944,40.40201682006128],[20.131734218349095,40.40214358000102],[20.131716417095305,40.402258228014084],[20.131708784767678,40.402309218323666],[20.13167674345886,40.402410677692814],[20.13162098928795,40.40251236356236]]]},"properties":{"Zk_Numer":3067,"Zk_Emer":"PSAR","Nr_Pas":"202/5","Vol":1,"Faqe":157,"Pronaret":"ARBEN ZYBA RIZA, LIRI ZYBA RIZA, MACAN ZYBA RIZA, EDMOND ZYBA RIZA, JETNOR ZYBA RIZA, ELMAS ZYBA RIZA, RIZA ZYBA MECAN","Kufizimet":"PASURIA KUFIZOHET PER DIF.FAKT-DOK MBI 20% TE TOTALIT TE AMTP, KUFIZOHET DERI NE PLOTESIMIN E DOKUMENTACIONIT \r\nTEKNIKO LIGJOR (CERTIFIKATE E GJENDJES FAMILJARE AKTUALE)","Siperfaqe":6500}},
{"type":"Feature","geometry":{"type":"Polygon","coordinates":[[[20.12917577631039,40.40607840311463],[20.129343869070055,40.405579179853966],[20.13027047191688,40.40608479887213],[20.130216117199964,40.40632741536759],[20.13012852948677,40.40654991881601],[20.12917577631039,40.40607840311463]]]},"properties":{"Zk_Numer":3067,"Zk_Emer":"PSAR","Nr_Pas":"201/12","Vol":1,"Faqe":49,"Pronaret":"FLORENC MALKO SAIT, BLERINA MALKO SAIT, FATOS MALKO SAIT, VALENTINA MALKO SAIT, DASHURIJE MALKO ÇERÇIZ, SEIT MALKO HAZIS","Kufizimet":"KUFIZOHET DERI NE PLOTESIMIN E DOKUMENTACIONIT \r\nTEKNIKO LIGJOR (CERTIFIKATE E GJENDJES FAMILJARE AKTUALE)","Siperfaqe":5028}},
{"type":"Feature","geometry":{"type":"Polygon","coordinates":[[[20.129964386182355,40.407054925220095],[20.128836389538982,40.40646122500329],[20.128997761211405,40.40635234364788],[20.12917577631039,40.40607840311463],[20.13012852948677,40.40654991881601],[20.129964386182355,40.407054925220095]],[[20.129593934079693,40.40671699790257],[20.129780633047663,40.40681840294955],[20.129909817925995,40.40668126223617],[20.12971953548785,40.406576518250844],[20.129593934079693,40.40671699790257]]]},"properties":{"Zk_Numer":3067,"Zk_Emer":"PSAR","Nr_Pas":"201/11","Vol":1,"Faqe":50,"Pronaret":"ILIRJAN TELHAJ BANUSH, DITURI TELHAJ ISMAIL, GËZIM TELHAJ BANUSH, MARIKEL TELHAJ BANUSH, ELIONA TELHAJ BANUSH, BANUSH TELHAJ XHAFER","Kufizimet":"MBI KËTË PASURI NDODHET NJË NDËRTIM I PALIGJSHËM, KUFIZOHET DERI NE PLOTESIMIN E DOKUMENTACIONIT \r\nTEKNIKO LIGJOR (CERTIFIKATE E GJENDJES FAMILJARE AKTUALE)","Siperfaqe":5130}},
{"type":"Feature","geometry":{"type":"Polygon","coordinates":[[[20.128836389538982,40.40646122500329],[20.129964386182355,40.407054925220095],[20.129901656123966,40.40722036745826],[20.12979301576694,40.40739920987911],[20.12975745302113,40.40746019473398],[20.129064402056002,40.40709611525203],[20.12836969730972,40.40672949147483],[20.12864893181521,40.40658031601808],[20.128836389538982,40.40646122500329]]]},"properties":{"Zk_Numer":3067,"Zk_Emer":"PSAR","Nr_Pas":"201/10","Vol":1,"Faqe":51,"Pronaret":"ISMET TELHAJ HAJRI, DAFINE TELHAJ HAJRI, ARBEN TELHAJ HAJRI, HAJRI TELHAJ XHAFER, FATIME TELHAJ ISMAIL, TELHA TELHAJ HAJRI, MYZAFER TELHAJ HAJRI","Kufizimet":"KUFIZOHET DERI NE PLOTESIMIN E DOKUMENTACIONIT \r\nTEKNIKO LIGJOR (CERTIFIKATE E GJENDJES FAMILJARE AKTUALE)","Siperfaqe":6116}},
{"type":"Feature","geometry":{"type":"Polygon","coordinates":[[[20.12836969730972,40.40672949147483],[20.129064402056002,40.40709611525203],[20.12975745302113,40.40746019473398],[20.129649083726886,40.407646408843846],[20.12874263484432,40.40718926645297],[20.128084535280315,40.40686107877243],[20.12836969730972,40.40672949147483]]]},"properties":{"Zk_Numer":3067,"Zk_Emer":"PSAR","Nr_Pas":"201/9","Vol":1,"Faqe":52,"Pronaret":"NORE TELHAJ SHYQYRI, ASENI TELHAJ SHYQYRI, GILBERTA TELHAJ STAVRI, SHYQYRI TELHAJ XHAFER, FATIME TELHAJ SKENDER","Kufizimet":"KUFIZOHET DERI NE PLOTESIMIN E DOKUMENTACIONIT \r\nTEKNIKO LIGJOR (CERTIFIKATE E GJENDJES FAMILJARE AKTUALE)","Siperfaqe":3596}},
{"type":"Feature","geometry":{"type":"Polygon","coordinates":[[[20.127705665867122,40.40698843022137],[20.128084535280315,40.40686107877243],[20.12874263484432,40.40718926645297],[20.129649083726886,40.407646408843846],[20.129436346626083,40.407913285377305],[20.128502549676604,40.40742148972078],[20.12837753387896,40.4073541049031],[20.12825425870949,40.407291256820784],[20.127705665867122,40.40698843022137]]]},"properties":{"Zk_Numer":3067,"Zk_Emer":"PSAR","Nr_Pas":"201/8","Vol":1,"Faqe":53,"Pronaret":"FEJZI MALKO RESHAT, ENKELEDA HADAJ VINJA, AFERDITA MALKO ISUF, RESHAT MALKO KASO, MARSEL HADAJ VINJA, ARMAND MALKO RESHAT","Kufizimet":"KUFIZOHET DERI NE PLOTESIMIN E DOKUMENTACIONIT \r\nTEKNIKO LIGJOR (CERTIFIKATE E GJENDJES FAMILJARE AKTUALE)","Siperfaqe":5536}},
{"type":"Feature","geometry":{"type":"Polygon","coordinates":[[[20.129436346626083,40.407913285377305],[20.129232806153215,40.40812199873011],[20.127815098279015,40.40737309032304],[20.127306806853415,40.4070921799854],[20.12732810884947,40.40708318042878],[20.127705665867122,40.40698843022137],[20.12825425870949,40.407291256820784],[20.12837753387896,40.4073541049031],[20.128502549676604,40.40742148972078],[20.129436346626083,40.407913285377305]]]},"properties":{"Zk_Numer":3067,"Zk_Emer":"PSAR","Nr_Pas":"201/7","Vol":1,"Faqe":54,"Pronaret":"SHTET","Kufizimet":"KJO PASURI OKUPOHET NGA LUAN RAMADAN MALKO, MBI KËTË PASURI NDODHET NJË NDËRTIM I PALIGJSHËM","Siperfaqe":5482}},
{"type":"Feature","geometry":{"type":"Polygon","coordinates":[[[20.12905174927148,40.408319818329716],[20.1279657603426,40.407736876314395],[20.126879438271374,40.40715397488909],[20.127306806853415,40.4070921799854],[20.127815098279015,40.40737309032304],[20.129232806153215,40.40812199873011],[20.12905174927148,40.408319818329716]]]},"properties":{"Zk_Numer":3067,"Zk_Emer":"PSAR","Nr_Pas":"201/6","Vol":1,"Faqe":55,"Pronaret":"SHTET","Kufizimet":"KJO PASURI OKUPOHET NGA DASHNOR BESIM MERSINAJ","Siperfaqe":5571}},
{"type":"Feature","geometry":{"type":"Polygon","coordinates":[[[20.126879438271374,40.40715397488909],[20.1279657603426,40.407736876314395],[20.12905174927148,40.408319818329716],[20.128896477243924,40.40850605618573],[20.12709867059494,40.40756445569311],[20.126538310933725,40.407255294835096],[20.126672490921703,40.407157984746654],[20.126823334359383,40.40716208704865],[20.126879438271374,40.40715397488909]]]},"properties":{"Zk_Numer":3067,"Zk_Emer":"PSAR","Nr_Pas":"201/5","Vol":1,"Faqe":56,"Pronaret":"SHABAN MERSINI XHAFER, AGRON MERSINI SHABAN, SHPRESË MERSINI SHABAN, GENTIAN MERSINI SHABAN, LEONARDO MERSINI SHABAN, ARTAN MERSINI SHABAN, RAHIME MERSINI ISMAIL","Kufizimet":"KUFIZOHET DERI NE PLOTESIMIN E DOKUMENTACIONIT \r\nTEKNIKO LIGJOR (CERTIFIKATE E GJENDJES FAMILJARE AKTUALE)","Siperfaqe":6116}},
{"type":"Feature","geometry":{"type":"Polygon","coordinates":[[[20.128720916212405,40.40870627161138],[20.126423284453963,40.40755495062866],[20.126428770809863,40.407526062433405],[20.126538310933725,40.407255294835096],[20.12709867059494,40.40756445569311],[20.128896477243924,40.40850605618573],[20.128720916212405,40.40870627161138]]]},"properties":{"Zk_Numer":3067,"Zk_Emer":"PSAR","Nr_Pas":"201/4","Vol":1,"Faqe":57,"Pronaret":"HYSENJ MERSINI YZEIR, ERVEHE MERSINI XHEVIT, VALBONA MERSINI HYSENJ, ROBERT MERSINI HYSENJ, ZENJEL MERSINI HYSENJ, SANDRI MERSINI HYSENJ, FERUZE MERSINI SEJDO, GRISELDA MERSINI HYSENJ","Kufizimet":"KUFIZOHET DERI NE PLOTESIMIN E DOKUMENTACIONIT \r\nTEKNIKO LIGJOR (CERTIFIKATE E GJENDJES FAMILJARE AKTUALE)","Siperfaqe":7004}},
{"type":"Feature","geometry":{"type":"Polygon","coordinates":[[[20.128609856708994,40.40883104107405],[20.126390986677734,40.407725012817465],[20.126394714997105,40.40770538159818],[20.126423284453963,40.40755495062866],[20.128720916212405,40.40870627161138],[20.128620166270352,40.40881945885254],[20.128609856708994,40.40883104107405]]]},"properties":{"Zk_Numer":3067,"Zk_Emer":"PSAR","Nr_Pas":"201/3","Vol":1,"Faqe":58,"Pronaret":"ENERJONA LAZAJ GËZIM, ESMIRALD LAZAJ GËZIM, ENIAS LAZAJ ESMIRALD, GËZIM LAZAJ FATLLI, VENERA LAZAJ ASQERI, MIRANDA LAZAJ MUSA, PËLLUMBESH LAZAJ GËZIM","Kufizimet":"","Siperfaqe":3900}},
{"type":"Feature","geometry":{"type":"Polygon","coordinates":[[[20.126390986677734,40.407725012817465],[20.12860985670899,40.40883104107405],[20.12851437685765,40.40893830716877],[20.126365639598564,40.40785847588273],[20.126390986677734,40.407725012817465]]]},"properties":{"Zk_Numer":3067,"Zk_Emer":"PSAR","Nr_Pas":"201/2","Vol":1,"Faqe":59,"Pronaret":"NELJAN LAZAJ NEXHIP, LINERDA LAZAJ NEXHIP, LINDITA LAZAJ FEJZO, NEXHIP LAZAJ FATLLI","Kufizimet":"PASURIA KUFIZOHET PER DIF.FAKT-DOK BRENDA 20% TE TOTALIT TE AMTP","Siperfaqe":3100}},
{"type":"Feature","geometry":{"type":"Polygon","coordinates":[[[20.126365639598564,40.40785847588273],[20.12851437685765,40.40893830716877],[20.12841185767314,40.40905348107912],[20.126959840080588,40.4084232467458],[20.12682490752377,40.40819780525826],[20.12636162486461,40.40787961510191],[20.126365639598564,40.40785847588273]]]},"properties":{"Zk_Numer":3067,"Zk_Emer":"PSAR","Nr_Pas":"201/1","Vol":1,"Faqe":60,"Pronaret":"SHTET","Kufizimet":"KJO PASURI OKUPOHET NGA SKENDER FATLLI LAZAJ","Siperfaqe":3568}},
{"type":"Feature","geometry":{"type":"Polygon","coordinates":[[[20.12328250998247,40.40417251832314],[20.123920085624274,40.404385656017304],[20.123907313953872,40.40456172511396],[20.123788949988203,40.40472133704524],[20.123573254053625,40.40486710731967],[20.12353754811403,40.40488571567753],[20.123316548211314,40.40482891877957],[20.123219987973247,40.404782279935205],[20.122973356166355,40.40463979811158],[20.123128734615786,40.40451260946806],[20.123233371855637,40.40433181762726],[20.12328250998247,40.40417251832314]]]},"properties":{"Zk_Numer":3067,"Zk_Emer":"PSAR","Nr_Pas":"139/29","Vol":1,"Faqe":61,"Pronaret":"KASTRIOT SALIAJ PETREF, FERUZE SALIAJ SULO, GENTIAN SALIAJ KASTRIOT, ESMERALDA SALIAJ KASTRIOT","Kufizimet":"KUFIZOHET DERI NE PLOTESIMIN E DOKUMENTACIONIT \r\nTEKNIKO LIGJOR (CERTIFIKATE E GJENDJES FAMILJARE AKTUALE)","Siperfaqe":3800}},
{"type":"Feature","geometry":{"type":"Polygon","coordinates":[[[20.123920085624274,40.404385656017304],[20.12328250998247,40.40417251832314],[20.12334652568874,40.40396388770788],[20.123347261367908,40.403958910915115],[20.124104224001044,40.404219719887514],[20.124094951750884,40.40422267457516],[20.123983240005867,40.40430317193374],[20.123920085624274,40.404385656017304]]]},"properties":{"Zk_Numer":3067,"Zk_Emer":"PSAR","Nr_Pas":"139/30","Vol":1,"Faqe":62,"Pronaret":"NOVRUS SALIAJ VELI, MAJLINDA SALIAJ NOVRUS, LAVDERIM SALIAJ NOVRUS, ZYBE SALIAJ XHAFER, XHEKO SALIAJ SADIK, HEROINE SALIAJ NOVRUS, SHEZË SALIAJ NOVRUS, FATMIR SALIAJ NOVRUS","Kufizimet":"KUFIZOHET DERI NE PLOTESIMIN E DOKUMENTACIONIT \r\nTEKNIKO LIGJOR (CERTIFIKATE E GJENDJES FAMILJARE AKTUALE)","Siperfaqe":1500}},
{"type":"Feature","geometry":{"type":"Polygon","coordinates":[[[20.123347261367908,40.403958910915115],[20.12339918932858,40.40360762182611],[20.12430694703386,40.40389396857669],[20.124252734542093,40.40408239243498],[20.124185771424695,40.40419373400919],[20.124104224001044,40.404219719887514],[20.123347261367908,40.403958910915115]]]},"properties":{"Zk_Numer":3067,"Zk_Emer":"PSAR","Nr_Pas":"139/31","Vol":1,"Faqe":63,"Pronaret":"SHTET","Kufizimet":"KJO PASURI OKUPOHET NGA HYSNI MYSLYM SALIAJ","Siperfaqe":3116}},
{"type":"Feature","geometry":{"type":"Polygon","coordinates":[[[20.12430694703386,40.40389396857669],[20.12339918932858,40.40360762182611],[20.123446379964218,40.40342279004957],[20.12372614647149,40.40352609681707],[20.123798617656988,40.40354687679353],[20.12410097807828,40.40363357327568],[20.12439238147426,40.40373253538754],[20.12430694703386,40.40389396857669]]]},"properties":{"Zk_Numer":3067,"Zk_Emer":"PSAR","Nr_Pas":"139/32","Vol":1,"Faqe":64,"Pronaret":"FAIK SALIAJ MYSLIM, THËLLEZ SALIAJ SHABAN","Kufizimet":"KUFIZOHET DERI NE PLOTESIMIN E DOKUMENTACIONIT \r\nTEKNIKO LIGJOR (CERTIFIKATE E GJENDJES FAMILJARE AKTUALE)","Siperfaqe":1674}},
{"type":"Feature","geometry":{"type":"Polygon","coordinates":[[[20.122430863463524,40.40600463725811],[20.122858857526,40.40559029255785],[20.12296871843806,40.40567931427417],[20.12244231098985,40.40607815906377],[20.122430863463524,40.40600463725811]]]},"properties":{"Zk_Numer":3067,"Zk_Emer":"PSAR","Nr_Pas":"132/1","Vol":1,"Faqe":65,"Pronaret":"FATIME TELHAJ SKENDER, SHYQYRI TELHAJ XHAFER, GILBERTA TELHAJ SHYQYRI, NORE TELHAJ SHYQYRI, ASENI TELHAJ SHYQYRI","Kufizimet":"KUFIZOHET DERI NE PLOTESIMIN E DOKUMENTACIONIT \r\nTEKNIKO LIGJOR (CERTIFIKATE E GJENDJES FAMILJARE AKTUALE)","Siperfaqe":598}},
{"type":"Feature","geometry":{"type":"Polygon","coordinates":[[[20.122406777007203,40.40584994391657],[20.12267322049926,40.405487280200326],[20.12279905765986,40.40554183581053],[20.122858857526,40.40559029255785],[20.122430863463524,40.40600463725811],[20.122406777007203,40.40584994391657]]]},"properties":{"Zk_Numer":3067,"Zk_Emer":"PSAR","Nr_Pas":"132/2","Vol":1,"Faqe":66,"Pronaret":"ARBEN TELHAJ HAJRI, TELHA TELHAJ HAJRI, MYZAFER TELHAJ HAJRI, DAFINE TELHAJ HAJRI, ISMET TELHAJ HAJRI, HAJRI TELHAJ XHAFER, FATIME TELHAJ ISMAIL","Kufizimet":"KUFIZOHET DERI NE PLOTESIMIN E DOKUMENTACIONIT \r\nTEKNIKO LIGJOR (CERTIFIKATE E GJENDJES FAMILJARE AKTUALE)","Siperfaqe":819}},
{"type":"Feature","geometry":{"type":"Polygon","coordinates":[[[20.12267322049926,40.405487280200326],[20.122406777007203,40.40584994391657],[20.12232693335149,40.40533714924367],[20.12267322049926,40.405487280200326]]]},"properties":{"Zk_Numer":3067,"Zk_Emer":"PSAR","Nr_Pas":"132/3","Vol":1,"Faqe":67,"Pronaret":"BANUSH TELHAJ XHAFER, DITURI TELHAJ ISMAIL, GËZIM TELHAJ BANUSH, MARIKEL TELHAJ BANUSH, ILIRJAN TELHAJ BANUSH, ELIONA TELHAJ BANUSH","Kufizimet":"KUFIZOHET DERI NE PLOTESIMIN E DOKUMENTACIONIT \r\nTEKNIKO LIGJOR (CERTIFIKATE E GJENDJES FAMILJARE AKTUALE)","Siperfaqe":780}},
{"type":"Feature","geometry":{"type":"Polygon","coordinates":[[[20.126713768683256,40.4043460212809],[20.126806826627867,40.404121779287536],[20.127239601125535,40.40421598276135],[20.127100735437903,40.4044428549773],[20.126713768683256,40.4043460212809]]]},"properties":{"Zk_Numer":3067,"Zk_Emer":"PSAR","Nr_Pas":"135/13","Vol":1,"Faqe":68,"Pronaret":"LILJANA SALIAJ PETREF, PETREF SALIAJ ALI, OLIMBI SALIAJ TOMOR, REDI SALIAJ ALI, SADUSHE SALIAJ RIZA, ALI SALIAJ PETREF, BARDHUL SALIAJ PETREF, ALTIN SALIAJ PETREF, AGIM SALIAJ PETREF","Kufizimet":"KUFIZOHET DERI NE PLOTESIMIN E DOKUMENTACIONIT \r\nTEKNIKO LIGJOR (CERTIFIKATE E GJENDJES FAMILJARE AKTUALE)","Siperfaqe":976}},
{"type":"Feature","geometry":{"type":"Polygon","coordinates":[[[20.126713768683256,40.4043460212809],[20.127100735437903,40.4044428549773],[20.126981129826138,40.40466424743049],[20.12698021455755,40.40466404837914],[20.12665342156452,40.40459297735124],[20.126713768683256,40.4043460212809]]]},"properties":{"Zk_Numer":3067,"Zk_Emer":"PSAR","Nr_Pas":"135/14","Vol":1,"Faqe":69,"Pronaret":"ELTON SELMANAJ SULO, SULO SELMANAJ AXHEM, FLORIJE SELMANAJ TEFIK, PRANVERA SELMANAJ SULO, ASQERI SELMANAJ SULO","Kufizimet":"PASURIA KUFIZOHET PER DIF.FAKT-DOK BRENDA 20% TE TOTALIT TE AMTP, KUFIZOHET DERI NE PLOTESIMIN E DOKUMENTACIONIT \r\nTEKNIKO LIGJOR (CERTIFIKATE E GJENDJES FAMILJARE AKTUALE)","Siperfaqe":860}},
{"type":"Feature","geometry":{"type":"Polygon","coordinates":[[[20.126537333042066,40.40500152586416],[20.1266236250129,40.40471491189536],[20.12665342156452,40.40459297735124],[20.12698021455755,40.40466404837914],[20.126966078254306,40.40469307075365],[20.12678631102085,40.40503731773],[20.126715178636047,40.40517353231937],[20.12648888685601,40.405104295681824],[20.126524948870706,40.40502779667461],[20.126537333042066,40.40500152586416]]]},"properties":{"Zk_Numer":3067,"Zk_Emer":"PSAR","Nr_Pas":"135/15","Vol":1,"Faqe":70,"Pronaret":"PAJTIM SELMANAJ SHUAIP, LULJETA SELMANAJ SHUAIP, LILJANE SELMANAJ SHUAIP, VJOLLCA SELMANAJ SHUAIP, SHUAIP SELMANAJ AXHEM, MIRJETA SELMANAJ TEME, NURKË SELMANAJ SHUAIP, FESTIM SELMANAJ SHUAIP","Kufizimet":"KUFIZOHET DERI NE PLOTESIMIN E DOKUMENTACIONIT \r\nTEKNIKO LIGJOR (CERTIFIKATE E GJENDJES FAMILJARE AKTUALE)","Siperfaqe":1428}},
{"type":"Feature","geometry":{"type":"Polygon","coordinates":[[[20.126537333042066,40.40500152586416],[20.126121216137363,40.40487690276181],[20.12617723321209,40.404633514710426],[20.1266236250129,40.40471491189536],[20.126537333042066,40.40500152586416]]]},"properties":{"Zk_Numer":3067,"Zk_Emer":"PSAR","Nr_Pas":"135/16","Vol":1,"Faqe":76,"Pronaret":"PAJTIM SELMANAJ SHUAIP, FESTIM SELMANAJ SHUAIP, SHUAIP SELMANAJ AXHEM, MIRJETA SELMANAJ TEME, LULJETA SELMANAJ SHUAIP, LILJANE SELMANAJ SHUAIP, VJOLLCA SELMANAJ SHUAIP, NURKË SELMANAJ SHUAIP","Kufizimet":"KUFIZOHET DERI NE PLOTESIMIN E DOKUMENTACIONIT \r\nTEKNIKO LIGJOR (CERTIFIKATE E GJENDJES FAMILJARE AKTUALE)","Siperfaqe":1146}},
{"type":"Feature","geometry":{"type":"Polygon","coordinates":[[[20.126713768683256,40.4043460212809],[20.12665342156452,40.40459297735124],[20.1266236250129,40.40471491189536],[20.12617723321209,40.404633514710426],[20.126257270791445,40.40428503755295],[20.126713768683256,40.4043460212809]]]},"properties":{"Zk_Numer":3067,"Zk_Emer":"PSAR","Nr_Pas":"135/17","Vol":1,"Faqe":77,"Pronaret":"ERZEN ABAZAJ ZEMAN, NERTILA ABAZAJ ERZEN, EDUART ABAZAJ GRAMOS, SALUSHE ABAZAJ HAJDAR","Kufizimet":"","Siperfaqe":1583}},
{"type":"Feature","geometry":{"type":"Polygon","coordinates":[[[20.126713768683256,40.4043460212809],[20.126257270791445,40.40428503755295],[20.12637708708723,40.403581804874975],[20.126939157025067,40.403703517426976],[20.12690532039054,40.40379200449119],[20.126825416573254,40.40405893222937],[20.126806826627867,40.404121779287536],[20.126713768683256,40.4043460212809]]]},"properties":{"Zk_Numer":3067,"Zk_Emer":"PSAR","Nr_Pas":"135/18","Vol":1,"Faqe":78,"Pronaret":"SHKELQIM ABAZAJ ZEMAN, SYRI ABAZAJ ZEMAN, GJYLO ABAZAJ TEME, NEIM ABAZAJ BARJAM","Kufizimet":"KUFIZOHET DERI NE PLOTESIMIN E DOKUMENTACIONIT \r\nTEKNIKO LIGJOR (CERTIFIKATE E GJENDJES FAMILJARE AKTUALE), PASURIA KUFIZOHET PER DIF.FAKT-DOK ME SHUMË SE 20% TE TOTALIT TE AMTP","Siperfaqe":3411}},
{"type":"Feature","geometry":{"type":"Polygon","coordinates":[[[20.127064521328126,40.40337571229606],[20.126939157025067,40.403703517426976],[20.12637708708723,40.403581804874975],[20.12633422046547,40.40355695631453],[20.1263651205495,40.40350308129337],[20.126935065924968,40.40300900782656],[20.127126572149496,40.40311044446016],[20.127188432214734,40.40318714502238],[20.127015769498964,40.40321072438474],[20.127052375988924,40.40337414476967],[20.127064521328126,40.40337571229606]]]},"properties":{"Zk_Numer":3067,"Zk_Emer":"PSAR","Nr_Pas":"135/19","Vol":1,"Faqe":79,"Pronaret":"ENGJELL MALKO HASLLAN, ALMA MALKO HASLLAN, EDLIRA MALKO HASLLAN, HASLLAN MALKO KASO, ZENEPE MALKO YZEIR, FATIME MALKO HASLLAN, MIMOZA MALKO GANI, AFRIM MALKO HASLLAN, SOKOL MALKO HASLLAN","Kufizimet":"KUFIZOHET DERI NE PLOTESIMIN E DOKUMENTACIONIT \r\nTEKNIKO LIGJOR (CERTIFIKATE E GJENDJES FAMILJARE AKTUALE)","Siperfaqe":2728}},
{"type":"Feature","geometry":{"type":"Polygon","coordinates":[[[20.126121216137363,40.40487690276181],[20.12583421837026,40.40477963773768],[20.12575801491538,40.404725670390825],[20.1253214777438,40.4046016601868],[20.12549617145842,40.40369900282947],[20.125956064775696,40.403716633591905],[20.12637708708723,40.403581804874975],[20.126257270791445,40.40428503755295],[20.12617723321209,40.404633514710426],[20.126121216137363,40.40487690276181]]]},"properties":{"Zk_Numer":3067,"Zk_Emer":"PSAR","Nr_Pas":"135/20","Vol":1,"Faqe":80,"Pronaret":"LAVDERIM SALIAJ NOVRUS, MAJLINDA SALIAJ NOVRUS, SHEZË SALIAJ NOVRUS, NOVRUS SALIAJ VELI, XHEKO SALIAJ SADIK, FATMIR SALIAJ NOVRUS, HEROINE SALIAJ NOVRUS, ZYBE SALIAJ XHAFER","Kufizimet":"KUFIZOHET DERI NE PLOTESIMIN E DOKUMENTACIONIT \r\nTEKNIKO LIGJOR (CERTIFIKATE E GJENDJES FAMILJARE AKTUALE)","Siperfaqe":8594}},
{"type":"Feature","geometry":{"type":"Polygon","coordinates":[[[20.124770261052955,40.40474268539339],[20.124752542322575,40.40471971330669],[20.12468724389594,40.40462377542034],[20.124634515808804,40.404547339004594],[20.12448941608824,40.404368026603755],[20.124531839769837,40.404330341538284],[20.124673264461318,40.40393689270849],[20.12494216797964,40.40375379089714],[20.12511824558837,40.40368003070338],[20.125299229954717,40.403679169844125],[20.12549617145842,40.40369900282947],[20.1253214777438,40.4046016601868],[20.12507588466705,40.40462283186641],[20.12492198444055,40.4046703300605],[20.124770261052955,40.40474268539339]]]},"properties":{"Zk_Numer":3067,"Zk_Emer":"PSAR","Nr_Pas":"135/21","Vol":1,"Faqe":83,"Pronaret":"ALTIN SALIAJ PETREF, AGIM SALIAJ PETREF, PETREF SALIAJ ALI, LILJANA SALIAJ PETREF, BARDHUL SALIAJ PETREF, ALI SALIAJ PETREF, OLIMBI SALIAJ TOMOR, REDI SALIAJ ALI, SADUSHE SALIAJ RIZA","Kufizimet":"KUFIZOHET DERI NE PLOTESIMIN E DOKUMENTACIONIT \r\nTEKNIKO LIGJOR (CERTIFIKATE E GJENDJES FAMILJARE AKTUALE)","Siperfaqe":6734}},
{"type":"Feature","geometry":{"type":"Polygon","coordinates":[[[20.124770261052955,40.40474268539339],[20.124451522759884,40.40491908766112],[20.124358101444955,40.404814822693986],[20.12428308142584,40.40471707591188],[20.124110416979654,40.4044876611974],[20.12448941608824,40.404368026603755],[20.124634515808804,40.404547339004594],[20.12468724389594,40.40462377542034],[20.124752542322575,40.40471971330669],[20.124770261052955,40.40474268539339]]]},"properties":{"Zk_Numer":3067,"Zk_Emer":"PSAR","Nr_Pas":"135/22","Vol":1,"Faqe":109,"Pronaret":"SHTET","Kufizimet":"KJO PASURI OKUPOHET NGA HYSNI MYSLIM SALIAJ","Siperfaqe":1801}},
{"type":"Feature","geometry":{"type":"Polygon","coordinates":[[[20.123046125668587,40.4063323003543],[20.123333653388233,40.40650255316137],[20.12322553934186,40.406666605808354],[20.1229523114323,40.40657569402654],[20.123046125668587,40.4063323003543]]]},"properties":{"Zk_Numer":3067,"Zk_Emer":"PSAR","Nr_Pas":"133/15","Vol":1,"Faqe":85,"Pronaret":"SULO SELMANAJ AXHEM, FLORIJE SELMANAJ TEFIK, PRANVERA SELMANAJ SULO, ELTON SELMANAJ SULO, ASQERI SELMANAJ SULO","Kufizimet":"KUFIZOHET DERI NE PLOTESIMIN E DOKUMENTACIONIT \r\nTEKNIKO LIGJOR (CERTIFIKATE E GJENDJES FAMILJARE AKTUALE), PASURIA KUFIZOHET PER DIF.FAKT-DOK BRENDA 20% TE TOTALIT TE AMTP","Siperfaqe":663}},
{"type":"Feature","geometry":{"type":"Polygon","coordinates":[[[20.1229523114323,40.40657569402654],[20.12322553934186,40.406666605808354],[20.123206903754305,40.406694883426],[20.123163952156105,40.40683206700301],[20.122923826719607,40.406785832240566],[20.1229523114323,40.40657569402654]]]},"properties":{"Zk_Numer":3067,"Zk_Emer":"PSAR","Nr_Pas":"133/16","Vol":1,"Faqe":86,"Pronaret":"VJOLLCA SELMANAJ SHUAIP, PAJTIM SELMANAJ SHUAIP, FESTIM SELMANAJ SHUAIP, MIRJETA SELMANAJ TEME, LULJETA SELMANAJ SHUAIP, LILJANE SELMANAJ SHUAIP, SHUAIP SELMANAJ AXHEM, NURKË SELMANAJ SHUAIP","Kufizimet":"KUFIZOHET DERI NE PLOTESIMIN E DOKUMENTACIONIT \r\nTEKNIKO LIGJOR (CERTIFIKATE E GJENDJES FAMILJARE AKTUALE)","Siperfaqe":477}},
{"type":"Feature","geometry":{"type":"Polygon","coordinates":[[[20.123163952156105,40.40683206700301],[20.123118273954496,40.406977958478656],[20.12310370980843,40.407024474726086],[20.12310333022134,40.40704352874823],[20.122892003562256,40.40703789744971],[20.122903825109574,40.40694136535365],[20.122913940885113,40.4068587619873],[20.1229238267196,40.406785832240566],[20.123163952156105,40.40683206700301]]]},"properties":{"Zk_Numer":3067,"Zk_Emer":"PSAR","Nr_Pas":"133/17","Vol":1,"Faqe":87,"Pronaret":"MINE SALIAJ ADEM, MUHAMET SALIAJ HETEM, ERJON SALIAJ MUHAMET, HETEM SALIAJ MUHAMET, ANILA SALIAJ MUHAMET, TOMOR SALIAJ MUHAMET, EDMONDI SALIAJ MUHAMET, LUMTURIJE SALIAJ HAMZA","Kufizimet":"KUFIZOHET DERI NE PLOTESIMIN E DOKUMENTACIONIT \r\nTEKNIKO LIGJOR (CERTIFIKATE E GJENDJES FAMILJARE AKTUALE)","Siperfaqe":500}},
{"type":"Feature","geometry":{"type":"Polygon","coordinates":[[[20.12310333022134,40.40704352874823],[20.123096591460236,40.40738179068172],[20.12310911894174,40.40744728162164],[20.122870172469227,40.40745427619353],[20.122860931712804,40.40729162186729],[20.122892003562256,40.40703789744971],[20.12310333022134,40.40704352874823]]]},"properties":{"Zk_Numer":3067,"Zk_Emer":"PSAR","Nr_Pas":"133/18","Vol":1,"Faqe":88,"Pronaret":"MESTAN HAJDINAJ IBRAHIM","Kufizimet":"KUFIZOHET DERI NE PLOTESIMIN E DOKUMENTACIONIT \r\nTEKNIKO LIGJOR (CERTIFIKATE E GJENDJES FAMILJARE AKTUALE)","Siperfaqe":883}},
{"type":"Feature","geometry":{"type":"Polygon","coordinates":[[[20.12310911894174,40.40744728162164],[20.123140928315447,40.4076135735031],[20.123161252308687,40.4077198220937],[20.122886364274265,40.40773927982989],[20.12287914335338,40.40761224192296],[20.122870172469227,40.40745427619353],[20.12310911894174,40.40744728162164]]]},"properties":{"Zk_Numer":3067,"Zk_Emer":"PSAR","Nr_Pas":"133/19","Vol":1,"Faqe":89,"Pronaret":"SHTET","Kufizimet":"KJO PASURI OKUPOHET NGA BAKI ABEDIN HAJDINAJ","Siperfaqe":679}},
{"type":"Feature","geometry":{"type":"Polygon","coordinates":[[[20.12296619350332,40.407987059096335],[20.122887905860505,40.407766414271926],[20.122886364274265,40.40773927982989],[20.123161252308687,40.4077198220937],[20.123229401126242,40.40807608402574],[20.12296619350332,40.407987059096335]]]},"properties":{"Zk_Numer":3067,"Zk_Emer":"PSAR","Nr_Pas":"133/20","Vol":1,"Faqe":90,"Pronaret":"QEMAL MALAJ ZINI, DEZDEMONA MALAJ ZINI, VULLNET MALAJ ZINI, ZINI MALAJ ELMAS, SHPRESË MALAJ BEKIM","Kufizimet":"KUFIZOHET DERI NE PLOTESIMIN E DOKUMENTACIONIT \r\nTEKNIKO LIGJOR (CERTIFIKATE E GJENDJES FAMILJARE AKTUALE)","Siperfaqe":750}},
{"type":"Feature","geometry":{"type":"Polygon","coordinates":[[[20.123140928315447,40.4076135735031],[20.123434788503882,40.407583846287594],[20.12359290481203,40.407568128872406],[20.12364341846197,40.40756428595966],[20.123693431962366,40.407944794597654],[20.12371471367346,40.40823258274365],[20.123537558893275,40.40819978786867],[20.123229401126242,40.40807608402574],[20.123161252308687,40.4077198220937],[20.123140928315447,40.4076135735031]]]},"properties":{"Zk_Numer":3067,"Zk_Emer":"PSAR","Nr_Pas":"133/21","Vol":1,"Faqe":91,"Pronaret":"ELSA SALIAJ NIJAZI, NIJAZI SALIAJ XHELO, LIRI SALIAJ ILJAS, FATJON SALIAJ NIJAZI, RENATA SALIAJ NIJAZI","Kufizimet":"","Siperfaqe":2680}},
{"type":"Feature","geometry":{"type":"Polygon","coordinates":[[[20.12359290481203,40.407568128872406],[20.123434788503882,40.407583846287594],[20.123140928315447,40.4076135735031],[20.12310911894174,40.40744728162164],[20.123096591460236,40.40738179068172],[20.12310333022134,40.40704352874823],[20.12310370980843,40.407024474726086],[20.1231182739545,40.406977958478656],[20.1233999403184,40.40702830975263],[20.12356660258858,40.40703859187119],[20.123592843553688,40.40736689097959],[20.12359290481203,40.407568128872406]]]},"properties":{"Zk_Numer":3067,"Zk_Emer":"PSAR","Nr_Pas":"133/22","Vol":1,"Faqe":92,"Pronaret":"XHEVDET SALIAJ XHELO, HASIME SALIAJ HALIM","Kufizimet":"KUFIZOHET DERI NE PLOTESIMIN E DOKUMENTACIONIT \r\nTEKNIKO LIGJOR (CERTIFIKATE E GJENDJES FAMILJARE AKTUALE)","Siperfaqe":2600}},
{"type":"Feature","geometry":{"type":"Polygon","coordinates":[[[20.123163952156105,40.40683206700301],[20.12343158193493,40.406878667881074],[20.1233999403184,40.40702830975263],[20.1231182739545,40.406977958478656],[20.123163952156105,40.40683206700301]]]},"properties":{"Zk_Numer":3067,"Zk_Emer":"PSAR","Nr_Pas":"133/23","Vol":1,"Faqe":93,"Pronaret":"JULJANA SUBASHI JAHO, ERVIST SUBASHI JAHO, ELIDE SUBASHI JAHO, JAHO SUBASHI FEJZO, ENKELETA SUBASHI JAHO, LUMTURI SUBASHI MESTAN, LAVDIMIR SUBASHI JAHO","Kufizimet":"KUFIZOHET DERI NE PLOTESIMIN E DOKUMENTACIONIT \r\nTEKNIKO LIGJOR (CERTIFIKATE E GJENDJES FAMILJARE AKTUALE), PASURIA KUFIZOHET PER DIF.FAKT-DOK MBI 20% TE TOTALIT TE AMTP","Siperfaqe":400}},
{"type":"Feature","geometry":{"type":"Polygon","coordinates":[[[20.12343158193493,40.406878667881074],[20.123163952156105,40.40683206700301],[20.123206903754305,40.406694883426],[20.12322553934186,40.406666605808354],[20.123462313289046,40.4067333302472],[20.12343158193493,40.406878667881074]]]},"properties":{"Zk_Numer":3067,"Zk_Emer":"PSAR","Nr_Pas":"133/24","Vol":1,"Faqe":94,"Pronaret":"MYSLIM JAUPI FIDAI, ALBANA JAUPI MYSLIM, PELLUMB JAUPI MYSLIM, FATBARDHA JAUPI SADIK","Kufizimet":"KUFIZOHET DERI NE PLOTESIMIN E DOKUMENTACIONIT \r\nTEKNIKO LIGJOR (CERTIFIKATE E GJENDJES FAMILJARE AKTUALE), PASURIA KUFIZOHET PER DIF.FAKT-DOK BRENDA 20% TE TOTALIT TE AMTP","Siperfaqe":400}},
{"type":"Feature","geometry":{"type":"Polygon","coordinates":[[[20.123354229882754,40.406486706348055],[20.12352308967482,40.4065557035675],[20.12348173809441,40.406641464289166],[20.123462313289046,40.4067333302472],[20.12322553934186,40.406666605808354],[20.123333653388233,40.40650255316137],[20.123354229882754,40.406486706348055]]]},"properties":{"Zk_Numer":3067,"Zk_Emer":"PSAR","Nr_Pas":"133/25","Vol":1,"Faqe":95,"Pronaret":"SARA HALILAJ ESTREF, ESTREF HALILAJ XHEVIT, ARTA HALILAJ HEKURAN, ARMANDO HALILAJ ESTREF, SHAZE HALILAJ HYSENJ","Kufizimet":"","Siperfaqe":400}},
{"type":"Feature","geometry":{"type":"Polygon","coordinates":[[[20.123725848546393,40.40620050546126],[20.12376567929017,40.40622185251372],[20.123567646267762,40.40646329557931],[20.12352308967482,40.4065557035675],[20.123354229882754,40.406486706348055],[20.123725848546393,40.40620050546126]]]},"properties":{"Zk_Numer":3067,"Zk_Emer":"PSAR","Nr_Pas":"133/26","Vol":1,"Faqe":96,"Pronaret":"GRAMOS SUBASHI ISUF, ISUF SUBASHI FEJZO, FEJZO SUBASHI ISUF, DILAVERE SUBASHI HAKI","Kufizimet":"","Siperfaqe":400}},
{"type":"Feature","geometry":{"type":"Polygon","coordinates":[[[20.12376567929017,40.40622185251372],[20.124099810141878,40.406297329545076],[20.12384557776057,40.40673172444338],[20.123839079842043,40.407344027654965],[20.123592843553688,40.40736689097959],[20.12356660258858,40.40703859187119],[20.1233999403184,40.40702830975263],[20.12343158193493,40.406878667881074],[20.123462313289046,40.4067333302472],[20.12348173809441,40.406641464289166],[20.12352308967482,40.4065557035675],[20.123567646267762,40.40646329557931],[20.12376567929017,40.40622185251372]]]},"properties":{"Zk_Numer":3067,"Zk_Emer":"PSAR","Nr_Pas":"133/27","Vol":1,"Faqe":97,"Pronaret":"FLAMURE SALIAJ XHEVAIR, TEKI SALIAJ AHMET, ERIDON SALIAJ AHMET, AHMET SALIAJ TEKI","Kufizimet":"PASURIA KUFIZOHET PER DIF.FAKT-DOK BRENDA 20% TE TOTALIT TE AMTP","Siperfaqe":3816}},
{"type":"Feature","geometry":{"type":"Polygon","coordinates":[[[20.123592843553688,40.40736689097959],[20.123839079842043,40.407344027654965],[20.123967739858394,40.40737548382979],[20.1239378984909,40.40785846338322],[20.124078073121694,40.40827350823675],[20.1240782589937,40.408279978460115],[20.12371471367346,40.40823258274365],[20.123693431962366,40.407944794597654],[20.12364341846197,40.40756428595966],[20.12359290481203,40.407568128872406],[20.123592843553688,40.40736689097959]]]},"properties":{"Zk_Numer":3067,"Zk_Emer":"PSAR","Nr_Pas":"133/28","Vol":1,"Faqe":98,"Pronaret":"MIHANE SALIAJ QANI, MIRDJANA SALIAJ QANI, ENERIK SALIAJ TEKI, HYSENJ SALIAJ TEKI","Kufizimet":"KUFIZOHET DERI NE PLOTESIMIN E DOKUMENTACIONIT \r\nTEKNIKO LIGJOR (CERTIFIKATE E GJENDJES FAMILJARE AKTUALE)","Siperfaqe":2650}},
{"type":"Feature","geometry":{"type":"Polygon","coordinates":[[[20.12263023667266,40.406675047900436],[20.122660256522618,40.406698204423606],[20.122671440215388,40.40670682889222],[20.12269307596192,40.40671613717878],[20.122646452136234,40.406920922508085],[20.12260210308546,40.40695344927629],[20.12248105087095,40.40692987744068],[20.12233313345585,40.40692055397968],[20.122333982504763,40.406901268938796],[20.122142942559226,40.40689373622764],[20.12215483230889,40.40681553259962],[20.122255805158876,40.40657932221368],[20.122295958297535,40.40658534650951],[20.1223043453266,40.40658759712803],[20.12263023667266,40.406675047900436]]]},"properties":{"Zk_Numer":3067,"Zk_Emer":"PSAR","Nr_Pas":"133/3","Vol":1,"Faqe":137,"Pronaret":"LUAN MALKO RAMADAN, FERIDE MALKO SHERIF, RAMADAN MALKO KASO, ALFRED MALKO RAMADAN, AFERDITA MALKO RAMADAN, KASO MALKO RAMADAN","Kufizimet":"KUFIZOHET DERI NE PLOTESIMIN E DOKUMENTACIONIT \r\nTEKNIKO LIGJOR (CERTIFIKATE E GJENDJES FAMILJARE AKTUALE), MBI KËTË PASURI NDODHET NJË NDËRTIM I PALIGJSHËM","Siperfaqe":1346}},
{"type":"Feature","geometry":{"type":"Polygon","coordinates":[[[20.123966389426634,40.403296463773266],[20.123798617656988,40.40354687679353],[20.12372614647149,40.40352609681707],[20.123446379964218,40.40342279004957],[20.123469348256084,40.40318987214192],[20.123966389426634,40.403296463773266]]]},"properties":{"Zk_Numer":3067,"Zk_Emer":"PSAR","Nr_Pas":"139/33","Vol":1,"Faqe":139,"Pronaret":"SHTET","Kufizimet":"KJO PASURI OKUPOHET NGA KASTRIOT SALIAJ","Siperfaqe":1079}},
{"type":"Feature","geometry":{"type":"Polygon","coordinates":[[[20.123966389426634,40.403296463773266],[20.123469348256084,40.40318987214192],[20.123491676413284,40.4030224461466],[20.124067340641755,40.403159714042566],[20.123966389426634,40.403296463773266]]]},"properties":{"Zk_Numer":3067,"Zk_Emer":"PSAR","Nr_Pas":"139/34","Vol":1,"Faqe":140,"Pronaret":"SHTET","Kufizimet":"KJO PASURI OKUPOHET NGA NOVRUZ SALIAJ","Siperfaqe":840}},
{"type":"Feature","geometry":{"type":"Polygon","coordinates":[[[20.11995666586899,40.405447573661554],[20.119967532255387,40.40591165149373],[20.119827399274698,40.406172607170554],[20.119312670383003,40.406146291295016],[20.11919939729209,40.40597956617564],[20.119768254134808,40.40538256637131],[20.11995666586899,40.405447573661554]]]},"properties":{"Zk_Numer":3067,"Zk_Emer":"PSAR","Nr_Pas":"123/1","Vol":1,"Faqe":141,"Pronaret":"PRANVERA SALIAJ YLLI, DRITAN SALIAJ YLLI, ALKETE SALIAJ YLLI, DAFINA SALIAJ YLLI, ANDRIAN SALIAJ YLLI, ROLAND SALIAJ YLLI, HENË SALIAJ IBRAHIM, YLLI SALIAJ SHEME","Kufizimet":"KUFIZOHET DERI NE PLOTESIMIN E DOKUMENTACIONIT \r\nTEKNIKO LIGJOR (CERTIFIKATE E GJENDJES FAMILJARE AKTUALE)","Siperfaqe":3678}},
{"type":"Feature","geometry":{"type":"Polygon","coordinates":[[[20.11832436720464,40.405396582972024],[20.11838004478688,40.40542542483568],[20.118323703261307,40.40555426370434],[20.118090481197164,40.4057692913643],[20.118014598750477,40.40576459588871],[20.11799651821145,40.40574819718761],[20.117990326587844,40.40566063288965],[20.117900900671454,40.405629282275555],[20.11803186388199,40.405304475837674],[20.11832436720464,40.405396582972024]]]},"properties":{"Zk_Numer":3067,"Zk_Emer":"PSAR","Nr_Pas":"121/1","Vol":1,"Faqe":143,"Pronaret":"MIRDJANA SALIAJ TEKI, ENERIK SALIAJ TEKI, HYSENJ SALIAJ TEKI, MIHANE SALIAJ QANI","Kufizimet":"KUFIZOHET DERI NE PLOTESIMIN E DOKUMENTACIONIT \r\nTEKNIKO LIGJOR (CERTIFIKATE E GJENDJES FAMILJARE AKTUALE)","Siperfaqe":1219}},
{"type":"Feature","geometry":{"type":"Polygon","coordinates":[[[20.118023455503543,40.40505653423781],[20.118058626269452,40.405026509806014],[20.118212072110726,40.40505742222994],[20.118448387543395,40.405117293345306],[20.11844426662043,40.40526025127383],[20.11840064795128,40.405367343672104],[20.11832436720464,40.405396582972024],[20.11803186388199,40.405304475837674],[20.118023455503543,40.40505653423781]]]},"properties":{"Zk_Numer":3067,"Zk_Emer":"PSAR","Nr_Pas":"121/2","Vol":1,"Faqe":144,"Pronaret":"TEKI SALIAJ AHMET, AHMET SALIAJ TEKI, FLAMURE SALIAJ XHEVAIR, ERIDON SALIAJ AHMET","Kufizimet":"PASURIA KUFIZOHET PER DIF.FAKT-DOK BRENDA 20% TE TOTALIT TE AMTP","Siperfaqe":1123}},
{"type":"Feature","geometry":{"type":"Polygon","coordinates":[[[20.118448387543395,40.405117293345306],[20.118212072110726,40.40505742222994],[20.118058626269452,40.405026509806014],[20.11806907210461,40.404984154978926],[20.11812236070196,40.40486637982124],[20.118137225571378,40.40477096869379],[20.11838600698311,40.40485462809648],[20.118506607618677,40.404898145521464],[20.118497380886247,40.40490329715445],[20.118479355660515,40.40491596844273],[20.11846421906672,40.404963641395845],[20.118461713706928,40.405019595530945],[20.118448387543395,40.405117293345306]]]},"properties":{"Zk_Numer":3067,"Zk_Emer":"PSAR","Nr_Pas":"121/3","Vol":1,"Faqe":145,"Pronaret":"ALI SALIAJ PETREF, BARDHUL SALIAJ PETREF, OLIMBI SALIAJ TOMOR, PETREF SALIAJ ALI, SADUSHE SALIAJ RIZA, ALTIN SALIAJ PETREF, AGIM SALIAJ PETREF, REDI SALIAJ ALI, LILJANA SALIAJ PETREF","Kufizimet":"KUFIZOHET DERI NE PLOTESIMIN E DOKUMENTACIONIT \r\nTEKNIKO LIGJOR (CERTIFIKATE E GJENDJES FAMILJARE AKTUALE)","Siperfaqe":873}},
{"type":"Feature","geometry":{"type":"Polygon","coordinates":[[[20.118506607618677,40.404898145521464],[20.11838600698311,40.40485462809648],[20.118137225571378,40.40477096869379],[20.118126628910098,40.40469330652772],[20.11808035160696,40.40450878475056],[20.118713907740677,40.40471149068296],[20.11869395260669,40.40475210825237],[20.118625219052678,40.404821737764735],[20.118580007135126,40.404862516305535],[20.118506607618677,40.404898145521464]]]},"properties":{"Zk_Numer":3067,"Zk_Emer":"PSAR","Nr_Pas":"121/4","Vol":1,"Faqe":146,"Pronaret":"FERUZE SALIAJ SULO, GENTIAN SALIAJ KASTRIOT, ESMERALDA SALIAJ KASTRIOT, KASTRIOT SALIAJ PETREF","Kufizimet":"KUFIZOHET DERI NE PLOTESIMIN E DOKUMENTACIONIT \r\nTEKNIKO LIGJOR (CERTIFIKATE E GJENDJES FAMILJARE AKTUALE)","Siperfaqe":1209}},
{"type":"Feature","geometry":{"type":"Polygon","coordinates":[[[20.118713907740677,40.40471149068296],[20.11808035160696,40.40450878475056],[20.118068034568925,40.40448473445919],[20.117992611164347,40.404386677809114],[20.118063726106474,40.40432469196059],[20.11818410344043,40.40429507576169],[20.118356017339288,40.40429810590375],[20.118447406692987,40.404283801542206],[20.118499561193413,40.40429252853099],[20.11852274054243,40.40432377209554],[20.118647147706763,40.40442231848293],[20.118786011450286,40.40449511198071],[20.118812293493416,40.40456229350675],[20.118754062520765,40.40462866129699],[20.118713907740677,40.40471149068296]]]},"properties":{"Zk_Numer":3067,"Zk_Emer":"PSAR","Nr_Pas":"121/5","Vol":1,"Faqe":147,"Pronaret":"SOKOL SALIAJ HYSNI, ILIR SALIAJ HYSNI, HYSNI SALIAJ MYSLIM","Kufizimet":"","Siperfaqe":1892}},
{"type":"Feature","geometry":{"type":"Polygon","coordinates":[[[20.118126628910098,40.40469330652772],[20.117946711247416,40.404715004483776],[20.117657657023212,40.40472094545765],[20.117092604942584,40.40472052638722],[20.11709287244153,40.40451043629262],[20.1172825607849,40.404042778157965],[20.117428658101847,40.404173688059544],[20.117649691315233,40.40430362217843],[20.11783153545831,40.40441051835331],[20.117917628166175,40.404421466019755],[20.117983652967727,40.4044153887868],[20.117992611164347,40.404386677809114],[20.118068034568925,40.40448473445919],[20.11808035160696,40.40450878475056],[20.118126628910098,40.40469330652772]]]},"properties":{"Zk_Numer":3067,"Zk_Emer":"PSAR","Nr_Pas":"121/6","Vol":1,"Faqe":148,"Pronaret":"ZYBE SALIAJ XHAFER, NOVRUS SALIAJ VELI, XHEKO SALIAJ SADIK, FATMIR SALIAJ NOVRUS, SHEZË SALIAJ NOVRUS, HEROINE SALIAJ NOVRUS, MAJLINDA SALIAJ NOVRUS, LAVDËRIM SALIAJ NOVRUS","Kufizimet":"KUFIZOHET DERI NE PLOTESIMIN E DOKUMENTACIONIT \r\nTEKNIKO LIGJOR (CERTIFIKATE E GJENDJES FAMILJARE AKTUALE)","Siperfaqe":3973}},
{"type":"Feature","geometry":{"type":"Polygon","coordinates":[[[20.117946711247416,40.404715004483776],[20.118126628910098,40.40469330652772],[20.118137225571378,40.40477096869379],[20.11812236070196,40.40486637982124],[20.11806907210461,40.404984154978926],[20.118058626269452,40.405026509806014],[20.118023455503543,40.40505653423781],[20.117970089656925,40.40508301102033],[20.117841463031173,40.40514551471341],[20.117767128946877,40.40512521986058],[20.117871724043006,40.40497511661362],[20.117946711247416,40.404715004483776]]]},"properties":{"Zk_Numer":3067,"Zk_Emer":"PSAR","Nr_Pas":"121/7","Vol":1,"Faqe":149,"Pronaret":"THËLLEZ SALIAJ SHABAN, FAIK SALIAJ MYSLIM","Kufizimet":"KUFIZOHET DERI NE PLOTESIMIN E DOKUMENTACIONIT \r\nTEKNIKO LIGJOR (CERTIFIKATE E GJENDJES FAMILJARE AKTUALE)","Siperfaqe":808}},
{"type":"Feature","geometry":{"type":"Polygon","coordinates":[[[20.117767128946877,40.40512521986058],[20.117648646988396,40.40524074302725],[20.117511406935815,40.40527087485179],[20.117657885637538,40.40495373005291],[20.1176796013535,40.40488871479866],[20.11766547750702,40.404740308468604],[20.117657657023212,40.40472094545765],[20.117946711247416,40.404715004483776],[20.117871724043006,40.40497511661362],[20.117767128946877,40.40512521986058]]]},"properties":{"Zk_Numer":3067,"Zk_Emer":"PSAR","Nr_Pas":"121/8","Vol":1,"Faqe":150,"Pronaret":"ANDRIAN SALIAJ YLLI, DRITAN SALIAJ YLLI, PRANVERA SALIAJ YLLI, ALKETE SALIAJ YLLI, YLLI SALIAJ SHEME, DAFINA SALIAJ YLLI, ROLAND SALIAJ YLLI, HENË SALIAJ IBRAHIM","Kufizimet":"KUFIZOHET DERI NE PLOTESIMIN E DOKUMENTACIONIT \r\nTEKNIKO LIGJOR (CERTIFIKATE E GJENDJES FAMILJARE AKTUALE)","Siperfaqe":1060}},
{"type":"Feature","geometry":{"type":"Polygon","coordinates":[[[20.117657885637538,40.40495373005291],[20.11742813676729,40.40496211363911],[20.11718182331613,40.404975030441896],[20.117092604942584,40.40472052638722],[20.117657657023212,40.40472094545765],[20.11766547750702,40.404740308468604],[20.1176796013535,40.40488871479866],[20.117657885637538,40.40495373005291]]]},"properties":{"Zk_Numer":3067,"Zk_Emer":"PSAR","Nr_Pas":"121/9","Vol":1,"Faqe":151,"Pronaret":"HASIME SALIAJ HALIM, XHEVDET SALIAJ XHELO","Kufizimet":"KUFIZOHET DERI NE PLOTESIMIN E DOKUMENTACIONIT \r\nTEKNIKO LIGJOR (CERTIFIKATE E GJENDJES FAMILJARE AKTUALE)","Siperfaqe":1224}},
{"type":"Feature","geometry":{"type":"Polygon","coordinates":[[[20.11718182331613,40.404975030441896],[20.11742813676729,40.40496211363911],[20.117657885637538,40.40495373005291],[20.117511406935815,40.40527087485179],[20.117351963132883,40.40523904901924],[20.117160216540316,40.40521424064371],[20.11718182331613,40.404975030441896]]]},"properties":{"Zk_Numer":3067,"Zk_Emer":"PSAR","Nr_Pas":"121/10","Vol":1,"Faqe":152,"Pronaret":"FATJON SALIAJ NIJAZI, RENATA SALIAJ NIJAZI, ELSA SALIAJ NIJAZI, LIRI SALIAJ ILJAS, NIJAZI SALIAJ XHELO","Kufizimet":"","Siperfaqe":1093}},
{"type":"Feature","geometry":{"type":"Polygon","coordinates":[[[20.1011514290707,40.40357085205234],[20.101315873509158,40.40349058505623],[20.101530177090837,40.40339892509187],[20.10160377509412,40.40337324894046],[20.101687548698706,40.40336058716077],[20.101754713484674,40.40337039261876],[20.10182846709299,40.403402549667845],[20.101869860665115,40.403427033176385],[20.101893253316224,40.40345318305682],[20.10193858137293,40.40350572037217],[20.10198748491346,40.40349285530317],[20.101890854494567,40.40339493353651],[20.101817150408422,40.4033546297563],[20.101746202044904,40.40333014210988],[20.101819887792235,40.403254504380065],[20.102263124992515,40.40342746383968],[20.10242447361329,40.40314761095354],[20.101999736531994,40.40300755260174],[20.101968681047136,40.4028605030812],[20.101910901531486,40.402846572666014],[20.10186995027606,40.40273347316594],[20.101937186542962,40.40270279367474],[20.1026077911931,40.40242405441783],[20.103032968493988,40.40217017952236],[20.10354479449038,40.40208400627103],[20.103749321227976,40.40213999152915],[20.103920089099642,40.402153890678385],[20.104090811185586,40.40213095417056],[20.104200813388516,40.401904764745495],[20.10406232464754,40.40180053191475],[20.104012549481943,40.40167792613346],[20.1040176467532,40.401531414044975],[20.104042172378616,40.401432008275236],[20.104019627194916,40.40142621372076],[20.10399119247916,40.40141890543334],[20.10399934111769,40.40132515011851],[20.10406781454168,40.40137744689879],[20.104085243946788,40.40151216354578],[20.104145480151274,40.40156987103464],[20.10430492871644,40.40162709192772],[20.104424483513935,40.40150843618297],[20.10459868679026,40.40137549189733],[20.10466516846879,40.401393839192174],[20.104476624400537,40.40154888364891],[20.10436791058234,40.40164969397912],[20.10447298424748,40.40170955817637],[20.104523773805386,40.40173694324216],[20.10465424590203,40.40178982300704],[20.104734953461772,40.401800965545895],[20.104846611880774,40.40170017840894],[20.104910637977838,40.40162630168168],[20.1049219516367,40.40158406429949],[20.10499197731959,40.40157335615478],[20.104909788978812,40.40173957450783],[20.10483925429859,40.40181536529919],[20.104914175190235,40.40182570880106],[20.104961541448446,40.40186348020145],[20.105087143556748,40.40189765932947],[20.105223536855235,40.40187180638165],[20.105338703224433,40.40183105938924],[20.105415731470302,40.40183877900955],[20.105508198409854,40.40184353967128],[20.105526588290658,40.40180687022224],[20.105482234214016,40.4017368833829],[20.105497330624644,40.4016482515228],[20.10575208045134,40.40168280206772],[20.106130410430342,40.40192451105103],[20.1063885759402,40.40158741449797],[20.106045824492096,40.401468283456026],[20.105814593371985,40.40124145919736],[20.105576426573606,40.40123706658548],[20.10549153173129,40.401634881836614],[20.10541317594244,40.40162020715907],[20.105437087305695,40.4015739327517],[20.105426818607587,40.40144008332265],[20.10538169733852,40.40140667776563],[20.1053019363788,40.401413873834656],[20.10523654323296,40.40141887742543],[20.105216785711377,40.401522909738915],[20.105201811365955,40.40161223160006],[20.105132847461768,40.401598719628936],[20.105129980106128,40.40135207203231],[20.10510437561887,40.40133602031199],[20.10477758657038,40.401368493789704],[20.10470324140585,40.40133583488997],[20.104631009097837,40.40123742436113],[20.10443501373845,40.40119601381943],[20.10447597469633,40.40116480985951],[20.104517948434157,40.40112268942033],[20.104483311294562,40.401074741074],[20.104446126593988,40.40104205345113],[20.10449819644809,40.400884167189254],[20.104562611792545,40.400738950510956],[20.104570128842486,40.400649979935324],[20.104471196706605,40.40063384078628],[20.10455906298865,40.40057849896753],[20.1046239637578,40.400487456524104],[20.104703302820806,40.40046548115379],[20.104816827934204,40.400451056781776],[20.104909371992225,40.40041390538102],[20.105027334011666,40.400417168117585],[20.10514973457924,40.400438960358464],[20.105314390191232,40.400443029744714],[20.105487428933415,40.40041844119134],[20.105709152097443,40.400303541030254],[20.105862340591678,40.40027475784369],[20.106220383887578,40.40012182909292],[20.106310869897932,40.400113455735614],[20.10638866123889,40.400111875918775],[20.10652383811077,40.40009312198409],[20.10660342442473,40.40008208039715],[20.106667445280028,40.40007944098194],[20.10674794570876,40.400091234948185],[20.106828666774927,40.40011690301372],[20.1069080390406,40.40013071698571],[20.106970990381775,40.40013235231725],[20.10702506466453,40.40012722163008],[20.107072482242575,40.40011735492487],[20.10712988794803,40.40011425920025],[20.10724827051416,40.4001276980803],[20.107369329034935,40.40015129587203],[20.107501251070666,40.40018107446092],[20.107599715548393,40.400213499691525],[20.10766793238705,40.40023596403727],[20.107729300928906,40.400263568644704],[20.107802063250574,40.400301775715725],[20.107875508184716,40.40032895533051],[20.107950430556546,40.400331595090215],[20.10804759498326,40.400335018437495],[20.10811448795138,40.40035413582044],[20.10815909121658,40.40041144439644],[20.10818806455968,40.40047899641263],[20.108198173720194,40.400524390933974],[20.108242536080144,40.400561887175805],[20.108315556733267,40.4005873838767],[20.108400238845892,40.40061325312775],[20.108518748842883,40.40064490866885],[20.108643353447167,40.400687242180915],[20.108809469467616,40.40075786128524],[20.1090591474635,40.40084474851795],[20.109271326436645,40.40090795592859],[20.109449431683014,40.400953852908195],[20.10963158276046,40.40098036327301],[20.109815810082107,40.40099802115431],[20.109928647798185,40.40103530821227],[20.109992551481476,40.401053589558245],[20.110065261331968,40.4010581671868],[20.110134601316613,40.401054755038075],[20.110190387585234,40.40105244372578],[20.110235611962747,40.40106385041943],[20.110257377450914,40.40107504590933],[20.110290588171758,40.40110395059061],[20.110386767768237,40.40118140070465],[20.11044572848547,40.40123790940265],[20.110493098218274,40.40129715503765],[20.1105065754239,40.4013269367481],[20.110503076268937,40.40136885280344],[20.110451420057785,40.401415925994925],[20.110435199402257,40.40142560486493],[20.11013368651651,40.401146873471475],[20.10977153319937,40.401279981383986],[20.109284301118077,40.40188534837973],[20.109244009312228,40.40203420769221],[20.10951946515502,40.40236352736975],[20.10963728638246,40.40236355162444],[20.109428959103308,40.40238634249085],[20.108981418056704,40.402495479970185],[20.10905714410558,40.402282722962596],[20.108912098470995,40.40202835791082],[20.108658018548695,40.402055221979126],[20.10866497340125,40.40226929333115],[20.1088022594107,40.402267064727205],[20.10874880362983,40.402447296590175],[20.10860481591589,40.402393112412476],[20.108544382019033,40.40254685348597],[20.108704147328325,40.402585587610375],[20.108378466157607,40.4027196105471],[20.10812946774477,40.40289211065092],[20.10830160183535,40.40224235715461],[20.10786489853505,40.40215051650236],[20.107888459136248,40.402054340718685],[20.1073778039472,40.401978618185794],[20.106981050507592,40.40187283414494],[20.106920140917737,40.40207479343068],[20.106847721438562,40.402284307031984],[20.10674880930356,40.40232436181116],[20.10684394729205,40.40203737030027],[20.10681311764025,40.40179950867244],[20.10665387182616,40.40166648888401],[20.106592396945242,40.40184298658279],[20.10659103752948,40.40170087633961],[20.10647484379407,40.401663195477276],[20.106237104975605,40.40190738582215],[20.106279613821982,40.40215040994973],[20.106215600526127,40.40244336347315],[20.105820227511366,40.40245613020533],[20.10562553778994,40.402612314039885],[20.105581368332476,40.40294340104545],[20.105926632923776,40.40298408865648],[20.105910867367477,40.4031959537422],[20.106115980502558,40.40322658100897],[20.106233027354858,40.40323441644441],[20.10638420966822,40.40324777679558],[20.106431911488965,40.40325810731183],[20.106507371333112,40.40321134396438],[20.10665870296442,40.403150959200545],[20.106715635548564,40.40312824172487],[20.107140060447936,40.403096175133534],[20.107683544514554,40.40313817338412],[20.10748152697069,40.4032407168224],[20.107359742773287,40.403322110623705],[20.107134213362993,40.40317928177711],[20.10674715509012,40.403240549403485],[20.10614392589685,40.403417307781545],[20.105764313376227,40.40395122632957],[20.105647216141,40.4039819528883],[20.10563523903203,40.40398951710008],[20.105811888324688,40.403306172291636],[20.10527079456601,40.40315246730873],[20.105419895558562,40.40297735302613],[20.10511518518118,40.40293997120857],[20.104994960359278,40.40347348920237],[20.104869742820004,40.40346845882861],[20.1050041649648,40.40294362655988],[20.104591849569356,40.40292260674431],[20.10444802450333,40.403114024331686],[20.10447683883474,40.40290724330227],[20.104146641666873,40.40288990780874],[20.10370411926943,40.40299605079842],[20.10317858486223,40.403344913827944],[20.102866361930804,40.40349177056978],[20.102482069424546,40.40335233230133],[20.102337766435696,40.403621774997774],[20.102191192050274,40.40396867322637],[20.10201674540061,40.404361215709],[20.102917644357564,40.40425117112425],[20.103241062026072,40.404368252172034],[20.10373162337502,40.40445243304514],[20.103646871185678,40.4044800796989],[20.103494292284683,40.40450090563636],[20.10324529938519,40.40449740764928],[20.102669908455137,40.40443005002306],[20.10231055867233,40.404398407319974],[20.10188352634656,40.404401880784725],[20.101539973867737,40.404364928199136],[20.101165884132083,40.404373448172855],[20.100786034374593,40.40443592701959],[20.100579222906276,40.40450343409301],[20.100340257102435,40.40464220179963],[20.100251711794293,40.40473208820146],[20.100247562992628,40.40480833093947],[20.10029374150661,40.40484010085681],[20.100049078351805,40.404758211386515],[20.100015175153572,40.40471402854576],[20.09998375661625,40.40465753675983],[20.099942752157315,40.404627355913696],[20.099916020502604,40.404563912471495],[20.09991295993936,40.404447909176426],[20.0998591459674,40.40434205595724],[20.099837289658495,40.40425928902236],[20.099824734518666,40.404203752490425],[20.09983273929137,40.40412061017082],[20.09984727718819,40.40408437300841],[20.099875073406867,40.40422579042465],[20.09995250609917,40.404433592892424],[20.099966829942474,40.40460905087158],[20.10034571426418,40.40449919264617],[20.100417621958627,40.40429899375306],[20.100392867054524,40.40403794075584],[20.101038768519572,40.404136507753705],[20.101551287482028,40.40386755354868],[20.10133365225104,40.40377302380293],[20.1011514290707,40.40357085205234]],[[20.108419096247985,40.40223731298744],[20.108618989361478,40.401935017709974],[20.10838934727807,40.401922817792055],[20.108419096247985,40.40223731298744]],[[20.10825320921595,40.40216705297794],[20.108387698784842,40.40228032083812],[20.108364533774314,40.40201879180133],[20.10825320921595,40.40216705297794]],[[20.105445150249032,40.402133723575915],[20.105503653564515,40.40252274207934],[20.105739842084244,40.40219981790482],[20.105445150249032,40.402133723575915]],[[20.103656807456197,40.40265948249816],[20.10360474817634,40.402917712509584],[20.10386230166679,40.402828869069786],[20.103922814915066,40.40276041455899],[20.10392996904326,40.40236367527115],[20.103651485169017,40.40249299167131],[20.103656807456197,40.40265948249816]],[[20.10251259932636,40.402894066255726],[20.102880748708433,40.40301312024136],[20.10323069563362,40.4030483265902],[20.103558285766248,40.40281716471685],[20.103604528980775,40.40256728283765],[20.10349271110192,40.40243841415085],[20.103040674691787,40.402278878676825],[20.102823828051505,40.40259298868517],[20.10251259932636,40.402894066255726]],[[20.106195289743276,40.4012636955316],[20.106607588014786,40.40116559389852],[20.10641603209953,40.40083322141388],[20.106084869296893,40.400923463599206],[20.106195289743276,40.4012636955316]],[[20.10668705412856,40.4014666285743],[20.106566397320403,40.4012443112576],[20.10644825551031,40.401227183415095],[20.10636232182015,40.40131639062097],[20.106252177073266,40.40137338007036],[20.106214841886143,40.40140747343716],[20.106363297641312,40.401472366197446],[20.10643745950842,40.40149274960564],[20.106549384522754,40.401533838002784],[20.106633560991316,40.401495576791035],[20.10668705412856,40.4014666285743]],[[20.107078622654896,40.40078977655386],[20.107148127651033,40.40081156383647],[20.10731404848364,40.40049381888471],[20.107666410226656,40.40030626500143],[20.10758454296006,40.400263477825575],[20.107305892376047,40.40026183452439],[20.10679131712919,40.400239095857735],[20.106474614214605,40.40014881141781],[20.10620789682789,40.400181478844175],[20.106099567205565,40.40057825599684],[20.106615736713593,40.40074451664534],[20.106534953351993,40.40094298005173],[20.1067200055395,40.401254747261284],[20.106946183366237,40.401032040933586],[20.107078622654896,40.40078977655386]],[[20.10746899666244,40.40077380489009],[20.107488538300462,40.4007314394486],[20.107810154941284,40.4004338300342],[20.10782857537308,40.40037854031577],[20.107698666751325,40.400328946238425],[20.107460309408697,40.40047024147757],[20.10729072786117,40.40063206706528],[20.107262974144763,40.40067606999294],[20.107026454446572,40.40105106434511],[20.106711879074503,40.40131073335973],[20.106874497455014,40.40148405194772],[20.10722687894525,40.401298701126905],[20.10746899666244,40.40077380489009]],[[20.108322678116807,40.400626708596924],[20.107893497889485,40.40042143519902],[20.107480049728157,40.40084471386561],[20.107220609400365,40.40145843751693],[20.107056772841045,40.401750350989744],[20.107220344531225,40.401801232222006],[20.10744480980332,40.40163581956451],[20.10767710509205,40.40151612827396],[20.10797981900416,40.40127126263221],[20.108171754651526,40.40116346654202],[20.1084263652908,40.401538255918545],[20.1085477257576,40.401862172885146],[20.10913747212357,40.40184855768061],[20.109702836166267,40.401072397540766],[20.10923662694462,40.40096815036126],[20.108322678116807,40.400626708596924]]]},"properties":{"Zk_Numer":3067,"Zk_Emer":"PSAR","Nr_Pas":"4","Vol":1,"Faqe":5,"Pronaret":"SHTET","Kufizimet":"","Siperfaqe":93022}},
{"type":"Feature","geometry":{"type":"Polygon","coordinates":[[[20.090214653462752,40.3947444368143],[20.08978838063893,40.39571315268704],[20.08896707959257,40.39738775284957],[20.08875699439047,40.39817836745356],[20.08802762150279,40.399313437494186],[20.087786870446642,40.3997261610991],[20.08762277051759,40.40000225704243],[20.087432719291236,40.400321994792286],[20.087349875012258,40.40058111724846],[20.08723314394711,40.400831308988806],[20.087140254245057,40.40099511173387],[20.086968249411047,40.401140954401896],[20.086728833895116,40.401242975777095],[20.0866555435446,40.40128998090031],[20.086627835897886,40.40133461748614],[20.086645157303042,40.401389965917566],[20.085412915733137,40.40206368296001],[20.085171485634692,40.402231432936226],[20.084923833064632,40.40255152106099],[20.08471026296585,40.402429384398744],[20.08430947484151,40.40221821501858],[20.083734109104515,40.40186606043945],[20.08339051824002,40.40162002231795],[20.08284689470538,40.401334781312066],[20.081956066274234,40.40061882169816],[20.08168868103704,40.40022072548956],[20.081302511975284,40.399813580044665],[20.08084258669331,40.39953204744887],[20.08043130937437,40.39926805509015],[20.08030078339321,40.399179989475904],[20.08020571378542,40.3991030752144],[20.08013194841109,40.39902905898942],[20.080026813399975,40.39890244520143],[20.08000605295585,40.398858757309135],[20.079990145118117,40.398719921827386],[20.08000718629305,40.398243396976234],[20.079991714686667,40.39808031363061],[20.079810316082085,40.39779004245104],[20.079613401478294,40.39757538219037],[20.079340164019847,40.397355413076724],[20.07882640970023,40.397105997991694],[20.07856433261033,40.39698957807156],[20.07827297579417,40.396930089901566],[20.078144720911496,40.396929067349575],[20.078005512306625,40.39694701255941],[20.077781941020483,40.39683752584403],[20.07787915995599,40.39656656576218],[20.07780825351499,40.39627996424828],[20.077774544967347,40.39600795984343],[20.077722341540564,40.395721507436306],[20.077669736365568,40.3954636616932],[20.0777480684481,40.39520685143497],[20.078124482201385,40.395038229948334],[20.07812545749834,40.39496672646345],[20.078240020570572,40.39479601643969],[20.0780929302404,40.394608928795925],[20.07790920615343,40.39436432898149],[20.0777625079982,40.39414863412568],[20.07778550228576,40.39383417154167],[20.07795655873853,40.393635311450225],[20.07837018265515,40.39348129528997],[20.078483767788114,40.39338207945402],[20.078505978385003,40.39312483026359],[20.078414799809718,40.39295248004323],[20.07815490893756,40.392807385624295],[20.077856044192316,40.39277640144757],[20.077763513725994,40.392704152129525],[20.07776741597609,40.39241814710213],[20.077829177096373,40.39200389042257],[20.077945686377863,40.39169018252009],[20.078098621130582,40.39144826722454],[20.07827026721151,40.39120650988758],[20.078590933182117,40.391008832332425],[20.078873416294858,40.39086806954445],[20.078957863579433,40.39097507720654],[20.07904492016169,40.3911127507218],[20.07910705668885,40.39114833940672],[20.079189985836646,40.3911904694264],[20.07929801851158,40.39122961140608],[20.07943951236248,40.39126263492721],[20.07960220150365,40.3912735027942],[20.079869457952665,40.391269245205386],[20.080128419994644,40.391261742128016],[20.080324495278777,40.391272865587474],[20.080524273795575,40.3913191209353],[20.08093135740327,40.39147227827578],[20.081357879986033,40.39173086992844],[20.08231783002904,40.39208148802244],[20.08321765045379,40.3923306626533],[20.08329830423393,40.39234807007276],[20.083734220773106,40.39244213706517],[20.08515862728663,40.392830379501824],[20.086642337667772,40.39376444455895],[20.08815968001562,40.394285591406266],[20.088526413291476,40.39441154090601],[20.089013065001698,40.394469948660806],[20.089499705934614,40.394528345278694],[20.090214653462752,40.3947444368143]]]},"properties":{"Zk_Numer":3067,"Zk_Emer":"PSAR","Nr_Pas":"2","Vol":1,"Faqe":4,"Pronaret":"BASHKIA KËLCYRË","Kufizimet":"","Siperfaqe":806968}},
{"type":"Feature","geometry":{"type":"Polygon","coordinates":[[[20.086645157303042,40.401389965917566],[20.086627835897886,40.40133461748614],[20.0866555435446,40.40128998090031],[20.086728833895116,40.401242975777095],[20.086968249411047,40.401140954401896],[20.087140254245057,40.40099511173387],[20.08723314394711,40.400831308988806],[20.087349875012258,40.40058111724846],[20.087432719291236,40.400321994792286],[20.08762277051759,40.40000225704243],[20.087786870446642,40.3997261610991],[20.08802762150279,40.399313437494186],[20.08875699439047,40.39817836745356],[20.08896707959257,40.39738775284957],[20.08978838063893,40.39571315268704],[20.090214653462752,40.3947444368143],[20.091088738642966,40.39511226309601],[20.09197886212958,40.395352207018156],[20.09266459960954,40.39553705767768],[20.094965707424162,40.3959332899404],[20.09591229329699,40.39637345577923],[20.09672197530175,40.39637137339862],[20.09782918391975,40.39682004564055],[20.098422259412335,40.39700366182306],[20.0988518982711,40.396967279830314],[20.099019411659686,40.39690911416786],[20.09913433376085,40.39682706160342],[20.09931499454944,40.39664581407093],[20.099474709431114,40.39658145436117],[20.099582953742704,40.396513415653175],[20.099605934521605,40.39647356593878],[20.099729321871653,40.39641642439822],[20.0998733696616,40.39629640627561],[20.099988227263953,40.39614739772487],[20.100213888754865,40.39595203648922],[20.100374237178013,40.395817772078644],[20.100466603830828,40.39574252178801],[20.10027065506959,40.39555166904097],[20.100110674113083,40.39542660068414],[20.100084251784768,40.39539148136346],[20.1002721188729,40.39517804927886],[20.100454529119574,40.39497452531272],[20.10057610253804,40.3948879212979],[20.10069768754208,40.394801308237845],[20.10096548281864,40.39461052370413],[20.10124978770772,40.39436230479324],[20.10153917912585,40.393981142944114],[20.10171119202485,40.393924881397105],[20.10202514169279,40.39366475166178],[20.102605614256518,40.39411864268648],[20.10348101252441,40.39480311223195],[20.10374136855175,40.39497822226273],[20.103849816840118,40.39506927830699],[20.103907317495167,40.395185721659104],[20.103939008496074,40.39534063384925],[20.103919179018572,40.39585993469491],[20.103962377791824,40.39602196020897],[20.10396563216159,40.39615673219265],[20.103858134603684,40.39644508720993],[20.103767611008582,40.39675194456136],[20.103687902894357,40.39697416353386],[20.103668083156425,40.39707957034894],[20.103667212194665,40.39714523946084],[20.10366276955289,40.39724841509249],[20.103547710471993,40.397247027729804],[20.10335669373606,40.39724364637238],[20.102918722239366,40.397267147861406],[20.102636467802583,40.39730724650293],[20.102232013708825,40.39745784557377],[20.101987142124095,40.39771346022638],[20.101864037528053,40.39817116330167],[20.10191995432578,40.398505992448776],[20.10198257474515,40.39875654775028],[20.101990919233252,40.3989848615468],[20.10189230725849,40.3992072115057],[20.101682298749765,40.39947486618645],[20.101392263105975,40.39970341874421],[20.101292703100455,40.399787799225855],[20.10125844644585,40.39979334136897],[20.10124115202923,40.39980771450546],[20.10124267888139,40.39982930313072],[20.10123264483085,40.399872567752254],[20.101218899563353,40.39991146295596],[20.101199523156392,40.399945982820306],[20.101176396959637,40.39997903267759],[20.101143928411478,40.40000333777114],[20.10109827906865,40.400023208815576],[20.101047002968482,40.40004014538289],[20.101003276494403,40.40005714063178],[20.100985853922896,40.4000873350857],[20.100989250221097,40.40011625957761],[20.101000246534415,40.40014234345164],[20.101025494700142,40.40018886315646],[20.10105837104798,40.40025167876482],[20.101086588775818,40.400303426621626],[20.10108605035668,40.40034390136246],[20.101051840559247,40.40038043112359],[20.10099360538904,40.40041309988687],[20.100920759904913,40.40045669552997],[20.1008480239934,40.40049293463012],[20.10080413057371,40.40053307218213],[20.10078904233979,40.40058080011102],[20.100802857480335,40.40062874383263],[20.100830879381963,40.40069520492217],[20.10086814399465,40.40079118528882],[20.100914982514272,40.40089091426617],[20.10095726058393,40.40097220088221],[20.100989904147376,40.40105342157045],[20.101041009372754,40.40118131629607],[20.10107632027135,40.40121611725374],[20.101124715355247,40.40125820617449],[20.101177128156007,40.40128163126229],[20.10124277822559,40.40130083667595],[20.101291479457704,40.40131991931003],[20.10135712959799,40.401339124659394],[20.101403812512167,40.40136825950781],[20.101416590654654,40.40139856267197],[20.101416131562193,40.40143308550646],[20.101406319184612,40.4014632130899],[20.10138140418803,40.401496104990095],[20.101359646250398,40.40153252449373],[20.101316154679385,40.40159733093029],[20.101270202516133,40.401673545974454],[20.101230595148824,40.401706683840864],[20.101194463308886,40.40172737634333],[20.101104307991502,40.4017775104601],[20.100978255844062,40.401852787395605],[20.10095738706872,40.40186927595465],[20.100915614502565,40.401904882342556],[20.10088650301182,40.40193708410945],[20.100871149025746,40.40195873056222],[20.100856208083986,40.402029891476694],[20.100831322457847,40.40214728940719],[20.100792491440078,40.40226102176633],[20.10072082105096,40.40238875410075],[20.10065466829653,40.40245238441699],[20.100598033606136,40.40250183331859],[20.10046581056039,40.40262197120189],[20.100408890989208,40.40269279641977],[20.10036087274442,40.40279576782027],[20.100281642430154,40.403140820424966],[20.100275981775468,40.40321561056845],[20.10023215274917,40.40335424854972],[20.10018946248665,40.403407362863845],[20.100123355592242,40.40346743611701],[20.10007122981408,40.40352760915565],[20.099966954036468,40.403651521077],[20.09982377274711,40.40394758180707],[20.099770939872883,40.404078458945925],[20.099673686250497,40.40428260860376],[20.09964071069116,40.404342111083],[20.09956768186242,40.404473326127906],[20.0994750141372,40.404647073350716],[20.099418861147065,40.404692878247346],[20.099237741684142,40.4047902735663],[20.099119156341114,40.404827991386426],[20.098999508003903,40.40495159349669],[20.09866743126538,40.40498769187488],[20.09841901184942,40.405067343035846],[20.098320872981354,40.40526414527027],[20.09829437467695,40.405564617036845],[20.098376555556555,40.4057241747461],[20.09843642301915,40.40587065377667],[20.098368811168662,40.40623297759082],[20.098251337272316,40.40666908919251],[20.09821675577186,40.40679576734176],[20.098178799315097,40.4068584454156],[20.098100066675972,40.406879092776634],[20.097997986661795,40.406833467944864],[20.097483128281876,40.406476270513465],[20.09629415803172,40.40550664717611],[20.095577307075757,40.40516146015975],[20.094426698792287,40.40477603121328],[20.09391773190003,40.4046479141836],[20.093340558919984,40.404412871271646],[20.092672205891947,40.40405298068717],[20.090680139178687,40.40287586037255],[20.089428072674217,40.40236084370623],[20.088015740109483,40.40191493493802],[20.087283236824362,40.401636554587306],[20.086838200874627,40.40147776173034],[20.086645157303042,40.401389965917566]]]},"properties":{"Zk_Numer":3067,"Zk_Emer":"PSAR","Nr_Pas":"3","Vol":1,"Faqe":2,"Pronaret":"BASHKIA KËLCYRË","Kufizimet":"NDALOHEN VEPRIMET MBI PASURINË","Siperfaqe":1099237}},
{"type":"Feature","geometry":{"type":"Polygon","coordinates":[[[20.086645157303042,40.401389965917566],[20.086838200874627,40.40147776173034],[20.087283236824362,40.401636554587306],[20.088015740109483,40.40191493493802],[20.089428072674217,40.40236084370623],[20.090680139178687,40.40287586037255],[20.092672205891947,40.40405298068717],[20.093340558919984,40.404412871271646],[20.09391773190003,40.4046479141836],[20.094426698792287,40.40477603121328],[20.095577307075757,40.40516146015975],[20.09629415803172,40.40550664717611],[20.097483128281876,40.406476270513465],[20.097997986661795,40.406833467944864],[20.098100066675972,40.406879092776634],[20.097799099357157,40.40705665260112],[20.09765546342495,40.40710765434984],[20.097529046325374,40.40708927833502],[20.097481989267244,40.40706505592246],[20.097305929484666,40.40697441172087],[20.09693328385227,40.40677507763181],[20.096483330268157,40.40658690813632],[20.09613068904209,40.406430944287344],[20.09576296722177,40.406347417210654],[20.095558736664277,40.40626268262937],[20.09526461883606,40.40613871956992],[20.09500974462328,40.40605852259878],[20.09436911397246,40.405848518135016],[20.09401209278927,40.40575013851109],[20.093722398921827,40.40572179758678],[20.093250849847735,40.4056350711792],[20.092814673230997,40.40550129750419],[20.09160129510871,40.40522745505331],[20.090772612654497,40.40504214940051],[20.089978851011576,40.40487955393058],[20.08941785850648,40.40468772726519],[20.088773697087927,40.40436969033573],[20.088451717362936,40.40421514245901],[20.087523149844095,40.40388602159858],[20.08673644107204,40.40359278347583],[20.086289844311022,40.40336737290502],[20.085685805504458,40.40301906283193],[20.085195416904007,40.40270683268654],[20.084923833064632,40.40255152106099],[20.085171485634692,40.402231432936226],[20.085412915733137,40.40206368296001],[20.086645157303042,40.401389965917566]]]},"properties":{"Zk_Numer":3067,"Zk_Emer":"PSAR","Nr_Pas":"1","Vol":1,"Faqe":1,"Pronaret":"BASHKIA KËLCYRË","Kufizimet":"","Siperfaqe":186257}},
{"type":"Feature","geometry":{"type":"Polygon","coordinates":[[[20.123845893802812,40.401819254405204],[20.12483361954374,40.401901892166386],[20.12471478971429,40.40217675509183],[20.12445903608285,40.40253345380986],[20.123698422643823,40.40232037511769],[20.123845893802812,40.401819254405204]]]},"properties":{"Zk_Numer":3067,"Zk_Emer":"PSAR","Nr_Pas":"139/35","Vol":1,"Faqe":158,"Pronaret":"DEZDEMONA MALAJ ZINI, SHPRESË MALAJ BEKIM, ZINI MALAJ ELMAS, VULLNET MALAJ ZINI, QEMAL MALAJ ZINI","Kufizimet":"KUFIZOHET DERI NE PLOTESIMIN E DOKUMENTACIONIT \r\nTEKNIKO LIGJOR (CERTIFIKATE E GJENDJES FAMILJARE AKTUALE)","Siperfaqe":5162}},
{"type":"Feature","geometry":{"type":"Polygon","coordinates":[[[20.12483361954374,40.401901892166386],[20.123845893802812,40.401819254405204],[20.123871335164633,40.401588728759194],[20.124612548206144,40.40163564689492],[20.124841801137443,40.401661821000324],[20.12483361954374,40.401901892166386]]]},"properties":{"Zk_Numer":3067,"Zk_Emer":"PSAR","Nr_Pas":"139/36","Vol":1,"Faqe":159,"Pronaret":"ANDRIAN SALIAJ YLLI, DAFINA SALIAJ YLLI, YLLI SALIAJ SHEME, ALKETE SALIAJ YLLI, PRANVERA SALIAJ YLLI, DRITAN SALIAJ YLLI, HENË SALIAJ IBRAHIM, ROLAND SALIAJ YLLI","Kufizimet":"KUFIZOHET DERI NE PLOTESIMIN E DOKUMENTACIONIT \r\nTEKNIKO LIGJOR (CERTIFIKATE E GJENDJES FAMILJARE AKTUALE)","Siperfaqe":2225}},
{"type":"Feature","geometry":{"type":"Polygon","coordinates":[[[20.123871335164633,40.401588728759194],[20.123884721107732,40.401467437327085],[20.12390089367195,40.401198139052205],[20.123935742620947,40.40113504771514],[20.124999845169345,40.40120423914731],[20.124993511108457,40.40125220208422],[20.12498030901963,40.4013836863932],[20.124928016566468,40.40143221062975],[20.124872766827814,40.40146960999221],[20.124855828848197,40.401526946461836],[20.12482245836077,40.401566737135944],[20.124841801137443,40.401661821000324],[20.124612548206144,40.40163564689492],[20.123871335164633,40.401588728759194]]]},"properties":{"Zk_Numer":3067,"Zk_Emer":"PSAR","Nr_Pas":"139/37","Vol":1,"Faqe":160,"Pronaret":"ENGJELLUSHE HAJDINAJ LAME, ADEM HAJDINAJ IBRAHIM, SALIE HAJDINAJ DULE, ADRIATIK HAJDINAJ HETEM, ADRIANA HAJDINAJ HETEM, HETEM HAJDINAJ ADEM","Kufizimet":"KUFIZOHET DERI NE PLOTESIMIN E DOKUMENTACIONIT \r\nTEKNIKO LIGJOR (CERTIFIKATE E GJENDJES FAMILJARE AKTUALE)","Siperfaqe":4434}},
{"type":"Feature","geometry":{"type":"Polygon","coordinates":[[[20.12832533562105,40.404406111842896],[20.127659829370042,40.40430753601318],[20.127287769512595,40.40425242412749],[20.127425384854533,40.404018468348454],[20.128384830589965,40.4041873925695],[20.12832533562105,40.404406111842896]]]},"properties":{"Zk_Numer":3067,"Zk_Emer":"PSAR","Nr_Pas":"135/5","Vol":1,"Faqe":104,"Pronaret":"ZINI MALAJ ELMAS, QEMAL MALAJ ZINI, DEZDEMONA MALAJ ZINI, VULLNET MALAJ ZINI, SHPRESË MALAJ BEKIM","Kufizimet":"KUFIZOHET DERI NE PLOTESIMIN E DOKUMENTACIONIT \r\nTEKNIKO LIGJOR (CERTIFIKATE E GJENDJES FAMILJARE AKTUALE)","Siperfaqe":2280}},
{"type":"Feature","geometry":{"type":"Polygon","coordinates":[[[20.12832533562105,40.404406111842896],[20.128290504743106,40.40461579048838],[20.127603169527493,40.404507329471876],[20.127659829370042,40.40430753601318],[20.12832533562105,40.404406111842896]]]},"properties":{"Zk_Numer":3067,"Zk_Emer":"PSAR","Nr_Pas":"135/6","Vol":1,"Faqe":105,"Pronaret":"HETEM HAJDINAJ ADEM, SALIE HAJDINAJ DULE, ADEM HAJDINAJ IBRAHIM, ADRIANA HAJDINAJ HETEM, ADRIATIK HAJDINAJ HETEM, ENGJELLUSHE HAJDINAJ LAME","Kufizimet":"KUFIZOHET DERI NE PLOTESIMIN E DOKUMENTACIONIT \r\nTEKNIKO LIGJOR (CERTIFIKATE E GJENDJES FAMILJARE AKTUALE)","Siperfaqe":1350}},
{"type":"Feature","geometry":{"type":"Polygon","coordinates":[[[20.12826789919782,40.404751873068],[20.127569747065234,40.40462518290868],[20.127603169527493,40.404507329471876],[20.128290504743106,40.40461579048838],[20.12826789919782,40.404751873068]]]},"properties":{"Zk_Numer":3067,"Zk_Emer":"PSAR","Nr_Pas":"135/7","Vol":1,"Faqe":106,"Pronaret":"QAMILE HAJDINAJ QERIM, ABEDIN HAJDINAJ IBRAHIM, BRAHIM HAJDINAJ ABEDIN, GURI HAJDINAJ ABEDIN","Kufizimet":"KUFIZOHET DERI NE PLOTESIMIN E DOKUMENTACIONIT \r\nTEKNIKO LIGJOR (CERTIFIKATE E GJENDJES FAMILJARE AKTUALE)","Siperfaqe":860}},
{"type":"Feature","geometry":{"type":"Polygon","coordinates":[[[20.12826789919782,40.404751873068],[20.128208679612843,40.40510836501262],[20.127523865114657,40.40478696999053],[20.127569747065234,40.40462518290868],[20.12826789919782,40.404751873068]]]},"properties":{"Zk_Numer":3067,"Zk_Emer":"PSAR","Nr_Pas":"135/8","Vol":1,"Faqe":107,"Pronaret":"BAKI HAJDINAJ ABEDIN, ERVIN HAJDINAJ BAKI, ENERJETA HAJDINAJ BAKI, VALENTINA HAJDINAJ QEMAL","Kufizimet":"KUFIZOHET DERI NE PLOTESIMIN E DOKUMENTACIONIT \r\nTEKNIKO LIGJOR (CERTIFIKATE E GJENDJES FAMILJARE AKTUALE)","Siperfaqe":1800}},
{"type":"Feature","geometry":{"type":"Polygon","coordinates":[[[20.127603169527493,40.404507329471876],[20.127569747065234,40.40462518290868],[20.127523865114657,40.40478696999053],[20.127085304794647,40.40466933836197],[20.127287769512595,40.40425242412749],[20.127659829370042,40.40430753601318],[20.127603169527493,40.404507329471876]]]},"properties":{"Zk_Numer":3067,"Zk_Emer":"PSAR","Nr_Pas":"135/9","Vol":1,"Faqe":108,"Pronaret":"TRENDELINE HAJDINAJ RAMADAN, NAPOLON HAJDINAJ SAFET, VOJSAVA HAJDINAJ NAPOLON, FESTIM HAJDINAJ NAPOLON, DURIM HAJDINAJ NAPOLON","Kufizimet":"KUFIZOHET DERI NE PLOTESIMIN E DOKUMENTACIONIT \r\nTEKNIKO LIGJOR (CERTIFIKATE E GJENDJES FAMILJARE AKTUALE)","Siperfaqe":1850}},
{"type":"Feature","geometry":{"type":"Polygon","coordinates":[[[20.124110416979654,40.4044876611974],[20.12428308142584,40.40471707591188],[20.124358101444955,40.404814822693986],[20.124451522759884,40.40491908766112],[20.124459642997767,40.40493130727692],[20.124534533266274,40.40504400451533],[20.124299910130297,40.405194496783146],[20.12421622346888,40.40511831574061],[20.12416088472908,40.405069793019614],[20.123924276924033,40.40485113587035],[20.124075053830683,40.404661657619194],[20.124110416979654,40.4044876611974]]]},"properties":{"Zk_Numer":3067,"Zk_Emer":"PSAR","Nr_Pas":"135/23","Vol":1,"Faqe":110,"Pronaret":"SHTET","Kufizimet":"KJO PASURI OKUPOHET NGA NOVRUS VELI SALIAJ, MBI KËTË PASURI NDODHET NJË NDËRTIM I PALIGJSHËM","Siperfaqe":1780}},
{"type":"Feature","geometry":{"type":"Polygon","coordinates":[[[20.124618558837845,40.40534867125309],[20.12458254242316,40.405340244834676],[20.124451099563462,40.40530335550533],[20.124394454277375,40.40524933805196],[20.124359754073172,40.40520072732498],[20.124299910130297,40.405194496783146],[20.124534533266274,40.40504400451533],[20.124557570894634,40.40509257372143],[20.12463455951438,40.405184185408274],[20.124669485694355,40.40524024340992],[20.124652897833066,40.4052907374747],[20.124649834019465,40.40530940030423],[20.12466264281083,40.4053176896246],[20.124618558837845,40.40534867125309]]]},"properties":{"Zk_Numer":3067,"Zk_Emer":"PSAR","Nr_Pas":"135/24","Vol":1,"Faqe":111,"Pronaret":"SHTET","Kufizimet":"KJO PASURI OKUPOHET NGA NOVRUS VELI SALIAJ, MBI KËTË PASURI NDODHET NJË NDËRTIM I PALIGJSHËM","Siperfaqe":550}},
{"type":"Feature","geometry":{"type":"Polygon","coordinates":[[[20.12425280076457,40.405329308610035],[20.124273372066735,40.40535094215307],[20.12412430001801,40.4054444997473],[20.12390567495398,40.40548445589237],[20.123849934405893,40.40542690104749],[20.123680390752696,40.40549865839416],[20.123630277006434,40.405471174476766],[20.123559444374152,40.405443254869915],[20.123520598404838,40.4054107629866],[20.123600887116325,40.40536855817251],[20.1238476641699,40.40526001122856],[20.12384439273005,40.40521050214597],[20.12377460616199,40.40512707728652],[20.12374846899086,40.405083923585345],[20.12371963082682,40.40505854747625],[20.123763218386973,40.40505204056943],[20.123853837542118,40.40495175318646],[20.12390341377858,40.405037802266776],[20.123998585098974,40.405145830046216],[20.12411490794453,40.405231168040864],[20.12418358896291,40.40525759767166],[20.12420636191067,40.405282958444765],[20.124235620986727,40.40531216165167],[20.12425280076457,40.405329308610035]]]},"properties":{"Zk_Numer":3067,"Zk_Emer":"PSAR","Nr_Pas":"135/27","Vol":1,"Faqe":114,"Pronaret":"SHTET","Kufizimet":"MBI KËTË PASURI NDODHET NJË NDËRTIM I PALIGJSHËM , KJO PASURI OKUPOHET NGA PETREF SALIAJ","Siperfaqe":1596}},
{"type":"Feature","geometry":{"type":"Polygon","coordinates":[[[20.124394454277375,40.40524933805196],[20.124451099563462,40.40530335550533],[20.12458254242316,40.405340244834676],[20.124618558837845,40.40534867125309],[20.12455222563548,40.405407377944464],[20.1244913836092,40.405422203583164],[20.124438361951324,40.40544245112834],[20.124410012441412,40.40542647874896],[20.124358923961996,40.40544098763415],[20.124184039697433,40.40543851163265],[20.12415293619794,40.405440372720314],[20.12412430001801,40.4054444997473],[20.124273372066735,40.40535094215307],[20.12425280076457,40.405329308610035],[20.124302190050088,40.405300390749424],[20.124342742136903,40.40527695970123],[20.124394454277375,40.40524933805196]]]},"properties":{"Zk_Numer":3067,"Zk_Emer":"PSAR","Nr_Pas":"135/25","Vol":1,"Faqe":112,"Pronaret":"SHTET","Kufizimet":"KJO PASURI OKUPOHET NGA MIHANE QANI SALIAJ, MBI KËTË PASURI NDODHET NJË NDËRTIM I PALIGJSHËM","Siperfaqe":447}},
{"type":"Feature","geometry":{"type":"Polygon","coordinates":[[[20.123853837542118,40.40495175318646],[20.1239083977775,40.404927577846514],[20.123924276924033,40.40485113587035],[20.12416088472908,40.405069793019614],[20.12421622346888,40.40511831574061],[20.124299910130297,40.405194496783146],[20.124359754073172,40.40520072732498],[20.124394454277375,40.40524933805196],[20.124342742136903,40.40527695970123],[20.124302190050088,40.405300390749424],[20.12425280076457,40.405329308610035],[20.124235620986727,40.40531216165167],[20.12420636191067,40.405282958444765],[20.12418358896291,40.40525759767166],[20.12411490794453,40.405231168040864],[20.123998585098974,40.405145830046216],[20.12390341377858,40.405037802266776],[20.123853837542118,40.40495175318646]]]},"properties":{"Zk_Numer":3067,"Zk_Emer":"PSAR","Nr_Pas":"135/26","Vol":1,"Faqe":113,"Pronaret":"SHTET","Kufizimet":"KJO PASURI OKUPOHET NGA KASTRIOT PETREF SALIAJ","Siperfaqe":800}},
{"type":"Feature","geometry":{"type":"Polygon","coordinates":[[[20.12371963082682,40.40505854747625],[20.12374846899086,40.405083923585345],[20.12377460616199,40.40512707728652],[20.12384439273005,40.40521050214597],[20.1238476641699,40.40526001122856],[20.123600887116325,40.40536855817251],[20.123520598404838,40.4054107629866],[20.12349995606348,40.4053937267076],[20.12347379212513,40.405350968316846],[20.1234438253535,40.40524463141207],[20.12344515833944,40.40519808636675],[20.123446491323627,40.40515154132104],[20.12345350030032,40.4051200349143],[20.123521019982896,40.405014775818856],[20.123580776508845,40.40502635925773],[20.123664136177776,40.40505320577625],[20.12371963082682,40.40505854747625]]]},"properties":{"Zk_Numer":3067,"Zk_Emer":"PSAR","Nr_Pas":"135/28","Vol":1,"Faqe":115,"Pronaret":"SHTET","Kufizimet":"KJO PASURI OKUPOHET NGA MIHANE QANI SALIAJ","Siperfaqe":988}},
{"type":"Feature","geometry":{"type":"Polygon","coordinates":[[[20.122807691648774,40.404928968242224],[20.122878302719503,40.404856860760894],[20.1229860439435,40.40480503322798],[20.123096311407476,40.404923564196054],[20.12322535964994,40.4049982629766],[20.12333469690031,40.40500045182944],[20.12347310484619,40.405017694895115],[20.123408491408078,40.40514282843246],[20.123407774922246,40.405267451851955],[20.123460059634485,40.40540203693056],[20.12352587111326,40.405461489416716],[20.123619343926332,40.40549820836989],[20.12364771991012,40.405513317552845],[20.12366973718158,40.40554531778782],[20.123679457006038,40.40559090255559],[20.123674101497755,40.405639224675],[20.123667030316458,40.4056557578991],[20.12351281933925,40.4057114850464],[20.12334997121828,40.40571461579784],[20.123209461822928,40.405691746175876],[20.12325645369597,40.40556974989057],[20.123221624298868,40.40548223493081],[20.123232194569,40.405341898983934],[20.123206957250563,40.40506849896544],[20.122980399930547,40.40499853277412],[20.122872265929104,40.404958374851255],[20.122807691648774,40.404928968242224]]]},"properties":{"Zk_Numer":3067,"Zk_Emer":"PSAR","Nr_Pas":"135/29","Vol":1,"Faqe":116,"Pronaret":"SHTET","Kufizimet":"MBI KËTË PASURI NDODHEN DY NDËRTIME TE PALIGJSHME , KJO PASURI OKUPOHET NGA XHEVDET SALIAJ","Siperfaqe":2328}},
{"type":"Feature","geometry":{"type":"Polygon","coordinates":[[[20.122807691648774,40.404928968242224],[20.122872265929104,40.404958374851255],[20.122980399930547,40.40499853277412],[20.123206957250563,40.40506849896544],[20.123232194569,40.405341898983934],[20.123221624298868,40.40548223493081],[20.12325645369597,40.40556974989057],[20.123209461822928,40.405691746175876],[20.12316585956546,40.4056846493375],[20.123138534352208,40.40568116627117],[20.12308908427544,40.40565763335382],[20.12302323129063,40.40559923932403],[20.12298455858314,40.405568040363626],[20.122942343019478,40.40551945502055],[20.12291954710202,40.40549311096802],[20.122870377456522,40.40544228179698],[20.122857764462342,40.40532127844318],[20.122776308294064,40.40517502456013],[20.122719772069225,40.40508945067436],[20.122679206288133,40.40502637259095],[20.122751628894587,40.40497424470707],[20.1228070614152,40.40492947722142],[20.122807691648774,40.404928968242224]]]},"properties":{"Zk_Numer":3067,"Zk_Emer":"PSAR","Nr_Pas":"135/30","Vol":1,"Faqe":117,"Pronaret":"SHTET","Kufizimet":"KJO PASURI OKUPOHET NGA NIJAZ SALIAJ, MBI KËTË PASURI NDODHEN TRE NDËRTIME TE PALIGJSHME","Siperfaqe":2353}},
{"type":"Feature","geometry":{"type":"Polygon","coordinates":[[[20.123959631145272,40.40550103320901],[20.123895454697028,40.40552209395803],[20.12389194890873,40.405511849383956],[20.123807491568545,40.40556373634186],[20.12369634008779,40.40567550076194],[20.123707462914442,40.405653832183724],[20.12371645691965,40.40560919912567],[20.1237159733693,40.40556065672875],[20.12370089150701,40.405526519600215],[20.123680390752696,40.40549865839416],[20.123849934405893,40.40542690104749],[20.12390567495398,40.40548445589237],[20.12412430001801,40.4054444997473],[20.12415293619794,40.405440372720314],[20.124184039697433,40.40543851163265],[20.124358923961996,40.40544098763415],[20.124410012441412,40.40542647874896],[20.124438361951324,40.40544245112834],[20.124367172477722,40.40545500042395],[20.124298605865317,40.40545889251036],[20.12422488633614,40.40545663600608],[20.12416237765321,40.405459146938895],[20.124141667378474,40.405461325852514],[20.12411629823194,40.40546580368114],[20.123959631145272,40.40550103320901]]]},"properties":{"Zk_Numer":3067,"Zk_Emer":"PSAR","Nr_Pas":"135/31","Vol":1,"Faqe":118,"Pronaret":"SHTET","Kufizimet":"","Siperfaqe":324}},
{"type":"Feature","geometry":{"type":"Polygon","coordinates":[[[20.123959631145272,40.40550103320901],[20.12411629823194,40.40546580368114],[20.124141667378474,40.405461325852514],[20.12416237765321,40.405459146938895],[20.12422488633614,40.40545663600608],[20.124298605865317,40.40545889251036],[20.124367172477722,40.40545500042395],[20.124325580344507,40.40560470859846],[20.124361285758297,40.405616917767254],[20.124334734399916,40.40566268557286],[20.12445038468367,40.40572753629058],[20.124645779557017,40.405831988469096],[20.12466069654933,40.405846336259636],[20.124925782409935,40.406006457235655],[20.125011194054153,40.406059002434375],[20.12489733010428,40.406107526325066],[20.124788700941785,40.40614513135209],[20.124570308540125,40.406188727536204],[20.1241524373841,40.40623995373589],[20.12409996958399,40.40623455374303],[20.123917489867143,40.40619885992129],[20.12398791559852,40.406097927575814],[20.124014708984557,40.40602334179534],[20.124032856623298,40.40595582564284],[20.124148657268538,40.4059228670884],[20.124179070740144,40.40590159030895],[20.124185721184734,40.40589229442638],[20.12419003064472,40.40587815507091],[20.12418380549191,40.40583694329856],[20.124213371321233,40.40580317670526],[20.124213185165846,40.40578521981398],[20.124166339675252,40.405754887621356],[20.12421257414894,40.40572009687184],[20.12412965614913,40.40566038435196],[20.124049957486132,40.40558765090321],[20.123959631145272,40.40550103320901]]]},"properties":{"Zk_Numer":3067,"Zk_Emer":"PSAR","Nr_Pas":"135/33","Vol":1,"Faqe":120,"Pronaret":"ERIDON SALIAJ AHMET, FLAMURE SALIAJ XHEVAIR, AHMET SALIAJ TEKI, TEKI SALIAJ AHMET","Kufizimet":"PASURIA KUFIZOHET PER DIF.FAKT-DOK BRENDA 20% TE TOTALIT TE AMTP, MBI KËTË PASURI NDODHET NJË NDËRTIM I PALIGJSHËM","Siperfaqe":3847}},
{"type":"Feature","geometry":{"type":"Polygon","coordinates":[[[20.123959631145272,40.40550103320901],[20.124049957486132,40.40558765090321],[20.12412965614913,40.40566038435196],[20.12421257414894,40.40572009687184],[20.124166339675252,40.405754887621356],[20.124213185165846,40.40578521981398],[20.124213371321233,40.40580317670526],[20.12418380549191,40.40583694329856],[20.12419003064472,40.40587815507091],[20.124185721184734,40.40589229442638],[20.124179070740144,40.40590159030895],[20.124148657268538,40.4059228670884],[20.124032856623298,40.40595582564284],[20.124014708984557,40.40602334179534],[20.12398791559852,40.406097927575814],[20.123917489867143,40.40619885992129],[20.12378765906049,40.40615954148146],[20.123632832316204,40.40609199683401],[20.123547843714153,40.406045585143055],[20.123466912920865,40.40599073287963],[20.123444169846625,40.405973543833404],[20.123428622985493,40.405961292290016],[20.12347601140725,40.405926182984366],[20.12355568759384,40.40583551518928],[20.123652833628153,40.4057244392849],[20.12369634008779,40.40567550076194],[20.123807491568545,40.40556373634186],[20.12389194890873,40.405511849383956],[20.123895454697028,40.40552209395803],[20.123959631145272,40.40550103320901]]]},"properties":{"Zk_Numer":3067,"Zk_Emer":"PSAR","Nr_Pas":"135/32","Vol":1,"Faqe":119,"Pronaret":"HENË SALIAJ IBRAHIM, ROLAND SALIAJ YLLI, DAFINA SALIAJ YLLI, PRANVERA SALIAJ YLLI, ANDRIAN SALIAJ YLLI, ALKETE SALIAJ YLLI, DRITAN SALIAJ YLLI, YLLI SALIAJ SHEME","Kufizimet":"KUFIZOHET DERI NE PLOTESIMIN E DOKUMENTACIONIT \r\nTEKNIKO LIGJOR (CERTIFIKATE E GJENDJES FAMILJARE AKTUALE), MBI KËTË PASURI NDODHET NJË NDËRTIM I PALIGJSHËM","Siperfaqe":2848}},
{"type":"Feature","geometry":{"type":"Polygon","coordinates":[[[20.124367172477722,40.40545500042395],[20.124438361951324,40.40544245112834],[20.1244913836092,40.405422203583164],[20.12455222563548,40.405407377944464],[20.125032921527776,40.40562835096917],[20.125232900432938,40.40572688955123],[20.12530984244324,40.40576072114074],[20.125261818885676,40.405808115415844],[20.125183365441657,40.40594547825315],[20.12508495939649,40.40601852370944],[20.125011194054153,40.406059002434375],[20.124925782409935,40.406006457235655],[20.12466069654933,40.405846336259636],[20.124645779557017,40.405831988469096],[20.12445038468367,40.40572753629058],[20.124334734399916,40.40566268557286],[20.124361285758297,40.405616917767254],[20.124325580344507,40.40560470859846],[20.124367172477722,40.40545500042395]]]},"properties":{"Zk_Numer":3067,"Zk_Emer":"PSAR","Nr_Pas":"135/34","Vol":1,"Faqe":121,"Pronaret":"MIHANE SALIAJ QANI, HYSENJ SALIAJ TEKI, ENERIK SALIAJ TEKI, MIRDJANA SALIAJ QANI","Kufizimet":"KUFIZOHET DERI NE PLOTESIMIN E DOKUMENTACIONIT \r\nTEKNIKO LIGJOR (CERTIFIKATE E GJENDJES FAMILJARE AKTUALE)","Siperfaqe":3014}},
{"type":"Feature","geometry":{"type":"Polygon","coordinates":[[[20.124761858562724,40.406243561547726],[20.12457394155605,40.406246979140484],[20.124298099907975,40.40624525442499],[20.1241524373841,40.40623995373589],[20.124570308540125,40.406188727536204],[20.124788700941785,40.40614513135209],[20.12489733010428,40.406107526325066],[20.125011194054153,40.406059002434375],[20.12508495939649,40.40601852370944],[20.125183365441657,40.40594547825315],[20.125261818885676,40.405808115415844],[20.12530984244324,40.40576072114074],[20.125369549154662,40.40566726873798],[20.125413203486847,40.40561433172956],[20.12542391246502,40.40558289970619],[20.12554163035735,40.40543617429709],[20.125444985983762,40.405648412819076],[20.1252091273162,40.405970457606244],[20.12496504924776,40.406129219036366],[20.124713314181047,40.40623600884931],[20.124761858562724,40.406243561547726]]]},"properties":{"Zk_Numer":3067,"Zk_Emer":"PSAR","Nr_Pas":"135/35","Vol":1,"Faqe":122,"Pronaret":"SHTET","Kufizimet":"","Siperfaqe":670}},
{"type":"Feature","geometry":{"type":"Polygon","coordinates":[[[20.12455222563548,40.405407377944464],[20.124618558837845,40.40534867125309],[20.12466264281083,40.4053176896246],[20.12468006645098,40.40532431694397],[20.124763636783822,40.4053406793153],[20.125157504831297,40.40547848069679],[20.12542391246502,40.40558289970619],[20.125413203486847,40.40561433172956],[20.125369549154662,40.40566726873798],[20.12530984244324,40.40576072114074],[20.125232900432938,40.40572688955123],[20.125032921527776,40.40562835096917],[20.12455222563548,40.405407377944464]]]},"properties":{"Zk_Numer":3067,"Zk_Emer":"PSAR","Nr_Pas":"135/36","Vol":1,"Faqe":123,"Pronaret":"GENTIAN SALIAJ KASTRIOT, ESMERALDA SALIAJ KASTRIOT, FERUZE SALIAJ SULO, KASTRIOT SALIAJ PETREF","Kufizimet":"KUFIZOHET DERI NE PLOTESIMIN E DOKUMENTACIONIT \r\nTEKNIKO LIGJOR (CERTIFIKATE E GJENDJES FAMILJARE AKTUALE)","Siperfaqe":1346}},
{"type":"Feature","geometry":{"type":"Polygon","coordinates":[[[20.124534533266274,40.40504400451533],[20.124459642997767,40.40493130727692],[20.124579484390754,40.40487693451902],[20.12473507283524,40.40481089696024],[20.124742162277528,40.404803596438384],[20.124743475737777,40.40479375768806],[20.124740797630743,40.4047859587226],[20.124733465510424,40.404781896118685],[20.12482260819587,40.40474074185289],[20.124935327074756,40.404690720477674],[20.125047375299168,40.40465666098146],[20.12505640197248,40.40467298446793],[20.125107052585065,40.404742159387666],[20.12510613716502,40.40482037370008],[20.125068415108085,40.404991394138996],[20.12501869085732,40.405080819123235],[20.125003444294627,40.40510315244881],[20.124920226416908,40.405225050575794],[20.124763636783822,40.4053406793153],[20.12468006645098,40.40532431694397],[20.12466264281083,40.4053176896246],[20.124649834019465,40.40530940030423],[20.124652897833066,40.4052907374747],[20.124669485694355,40.40524024340992],[20.12463455951438,40.405184185408274],[20.124557570894634,40.40509257372143],[20.124534533266274,40.40504400451533]]]},"properties":{"Zk_Numer":3067,"Zk_Emer":"PSAR","Nr_Pas":"135/37","Vol":1,"Faqe":124,"Pronaret":"SHTET","Kufizimet":"KJO PASURI OKUPOHET NGA HYSNI MYSLYM SALIAJ, MBI KËTË PASURI NDODHET NJË NDËRTIM I PALIGJSHËM","Siperfaqe":2367}},
{"type":"Feature","geometry":{"type":"Polygon","coordinates":[[[20.12542391246502,40.40558289970619],[20.125157504831297,40.40547848069679],[20.124763636783822,40.4053406793153],[20.124920226416908,40.405225050575794],[20.125003444294627,40.40510315244881],[20.125539510756457,40.405318305687594],[20.12554163035735,40.40543617429709],[20.12542391246502,40.40558289970619]]]},"properties":{"Zk_Numer":3067,"Zk_Emer":"PSAR","Nr_Pas":"135/38","Vol":2,"Faqe":80,"Pronaret":"THËLLEZ SALIAJ SHABAN, FAIK SALIAJ MYSLIM","Kufizimet":"KUFIZOHET DERI NE PLOTESIMIN E DOKUMENTACIONIT \r\nTEKNIKO LIGJOR (CERTIFIKATE E GJENDJES FAMILJARE AKTUALE)","Siperfaqe":1800}},
{"type":"Feature","geometry":{"type":"Polygon","coordinates":[[[20.12563481379507,40.405073933098855],[20.12554163035735,40.40543617429709],[20.125539510756457,40.405318305687594],[20.125003444294627,40.40510315244881],[20.12501869085732,40.405080819123235],[20.125068415108085,40.404991394138996],[20.12510613716502,40.40482037370008],[20.125107052585065,40.404742159387666],[20.12505640197248,40.40467298446793],[20.125047375299168,40.40465666098146],[20.12508301111204,40.40464582867065],[20.125315297203404,40.40462498477486],[20.125427426526183,40.40465583075524],[20.125637010325306,40.40471348540221],[20.125697164456376,40.404728824405225],[20.125722653920104,40.40474203907004],[20.1257347075904,40.40475743034244],[20.12574160236352,40.40477894942335],[20.12563481379507,40.405073933098855]]]},"properties":{"Zk_Numer":3067,"Zk_Emer":"PSAR","Nr_Pas":"135/39","Vol":1,"Faqe":84,"Pronaret":"SOKOL SALIAJ HYSNI, ILIR SALIAJ HYSNI, HYSNI SALIAJ MYSLIM","Kufizimet":"","Siperfaqe":3243}},
{"type":"Feature","geometry":{"type":"Polygon","coordinates":[[[20.126114165577473,40.40490533527822],[20.126524948870706,40.40502779667461],[20.12648888685601,40.405104295681824],[20.126375927229727,40.4053400194248],[20.125972042023452,40.40520423947439],[20.12563481379507,40.405073933098855],[20.12574160236352,40.40477894942335],[20.126114165577473,40.40490533527822]]]},"properties":{"Zk_Numer":3067,"Zk_Emer":"PSAR","Nr_Pas":"135/40","Vol":1,"Faqe":75,"Pronaret":"ENKELETA SUBASHI JAHO, JULJANA SUBASHI JAHO, ELIDE SUBASHI JAHO, JAHO SUBASHI FEJZO, LUMTURI SUBASHI MESTAN, LAVDIMIR SUBASHI JAHO, ERVIST SUBASHI JAHO","Kufizimet":"KUFIZOHET DERI NE PLOTESIMIN E DOKUMENTACIONIT \r\nTEKNIKO LIGJOR (CERTIFIKATE E GJENDJES FAMILJARE AKTUALE), PASURIA KUFIZOHET PER DIF.FAKT-DOK MBI 20% TE TOTALIT TE AMTP","Siperfaqe":2495}},
{"type":"Feature","geometry":{"type":"Polygon","coordinates":[[[20.125752608228012,40.405518136597536],[20.12554163035735,40.40543617429709],[20.12563481379507,40.405073933098855],[20.125972042023452,40.40520423947439],[20.125752608228012,40.405518136597536]]]},"properties":{"Zk_Numer":3067,"Zk_Emer":"PSAR","Nr_Pas":"135/41","Vol":1,"Faqe":81,"Pronaret":"DILAVERE SUBASHI HAKI, ISUF SUBASHI FEJZO, GRAMOS SUBASHI ISUF, FEJZO SUBASHI ISUF","Kufizimet":"","Siperfaqe":1030}},
{"type":"Feature","geometry":{"type":"Polygon","coordinates":[[[20.125752608228012,40.405518136597536],[20.125557728054826,40.405783373122524],[20.125131709742426,40.406291185000335],[20.12503896537804,40.4062970614456],[20.12494280109208,40.40627141170818],[20.124761858562724,40.406243561547726],[20.124713314181047,40.40623600884931],[20.12496504924776,40.406129219036366],[20.1252091273162,40.405970457606244],[20.125444985983762,40.405648412819076],[20.12554163035735,40.40543617429709],[20.125752608228012,40.405518136597536]]]},"properties":{"Zk_Numer":3067,"Zk_Emer":"PSAR","Nr_Pas":"135/42","Vol":1,"Faqe":82,"Pronaret":"ELMAS ZYBA RIZA, EDMOND ZYBA RIZA, MACAN ZYBA RIZA, JETNOR ZYBA RIZA, RIZA ZYBA MECAN, LIRI ZYBA RIZA, ARBEN ZYBA RIZA","Kufizimet":"PASURIA KUFIZOHET PER DIF.FAKT-DOK MBI 20% TE TOTALIT TE AMTP, KUFIZOHET DERI NE PLOTESIMIN E DOKUMENTACIONIT \r\nTEKNIKO LIGJOR (CERTIFIKATE E GJENDJES FAMILJARE AKTUALE)","Siperfaqe":1904}},
{"type":"Feature","geometry":{"type":"Polygon","coordinates":[[[20.126120596647375,40.406096508151016],[20.12577374827878,40.40644504147798],[20.125329112915022,40.406334267242585],[20.125131709742426,40.406291185000335],[20.125557728054826,40.405783373122524],[20.125920365335965,40.40599251277238],[20.126120596647375,40.406096508151016]]]},"properties":{"Zk_Numer":3067,"Zk_Emer":"PSAR","Nr_Pas":"135/43","Vol":1,"Faqe":72,"Pronaret":"HAJRI TELHAJ XHAFER, FATIME TELHAJ ISMAIL, TELHA TELHAJ HAJRI, ARBEN TELHAJ HAJRI, ISMET TELHAJ HAJRI, DAFINE TELHAJ HAJRI, MYZAFER TELHAJ HAJRI","Kufizimet":"KUFIZOHET DERI NE PLOTESIMIN E DOKUMENTACIONIT \r\nTEKNIKO LIGJOR (CERTIFIKATE E GJENDJES FAMILJARE AKTUALE)","Siperfaqe":3250}},
{"type":"Feature","geometry":{"type":"Polygon","coordinates":[[[20.125920365335965,40.40599251277238],[20.125557728054826,40.405783373122524],[20.125752608228012,40.405518136597536],[20.126207883537656,40.40569068914286],[20.125920365335965,40.40599251277238]]]},"properties":{"Zk_Numer":3067,"Zk_Emer":"PSAR","Nr_Pas":"135/44","Vol":1,"Faqe":73,"Pronaret":"FATBARDHA JAUPI SADIK, PELLUMB JAUPI MYSLIM, ALBANA JAUPI MYSLIM, MYSLIM JAUPI FIDAI","Kufizimet":"KUFIZOHET DERI NE PLOTESIMIN E DOKUMENTACIONIT \r\nTEKNIKO LIGJOR (CERTIFIKATE E GJENDJES FAMILJARE AKTUALE), PASURIA KUFIZOHET PER DIF.FAKT-DOK BRENDA 20% TE TOTALIT TE AMTP","Siperfaqe":1527}},
{"type":"Feature","geometry":{"type":"Polygon","coordinates":[[[20.126207883537656,40.40569068914286],[20.125752608228012,40.405518136597536],[20.125972042023452,40.40520423947439],[20.126375927229727,40.4053400194248],[20.126207883537656,40.40569068914286]]]},"properties":{"Zk_Numer":3067,"Zk_Emer":"PSAR","Nr_Pas":"135/45","Vol":1,"Faqe":74,"Pronaret":"QERIME JAUPI TARE, ILIRJAN JAUPI MUHAREM, ARIAN JAUPI MUHAREM, FIDAI JAUPI MUHAREM, MUHAREM JAUPI FIDAI, GEZIME JAUPI SELMAN","Kufizimet":"KUFIZOHET DERI NE PLOTESIMIN E DOKUMENTACIONIT \r\nTEKNIKO LIGJOR (CERTIFIKATE E GJENDJES FAMILJARE AKTUALE)","Siperfaqe":1627}},
{"type":"Feature","geometry":{"type":"Polygon","coordinates":[[[20.125920365335965,40.40599251277238],[20.126207883537656,40.40569068914286],[20.126375927229727,40.4053400194248],[20.12648888685601,40.405104295681824],[20.126715178636047,40.40517353231937],[20.126485887708824,40.40563993426954],[20.126178577859996,40.4060240384661],[20.126120596647375,40.406096508151016],[20.125920365335965,40.40599251277238]]]},"properties":{"Zk_Numer":3067,"Zk_Emer":"PSAR","Nr_Pas":"135/46","Vol":1,"Faqe":71,"Pronaret":"SHYQYRI TELHAJ XHAFER, ASENI TELHAJ SHYQYRI, FATIME TELHAJ SKENDER, GILBERTA TELHAJ STAVRI, NORE TELHAJ SHYQYRI","Kufizimet":"KUFIZOHET DERI NE PLOTESIMIN E DOKUMENTACIONIT \r\nTEKNIKO LIGJOR (CERTIFIKATE E GJENDJES FAMILJARE AKTUALE)","Siperfaqe":2210}},
{"type":"Feature","geometry":{"type":"Polygon","coordinates":[[[20.12700989824237,40.40511395762422],[20.12678631102085,40.40503731773],[20.126966078254306,40.40469307075365],[20.127224509033894,40.40477193694959],[20.12700989824237,40.40511395762422]]]},"properties":{"Zk_Numer":3067,"Zk_Emer":"PSAR","Nr_Pas":"135/47","Vol":1,"Faqe":126,"Pronaret":"FATIME MALKO SEJFULLA, IZET MALKO KASO, SUADA MALKO IZET","Kufizimet":"KUFIZOHET DERI NE PLOTESIMIN E DOKUMENTACIONIT \r\nTEKNIKO LIGJOR (CERTIFIKATE E GJENDJES FAMILJARE AKTUALE)","Siperfaqe":924}},
{"type":"Feature","geometry":{"type":"Polygon","coordinates":[[[20.126178577859996,40.4060240384661],[20.126485887708824,40.40563993426954],[20.126715178636047,40.40517353231937],[20.12678631102085,40.40503731773],[20.12700989824237,40.40511395762422],[20.126642006335732,40.405700250158844],[20.126335030395406,40.40610373814149],[20.126178577859996,40.4060240384661]]]},"properties":{"Zk_Numer":3067,"Zk_Emer":"PSAR","Nr_Pas":"135/48","Vol":1,"Faqe":128,"Pronaret":"AFERDITA MALKO ISUF, ENKELEDA HADAJ VINJA, FEJZI MALKO RESHAT, MARSEL HADAJ VINJA, ARMAND MALKO RESHAT, RESHAT MALKO KASO","Kufizimet":"KUFIZOHET DERI NE PLOTESIMIN E DOKUMENTACIONIT \r\nTEKNIKO LIGJOR (CERTIFIKATE E GJENDJES FAMILJARE AKTUALE)","Siperfaqe":2071}},
{"type":"Feature","geometry":{"type":"Polygon","coordinates":[[[20.12577374827878,40.40644504147798],[20.126120596647375,40.406096508151016],[20.126178577859996,40.4060240384661],[20.126335030395406,40.40610373814149],[20.126244337680724,40.40622294321176],[20.12594407739307,40.40649506365022],[20.125744163466507,40.40649891710766],[20.12577374827878,40.40644504147798]]]},"properties":{"Zk_Numer":3067,"Zk_Emer":"PSAR","Nr_Pas":"135/49","Vol":1,"Faqe":129,"Pronaret":"ALFRED MALKO RAMADAN, KASO MALKO RAMADAN, RAMADAN MALKO KASO, FERIDE MALKO SHERIF, LUAN MALKO RAMADAN, AFERDITA MALKO MUHAMET","Kufizimet":"KUFIZOHET DERI NE PLOTESIMIN E DOKUMENTACIONIT \r\nTEKNIKO LIGJOR (CERTIFIKATE E GJENDJES FAMILJARE AKTUALE)","Siperfaqe":948}},
{"type":"Feature","geometry":{"type":"Polygon","coordinates":[[[20.127224509033894,40.40477193694959],[20.12742102733876,40.4048310285411],[20.12678422996498,40.40576937995816],[20.126235838780307,40.4064934567309],[20.12594407739307,40.40649506365022],[20.126244337680724,40.40622294321176],[20.126335030395406,40.40610373814149],[20.126642006335732,40.405700250158844],[20.12700989824237,40.40511395762422],[20.127224509033894,40.40477193694959]]]},"properties":{"Zk_Numer":3067,"Zk_Emer":"PSAR","Nr_Pas":"135/50","Vol":1,"Faqe":130,"Pronaret":"ARTA MERSINI BESIM, DASHNOR MERSINI BESIM, LULEZIME MERSINI BESIM, FLORIDA MERSINI BESIM, BESIM MERSINI QAZIM, ZYRAKO MERSINI SADIK","Kufizimet":"KUFIZOHET DERI NE PLOTESIMIN E DOKUMENTACIONIT \r\nTEKNIKO LIGJOR (CERTIFIKATE E GJENDJES FAMILJARE AKTUALE)","Siperfaqe":3380}},
{"type":"Feature","geometry":{"type":"Polygon","coordinates":[[[20.126413993233175,40.40650254687307],[20.126235838780307,40.4064934567309],[20.12678422996498,40.40576937995816],[20.12742102733876,40.4048310285411],[20.12757262414562,40.40488904228136],[20.126950803227082,40.40576218157012],[20.126413993233175,40.40650254687307]]]},"properties":{"Zk_Numer":3067,"Zk_Emer":"PSAR","Nr_Pas":"135/51","Vol":1,"Faqe":131,"Pronaret":"ERVEHE MERSINI XHEVIT, ZENJEL MERSINI HYSENJ, SANDRI MERSINI HYSENJ, VALBONA MERSINI HYSENJ, FERUZE MERSINI SEJDO, HYSENJ MERSINI YZEIR, GRISELDA MERSINI HYSENJ, ROBERT MERSINI HYSENJ","Kufizimet":"KUFIZOHET DERI NE PLOTESIMIN E DOKUMENTACIONIT \r\nTEKNIKO LIGJOR (CERTIFIKATE E GJENDJES FAMILJARE AKTUALE)","Siperfaqe":2703}},
{"type":"Feature","geometry":{"type":"Polygon","coordinates":[[[20.12779489530474,40.40497368188986],[20.127153082326004,40.40582841193851],[20.12663133391652,40.406490558407995],[20.126413993233175,40.40650254687307],[20.126950803227082,40.40576218157012],[20.12757262414562,40.40488904228136],[20.12779489530474,40.40497368188986]]]},"properties":{"Zk_Numer":3067,"Zk_Emer":"PSAR","Nr_Pas":"135/52","Vol":1,"Faqe":132,"Pronaret":"FATOS TABEKO SEIT, BLERINA TABEKO SEIT, SEIT MALKO HAZIS, DASHURIJE TABEKO ÇERÇIZ, VALENTINA TABEKO SEIT, FLORENC TABEKO SEIT","Kufizimet":"KUFIZOHET DERI NE PLOTESIMIN E DOKUMENTACIONIT \r\nTEKNIKO LIGJOR (CERTIFIKATE E GJENDJES FAMILJARE AKTUALE)","Siperfaqe":3700}},
{"type":"Feature","geometry":{"type":"Polygon","coordinates":[[[20.12663133391652,40.406490558407995],[20.127153082326004,40.40582841193851],[20.12779489530474,40.40497368188986],[20.12795328805249,40.405084665949495],[20.127318368318367,40.4058815700052],[20.12683895292686,40.40650075674229],[20.12663133391652,40.406490558407995]]]},"properties":{"Zk_Numer":3067,"Zk_Emer":"PSAR","Nr_Pas":"135/53","Vol":1,"Faqe":133,"Pronaret":"MARIKEL TELHAJ BANUSH, ELIONA TELHAJ BANUSH, GËZIM TELHAJ BANUSH, DITURI TELHAJ ISMAIL, BANUSH TELHAJ XHAFER, ILIRJAN TELHAJ BANUSH","Kufizimet":"KUFIZOHET DERI NE PLOTESIMIN E DOKUMENTACIONIT \r\nTEKNIKO LIGJOR (CERTIFIKATE E GJENDJES FAMILJARE AKTUALE)","Siperfaqe":3029}},
{"type":"Feature","geometry":{"type":"Polygon","coordinates":[[[20.12810101578558,40.405242520582235],[20.127952795844347,40.405608514483205],[20.12750776336888,40.4060315020358],[20.127093213685388,40.4064810964052],[20.12683895292686,40.40650075674229],[20.127318368318367,40.4058815700052],[20.12795328805249,40.405084665949495],[20.12810101578558,40.405242520582235]]]},"properties":{"Zk_Numer":3067,"Zk_Emer":"PSAR","Nr_Pas":"135/54","Vol":1,"Faqe":134,"Pronaret":"FATLLI LAZAJ NEXHIP, EDMONDA LAZAJ FATLLI, SOSE LAZAJ FATLLI, ETLEVA LAZAJ FATLLI, SKENDER LAZAJ FATLLI, ET'HEM LAZAJ FATLLI, FERUZE LAZAJ SADEDIN","Kufizimet":"KUFIZOHET DERI NE PLOTESIMIN E DOKUMENTACIONIT \r\nTEKNIKO LIGJOR (CERTIFIKATE E GJENDJES FAMILJARE AKTUALE)","Siperfaqe":4015}},
{"type":"Feature","geometry":{"type":"Polygon","coordinates":[[[20.128013112751848,40.4060851617593],[20.12792019822794,40.40613589438653],[20.127489007306153,40.40637132867163],[20.127093213685388,40.4064810964052],[20.12750776336888,40.4060315020358],[20.128013112751848,40.4060851617593]]]},"properties":{"Zk_Numer":3067,"Zk_Emer":"PSAR","Nr_Pas":"135/55","Vol":1,"Faqe":135,"Pronaret":"GILBERTA TELHAJ STAVRI, SHYQYRI TELHAJ XHAFER, FATIME TELHAJ SKENDER, NORE TELHAJ SHYQYRI, ASENI TELHAJ SHYQYRI","Kufizimet":"KUFIZOHET DERI NE PLOTESIMIN E DOKUMENTACIONIT \r\nTEKNIKO LIGJOR (CERTIFIKATE E GJENDJES FAMILJARE AKTUALE)","Siperfaqe":1438}},
{"type":"Feature","geometry":{"type":"Polygon","coordinates":[[[20.128013112751848,40.4060851617593],[20.12750776336888,40.4060315020358],[20.127952795844347,40.405608514483205],[20.12810101578558,40.405242520582235],[20.128357713829505,40.405403723303934],[20.12816914659695,40.40577661127296],[20.128013112751848,40.4060851617593]]]},"properties":{"Zk_Numer":3067,"Zk_Emer":"PSAR","Nr_Pas":"135/56","Vol":1,"Faqe":136,"Pronaret":"SHTET","Kufizimet":"KJO PASURI OKUPOHET NGA RIZA MECAN ZYBERI","Siperfaqe":2643}},
{"type":"Feature","geometry":{"type":"Polygon","coordinates":[[[20.12266088804238,40.40769866047089],[20.122606789121726,40.40727685288195],[20.122614678453765,40.40704194664816],[20.12260210308546,40.40695344927629],[20.122646452136234,40.406920922508085],[20.122641547935114,40.40694246310477],[20.122629144660166,40.40728587764094],[20.122674377934008,40.4076194531471],[20.122677322490905,40.40764116784299],[20.122683539693774,40.40769639100843],[20.122754170636092,40.4079676338],[20.122738499935206,40.40796432989791],[20.12266088804238,40.40769866047089]]]},"properties":{"Zk_Numer":3067,"Zk_Emer":"PSAR","Nr_Pas":"133/29","Vol":1,"Faqe":127,"Pronaret":"SHTET","Kufizimet":"","Siperfaqe":220}},
{"type":"Feature","geometry":{"type":"Polygon","coordinates":[[[20.12604258949144,40.40803426816422],[20.126057852900935,40.40809706830566],[20.126078746420365,40.408144599955804],[20.126189567373707,40.40834466962934],[20.126223967638975,40.40840677359347],[20.126247892881686,40.408489022407956],[20.126261677854227,40.408608729747826],[20.12623934572904,40.408774383190824],[20.12623381772763,40.4088153882297],[20.126181192743342,40.40881443160717],[20.12620980993576,40.40861890192355],[20.126206420484987,40.4085408348727],[20.126191678398193,40.40846278021114],[20.126174032744583,40.408415033315976],[20.126100202449127,40.40828564857365],[20.126020645882278,40.40814622814958],[20.126003965711472,40.408095100658755],[20.12597782728012,40.40801498186816],[20.12595315316847,40.40793935128794],[20.125922695477033,40.407891317240406],[20.12583010440488,40.40778576791124],[20.12564752422416,40.407626811208665],[20.125461398942146,40.40747422499034],[20.12537880641865,40.40742282327909],[20.125142729812136,40.40729003739586],[20.12504795208457,40.40719360933605],[20.125004979312294,40.407114321425794],[20.12499400098254,40.40696045067563],[20.124982387384847,40.4068915526804],[20.12496688911698,40.40683923376201],[20.124949414511775,40.40678389982187],[20.12493328861997,40.4067178172726],[20.12493743295817,40.40667214038398],[20.124965587440197,40.40663138811489],[20.124998629600743,40.406646999728885],[20.124976358253797,40.40667670861684],[20.12497296475329,40.40671965080928],[20.12498083282611,40.40676162435837],[20.124989913562235,40.40679679668125],[20.125012988939073,40.40685333775543],[20.125062430213347,40.406741505538335],[20.125102932998473,40.406665670923836],[20.125109725991866,40.40665620252184],[20.125155355258592,40.40659260216864],[20.12515827453382,40.40658853313219],[20.12519713054307,40.40660285199261],[20.12514826244047,40.40667477306122],[20.12514319874086,40.40668222549297],[20.1251083898558,40.40673697105048],[20.125061607246955,40.40684425087053],[20.12505155075635,40.40692289830184],[20.125046424251927,40.407081005464015],[20.125096462517643,40.40718683429446],[20.12516645240094,40.40725618683562],[20.125260049736145,40.40731309768327],[20.12537107121257,40.407373109228416],[20.125487427874237,40.407441873604775],[20.12570505667748,40.40761783317266],[20.125845140284806,40.407737076500524],[20.12596898657153,40.40787416525478],[20.125996599033826,40.40791771212047],[20.126029961765568,40.408012451469666],[20.12604258949144,40.40803426816422]]]},"properties":{"Zk_Numer":3067,"Zk_Emer":"PSAR","Nr_Pas":"201/17","Vol":2,"Faqe":65,"Pronaret":"SHTET","Kufizimet":"","Siperfaqe":1291}},
{"type":"Feature","geometry":{"type":"Polygon","coordinates":[[[20.102265627053345,40.39871394686409],[20.10255196271861,40.398870933615505],[20.10243961714347,40.39907684097013],[20.10220534877221,40.39900161589443],[20.102265627053345,40.39871394686409]]]},"properties":{"Zk_Numer":3067,"Zk_Emer":"PSAR","Nr_Pas":"67/1","Vol":1,"Faqe":161,"Pronaret":"ELTON SELMANAJ SULO, PRANVERA SELMANAJ SULO, FLORIJE SELMANAJ TEFIK, SULO SELMANAJ AXHEM, ASQERI SELMANAJ SULO","Kufizimet":"PASURIA KUFIZOHET PER DIF.FAKT-DOK BRENDA 20% TE TOTALIT TE AMTP, KUFIZOHET DERI NE PLOTESIMIN E DOKUMENTACIONIT \r\nTEKNIKO LIGJOR (CERTIFIKATE E GJENDJES FAMILJARE AKTUALE)","Siperfaqe":700}},
{"type":"Feature","geometry":{"type":"Polygon","coordinates":[[[20.10272720419493,40.3985966622325],[20.102654985534496,40.39868844677525],[20.102616716490548,40.39872168566539],[20.10255196271861,40.398870933615505],[20.102265627053345,40.39871394686409],[20.102254815054916,40.398638614641136],[20.10224308481911,40.398507476829316],[20.10228067230385,40.3983362656202],[20.102532175897895,40.39848293126921],[20.10253819031386,40.398486438593096],[20.10272720419493,40.3985966622325]]]},"properties":{"Zk_Numer":3067,"Zk_Emer":"PSAR","Nr_Pas":"67/2","Vol":1,"Faqe":164,"Pronaret":"REFIT ABAZI SHUAIP, DRITA ABAZI IZET, ERVEHE ABAZI REFIT, SHUAIP ABAZI REFIT, SHEGË ABAZI TAHIR","Kufizimet":"KUFIZOHET DERI NE PLOTESIMIN E DOKUMENTACIONIT \r\nTEKNIKO LIGJOR (CERTIFIKATE E GJENDJES FAMILJARE AKTUALE)","Siperfaqe":1336}},
{"type":"Feature","geometry":{"type":"Polygon","coordinates":[[[20.103690507059632,40.398130494200345],[20.103604536482536,40.39823070343405],[20.10355355363119,40.398290214550926],[20.103531835968028,40.39831556504388],[20.103378805540412,40.39849163351831],[20.10330436990891,40.398540664468705],[20.103341909628348,40.39845592641432],[20.103376398397216,40.39841500117097],[20.103478368656194,40.39829400033756],[20.103574506245785,40.39815814540004],[20.10349171978577,40.39811904872287],[20.103368921753564,40.39806421412224],[20.10342494968632,40.39799087462121],[20.103371444266582,40.39796469822886],[20.10327555775438,40.39791546981843],[20.103443410678583,40.39775586042506],[20.103489949478163,40.39760026265255],[20.103522784674517,40.39759714434855],[20.103708783637845,40.397604360687424],[20.10374059388817,40.397607286100786],[20.103737036828967,40.3976298947361],[20.103734458995955,40.39769034370285],[20.103726940367693,40.39786665137856],[20.103729680115475,40.39801704203361],[20.103720871346475,40.39804255383648],[20.103716080373705,40.398056429359706],[20.103690507059632,40.398130494200345]]]},"properties":{"Zk_Numer":3067,"Zk_Emer":"PSAR","Nr_Pas":"67/5","Vol":1,"Faqe":165,"Pronaret":"SHEGË ABAZI TAHIR, DRITA ABAZI IZET, ERVEHE ABAZI REFIT, SHUAIP ABAZI REFIT, REFIT ABAZI SHUAIP","Kufizimet":"KUFIZOHET DERI NE PLOTESIMIN E DOKUMENTACIONIT \r\nTEKNIKO LIGJOR (CERTIFIKATE E GJENDJES FAMILJARE AKTUALE)","Siperfaqe":1884}},
{"type":"Feature","geometry":{"type":"Polygon","coordinates":[[[20.101850788211156,40.40096020417746],[20.10184942945971,40.40096187174672],[20.10176857294123,40.4009629276915],[20.10153228060865,40.40098042138977],[20.101537599828983,40.40109623413017],[20.10169569396977,40.40114038723519],[20.101652378757354,40.40117392003813],[20.10148114220227,40.4011269499768],[20.101368742624185,40.4010511608475],[20.101532438149412,40.40097621873183],[20.10176932223556,40.400959725206135],[20.101850788211156,40.40096020417746]]]},"properties":{"Zk_Numer":3067,"Zk_Emer":"PSAR","Nr_Pas":"62/1","Vol":1,"Faqe":166,"Pronaret":"FLORENC MALKO SEIT, DASHURIJE MALKO ÇERÇIZ, SEIT MALKO HAZIS, FATOS MALKO SEIT, BLERINA MALKO SEIT, VALENTINA MALKO SEIT","Kufizimet":"KUFIZOHET DERI NE PLOTESIMIN E DOKUMENTACIONIT \r\nTEKNIKO LIGJOR (CERTIFIKATE E GJENDJES FAMILJARE AKTUALE)","Siperfaqe":212}},
{"type":"Feature","geometry":{"type":"Polygon","coordinates":[[[20.10176857294123,40.4009629276915],[20.101849429459705,40.40096187174672],[20.10171811756938,40.40112302781456],[20.10169569396977,40.40114038723519],[20.101537599828983,40.40109623413017],[20.10153228060865,40.40098042138977],[20.10176857294123,40.4009629276915]]]},"properties":{"Zk_Numer":3067,"Zk_Emer":"PSAR","Nr_Pas":"62/2","Vol":1,"Faqe":167,"Pronaret":"SHTET","Kufizimet":"MBI KËTË PASURI NDODHET NJË NDËRTIM I PALIGJSHËM, KJO PASURI POSEDOHET NGA SEIT HAZIS MALKO  SIPAS AMTP-SE NR.1663","Siperfaqe":350}},
{"type":"Feature","geometry":{"type":"Polygon","coordinates":[[[20.102910282106414,40.399887513209656],[20.102752549328073,40.39987263978546],[20.102533617474826,40.3998645625579],[20.102509988014404,40.39984420044758],[20.10248950942216,40.39979905051381],[20.102445772241268,40.39969049475799],[20.102553858720437,40.39968133667473],[20.10264036009189,40.399687869419004],[20.10269984696896,40.39970351420288],[20.102785316197327,40.39974226887588],[20.102855665682196,40.399791777308835],[20.10289249014458,40.39983470625705],[20.102910282106414,40.399887513209656]]]},"properties":{"Zk_Numer":3067,"Zk_Emer":"PSAR","Nr_Pas":"64/1","Vol":1,"Faqe":174,"Pronaret":"SHTET","Kufizimet":"MBI KËTË PASURI NDODHET NJË NDËRTIM I PALIGJSHËM","Siperfaqe":592}},
{"type":"Feature","geometry":{"type":"Polygon","coordinates":[[[20.103044132344923,40.39932065353741],[20.103212845543936,40.399419402276195],[20.10329884527134,40.39946474058792],[20.103234912105794,40.39950205618076],[20.10317506005517,40.39957741301225],[20.10315250706835,40.39966607855067],[20.103360197786177,40.40001354330499],[20.10319127386292,40.40001748343327],[20.102910282106414,40.399887513209656],[20.10289249014458,40.39983470625705],[20.102855665682196,40.399791777308835],[20.102785316197327,40.39974226887588],[20.10269984696896,40.39970351420288],[20.10264036009189,40.399687869419004],[20.102553858720437,40.39968133667473],[20.102445772241268,40.39969049475799],[20.102471884905718,40.39950889383449],[20.102550036332175,40.399346990081234],[20.10277660527875,40.39937841022682],[20.102828488034998,40.39936718818434],[20.102921344983283,40.399328723818606],[20.103044132344923,40.39932065353741]]]},"properties":{"Zk_Numer":3067,"Zk_Emer":"PSAR","Nr_Pas":"64/2","Vol":1,"Faqe":175,"Pronaret":"SHTET","Kufizimet":"KJO PASURI OKUPOHET NGA RAMADAN HOXHA, MBI KËTË PASURI NDODHET NJË NDËRTIM I PALIGJSHËM","Siperfaqe":3342}},
{"type":"Feature","geometry":{"type":"Polygon","coordinates":[[[20.10275793930447,40.39917979988495],[20.10294294901039,40.39901420836709],[20.10306810748468,40.399077702034376],[20.102950788228803,40.39925103331703],[20.10275793930447,40.39917979988495]]]},"properties":{"Zk_Numer":3067,"Zk_Emer":"PSAR","Nr_Pas":"65/1","Vol":1,"Faqe":178,"Pronaret":"SHTET","Kufizimet":"KJO PASURI POSEDOHET NGA HASLLAN KASO MALKO SIPAS AMTP-SE NR.1707","Siperfaqe":350}},
{"type":"Feature","geometry":{"type":"Polygon","coordinates":[[[20.102550036332175,40.399346990081234],[20.10275793930447,40.39917979988495],[20.102950788228803,40.39925103331703],[20.10306810748468,40.399077702034376],[20.10294294901039,40.39901420836709],[20.102978830113035,40.398982093132865],[20.10302531491443,40.39893818557465],[20.103087837554813,40.39897564707382],[20.103186526139524,40.39898451059084],[20.103191234826628,40.39904424936658],[20.103102784348124,40.399198845901196],[20.103044132344923,40.39932065353741],[20.102921344983283,40.399328723818606],[20.102828488034998,40.39936718818434],[20.10277660527875,40.39937841022682],[20.102550036332175,40.399346990081234]]]},"properties":{"Zk_Numer":3067,"Zk_Emer":"PSAR","Nr_Pas":"65/2","Vol":1,"Faqe":177,"Pronaret":"SHTET","Kufizimet":"KJO PASURI OKUPOHET NGA HASLLAN KASO MALKO","Siperfaqe":908}},
{"type":"Feature","geometry":{"type":"Polygon","coordinates":[[[20.103044132344923,40.39932065353741],[20.103102784348124,40.399198845901196],[20.103191234826628,40.39904424936658],[20.10339385356977,40.39916177122182],[20.103310109755046,40.39931745239672],[20.103510723963826,40.39937733510798],[20.103605002346264,40.39922582966018],[20.103645952829183,40.39923841182028],[20.103703747286254,40.399256169309815],[20.10375083698117,40.399271594081426],[20.103731462564884,40.399285898865465],[20.10367898616825,40.39932080234975],[20.10358605364189,40.3993596317684],[20.103452958079743,40.39939276833247],[20.1033757811509,40.3994216882317],[20.10329884527134,40.39946474058792],[20.103212845543936,40.399419402276195],[20.103044132344923,40.39932065353741]]]},"properties":{"Zk_Numer":3067,"Zk_Emer":"PSAR","Nr_Pas":"65/3","Vol":1,"Faqe":179,"Pronaret":"SHTET","Kufizimet":"KJO PASURI OKUPOHET NGA QAZIM HYSENI","Siperfaqe":1017}},
{"type":"Feature","geometry":{"type":"Polygon","coordinates":[[[20.10339385356977,40.39916177122182],[20.103541316300255,40.39920626189116],[20.103605002346264,40.39922582966018],[20.103510723963826,40.39937733510798],[20.103310109755046,40.39931745239672],[20.10339385356977,40.39916177122182]]]},"properties":{"Zk_Numer":3067,"Zk_Emer":"PSAR","Nr_Pas":"65/4","Vol":1,"Faqe":180,"Pronaret":"SHTET","Kufizimet":"MBI KËTË PASURI NDODHET NJË NDËRTIM I PALIGJSHËM, KJO PASURI POSEDOHET NGA QAZIM HYSENI  SIPAS AMTP-SE NR.1668","Siperfaqe":350}},
{"type":"Feature","geometry":{"type":"Polygon","coordinates":[[[20.10339385356977,40.39916177122182],[20.10349131117688,40.39903296512222],[20.10372175905943,40.39911619874918],[20.103645952829183,40.39923841182028],[20.103605002346264,40.39922582966018],[20.103541316300255,40.39920626189116],[20.10339385356977,40.39916177122182]]]},"properties":{"Zk_Numer":3067,"Zk_Emer":"PSAR","Nr_Pas":"65/5","Vol":1,"Faqe":181,"Pronaret":"SHTET","Kufizimet":"MBI KËTË PASURI NDODHET NJË NDËRTIM I PALIGJSHËM, KJO PASURI POSEDOHET NGA HYSEN RAMIS HYSENI  SIPAS AMTP-SE NR.1689","Siperfaqe":350}},
{"type":"Feature","geometry":{"type":"Polygon","coordinates":[[[20.103186526139524,40.39898451059084],[20.103262134839476,40.39901602267175],[20.103336090710414,40.399024992167426],[20.1033697535124,40.39898490528666],[20.103385457985233,40.39896667478907],[20.10341923245529,40.39892720735967],[20.10343688094069,40.3989061635585],[20.103647228671974,40.399063239544674],[20.103898356570816,40.399157915624855],[20.10376947850773,40.39925783040573],[20.10375083698117,40.399271594081426],[20.103703747286254,40.399256169309815],[20.103645952829183,40.39923841182028],[20.10372175905943,40.39911619874918],[20.10349131117688,40.39903296512222],[20.10339385356977,40.39916177122182],[20.103191234826628,40.39904424936658],[20.103186526139524,40.39898451059084]]]},"properties":{"Zk_Numer":3067,"Zk_Emer":"PSAR","Nr_Pas":"65/6","Vol":1,"Faqe":183,"Pronaret":"SHTET","Kufizimet":"KJO PASURI OKUPOHET NGA HYSEN RAMIS HYSENI","Siperfaqe":660}},
{"type":"Feature","geometry":{"type":"Polygon","coordinates":[[[20.103754398862517,40.39841798039017],[20.10385364984975,40.39852711459996],[20.103767704612057,40.39861647302452],[20.103687091357976,40.398657295562145],[20.103570428198417,40.3987253741895],[20.10343688094069,40.3989061635585],[20.10341923245529,40.39892720735967],[20.103385457985233,40.39896667478907],[20.1033697535124,40.39898490528666],[20.103336090710414,40.399024992167426],[20.103262134839476,40.39901602267175],[20.103186526139524,40.39898451059084],[20.103087837554813,40.39897564707382],[20.10302531491443,40.39893818557465],[20.103235772338323,40.39865352773351],[20.103363444244795,40.39855647072766],[20.10355091887119,40.39849006392668],[20.103754398862517,40.39841798039017]],[[20.103234621113845,40.39888164371415],[20.103424819149197,40.39890856803086],[20.103465379779884,40.39871901472767],[20.10327518226209,40.39869209047614],[20.103234621113845,40.39888164371415]]]},"properties":{"Zk_Numer":3067,"Zk_Emer":"PSAR","Nr_Pas":"65/7","Vol":1,"Faqe":184,"Pronaret":"SHTET","Kufizimet":"KJO PASURI OKUPOHET NGA HYSEN RAMIS HYSENI","Siperfaqe":1657}},
{"type":"Feature","geometry":{"type":"Polygon","coordinates":[[[20.10343688094069,40.3989061635585],[20.103570428198417,40.3987253741895],[20.103687091357976,40.398657295562145],[20.103767704612057,40.39861647302452],[20.10385364984975,40.39852711459996],[20.103754398862517,40.39841798039017],[20.10379376383214,40.39840403514553],[20.103992235790184,40.39830743413424],[20.10415839548512,40.39819457981105],[20.104394839189673,40.39828667373523],[20.104464816252452,40.39831557573707],[20.104338399509356,40.39838756811487],[20.104199672783405,40.398512931179525],[20.10412114786301,40.39873062591665],[20.10407385189938,40.3989295026296],[20.104028833949442,40.39903577742739],[20.10395705870789,40.39911240570772],[20.103898356570816,40.399157915624855],[20.103647228671974,40.399063239544674],[20.10343688094069,40.3989061635585]],[[20.103836465894673,40.39870657721528],[20.104021445916036,40.39873215123224],[20.10407310014051,40.39853842237118],[20.103888120630142,40.39851284843537],[20.103836465894673,40.39870657721528]]]},"properties":{"Zk_Numer":3067,"Zk_Emer":"PSAR","Nr_Pas":"65/9","Vol":1,"Faqe":185,"Pronaret":"SHTET","Kufizimet":"MBI KËTË PASURI NDODHET NJË NDËRTIM I PALIGJSHËM, KJO PASURI OKUPOHET NGA SHEFQET SALIAJ , SALI SALIAJ","Siperfaqe":3603}},
{"type":"Feature","geometry":{"type":"Polygon","coordinates":[[[20.103716080373705,40.398056429359706],[20.103794300107158,40.398055239732656],[20.103893279201838,40.398047009805424],[20.103939820003333,40.398040321866034],[20.103954779154538,40.397994154844405],[20.103977160516564,40.39799483715633],[20.104072182412054,40.398010007119304],[20.1040961971462,40.39801578509383],[20.104123808383964,40.39802396025756],[20.104145096631143,40.39797275745123],[20.104162092221877,40.39791053162681],[20.10417469454421,40.39784089816839],[20.104329572897743,40.39786495330179],[20.104294308828262,40.39796916482691],[20.10422601317746,40.39806196345188],[20.10410273622541,40.39818539807679],[20.104001553400835,40.39825216379874],[20.10386716787483,40.39820225335884],[20.103690507059632,40.398130494200345],[20.103716080373705,40.398056429359706]]]},"properties":{"Zk_Numer":3067,"Zk_Emer":"PSAR","Nr_Pas":"70/8","Vol":1,"Faqe":198,"Pronaret":"SHTET","Kufizimet":"KJO PASURI OKUPOHET NGA NEXHIP FATLLI LAZA","Siperfaqe":997}},
{"type":"Feature","geometry":{"type":"Polygon","coordinates":[[[20.103836465894673,40.39870657721528],[20.103888120630142,40.39851284843537],[20.10407310014051,40.39853842237118],[20.104021445916036,40.39873215123224],[20.103836465894673,40.39870657721528]]]},"properties":{"Zk_Numer":3067,"Zk_Emer":"PSAR","Nr_Pas":"65/10","Vol":1,"Faqe":206,"Pronaret":"PASURI E PASAKTESUAR","Kufizimet":"MBI KËTË PASURI NDODHET NJË NDËRTIM I PALIGJSHËM, KJO PASURI POSEDOHET NGA NAPOLON SAFET HAJDINI  SIPAS AMTP-SE NR.1694","Siperfaqe":350}},
{"type":"Feature","geometry":{"type":"Polygon","coordinates":[[[20.103234621113845,40.39888164371415],[20.10327518226209,40.39869209047614],[20.103465379779884,40.39871901472767],[20.103424819149197,40.39890856803086],[20.103234621113845,40.39888164371415]]]},"properties":{"Zk_Numer":3067,"Zk_Emer":"PSAR","Nr_Pas":"65/8","Vol":1,"Faqe":182,"Pronaret":"SHTET","Kufizimet":"MBI KËTË PASURI NDODHET NJË NDËRTIM I PALIGJSHËM, KJO PASURI POSEDOHET NGA BAKI ABEDIN HAJDINI  SIPAS AMTP-SE NR.1703","Siperfaqe":350}},
{"type":"Feature","geometry":{"type":"Polygon","coordinates":[[[20.12507031610683,40.401627800631886],[20.12506568062667,40.40164890017863],[20.1249794069294,40.402076307679884],[20.124981430583006,40.4020859983631],[20.12496949556054,40.40208659374526],[20.124860038724965,40.402084791207],[20.12487638944685,40.401871234187375],[20.124888452367085,40.40160258738225],[20.125047418752054,40.40162803601503],[20.12507031610683,40.401627800631886]]]},"properties":{"Zk_Numer":3067,"Zk_Emer":"PSAR","Nr_Pas":"139/38","Vol":1,"Faqe":162,"Pronaret":"ELTON SELMANAJ SULO, ASQERI SELMANAJ SULO, FLORIJE SELMANAJ TEFIK, PRANVERA SELMANAJ SULO, SULO SELMANAJ AXHEM","Kufizimet":"PASURIA KUFIZOHET PER DIF.FAKT-DOK BRENDA 20% TE TOTALIT TE AMTP, KUFIZOHET DERI NE PLOTESIMIN E DOKUMENTACIONIT \r\nTEKNIKO LIGJOR (CERTIFIKATE E GJENDJES FAMILJARE AKTUALE)","Siperfaqe":659}},
{"type":"Feature","geometry":{"type":"Polygon","coordinates":[[[20.12507031610683,40.401627800631886],[20.12556646564552,40.401687158890674],[20.12547891488123,40.4020745550861],[20.124981430583006,40.4020859983631],[20.1249794069294,40.402076307679884],[20.12506568062667,40.40164890017863],[20.12507031610683,40.401627800631886]]]},"properties":{"Zk_Numer":3067,"Zk_Emer":"PSAR","Nr_Pas":"139/39","Vol":1,"Faqe":207,"Pronaret":"SHUAIP SELMANAJ AXHEM, MIRJETA SELMANAJ TEME, LULJETA SELMANAJ SHUAIP, LILJANE SELMANAJ SHUAIP, VJOLLCA SELMANAJ SHUAIP, NURKË SELMANAJ SHUAIP, PAJTIM SELMANAJ SHUAIP, FESTIM SELMANAJ SHUAIP","Kufizimet":"KUFIZOHET DERI NE PLOTESIMIN E DOKUMENTACIONIT \r\nTEKNIKO LIGJOR (CERTIFIKATE E GJENDJES FAMILJARE AKTUALE)","Siperfaqe":2009}},
{"type":"Feature","geometry":{"type":"Polygon","coordinates":[[[20.12229847207513,40.40548680823335],[20.122314890862494,40.40563609008872],[20.122312603347904,40.40586789968968],[20.122095974151367,40.40571259356889],[20.121916553154275,40.40561110612679],[20.122216857562133,40.405499952592606],[20.12229847207513,40.40548680823335]]]},"properties":{"Zk_Numer":3067,"Zk_Emer":"PSAR","Nr_Pas":"132/4","Vol":1,"Faqe":213,"Pronaret":"SHTET","Kufizimet":"KJO PASURI OKUPOHET NGA NAPOLON HAJDINI","Siperfaqe":710}},
{"type":"Feature","geometry":{"type":"Polygon","coordinates":[[[20.121916553154275,40.40561110612679],[20.121776958283903,40.405532100480116],[20.121714711655432,40.40549687102586],[20.121955796444073,40.40541772827003],[20.122270776421516,40.40534934178941],[20.12229847207513,40.40548680823335],[20.122216857562133,40.405499952592606],[20.121916553154275,40.40561110612679]]]},"properties":{"Zk_Numer":3067,"Zk_Emer":"PSAR","Nr_Pas":"132/5","Vol":1,"Faqe":214,"Pronaret":"SHTET","Kufizimet":"KJO PASURI OKUPOHET NGA AGRON MERSINI","Siperfaqe":719}},
{"type":"Feature","geometry":{"type":"Polygon","coordinates":[[[20.121714711655432,40.40549687102586],[20.12169890469699,40.40536082261201],[20.122130867675175,40.405268701797304],[20.122158599923146,40.40527647806845],[20.122263730509584,40.405314369551434],[20.122270776421516,40.40534934178941],[20.121955796444073,40.40541772827003],[20.121714711655432,40.40549687102586]]]},"properties":{"Zk_Numer":3067,"Zk_Emer":"PSAR","Nr_Pas":"132/6","Vol":1,"Faqe":176,"Pronaret":"AFRIM MALKO HASLLAN, FATIME MALKO HASLLAN, ENGJELL MALKO HASLLAN, MIMOZA MALKO GANI, ALMA MALKO HASLLAN, HASLLAN MALKO KASO, ZENEPE MALKO YZEIR, EDLIRA MALKO HASLLAN, SOKOL MALKO HASLLAN","Kufizimet":"KUFIZOHET DERI NE PLOTESIMIN E DOKUMENTACIONIT \r\nTEKNIKO LIGJOR (CERTIFIKATE E GJENDJES FAMILJARE AKTUALE)","Siperfaqe":574}},
{"type":"Feature","geometry":{"type":"Polygon","coordinates":[[[20.12169890469699,40.40536082261201],[20.121661360754057,40.40521568775609],[20.12163951878485,40.4051312522412],[20.12201631513342,40.40523658056026],[20.122130867675175,40.405268701797304],[20.12169890469699,40.40536082261201]]]},"properties":{"Zk_Numer":3067,"Zk_Emer":"PSAR","Nr_Pas":"132/7","Vol":1,"Faqe":215,"Pronaret":"FERUZE MERSINI SEJDO, GRISELDA MERSINI HYSENJ, VALBONA MERSINI HYSENJ, SANDRI MERSINI HYSENJ, ZENJEL MERSINI HYSENJ, ROBERT MERSINI HYSENJ, ERVEHE MERSINI XHEVIT, HYSENJ MERSINI YZEIR","Kufizimet":"KUFIZOHET DERI NE PLOTESIMIN E DOKUMENTACIONIT \r\nTEKNIKO LIGJOR (CERTIFIKATE E GJENDJES FAMILJARE AKTUALE)","Siperfaqe":493}},
{"type":"Feature","geometry":{"type":"Polygon","coordinates":[[[20.121661360754057,40.40521568775609],[20.12136083592667,40.40531769006791],[20.121170875822376,40.40540233445364],[20.121073002010743,40.40531396911118],[20.120955544679887,40.40521349338694],[20.120717900778484,40.40508362543809],[20.120879432896274,40.40495746033779],[20.120899012157874,40.40497157060329],[20.121028374076317,40.40504320726198],[20.121195685201876,40.40508315968278],[20.121427212269108,40.405083835855656],[20.12153758591353,40.4050991258922],[20.12163951878485,40.4051312522412],[20.121661360754057,40.40521568775609]]]},"properties":{"Zk_Numer":3067,"Zk_Emer":"PSAR","Nr_Pas":"132/8","Vol":1,"Faqe":219,"Pronaret":"NEXHIP LAZAJ FATLLI, NELJAN LAZAJ NEXHIP, LINDITA LAZAJ FEJZO, LINERDA LAZAJ NEXHIP","Kufizimet":"MBI KËTË PASURI NDODHET NJË NDËRTIM I PALIGJSHËM, PASURIA KUFIZOHET PER DIF.FAKT-DOK BRENDA 20% TE TOTALIT TE AMTP","Siperfaqe":1798}},
{"type":"Feature","geometry":{"type":"Polygon","coordinates":[[[20.121170875822376,40.40540233445364],[20.12136083592667,40.40531769006791],[20.121661360754057,40.40521568775609],[20.12169890469699,40.40536082261201],[20.121395898417244,40.40546420979592],[20.121245741755622,40.40552790159025],[20.12122324992667,40.40549996289957],[20.121170875822376,40.40540233445364]]]},"properties":{"Zk_Numer":3067,"Zk_Emer":"PSAR","Nr_Pas":"132/9","Vol":1,"Faqe":222,"Pronaret":"VENERA LAZAJ ASQERI, GËZIM LAZAJ FATLLI, MIRANDA LAZAJ MUSA, ENERJONA LAZAJ GËZIM, ENIAS LAZAJ ESMIRALD, PËLLUMBESH LAZAJ GËZIM, ESMIRALD LAZAJ GËZIM","Kufizimet":"MBI KËTË PASURI NDODHET NJË NDËRTIM I PALIGJSHËM","Siperfaqe":710}},
{"type":"Feature","geometry":{"type":"Polygon","coordinates":[[[20.121776958283903,40.405532100480116],[20.121916553154275,40.40561110612679],[20.122095974151367,40.40571259356889],[20.122312603347904,40.40586789968968],[20.12186900585042,40.405781911641405],[20.121517644710313,40.40583358549583],[20.121391197642545,40.40571479325018],[20.121776958283903,40.405532100480116]]]},"properties":{"Zk_Numer":3067,"Zk_Emer":"PSAR","Nr_Pas":"132/11","Vol":1,"Faqe":230,"Pronaret":"SHTET","Kufizimet":"","Siperfaqe":1295}},
{"type":"Feature","geometry":{"type":"Polygon","coordinates":[[[20.113873261463983,40.405601543506094],[20.114217842861372,40.40493302634479],[20.1145473381903,40.40496763298614],[20.114370269537744,40.405486021841156],[20.113873261463983,40.405601543506094]]]},"properties":{"Zk_Numer":3067,"Zk_Emer":"PSAR","Nr_Pas":"121/11","Vol":1,"Faqe":231,"Pronaret":"REDI SALIAJ ALI, BARDHUL SALIAJ PETREF, LILJANA SALIAJ PETREF, AGIM SALIAJ PETREF, OLIMBI SALIAJ TOMOR, ALTIN SALIAJ PETREF, PETREF SALIAJ ALI, ALI SALIAJ PETREF, SADUSHE SALIAJ RIZA","Kufizimet":"KUFIZOHET DERI NE PLOTESIMIN E DOKUMENTACIONIT \r\nTEKNIKO LIGJOR (CERTIFIKATE E GJENDJES FAMILJARE AKTUALE)","Siperfaqe":2212}},
{"type":"Feature","geometry":{"type":"Polygon","coordinates":[[[20.113605425791512,40.40557417017176],[20.113855946726666,40.40516796018771],[20.11392928757152,40.40507494152343],[20.114217842861372,40.40493302634479],[20.113873261463983,40.405601543506094],[20.113605425791512,40.40557417017176]]]},"properties":{"Zk_Numer":3067,"Zk_Emer":"PSAR","Nr_Pas":"121/12","Vol":1,"Faqe":232,"Pronaret":"THËLLEZ SALIAJ SHABAN, FAIK SALIAJ MYSLIM","Kufizimet":"KUFIZOHET DERI NE PLOTESIMIN E DOKUMENTACIONIT \r\nTEKNIKO LIGJOR (CERTIFIKATE E GJENDJES FAMILJARE AKTUALE)","Siperfaqe":1381}},
{"type":"Feature","geometry":{"type":"Polygon","coordinates":[[[20.113605425791512,40.40557417017176],[20.11316976975935,40.40562047512873],[20.113281691960456,40.40525278214405],[20.11392928757152,40.40507494152343],[20.113855946726666,40.40516796018771],[20.113605425791512,40.40557417017176]]]},"properties":{"Zk_Numer":3067,"Zk_Emer":"PSAR","Nr_Pas":"121/13","Vol":1,"Faqe":210,"Pronaret":"SOKOL SALIAJ HYSNI, ILIR SALIAJ HYSNI, HYSNI SALIAJ MYSLIM","Kufizimet":"","Siperfaqe":1952}},
{"type":"Feature","geometry":{"type":"Polygon","coordinates":[[[20.11153328659534,40.40692395792746],[20.111716349486667,40.40727403390985],[20.111207201804998,40.40744048201486],[20.11095904624909,40.40713665294237],[20.11138917466125,40.40691922029525],[20.11153328659534,40.40692395792746]]]},"properties":{"Zk_Numer":3067,"Zk_Emer":"PSAR","Nr_Pas":"119/1","Vol":1,"Faqe":233,"Pronaret":"FERUZE LAZAJ SADEDIN, SOSE LAZAJ FATLLI, EDMONDA LAZAJ FATLLI, FATLLI LAZAJ NEXHIP, ET'HEM LAZAJ FATLLI, SKENDER LAZAJ FATLLI, ETLEVA LAZAJ FATLLI","Kufizimet":"KUFIZOHET DERI NE PLOTESIMIN E DOKUMENTACIONIT \r\nTEKNIKO LIGJOR (CERTIFIKATE E GJENDJES FAMILJARE AKTUALE)","Siperfaqe":2212}},
{"type":"Feature","geometry":{"type":"Polygon","coordinates":[[[20.111716349486667,40.40727403390985],[20.11153328659534,40.40692395792746],[20.1120693787395,40.40694158019673],[20.112129973959384,40.407138811535454],[20.111716349486667,40.40727403390985]]]},"properties":{"Zk_Numer":3067,"Zk_Emer":"PSAR","Nr_Pas":"119/2","Vol":1,"Faqe":223,"Pronaret":"PËLLUMBESH LAZAJ GËZIM, ESMIRALD LAZAJ GËZIM, VENERA LAZAJ ASQERI, ENERJONA LAZAJ GËZIM, ENIAS LAZAJ ESMIRALD, GËZIM LAZAJ FATLLI, MIRANDA LAZAJ MUSA","Kufizimet":"","Siperfaqe":1292}},
{"type":"Feature","geometry":{"type":"Polygon","coordinates":[[[20.100495343883455,40.40265193405054],[20.100584207370694,40.402934032025414],[20.10062501351409,40.40308714648027],[20.100809158228042,40.40323968654672],[20.100847076695295,40.40328608618809],[20.10087536829138,40.4034297053001],[20.100905665167428,40.40348401546628],[20.100915309985666,40.40350130474294],[20.1009905923096,40.40353796371892],[20.101017099333912,40.40355496108647],[20.10087038935417,40.40357813869467],[20.10068088374326,40.403627033275974],[20.1005543114552,40.40364048128917],[20.100446910569755,40.40362990433046],[20.100333392393146,40.403615331246066],[20.100185852136846,40.40361879365998],[20.100098603560188,40.40365688212514],[20.100001046811997,40.4037215434756],[20.100034499693535,40.40365405300256],[20.100157145512718,40.403514248491284],[20.100275650096386,40.40340643945781],[20.100332674720242,40.403273184992244],[20.100368718138707,40.40309501224395],[20.10038566634465,40.40297010408255],[20.100427848043395,40.402960557574836],[20.100408412733373,40.40290617181709],[20.10041261350402,40.40283363636607],[20.100459995050127,40.40273000128324],[20.100495343883455,40.40265193405054]],[[20.100561629823986,40.40350535290228],[20.100744712692823,40.40355239616015],[20.100825754402344,40.40337033948617],[20.100642671970853,40.4033232963546],[20.100561629823986,40.40350535290228]]]},"properties":{"Zk_Numer":3067,"Zk_Emer":"PSAR","Nr_Pas":"9/1","Vol":1,"Faqe":235,"Pronaret":"FERIDE MALKO SHERIF, LUAN MALKO RAMADAN, AFERDITA MALKO MUHAMET, RAMADAN MALKO KASO, ALFRED MALKO RAMADAN, KASO MALKO RAMADAN","Kufizimet":"KUFIZOHET DERI NE PLOTESIMIN E DOKUMENTACIONIT \r\nTEKNIKO LIGJOR (CERTIFIKATE E GJENDJES FAMILJARE AKTUALE)","Siperfaqe":3158}},
{"type":"Feature","geometry":{"type":"Polygon","coordinates":[[[20.100561629823986,40.40350535290228],[20.100642671970853,40.4033232963546],[20.100825754402344,40.40337033948617],[20.100744712692823,40.40355239616015],[20.100561629823986,40.40350535290228]]]},"properties":{"Zk_Numer":3067,"Zk_Emer":"PSAR","Nr_Pas":"9/2","Vol":1,"Faqe":236,"Pronaret":"SHTET","Kufizimet":"KJO PASURI POSEDOHET NGA RAMADAN KASO MALKO  SIPAS AMTP-SE NR.1708","Siperfaqe":350}},
{"type":"Feature","geometry":{"type":"Polygon","coordinates":[[[20.100312128849065,40.406152380416444],[20.10070837420273,40.40592628992072],[20.100961299013857,40.406144097579116],[20.100901069771496,40.406408485244775],[20.10075239724876,40.40674100730185],[20.100312128849065,40.406152380416444]]]},"properties":{"Zk_Numer":3067,"Zk_Emer":"PSAR","Nr_Pas":"3/1","Vol":1,"Faqe":216,"Pronaret":"FERUZE MERSINI SEJDO, GRISELDA MERSINI HYSENJ, VALBONA MERSINI HYSENJ, SANDRI MERSINI HYSENJ, ZENJEL MERSINI HYSENJ, ROBERT MERSINI HYSENJ, ERVEHE MERSINI XHEVIT, HYSENJ MERSINI YZEIS","Kufizimet":"KUFIZOHET DERI NE PLOTESIMIN E DOKUMENTACIONIT \r\nTEKNIKO LIGJOR (CERTIFIKATE E GJENDJES FAMILJARE AKTUALE)","Siperfaqe":2585}},
{"type":"Feature","geometry":{"type":"Polygon","coordinates":[[[20.098677434250217,40.40698564242374],[20.09827799814106,40.40685485204137],[20.09852333564952,40.40609848931488],[20.099179422678716,40.40621164862328],[20.099379376840805,40.40635832304721],[20.09897256587993,40.40646546914198],[20.098887908466484,40.40662383024532],[20.098677434250217,40.40698564242374]]]},"properties":{"Zk_Numer":3067,"Zk_Emer":"PSAR","Nr_Pas":"1/1","Vol":1,"Faqe":244,"Pronaret":"BESIM MERSINI QAZIM, ARTA MERSINI BESIM, FLORIDA MERSINI BESIM, LULEZIME MERSINI BESIM, ZYRAKO MERSINI SADIK, DASHNOR MERSINI BESIM","Kufizimet":"KUFIZOHET DERI NE PLOTESIMIN E DOKUMENTACIONIT \r\nTEKNIKO LIGJOR (CERTIFIKATE E GJENDJES FAMILJARE AKTUALE)","Siperfaqe":4477}},
{"type":"Feature","geometry":{"type":"Polygon","coordinates":[[[20.10075239724876,40.40674100730185],[20.10046720353942,40.40690718839487],[20.10010182909339,40.407226639016116],[20.099929485075208,40.407127612003194],[20.099537651111692,40.40692535742358],[20.100034688818525,40.40643625038615],[20.100312128849065,40.406152380416444],[20.10075239724876,40.40674100730185]]]},"properties":{"Zk_Numer":3067,"Zk_Emer":"PSAR","Nr_Pas":"3/2","Vol":1,"Faqe":245,"Pronaret":"ARTA MERSINI BESIM, BESIM MERSINI QAZIM, LULEZIME MERSINI BESIM, DASHNOR MERSINI BESIM, FLORIDA MERSINI BESIM, ZYRAKO MERSINI SADIK","Kufizimet":"KUFIZOHET DERI NE PLOTESIMIN E DOKUMENTACIONIT \r\nTEKNIKO LIGJOR (CERTIFIKATE E GJENDJES FAMILJARE AKTUALE)","Siperfaqe":5780}},
{"type":"Feature","geometry":{"type":"Polygon","coordinates":[[[20.10075239724876,40.40674100730185],[20.1007640357917,40.407121419774974],[20.100724035334004,40.40738059490662],[20.10043736617795,40.40743328935003],[20.100155016473675,40.40724592912986],[20.10010182909339,40.407226639016116],[20.10046720353942,40.40690718839487],[20.10075239724876,40.40674100730185]]]},"properties":{"Zk_Numer":3067,"Zk_Emer":"PSAR","Nr_Pas":"3/3","Vol":2,"Faqe":3,"Pronaret":"SHTET","Kufizimet":"KJO PASURI OKUPOHET NGA HYSEN MERSINI","Siperfaqe":2466}},
{"type":"Feature","geometry":{"type":"Polygon","coordinates":[[[20.100055889904375,40.405404579767904],[20.100185954650247,40.40552095675041],[20.100368917224635,40.40569937589963],[20.1005127388366,40.40576909470463],[20.100249182788648,40.40582732547423],[20.100173661233715,40.405831706579654],[20.100090282878963,40.405840407358475],[20.09998957026169,40.40585581162198],[20.099824734095964,40.40588878978206],[20.09971147685105,40.40595603694774],[20.09950590196753,40.40627075150671],[20.099158602025735,40.40604135178974],[20.099312322504066,40.40571139693099],[20.099824891671883,40.4055369759729],[20.100055889904375,40.405404579767904]]]},"properties":{"Zk_Numer":3067,"Zk_Emer":"PSAR","Nr_Pas":"1/2","Vol":2,"Faqe":4,"Pronaret":"SHTET","Kufizimet":"KJO PASURI OKUPOHET NGA BESIM MERSINI","Siperfaqe":4392}},
{"type":"Feature","geometry":{"type":"Polygon","coordinates":[[[20.10005691661121,40.40534278706882],[20.10020206287538,40.405256013630535],[20.100053161523654,40.405091843450755],[20.09991983925127,40.40518060644087],[20.099909671551117,40.405160435900775],[20.09993747023691,40.405110638122714],[20.100101676023044,40.40484503946918],[20.100268900205855,40.404897171395355],[20.10043269678268,40.40494482505354],[20.100513554133194,40.40500239703291],[20.100576182785655,40.40506975189267],[20.10056318097858,40.4054740393743],[20.100608333917183,40.40568147162809],[20.10060282020523,40.405698947015566],[20.100590139159635,40.405705668135894],[20.10055717718244,40.40570115728912],[20.100500863025236,40.405687344497366],[20.10040358702628,40.405661398835704],[20.10005691661121,40.40534278706882]]]},"properties":{"Zk_Numer":3067,"Zk_Emer":"PSAR","Nr_Pas":"7/1","Vol":1,"Faqe":217,"Pronaret":"GRISELDA MERSINI HYSENJ, VALBONA MERSINI HYSENJ, ZENJEL MERSINI HYSENJ, ROBERT MERSINI HYSENJ, ERVEHE MERSINI XHEVIT, HYSENJ MERSINI YZEIR, FERUZE MERSINI SEJDO, SANDRI MERSINI HYSENJ","Kufizimet":"KUFIZOHET DERI NE PLOTESIMIN E DOKUMENTACIONIT \r\nTEKNIKO LIGJOR (CERTIFIKATE E GJENDJES FAMILJARE AKTUALE)","Siperfaqe":3098}},
{"type":"Feature","geometry":{"type":"Polygon","coordinates":[[[20.099909671551117,40.405160435900775],[20.099796282180257,40.40511685166085],[20.099605920342338,40.405010623837676],[20.09955791048777,40.4049534651669],[20.099528240934138,40.40471571152443],[20.09955201429963,40.40459678524691],[20.099721972506615,40.40429658599409],[20.099786262893225,40.40429996862795],[20.099803230690057,40.4043428445689],[20.099856067700408,40.404622035422896],[20.099927282522767,40.4047280972677],[20.100101676023044,40.40484503946918],[20.09993747023691,40.405110638122714],[20.099909671551117,40.405160435900775]]]},"properties":{"Zk_Numer":3067,"Zk_Emer":"PSAR","Nr_Pas":"7/3","Vol":2,"Faqe":5,"Pronaret":"SHTET","Kufizimet":"KJO PASURI OKUPOHET NGA SHABAN MERSINI","Siperfaqe":2533}},
{"type":"Feature","geometry":{"type":"Polygon","coordinates":[[[20.09991983925127,40.40518060644087],[20.100053161523654,40.405091843450755],[20.10020206287538,40.405256013630535],[20.10005691661121,40.40534278706882],[20.099953836138116,40.405248048890606],[20.09991983925127,40.40518060644087]]]},"properties":{"Zk_Numer":3067,"Zk_Emer":"PSAR","Nr_Pas":"7/2","Vol":1,"Faqe":218,"Pronaret":"SHTET","Kufizimet":"KJO PASURI POSEDOHET NGA HYSENJ YZEIR MERSINI  SIPAS AMTP-SE NR.1695","Siperfaqe":350}},
{"type":"Feature","geometry":{"type":"Polygon","coordinates":[[[20.09987174483555,40.40527289177434],[20.099868282109533,40.405324417955526],[20.099778606326634,40.405433768888805],[20.099805557005393,40.405348726407084],[20.099787903281054,40.40526061016163],[20.0996084801192,40.4052370378409],[20.099573502430736,40.40541582664853],[20.099762604683644,40.405441297816495],[20.09972347244034,40.40545970989874],[20.099637542462766,40.40546083418624],[20.099231466021983,40.405635772986315],[20.0991463077142,40.40537681678789],[20.099177212397763,40.405253751408516],[20.099049707239995,40.40502289294914],[20.099048200781304,40.404954173252065],[20.099136255903595,40.40484935750129],[20.09931500378691,40.40479169762723],[20.099465937020444,40.404714099966746],[20.09948778287451,40.4049699182485],[20.099523897362843,40.405009491287814],[20.099570952995858,40.4050519867067],[20.099710183676564,40.40513320296796],[20.099853066602847,40.405253565329375],[20.09987174483555,40.40527289177434]]]},"properties":{"Zk_Numer":3067,"Zk_Emer":"PSAR","Nr_Pas":"7/4","Vol":1,"Faqe":228,"Pronaret":"SHABAN MERSINI XHAFER, GENTIAN MERSINI SHABAN, LEONARDO MERSINI SHABAN, ARTAN MERSINI SHABAN, SHPRESË MERSINI SHABAN, AGRON MERSINI SHABAN, RAHIME MERSINI ISMAIL","Kufizimet":"KUFIZOHET DERI NE PLOTESIMIN E DOKUMENTACIONIT \r\nTEKNIKO LIGJOR (CERTIFIKATE E GJENDJES FAMILJARE AKTUALE)","Siperfaqe":3494}},
{"type":"Feature","geometry":{"type":"Polygon","coordinates":[[[20.099778606326634,40.405433768888805],[20.099775540623924,40.405435211331856],[20.099762604683644,40.405441297816495],[20.099573502430736,40.40541582664853],[20.0996084801192,40.4052370378409],[20.099787903281054,40.40526061016163],[20.099805557005393,40.405348726407084],[20.099778606326634,40.405433768888805]]]},"properties":{"Zk_Numer":3067,"Zk_Emer":"PSAR","Nr_Pas":"7/5","Vol":1,"Faqe":229,"Pronaret":"SHTET","Kufizimet":"MBI KËTË PASURI NDODHET NJË NDËRTIM I PALIGJSHËM, KJO PASURI POSEDOHET NGA SHABAN XHAFER MERSINI  SIPAS AMTP-SE NR.1670","Siperfaqe":350}},
{"type":"Feature","geometry":{"type":"Polygon","coordinates":[[[20.099775540623924,40.405435211331856],[20.09977860632663,40.405433768888805],[20.099868282109533,40.405324417955526],[20.09987174483555,40.40527289177434],[20.099915426220548,40.40526796637311],[20.100021217645537,40.405373556257935],[20.100055889904375,40.405404579767904],[20.099824891671883,40.4055369759729],[20.099775540623924,40.405435211331856]]]},"properties":{"Zk_Numer":3067,"Zk_Emer":"PSAR","Nr_Pas":"7/6","Vol":1,"Faqe":246,"Pronaret":"SHTET","Kufizimet":"KJO PASURI POSEDOHET NGA BESIM QAZIM MERSINI  SIPAS AMTP-SE NR.1671","Siperfaqe":350}},
{"type":"Feature","geometry":{"type":"Polygon","coordinates":[[[20.10951946515502,40.40236352736975],[20.10924400931223,40.40203420769221],[20.10995240625025,40.40202056292996],[20.110069041312837,40.40208489821658],[20.110247517230846,40.402192649557925],[20.11030756374878,40.402220987941824],[20.11037789773399,40.40224247418851],[20.110460297195864,40.40224923778954],[20.110615832765617,40.40223547737558],[20.110848228961828,40.402184588620216],[20.110927515078583,40.40216722688718],[20.11101567867428,40.402154323213],[20.111064346751714,40.40215284634382],[20.11108437547817,40.40218203257775],[20.11059639272632,40.402382983022584],[20.110215368450856,40.4023760348434],[20.10963728638246,40.40236355162444],[20.10951946515502,40.40236352736975]]]},"properties":{"Zk_Numer":3067,"Zk_Emer":"PSAR","Nr_Pas":"144/1","Vol":2,"Faqe":19,"Pronaret":"JETNOR ZYBA RIZA, MACAN ZYBA RIZA, ARBEN ZYBA RIZA, ELMAS ZYBA RIZA, EDMOND ZYBA RIZA, LIRI ZYBA RIZA, RIZA ZYBA MECAN","Kufizimet":"PASURIA KUFIZOHET PER DIF.FAKT-DOK MBI 20% TE TOTALIT TE AMTP, KUFIZOHET DERI NE PLOTESIMIN E DOKUMENTACIONIT \r\nTEKNIKO LIGJOR (CERTIFIKATE E GJENDJES FAMILJARE AKTUALE)","Siperfaqe":3479}},
{"type":"Feature","geometry":{"type":"Polygon","coordinates":[[[20.109244009312228,40.40203420769221],[20.109284301118077,40.40188534837973],[20.10977153319937,40.401279981383986],[20.11013368651651,40.401146873471475],[20.110435199402257,40.40142560486493],[20.11040909385034,40.40144118204497],[20.110260810666166,40.40152888254746],[20.110134211168347,40.40160016341498],[20.110007984956077,40.401680446945015],[20.109832584988403,40.40179200586218],[20.109797220932332,40.40184295677212],[20.109787855583214,40.40187971212702],[20.109799575760672,40.401927939389765],[20.109835000512447,40.40195972243308],[20.109904011391986,40.40199386851011],[20.10995240625025,40.40202056292996],[20.109244009312228,40.40203420769221]]]},"properties":{"Zk_Numer":3067,"Zk_Emer":"PSAR","Nr_Pas":"144/2","Vol":2,"Faqe":21,"Pronaret":"DEZDEMONA MALAJ ZINI, SHPRESË MALAJ BEKIM, ZINI MALAJ ELMAS, QEMAL MALAJ ZINI, VULLNET MALAJ ZINI","Kufizimet":"KUFIZOHET DERI NE PLOTESIMIN E DOKUMENTACIONIT \r\nTEKNIKO LIGJOR (CERTIFIKATE E GJENDJES FAMILJARE AKTUALE)","Siperfaqe":4554}},
{"type":"Feature","geometry":{"type":"Polygon","coordinates":[[[20.110791001272133,40.40175451932356],[20.11103917825031,40.40211617029298],[20.110892071891033,40.402137148592104],[20.110611434498594,40.40219978778238],[20.11052541965486,40.402212292493076],[20.110464299592557,40.40221279509014],[20.110315891135073,40.40218343334325],[20.110165832854644,40.40209282267998],[20.110034366233673,40.402018983980234],[20.11009260429645,40.40201786199525],[20.110791001272133,40.40175451932356]]]},"properties":{"Zk_Numer":3067,"Zk_Emer":"PSAR","Nr_Pas":"144/4","Vol":2,"Faqe":20,"Pronaret":"ELMAS ZYBA RIZA, RIZA ZYBA MECAN, JETNOR ZYBA RIZA, ARBEN ZYBA RIZA, LIRI ZYBA RIZA, EDMOND ZYBA RIZA, MACAN ZYBA RIZA","Kufizimet":"KUFIZOHET DERI NE PLOTESIMIN E DOKUMENTACIONIT \r\nTEKNIKO LIGJOR (CERTIFIKATE E GJENDJES FAMILJARE AKTUALE), PASURIA KUFIZOHET PER DIF.FAKT-DOK MBI 20% TE TOTALIT TE AMTP","Siperfaqe":2343}},
{"type":"Feature","geometry":{"type":"Polygon","coordinates":[[[20.110791001272133,40.40175451932356],[20.11009260429645,40.40201786199525],[20.110034366233673,40.402018983980234],[20.1099569896482,40.40197552499727],[20.10988475366832,40.40193495316603],[20.1098538179869,40.40190815774629],[20.109848320895104,40.4018605432038],[20.10986790520365,40.40182273952513],[20.109974179897655,40.40174952038037],[20.11012171192454,40.40165776379354],[20.11034243423684,40.40152998638861],[20.11046931148875,40.40145653601385],[20.110791001272133,40.40175451932356]]]},"properties":{"Zk_Numer":3067,"Zk_Emer":"PSAR","Nr_Pas":"144/3","Vol":2,"Faqe":22,"Pronaret":"DEZDEMONA MALAJ ZINI, SHPRESË MALAJ BEKIM, ZINI MALAJ ELMAS, QEMAL MALAJ ZINI, VULLNET MALAJ ZINI","Kufizimet":"KUFIZOHET DERI NE PLOTESIMIN E DOKUMENTACIONIT \r\nTEKNIKO LIGJOR (CERTIFIKATE E GJENDJES FAMILJARE AKTUALE)","Siperfaqe":2502}},
{"type":"Feature","geometry":{"type":"Polygon","coordinates":[[[20.111366421666066,40.40240858955754],[20.11113160028655,40.40218833490594],[20.11151163322897,40.402187929754554],[20.111782313963804,40.402113175009475],[20.111857478286787,40.402172073042294],[20.111956125436595,40.40235233431898],[20.111366421666066,40.40240858955754]]]},"properties":{"Zk_Numer":3067,"Zk_Emer":"PSAR","Nr_Pas":"144/5","Vol":2,"Faqe":24,"Pronaret":"SHTET","Kufizimet":"","Siperfaqe":1373}},
{"type":"Feature","geometry":{"type":"Polygon","coordinates":[[[20.112070485706045,40.40256130739219],[20.111910662743128,40.40269027077767],[20.1118303223718,40.402689653612676],[20.11158439053186,40.40260342919113],[20.111525091945133,40.402568274218225],[20.111366421666066,40.40240858955754],[20.111956125436595,40.40235233431898],[20.112070485706045,40.40256130739219]]]},"properties":{"Zk_Numer":3067,"Zk_Emer":"PSAR","Nr_Pas":"144/6","Vol":2,"Faqe":25,"Pronaret":"SHTET","Kufizimet":"KJO PASURI OKUPOHET NGA MUHARREM JAUPI","Siperfaqe":1415}},
{"type":"Feature","geometry":{"type":"Polygon","coordinates":[[[20.111956125436595,40.40235233431898],[20.112132719297154,40.40229637354285],[20.112173197670163,40.402489351329194],[20.112070485706045,40.40256130739219],[20.111956125436595,40.40235233431898]]]},"properties":{"Zk_Numer":3067,"Zk_Emer":"PSAR","Nr_Pas":"144/7","Vol":2,"Faqe":26,"Pronaret":"SHTET","Kufizimet":"","Siperfaqe":311}},
{"type":"Feature","geometry":{"type":"Polygon","coordinates":[[[20.112173197670163,40.402489351329194],[20.112132719297154,40.40229637354285],[20.11224695768949,40.402305931062806],[20.112416900906506,40.40233268140365],[20.1123796366595,40.40249326541042],[20.11224821692569,40.402484234397235],[20.112224965661397,40.40247849340233],[20.112173197670163,40.402489351329194]]]},"properties":{"Zk_Numer":3067,"Zk_Emer":"PSAR","Nr_Pas":"144/8","Vol":2,"Faqe":12,"Pronaret":"ISUF SUBASHI FEJZO, DILAVERE SUBASHI HAKI, GRAMOS SUBASHI ISUF, FEJZO SUBASHI ISUF","Kufizimet":"","Siperfaqe":406}},
{"type":"Feature","geometry":{"type":"Polygon","coordinates":[[[20.112132719297154,40.40229637354285],[20.111956125436595,40.40235233431898],[20.111857478286787,40.402172073042294],[20.111782313963804,40.402113175009475],[20.111953140347946,40.40195616557251],[20.112187179287755,40.401737394509894],[20.112391997732093,40.40170617645766],[20.112650652431416,40.40173813116901],[20.11331278767226,40.40218950649342],[20.113478251423256,40.40239092585289],[20.113374481841642,40.40244803868219],[20.113159886757703,40.40256614718415],[20.11309104660811,40.40253798553095],[20.112783584013844,40.40241559381537],[20.112416900906506,40.40233268140365],[20.11224695768949,40.402305931062806],[20.112132719297154,40.40229637354285]]]},"properties":{"Zk_Numer":3067,"Zk_Emer":"PSAR","Nr_Pas":"144/9","Vol":2,"Faqe":27,"Pronaret":"SHUAIP SELMANAJ AXHEM, FESTIM SELMANAJ SHUAIP, PAJTIM SELMANAJ SHUAIP, NURKË SELMANAJ SHUAIP, VJOLLCA SELMANAJ SHUAIP, LILJANE SELMANAJ SHUAIP, LULJETA SELMANAJ SHUAIP, MIRJETA SELMANAJ TEME","Kufizimet":"KUFIZOHET DERI NE PLOTESIMIN E DOKUMENTACIONIT \r\nTEKNIKO LIGJOR (CERTIFIKATE E GJENDJES FAMILJARE AKTUALE)","Siperfaqe":7460}},
{"type":"Feature","geometry":{"type":"Polygon","coordinates":[[[20.114173799830937,40.402521686927756],[20.11391816310802,40.40252658144535],[20.11373910842043,40.40244629313895],[20.113559630945588,40.40241354934482],[20.113535518118898,40.402389079850785],[20.113580829861718,40.40235417438536],[20.11328394947714,40.402094624325635],[20.113016861018494,40.401909480726516],[20.113078650659222,40.40190873619697],[20.113128321678467,40.40189055549851],[20.11316317261895,40.40184604620974],[20.113200809741304,40.40177648239978],[20.113230623429768,40.401721378348405],[20.113282307588243,40.40167294669201],[20.113325257589285,40.4016521038818],[20.11335593162662,40.40163721834325],[20.11342983724645,40.40164214827487],[20.11347716025208,40.4016656394829],[20.11357445152505,40.40171393489815],[20.11365144192829,40.40178041938288],[20.11375161384257,40.401876295327696],[20.113794711300443,40.40194303411478],[20.113799142219552,40.40202185319639],[20.11379574290374,40.40210144191817],[20.113758651455456,40.402197818366936],[20.11370717990006,40.40226355537264],[20.113677885620977,40.402322388280105],[20.113690903640574,40.4023951777932],[20.11374253791299,40.402425780800584],[20.113801297067898,40.402433386216764],[20.113861458222896,40.40242237933458],[20.113955964907348,40.40238615883636],[20.114069372702645,40.40234269417171],[20.11419653931381,40.4023010767186],[20.114203685333656,40.402299340500385],[20.114173799830937,40.402521686927756]]]},"properties":{"Zk_Numer":3067,"Zk_Emer":"PSAR","Nr_Pas":"141/1","Vol":2,"Faqe":29,"Pronaret":"MUHAMET SALIAJ HETEM, EDMONDI SALIAJ MUHAMET, TOMOR SALIAJ MUHAMET, ANILA SALIAJ MUHAMET, HETEM SALIAJ MUHAMET, ERJON SALIAJ MUHAMET, MINE SALIAJ ADEM, LUMTURIJE SALIAJ HAMZA","Kufizimet":"KUFIZOHET DERI NE PLOTESIMIN E DOKUMENTACIONIT \r\nTEKNIKO LIGJOR (CERTIFIKATE E GJENDJES FAMILJARE AKTUALE","Siperfaqe":3600}},
{"type":"Feature","geometry":{"type":"Polygon","coordinates":[[[20.114281580834874,40.40177695766521],[20.114211182100547,40.40224906603261],[20.114038811627047,40.40230389169758],[20.113917068179212,40.40235259830746],[20.113853681532017,40.402377957693766],[20.113791946221003,40.402382896301404],[20.113761135993418,40.40237167505045],[20.11374905034258,40.40235138444767],[20.113745219899066,40.4023171173439],[20.11376484469772,40.40227097664164],[20.113803320707092,40.40221898668841],[20.113826270123578,40.402160478601964],[20.113838868944253,40.40212835866005],[20.11385085416589,40.40207237533723],[20.113851607637955,40.40202208924854],[20.11385529798468,40.40197586435454],[20.113846020645358,40.401943204083956],[20.113831847907367,40.40189330981727],[20.113814862166134,40.40186912666625],[20.113788721409794,40.40183190918417],[20.113756855007725,40.40179443260393],[20.113703118307654,40.40174676258777],[20.113635481191334,40.401695138308014],[20.113587458533924,40.40165848476447],[20.113549845572656,40.40163498350681],[20.11350915199371,40.40161580626406],[20.11347283328267,40.401598690698776],[20.113443661829624,40.40158957133764],[20.113416411929048,40.40158799681576],[20.113356782207802,40.40158455133831],[20.113307860963218,40.401599313303514],[20.11326220573974,40.401621137492846],[20.113199674879766,40.401673127262285],[20.113138613603617,40.401757102574614],[20.113105174250915,40.401827812834874],[20.113077537943937,40.401846096481115],[20.113054916463113,40.40185476618755],[20.113027251740498,40.40185607436448],[20.112994913917056,40.40183941558868],[20.112959178946586,40.401808635247846],[20.11293733355854,40.40178015091316],[20.112893277867528,40.401755851993705],[20.112884175696397,40.4017508316863],[20.11315864537819,40.40141508567511],[20.113729142827104,40.40168837736046],[20.114281580834874,40.40177695766521]]]},"properties":{"Zk_Numer":3067,"Zk_Emer":"PSAR","Nr_Pas":"141/2","Vol":2,"Faqe":30,"Pronaret":"MUHAMET SALIAJ HETEM, ERJON SALIAJ MUHAMET, HETEM SALIAJ MUHAMET, ANILA SALIAJ MUHAMET, TOMOR SALIAJ MUHAMET, EDMONDI SALIAJ MUHAMET, LUMTURIJE SALIAJ HAMZA, MINE SALIAJ ADEM","Kufizimet":"KUFIZOHET DERI NE PLOTESIMIN E DOKUMENTACIONIT \r\nTEKNIKO LIGJOR (CERTIFIKATE E GJENDJES FAMILJARE AKTUALE","Siperfaqe":3515}},
{"type":"Feature","geometry":{"type":"Polygon","coordinates":[[[20.11454934504851,40.40200825988075],[20.114569159367154,40.402174524097276],[20.114478017539103,40.402177225798106],[20.114369588081694,40.40220580299052],[20.114238962385176,40.402240229959176],[20.114211182100547,40.40224906603261],[20.114281580834874,40.40177695766521],[20.11454934504851,40.40200825988075]]]},"properties":{"Zk_Numer":3067,"Zk_Emer":"PSAR","Nr_Pas":"141/3","Vol":2,"Faqe":31,"Pronaret":"ENGJELL MALKO HASLLAN, MIMOZA MALKO GANI, SOKOL MALKO HASLLAN, AFRIM MALKO HASLLAN, FATIME MALKO HASLLAN, ALMA MALKO HASLLAN, ZENEPE MALKO YZEIR, HASLLAN MALKO KASO, EDLIRA MALKO HASLLAN","Kufizimet":"KUFIZOHET DERI NE PLOTESIMIN E DOKUMENTACIONIT \r\nTEKNIKO LIGJOR (CERTIFIKATE E GJENDJES FAMILJARE AKTUALE)","Siperfaqe":931}},
{"type":"Feature","geometry":{"type":"Polygon","coordinates":[[[20.114887953335913,40.40248210604634],[20.11486817748147,40.402532178296184],[20.114697428004792,40.40253087092211],[20.114611758472275,40.40253197524072],[20.114574884164643,40.40222256137317],[20.114587450788168,40.402221744216675],[20.114629328975987,40.402229431217556],[20.114668137868183,40.40225000195056],[20.1146791632719,40.40228970675296],[20.114652465688216,40.40236950816507],[20.114637745338893,40.40241350849297],[20.11464083270275,40.402459340939615],[20.114653805038238,40.40248723651967],[20.114694017184476,40.40250651780292],[20.11477860098614,40.40251265947831],[20.114856963138195,40.40249540732474],[20.114887953335913,40.40248210604634]]]},"properties":{"Zk_Numer":3067,"Zk_Emer":"PSAR","Nr_Pas":"141/5","Vol":2,"Faqe":33,"Pronaret":"SHTET","Kufizimet":"KJO PASURI OKUPOHET NGA QAZIM HYSENI","Siperfaqe":236}},
{"type":"Feature","geometry":{"type":"Polygon","coordinates":[[[20.11454934504851,40.40200825988075],[20.1148910509697,40.40211796435716],[20.115023533977308,40.4021500073091],[20.114996075015885,40.40221922653979],[20.11497521485468,40.40225301041498],[20.114965589999105,40.40228218794449],[20.11495373424717,40.40231812834949],[20.11494102340737,40.40235666088729],[20.11492336729089,40.40239131828314],[20.1148954332091,40.40241691788399],[20.11485885955386,40.40243633287825],[20.114824781754724,40.40244900295878],[20.114776602738992,40.40245825669773],[20.114733088054955,40.40245523139143],[20.11470294052272,40.40243991798013],[20.114698874786733,40.402410770049485],[20.114720209737854,40.402360628032504],[20.114744302328003,40.40230400483837],[20.114740036891064,40.40225918819464],[20.114717210439153,40.4022193187263],[20.114683031565086,40.40219531503356],[20.114668412323383,40.4021850479876],[20.114626727431357,40.402172817580364],[20.114573180588458,40.40217440489528],[20.114569159367154,40.402174524097276],[20.11454934504851,40.40200825988075]]]},"properties":{"Zk_Numer":3067,"Zk_Emer":"PSAR","Nr_Pas":"141/6","Vol":2,"Faqe":34,"Pronaret":"SHTET","Kufizimet":"KJO PASURI OKUPOHET NGA  QAZIM HYSENI","Siperfaqe":1001}},
{"type":"Feature","geometry":{"type":"Polygon","coordinates":[[[20.11131022830812,40.40213190412538],[20.111329367522035,40.40191316782276],[20.111781635899405,40.40155672645873],[20.112082368738207,40.40171423315993],[20.11204007995128,40.40174406094855],[20.111880082455453,40.40187976728257],[20.111774661655964,40.40200951862282],[20.111718886044148,40.40204596665814],[20.111659139415064,40.402081609877015],[20.111550329711896,40.40212547721445],[20.111466192100035,40.40213364588899],[20.11134023129957,40.402134576084094],[20.11131022830812,40.40213190412538]]]},"properties":{"Zk_Numer":3067,"Zk_Emer":"PSAR","Nr_Pas":"142/1","Vol":2,"Faqe":18,"Pronaret":"ASQERI SELMANAJ SULO, PRANVERA SELMANAJ SULO, ELTON SELMANAJ SULO, FLORIJE SELMANAJ TEFIK, SULO SELMANAJ AXHEM","Kufizimet":"PASURIA KUFIZOHET PER DIF.FAKT-DOK BRENDA 20% TE TOTALIT TE AMTP, KUFIZOHET DERI NE PLOTESIMIN E DOKUMENTACIONIT \r\nTEKNIKO LIGJOR (CERTIFIKATE E GJENDJES FAMILJARE AKTUALE)","Siperfaqe":2169}},
{"type":"Feature","geometry":{"type":"Polygon","coordinates":[[[20.111229105599723,40.40127868794224],[20.111374172959895,40.40152817665643],[20.111382902553483,40.401715202535215],[20.111227469624158,40.40174113182427],[20.110963043818398,40.401457561543175],[20.111229105599723,40.40127868794224]]]},"properties":{"Zk_Numer":3067,"Zk_Emer":"PSAR","Nr_Pas":"146/1","Vol":2,"Faqe":35,"Pronaret":"MYNIRE SALIAJ FAIK, PERIE SALIAJ SALI, SALI SALIAJ MALIQ","Kufizimet":"KUFIZOHET DERI NE PLOTESIMIN E DOKUMENTACIONIT \r\nTEKNIKO LIGJOR (CERTIFIKATE E GJENDJES FAMILJARE AKTUALE)","Siperfaqe":1035}},
{"type":"Feature","geometry":{"type":"Polygon","coordinates":[[[20.111229105599723,40.40127868794224],[20.110963043818398,40.401457561543175],[20.110787832534502,40.40130532826328],[20.110913121085645,40.40131106088386],[20.110998635819133,40.40131891483332],[20.11101928701689,40.40121343765627],[20.111042719019554,40.40101778898071],[20.111183802715555,40.401037239063136],[20.111229105599723,40.40127868794224]]]},"properties":{"Zk_Numer":3067,"Zk_Emer":"PSAR","Nr_Pas":"146/8","Vol":2,"Faqe":39,"Pronaret":"SHEFQET SALIAJ HAMIT, DRITAN SALIAJ SHEFQET, XHEMAL SALIAJ SHEFQET, HAJRO SALIAJ SHEFQET, HATIJEKO SALIAJ ALIKO","Kufizimet":"PASURIA KUFIZOHET PER DIF.FAKT-DOK BRENDA 20% TE TOTALIT TE AMTP, KUFIZOHET DERI NE PLOTESIMIN E DOKUMENTACIONIT \r\nTEKNIKO LIGJOR (CERTIFIKATE E GJENDJES FAMILJARE AKTUALE)","Siperfaqe":754}},
{"type":"Feature","geometry":{"type":"Polygon","coordinates":[[[20.110694958156444,40.401086362533086],[20.110998635819133,40.40131891483332],[20.110913121085645,40.40131106088386],[20.110787832534502,40.40130532826328],[20.110647266140763,40.40112414909707],[20.110694958156444,40.401086362533086]]]},"properties":{"Zk_Numer":3067,"Zk_Emer":"PSAR","Nr_Pas":"146/9","Vol":2,"Faqe":40,"Pronaret":"BILBIL HYSENJI QAZIM, BUJAR HYSENJI QAZIM, MARGARIT HYSENJI QAZIM, QAZIM HYSENJI RAMIS, MINE HYSENJI SHEFIT, TOMOR HYSENJI QAZIM","Kufizimet":"KUFIZOHET DERI NE PLOTESIMIN E DOKUMENTACIONIT \r\nTEKNIKO LIGJOR (CERTIFIKATE E GJENDJES FAMILJARE AKTUALE)","Siperfaqe":275}},
{"type":"Feature","geometry":{"type":"Polygon","coordinates":[[[20.110726950348536,40.401049186372695],[20.11101928701689,40.40121343765627],[20.110998635819133,40.40131891483332],[20.110694958156444,40.401086362533086],[20.110726950348536,40.401049186372695]]]},"properties":{"Zk_Numer":3067,"Zk_Emer":"PSAR","Nr_Pas":"146/10","Vol":2,"Faqe":41,"Pronaret":"HYSENJ HYSENJI RAMIS, PEMBE HYSENJI MAKSUT, RAMIS HYSENJI QAZIM, FLUTUR HYSENJI HYSENJ, ALBERT HYSENJI HYSENJ, ROVENA HYSENJI HYSENJ, XHEVRI HYSENJI ELMAS","Kufizimet":"KUFIZOHET DERI NE PLOTESIMIN E DOKUMENTACIONIT \r\nTEKNIKO LIGJOR (CERTIFIKATE E GJENDJES FAMILJARE AKTUALE)","Siperfaqe":250}},
{"type":"Feature","geometry":{"type":"Polygon","coordinates":[[[20.111600008923357,40.401261486764035],[20.111761291717954,40.401482856572464],[20.111434290309912,40.40175901246019],[20.111418950142376,40.40153179743602],[20.111347562235327,40.40135036803469],[20.111600008923357,40.401261486764035]]]},"properties":{"Zk_Numer":3067,"Zk_Emer":"PSAR","Nr_Pas":"146/2","Vol":2,"Faqe":36,"Pronaret":"ERMELINDË SALIAJ HEKURAN, HERVIS SALIAJ HEKURAN, FIZE SALIAJ HEKURAN, HEKURAN SALIAJ SHEFQET, MBETE SALIAJ HAJDER","Kufizimet":"KUFIZOHET DERI NE PLOTESIMIN E DOKUMENTACIONIT \r\nTEKNIKO LIGJOR (CERTIFIKATE E GJENDJES FAMILJARE AKTUALE)","Siperfaqe":1010}},
{"type":"Feature","geometry":{"type":"Polygon","coordinates":[[[20.111285788632586,40.4012104460561],[20.111461726880947,40.401132511379956],[20.111600008923357,40.401261486764035],[20.111347562235327,40.40135036803469],[20.111285788632586,40.4012104460561]]]},"properties":{"Zk_Numer":3067,"Zk_Emer":"PSAR","Nr_Pas":"146/3","Vol":2,"Faqe":23,"Pronaret":"VULLNET MALAJ ZINI, DEZDEMONA MALAJ ZINI, ZINI MALAJ ELMAS, SHPRESË MALAJ BEKIM, QEMAL MALAJ ZINI","Kufizimet":"KUFIZOHET DERI NE PLOTESIMIN E DOKUMENTACIONIT \r\nTEKNIKO LIGJOR (CERTIFIKATE E GJENDJES FAMILJARE AKTUALE)","Siperfaqe":350}},
{"type":"Feature","geometry":{"type":"Polygon","coordinates":[[[20.111461726880947,40.401132511379956],[20.111666295693723,40.40099381916203],[20.111719368280422,40.401169724535556],[20.111600008923357,40.401261486764035],[20.111461726880947,40.401132511379956]]]},"properties":{"Zk_Numer":3067,"Zk_Emer":"PSAR","Nr_Pas":"146/4","Vol":2,"Faqe":28,"Pronaret":"MIRJETA SELMANAJ TEME, FESTIM SELMANAJ SHUAIP, LILJANE SELMANAJ SHUAIP, VJOLLCA SELMANAJ SHUAIP, NURKË SELMANAJ SHUAIP, PAJTIM SELMANAJ SHUAIP, LULJETA SELMANAJ SHUAIP, SHUAIP SELMANAJ AXHEM","Kufizimet":"KUFIZOHET DERI NE PLOTESIMIN E DOKUMENTACIONIT \r\nTEKNIKO LIGJOR (CERTIFIKATE E GJENDJES FAMILJARE AKTUALE)","Siperfaqe":337}},
{"type":"Feature","geometry":{"type":"Polygon","coordinates":[[[20.111461726880947,40.401132511379956],[20.111399626723323,40.40103612043478],[20.111183802715555,40.401037239063136],[20.111240934209274,40.40089772608312],[20.11142877397935,40.4008806486989],[20.111666295693723,40.40099381916203],[20.111461726880947,40.401132511379956]]]},"properties":{"Zk_Numer":3067,"Zk_Emer":"PSAR","Nr_Pas":"146/5","Vol":2,"Faqe":37,"Pronaret":"SHTET","Kufizimet":"KJO PASURI OKUPOHET NGA HEKURAN SALIAJ","Siperfaqe":600}},
{"type":"Feature","geometry":{"type":"Polygon","coordinates":[[[20.111183802715555,40.401037239063136],[20.111399626723323,40.40103612043478],[20.111461726880947,40.401132511379956],[20.111285788632586,40.4012104460561],[20.111183802715555,40.401037239063136]]]},"properties":{"Zk_Numer":3067,"Zk_Emer":"PSAR","Nr_Pas":"146/6","Vol":2,"Faqe":38,"Pronaret":"SHTET","Kufizimet":"","Siperfaqe":279}},
{"type":"Feature","geometry":{"type":"Polygon","coordinates":[[[20.111042719019554,40.40101778898071],[20.11107932768718,40.400815613968575],[20.111240934209274,40.40089772608312],[20.111183802715555,40.401037239063136],[20.111042719019554,40.40101778898071]]]},"properties":{"Zk_Numer":3067,"Zk_Emer":"PSAR","Nr_Pas":"146/7","Vol":2,"Faqe":8,"Pronaret":"LAVDIMIR SUBASHI JAHO, ELIDE SUBASHI JAHO, JAHO SUBASHI FEJZO, JULJANA SUBASHI JAHO, ERVIST SUBASHI JAHO, ENKELETA SUBASHI JAHO, LUMTURI SUBASHI MESTAN","Kufizimet":"PASURIA KUFIZOHET PER DIF.FAKT-DOK MBI 20% TE TOTALIT TE AMTP, KUFIZOHET DERI NE PLOTESIMIN E DOKUMENTACIONIT \r\nTEKNIKO LIGJOR (CERTIFIKATE E GJENDJES FAMILJARE AKTUALE)","Siperfaqe":266}},
{"type":"Feature","geometry":{"type":"Polygon","coordinates":[[[20.110962918233763,40.40082921106189],[20.11107932768718,40.400815613968575],[20.111042719019554,40.40101778898071],[20.11101928701689,40.40121343765627],[20.110726950348536,40.401049186372695],[20.110962918233763,40.40082921106189]]]},"properties":{"Zk_Numer":3067,"Zk_Emer":"PSAR","Nr_Pas":"146/11","Vol":2,"Faqe":42,"Pronaret":"REFIT ABAZI SHUAIP, DRITA ABAZI IZET, ERVEHE ABAZI REFIT, SHUAIP ABAZI REFIT, SHEGË ABAZI TAHIR","Kufizimet":"KUFIZOHET DERI NE PLOTESIMIN E DOKUMENTACIONIT \r\nTEKNIKO LIGJOR (CERTIFIKATE E GJENDJES FAMILJARE AKTUALE)","Siperfaqe":689}},
{"type":"Feature","geometry":{"type":"Polygon","coordinates":[[[20.110962918233763,40.40082921106189],[20.110726950348536,40.401049186372695],[20.110636413759998,40.40099103224358],[20.110814506785612,40.4008467576683],[20.110962918233763,40.40082921106189]]]},"properties":{"Zk_Numer":3067,"Zk_Emer":"PSAR","Nr_Pas":"146/12","Vol":2,"Faqe":43,"Pronaret":"SHTET","Kufizimet":"KJO PASURI OKUPOHET NGA SAFET HAJDINI","Siperfaqe":245}},
{"type":"Feature","geometry":{"type":"Polygon","coordinates":[[[20.110702443574382,40.400766093425624],[20.110814506785612,40.4008467576683],[20.110636413759998,40.40099103224358],[20.11051971453511,40.40090942211899],[20.110702443574382,40.400766093425624]]]},"properties":{"Zk_Numer":3067,"Zk_Emer":"PSAR","Nr_Pas":"146/13","Vol":2,"Faqe":44,"Pronaret":"GURI HAJDINAJ ABEDIN, BRAHIM HAJDINAJ ABEDIN, ABEDIN HAJDINAJ IBRAHIM, QAMILE HAJDINAJ QERIM","Kufizimet":"KUFIZOHET DERI NE PLOTESIMIN E DOKUMENTACIONIT \r\nTEKNIKO LIGJOR (CERTIFIKATE E GJENDJES FAMILJARE AKTUALE)","Siperfaqe":293}},
{"type":"Feature","geometry":{"type":"Polygon","coordinates":[[[20.110702443574382,40.400766093425624],[20.11051971453511,40.40090942211899],[20.110415854962373,40.400810754215016],[20.11053843424203,40.4006545580136],[20.110702443574382,40.400766093425624]]]},"properties":{"Zk_Numer":3067,"Zk_Emer":"PSAR","Nr_Pas":"146/14","Vol":2,"Faqe":45,"Pronaret":"HETEM HAJDINAJ ADEM, ENGJELLUSHE HAJDINAJ LAME, ADEM HAJDINAJ IBRAHIM, SALIE HAJDINAJ DULE, ADRIANA HAJDINAJ HETEM, ADRIATIK HAJDINAJ HETEM","Kufizimet":"KUFIZOHET DERI NE PLOTESIMIN E DOKUMENTACIONIT \r\nTEKNIKO LIGJOR (CERTIFIKATE E GJENDJES FAMILJARE AKTUALE)","Siperfaqe":340}},
{"type":"Feature","geometry":{"type":"Polygon","coordinates":[[[20.11026479076918,40.40057647900465],[20.11015368024013,40.40053508908085],[20.110260267301555,40.40038239124836],[20.110369802914818,40.4004257153818],[20.11026479076918,40.40057647900465]]]},"properties":{"Zk_Numer":3067,"Zk_Emer":"PSAR","Nr_Pas":"146/15","Vol":2,"Faqe":46,"Pronaret":"NERTILA ABAZAJ ERZEN, SALUSHE ABAZAJ HAJDAR, ERZEN ABAZAJ ZEMAN, EDUART ABAZAJ GRAMOS","Kufizimet":"","Siperfaqe":200}},
{"type":"Feature","geometry":{"type":"Polygon","coordinates":[[[20.109978646494675,40.4007833424211],[20.109918847656168,40.40085206119766],[20.109750251200733,40.40078213742353],[20.10956466002925,40.400619250839746],[20.10968431599518,40.400531914045594],[20.109978646494675,40.4007833424211]]]},"properties":{"Zk_Numer":3067,"Zk_Emer":"PSAR","Nr_Pas":"146/16","Vol":2,"Faqe":47,"Pronaret":"NEIM ABAZAJ BARJAM, SYRI ABAZAJ ZEMAN, SHKELQIM ABAZAJ ZEMAN, GJYLO ABAZAJ TEME","Kufizimet":"PASURIA KUFIZOHET PER DIF.FAKT-DOK ME SHUMË SE 20% TE TOTALIT TE AMTP, KUFIZOHET DERI NE PLOTESIMIN E DOKUMENTACIONIT \r\nTEKNIKO LIGJOR (CERTIFIKATE E GJENDJES FAMILJARE AKTUALE)","Siperfaqe":512}},
{"type":"Feature","geometry":{"type":"Polygon","coordinates":[[[20.12541189723025,40.40735419855807],[20.125775663165193,40.40691068310931],[20.125864428135422,40.40693995225038],[20.125492318976583,40.40738984710495],[20.12541189723025,40.40735419855807]]]},"properties":{"Zk_Numer":3067,"Zk_Emer":"PSAR","Nr_Pas":"201/13","Vol":2,"Faqe":14,"Pronaret":"FEJZO SUBASHI ISUF, GRAMOS SUBASHI ISUF, DILAVERE SUBASHI HAKI, ISUF SUBASHI FEJZO","Kufizimet":"","Siperfaqe":469}},
{"type":"Feature","geometry":{"type":"Polygon","coordinates":[[[20.12522917479348,40.407256199729446],[20.12550265918866,40.40680847789959],[20.125775663165193,40.40691068310931],[20.12541189723025,40.40735419855807],[20.12522917479348,40.407256199729446]]]},"properties":{"Zk_Numer":3067,"Zk_Emer":"PSAR","Nr_Pas":"201/14","Vol":2,"Faqe":49,"Pronaret":"SHTET","Kufizimet":"KJO PASURI OKUPOHET NGA SHABAN MERSINI","Siperfaqe":1258}},
{"type":"Feature","geometry":{"type":"Polygon","coordinates":[[[20.12522917479348,40.407256199729446],[20.12518517933719,40.407232603728],[20.12508487557381,40.40710142765902],[20.12510089150813,40.40687898914371],[20.12519354384787,40.4066927524299],[20.12550265918866,40.40680847789959],[20.12522917479348,40.407256199729446]]]},"properties":{"Zk_Numer":3067,"Zk_Emer":"PSAR","Nr_Pas":"201/15","Vol":2,"Faqe":48,"Pronaret":"SHTET","Kufizimet":"KJO PASURI OKUPOHET NGA RESHAT MALKO","Siperfaqe":1258}},
{"type":"Feature","geometry":{"type":"Polygon","coordinates":[[[20.12169890469699,40.40536082261201],[20.121714711655432,40.40549687102586],[20.121776958283903,40.405532100480116],[20.121391197642545,40.40571479325018],[20.121359820275956,40.40568531531245],[20.121245741755622,40.40552790159025],[20.121395898417244,40.40546420979592],[20.12169890469699,40.40536082261201]]]},"properties":{"Zk_Numer":3067,"Zk_Emer":"PSAR","Nr_Pas":"132/10","Vol":1,"Faqe":226,"Pronaret":"RAHIME MERSINI ISMAIL, AGRON MERSINI SHABAN, SHPRESË MERSINI SHABAN, GENTIAN MERSINI SHABAN, ARTAN MERSINI SHABAN, LEONARDO MERSINI SHABAN, SHABAN MERSINI XHAFER","Kufizimet":"KUFIZOHET DERI NE PLOTESIMIN E DOKUMENTACIONIT \r\nTEKNIKO LIGJOR (CERTIFIKATE E GJENDJES FAMILJARE AKTUALE)","Siperfaqe":880}},
{"type":"Feature","geometry":{"type":"Polygon","coordinates":[[[20.100584207370694,40.402934032025414],[20.100794204643247,40.402896735537816],[20.10098894182369,40.40316618530248],[20.101265672953208,40.40347235602351],[20.101100708769533,40.40354595181591],[20.101017099333912,40.40355496108647],[20.1009905923096,40.40353796371892],[20.100915309985666,40.40350130474294],[20.100905665167428,40.40348401546628],[20.101080881803075,40.40344594377821],[20.100998404957235,40.40324170735838],[20.100847076695295,40.40328608618809],[20.100809158228042,40.40323968654672],[20.10062501351409,40.40308714648027],[20.100584207370694,40.402934032025414]]]},"properties":{"Zk_Numer":3067,"Zk_Emer":"PSAR","Nr_Pas":"9/4","Vol":1,"Faqe":240,"Pronaret":"SHTET","Kufizimet":"KJO PASURI OKUPOHET NGA RESHAT MALKO","Siperfaqe":1310}},
{"type":"Feature","geometry":{"type":"Polygon","coordinates":[[[20.100847076695295,40.40328608618809],[20.100998404957235,40.40324170735838],[20.101080881803075,40.40344594377821],[20.100905665167428,40.40348401546628],[20.10087536829138,40.4034297053001],[20.100847076695295,40.40328608618809]]]},"properties":{"Zk_Numer":3067,"Zk_Emer":"PSAR","Nr_Pas":"9/3","Vol":1,"Faqe":241,"Pronaret":"SHTET","Kufizimet":"KJO PASURI POSEDOHET NGA RESHAT KASO MALKO  SIPAS AMTP-SE NR.1711","Siperfaqe":350}},
{"type":"Feature","geometry":{"type":"Polygon","coordinates":[[[20.114611758472275,40.40253197524072],[20.114173799830937,40.402521686927756],[20.114203685333656,40.402299340500385],[20.114343638395958,40.40226533698151],[20.114411655214763,40.402248811287535],[20.114488006492703,40.40223365001406],[20.114537162211743,40.40222501427027],[20.114574884164643,40.40222256137317],[20.114611758472275,40.40253197524072]]]},"properties":{"Zk_Numer":3067,"Zk_Emer":"PSAR","Nr_Pas":"141/4","Vol":2,"Faqe":32,"Pronaret":"FATIME MALKO HASLLAN, ALMA MALKO HASLLAN, HASLLAN MALKO KASO, MIMOZA MALKO GANI, ZENEPE MALKO YZEIR, ENGJELL MALKO HASLLAN, SOKOL MALKO HASLLAN, EDLIRA MALKO HASLLAN, AFRIM MALKO HASLLAN","Kufizimet":"KUFIZOHET DERI NE PLOTESIMIN E DOKUMENTACIONIT \r\nTEKNIKO LIGJOR (CERTIFIKATE E GJENDJES FAMILJARE AKTUALE)","Siperfaqe":1031}},
{"type":"Feature","geometry":{"type":"Polygon","coordinates":[[[20.102318091777953,40.406296409237065],[20.10202521525074,40.406331370691035],[20.101819055059334,40.4063433402285],[20.101648485537567,40.40634005179255],[20.101519301440145,40.406333113398844],[20.10143940503501,40.40631472496572],[20.101356996219813,40.4062903824466],[20.101277599040216,40.40623447263846],[20.10124970167811,40.40619475846265],[20.10116575242969,40.406091418221045],[20.10103557742567,40.40596598866338],[20.100920614839012,40.40586240708579],[20.100803493547417,40.405727208954055],[20.10068868945239,40.40561177738232],[20.100665868387033,40.40557748772856],[20.100656643504337,40.4055651777456],[20.100614234353145,40.40550860063985],[20.100611009391322,40.40541016546899],[20.10062557423486,40.405348754460576],[20.100640899442503,40.40523641530097],[20.10064529997906,40.40506158431652],[20.10062280995165,40.405019255479885],[20.100575207086887,40.4049661500255],[20.10051138571739,40.40492524664591],[20.100296368557476,40.40484097680579],[20.10029374150661,40.40484010085681],[20.100247562992628,40.40480833093947],[20.100251711794293,40.40473208820146],[20.100340257102435,40.40464220179963],[20.100579222906276,40.40450343409301],[20.100786034374593,40.40443592701959],[20.101165884132083,40.404373448172855],[20.101539973867737,40.404364928199136],[20.10188352634656,40.404401880784725],[20.10231055867233,40.404398407319974],[20.102669908455137,40.40443005002306],[20.10324529938519,40.40449740764928],[20.103494292284683,40.40450090563636],[20.103646871185678,40.4044800796989],[20.10373162337502,40.40445243304514],[20.1038163754949,40.4044247863292],[20.104075610556418,40.40436211933698],[20.104247321376505,40.40429583793255],[20.104423142617463,40.404229588112194],[20.1046397638624,40.40419039079588],[20.104839638520414,40.404173072407936],[20.104977082205068,40.40420715001812],[20.105089555309803,40.404261485259106],[20.105180047263396,40.40426690447292],[20.105306521336555,40.40419711949551],[20.10563523903203,40.40398951710008],[20.105647216141,40.4039819528883],[20.105764313376227,40.40395122632957],[20.10597427613642,40.40389613129625],[20.10629624141981,40.403798220274496],[20.106649377133273,40.40372866382167],[20.106928176579377,40.40371475230189],[20.107018165836898,40.40366725093056],[20.107284907331433,40.40337212632009],[20.107359742773287,40.403322110623705],[20.10748152697069,40.4032407168224],[20.107683544514554,40.40313817338412],[20.10802301676794,40.40296585689057],[20.10812946774477,40.40289211065092],[20.108378466157607,40.4027196105471],[20.108704147328325,40.402585587610375],[20.108838305435032,40.40253037901227],[20.108981418056704,40.402495479970185],[20.109428959103308,40.40238634249085],[20.10963728638246,40.40236355162444],[20.110215368450856,40.4023760348434],[20.11059639272632,40.402382983022584],[20.11097741707728,40.40238992994612],[20.111323585976834,40.40244881156227],[20.111525091945133,40.402568274218225],[20.11158439053186,40.40260342919113],[20.1118303223718,40.402689653612676],[20.111910662743124,40.40269027077767],[20.11220352166637,40.40269252001168],[20.112714165338822,40.402636194497774],[20.113115767144624,40.40257876915083],[20.11359442022743,40.40255264133765],[20.11398446793391,40.40255248830171],[20.114298741565083,40.40253765114059],[20.114458580148597,40.402533949619546],[20.114611758472275,40.40253197524072],[20.114697428004792,40.40253087092211],[20.11486817748147,40.402532178296184],[20.115001699491934,40.40253320045576],[20.115202069443097,40.40252786300813],[20.115265477495026,40.402514558515364],[20.115350802968884,40.40250156759802],[20.115407716618666,40.40249970954481],[20.115446058001638,40.402509116818294],[20.1154764879876,40.40252377666159],[20.115504958107426,40.40254944302523],[20.115557098076703,40.40261486936082],[20.115600176297004,40.402679650013056],[20.115618609910673,40.40270766250299],[20.115632680379253,40.402729734121536],[20.11565120322657,40.402751830790116],[20.11567738558074,40.402778218545905],[20.115708085855694,40.40279872435342],[20.115758623876243,40.402822767880714],[20.11580811095838,40.40284340834101],[20.11588299513522,40.402867638006526],[20.115941371277007,40.40288413189361],[20.11604385474273,40.40291110299082],[20.116146497067167,40.40292773709864],[20.1163161368577,40.40293869918752],[20.11639404117316,40.40294434992554],[20.11643466696008,40.40295193657671],[20.1164608439844,40.40296121607035],[20.11648184924166,40.402971856150145],[20.116496956545237,40.402983022228774],[20.11651203232554,40.4029979448649],[20.11658820227432,40.40310766244425],[20.116644756209915,40.40320860299446],[20.11668549885078,40.403271033015606],[20.11671227638063,40.40329609229568],[20.116740856283347,40.40332114732858],[20.11677307011346,40.40334486130647],[20.11680353598944,40.403364419473036],[20.116834044244875,40.403379835506016],[20.116864582299815,40.40339387394389],[20.11694022524172,40.40341239934537],[20.116979923761292,40.403416845007335],[20.117057597168085,40.403418816042965],[20.11711902238354,40.403419285133424],[20.117239376216034,40.40342648086508],[20.117280040196775,40.403434571946946],[20.11733183033055,40.4034557246324],[20.117437277731604,40.40353004911064],[20.117528748796182,40.40360669958441],[20.117541425388634,40.40361732223361],[20.11789772197538,40.40391104830546],[20.118083946862228,40.40406736058784],[20.118154803185558,40.40410011697932],[20.11822788830774,40.40412125672546],[20.118334484741457,40.404143790523015],[20.118388964849714,40.40415114908165],[20.118439835474923,40.40415636958972],[20.11850378360345,40.40415683515484],[20.118568199711316,40.4041601328734],[20.11864574627724,40.40416439957336],[20.11869809569407,40.40417428010149],[20.118729575311704,40.404187614947105],[20.11880929512533,40.404218813678504],[20.118954517624847,40.40428347817648],[20.119061852035028,40.4043211927614],[20.11923831939657,40.40437416478477],[20.119404069280264,40.40440890917904],[20.11949021438585,40.404420767918644],[20.11964332868621,40.404428985110385],[20.119816197252987,40.40443303533299],[20.11991094564272,40.404435255129734],[20.12002210697606,40.40444252788861],[20.120121233859866,40.40445286263089],[20.120369608245042,40.40451490377033],[20.120417421083143,40.40453405264764],[20.12041125328756,40.4046024461863],[20.12034529343642,40.40470770286474],[20.120325245036447,40.40482976157112],[20.1203573723454,40.40496160981755],[20.12045734092195,40.405079889862634],[20.12060946704924,40.40521030950382],[20.120797009468873,40.40533311862422],[20.120919066784367,40.405413392679904],[20.12113490004326,40.405553877684675],[20.12135573877527,40.40572893573998],[20.121459985652763,40.40584727444179],[20.12148708214597,40.40598119137518],[20.121477403566274,40.406133929142875],[20.121477762548245,40.406215033801715],[20.121446625813594,40.40644525238381],[20.121331531838514,40.40679674692464],[20.12131790567672,40.40687675764296],[20.121284710343513,40.40707167471599],[20.121303168209344,40.40723757594126],[20.121314615735848,40.40743362563294],[20.12116404746416,40.407411373003285],[20.121073916890932,40.40740047213324],[20.12100615636947,40.4073922767674],[20.12083376657221,40.407373712714],[20.12061167743174,40.40734979631835],[20.119896087110295,40.40694940581368],[20.119493612927847,40.40672420749513],[20.118989328894497,40.40656448383212],[20.11778265105712,40.40618227647967],[20.116695445673177,40.4062286859655],[20.11551962770326,40.406479056347145],[20.11393808571596,40.40754889072859],[20.11344689999676,40.40827074310745],[20.11278608308045,40.409241859797454],[20.112674477821212,40.40923874292483],[20.112501597366716,40.40918298778575],[20.112311037271255,40.40907500990279],[20.11207093364262,40.40897378341038],[20.111883157784916,40.40890144222391],[20.11164277932484,40.408831064938255],[20.11142969614385,40.40880106965349],[20.111262651272426,40.408799785634336],[20.111075891443196,40.4088857913859],[20.11081575359225,40.409121819340065],[20.11077330917315,40.409187033551554],[20.110681422231547,40.40929420140062],[20.110627607669773,40.40935952620811],[20.110561208569766,40.409389255227616],[20.11046528709087,40.40914966929766],[20.11043366989249,40.40909581739072],[20.110399183111976,40.40898523693483],[20.110408729290526,40.40886775502729],[20.11044876518478,40.4087108032925],[20.11045789109252,40.408618965275856],[20.110464369281637,40.40858237249798],[20.110468804765098,40.40854881680389],[20.110469206822515,40.40851828287686],[20.11045797917112,40.408460184253315],[20.110430626250956,40.408412641855115],[20.11035765175747,40.40833880408083],[20.110274146850355,40.40826129209872],[20.110089575659433,40.40819637503288],[20.109994118298925,40.40816145603466],[20.109943454884686,40.40812443237946],[20.109893016706454,40.40807031834882],[20.10984277164783,40.408001554135694],[20.109758169779365,40.40787147831534],[20.10964424241385,40.407737250271545],[20.109565490387908,40.40764872485594],[20.109464518801474,40.40754782603085],[20.109420240491218,40.40751085132828],[20.10939518279187,40.40747158423565],[20.109364179612076,40.40739808715733],[20.109329609734825,40.40734314956345],[20.109326663393663,40.40732358532977],[20.109323889690092,40.40729182022325],[20.109337261349143,40.407247968293106],[20.10934087208924,40.40721624336673],[20.109335055413826,40.407172243608656],[20.109300506143796,40.40712558204846],[20.109272256495778,40.40708629033549],[20.109237985338005,40.407017648922455],[20.1092013388546,40.40688793315269],[20.10918035356147,40.406777492352425],[20.109167798683064,40.406760294516495],[20.109151910945403,40.4067528507713],[20.109084813917097,40.40674989329043],[20.109040032859962,40.40675198863305],[20.10894099961204,40.40674633550068],[20.10887403146828,40.40673360812266],[20.108823047489366,40.406721012924784],[20.108730668022222,40.406695878371146],[20.108686144660783,40.406678443032256],[20.108638804107272,40.40663167365084],[20.108639319588566,40.406592603557186],[20.108652723738594,40.406546311511676],[20.1087209479828,40.40646380847267],[20.108734179312595,40.40642971728834],[20.108732372379656,40.40632469235876],[20.10872320296997,40.406292877927584],[20.108708024099936,40.40623171386482],[20.108677795450316,40.40609960695243],[20.108662173973507,40.40605771084863],[20.108611770540122,40.40600115607444],[20.108573675850415,40.40598132981681],[20.108505997639373,40.405896599238545],[20.108461526206202,40.40585563331829],[20.108417025491246,40.40581778299488],[20.10834786544803,40.405789126013154],[20.108118252105434,40.40582798688882],[20.10803606421859,40.40585547642984],[20.10793730900496,40.40589846230459],[20.10781836471249,40.40592254322527],[20.107720133941083,40.405924909975035],[20.10760948795023,40.405939680190585],[20.107539956667946,40.40593914346635],[20.107474624743627,40.405929264584614],[20.107376488298012,40.40592538208054],[20.107253485853818,40.40594631524684],[20.10713421090262,40.40599539166852],[20.106977855075808,40.4060629306159],[20.10683000390676,40.40610554530105],[20.10668238280146,40.406132528344656],[20.106518129050244,40.406178131726456],[20.106263786762213,40.406176021721414],[20.106202648355886,40.40615992484966],[20.106100743301493,40.40613101336884],[20.105990551571978,40.40611140324753],[20.10589650228252,40.40610755109203],[20.105667063756393,40.406133909062724],[20.105544007408508,40.40615795582894],[20.105351543612016,40.406172090847036],[20.10522856985086,40.40618988822673],[20.105133716350164,40.40624852611699],[20.104948108663553,40.40642446700553],[20.10490067253068,40.406524716135586],[20.104820803895834,40.406589494336146],[20.104622311867008,40.40665838780407],[20.104371865054393,40.4066715407932],[20.10418754179103,40.406665087744344],[20.10399072853493,40.40660822490972],[20.103840796063235,40.40649135351679],[20.103802011438273,40.40643570620672],[20.103730371001046,40.406374788214585],[20.103632726702024,40.406288498709905],[20.10349019271336,40.40611132159485],[20.103405929929835,40.40601005176005],[20.10329557308407,40.40588846160056],[20.103230530006567,40.40582758546093],[20.103092378774363,40.40581645483633],[20.102986415189488,40.40586090244858],[20.102820578437587,40.405950173074785],[20.102461296242176,40.40622407267556],[20.10234182839736,40.40629357569926],[20.102318091777953,40.406296409237065]],[[20.10714963860041,40.40438288227676],[20.107559703068898,40.404183184688506],[20.108073068358866,40.4039989772913],[20.10783999564016,40.40381937705309],[20.107356767653663,40.403879591473704],[20.107140380120697,40.40408491662626],[20.10698557511803,40.4042251459126],[20.10714963860041,40.40438288227676]],[[20.105869496493856,40.40480462883066],[20.106600157915263,40.405143313995055],[20.106892879178577,40.404622044983434],[20.106567875561392,40.404108942764395],[20.105933671739713,40.404381238431064],[20.105869496493856,40.40480462883066]],[[20.103554682176195,40.40516383869231],[20.104063347764757,40.405604541573304],[20.10445980570973,40.4049289711405],[20.10419296554634,40.404837229605775],[20.103728071372597,40.404885546206145],[20.103554682176195,40.40516383869231]],[[20.102251535294084,40.405502584902734],[20.102665734510566,40.405550493744954],[20.1026864656532,40.405385779123264],[20.1029127765197,40.405055772213395],[20.102624698077108,40.40456626745402],[20.102104579627426,40.40451375123984],[20.102165319877496,40.40474440265657],[20.10195401423623,40.40491820915042],[20.102251535294084,40.405502584902734]],[[20.10999221600543,40.405814580267936],[20.110035828823133,40.40588784405552],[20.110102783852675,40.40598583288776],[20.110129509715616,40.40599054436212],[20.11026305472525,40.406092351055136],[20.11034490100874,40.40609663167027],[20.110463542299936,40.40602434781096],[20.110378777960502,40.405942838359266],[20.11029458549494,40.40584347927297],[20.110398307002487,40.40576072723266],[20.110453294861227,40.405729848676714],[20.110721297372642,40.40571367052433],[20.110850002175464,40.40570132666148],[20.11125562137117,40.40593414515379],[20.111416324328424,40.40590158840237],[20.112415629983428,40.40554877383774],[20.112423053360516,40.405528558136304],[20.11241382668733,40.40540661376668],[20.1124725856864,40.40525699222564],[20.112502446119215,40.40520576654634],[20.11257101456434,40.40517443249412],[20.112738013334777,40.405040483133305],[20.11269271801674,40.405005216470144],[20.112495475601367,40.40509462665809],[20.11239220640356,40.405178019543236],[20.112212123717196,40.40528667546575],[20.11197311608735,40.405253874754976],[20.11161062313501,40.405454193758516],[20.11138407751141,40.40560638109102],[20.11069687693651,40.40543349480729],[20.110429664590853,40.40547115942345],[20.11020688588658,40.40544270726087],[20.109973538152516,40.40542014535446],[20.109831367973218,40.40542478326512],[20.109624507156727,40.40544849309507],[20.10955553274594,40.405470225853],[20.109526991756002,40.40557379886038],[20.1094330693938,40.40575752022876],[20.10999221600543,40.405814580267936]],[[20.10904055216725,40.405790221340254],[20.109080979019122,40.40565792718669],[20.10911343971662,40.405581124132006],[20.10915085195283,40.40539000877401],[20.109280532531354,40.405276042706646],[20.109244176786568,40.40524617146512],[20.10926065210516,40.40512658421279],[20.108971822970236,40.40508500875139],[20.108889775171225,40.405190565576255],[20.108819583476325,40.40522022264394],[20.108790066805533,40.405352541640276],[20.108724834210175,40.405498258380106],[20.108711292595142,40.405574766297086],[20.108794427381845,40.40569200404027],[20.1088307700634,40.40573438864479],[20.10891657659226,40.405747646297186],[20.108990006142776,40.40580460148204],[20.10904055216725,40.405790221340254]],[[20.10877116154285,40.40628513229494],[20.108780500455815,40.40635640253502],[20.10878664908773,40.406432054083204],[20.10882603612261,40.406444954871894],[20.1088742983647,40.40644911418507],[20.10891321050451,40.40642999417258],[20.10893258089148,40.40636722733381],[20.108981213783505,40.40625165895651],[20.108983935485213,40.40605469573297],[20.10897693206692,40.40594884194328],[20.10886246759496,40.40599151506185],[20.10870803812502,40.405986208553486],[20.108772559430818,40.40616138028635],[20.10877116154285,40.40628513229494]],[[20.111716349486667,40.40727403390985],[20.112129973959384,40.407138811535454],[20.1120693787395,40.40694158019673],[20.11153328659534,40.40692395792746],[20.11138917466125,40.40691922029525],[20.11095904624909,40.40713665294237],[20.111207201804998,40.40744048201486],[20.111716349486667,40.40727403390985]],[[20.10527997763234,40.405396257979085],[20.10504565865832,40.40509465594001],[20.104905657573266,40.40494695520246],[20.104559269763843,40.4051751701853],[20.10438899674182,40.405362047644736],[20.104665002952995,40.40576164727032],[20.10493138127914,40.405949163371204],[20.1054422536136,40.4056138613315],[20.10527997763234,40.405396257979085]],[[20.11392928757152,40.40507494152343],[20.113281691960456,40.40525278214405],[20.11316976975935,40.40562047512873],[20.113605425791512,40.40557417017176],[20.113873261463983,40.405601543506094],[20.114370269537744,40.405486021841156],[20.1145473381903,40.40496763298614],[20.114217842861372,40.40493302634479],[20.11392928757152,40.40507494152343]],[[20.11995666586899,40.405447573661554],[20.119768254134808,40.40538256637131],[20.11919939729209,40.40597956617564],[20.119312670383003,40.406146291295016],[20.119827399274698,40.406172607170554],[20.119967532255387,40.40591165149373],[20.11995666586899,40.405447573661554]],[[20.11803186388199,40.405304475837674],[20.117900900671454,40.405629282275555],[20.117990326587844,40.40566063288965],[20.11799651821145,40.40574819718761],[20.118014598750477,40.40576459588871],[20.118090481197164,40.4057692913643],[20.118323703261307,40.40555426370434],[20.11838004478688,40.40542542483568],[20.11832436720464,40.405396582972024],[20.11840064795128,40.405367343672104],[20.11844426662043,40.40526025127383],[20.118448387543395,40.405117293345306],[20.118461713706928,40.405019595530945],[20.11846421906672,40.404963641395845],[20.118479355660515,40.40491596844273],[20.118497380886247,40.40490329715445],[20.118506607618677,40.404898145521464],[20.118580007135126,40.404862516305535],[20.118625219052678,40.404821737764735],[20.11869395260669,40.40475210825237],[20.118713907740677,40.40471149068296],[20.118754062520765,40.40462866129699],[20.118812293493416,40.40456229350675],[20.118786011450286,40.40449511198071],[20.118647147706763,40.40442231848293],[20.11852274054243,40.40432377209554],[20.118499561193413,40.40429252853099],[20.118447406692987,40.404283801542206],[20.118356017339288,40.40429810590375],[20.11818410344043,40.40429507576169],[20.118063726106474,40.40432469196059],[20.117992611164347,40.404386677809114],[20.117983652967727,40.4044153887868],[20.117917628166175,40.404421466019755],[20.11783153545831,40.40441051835331],[20.117649691315233,40.40430362217843],[20.117428658101847,40.404173688059544],[20.1172825607849,40.404042778157965],[20.11709287244153,40.40451043629262],[20.117092604942584,40.40472052638722],[20.11718182331613,40.404975030441896],[20.117160216540316,40.40521424064371],[20.117351963132883,40.40523904901924],[20.117511406935815,40.40527087485179],[20.117648646988396,40.40524074302725],[20.117767128946877,40.40512521986058],[20.117841463031173,40.40514551471341],[20.117970089656925,40.40508301102033],[20.118023455503543,40.40505653423781],[20.11803186388199,40.405304475837674]]]},"properties":{"Zk_Numer":3067,"Zk_Emer":"PSAR","Nr_Pas":"5/1","Vol":2,"Faqe":171,"Pronaret":"BASHKIA KËLCYRË","Kufizimet":"","Siperfaqe":600349}},
{"type":"Feature","geometry":{"type":"Polygon","coordinates":[[[20.10029374150661,40.40484010085681],[20.100296368557476,40.40484097680579],[20.10051138571739,40.40492524664591],[20.100575207086887,40.4049661500255],[20.10062280995165,40.405019255479885],[20.10064529997906,40.40506158431652],[20.100640899442503,40.40523641530097],[20.10062557423486,40.405348754460576],[20.100611009391322,40.40541016546899],[20.100614234353145,40.40550860063985],[20.100656643504337,40.4055651777456],[20.100665868387033,40.40557748772856],[20.10068868945239,40.40561177738232],[20.100803493547417,40.405727208954055],[20.100920614839012,40.40586240708579],[20.10103557742567,40.40596598866338],[20.10116575242969,40.406091418221045],[20.10124970167811,40.40619475846265],[20.101277599040216,40.40623447263846],[20.101356996219813,40.4062903824466],[20.10143940503501,40.40631472496572],[20.101519301440145,40.406333113398844],[20.101648485537567,40.40634005179255],[20.101819055059334,40.4063433402285],[20.10202521525074,40.406331370691035],[20.102318091777953,40.406296409237065],[20.10232645704487,40.40633735978172],[20.102259161181507,40.40634540527629],[20.101873183964923,40.40638138010428],[20.101703254718114,40.40638252967069],[20.101644690390874,40.40638081892773],[20.101601388608483,40.40637955400514],[20.101464336837175,40.406369077806204],[20.101394996665086,40.40635552276927],[20.10132360685889,40.40633132174008],[20.10123754009788,40.40627644591178],[20.10115678383581,40.40618577979472],[20.101069152062436,40.406076460200055],[20.100948470265106,40.405960250175525],[20.100834019959493,40.40585004025105],[20.100799818084766,40.40581710546271],[20.100782704144116,40.40580062553104],[20.100751748726907,40.40576558624357],[20.10073835865609,40.40574891842569],[20.10071240851705,40.405737395989426],[20.10068827882596,40.40573690001175],[20.100658289040734,40.40573847699739],[20.100635976739667,40.40574971582317],[20.10056359206931,40.40580003346617],[20.100277189342385,40.40586875243175],[20.10009115670262,40.4058826975389],[20.099923635346695,40.405910908444724],[20.099806244649027,40.405967950166705],[20.09974832016482,40.40603522544456],[20.099720272595967,40.40610761047917],[20.099663827075954,40.406212755041174],[20.099621770153597,40.40630456054406],[20.099539228309187,40.406379414328576],[20.099474021609314,40.40641277690854],[20.09940451758233,40.40643884889461],[20.09925913192645,40.4064490601414],[20.09919184664509,40.40645778227793],[20.0991416701874,40.406469686880925],[20.099085007843833,40.40648365375562],[20.0990224774983,40.406519463648024],[20.09899441543165,40.40654458744454],[20.09897293725699,40.40657031831196],[20.098959658249836,40.40660670682457],[20.098936394509682,40.40672101979373],[20.098929018951303,40.40676180390513],[20.098922723756512,40.4067983061475],[20.09891285492207,40.40686337370615],[20.098911500237264,40.40692257483997],[20.09889503568788,40.406987890191054],[20.098864687097002,40.40702794339875],[20.09879768319891,40.407071265574196],[20.098728428070537,40.40713951584646],[20.098692632521168,40.40718860354566],[20.098688114756094,40.40712827242677],[20.098733422754705,40.4070821381314],[20.098769882282273,40.407046807952845],[20.098828703650423,40.4069980776792],[20.09885605111956,40.40695588389305],[20.098872308077176,40.40690389201789],[20.098875126300097,40.406804831570234],[20.098896502275498,40.40669226812579],[20.098907141817676,40.406622635422146],[20.09894490092504,40.40653659939944],[20.09898961129946,40.4064809901693],[20.099049978320547,40.40645896115056],[20.09909662257761,40.40644193978536],[20.09920010392699,40.4064210936594],[20.099294909320772,40.406411106460375],[20.09940192882761,40.40639516525005],[20.099497072895137,40.40635305872289],[20.09960705778345,40.406233815583036],[20.09966824405495,40.40611293110473],[20.09973087339824,40.40598919509563],[20.09975446867686,40.405951273734836],[20.0998273302594,40.40590497027625],[20.09998957026169,40.40585581162198],[20.100090282878963,40.405840407358475],[20.100173661233715,40.405831706579654],[20.100249182788648,40.40582732547423],[20.1005127388366,40.40576909470463],[20.100368917224635,40.40569937589963],[20.100185954650247,40.40552095675041],[20.100055889904375,40.405404579767904],[20.100021217645537,40.405373556257935],[20.099915426220548,40.40526796637311],[20.09987174483555,40.40527289177434],[20.099853066602847,40.405253565329375],[20.099710183676564,40.40513320296796],[20.099570952995858,40.4050519867067],[20.099523897362843,40.405009491287814],[20.09948778287451,40.4049699182485],[20.099465937020444,40.404714099966746],[20.09931500378691,40.40479169762723],[20.099136255903595,40.40484935750129],[20.099048200781304,40.404954173252065],[20.098999508003903,40.40495159349669],[20.099119156341114,40.404827991386426],[20.099237741684142,40.4047902735663],[20.099418861147065,40.404692878247346],[20.0994750141372,40.404647073350716],[20.09956768186242,40.404473326127906],[20.09964071069116,40.404342111083],[20.099673686250497,40.40428260860376],[20.099770939872883,40.404078458945925],[20.09982377274711,40.40394758180707],[20.099966954036468,40.403651521077],[20.10007122981408,40.40352760915565],[20.100123355592242,40.40346743611701],[20.10018946248665,40.403407362863845],[20.10023215274917,40.40335424854972],[20.100275981775468,40.40321561056845],[20.100281642430154,40.403140820424966],[20.10036087274442,40.40279576782027],[20.100408890989208,40.40269279641977],[20.10046581056039,40.40262197120189],[20.100598033606136,40.40250183331859],[20.10065466829653,40.40245238441699],[20.10072082105096,40.40238875410075],[20.100792491440078,40.40226102176633],[20.100831322457847,40.40214728940719],[20.100856208083986,40.402029891476694],[20.100871149025746,40.40195873056222],[20.10088650301182,40.40193708410945],[20.100915614502565,40.401904882342556],[20.10095738706872,40.40186927595465],[20.100978255844062,40.401852787395605],[20.101104307991502,40.4017775104601],[20.101194463308886,40.40172737634333],[20.101230595148824,40.401706683840864],[20.101270202516133,40.401673545974454],[20.101316154679385,40.40159733093029],[20.101359646250398,40.40153252449373],[20.10138140418803,40.401496104990095],[20.101406319184612,40.4014632130899],[20.101416131562193,40.40143308550646],[20.101441435679853,40.40137288980689],[20.101539644391277,40.40125890825681],[20.101652378757354,40.40117392003813],[20.10169569396977,40.40114038723519],[20.10171811756938,40.40112302781456],[20.10184942945971,40.40096187174672],[20.101850788211156,40.40096020417746],[20.101912045998528,40.40088629928472],[20.102045025979777,40.40072586397144],[20.10208582193432,40.40066524326921],[20.10222059504716,40.400464976437135],[20.10233322842508,40.40027632824042],[20.102367232362994,40.40021937525265],[20.102479935402933,40.400030135469464],[20.102482745759378,40.399923210618546],[20.102421035249876,40.399768640282936],[20.102392753869616,40.399702225746125],[20.10240095129406,40.39960035317325],[20.102437349044774,40.399450546250435],[20.102481093938238,40.399356137847235],[20.10256008743195,40.39927521238545],[20.102691461257,40.39917603568674],[20.10273623434157,40.39912988899371],[20.102871235215247,40.398996854805745],[20.102959237331067,40.398919912631996],[20.1031264503677,40.39870291687002],[20.103215332748658,40.39860976245891],[20.10330436990891,40.398540664468705],[20.103378805540412,40.39849163351831],[20.1035431692991,40.39844834572781],[20.10375993469135,40.39838098564131],[20.103956938103416,40.39828160323621],[20.104001553400835,40.39825216379874],[20.10410273622541,40.39818539807679],[20.10422601317746,40.39806196345188],[20.104294308828262,40.39796916482691],[20.104329572897743,40.39786495330179],[20.10441292776873,40.397762363232154],[20.104551251426358,40.397652521891175],[20.104659035375043,40.39758370310838],[20.1047224002698,40.39750756636089],[20.104819331569075,40.39740096346976],[20.104872154462235,40.39735743862297],[20.104943328236356,40.39739073124592],[20.105024384789818,40.397428966767826],[20.104969575938686,40.39743366769589],[20.104920419352517,40.3974484502267],[20.104849597939292,40.39748038630034],[20.10477777944846,40.39755701084117],[20.104709337993196,40.39761920440712],[20.104661548149384,40.39766263151548],[20.104580247696184,40.3977073676344],[20.10447969865293,40.397772337784836],[20.104427685867247,40.3978223467083],[20.104385560505357,40.3978817103947],[20.104340428482942,40.39798190565321],[20.104316239621305,40.398044251544235],[20.10415839548512,40.39819457981105],[20.103992235790184,40.39830743413424],[20.10379376383214,40.39840403514553],[20.103754398862517,40.39841798039017],[20.10355091887119,40.39849006392668],[20.103363444244795,40.39855647072766],[20.103235772338323,40.39865352773351],[20.10302531491443,40.39893818557465],[20.102978830113035,40.398982093132865],[20.10294294901039,40.39901420836709],[20.10275793930447,40.39917979988495],[20.102550036332175,40.399346990081234],[20.102471884905718,40.39950889383449],[20.102445772241268,40.39969049475799],[20.10248950942216,40.39979905051381],[20.102509988014404,40.39984420044758],[20.102533617474826,40.3998645625579],[20.102752549328073,40.39987263978546],[20.102910282106414,40.399887513209656],[20.10319127386292,40.40001748343327],[20.1031840143507,40.40007057594981],[20.103030773662137,40.399999326168285],[20.102878811376012,40.399928670434306],[20.102861893426244,40.39992080431525],[20.102718943077896,40.399910300824274],[20.102560096342128,40.39990281197901],[20.10253549503726,40.400088081797335],[20.102439500550382,40.40022373392699],[20.10237250226993,40.4003346021674],[20.102257134118528,40.400490617713196],[20.1020896794506,40.40074239035051],[20.101991459746394,40.400907282809136],[20.101961209070204,40.40095806784035],[20.101932046770404,40.40106380316202],[20.101923001516113,40.40108590180271],[20.101960511355056,40.40109767028822],[20.102081720654713,40.40113512409576],[20.102127456590733,40.40114445040876],[20.10223402123438,40.40115880092745],[20.1022863465768,40.401136075196916],[20.102355447583125,40.40122244383879],[20.1023343468631,40.40124640168674],[20.10232672345147,40.40124163060049],[20.102297545701855,40.40122336979418],[20.102236498639073,40.40118516361867],[20.102151094317644,40.40116731676939],[20.102129128397507,40.40116272656292],[20.102014652497495,40.40114637443664],[20.101963952399537,40.401130470289225],[20.10193595900976,40.40112053817953],[20.101889995481823,40.401104230208425],[20.10186529264128,40.40109581375306],[20.10186001769854,40.40109736735804],[20.10185198895338,40.401100670469155],[20.101831643831428,40.40111307658961],[20.10153631502207,40.401310946647214],[20.101423207321318,40.40147610506019],[20.101309626923477,40.40167546487706],[20.101298005984223,40.40168865778928],[20.101251004901396,40.40172148093904],[20.100986568167457,40.40188717641545],[20.100964766743093,40.401919172337855],[20.100935931580562,40.4019558546826],[20.100907096386752,40.40199253701995],[20.100887489180945,40.402051909836445],[20.100880465402522,40.40207727602773],[20.100886479253145,40.40208378309061],[20.10091151800332,40.40211367607977],[20.100926097479693,40.402142580238056],[20.100956516709896,40.40220025236479],[20.101009828738057,40.40222940186123],[20.101120633817892,40.40229492859548],[20.10126339701937,40.40221835538449],[20.1013925032404,40.40215220939154],[20.101474589900537,40.40223732959113],[20.101623100344554,40.40211214729087],[20.101631586695994,40.40210499396272],[20.10193571605429,40.401848635370776],[20.102070135870505,40.401739909623814],[20.102134478974797,40.401757142646744],[20.102234989792578,40.401784062384216],[20.102244259705078,40.40180562956983],[20.102076764116813,40.401760769320255],[20.101953004508434,40.401860872538414],[20.10153060620487,40.40221692244961],[20.101488851512446,40.40225211821762],[20.101740733404117,40.402513424053836],[20.10183301698784,40.40262274794439],[20.101862638165287,40.40271327847905],[20.102594825142155,40.40240894265298],[20.10302268000279,40.40215346898556],[20.103546350995348,40.402065301456695],[20.10375461374208,40.40212230938407],[20.103919281555104,40.40213571203737],[20.104073434070024,40.40211500165823],[20.104173414965445,40.401909418451545],[20.104041578367838,40.40181019227852],[20.103988894808396,40.40168042246202],[20.103994145810226,40.40152949317396],[20.104019627194916,40.40142621372076],[20.104042172378616,40.401432008275236],[20.1040176467532,40.401531414044975],[20.104012549481943,40.40167792613346],[20.10406232464754,40.40180053191475],[20.104200813388516,40.401904764745495],[20.104090811185586,40.40213095417056],[20.103920089099642,40.402153890678385],[20.103749321227976,40.40213999152915],[20.10354479449038,40.40208400627103],[20.103032968493988,40.40217017952236],[20.1026077911931,40.40242405441783],[20.101937186542962,40.40270279367474],[20.10186995027606,40.40273347316594],[20.101910901531486,40.402846572666014],[20.101853122039604,40.402832642221895],[20.101819881546643,40.40273105017411],[20.10178919770241,40.402637271662734],[20.101701141919854,40.40253295616204],[20.101381310752885,40.4022013072338],[20.101290047347184,40.402248064904626],[20.101119270010418,40.40233966389943],[20.101097416991358,40.40232674071934],[20.100981698185834,40.40225830814819],[20.100917946886305,40.402223450741765],[20.100882262831703,40.402155796908744],[20.10087643590271,40.40214424487202],[20.100873806506645,40.40217550693655],[20.100854880782386,40.40224752210911],[20.10080357295634,40.402359583165286],[20.100797236643672,40.40236812483552],[20.100724371745198,40.40246635022629],[20.100537462271184,40.40260831226762],[20.100495343883455,40.40265193405054],[20.100459995050127,40.40273000128324],[20.10041261350402,40.40283363636607],[20.100408412733373,40.40290617181709],[20.100427848043395,40.402960557574836],[20.10038566634465,40.40297010408255],[20.100368718138707,40.40309501224395],[20.100332674720242,40.403273184992244],[20.100275650096386,40.40340643945781],[20.100157145512718,40.403514248491284],[20.100034499693535,40.40365405300256],[20.100001046811997,40.4037215434756],[20.100098603560188,40.40365688212514],[20.100185852136846,40.40361879365998],[20.100333392393146,40.403615331246066],[20.100446910569755,40.40362990433046],[20.1005543114552,40.40364048128917],[20.10068088374326,40.403627033275974],[20.10087038935417,40.40357813869467],[20.101017099333912,40.40355496108647],[20.101100708769533,40.40354595181591],[20.101265672953208,40.40347235602351],[20.10146182554391,40.40338591378594],[20.10160914502931,40.403335357914024],[20.101673066850243,40.403327492805744],[20.101746202044904,40.40333014210988],[20.101817150408422,40.4033546297563],[20.101890854494567,40.40339493353651],[20.10198748491346,40.40349285530317],[20.10193858137293,40.40350572037217],[20.101893253316224,40.40345318305682],[20.101869860665115,40.403427033176385],[20.10182846709299,40.403402549667845],[20.101754713484674,40.40337039261876],[20.101687548698706,40.40336058716077],[20.10160377509412,40.40337324894046],[20.101530177090837,40.40339892509187],[20.101315873509158,40.40349058505623],[20.1011514290707,40.40357085205234],[20.101016010393568,40.40359090325546],[20.10095510703879,40.40360202372689],[20.100872119179087,40.4036153065574],[20.10062034080954,40.40367969240524],[20.100597639263764,40.403680288581086],[20.100509101066358,40.403682613681205],[20.100345346376,40.40365879472067],[20.100192926493897,40.403656385451],[20.10010479154409,40.403697414047684],[20.099992509296758,40.403781397329105],[20.099945681087267,40.40383623542929],[20.099916084897007,40.40391286235593],[20.09984727718819,40.40408437300841],[20.09983273929137,40.40412061017082],[20.099824734518666,40.404203752490425],[20.099837289658495,40.40425928902236],[20.0998591459674,40.40434205595724],[20.09991295993936,40.404447909176426],[20.099916020502604,40.404563912471495],[20.099942752157315,40.404627355913696],[20.09998375661625,40.40465753675983],[20.100015175153572,40.40471402854576],[20.100049078351805,40.404758211386515],[20.10029374150661,40.40484010085681]],[[20.100101676023044,40.40484503946918],[20.099927282522767,40.4047280972677],[20.099856067700408,40.404622035422896],[20.099803230690057,40.4043428445689],[20.099786262893225,40.40429996862795],[20.099721972506615,40.40429658599409],[20.09955201429963,40.40459678524691],[20.099528240934138,40.40471571152443],[20.09955791048777,40.4049534651669],[20.099605920342338,40.405010623837676],[20.099796282180257,40.40511685166085],[20.099909671551117,40.405160435900775],[20.09991983925127,40.40518060644087],[20.099953836138116,40.405248048890606],[20.10005691661121,40.40534278706882],[20.10040358702628,40.405661398835704],[20.100500863025236,40.405687344497366],[20.10055717718244,40.40570115728912],[20.100590139159635,40.405705668135894],[20.10060282020523,40.405698947015566],[20.100608333917183,40.40568147162809],[20.10056318097858,40.4054740393743],[20.100576182785655,40.40506975189267],[20.100513554133194,40.40500239703291],[20.10043269678268,40.40494482505354],[20.100268900205855,40.404897171395355],[20.100101676023044,40.40484503946918]]]},"properties":{"Zk_Numer":3067,"Zk_Emer":"PSAR","Nr_Pas":"1/4","Vol":2,"Faqe":56,"Pronaret":"SHTET","Kufizimet":"","Siperfaqe":11796}},
{"type":"Feature","geometry":{"type":"Polygon","coordinates":[[[20.105335218910422,40.39755650946421],[20.10595168911888,40.39750382696414],[20.106362623061298,40.39819353352724],[20.106874554278544,40.3984902033492],[20.107324275907935,40.398745181148634],[20.10711869083466,40.399049760698844],[20.10690614018723,40.398936734620584],[20.10667455865689,40.39893484166355],[20.106252723596736,40.39895707020642],[20.106070591477092,40.39858113097444],[20.105800515517483,40.39844386345257],[20.10565983225516,40.39843431342997],[20.10567419381061,40.39839683722739],[20.105736532658582,40.39828253884732],[20.105747191309636,40.3982459328691],[20.105749006275477,40.398191598504944],[20.105734704271793,40.398145919431634],[20.105701250124465,40.398096869218676],[20.10564563000851,40.398005192227096],[20.105512217719752,40.397810978719434],[20.10547256216887,40.39774569157736],[20.10542697594565,40.39765323522586],[20.10536641326453,40.39758086287704],[20.105335218910422,40.39755650946421]]]},"properties":{"Zk_Numer":3067,"Zk_Emer":"PSAR","Nr_Pas":"98/3","Vol":2,"Faqe":187,"Pronaret":"SHTET","Kufizimet":"","Siperfaqe":10918}},
{"type":"Feature","geometry":{"type":"Polygon","coordinates":[[[20.12276043201159,40.40642846602045],[20.12282628703156,40.4062672347518],[20.122954920771896,40.406072456949026],[20.123109805875835,40.40593711715852],[20.123193121166846,40.40586431530792],[20.123030319478328,40.405734053118884],[20.12296871843806,40.40567931427417],[20.122858857526,40.40559029255785],[20.12279905765986,40.40554183581053],[20.12267322049926,40.405487280200326],[20.12232693335149,40.40533714924367],[20.122263730509584,40.405314369551434],[20.122158599923146,40.40527647806845],[20.122130867675175,40.405268701797304],[20.12201631513342,40.40523658056026],[20.12163951878485,40.4051312522412],[20.12153758591353,40.4050991258922],[20.121427212269108,40.405083835855656],[20.121195685201876,40.40508315968278],[20.121028374076317,40.40504320726198],[20.120899012157874,40.40497157060329],[20.120879432896274,40.40495746033779],[20.120868174911568,40.404949346996325],[20.120765769040275,40.404801204629855],[20.120622631885038,40.40464042058349],[20.120571588749485,40.40460342296497],[20.120475716527327,40.4045533106192],[20.120417421083143,40.40453405264764],[20.120369608245042,40.40451490377033],[20.120121233859866,40.40445286263089],[20.12002210697606,40.40444252788861],[20.11991094564272,40.404435255129734],[20.119816197252987,40.40443303533299],[20.11964332868621,40.404428985110385],[20.11949021438585,40.404420767918644],[20.119404069280264,40.40440890917904],[20.11923831939657,40.40437416478477],[20.119061852035028,40.4043211927614],[20.118954517624847,40.40428347817648],[20.11880929512533,40.404218813678504],[20.118729575311704,40.404187614947105],[20.11869809569407,40.40417428010149],[20.11864574627724,40.40416439957336],[20.118568199711316,40.4041601328734],[20.11850378360345,40.40415683515484],[20.118439835474923,40.40415636958972],[20.118388964849714,40.40415114908165],[20.118334484741457,40.404143790523015],[20.11822788830774,40.40412125672546],[20.118154803185558,40.40410011697932],[20.118083946862228,40.40406736058784],[20.11789772197538,40.40391104830546],[20.117541425388634,40.40361732223361],[20.117528748796182,40.40360669958441],[20.117437277731604,40.40353004911064],[20.11733183033055,40.4034557246324],[20.117280040196775,40.403434571946946],[20.117239376216034,40.40342648086508],[20.11711902238354,40.403419285133424],[20.117057597168085,40.403418816042965],[20.116979923761292,40.403416845007335],[20.11694022524172,40.40341239934537],[20.116864582299815,40.40339387394389],[20.116834044244875,40.403379835506016],[20.11680353598944,40.403364419473036],[20.11677307011346,40.40334486130647],[20.116740856283347,40.40332114732858],[20.11671227638063,40.40329609229568],[20.11668549885078,40.403271033015606],[20.116644756209915,40.40320860299446],[20.11658820227432,40.40310766244425],[20.11651203232554,40.4029979448649],[20.116496956545237,40.402983022228774],[20.11648184924166,40.402971856150145],[20.1164608439844,40.40296121607035],[20.11643466696008,40.40295193657671],[20.11639404117316,40.40294434992554],[20.1163161368577,40.40293869918752],[20.116146497067167,40.40292773709864],[20.11604385474273,40.40291110299082],[20.115941371277007,40.40288413189361],[20.11588299513522,40.402867638006526],[20.11580811095838,40.40284340834101],[20.115758623876243,40.402822767880714],[20.115708085855694,40.40279872435342],[20.11567738558074,40.402778218545905],[20.11565120322657,40.402751830790116],[20.115632680379253,40.402729734121536],[20.115618609910673,40.40270766250299],[20.115600176297004,40.402679650013056],[20.115557098076703,40.40261486936082],[20.115504958107426,40.40254944302523],[20.1154764879876,40.40252377666159],[20.115446058001638,40.402509116818294],[20.115407716618666,40.40249970954481],[20.115350802968884,40.40250156759802],[20.115265477495026,40.402514558515364],[20.11524085832613,40.402517919638086],[20.115219710870655,40.4025173084424],[20.11519275025933,40.40251414842205],[20.1151835649891,40.40250923083952],[20.115175462321147,40.40250110769192],[20.11515864339306,40.40247605642808],[20.11515146854401,40.4024398318594],[20.115137193784346,40.402367760955016],[20.11510339655586,40.40230755200912],[20.115071658335513,40.40226948143519],[20.11504538280393,40.40227311191226],[20.115020506322235,40.4023071196176],[20.115001584114815,40.402377600041824],[20.114967941815053,40.40242142801645],[20.114924186789235,40.40246655429714],[20.114887953335913,40.40248210604634],[20.114856963138195,40.40249540732474],[20.11477860098614,40.40251265947831],[20.114694017184476,40.40250651780292],[20.114653805038238,40.40248723651967],[20.11464083270275,40.402459340939615],[20.114637745338893,40.40241350849297],[20.114652465688216,40.40236950816507],[20.1146791632719,40.40228970675296],[20.114668137868183,40.40225000195056],[20.114629328975987,40.402229431217556],[20.114587450788168,40.402221744216675],[20.114574884164643,40.40222256137317],[20.114537162211743,40.40222501427027],[20.114488006492703,40.40223365001406],[20.114411655214763,40.402248811287535],[20.114343638395958,40.40226533698151],[20.114203685333656,40.402299340500385],[20.11419653931381,40.4023010767186],[20.114069372702645,40.40234269417171],[20.113955964907348,40.40238615883636],[20.113861458222896,40.40242237933458],[20.113801297067898,40.402433386216764],[20.11374253791299,40.402425780800584],[20.113690903640574,40.4023951777932],[20.113677885620977,40.402322388280105],[20.11370717990006,40.40226355537264],[20.113758651455456,40.402197818366936],[20.11379574290374,40.40210144191817],[20.113799142219552,40.40202185319639],[20.113794711300443,40.40194303411478],[20.11375161384257,40.401876295327696],[20.11365144192829,40.40178041938288],[20.11357445152505,40.40171393489815],[20.11347716025208,40.4016656394829],[20.11342983724645,40.40164214827487],[20.11335593162662,40.40163721834325],[20.113325257589285,40.4016521038818],[20.113282307588243,40.40167294669201],[20.113230623429768,40.401721378348405],[20.113200809741304,40.40177648239978],[20.11316317261895,40.40184604620974],[20.113128321678467,40.40189055549851],[20.113078650659222,40.40190873619697],[20.113016861018494,40.401909480726516],[20.11296398616564,40.40188626861937],[20.11290660364922,40.40184492855976],[20.112847102510248,40.401796181286],[20.112771364318853,40.40175622752812],[20.112696101657647,40.40173269496127],[20.112572783573217,40.40171174261835],[20.112477096586407,40.40170245975267],[20.112389893317363,40.40169399984527],[20.11228601758626,40.401696837676894],[20.112233637795306,40.401701678238126],[20.112170536868692,40.401721582207344],[20.112110515070366,40.4017550002126],[20.11204298101271,40.40180193560479],[20.111962506006005,40.40187556851418],[20.111903008772,40.401943855085875],[20.111836852073413,40.40201131609888],[20.11175037449903,40.40207761652489],[20.111668955580427,40.40212217015188],[20.11154029226912,40.402167160538575],[20.111479408874043,40.402174745658705],[20.111373287674663,40.40217382163184],[20.111241410624963,40.402161032959405],[20.111146876108815,40.402156249972144],[20.111073884664243,40.402152556906316],[20.11106434675171,40.40215284634382],[20.11101567867428,40.402154323213],[20.110927515078583,40.40216722688718],[20.110848228961828,40.402184588620216],[20.110615832765617,40.40223547737558],[20.110460297195864,40.40224923778954],[20.11037789773399,40.40224247418851],[20.11030756374878,40.402220987941824],[20.110247517230846,40.402192649557925],[20.110069041312837,40.40208489821658],[20.10995240625025,40.40202056292996],[20.109904011391986,40.40199386851011],[20.109835000512447,40.40195972243308],[20.109799575760672,40.401927939389765],[20.109787855583214,40.40187971212702],[20.109797220932332,40.40184295677212],[20.109832584988403,40.40179200586218],[20.110007984956077,40.401680446945015],[20.110134211168347,40.40160016341498],[20.110260810666166,40.40152888254746],[20.11040909385034,40.40144118204497],[20.110435199402257,40.40142560486493],[20.110451420057785,40.401415925994925],[20.110503076268937,40.40136885280344],[20.1105065754239,40.4013269367481],[20.110493098218274,40.40129715503765],[20.11044572848547,40.40123790940265],[20.110386767768237,40.40118140070465],[20.110290588171758,40.40110395059061],[20.110257377450914,40.40107504590933],[20.110235611962747,40.40106385041943],[20.110190387585234,40.40105244372578],[20.110134601316613,40.401054755038075],[20.110065261331968,40.4010581671868],[20.109992551481476,40.401053589558245],[20.109928647798185,40.40103530821227],[20.109815810082107,40.40099802115431],[20.10963158276046,40.40098036327301],[20.109449431683014,40.400953852908195],[20.109271326436645,40.40090795592859],[20.1090591474635,40.40084474851795],[20.108809469467616,40.40075786128524],[20.108643353447167,40.400687242180915],[20.108518748842883,40.40064490866885],[20.108400238845892,40.40061325312775],[20.108315556733267,40.4005873838767],[20.108242536080144,40.400561887175805],[20.108198173720194,40.400524390933974],[20.10818806455968,40.40047899641263],[20.10815909121658,40.40041144439644],[20.10811448795138,40.40035413582044],[20.10804759498326,40.400335018437495],[20.107950430556546,40.400331595090215],[20.107875508184716,40.40032895533051],[20.107802063250574,40.400301775715725],[20.107729300928906,40.400263568644704],[20.10766793238705,40.40023596403727],[20.107599715548393,40.400213499691525],[20.107501251070666,40.40018107446092],[20.107369329034935,40.40015129587203],[20.10724827051416,40.4001276980803],[20.10712988794803,40.40011425920025],[20.107072482242575,40.40011735492487],[20.10702506466453,40.40012722163008],[20.106970990381775,40.40013235231725],[20.1069080390406,40.40013071698571],[20.106828666774927,40.40011690301372],[20.10674794570876,40.400091234948185],[20.106667445280028,40.40007944098194],[20.10660342442473,40.40008208039715],[20.10652383811077,40.40009312198409],[20.10638866123889,40.400111875918775],[20.106310869897932,40.400113455735614],[20.106220383887578,40.40012182909292],[20.106158721740748,40.40012753511763],[20.106129897854643,40.40013020237945],[20.106017264882944,40.400140624970646],[20.105867908467093,40.40015444562394],[20.105695625130256,40.40015042452085],[20.10555348364887,40.400147106736796],[20.105424853965136,40.40012739949367],[20.105359381774974,40.40009901552055],[20.10524834297092,40.399982925040575],[20.105153006522663,40.39988227352301],[20.10508447786495,40.399792371658776],[20.10507368489002,40.39968752184139],[20.10508700760252,40.39964064215892],[20.105153155110663,40.39955977600123],[20.105243337304316,40.39945474908232],[20.105328071961488,40.399337758151475],[20.105422539540946,40.39920732867618],[20.105478548756093,40.39912999761116],[20.105553121044796,40.39902703647712],[20.10561077012901,40.3989224745826],[20.105619759186336,40.39889067592549],[20.105635995534836,40.398833240005494],[20.10564674799997,40.39871896956702],[20.105628739338485,40.398651061872705],[20.10561870228724,40.39861321374573],[20.10559813525936,40.398535658611884],[20.10559736349205,40.39844394595241],[20.105597269414837,40.39843276630544],[20.105616377158995,40.39838483380629],[20.10566196488465,40.398322504928856],[20.105697844089427,40.39827344973251],[20.105705503553978,40.39821203006055],[20.105686334571068,40.398138509302804],[20.105643244559158,40.398073100578316],[20.10559733649504,40.39800341401769],[20.105528643216708,40.39789874835347],[20.10545573090776,40.397787653890504],[20.10537446141101,40.39766382532428],[20.105299346869064,40.397589093365994],[20.105257150508255,40.397564774830045],[20.10525377029233,40.39756282674824],[20.105250805815608,40.397560276793236],[20.105223410059434,40.39753766522547],[20.105167318362067,40.39749879951225],[20.105158984066048,40.39749302470564],[20.105083317143357,40.39745676592888],[20.105024384789818,40.397428966767826],[20.104943328236356,40.39739073124592],[20.104872154462235,40.39735743862297],[20.104872832793163,40.39734019923556],[20.104744490486542,40.397215709649934],[20.104677925706604,40.3971906528453],[20.104618525702836,40.39718919354637],[20.10454435081543,40.39720226991044],[20.104438394017723,40.39724087370471],[20.10441884846935,40.39725757417404],[20.104364761218154,40.39730703643038],[20.10431067388779,40.39735649866115],[20.10424453803994,40.39739435678087],[20.10417786001173,40.3974000585324],[20.104051511972095,40.39736851351536],[20.10385175258499,40.39733554621907],[20.103657179608415,40.39728677894195],[20.10366276955289,40.39724841509249],[20.103725677116003,40.39726535727908],[20.103729880617962,40.39726648935946],[20.103854536200593,40.397300061313736],[20.104095371690452,40.39735092577026],[20.10417858101092,40.39736300728931],[20.104227761885365,40.39736174937171],[20.10429474612515,40.39730673246722],[20.104370670181194,40.39722239138189],[20.10448695489169,40.39715794945698],[20.10463142438461,40.39713983297369],[20.104643642973453,40.39713895520427],[20.104744080273235,40.397162509617715],[20.10480817657607,40.39722062722149],[20.104878264760767,40.39728417764754],[20.104916759919195,40.39732794371645],[20.10499611157023,40.39736872793928],[20.105145534321352,40.39743115436897],[20.105241741101036,40.39748353124034],[20.105335218910422,40.39755650946421],[20.10536641326453,40.39758086287704],[20.10542697594565,40.39765323522586],[20.10547256216887,40.39774569157736],[20.105512217719752,40.397810978719434],[20.10564563000851,40.398005192227096],[20.105701250124465,40.398096869218676],[20.105734704271793,40.398145919431634],[20.105749006275477,40.398191598504944],[20.105747191309636,40.3982459328691],[20.105736532658582,40.39828253884732],[20.10567419381061,40.39839683722739],[20.10565983225516,40.39843431342997],[20.10565434653816,40.398448628291455],[20.105652126919303,40.398485610943645],[20.10565277428102,40.398535642889776],[20.105668921458452,40.39858859666425],[20.105692413529205,40.39864796560013],[20.105701932294913,40.39870189325102],[20.105704873629154,40.39878420637531],[20.1056841702103,40.39890677164204],[20.105649890521935,40.39900122786143],[20.105575675785587,40.39911202760032],[20.105491297431875,40.39921598089832],[20.105323572785224,40.39944816056824],[20.105202556184505,40.39959367970946],[20.105151351739963,40.39967099037317],[20.10514509262791,40.399730456607394],[20.10514527664061,40.39973112037461],[20.1051598382268,40.39978364661727],[20.105195797098553,40.39983314290451],[20.105260694569434,40.39991863530794],[20.10531463695207,40.399982316736],[20.105405127170823,40.40007076967952],[20.10545758235138,40.40009443674366],[20.105534018275875,40.400104982574646],[20.105703322943018,40.40010846996257],[20.10587037798754,40.400111910768764],[20.105959195303043,40.40010138484383],[20.106146455713592,40.400079191988475],[20.106191250069358,40.40007590841457],[20.106235986280257,40.400072629085244],[20.106410630422637,40.40005982685646],[20.106526481488302,40.400046545295126],[20.106620939146094,40.40002590543233],[20.106697494931325,40.40002425388241],[20.10675544284989,40.400032105289604],[20.106867237153043,40.40007047274229],[20.1068941747761,40.40007825114391],[20.106971129587386,40.400087627979374],[20.10711879551001,40.4000680702466],[20.107227323427963,40.40006086098757],[20.10729192031518,40.40007473343908],[20.107427470374443,40.40010384324483],[20.107616262860077,40.400167905351466],[20.107728448328615,40.40020383383562],[20.10780468232967,40.40025176089156],[20.10789705787677,40.40028466243469],[20.107975063226217,40.4002859772242],[20.108061125451474,40.400290718911755],[20.108146154984105,40.400309437551904],[20.10817048496134,40.40032656387091],[20.108192955207752,40.40036345790312],[20.108229469348682,40.40042903556212],[20.108257036939523,40.4004846487687],[20.10828949131771,40.40051953988075],[20.10837197610149,40.40054990651866],[20.10869065219977,40.40064790372563],[20.108880123960066,40.40072070684047],[20.109078953132492,40.400795667681116],[20.10924141117577,40.40084328347722],[20.109338934836508,40.40086800832231],[20.10951241225087,40.40091198921822],[20.10952904307039,40.40091377727347],[20.109585857372434,40.400919885619416],[20.10959514121022,40.40092088376133],[20.109746092875177,40.4009371130597],[20.109857401668773,40.40094908009434],[20.109981080725085,40.400987133434775],[20.110125345102706,40.4009855340794],[20.11019628443691,40.40098142968084],[20.110281810163624,40.401000753256945],[20.11033655858481,40.401039210237435],[20.110419584810163,40.40112076924861],[20.110497842865083,40.40121011306295],[20.11054161881479,40.40125836970923],[20.110566225624225,40.401328933385365],[20.11056730099917,40.401334181314795],[20.11062925873783,40.401357288564846],[20.110660689742062,40.40137429571151],[20.110732484079303,40.40144555097823],[20.110835540518593,40.40156234788413],[20.110927956162787,40.401640961624665],[20.11099415635722,40.40168887196772],[20.11111765036474,40.401735588372006],[20.111178816468286,40.401783332524815],[20.111210813045897,40.40187141720381],[20.11118658259871,40.40190657036959],[20.111164188578815,40.40192175800887],[20.11109745725861,40.40195492749091],[20.111050842555663,40.401991058752074],[20.111048673681235,40.40202375102246],[20.11105483783508,40.40204975772453],[20.111071542771793,40.402071393615685],[20.11112552993443,40.40211755269848],[20.111134895096914,40.4021178976971],[20.111195811640254,40.40212168758082],[20.111257126616966,40.40212717505983],[20.11131022830812,40.40213190412538],[20.11134023129957,40.402134576084094],[20.111466192100035,40.40213364588899],[20.111550329711896,40.40212547721445],[20.111659139415064,40.402081609877015],[20.111718886044148,40.40204596665814],[20.111774661655964,40.40200951862282],[20.111880082455453,40.40187976728257],[20.11204007995128,40.40174406094855],[20.112082368738207,40.40171423315993],[20.112124657487797,40.40168440535574],[20.112206351306884,40.40165517997896],[20.112274622408474,40.401648774755785],[20.112338565820252,40.40164957734361],[20.112433304650114,40.40165076639611],[20.112504922094754,40.40165616502481],[20.112578109281124,40.40166539083908],[20.11269291459861,40.40167986284415],[20.112741270122307,40.40169375656693],[20.112823565184307,40.40171740188813],[20.1128645574752,40.40174001124078],[20.112884175696397,40.4017508316863],[20.112893277867528,40.401755851993705],[20.11293733355854,40.40178015091316],[20.112959178946586,40.401808635247846],[20.112994913917056,40.40183941558868],[20.113027251740498,40.40185607436448],[20.113054916463113,40.40185476618755],[20.113077537943937,40.401846096481115],[20.113105174250915,40.401827812834874],[20.113138613603617,40.401757102574614],[20.113199674879766,40.401673127262285],[20.11326220573974,40.401621137492846],[20.113307860963218,40.401599313303514],[20.113356782207802,40.40158455133831],[20.113416411929048,40.40158799681576],[20.113443661829624,40.40158957133764],[20.11347283328267,40.401598690698776],[20.11350915199371,40.40161580626406],[20.113549845572656,40.40163498350681],[20.113587458533924,40.40165848476447],[20.113635481191334,40.401695138308014],[20.113703118307654,40.40174676258777],[20.113756855007725,40.40179443260393],[20.113788721409794,40.40183190918417],[20.113814862166134,40.40186912666625],[20.113831847907367,40.40189330981727],[20.113846020645358,40.401943204083956],[20.11385529798468,40.40197586435454],[20.113851607637955,40.40202208924854],[20.11385085416589,40.40207237533723],[20.113838868944253,40.40212835866005],[20.113826270123578,40.402160478601964],[20.113803320707092,40.40221898668841],[20.11376484469772,40.40227097664164],[20.113745219899066,40.4023171173439],[20.11374905034258,40.40235138444767],[20.113761135993418,40.40237167505045],[20.113791946221003,40.402382896301404],[20.113853681532017,40.402377957693766],[20.113917068179212,40.40235259830746],[20.114038811627047,40.40230389169758],[20.114211182100547,40.40224906603261],[20.114238962385176,40.402240229959176],[20.114369588081694,40.40220580299052],[20.114478017539103,40.402177225798106],[20.114569159367154,40.402174524097276],[20.114573180588458,40.40217440489528],[20.114626727431357,40.402172817580364],[20.114668412323383,40.4021850479876],[20.114683031565086,40.40219531503356],[20.114717210439153,40.4022193187263],[20.114740036891064,40.40225918819464],[20.114744302328003,40.40230400483837],[20.114720209737854,40.402360628032504],[20.114698874786733,40.402410770049485],[20.11470294052272,40.40243991798013],[20.114733088054955,40.40245523139143],[20.114776602738992,40.40245825669773],[20.114824781754724,40.40244900295878],[20.11485885955386,40.40243633287825],[20.1148954332091,40.40241691788399],[20.11492336729089,40.40239131828314],[20.11494102340737,40.40235666088729],[20.11495373424717,40.40231812834949],[20.114965589999105,40.40228218794449],[20.11497521485468,40.40225301041498],[20.114996075015885,40.40221922653979],[20.11501565665078,40.40220222574418],[20.11503368865845,40.402196414289335],[20.11505895300059,40.402197637126335],[20.115075472618454,40.40220318923122],[20.115089307376852,40.402213732286135],[20.11509768739287,40.40222185959876],[20.115109247290967,40.40223637578541],[20.11513860630392,40.402269032152674],[20.115160974341748,40.402303639179756],[20.11517544865018,40.40233956259788],[20.11519136180468,40.40239994626601],[20.11521714087863,40.40245126009767],[20.115234357982516,40.402465468145415],[20.115261856196376,40.40246973197591],[20.115296876206433,40.402466335751996],[20.11532273019903,40.402458152680964],[20.11535882972444,40.40244545273035],[20.11539294653562,40.40243980176747],[20.11543306068656,40.40244136276257],[20.115500525876858,40.402463065095894],[20.115538830401285,40.40248500197396],[20.11557191003302,40.40251427481889],[20.115588934141922,40.402543208215576],[20.115630793780177,40.402614305295344],[20.11568232740324,40.402701833060036],[20.115718632210896,40.40274457966072],[20.11576875888441,40.40277976244573],[20.115825229837185,40.402805330906325],[20.11596165802744,40.402850340044296],[20.11605545892999,40.40287652565007],[20.116137220922504,40.40288828601931],[20.11620019494661,40.40289509507489],[20.116327692745436,40.40290068205019],[20.116410730822604,40.402906115540425],[20.116444895129934,40.402910594174095],[20.116486601106157,40.402923555859246],[20.116509220148753,40.40293452136344],[20.116542455080396,40.40295883469758],[20.11656583218489,40.40298785531461],[20.11658944376568,40.40301716698301],[20.11662619693415,40.40306516079343],[20.116662863539325,40.40313376713008],[20.116705193149304,40.40320949966702],[20.11673636453221,40.403248243022475],[20.116782727181484,40.40329453979853],[20.116831896061612,40.40332701102984],[20.116891353921364,40.40335483732898],[20.116951138386572,40.40337260075316],[20.117005172023806,40.40337848745382],[20.11712222362038,40.40337868172311],[20.117236046681352,40.403383988759266],[20.11729079938574,40.40339135999242],[20.117323882929423,40.40340037432651],[20.117359978503547,40.4034169498256],[20.117386963984607,40.40343596497281],[20.117465224286207,40.40349215559476],[20.117564387424988,40.40357368628611],[20.11775632437054,40.40373149363518],[20.117854050401036,40.40381828877551],[20.1180056047062,40.40394314292865],[20.1181127991422,40.40403164162638],[20.11817179933357,40.4040609146842],[20.118301904629252,40.40409366134702],[20.118364391879904,40.40410967743765],[20.11842919959617,40.40411710029198],[20.118493741016096,40.40412028878701],[20.118663966287716,40.40412771473449],[20.118718378327955,40.40413810976255],[20.11879914999899,40.40416664451402],[20.1189380823888,40.40423001086435],[20.119124792428938,40.40430262309121],[20.119360924042894,40.40436176089922],[20.1194703970028,40.40437842089247],[20.119704986862835,40.404394792026736],[20.120000691173143,40.4044097327896],[20.120134600356124,40.40441938381654],[20.120219730536416,40.40444017823159],[20.120465575812858,40.404505043213895],[20.120561777417937,40.40454804031932],[20.12065306888677,40.40460728326636],[20.120803978509073,40.404772952367225],[20.12090835473071,40.40491809076766],[20.12092833666388,40.40493300916582],[20.12100649768491,40.40498346582962],[20.12106019158037,40.405005814537226],[20.121192589660872,40.405045462610126],[20.121441558379203,40.405047499087836],[20.12153538759525,40.40505659062665],[20.121691828609663,40.405104215503655],[20.12204952827179,40.40520491816868],[20.12219257140815,40.405243495212076],[20.122328050891994,40.40529165606902],[20.12284032390559,40.40551029263127],[20.122996164029363,40.405629144578],[20.123038302484712,40.40567562932886],[20.123106176876387,40.405735205658836],[20.12320942211526,40.40580390755399],[20.123269044666205,40.405848185021526],[20.12336137526929,40.405908069214426],[20.12340077186645,40.40593607860006],[20.123464324229218,40.405881868044055],[20.12353763795051,40.40580660229974],[20.12360715739725,40.40573001965948],[20.12363093185388,40.4057021843825],[20.12364559373358,40.405683655529266],[20.123667030316458,40.4056557578991],[20.123674101497755,40.405639224675],[20.123679457006038,40.40559090255559],[20.12366973718158,40.40554531778782],[20.12364771991012,40.405513317552845],[20.123619343926332,40.40549820836989],[20.12352587111326,40.405461489416716],[20.123460059634485,40.40540203693056],[20.123407774922246,40.405267451851955],[20.123408491408078,40.40514282843246],[20.12347310484619,40.405017694895115],[20.123521019982896,40.405014775818856],[20.12345350030032,40.4051200349143],[20.123446491323627,40.40515154132104],[20.12344515833944,40.40519808636675],[20.1234438253535,40.40524463141207],[20.12347379212513,40.405350968316846],[20.12349995606348,40.4053937267076],[20.123520598404838,40.4054107629866],[20.123559444374152,40.405443254869915],[20.123630277006434,40.405471174476766],[20.123680390752696,40.40549865839416],[20.12370089150701,40.405526519600215],[20.1237159733693,40.40556065672875],[20.12371645691965,40.40560919912567],[20.123707462914442,40.405653832183724],[20.12369634008779,40.40567550076194],[20.123652833628153,40.4057244392849],[20.12355568759384,40.40583551518928],[20.12347601140725,40.405926182984366],[20.123428622985493,40.405961292290016],[20.123444169846625,40.405973543833404],[20.123466912920865,40.40599073287963],[20.123547843714153,40.406045585143055],[20.123632832316204,40.40609199683401],[20.12378765906049,40.40615954148146],[20.123917489867143,40.40619885992129],[20.12409996958399,40.40623455374303],[20.1241524373841,40.40623995373589],[20.124298099907975,40.40624525442499],[20.12457394155605,40.406246979140484],[20.124761858562724,40.406243561547726],[20.12494280109208,40.40627141170818],[20.12503896537804,40.4062970614456],[20.12518138714863,40.40634514113234],[20.12524489798158,40.406377962121454],[20.12526808657837,40.40640569969333],[20.12527674325993,40.40643001433567],[20.125277292503213,40.406462681605994],[20.125252633831707,40.40652116545382],[20.125197130543075,40.40660285199261],[20.12515827453382,40.40658853313219],[20.125165857867835,40.406577963087244],[20.12519239400098,40.406540975616146],[20.12520014300996,40.40653017462726],[20.125218414654732,40.406504706602234],[20.12523031936682,40.40645726141883],[20.12522259308912,40.406413727897785],[20.12520782918213,40.406393121150344],[20.125119783675544,40.406356302660456],[20.124994175229414,40.4063159134846],[20.124905529973258,40.40630091850718],[20.125054997801524,40.40636940487052],[20.125160328159804,40.40642044889539],[20.125192393789657,40.40647818511416],[20.125188010538537,40.406514745910435],[20.12515725961331,40.40658803328652],[20.125120226979462,40.406569794801406],[20.125145473858893,40.40648197906043],[20.12512339585728,40.40643996226574],[20.1250649424849,40.40640485988008],[20.1249915745741,40.40637075738765],[20.12493217766138,40.406343148762694],[20.12489410802229,40.40632830719889],[20.124741421617045,40.406283782014874],[20.124606185325664,40.406279187191835],[20.12451776120278,40.40627953171951],[20.12430061988426,40.40628132764494],[20.12412787243894,40.406275043583626],[20.12393070058181,40.4062408621499],[20.123747193636692,40.40618866432892],[20.12360085324232,40.40612287312256],[20.12351688399595,40.4060747384196],[20.12328185303818,40.40590143454475],[20.12325459205053,40.40590153210022],[20.12319282542033,40.405919117032],[20.122983407771052,40.4061105599092],[20.122888118175528,40.40624098194513],[20.122768244745085,40.40653733157822],[20.12269654612452,40.40665751845523],[20.122660256522618,40.406698204423606],[20.12263023667266,40.406675047900436],[20.1227099066451,40.40656839868761],[20.12276043201159,40.40642846602045]],[[20.110034366233673,40.402018983980234],[20.110165832854644,40.40209282267998],[20.110315891135073,40.40218343334325],[20.110464299592557,40.40221279509014],[20.11052541965486,40.402212292493076],[20.110611434498594,40.40219978778238],[20.110892071891033,40.402137148592104],[20.11103917825031,40.40211617029298],[20.111049201847553,40.40211474085718],[20.111075494420195,40.40211570945186],[20.111035366014676,40.40208217233695],[20.1110136247327,40.40203888933975],[20.11101909882111,40.401988787542415],[20.11105126838975,40.401953519145515],[20.111134540828346,40.401908437158866],[20.111180400524024,40.40186910881473],[20.111155460818246,40.40179413765806],[20.11109463808706,40.40175159157084],[20.110973437063848,40.401708404078086],[20.11090112421705,40.401660075020125],[20.110798597118272,40.401573640415926],[20.11070172076717,40.40145485982519],[20.11063845634713,40.401394055487756],[20.11057434229095,40.40136854345094],[20.1105561532533,40.40140130006893],[20.110476349944292,40.40145246138029],[20.11046931148875,40.40145653601385],[20.11034243423684,40.40152998638861],[20.11012171192454,40.40165776379354],[20.109974179897655,40.40174952038037],[20.10986790520365,40.40182273952513],[20.109848320895104,40.4018605432038],[20.1098538179869,40.40190815774629],[20.10988475366832,40.40193495316603],[20.1099569896482,40.40197552499727],[20.110034366233673,40.402018983980234]]]},"properties":{"Zk_Numer":3067,"Zk_Emer":"PSAR","Nr_Pas":"145","Vol":2,"Faqe":58,"Pronaret":"SHTET","Kufizimet":"","Siperfaqe":14690}},
{"type":"Feature","geometry":{"type":"Polygon","coordinates":[[[20.114173799830937,40.402521686927756],[20.114611758472275,40.40253197524072],[20.114458580148597,40.402533949619546],[20.114298741565083,40.40253765114059],[20.11398446793391,40.40255248830171],[20.11359442022743,40.40255264133765],[20.113115767144624,40.40257876915083],[20.112714165338822,40.402636194497774],[20.11220352166637,40.40269252001168],[20.111910662743128,40.40269027077767],[20.112070485706045,40.40256130739219],[20.112173197670163,40.402489351329194],[20.112224965661397,40.40247849340233],[20.11224821692569,40.402484234397235],[20.1123796366595,40.40249326541042],[20.112416900906506,40.40233268140365],[20.112783584013844,40.40241559381537],[20.11309104660811,40.40253798553095],[20.113159886757703,40.40256614718415],[20.113374481841642,40.40244803868219],[20.113478251423256,40.40239092585289],[20.11331278767226,40.40218950649342],[20.112650652431416,40.40173813116901],[20.112391997732093,40.40170617645766],[20.112187179287755,40.401737394509894],[20.111953140347946,40.40195616557251],[20.111782313963804,40.402113175009475],[20.11151163322897,40.402187929754554],[20.11113160028655,40.40218833490594],[20.111366421666066,40.40240858955754],[20.111525091945133,40.402568274218225],[20.111323585976834,40.40244881156227],[20.11097741707728,40.40238992994612],[20.11059639272632,40.402382983022584],[20.11108437547817,40.40218203257775],[20.111064346751714,40.40215284634382],[20.111073884664243,40.402152556906316],[20.111146876108815,40.402156249972144],[20.111241410624963,40.402161032959405],[20.111373287674663,40.40217382163184],[20.111479408874043,40.402174745658705],[20.11154029226912,40.402167160538575],[20.111668955580427,40.40212217015188],[20.11175037449903,40.40207761652489],[20.111836852073413,40.40201131609888],[20.111903008772,40.401943855085875],[20.111962506006005,40.40187556851418],[20.11204298101271,40.40180193560479],[20.112110515070366,40.4017550002126],[20.112170536868692,40.401721582207344],[20.112233637795306,40.401701678238126],[20.11228601758626,40.401696837676894],[20.112389893317363,40.40169399984527],[20.112477096586407,40.40170245975267],[20.112572783573217,40.40171174261835],[20.112696101657647,40.40173269496127],[20.112771364318853,40.40175622752812],[20.112847102510248,40.401796181286],[20.11290660364922,40.40184492855976],[20.11296398616564,40.40188626861937],[20.113016861018494,40.401909480726516],[20.11328394947714,40.402094624325635],[20.113580829861718,40.40235417438536],[20.113535518118898,40.402389079850785],[20.113559630945588,40.40241354934482],[20.11373910842043,40.40244629313895],[20.11391816310802,40.40252658144535],[20.114173799830937,40.402521686927756]]]},"properties":{"Zk_Numer":3067,"Zk_Emer":"PSAR","Nr_Pas":"144/10","Vol":2,"Faqe":59,"Pronaret":"SHTET","Kufizimet":"","Siperfaqe":4933}},
{"type":"Feature","geometry":{"type":"Polygon","coordinates":[[[20.11524085832613,40.402517919638086],[20.115265477495026,40.402514558515364],[20.115202069443097,40.40252786300813],[20.115001699491934,40.40253320045576],[20.11486817748147,40.402532178296184],[20.114887953335913,40.40248210604634],[20.114924186789235,40.40246655429714],[20.114967941815053,40.40242142801645],[20.115001584114815,40.402377600041824],[20.115020506322235,40.4023071196176],[20.11504538280393,40.40227311191226],[20.115071658335513,40.40226948143519],[20.11510339655586,40.40230755200912],[20.115137193784346,40.402367760955016],[20.11515146854401,40.4024398318594],[20.11515864339306,40.40247605642808],[20.115175462321147,40.40250110769192],[20.1151835649891,40.40250923083952],[20.11519275025933,40.40251414842205],[20.115219710870655,40.4025173084424],[20.11524085832613,40.402517919638086]]]},"properties":{"Zk_Numer":3067,"Zk_Emer":"PSAR","Nr_Pas":"141/7","Vol":2,"Faqe":60,"Pronaret":"SHTET","Kufizimet":"","Siperfaqe":428}},
{"type":"Feature","geometry":{"type":"Polygon","coordinates":[[[20.1276166876846,40.40344697568479],[20.1276259609793,40.40342826768834],[20.127660088110122,40.403273670543626],[20.12769285869619,40.403178147691015],[20.127708505514285,40.403116120523066],[20.12779804865235,40.40306317062901],[20.128127822675346,40.403037602012446],[20.128344916442188,40.4030930746971],[20.128597231785008,40.40324453714681],[20.128916243134967,40.403434698319565],[20.129043963609377,40.403516969029276],[20.129191048454718,40.40362248154116],[20.129296265847746,40.40368318090906],[20.129394645315752,40.403729699400465],[20.12948919179109,40.40378575474643],[20.12955771388694,40.40385326593937],[20.12963627303849,40.40393099684411],[20.129641031662935,40.404049703369644],[20.129537573930797,40.40411719784451],[20.129379257491358,40.40419870398415],[20.129326655141966,40.4042243982994],[20.129146355895138,40.40435989161484],[20.12899091243625,40.40446126142555],[20.128869511467315,40.40456103473139],[20.12884996975369,40.404696236656456],[20.1288532335736,40.40482334291045],[20.128864764743827,40.40508994347936],[20.128893182967673,40.40532988953374],[20.12890809533058,40.40565298011474],[20.128867270204946,40.4059626789861],[20.12879549693924,40.40614976521488],[20.128517495868802,40.40637642588374],[20.128180509032248,40.40658100408706],[20.12759683477058,40.40676643230527],[20.127236828460685,40.40683015790031],[20.12697749022646,40.406867985349884],[20.12667064645451,40.40688356142787],[20.126263463136745,40.40688048483671],[20.125988871806985,40.40685068188403],[20.12568655736443,40.40678429217889],[20.12543905344161,40.406705477184154],[20.125319871452703,40.40665655999016],[20.125245694564367,40.40662251259147],[20.125197130543075,40.40660285199261],[20.125252633831707,40.40652116545382],[20.125277292503213,40.406462681605994],[20.12527674325993,40.40643001433567],[20.12526808657837,40.40640569969333],[20.12524489798158,40.406377962121454],[20.12518138714863,40.40634514113234],[20.12503896537804,40.4062970614456],[20.125131709742426,40.406291185000335],[20.125329112915022,40.406334267242585],[20.12577374827878,40.40644504147798],[20.125744163466507,40.40649891710766],[20.12594407739307,40.40649506365022],[20.126235838780307,40.4064934567309],[20.126413993233175,40.40650254687307],[20.12663133391652,40.406490558407995],[20.12683895292686,40.40650075674229],[20.127093213685388,40.4064810964052],[20.127489007306153,40.40637132867163],[20.12792019822794,40.40613589438653],[20.128013112751848,40.4060851617593],[20.12816914659695,40.40577661127296],[20.128357713829505,40.405403723303934],[20.12810101578558,40.405242520582235],[20.12795328805249,40.405084665949495],[20.12779489530474,40.40497368188986],[20.12757262414562,40.40488904228136],[20.12742102733876,40.4048310285411],[20.127224509033894,40.40477193694959],[20.126966078254306,40.40469307075365],[20.12698021455755,40.40466404837914],[20.126981129826138,40.40466424743049],[20.127100735437903,40.4044428549773],[20.127239601125535,40.40421598276135],[20.12740575021282,40.40387251911041],[20.1276166876846,40.40344697568479]],[[20.128366758359,40.40393805241592],[20.128414925707034,40.40373385309333],[20.12851343606133,40.40352689570385],[20.128581997882247,40.40339328545649],[20.128085277365944,40.403231719694105],[20.12775951131754,40.40321110454299],[20.127702329401647,40.403343304931596],[20.127608299445935,40.40356801831589],[20.127523291881083,40.403769891905846],[20.127425384854533,40.404018468348454],[20.127287769512595,40.40425242412749],[20.127085304794647,40.40466933836197],[20.127523865114657,40.40478696999053],[20.128208679612843,40.40510836501262],[20.12826789919782,40.404751873068],[20.128290504743106,40.40461579048838],[20.12832533562105,40.404406111842896],[20.128384830589965,40.4041873925695],[20.128390127419898,40.40407120138238],[20.128407783319002,40.403944401015046],[20.128366758359,40.40393805241592]]]},"properties":{"Zk_Numer":3067,"Zk_Emer":"PSAR","Nr_Pas":"135/57","Vol":2,"Faqe":62,"Pronaret":"SHTET","Kufizimet":"","Siperfaqe":35716}},
{"type":"Feature","geometry":{"type":"Polygon","coordinates":[[[20.127455233904005,40.40067419447593],[20.1274438456423,40.40035565594485],[20.127444959515532,40.40011256188226],[20.12750636383182,40.399732839448625],[20.127551328372228,40.39974837229869],[20.127492067222732,40.40011484297294],[20.127486788870378,40.40031244845155],[20.127506203113267,40.40068263720089],[20.12755614216638,40.40082979682],[20.127605347980786,40.40094184884467],[20.12761495248635,40.400965123233206],[20.127573948684322,40.40121501893596],[20.127518229070166,40.40136874062993],[20.127468625358514,40.40157039683981],[20.127401161369413,40.40175951896916],[20.12734770268036,40.401875931175304],[20.127282334750745,40.40204451558836],[20.127246541520353,40.402141711112954],[20.12720948922852,40.40227254667809],[20.127188036247166,40.40233428429588],[20.12709564972442,40.40267309166542],[20.127057387669705,40.402846662070026],[20.127054416772406,40.40290896263333],[20.126923558937587,40.40290531560965],[20.126808569672512,40.40291596500688],[20.12672494381614,40.4029771909835],[20.126608913503606,40.40306836697445],[20.12653997508195,40.40315704394644],[20.126400959074516,40.40328397732542],[20.12631181884882,40.403350717616654],[20.126268940391245,40.403391728033476],[20.126243914848,40.403414916735734],[20.12621977723173,40.40346235448646],[20.126215569442362,40.40351537307234],[20.126205601063326,40.403561125846636],[20.12619594535134,40.40357723544348],[20.12616047039201,40.40359136683767],[20.126107121725465,40.40359668198308],[20.1259839183403,40.40358656521751],[20.125857526943733,40.403592507731815],[20.125758060817947,40.40360325543659],[20.125661901013263,40.403597908523686],[20.125583726831184,40.40359272457875],[20.125355621330083,40.40355192500844],[20.125286529096982,40.40354221685262],[20.125214653329817,40.40351640407889],[20.125178884875588,40.40349314283056],[20.12514904645386,40.40347224081332],[20.125218994631073,40.40339962175597],[20.125295617326216,40.403444243331634],[20.125360472508877,40.40346865881246],[20.125416416793065,40.403479271841896],[20.12554402755015,40.40349018465147],[20.125668096407768,40.40350250345581],[20.125933997072536,40.40351409497693],[20.12606840511601,40.40346784812885],[20.126464924293426,40.40307037953652],[20.12673098037517,40.402892628339],[20.1269766944804,40.40282908370103],[20.12704984441799,40.4026641868722],[20.12704994752842,40.402663730607564],[20.127125911226383,40.40232758883579],[20.12723259059582,40.40200356523038],[20.12732640142873,40.40178110216658],[20.127392740518644,40.401611660619274],[20.127448472019605,40.401431666363756],[20.127520231220082,40.40122899387011],[20.127548011313227,40.40094036442754],[20.127455233904005,40.40067419447593]]]},"properties":{"Zk_Numer":3067,"Zk_Emer":"PSAR","Nr_Pas":"139/40","Vol":2,"Faqe":63,"Pronaret":"SHTET","Kufizimet":"","Siperfaqe":3458}},
{"type":"Feature","geometry":{"type":"Polygon","coordinates":[[[20.12515725961331,40.40658803328652],[20.125188010538537,40.406514745910435],[20.125192393789657,40.40647818511416],[20.125160328159804,40.40642044889539],[20.125054997801524,40.40636940487052],[20.124905529973258,40.40630091850718],[20.124994175229414,40.4063159134846],[20.125119783675544,40.406356302660456],[20.12520782918213,40.406393121150344],[20.12522259308912,40.406413727897785],[20.12523031936682,40.40645726141883],[20.125218414654732,40.406504706602234],[20.12520014300996,40.40653017462726],[20.12519239400098,40.406540975616146],[20.125165857867835,40.406577963087244],[20.125158274533817,40.40658853313219],[20.12515725961331,40.40658803328652]]]},"properties":{"Zk_Numer":3067,"Zk_Emer":"PSAR","Nr_Pas":"201/16","Vol":2,"Faqe":64,"Pronaret":"SHTET","Kufizimet":"","Siperfaqe":135}},
{"type":"Feature","geometry":{"type":"Polygon","coordinates":[[[20.129232806153215,40.40812199873011],[20.129436346626083,40.407913285377305],[20.129649083726886,40.407646408843846],[20.129757453021174,40.40746019473399],[20.12979301576694,40.40739920987911],[20.129901656123966,40.40722036745826],[20.129964386182355,40.407054925220095],[20.13012852948677,40.40654991881601],[20.130216117199964,40.40632741536759],[20.13027047191688,40.40608479887213],[20.130359930062692,40.40597625421008],[20.13037366512336,40.40598275922384],[20.130286118935558,40.40622445294785],[20.13000944159754,40.40698827993684],[20.129948831961425,40.407173144374795],[20.129909208178486,40.407253397736646],[20.12983833132271,40.40739695005038],[20.129771982204147,40.407531331398154],[20.129726046476726,40.40759844003912],[20.1294839616138,40.407897954558905],[20.129404310599938,40.40798739158567],[20.129313926767598,40.40808561503911],[20.128877331830736,40.40857252758144],[20.128550535103727,40.40893698197226],[20.12843672403152,40.409064273821826],[20.12841185767314,40.40905348107912],[20.12851437685765,40.40893830716877],[20.128609856708994,40.40883104107405],[20.128620166270352,40.40881945885254],[20.128720916212405,40.40870627161138],[20.128896477243924,40.40850605618573],[20.129051749271476,40.408319818329716],[20.129232806153215,40.40812199873011]]]},"properties":{"Zk_Numer":3067,"Zk_Emer":"PSAR","Nr_Pas":"201/18","Vol":2,"Faqe":69,"Pronaret":"SHTET","Kufizimet":"","Siperfaqe":1129}},
{"type":"Feature","geometry":{"type":"Polygon","coordinates":[[[20.12582933111441,40.40881205987401],[20.125670872252748,40.408408469143026],[20.125343391076814,40.40796058984719],[20.124847843550153,40.407457841145344],[20.124461342223576,40.407067885420894],[20.124284394134122,40.406607271238144],[20.12429509476333,40.40648343275164],[20.12438892799847,40.40637696507598],[20.1244776125928,40.4063439220778],[20.124570425962546,40.40632147736997],[20.124741877395525,40.40634530586775],[20.124826236798853,40.406379057469714],[20.124877961143934,40.40639637883949],[20.12494145583371,40.40641846885333],[20.12498627237585,40.40644134338504],[20.12503812311399,40.40652503744962],[20.125082179446192,40.40655105645803],[20.125120226979462,40.406569794801406],[20.12515725961331,40.40658803328652],[20.125158274533817,40.40658853313219],[20.125155355258592,40.40659260216864],[20.125109725991866,40.40665620252184],[20.125020900928124,40.406617290836515],[20.124985266008597,40.40660290429291],[20.124887373030127,40.406568225822504],[20.124790203159954,40.40652331319377],[20.124596055429507,40.406652022485666],[20.124557065404428,40.40677497598003],[20.124661573802598,40.40699588861406],[20.124854765748903,40.40715187687685],[20.125082773559765,40.40738409336944],[20.12532361209,40.40767948703042],[20.12549932308451,40.40789499840247],[20.12568852855422,40.408162254347396],[20.125842076379527,40.40844015264571],[20.125929530714792,40.40865251818455],[20.125979982630433,40.40881164947519],[20.12582933111441,40.40881205987401]]]},"properties":{"Zk_Numer":3067,"Zk_Emer":"PSAR","Nr_Pas":"331","Vol":2,"Faqe":72,"Pronaret":"SHTET","Kufizimet":"","Siperfaqe":6342}},
{"type":"Feature","geometry":{"type":"Polygon","coordinates":[[[20.123667030316458,40.4056557578991],[20.12364559373358,40.405683655529266],[20.12363093185388,40.4057021843825],[20.12360715739725,40.40573001965948],[20.12353763795051,40.40580660229974],[20.123464324229218,40.405881868044055],[20.12340077186645,40.40593607860006],[20.12336137526929,40.405908069214426],[20.123269044666205,40.405848185021526],[20.12320942211526,40.40580390755399],[20.123106176876387,40.405735205658836],[20.123038302484712,40.40567562932886],[20.122996164029363,40.405629144578],[20.12284032390559,40.40551029263127],[20.122328050891994,40.40529165606902],[20.12219257140815,40.405243495212076],[20.12204952827179,40.40520491816868],[20.121691828609663,40.405104215503655],[20.12153538759525,40.40505659062665],[20.121441558379203,40.405047499087836],[20.121192589660872,40.405045462610126],[20.12106019158037,40.405005814537226],[20.12100649768491,40.40498346582962],[20.12092833666388,40.40493300916582],[20.12090835473071,40.40491809076766],[20.120803978509073,40.404772952367225],[20.12065306888677,40.40460728326636],[20.120561777417937,40.40454804031932],[20.120465575812858,40.404505043213895],[20.120219730536416,40.40444017823159],[20.120134600356124,40.40441938381654],[20.120000691173143,40.4044097327896],[20.119704986862835,40.404394792026736],[20.1194703970028,40.40437842089247],[20.119360924042894,40.40436176089922],[20.119124792428938,40.40430262309121],[20.1189380823888,40.40423001086435],[20.11879914999899,40.40416664451402],[20.118718378327955,40.40413810976255],[20.118663966287716,40.40412771473449],[20.118493741016096,40.40412028878701],[20.11842919959617,40.40411710029198],[20.118364391879904,40.40410967743765],[20.118301904629252,40.40409366134702],[20.11817179933357,40.4040609146842],[20.1181127991422,40.40403164162638],[20.1180056047062,40.40394314292865],[20.117854050401036,40.40381828877551],[20.11775632437054,40.40373149363518],[20.117564387424988,40.40357368628611],[20.117465224286207,40.40349215559476],[20.117386963984607,40.40343596497281],[20.117359978503547,40.4034169498256],[20.117323882929423,40.40340037432651],[20.11729079938574,40.40339135999242],[20.117236046681352,40.403383988759266],[20.11712222362038,40.40337868172311],[20.117005172023806,40.40337848745382],[20.116951138386572,40.40337260075316],[20.116891353921364,40.40335483732898],[20.116831896061612,40.40332701102984],[20.116782727181484,40.40329453979853],[20.11673636453221,40.403248243022475],[20.116705193149304,40.40320949966702],[20.116662863539325,40.40313376713008],[20.11662619693415,40.40306516079343],[20.11658944376568,40.40301716698301],[20.11656583218489,40.40298785531461],[20.116542455080396,40.40295883469758],[20.116509220148753,40.40293452136344],[20.116486601106157,40.402923555859246],[20.116444895129934,40.402910594174095],[20.116410730822604,40.402906115540425],[20.116327692745436,40.40290068205019],[20.11620019494661,40.40289509507489],[20.116137220922504,40.40288828601931],[20.11605545892999,40.40287652565007],[20.11596165802744,40.402850340044296],[20.115825229837185,40.402805330906325],[20.11576875888441,40.40277976244573],[20.115718632210896,40.40274457966072],[20.11568232740324,40.402701833060036],[20.115630793780177,40.402614305295344],[20.115588934141922,40.402543208215576],[20.11557191003302,40.40251427481889],[20.115538830401285,40.40248500197396],[20.115500525876858,40.402463065095894],[20.11543306068656,40.40244136276257],[20.11539294653562,40.40243980176747],[20.11535882972444,40.40244545273035],[20.11532273019903,40.402458152680964],[20.115296876206433,40.402466335751996],[20.115261856196376,40.40246973197591],[20.115234357982516,40.402465468145415],[20.11521714087863,40.40245126009767],[20.11519136180468,40.40239994626601],[20.11517544865018,40.40233956259788],[20.115160974341748,40.402303639179756],[20.11513860630392,40.402269032152674],[20.115109247290967,40.40223637578541],[20.11509768739287,40.40222185959876],[20.115089307376852,40.402213732286135],[20.115075472618454,40.40220318923122],[20.11505895300059,40.402197637126335],[20.11503368865845,40.402196414289335],[20.11501565665078,40.40220222574418],[20.114996075015885,40.40221922653979],[20.115023533977308,40.4021500073091],[20.115227679925656,40.40219938263359],[20.11540938353015,40.40226652992409],[20.115520885024104,40.402317200457894],[20.115606323627805,40.40236568134076],[20.115660389051538,40.40241989271951],[20.11568319718673,40.40247187481649],[20.115719072697004,40.40251996749708],[20.115752487217215,40.40255809045934],[20.1157843986035,40.40264579320293],[20.115848269150217,40.40272348757554],[20.11594229604235,40.40278064396926],[20.11604531778095,40.40281951615157],[20.116189785360415,40.40281633805304],[20.116393290724695,40.40281186089347],[20.116498559856932,40.40280376383133],[20.116548750066578,40.4028287941316],[20.116613986795354,40.402861328203194],[20.116651019290828,40.40290108650039],[20.116716026576913,40.40302528677778],[20.11677324389654,40.403134603450816],[20.116805772478177,40.403192675697795],[20.116885553489062,40.40325020607991],[20.116999723231494,40.40331503161739],[20.117055636728992,40.4033166841084],[20.117108145227512,40.40328928733159],[20.11716737900248,40.40327128302988],[20.117321680025583,40.403264290672865],[20.11746707696092,40.40328123288366],[20.1175883870667,40.40330877400196],[20.117685686079138,40.40331721985765],[20.11780316667138,40.40335640656287],[20.1178592113663,40.403433253316244],[20.117906344519643,40.40352976236442],[20.11790993346871,40.403641251342016],[20.117983898277803,40.403734314970734],[20.11805664495263,40.40377012916983],[20.118133124271303,40.40378053705754],[20.11826619072,40.403779546564],[20.118322317425818,40.40375982909367],[20.118386597920647,40.40376342396292],[20.11838253167772,40.403805916648885],[20.118374844700785,40.40388624625817],[20.118386191738125,40.40398022818265],[20.118467944555533,40.4040502124071],[20.118535021326245,40.4040407443525],[20.11859199680005,40.404009924444985],[20.118684770187006,40.4039876124739],[20.11879097699938,40.403973831749056],[20.118889448057452,40.40401218240279],[20.118976016884236,40.404059235744306],[20.119085249878292,40.4040760674391],[20.119174351764475,40.40408979705196],[20.119325723503785,40.40409338848808],[20.119429455126962,40.40407635461241],[20.119528388584165,40.40406010855375],[20.119640635118376,40.40402685493079],[20.11975957845966,40.4040080387665],[20.119824390723213,40.40401017312913],[20.11984024087069,40.40404887179328],[20.119812039843968,40.40409080674194],[20.119780862708065,40.40413716709847],[20.11978928407928,40.40418913757923],[20.119801839994,40.40422413096538],[20.119894903289097,40.404253736889395],[20.12000114559119,40.404268100017745],[20.120094660897617,40.40424629152929],[20.12016260963432,40.40426634375247],[20.12025973494226,40.40432608146474],[20.120337486575128,40.40440278462588],[20.120401141852028,40.40444043568445],[20.120424445338422,40.40444330956707],[20.120483503094942,40.40444304104466],[20.120543885508887,40.40442600293457],[20.12057995224962,40.40439212766893],[20.120603973602954,40.40434200522662],[20.120641916257828,40.404309646640264],[20.12068523457799,40.40429448954407],[20.12072532476033,40.40429196354566],[20.120740264861645,40.40429422147222],[20.12081729344813,40.4043366098825],[20.120822896220513,40.40450538334361],[20.120900434781042,40.40465589109294],[20.121065322373816,40.40469956338906],[20.121303980779587,40.40476277418067],[20.121463168340963,40.404850372326194],[20.12159401254439,40.40494509101959],[20.121886926688962,40.4050232952499],[20.12223518105343,40.405045547679904],[20.12237944296105,40.40505001554934],[20.122498926603562,40.405040979360436],[20.122626758818292,40.40503587079166],[20.122679206288133,40.40502637259095],[20.122719772069225,40.40508945067436],[20.122776308294064,40.40517502456013],[20.122857764462342,40.40532127844318],[20.122870377456522,40.40544228179698],[20.12291954710202,40.40549311096802],[20.122942343019478,40.40551945502055],[20.12298455858314,40.405568040363626],[20.12302323129063,40.40559923932403],[20.12308908427544,40.40565763335382],[20.123138534352208,40.40568116627117],[20.12316585956546,40.4056846493375],[20.123209461822928,40.405691746175876],[20.12334997121828,40.40571461579784],[20.12351281933925,40.4057114850464],[20.123667030316458,40.4056557578991]]]},"properties":{"Zk_Numer":3067,"Zk_Emer":"PSAR","Nr_Pas":"190","Vol":2,"Faqe":70,"Pronaret":"SHTET","Kufizimet":"","Siperfaqe":15793}},
{"type":"Feature","geometry":{"type":"Polygon","coordinates":[[[20.123839079842043,40.407344027654965],[20.12384557776057,40.40673172444338],[20.124099810141878,40.406297329545076],[20.12376567929017,40.40622185251372],[20.123725848546393,40.40620050546126],[20.123497763363094,40.40608491525025],[20.12325459205053,40.40590153210022],[20.12328185303818,40.40590143454475],[20.12351688399595,40.4060747384196],[20.12360085324232,40.40612287312256],[20.123747193636692,40.40618866432892],[20.12393070058181,40.4062408621499],[20.12412787243894,40.406275043583626],[20.12430061988426,40.40628132764494],[20.12451776120278,40.40627953171951],[20.124606185325664,40.406279187191835],[20.124741421617045,40.406283782014874],[20.12489410802229,40.40632830719889],[20.12493217766138,40.406343148762694],[20.1249915745741,40.40637075738765],[20.1250649424849,40.40640485988008],[20.12512339585728,40.40643996226574],[20.125145473858893,40.40648197906043],[20.125120226979462,40.406569794801406],[20.125082179446192,40.40655105645803],[20.12503812311399,40.40652503744962],[20.12498627237585,40.40644134338504],[20.12494145583371,40.40641846885333],[20.124877961143934,40.40639637883949],[20.124826236798853,40.406379057469714],[20.124741877395525,40.40634530586775],[20.124570425962546,40.40632147736997],[20.1244776125928,40.4063439220778],[20.12438892799847,40.40637696507598],[20.12429509476333,40.40648343275164],[20.124284394134122,40.406607271238144],[20.124461342223576,40.407067885420894],[20.124847843550153,40.407457841145344],[20.125343391076814,40.40796058984719],[20.125670872252748,40.408408469143026],[20.12582933111441,40.40881205987401],[20.12558021459462,40.40881273807659],[20.124443987229352,40.40868334188062],[20.124439295559316,40.40846436234713],[20.12434618344384,40.40838815137146],[20.12411589732407,40.40828488533251],[20.1240782589937,40.408279978460115],[20.124078073121694,40.40827350823675],[20.1239378984909,40.40785846338322],[20.123967739858394,40.40737548382979],[20.123839079842043,40.407344027654965]]]},"properties":{"Zk_Numer":3067,"Zk_Emer":"PSAR","Nr_Pas":"133/30","Vol":2,"Faqe":73,"Pronaret":"SHTET","Kufizimet":"","Siperfaqe":22542}},
{"type":"Feature","geometry":{"type":"Polygon","coordinates":[[[20.125109725991866,40.40665620252184],[20.125102932998473,40.406665670923836],[20.125062430213347,40.406741505538335],[20.125012988939073,40.40685333775543],[20.124989913562235,40.40679679668125],[20.12498083282611,40.40676162435837],[20.12497296475329,40.40671965080928],[20.124976358253797,40.40667670861684],[20.124998629600743,40.406646999728885],[20.124965587440197,40.40663138811489],[20.12493743295817,40.40667214038398],[20.12493328861997,40.4067178172726],[20.124949414511775,40.40678389982187],[20.12496688911698,40.40683923376201],[20.124982387384847,40.4068915526804],[20.12499400098254,40.40696045067563],[20.125004979312294,40.407114321425794],[20.12504795208457,40.40719360933605],[20.125142729812136,40.40729003739586],[20.12537880641865,40.40742282327909],[20.125461398942146,40.40747422499034],[20.12564752422416,40.407626811208665],[20.12583010440488,40.40778576791124],[20.125922695477033,40.407891317240406],[20.12595315316847,40.40793935128794],[20.12597782728012,40.40801498186816],[20.126003965711472,40.408095100658755],[20.126020645882278,40.40814622814958],[20.126100202449127,40.40828564857365],[20.126174032744583,40.408415033315976],[20.126191678398193,40.40846278021114],[20.126206420484987,40.4085408348727],[20.12620980993576,40.40861890192355],[20.126181192743342,40.40881443160717],[20.12608623558514,40.40881270540524],[20.125979982630433,40.40881164947519],[20.125929530714792,40.40865251818455],[20.125842076379527,40.40844015264571],[20.12568852855422,40.408162254347396],[20.12549932308451,40.40789499840247],[20.12532361209,40.40767948703042],[20.125082773559765,40.40738409336944],[20.124854765748903,40.40715187687685],[20.124661573802598,40.40699588861406],[20.124557065404428,40.40677497598003],[20.124596055429507,40.406652022485666],[20.124790203159954,40.40652331319377],[20.124887373030127,40.406568225822504],[20.124985266008597,40.40660290429291],[20.125020900928124,40.406617290836515],[20.125109725991866,40.40665620252184]]]},"properties":{"Zk_Numer":3067,"Zk_Emer":"PSAR","Nr_Pas":"133/31","Vol":2,"Faqe":74,"Pronaret":"SHTET","Kufizimet":"","Siperfaqe":6961}},
{"type":"Feature","geometry":{"type":"Polygon","coordinates":[[[20.12836969730972,40.40672949147483],[20.128084535280315,40.40686107877243],[20.127705665867122,40.40698843022137],[20.12732810884947,40.40708318042878],[20.127306806853415,40.4070921799854],[20.126879438271374,40.40715397488909],[20.126823334359383,40.40716208704865],[20.126672490921703,40.407157984746654],[20.126538310933725,40.407255294835096],[20.126428770809863,40.407526062433405],[20.126423284453963,40.40755495062866],[20.126394714997105,40.40770538159818],[20.126390986677734,40.407725012817465],[20.126365639598564,40.40785847588273],[20.12636162486461,40.40787961510191],[20.126164832052826,40.40789670953312],[20.12604258949144,40.40803426816422],[20.126029961765568,40.408012451469666],[20.125996599033826,40.40791771212047],[20.12596898657153,40.40787416525478],[20.125845140284806,40.407737076500524],[20.12570505667748,40.40761783317266],[20.125487427874237,40.407441873604775],[20.12537107121257,40.407373109228416],[20.125260049736145,40.40731309768327],[20.12516645240094,40.40725618683562],[20.125096462517643,40.40718683429446],[20.125046424251927,40.407081005464015],[20.12505155075635,40.40692289830184],[20.125061607246955,40.40684425087053],[20.1251083898558,40.40673697105048],[20.12514319874086,40.40668222549297],[20.12514826244047,40.40667477306122],[20.12519354384787,40.4066927524299],[20.12510089150813,40.40687898914371],[20.12508487557381,40.40710142765902],[20.12518517933719,40.407232603728],[20.12522917479348,40.407256199729446],[20.12541189723025,40.40735419855807],[20.125492318976583,40.40738984710495],[20.125864428135422,40.40693995225038],[20.126054329227888,40.406990827842236],[20.126557685204446,40.4070077555383],[20.12704817295211,40.40699127047818],[20.12778272382752,40.4068598987275],[20.12824684403261,40.4066985840282],[20.12871287201282,40.40642507288995],[20.128943853449165,40.4062361070557],[20.129030674337287,40.40599754052629],[20.129063154223157,40.405859886042386],[20.129097769779808,40.40565182388566],[20.12909824555507,40.405544764039966],[20.129101155675592,40.40545293192539],[20.129092126701572,40.40537104913414],[20.12905891448801,40.40506850601579],[20.1290373540803,40.404795270626515],[20.129093324624165,40.40466082233382],[20.129249126242453,40.404525773358316],[20.129453046334433,40.404428558119825],[20.129664895121163,40.40430536606051],[20.12977683592604,40.4042764836935],[20.129869386072254,40.40418425466056],[20.129982318607784,40.40401606040793],[20.130400912801193,40.40435998075274],[20.130398354207543,40.40444811670824],[20.13023700407687,40.40464995900089],[20.130086557133513,40.404734379717304],[20.129931185768214,40.40482156326076],[20.1298884171079,40.40488813070781],[20.129751330183044,40.40510207042523],[20.129611897046864,40.40531851787078],[20.129473854134055,40.40553337121553],[20.129732122909516,40.405624200622356],[20.12995189657762,40.40573648414026],[20.130205561968186,40.40589241868785],[20.130359930062692,40.40597625421008],[20.13027047191688,40.40608479887213],[20.129343869070055,40.405579179853966],[20.12917577631039,40.40607840311463],[20.128997761211405,40.40635234364788],[20.128836389538982,40.40646122500329],[20.12864893181521,40.40658031601808],[20.12836969730972,40.40672949147483]],[[20.12553601874115,40.407465612289705],[20.125702311863332,40.40757349754955],[20.125821330352498,40.40733802104278],[20.125853571059526,40.407193204766926],[20.125875021652895,40.40704170422417],[20.125823159484053,40.40709220354862],[20.125761424212744,40.40719186293796],[20.125688196006998,40.40728090848749],[20.12553601874115,40.407465612289705]]]},"properties":{"Zk_Numer":3067,"Zk_Emer":"PSAR","Nr_Pas":"201/19","Vol":2,"Faqe":75,"Pronaret":"SHTET","Kufizimet":"","Siperfaqe":21924}},
{"type":"Feature","geometry":{"type":"Polygon","coordinates":[[[20.12549617145842,40.40369900282947],[20.125299229954717,40.403679169844125],[20.12511824558837,40.40368003070338],[20.12494216797964,40.40375379089714],[20.124673264461318,40.40393689270849],[20.124531839769837,40.404330341538284],[20.12448941608824,40.404368026603755],[20.124110416979654,40.4044876611974],[20.124075053830683,40.404661657619194],[20.123924276924033,40.40485113587035],[20.1239083977775,40.404927577846514],[20.123853837542118,40.40495175318646],[20.123763218386973,40.40505204056943],[20.12371963082682,40.40505854747625],[20.123664136177776,40.40505320577625],[20.123580776508845,40.40502635925773],[20.123521019982896,40.405014775818856],[20.12347310484619,40.405017694895115],[20.12333469690031,40.40500045182944],[20.12322535964994,40.4049982629766],[20.123096311407476,40.404923564196054],[20.1229860439435,40.40480503322798],[20.122878302719503,40.404856860760894],[20.122807691648774,40.404928968242224],[20.1228070614152,40.40492947722142],[20.122751628894587,40.40497424470707],[20.122679206288133,40.40502637259095],[20.122626758818292,40.40503587079166],[20.122498926603562,40.405040979360436],[20.12237944296105,40.40505001554934],[20.12223518105343,40.405045547679904],[20.121886926688962,40.4050232952499],[20.12159401254439,40.40494509101959],[20.121463168340963,40.404850372326194],[20.121303980779587,40.40476277418067],[20.121065322373816,40.40469956338906],[20.120900434781042,40.40465589109294],[20.120822896220513,40.40450538334361],[20.12081729344813,40.4043366098825],[20.120740264861645,40.40429422147222],[20.12072532476033,40.40429196354566],[20.12068523457799,40.40429448954407],[20.120641916257828,40.404309646640264],[20.120603973602954,40.40434200522662],[20.12057995224962,40.40439212766893],[20.120543885508887,40.40442600293457],[20.120483503094942,40.40444304104466],[20.120424445338422,40.40444330956707],[20.120401141852028,40.40444043568445],[20.120337486575128,40.40440278462588],[20.12025973494226,40.40432608146474],[20.12016260963432,40.40426634375247],[20.120094660897617,40.40424629152929],[20.12000114559119,40.404268100017745],[20.119894903289097,40.404253736889395],[20.119801839994,40.40422413096538],[20.11978928407928,40.40418913757923],[20.119780862708065,40.40413716709847],[20.119812039843968,40.40409080674194],[20.11984024087069,40.40404887179328],[20.119824390723213,40.40401017312913],[20.11975957845966,40.4040080387665],[20.119640635118376,40.40402685493079],[20.119528388584165,40.40406010855375],[20.119429455126962,40.40407635461241],[20.119325723503785,40.40409338848808],[20.119174351764475,40.40408979705196],[20.119085249878292,40.4040760674391],[20.118976016884236,40.404059235744306],[20.118889448057452,40.40401218240279],[20.11879097699938,40.403973831749056],[20.118684770187006,40.4039876124739],[20.11859199680005,40.404009924444985],[20.118535021326245,40.4040407443525],[20.118467944555533,40.4040502124071],[20.118386191738125,40.40398022818265],[20.118374844700785,40.40388624625817],[20.11838253167772,40.403805916648885],[20.118386597920647,40.40376342396292],[20.118322317425818,40.40375982909367],[20.11826619072,40.403779546564],[20.118133124271303,40.40378053705754],[20.11805664495263,40.40377012916983],[20.117983898277803,40.403734314970734],[20.11790993346871,40.403641251342016],[20.117906344519643,40.40352976236442],[20.1178592113663,40.403433253316244],[20.11780316667138,40.40335640656287],[20.117685686079138,40.40331721985765],[20.1175883870667,40.40330877400196],[20.11746707696092,40.40328123288366],[20.117321680025583,40.403264290672865],[20.11716737900248,40.40327128302988],[20.117108145227512,40.40328928733159],[20.117055636728992,40.4033166841084],[20.116999723231494,40.40331503161739],[20.116885553489062,40.40325020607991],[20.116805772478177,40.403192675697795],[20.11677324389654,40.403134603450816],[20.116716026576913,40.40302528677778],[20.116651019290828,40.40290108650039],[20.116613986795354,40.402861328203194],[20.116548750066578,40.4028287941316],[20.116498559856932,40.40280376383133],[20.116393290724695,40.40281186089347],[20.116189785360415,40.40281633805304],[20.11604531778095,40.40281951615157],[20.11594229604235,40.40278064396926],[20.115848269150217,40.40272348757554],[20.1157843986035,40.40264579320293],[20.115752487217215,40.40255809045934],[20.115801711888437,40.402584366249414],[20.11583261607164,40.40261449127133],[20.115855557198213,40.40265452428358],[20.115927801400026,40.40271485409093],[20.11601854865014,40.40275739572623],[20.116086070455808,40.40277983093981],[20.1162634825372,40.402777197833856],[20.11643321819076,40.40276255572267],[20.1165470269607,40.40276030959768],[20.116635211885207,40.40279885081621],[20.116712982935297,40.402859978809886],[20.116794569978026,40.40305634185446],[20.116826764209886,40.40313381745864],[20.11689380353953,40.40319141430897],[20.116953302469103,40.403217578975635],[20.117187348876822,40.403200797389474],[20.117411848840693,40.40319249751105],[20.11755293342523,40.40320970299715],[20.117681598875954,40.40324069974492],[20.11783056380809,40.40329042022394],[20.117976057501984,40.403464396519],[20.117993381458398,40.40359194502446],[20.11802785388433,40.40367369719057],[20.118049830393197,40.40371104782489],[20.118101918296528,40.40373288684183],[20.11824789755984,40.403732577441],[20.118384706415434,40.40371645661902],[20.11845036819001,40.40370552955191],[20.11850271725227,40.403707360548495],[20.118513469357634,40.40374459849769],[20.118488524247542,40.403793010039045],[20.118474349414296,40.403877263839746],[20.118477488472703,40.40392017112928],[20.118484586001966,40.40395311269075],[20.118520010508536,40.40396194685065],[20.11858386452466,40.40394242385157],[20.118683232246866,40.40393031276572],[20.11875436356938,40.403930854977794],[20.118845738485007,40.40395443396587],[20.118897733603728,40.403983422145096],[20.119006419152935,40.40402642233682],[20.1190717083877,40.404044083984324],[20.11914638913902,40.40405609876821],[20.11930536927979,40.404061578452],[20.11939150178126,40.40406081170352],[20.119470343146563,40.40404282521176],[20.11965860880059,40.40396958677375],[20.119801983440986,40.403976648950454],[20.119867048538257,40.40398711318836],[20.11990563224395,40.40402925465482],[20.11990255032726,40.40406509039706],[20.119878723808803,40.40409280751218],[20.119862602739165,40.404128552994784],[20.119854340412626,40.404162368126094],[20.11986699013321,40.40419235309831],[20.119897974752643,40.40421649810949],[20.119939654774367,40.404220804750025],[20.11997360586798,40.40421707382683],[20.12003903217568,40.404201632399],[20.120106894161015,40.404198159536975],[20.120174574395413,40.40420864350514],[20.120213573599692,40.40421890017579],[20.12025494236207,40.40424711347091],[20.120283286242774,40.404273237466604],[20.12031667841925,40.40431334010969],[20.12037341588776,40.40436358925968],[20.12040432293076,40.404393713080395],[20.12045640138229,40.40440008882373],[20.120487749437526,40.404396337946714],[20.12050658885646,40.40435264334474],[20.120514798958435,40.404322817128524],[20.1205256758538,40.40428902183932],[20.12054419214033,40.404269242914495],[20.12066956972572,40.40425624733515],[20.120711315974326,40.404254565660395],[20.12075817392004,40.404262900745266],[20.12083863420395,40.40429340129573],[20.120877049313112,40.40431687311788],[20.12087618454342,40.40439691487299],[20.120892289075986,40.40453623263222],[20.12092926782061,40.404586817551454],[20.12097027285039,40.404615865319805],[20.12110132167865,40.404661383965085],[20.121249500101868,40.40469411902743],[20.12137879285928,40.404732482788795],[20.12152227813241,40.4048181511524],[20.12160268629056,40.40488082679828],[20.121692547562184,40.404911371164786],[20.12179146729416,40.40493741857199],[20.121869553280852,40.404949484481726],[20.122037918208637,40.40495997561798],[20.122146040105605,40.40497228744126],[20.122269305024954,40.40497781605225],[20.12233843974563,40.40498523898227],[20.122416050488944,40.4049849269443],[20.122536978723804,40.40498444064232],[20.122642538378777,40.40496456553613],[20.12272823664062,40.40485489161989],[20.1228313236237,40.40473873065574],[20.122857539739645,40.404716970073586],[20.122883755838703,40.40469520948544],[20.122961961811942,40.40469348841535],[20.123042460703374,40.40474926567393],[20.123149162932336,40.40487186300887],[20.123247736365563,40.40493008257031],[20.12334958934157,40.40496071658993],[20.123571282234973,40.40497124063173],[20.123679970773292,40.40493988849665],[20.12379236562741,40.40485799944877],[20.123965886045955,40.40470073963082],[20.12402092093329,40.4046344992169],[20.12404309611494,40.404545046233274],[20.12402870947316,40.40449896504238],[20.124020164240136,40.404457538835814],[20.124020611249787,40.40442306083046],[20.12402708898158,40.404388628518596],[20.12404243991845,40.40436578124749],[20.124054680846136,40.404347485116745],[20.124094096089895,40.404324793144546],[20.12414232523284,40.404318260448875],[20.124193444114805,40.40432325843051],[20.124256447363763,40.40433292111753],[20.12429861590358,40.404328647812044],[20.124359144879143,40.404303810308434],[20.124422861887545,40.40426294042047],[20.124453493454148,40.404217191204744],[20.124439422856483,40.404141250793096],[20.124410697329502,40.40403992143979],[20.124393660611982,40.403958348238234],[20.124427789409637,40.40387815312245],[20.12449801315459,40.403800554711204],[20.12460377911851,40.40376456883541],[20.12466116709913,40.40374663248299],[20.12474286889948,40.403710482290776],[20.124812914481463,40.403642049758865],[20.124855737426856,40.403587216289175],[20.12490165866063,40.40352781353747],[20.124938230761412,40.40348901623676],[20.12497469484206,40.40346401426852],[20.125019991572067,40.40344827357531],[20.12506218879198,40.403446287559234],[20.12510419617835,40.40345350353603],[20.12514904645386,40.40347224081332],[20.125178884875588,40.40349314283056],[20.125214653329817,40.40351640407889],[20.125286529096982,40.40354221685262],[20.125355621330083,40.40355192500844],[20.125583726831184,40.40359272457875],[20.125661901013263,40.403597908523686],[20.125758060817947,40.40360325543659],[20.125857526943733,40.403592507731815],[20.1259839183403,40.40358656521751],[20.126107121725465,40.40359668198308],[20.12616047039201,40.40359136683767],[20.12619594535134,40.40357723544348],[20.126205601063326,40.403561125846636],[20.126215569442362,40.40351537307234],[20.12621977723173,40.40346235448646],[20.126243914848,40.403414916735734],[20.126268940391245,40.403391728033476],[20.12631181884882,40.403350717616654],[20.126400959074516,40.40328397732542],[20.12653997508195,40.40315704394644],[20.126608913503606,40.40306836697445],[20.12672494381614,40.4029771909835],[20.126808569672512,40.40291596500688],[20.126923558937587,40.40290531560965],[20.127054416772406,40.40290896263333],[20.127136293606267,40.402911244475064],[20.127188784285014,40.40293035383335],[20.12730134829537,40.40302448076753],[20.127344318531165,40.40304926359062],[20.127385618803185,40.40306106611941],[20.12742512225053,40.4030642369722],[20.12746827142787,40.40307608044179],[20.12750407993848,40.403073477982005],[20.12754014842298,40.40305074155687],[20.127572849946738,40.40299773981731],[20.127592235743563,40.40295330972178],[20.127651487974706,40.40288757665139],[20.127736379666985,40.40287239479603],[20.127839987015268,40.40286268419892],[20.127992241611256,40.402868630910554],[20.12811844397407,40.40288765331244],[20.128230973809902,40.40293567550218],[20.128374160803702,40.403016001457],[20.128580933896032,40.403125849937446],[20.1286884622247,40.403194852660874],[20.12879990347226,40.40328261005623],[20.128842538755023,40.40321302784541],[20.128832812742075,40.403024292411935],[20.128830169412705,40.40286596307133],[20.128828889078978,40.40276711929382],[20.128893025455383,40.40263286792293],[20.128973625680864,40.40253706310672],[20.129094002122407,40.40239397799577],[20.12918057236477,40.4023102151132],[20.129438070021816,40.40223617815689],[20.129670257924374,40.40225737457811],[20.12983867461149,40.402217133295466],[20.129947533360312,40.40202879486115],[20.12998077798177,40.401792735252585],[20.1299829860244,40.40108793456504],[20.130192015985305,40.401338507533154],[20.130168857436214,40.40166909224321],[20.130182958280468,40.40199370273261],[20.130111109006968,40.40233424606785],[20.130025408058053,40.402463512796565],[20.129876352922683,40.4027742384482],[20.129829393812088,40.40285396297511],[20.129805055903105,40.40293750163201],[20.129797696483646,40.403047783828555],[20.129794136706423,40.40315673654054],[20.129799950562486,40.40324024142515],[20.12977888566386,40.403312218695554],[20.129825131639286,40.403336279952846],[20.13005931849869,40.40346076290121],[20.13016581395937,40.40354675188181],[20.130406226936902,40.40368760740848],[20.1310871422585,40.40392555507657],[20.131134666175,40.40393929397796],[20.131128491820977,40.40395540920128],[20.131081470770248,40.40408364289364],[20.13105022379844,40.40407668143806],[20.130289664676205,40.403796264382656],[20.129949790882687,40.40352849772324],[20.129744621001027,40.403414706935024],[20.12972039576141,40.403452946245864],[20.129732759194926,40.40368781461236],[20.129791416711274,40.40376919825204],[20.12988211194728,40.40382873332878],[20.12995320000696,40.40388996745872],[20.129972124634385,40.40392701327462],[20.129982318607784,40.40401606040793],[20.129869386072254,40.40418425466056],[20.12977683592604,40.4042764836935],[20.129664895121163,40.40430536606051],[20.129453046334433,40.404428558119825],[20.129249126242453,40.404525773358316],[20.129093324624165,40.40466082233382],[20.1290373540803,40.404795270626515],[20.12905891448801,40.40506850601579],[20.129092126701572,40.40537104913414],[20.129101155675592,40.40545293192539],[20.12909824555507,40.405544764039966],[20.129097769779808,40.40565182388566],[20.129063154223157,40.405859886042386],[20.129030674337287,40.40599754052629],[20.128943853449165,40.4062361070557],[20.12871287201282,40.40642507288995],[20.12824684403261,40.4066985840282],[20.12778272382752,40.4068598987275],[20.12704817295211,40.40699127047818],[20.126557685204446,40.4070077555383],[20.126054329227888,40.406990827842236],[20.125864428135422,40.40693995225038],[20.125775663165193,40.40691068310931],[20.125502659188665,40.40680847789959],[20.12519354384787,40.4066927524299],[20.12514826244047,40.40667477306122],[20.12519713054307,40.40660285199261],[20.125245694564367,40.40662251259147],[20.125319871452703,40.40665655999016],[20.12543905344161,40.406705477184154],[20.12568655736443,40.40678429217889],[20.125988871806985,40.40685068188403],[20.126263463136745,40.40688048483671],[20.12667064645451,40.40688356142787],[20.12697749022646,40.406867985349884],[20.127236828460685,40.40683015790031],[20.12759683477058,40.40676643230527],[20.128180509032248,40.40658100408706],[20.128517495868802,40.40637642588374],[20.12879549693924,40.40614976521488],[20.128867270204946,40.4059626789861],[20.12890809533058,40.40565298011474],[20.128893182967673,40.40532988953374],[20.128864764743827,40.40508994347936],[20.1288532335736,40.40482334291045],[20.12884996975369,40.404696236656456],[20.128869511467315,40.40456103473139],[20.12899091243625,40.40446126142555],[20.129146355895138,40.40435989161484],[20.129326655141966,40.4042243982994],[20.129379257491358,40.40419870398415],[20.129537573930797,40.40411719784451],[20.129641031662935,40.404049703369644],[20.12963627303849,40.40393099684411],[20.12955771388694,40.40385326593937],[20.12948919179109,40.40378575474643],[20.129394645315752,40.403729699400465],[20.129296265847746,40.40368318090906],[20.129191048454718,40.40362248154116],[20.129043963609377,40.403516969029276],[20.128916243134967,40.403434698319565],[20.128597231785008,40.40324453714681],[20.128344916442188,40.4030930746971],[20.128127822675346,40.403037602012446],[20.12779804865235,40.40306317062901],[20.127708505514285,40.403116120523066],[20.127188432214734,40.40318714502238],[20.127126572149496,40.40311044446016],[20.126935065924968,40.40300900782656],[20.1263651205495,40.40350308129337],[20.12633422046547,40.40355695631453],[20.12637708708723,40.403581804874975],[20.125956064775696,40.403716633591905],[20.12549617145842,40.40369900282947]],[[20.129943764403087,40.40246798321337],[20.129862120737165,40.40247245357254],[20.12967008247648,40.402428882560514],[20.12946950834165,40.40241597139674],[20.12929193373083,40.40244463130738],[20.129123104413676,40.40255209695302],[20.128980189005144,40.402727402691944],[20.128950575944877,40.40292126245926],[20.1289694770537,40.40311930408927],[20.128975796389714,40.403185516427],[20.129027143541713,40.40326220383988],[20.12908280554101,40.40338595431723],[20.12922610642864,40.40352417372358],[20.129514464944684,40.40368293657483],[20.129684527021755,40.40384949105453],[20.12978147930437,40.40382673784075],[20.129703156202314,40.403729043139265],[20.12965598917476,40.40367021015997],[20.12966344273587,40.403392509671875],[20.129709682411477,40.403320049394466],[20.129744575782148,40.40321273966624],[20.12972798611298,40.40300956285114],[20.129760108629018,40.402854498247954],[20.12984887538719,40.40268214664687],[20.129943764403087,40.40246798321337]]]},"properties":{"Zk_Numer":3067,"Zk_Emer":"PSAR","Nr_Pas":"331/1","Vol":2,"Faqe":76,"Pronaret":"SHTET","Kufizimet":"","Siperfaqe":33026}},
{"type":"Feature","geometry":{"type":"Polygon","coordinates":[[[20.13021523225382,40.402309467629934],[20.130023353422253,40.40273546117647],[20.129868095755782,40.403072377391304],[20.129825131639286,40.403336279952846],[20.12977888566386,40.403312218695554],[20.129799950562486,40.40324024142515],[20.129794136706423,40.40315673654054],[20.129797696483646,40.403047783828555],[20.129805055903105,40.40293750163201],[20.129829393812088,40.40285396297511],[20.129876352922683,40.4027742384482],[20.130025408058053,40.402463512796565],[20.130111109006968,40.40233424606785],[20.130182958280468,40.40199370273261],[20.130168857436214,40.40166909224321],[20.130192015985305,40.401338507533154],[20.13019358061993,40.40133937160111],[20.13057026658404,40.40154739479566],[20.130641251431715,40.401576954428485],[20.13031711010529,40.402043191429215],[20.13021523225382,40.402309467629934]]]},"properties":{"Zk_Numer":3067,"Zk_Emer":"PSAR","Nr_Pas":"202/6","Vol":2,"Faqe":77,"Pronaret":"SHTET","Kufizimet":"","Siperfaqe":3125}},
{"type":"Feature","geometry":{"type":"Polygon","coordinates":[[[20.129943764403087,40.40246798321337],[20.12984887538719,40.40268214664687],[20.129760108629018,40.402854498247954],[20.12972798611298,40.40300956285114],[20.129744575782148,40.40321273966624],[20.129709682411477,40.403320049394466],[20.12966344273587,40.403392509671875],[20.12965598917476,40.40367021015997],[20.129703156202314,40.403729043139265],[20.12978147930437,40.40382673784075],[20.129684527021755,40.40384949105453],[20.129514464944684,40.40368293657483],[20.12922610642864,40.40352417372358],[20.12908280554101,40.40338595431723],[20.129027143541713,40.40326220383988],[20.128975796389714,40.403185516427],[20.1289694770537,40.40311930408927],[20.128950575944877,40.40292126245926],[20.128980189005144,40.402727402691944],[20.129123104413676,40.40255209695302],[20.12929193373083,40.40244463130738],[20.12946950834165,40.40241597139674],[20.12967008247648,40.402428882560514],[20.129862120737165,40.40247245357254],[20.129943764403087,40.40246798321337]]]},"properties":{"Zk_Numer":3067,"Zk_Emer":"PSAR","Nr_Pas":"202/7","Vol":2,"Faqe":78,"Pronaret":"SHTET","Kufizimet":"","Siperfaqe":8104}},
{"type":"Feature","geometry":{"type":"Polygon","coordinates":[[[20.126524948870706,40.40502779667461],[20.126114165577473,40.40490533527822],[20.12574160236352,40.40477894942335],[20.1257347075904,40.40475743034244],[20.125722653920104,40.40474203907004],[20.125697164456376,40.404728824405225],[20.125637010325306,40.40471348540221],[20.125427426526183,40.40465583075524],[20.125315297203404,40.40462498477486],[20.12508301111204,40.40464582867065],[20.125047375299168,40.40465666098146],[20.124935327074756,40.404690720477674],[20.12482260819587,40.40474074185289],[20.124733465510424,40.404781896118685],[20.124740797630743,40.4047859587226],[20.124743475737777,40.40479375768806],[20.124742162277528,40.404803596438384],[20.12473507283524,40.40481089696024],[20.124579484390754,40.40487693451902],[20.124459642997767,40.40493130727692],[20.124451522759884,40.40491908766112],[20.124770261052955,40.40474268539339],[20.12492198444055,40.4046703300605],[20.12507588466705,40.40462283186641],[20.1253214777438,40.4046016601868],[20.12575801491538,40.404725670390825],[20.12583421837026,40.40477963773768],[20.126121216137363,40.40487690276181],[20.126537333042066,40.40500152586416],[20.126524948870706,40.40502779667461]]]},"properties":{"Zk_Numer":3067,"Zk_Emer":"PSAR","Nr_Pas":"135/58","Vol":1,"Faqe":125,"Pronaret":"SHTET","Kufizimet":"","Siperfaqe":552}},
{"type":"Feature","geometry":{"type":"Polygon","coordinates":[[[20.108682595087245,40.402215336181435],[20.108719470715506,40.40211881469956],[20.108740136533605,40.40206070198092],[20.10876936624169,40.40205869615182],[20.108791862926978,40.402087251836925],[20.108758162088407,40.402227780838196],[20.108682595087245,40.402215336181435]]]},"properties":{"Zk_Numer":3067,"Zk_Emer":"PSAR","Nr_Pas":"96/2","Vol":2,"Faqe":139,"Pronaret":"ARTA HALILAJ HEKURAN, SARA HALILAJ ESTREF, SHAZE HALILAJ HYSENJ, ARMANDO HALILAJ ESTREF, ESTREF HALILAJ XHEVIT","Kufizimet":"","Siperfaqe":100}},
{"type":"Feature","geometry":{"type":"Polygon","coordinates":[[[20.10744480980332,40.40163581956451],[20.10769818302188,40.401214597203236],[20.10793899932461,40.40092541497566],[20.108322678116807,40.400626708596924],[20.10923662694462,40.40096815036126],[20.108944507513385,40.40116083156339],[20.108635367797035,40.401389400232866],[20.1084263652908,40.401538255918545],[20.108171754651526,40.40116346654202],[20.10797981900416,40.40127126263221],[20.10767710509205,40.40151612827396],[20.10744480980332,40.40163581956451]]]},"properties":{"Zk_Numer":3067,"Zk_Emer":"PSAR","Nr_Pas":"93/2","Vol":2,"Faqe":81,"Pronaret":"SOKOL MALKO HASLLAN, EDLIRA MALKO HASLLAN, ALMA MALKO HASLLAN, FATIME MALKO HASLLAN, AFRIM MALKO HASLLAN, HASLLAN MALKO KASO, ZENEPE MALKO YZEIR, ENGJELL MALKO HASLLAN, MIMOZA MALKO GANI","Kufizimet":"KUFIZOHET DERI NE PLOTESIMIN E DOKUMENTACIONIT \r\nTEKNIKO LIGJOR (CERTIFIKATE E GJENDJES FAMILJARE AKTUALE)","Siperfaqe":6894}},
{"type":"Feature","geometry":{"type":"Polygon","coordinates":[[[20.10744480980332,40.40163581956451],[20.107220344531225,40.401801232222006],[20.107056772841045,40.401750350989744],[20.107220609400365,40.40145843751693],[20.107480049728157,40.40084471386561],[20.107893497889485,40.40042143519902],[20.108322678116807,40.400626708596924],[20.10793899932461,40.40092541497566],[20.10769818302188,40.401214597203236],[20.10744480980332,40.40163581956451]]]},"properties":{"Zk_Numer":3067,"Zk_Emer":"PSAR","Nr_Pas":"93/3","Vol":2,"Faqe":87,"Pronaret":"EDMONDI SALIAJ MUHAMET, ANILA SALIAJ MUHAMET, HETEM SALIAJ MUHAMET, ERJON SALIAJ MUHAMET, MINE SALIAJ ADEM, MUHAMET SALIAJ HETEM, LUMTURIJE SALIAJ HAMZA, TOMOR SALIAJ MUHAMET","Kufizimet":"KUFIZOHET DERI NE PLOTESIMIN E DOKUMENTACIONIT \r\nTEKNIKO LIGJOR (CERTIFIKATE E GJENDJES FAMILJARE AKTUALE)","Siperfaqe":5133}},
{"type":"Feature","geometry":{"type":"Polygon","coordinates":[[[20.10746899666244,40.40077380489009],[20.10722687894525,40.401298701126905],[20.106874497455014,40.40148405194772],[20.106711879074503,40.40131073335973],[20.107026454446572,40.40105106434511],[20.107262974144763,40.40067606999294],[20.10746899666244,40.40077380489009]]]},"properties":{"Zk_Numer":3067,"Zk_Emer":"PSAR","Nr_Pas":"90/1","Vol":2,"Faqe":88,"Pronaret":"FLORIJE SELMANAJ TEFIK, PRANVERA SELMANAJ SULO, SULO SELMANAJ AXHEM, ASQERI SELMANAJ SULO, ELTON SELMANAJ SULO","Kufizimet":"PASURIA KUFIZOHET PER DIF.FAKT-DOK BRENDA 20% TE TOTALIT TE AMTP, KUFIZOHET DERI NE PLOTESIMIN E DOKUMENTACIONIT \r\nTEKNIKO LIGJOR (CERTIFIKATE E GJENDJES FAMILJARE AKTUALE)","Siperfaqe":2294}},
{"type":"Feature","geometry":{"type":"Polygon","coordinates":[[[20.107262974144763,40.40067606999294],[20.10729072786117,40.40063206706528],[20.107460309408697,40.40047024147757],[20.107698666751325,40.400328946238425],[20.10782857537308,40.40037854031577],[20.107810154941284,40.4004338300342],[20.107488538300462,40.4007314394486],[20.10746899666244,40.40077380489009],[20.107262974144763,40.40067606999294]]]},"properties":{"Zk_Numer":3067,"Zk_Emer":"PSAR","Nr_Pas":"90/2","Vol":2,"Faqe":90,"Pronaret":"LULJETA SELMANAJ SHUAIP, NURKË SELMANAJ SHUAIP, LILJANE SELMANAJ SHUAIP, VJOLLCA SELMANAJ SHUAIP, SHUAIP SELMANAJ AXHEM, FESTIM SELMANAJ SHUAIP, MIRJETA SELMANAJ TEME, PAJTIM SELMANAJ SHUAIP","Kufizimet":"KUFIZOHET DERI NE PLOTESIMIN E DOKUMENTACIONIT \r\nTEKNIKO LIGJOR (CERTIFIKATE E GJENDJES FAMILJARE AKTUALE)","Siperfaqe":1000}},
{"type":"Feature","geometry":{"type":"Polygon","coordinates":[[[20.106239942806447,40.39969803235948],[20.10678827441467,40.39968829640369],[20.107491616215828,40.39985423138918],[20.10749994877865,40.400107637260334],[20.107227323427963,40.40006086098757],[20.10711879551001,40.4000680702466],[20.106971129587386,40.400087627979374],[20.1068941747761,40.40007825114391],[20.106867237153043,40.40007047274229],[20.10675544284989,40.400032105289604],[20.106697494931325,40.40002425388241],[20.106620939146094,40.40002590543233],[20.106526481488302,40.400046545295126],[20.106410630422637,40.40005982685646],[20.106235986280257,40.400072629085244],[20.106191250069358,40.40007590841457],[20.106239942806447,40.39969803235948]]]},"properties":{"Zk_Numer":3067,"Zk_Emer":"PSAR","Nr_Pas":"82/1","Vol":2,"Faqe":94,"Pronaret":"HATIJEKO SALIAJ ALIKO, XHEMAL SALIAJ SHEFQET, DRITAN SALIAJ SHEFQET, SHEFQET SALIAJ HAMIT, HAJRO SALIAJ SHEFQET","Kufizimet":"KUFIZOHET DERI NE PLOTESIMIN E DOKUMENTACIONIT \r\nTEKNIKO LIGJOR (CERTIFIKATE E GJENDJES FAMILJARE AKTUALE), PASURIA KUFIZOHET PER DIF.FAKT-DOK BRENDA 20% TE TOTALIT TE AMTP","Siperfaqe":3944}},
{"type":"Feature","geometry":{"type":"Polygon","coordinates":[[[20.106239942806447,40.39969803235948],[20.106191250069358,40.40007590841457],[20.106146455713592,40.400079191988475],[20.105959195303043,40.40010138484383],[20.10587037798754,40.400111910768764],[20.105703322943018,40.40010846996257],[20.105534018275875,40.400104982574646],[20.10545758235138,40.40009443674366],[20.105405127170823,40.40007076967952],[20.10531463695207,40.399982316736],[20.105260694569434,40.39991863530794],[20.105195797098553,40.39983314290451],[20.1051598382268,40.39978364661727],[20.10514527664061,40.39973112037461],[20.105494444859332,40.3997678842902],[20.106239942806447,40.39969803235948]]]},"properties":{"Zk_Numer":3067,"Zk_Emer":"PSAR","Nr_Pas":"82/2","Vol":2,"Faqe":97,"Pronaret":"SALI SALIAJ MALIQ, PERIE SALIAJ SALI, MYNIRE SALIAJ FAIK","Kufizimet":"KUFIZOHET DERI NE PLOTESIMIN E DOKUMENTACIONIT \r\nTEKNIKO LIGJOR (CERTIFIKATE E GJENDJES FAMILJARE AKTUALE)","Siperfaqe":3211}},
{"type":"Feature","geometry":{"type":"Polygon","coordinates":[[[20.104554029371837,40.399743509589825],[20.10487173561554,40.39987266509288],[20.10492462310746,40.40005556695432],[20.105021494217112,40.40031023662877],[20.10493191373987,40.40033145981416],[20.104554029371837,40.399743509589825]]]},"properties":{"Zk_Numer":3067,"Zk_Emer":"PSAR","Nr_Pas":"82/3","Vol":2,"Faqe":82,"Pronaret":"ZENEPE MALKO YZEIR, HASLLAN MALKO KASO, ENGJELL MALKO HASLLAN, SOKOL MALKO HASLLAN, AFRIM MALKO HASLLAN, FATIME MALKO HASLLAN, ALMA MALKO HASLLAN, MIMOZA MALKO GANI, EDLIRA MALKO HASLLAN","Kufizimet":"KUFIZOHET DERI NE PLOTESIMIN E DOKUMENTACIONIT \r\nTEKNIKO LIGJOR (CERTIFIKATE E GJENDJES FAMILJARE AKTUALE)","Siperfaqe":830}},
{"type":"Feature","geometry":{"type":"Polygon","coordinates":[[[20.10438850950139,40.399767561022166],[20.104554029371837,40.399743509589825],[20.10493191373987,40.40033145981416],[20.10477502440398,40.400387619867274],[20.10448496134013,40.39997670900921],[20.10438850950139,40.399767561022166]]]},"properties":{"Zk_Numer":3067,"Zk_Emer":"PSAR","Nr_Pas":"82/4","Vol":2,"Faqe":98,"Pronaret":"SHTET","Kufizimet":"KJO PASURI OKUPOHET NGA SALI SALIAJ","Siperfaqe":1162}},
{"type":"Feature","geometry":{"type":"Polygon","coordinates":[[[20.104133938897316,40.39980332015913],[20.10438850950139,40.399767561022166],[20.10448496134013,40.39997670900921],[20.10477502440398,40.400387619867274],[20.104501475014036,40.40019996761637],[20.10428037204767,40.40002129500389],[20.104133938897316,40.39980332015913]]]},"properties":{"Zk_Numer":3067,"Zk_Emer":"PSAR","Nr_Pas":"82/5","Vol":2,"Faqe":99,"Pronaret":"SHTET","Kufizimet":"KJO PASURI OKUPOHET NGA HEKURAN SHEFQET SALIAJ","Siperfaqe":1000}},
{"type":"Feature","geometry":{"type":"Polygon","coordinates":[[[20.10477502440398,40.400387619867274],[20.10433247289037,40.400227185603484],[20.104066297058868,40.40007723294983],[20.1038764817819,40.39993759553262],[20.104052726226186,40.3998147278509],[20.104133938897316,40.39980332015913],[20.10428037204767,40.40002129500389],[20.104501475014036,40.40019996761637],[20.10477502440398,40.400387619867274]]]},"properties":{"Zk_Numer":3067,"Zk_Emer":"PSAR","Nr_Pas":"82/6","Vol":2,"Faqe":95,"Pronaret":"DRITAN SALIAJ SHEFQET, SHEFQET SALIAJ HAMIT, HATIJEKO SALIAJ ALIKO, HAJRO SALIAJ SHEFQET, XHEMAL SALIAJ SHEFQET","Kufizimet":"PASURIA KUFIZOHET PER DIF.FAKT-DOK BRENDA 20% TE TOTALIT TE AMTP, KUFIZOHET DERI NE PLOTESIMIN E DOKUMENTACIONIT \r\nTEKNIKO LIGJOR (CERTIFIKATE E GJENDJES FAMILJARE AKTUALE)","Siperfaqe":1162}},
{"type":"Feature","geometry":{"type":"Polygon","coordinates":[[[20.122070263990924,40.40734825591411],[20.12196652348972,40.40754315376071],[20.121947304967236,40.40771052326287],[20.122057388301208,40.408017960649225],[20.122269047133877,40.40800373185232],[20.122423678239965,40.40796860731417],[20.122738499935206,40.40796432989791],[20.122754170636092,40.4079676338],[20.12296619350332,40.407987059096335],[20.123229401126242,40.40807608402574],[20.123537558893275,40.40819978786867],[20.12371471367346,40.40823258274365],[20.123410585217748,40.40819293232524],[20.123226861013315,40.40810677739728],[20.122769204033215,40.40803100712969],[20.122311783594366,40.408085507398496],[20.121989649765368,40.4081426958827],[20.121895826590162,40.40794990759602],[20.12185966318071,40.40787690014867],[20.12192373433764,40.40756450522162],[20.12200957658491,40.40732492042356],[20.12208598832149,40.407096065432555],[20.122076248909053,40.40690282864216],[20.121460679371317,40.406878873670664],[20.12131790567672,40.40687675764296],[20.121331531838514,40.40679674692464],[20.121446625813594,40.40644525238381],[20.121477762548245,40.406215033801715],[20.121477403566274,40.406133929142875],[20.12148708214597,40.40598119137518],[20.121459985652763,40.40584727444179],[20.12135573877527,40.40572893573998],[20.12113490004326,40.405553877684675],[20.120919066784367,40.405413392679904],[20.120797009468873,40.40533311862422],[20.12060946704924,40.40521030950382],[20.12045734092195,40.405079889862634],[20.1203573723454,40.40496160981755],[20.120325245036447,40.40482976157112],[20.12034529343642,40.40470770286474],[20.12041125328756,40.4046024461863],[20.120417421083143,40.40453405264764],[20.120475716527327,40.4045533106192],[20.120571588749485,40.40460342296497],[20.120622631885038,40.40464042058349],[20.120765769040275,40.404801204629855],[20.120868174911568,40.404949346996325],[20.120879432896274,40.40495746033779],[20.120717900778484,40.40508362543809],[20.120955544679887,40.40521349338694],[20.121073002010743,40.40531396911118],[20.121170875822376,40.40540233445364],[20.12122324992667,40.40549996289957],[20.121245741755622,40.40552790159025],[20.121359820275956,40.40568531531245],[20.121391197642545,40.40571479325018],[20.121517644710313,40.40583358549583],[20.12186900585042,40.405781911641405],[20.122312603347904,40.40586789968968],[20.122314890862494,40.40563609008872],[20.12229847207513,40.40548680823335],[20.122270776421516,40.40534934178941],[20.122263730509584,40.405314369551434],[20.12232693335149,40.40533714924367],[20.122406777007203,40.40584994391657],[20.122430863463524,40.40600463725811],[20.12244231098985,40.40607815906377],[20.12296871843806,40.40567931427417],[20.123030319478328,40.405734053118884],[20.122844562382898,40.4058489824271],[20.122772573276986,40.40590612424799],[20.12259021446071,40.40609729528063],[20.122510059554482,40.406181323117984],[20.122423016837615,40.40629260849928],[20.12241185697015,40.40631904787233],[20.1223043453266,40.40658759712803],[20.122295958297535,40.40658534650951],[20.122255805158876,40.40657932221368],[20.12215483230889,40.40681553259962],[20.122142942559226,40.40689373622764],[20.122124781937167,40.40711675863429],[20.122070263990924,40.40734825591411]]]},"properties":{"Zk_Numer":3067,"Zk_Emer":"PSAR","Nr_Pas":"133/32","Vol":2,"Faqe":71,"Pronaret":"SHTET","Kufizimet":"","Siperfaqe":15126}},
{"type":"Feature","geometry":{"type":"Polygon","coordinates":[[[20.129593934079693,40.40671699790257],[20.12971953548785,40.406576518250844],[20.129909817925995,40.40668126223617],[20.129780633047663,40.40681840294955],[20.129593934079693,40.40671699790257]]]},"properties":{"Zk_Numer":3067,"Zk_Emer":"PSAR","Nr_Pas":"201/20","Vol":2,"Faqe":104,"Pronaret":"ILIA BELLO BANUSH, PËLLUMBESH BELLO ISUF","Kufizimet":"KUFIZOHET DERI NË ZGJIDHJEN E PROBLEMATIKËS SE KONSTATUAR","Siperfaqe":370}},
{"type":"Feature","geometry":{"type":"Polygon","coordinates":[[[20.13132969327496,40.403259958685865],[20.131515655826473,40.40278975054005],[20.13162098928795,40.40251236356236],[20.13167674345886,40.402410677692814],[20.131708784767678,40.402309218323666],[20.131716417095305,40.402258228014084],[20.131734218349095,40.40214358000102],[20.131757157697944,40.40201682006128],[20.13188747150623,40.4020666986463],[20.131817001557533,40.40216790604539],[20.13175937870404,40.40228403017882],[20.131678359341603,40.40250337488033],[20.131577991448747,40.40278218258272],[20.131134666175,40.40393929397796],[20.1310871422585,40.40392555507657],[20.131215716302748,40.40357077211498],[20.13132969327496,40.403259958685865]]]},"properties":{"Zk_Numer":3067,"Zk_Emer":"PSAR","Nr_Pas":"202/8","Vol":2,"Faqe":105,"Pronaret":"SHTET","Kufizimet":"","Siperfaqe":1105}},
{"type":"Feature","geometry":{"type":"Polygon","coordinates":[[[20.103803839709034,40.39719145794654],[20.103849896914884,40.39682552032885],[20.104044100218672,40.39647496229347],[20.104624994416877,40.39695806968394],[20.10429137442622,40.39713798127133],[20.1039411248089,40.39725068663571],[20.103803839709034,40.39719145794654]]]},"properties":{"Zk_Numer":3067,"Zk_Emer":"PSAR","Nr_Pas":"108/1","Vol":2,"Faqe":106,"Pronaret":"SALIE HAJDINAJ DULE, ADRIATIK HAJDINAJ HETEM, HETEM HAJDINAJ ADEM, ADEM HAJDINAJ IBRAHIM, ENGJELLUSHE HAJDINAJ LAME, ADRIANA HAJDINAJ HETEM","Kufizimet":"KUFIZOHET DERI NE PLOTESIMIN E DOKUMENTACIONIT \r\nTEKNIKO LIGJOR (CERTIFIKATE E GJENDJES FAMILJARE AKTUALE)","Siperfaqe":3268}},
{"type":"Feature","geometry":{"type":"Polygon","coordinates":[[[20.106068786515888,40.39613221680431],[20.106175854913566,40.395912073933964],[20.106323093821352,40.39618269337564],[20.10634577487646,40.39628399701644],[20.10635253851941,40.39637048605856],[20.10597234369592,40.39670606186488],[20.105579869737014,40.396807983883996],[20.105295284158125,40.39693235524367],[20.10525207311196,40.396883152087064],[20.105146315942974,40.396487735965174],[20.10521632517007,40.3963750380893],[20.10550786865623,40.3963829641621],[20.105920971656143,40.39628009859956],[20.106068786515888,40.39613221680431]]]},"properties":{"Zk_Numer":3067,"Zk_Emer":"PSAR","Nr_Pas":"106/1","Vol":2,"Faqe":107,"Pronaret":"SHTET","Kufizimet":"KJO PASURI POSEDOHET NGA NEIM HAKI MALAJ  SIPAS AMTP-SE NR.1709","Siperfaqe":5054}},
{"type":"Feature","geometry":{"type":"Polygon","coordinates":[[[20.105134259049183,40.39567819583495],[20.10527697939856,40.395767500392566],[20.105453885366714,40.3958973949368],[20.10518815017395,40.396006752265194],[20.105095209618433,40.39601487140151],[20.104946284976396,40.39576736342288],[20.105134259049183,40.39567819583495]]]},"properties":{"Zk_Numer":3067,"Zk_Emer":"PSAR","Nr_Pas":"111/1","Vol":2,"Faqe":109,"Pronaret":"TEFTA ADEMI HEKURAN, JURGEN ADEMI RAMIS, ANIFE ADEMI MALIQ, FERUZE ADEMI RAPE, RAMIS ADEMI SEFEDIN, ISUF ADEMI SEFEDIN","Kufizimet":"","Siperfaqe":880}},
{"type":"Feature","geometry":{"type":"Polygon","coordinates":[[[20.10535357020491,40.39551769822115],[20.10553873387284,40.395629080184825],[20.10571349502236,40.3957641223575],[20.105453885366714,40.3958973949368],[20.10527697939856,40.395767500392566],[20.105134259049183,40.39567819583495],[20.10535357020491,40.39551769822115]]]},"properties":{"Zk_Numer":3067,"Zk_Emer":"PSAR","Nr_Pas":"111/2","Vol":2,"Faqe":110,"Pronaret":"VALENTINA HAJDINAJ QEMAL, BAKI HAJDINAJ ABEDIN, ENERJETA HAJDINAJ BAKI, ERVIN HAJDINAJ BAKI","Kufizimet":"KUFIZOHET DERI NE PLOTESIMIN E DOKUMENTACIONIT \r\nTEKNIKO LIGJOR (CERTIFIKATE E GJENDJES FAMILJARE AKTUALE)","Siperfaqe":1009}},
{"type":"Feature","geometry":{"type":"Polygon","coordinates":[[[20.10571349502236,40.3957641223575],[20.10553873387284,40.395629080184825],[20.10535357020491,40.39551769822115],[20.105607279137534,40.39522517139938],[20.105688282060942,40.39531639247387],[20.105952260370493,40.39559547334227],[20.10571349502236,40.3957641223575]]]},"properties":{"Zk_Numer":3067,"Zk_Emer":"PSAR","Nr_Pas":"111/3","Vol":2,"Faqe":112,"Pronaret":"NELJAN LAZAJ NEXHIP, LINERDA LAZAJ NEXHIP, NEXHIP LAZAJ FATLLI, LINDITA LAZAJ FEJZO","Kufizimet":"PASURIA KUFIZOHET PER DIF.FAKT-DOK BRENDA 20% TE TOTALIT TE AMTP","Siperfaqe":1449}},
{"type":"Feature","geometry":{"type":"Polygon","coordinates":[[[20.10596952748118,40.39559094436225],[20.1057073691017,40.39531247009178],[20.10561941073341,40.395219485200606],[20.10593005800174,40.39500210089031],[20.10599691051713,40.39498764024994],[20.106027232982733,40.39504880866791],[20.1060369009246,40.39512701775633],[20.106006213919283,40.39517577301037],[20.106013063113103,40.39533765916053],[20.106095134504034,40.395372543701775],[20.106106394762595,40.39547943422028],[20.10596952748118,40.39559094436225]]]},"properties":{"Zk_Numer":3067,"Zk_Emer":"PSAR","Nr_Pas":"111/4","Vol":2,"Faqe":113,"Pronaret":"VULLNET MALAJ ZINI, DEZDEMONA MALAJ ZINI, QEMAL MALAJ ZINI, SHPRESË MALAJ BEKIM, ZINI MALAJ ELMAS","Kufizimet":"KUFIZOHET DERI NE PLOTESIMIN E DOKUMENTACIONIT \r\nTEKNIKO LIGJOR (CERTIFIKATE E GJENDJES FAMILJARE AKTUALE)","Siperfaqe":1400}},
{"type":"Feature","geometry":{"type":"Polygon","coordinates":[[[20.10566389577351,40.39505732771436],[20.105140107470977,40.3954789395346],[20.10503937079626,40.39559268861075],[20.105002726859336,40.395659030604435],[20.104937793171306,40.39569393411524],[20.10489829701873,40.39570896438647],[20.104867706030703,40.39570906906888],[20.104811727738525,40.39564484668454],[20.104797479188548,40.395626983052416],[20.10479878860535,40.39561428521095],[20.104948806676745,40.39544336753535],[20.105050832277172,40.39527967368376],[20.10540976768724,40.39493339971478],[20.105571168217583,40.39501550944421],[20.10566389577351,40.39505732771436]]]},"properties":{"Zk_Numer":3067,"Zk_Emer":"PSAR","Nr_Pas":"111/5","Vol":2,"Faqe":111,"Pronaret":"ENERJETA HAJDINAJ BAKI, BAKI HAJDINAJ ABEDIN, VALENTINA HAJDINAJ QEMAL, ERVIN HAJDINAJ BAKI","Kufizimet":"KUFIZOHET DERI NE PLOTESIMIN E DOKUMENTACIONIT \r\nTEKNIKO LIGJOR (CERTIFIKATE E GJENDJES FAMILJARE AKTUALE)","Siperfaqe":1915}},
{"type":"Feature","geometry":{"type":"Polygon","coordinates":[[[20.10566389577351,40.39505732771436],[20.105571168217583,40.39501550944421],[20.10540976768724,40.39493339971478],[20.105625404926197,40.39457536706741],[20.10580577082623,40.39465053124123],[20.105914990060075,40.39488196783773],[20.10566389577351,40.39505732771436]]]},"properties":{"Zk_Numer":3067,"Zk_Emer":"PSAR","Nr_Pas":"111/6","Vol":2,"Faqe":114,"Pronaret":"BRAHIM HAJDINAJ ABEDIN, ABEDIN HAJDINAJ IBRAHIM, GURI HAJDINAJ ABEDIN, QAMILE HAJDINAJ QERIM","Kufizimet":"KUFIZOHET DERI NE PLOTESIMIN E DOKUMENTACIONIT \r\nTEKNIKO LIGJOR (CERTIFIKATE E GJENDJES FAMILJARE AKTUALE)","Siperfaqe":1319}},
{"type":"Feature","geometry":{"type":"Polygon","coordinates":[[[20.106126285118574,40.39443809752016],[20.106339193949445,40.39450963006641],[20.106556207183953,40.39457115972964],[20.106311472123586,40.394693782390775],[20.105968953545343,40.39453117289405],[20.106098811665692,40.394427934267945],[20.106126285118574,40.39443809752016]]]},"properties":{"Zk_Numer":3067,"Zk_Emer":"PSAR","Nr_Pas":"111/7","Vol":2,"Faqe":115,"Pronaret":"ABEDIN HAJDINAJ IBRAHIM, BRAHIM HAJDINAJ ABEDIN, QAMILE HAJDINAJ QERIM, GURI HAJDINAJ ABEDIN","Kufizimet":"KUFIZOHET DERI NE PLOTESIMIN E DOKUMENTACIONIT \r\nTEKNIKO LIGJOR (CERTIFIKATE E GJENDJES FAMILJARE AKTUALE)","Siperfaqe":681}},
{"type":"Feature","geometry":{"type":"Polygon","coordinates":[[[20.11216659481304,40.400346149343335],[20.112288977729367,40.400422558752176],[20.112356612886863,40.4005483369052],[20.112329519446874,40.400718154263465],[20.11230438719825,40.400790651759316],[20.112185871483824,40.400780569267994],[20.112074084821874,40.4007396252325],[20.111870651049742,40.40067870443574],[20.111943028660125,40.400624150685545],[20.11204459672066,40.40047772078804],[20.11216659481304,40.400346149343335]]]},"properties":{"Zk_Numer":3067,"Zk_Emer":"PSAR","Nr_Pas":"151/1","Vol":2,"Faqe":142,"Pronaret":"NEIM ABAZAJ BARJAM, SHKELQIM ABAZAJ ZEMAN, SYRI ABAZAJ ZEMAN, GJYLO ABAZAJ TEME","Kufizimet":"KUFIZOHET DERI NE PLOTESIMIN E DOKUMENTACIONIT \r\nTEKNIKO LIGJOR (CERTIFIKATE E GJENDJES FAMILJARE AKTUALE)","Siperfaqe":1180}},
{"type":"Feature","geometry":{"type":"Polygon","coordinates":[[[20.111432172408378,40.40025986444155],[20.1117181798319,40.400338864516094],[20.111809667874933,40.400187230330005],[20.111832966019676,40.40011486376645],[20.11193959635153,40.400170311271175],[20.11216659481304,40.400346149343335],[20.11204459672066,40.40047772078804],[20.111943028660125,40.400624150685545],[20.111870651049742,40.40067870443574],[20.1116531901025,40.400597549349975],[20.11155982797768,40.40053293592785],[20.11135352161285,40.40043918710344],[20.111399851044496,40.400332300379716],[20.111432172408378,40.40025986444155]]]},"properties":{"Zk_Numer":3067,"Zk_Emer":"PSAR","Nr_Pas":"151/2","Vol":2,"Faqe":145,"Pronaret":"HAJRO SALIAJ SHEFQET, HATIJEKO SALIAJ ALIKO, XHEMAL SALIAJ SHEFQET, DRITAN SALIAJ SHEFQET, SHEFQET SALIAJ HAMIT","Kufizimet":"KUFIZOHET DERI NE PLOTESIMIN E DOKUMENTACIONIT \r\nTEKNIKO LIGJOR (CERTIFIKATE E GJENDJES FAMILJARE AKTUALE), PASURIA KUFIZOHET PER DIF.FAKT-DOK BRENDA 20% TE TOTALIT TE AMTP","Siperfaqe":2175}},
{"type":"Feature","geometry":{"type":"Polygon","coordinates":[[[20.111832966019676,40.40011486376645],[20.111809667874933,40.400187230330005],[20.1117181798319,40.400338864516094],[20.111432172408378,40.40025986444155],[20.11159491549323,40.40003715280004],[20.111636443024864,40.39994741721773],[20.111658671780454,40.39991946047035],[20.111702732793947,40.39995865519295],[20.111804402353098,40.40003764386758],[20.111832966019676,40.40011486376645]]]},"properties":{"Zk_Numer":3067,"Zk_Emer":"PSAR","Nr_Pas":"151/3","Vol":2,"Faqe":146,"Pronaret":"SHTET","Kufizimet":"KJO PASURI OKUPOHET NGA ERZEN ZEMAN ABAZI","Siperfaqe":863}},
{"type":"Feature","geometry":{"type":"Polygon","coordinates":[[[20.11135352161285,40.40043918710344],[20.111244833005756,40.4003532302082],[20.111361911741362,40.40019836859221],[20.111568333592174,40.399901887121324],[20.111636443024864,40.39994741721773],[20.11159491549323,40.40003715280004],[20.111432172408378,40.40025986444155],[20.111399851044496,40.400332300379716],[20.11135352161285,40.40043918710344]]]},"properties":{"Zk_Numer":3067,"Zk_Emer":"PSAR","Nr_Pas":"151/4","Vol":2,"Faqe":147,"Pronaret":"SHTET","Kufizimet":"KJO PASURI POSEDOHET NGA NEIM HAKI MALAJ  SIPAS AMTP-SE NR.1709","Siperfaqe":536}},
{"type":"Feature","geometry":{"type":"Polygon","coordinates":[[[20.11276574354146,40.39908172341169],[20.112723200967807,40.399190219010855],[20.112610076742804,40.399277674286964],[20.112148706768338,40.39963769210089],[20.11180520115195,40.399700045555306],[20.11172866232669,40.39963040519183],[20.1120643835016,40.399524618379786],[20.11229121931991,40.399241291091016],[20.112430353214588,40.399002826293604],[20.11276574354146,40.39908172341169]]]},"properties":{"Zk_Numer":3067,"Zk_Emer":"PSAR","Nr_Pas":"155/1","Vol":2,"Faqe":148,"Pronaret":"SHTET","Kufizimet":"KJO PASURI POSEDOHET NGA NEIM HAKI MALAJ  SIPAS AMTP-SE NR.1709","Siperfaqe":2000}},
{"type":"Feature","geometry":{"type":"Polygon","coordinates":[[[20.112022401141378,40.39981503127176],[20.11187503689009,40.40000527581724],[20.112019979427373,40.4001347325576],[20.11233295201819,40.400359549086],[20.112461899372377,40.400386008193],[20.112599728787742,40.4003560205915],[20.112735323838724,40.40032128906786],[20.11284125982063,40.40030884810471],[20.113049353190775,40.4005053225645],[20.113224570516525,40.40080597299396],[20.113492826026885,40.40098059778295],[20.113652531029604,40.400713352786816],[20.113672762391182,40.40077124104009],[20.113650638204867,40.40085765765084],[20.113603236338992,40.40095030125753],[20.113622668562947,40.40106911343225],[20.113676143147163,40.401152903711875],[20.113759214619215,40.401220891362634],[20.11387175701831,40.40128268403943],[20.11409895441439,40.4014563188461],[20.114147565000145,40.401528427747074],[20.114201602378635,40.401584638777926],[20.114247610171613,40.40165672769411],[20.114272889420967,40.401718688894675],[20.113964433529905,40.40158479359227],[20.11387089027178,40.40156255843862],[20.11377734707506,40.40154032320916],[20.11364354714261,40.40150691435744],[20.113528875642746,40.401452066252695],[20.11333793288629,40.401335270831844],[20.11320383889954,40.40123366188006],[20.11298222931453,40.401161089930966],[20.112760620204654,40.4010885175556],[20.112502385639015,40.40123002867754],[20.112426973768244,40.401382889277336],[20.112076595108174,40.4014232983749],[20.11186262371246,40.40139004617446],[20.111807414830363,40.40129765966639],[20.111809378846736,40.401148240376635],[20.111788587058157,40.40101301876409],[20.1116586427965,40.400882703907016],[20.111460420170093,40.40079496367227],[20.111321892577646,40.400745054066384],[20.11112831038659,40.40074070223286],[20.110975454151504,40.40074850525031],[20.110832327603617,40.40073124002389],[20.11069000423246,40.40065295170224],[20.110573475060086,40.40057844576309],[20.110490184793267,40.400479061575844],[20.110413843546322,40.40038690804159],[20.110313083534862,40.40036459197043],[20.110177740240605,40.40040844194319],[20.110068861419066,40.400466849956764],[20.109864087321682,40.40049219947909],[20.109751632034186,40.40046440768976],[20.10962758794898,40.400425747168754],[20.109479774689028,40.400408453181825],[20.10941347625979,40.400421807338745],[20.109405541559905,40.40041135478684],[20.109408198656542,40.40038429056218],[20.10945280242748,40.40037769008014],[20.10953569281297,40.40037663504683],[20.10967137200632,40.40037433793876],[20.109835076265362,40.40042162764839],[20.109954111867562,40.40043473983653],[20.110050405448963,40.4004266122356],[20.11017615519541,40.40036185023607],[20.110321760200637,40.40030034819118],[20.11048437628681,40.400279066416815],[20.110666304073572,40.40030050458666],[20.11082913072982,40.40032402121823],[20.111129854373388,40.40033080150299],[20.111209862708762,40.400307352203946],[20.111296675020515,40.40022582165947],[20.111406652314923,40.40004839521674],[20.111510592934167,40.39989758420777],[20.111550149435228,40.39984459466388],[20.111612187396,40.39980078391717],[20.11172799610506,40.39980875951381],[20.111902382507086,40.39980109066923],[20.111986022629697,40.3997832596877],[20.112057328261457,40.39976597109417],[20.112022401141378,40.39981503127176]],[[20.111870651049742,40.40067870443574],[20.112074084821874,40.4007396252325],[20.112185871483824,40.400780569267994],[20.11230438719825,40.400790651759316],[20.112329519446874,40.400718154263465],[20.112356612886863,40.4005483369052],[20.112288977729367,40.400422558752176],[20.11216659481304,40.400346149343335],[20.11193959635153,40.400170311271175],[20.111832966019676,40.40011486376645],[20.111804402353098,40.40003764386758],[20.111702732793947,40.39995865519295],[20.111658671780454,40.39991946047035],[20.111636443024864,40.39994741721773],[20.111568333592174,40.399901887121324],[20.111361911741362,40.40019836859221],[20.111244833005756,40.4003532302082],[20.11135352161285,40.40043918710344],[20.11155982797768,40.40053293592785],[20.1116531901025,40.400597549349975],[20.111870651049742,40.40067870443574]]]},"properties":{"Zk_Numer":3067,"Zk_Emer":"PSAR","Nr_Pas":"140/1","Vol":2,"Faqe":165,"Pronaret":"SHTET","Kufizimet":"","Siperfaqe":19560}},
{"type":"Feature","geometry":{"type":"Polygon","coordinates":[[[20.112911035185313,40.39911955843138],[20.11284193755555,40.399233176858026],[20.112596724250317,40.39937982849877],[20.112522261830875,40.399457999180356],[20.112473753463135,40.3995247938085],[20.112309350409426,40.399646339716405],[20.112057328261464,40.39976597109416],[20.112197151309758,40.399681635254936],[20.112516413476733,40.39941681649265],[20.112780053331118,40.399227984098815],[20.112859234529854,40.39910181109989],[20.112911035185313,40.39911955843138]]]},"properties":{"Zk_Numer":3067,"Zk_Emer":"PSAR","Nr_Pas":"153/1","Vol":2,"Faqe":164,"Pronaret":"SHTET","Kufizimet":"","Siperfaqe":342}},
{"type":"Feature","geometry":{"type":"Polygon","coordinates":[[[20.112911035185313,40.39911955843138],[20.112973625626008,40.39910786171292],[20.113052885352925,40.39912722646742],[20.113047898730784,40.39919234009467],[20.113199542247415,40.39925725676715],[20.11310442429329,40.399470235268176],[20.113049114676922,40.39959371973421],[20.113025794768895,40.39970838346851],[20.112876033877498,40.399829798792645],[20.11280855062076,40.399936319515646],[20.112756720569696,40.399985399898895],[20.112362486995348,40.39991541061829],[20.112232046296988,40.399868699315526],[20.11202240114138,40.39981503127176],[20.112057328261464,40.39976597109416],[20.112309350409426,40.399646339716405],[20.112473753463135,40.3995247938085],[20.112522261830875,40.399457999180356],[20.112596724250317,40.39937982849877],[20.11284193755555,40.399233176858026],[20.112911035185313,40.39911955843138]]]},"properties":{"Zk_Numer":3067,"Zk_Emer":"PSAR","Nr_Pas":"153/2","Vol":2,"Faqe":149,"Pronaret":"SHEGË ABAZI TAHIR, ERVEHE ABAZI REFIT, SHUAIP ABAZI REFIT, REFIT ABAZI SHUAIP, DRITA ABAZI IZET","Kufizimet":"KUFIZOHET DERI NE PLOTESIMIN E DOKUMENTACIONIT \r\nTEKNIKO LIGJOR (CERTIFIKATE E GJENDJES FAMILJARE AKTUALE)","Siperfaqe":4500}},
{"type":"Feature","geometry":{"type":"Polygon","coordinates":[[[20.11310442429329,40.399470235268176],[20.11319954224743,40.39925725676715],[20.113368983548064,40.399228275619265],[20.11338030914442,40.39925973899292],[20.113382172303105,40.39928903229522],[20.113386064951545,40.39932037687795],[20.113438042933446,40.39935995041942],[20.11334012546176,40.399545119963],[20.113335028421275,40.39965253442278],[20.113265531900854,40.39976615377961],[20.113126909308615,40.39987029483475],[20.113003190080327,40.400018368349635],[20.112941725370618,40.40019491059059],[20.11284125982063,40.40030884810471],[20.112735323838724,40.40032128906786],[20.112599728787742,40.4003560205915],[20.112461899372377,40.400386008193],[20.11233295201819,40.400359549086],[20.112019979427373,40.4001347325576],[20.11187503689009,40.40000527581724],[20.112022401141378,40.39981503127176],[20.112232046296988,40.399868699315526],[20.112362486995348,40.39991541061829],[20.112756720569696,40.399985399898895],[20.11280855062076,40.399936319515646],[20.112876033877498,40.399829798792645],[20.113025794768895,40.39970838346851],[20.113049114676922,40.39959371973421],[20.11310442429329,40.399470235268176]]]},"properties":{"Zk_Numer":3067,"Zk_Emer":"PSAR","Nr_Pas":"153/3","Vol":2,"Faqe":150,"Pronaret":"EDUART ABAZAJ GRAMOS, SALUSHE ABAZAJ HAJDAR, NERTILA ABAZAJ ERZEN, ERZEN ABAZAJ ZEMAN","Kufizimet":"","Siperfaqe":5507}},
{"type":"Feature","geometry":{"type":"Polygon","coordinates":[[[20.11284125982063,40.40030884810471],[20.112941725370618,40.40019491059059],[20.113003190080327,40.400018368349635],[20.113126909308615,40.39987029483475],[20.113265531900854,40.39976615377961],[20.113335028421275,40.39965253442278],[20.11347551608242,40.39980177393692],[20.11355357691867,40.3998430075318],[20.11352749708937,40.39998690552487],[20.113434043284116,40.400064488992264],[20.113395032028457,40.40012817393953],[20.1135734890192,40.40023482199977],[20.113651088841163,40.400239995157726],[20.113674736744304,40.40028843553178],[20.11369471573835,40.40036555723091],[20.113701893717923,40.40045861928342],[20.11368014820416,40.40051617673243],[20.11365004694398,40.40057046422193],[20.11364510069669,40.40063953318564],[20.113652531029604,40.400713352786816],[20.113492826026885,40.40098059778295],[20.113224570516525,40.40080597299396],[20.113049353190775,40.4005053225645],[20.11284125982063,40.40030884810471]]]},"properties":{"Zk_Numer":3067,"Zk_Emer":"PSAR","Nr_Pas":"153/4","Vol":2,"Faqe":143,"Pronaret":"SHKELQIM ABAZAJ ZEMAN, SYRI ABAZAJ ZEMAN, NEIM ABAZAJ BARJAM, GJYLO ABAZAJ TEME","Kufizimet":"KUFIZOHET DERI NE PLOTESIMIN E DOKUMENTACIONIT \r\nTEKNIKO LIGJOR (CERTIFIKATE E GJENDJES FAMILJARE AKTUALE), PASURIA KUFIZOHET PER DIF.FAKT-DOK ME SHUMË SE 20% TE TOTALIT TE AMTP","Siperfaqe":5745}},
{"type":"Feature","geometry":{"type":"Polygon","coordinates":[[[20.10693824797492,40.396316608691166],[20.107391881207736,40.39641160680515],[20.10721186101737,40.396663990898006],[20.106885428290276,40.39687986902466],[20.10669905852209,40.39659080588573],[20.10693824797492,40.396316608691166]]]},"properties":{"Zk_Numer":3067,"Zk_Emer":"PSAR","Nr_Pas":"105","Vol":2,"Faqe":155,"Pronaret":"FUAT HAJDINAJ KASO, RAZIE HAJDINAJ FUAT, SUELA HAJDINAJ FUAT, MAJLINDA HAJDINAJ FUAT, MIRJAN HAJDINAJ FUAT, SOSE HAJDINAJ INDRIS","Kufizimet":"KUFIZOHET DERI NE PLOTESIMIN E DOKUMENTACIONIT \r\nTEKNIKO LIGJOR (CERTIFIKATE E GJENDJES FAMILJARE AKTUALE)","Siperfaqe":2000}},
{"type":"Feature","geometry":{"type":"Polygon","coordinates":[[[20.103729880617962,40.39726648935946],[20.103747112681635,40.397093188287855],[20.103796140794895,40.39681651356666],[20.103838706036765,40.39672341923617],[20.103863680907367,40.396625106781535],[20.103913065310746,40.3964593940187],[20.10396018055359,40.39632448201962],[20.104007295608884,40.396189569998434],[20.10406540953053,40.39611817533854],[20.104122558165674,40.39606241308393],[20.10413862458342,40.396048423479144],[20.104233739355664,40.395965603478814],[20.104344920227252,40.39586879376557],[20.104447521386476,40.39579807541761],[20.10456946906646,40.39574152576868],[20.104633186307357,40.39571007891285],[20.104716124358735,40.39565441876308],[20.10479924528358,40.39558864356052],[20.104837684472677,40.39553890916984],[20.10487531834747,40.39547387562164],[20.104912401950905,40.39537803948227],[20.10494948544945,40.39528220332954],[20.104989489714175,40.39512507322142],[20.10516379780169,40.39490163038332],[20.10527411486768,40.39478273976804],[20.10534503879308,40.39469332957674],[20.10541596253102,40.39460391934079],[20.10549364564274,40.39447306007452],[20.10567496389499,40.39432680199724],[20.105788682922025,40.39425280260043],[20.10603268955896,40.394172556241244],[20.106256899830775,40.39414358055381],[20.106402658195737,40.39411910111587],[20.106566116079776,40.39410717962406],[20.106697063053097,40.39410378919362],[20.106784390424334,40.394120057159746],[20.10675635077711,40.3941612051512],[20.106728311095797,40.39420235313562],[20.106663014191817,40.39427112538906],[20.106670932778023,40.394319936254774],[20.10675891448656,40.39440124164988],[20.10641677550946,40.39523164581284],[20.106289157802266,40.395917264233965],[20.106437855027593,40.396080566446955],[20.10693824797492,40.396316608691166],[20.10669905852209,40.39659080588573],[20.106885428290276,40.39687986902466],[20.106726800840466,40.39724293355995],[20.106603208674052,40.39690514323312],[20.10651315995993,40.39665756623574],[20.10636354605921,40.396571363584],[20.106244774867122,40.396595138127104],[20.10615783725175,40.39665481976827],[20.10583326333543,40.396915968080364],[20.10565702853611,40.39694203520655],[20.1055492028002,40.39695074142205],[20.105533061694707,40.39695204470079],[20.105409094816316,40.39696205406215],[20.105221598393737,40.397026450122446],[20.104803874641956,40.39712744422316],[20.104643642973453,40.39713895520427],[20.10463142438461,40.39713983297369],[20.10448695489169,40.39715794945698],[20.104370670181194,40.39722239138189],[20.10429474612515,40.39730673246722],[20.104227761885365,40.39736174937171],[20.10417858101092,40.39736300728931],[20.104095371690452,40.39735092577026],[20.103854536200593,40.397300061313736],[20.103729880617962,40.39726648935946]],[[20.10475193869426,40.396923636713595],[20.10496343373927,40.39697702578217],[20.105092604319022,40.39680627392341],[20.10496413205185,40.39673220169003],[20.10475193869426,40.396923636713595]],[[20.10540976768724,40.39493339971478],[20.105050832277172,40.39527967368376],[20.104948806676745,40.39544336753535],[20.10479878860535,40.39561428521095],[20.104797479188548,40.395626983052416],[20.104811727738525,40.39564484668454],[20.104867706030703,40.39570906906888],[20.10489829701873,40.39570896438647],[20.104937793171306,40.39569393411524],[20.105002726859336,40.395659030604435],[20.10503937079626,40.39559268861075],[20.105140107470977,40.3954789395346],[20.10566389577351,40.39505732771436],[20.105914990060075,40.39488196783773],[20.10580577082623,40.39465053124123],[20.105625404926197,40.39457536706741],[20.10540976768724,40.39493339971478]],[[20.10535357020491,40.39551769822115],[20.105134259049183,40.39567819583495],[20.104946284976396,40.39576736342288],[20.105095209618433,40.39601487140151],[20.10518815017395,40.396006752265194],[20.105453885366714,40.3958973949368],[20.10571349502236,40.3957641223575],[20.105952260370493,40.39559547334227],[20.105688282060942,40.39531639247387],[20.105607279137534,40.39522517139938],[20.10535357020491,40.39551769822115]],[[20.10596952748118,40.39559094436225],[20.106106394762595,40.39547943422028],[20.106095134504034,40.395372543701775],[20.106013063113103,40.39533765916053],[20.106006213919283,40.39517577301037],[20.1060369009246,40.39512701775633],[20.106027232982733,40.39504880866791],[20.10599691051713,40.39498764024994],[20.10593005800174,40.39500210089031],[20.10561941073341,40.395219485200606],[20.1057073691017,40.39531247009178],[20.10596952748118,40.39559094436225]],[[20.106126285118574,40.39443809752016],[20.106098811665692,40.394427934267945],[20.105968953545343,40.39453117289405],[20.106311472123586,40.394693782390775],[20.106556207183953,40.39457115972964],[20.106339193949445,40.39450963006641],[20.106126285118574,40.39443809752016]],[[20.105205933615476,40.396284350176586],[20.10530898821893,40.396285481129254],[20.10542545583633,40.396277098877164],[20.105566318958118,40.39622450708749],[20.10569348394403,40.396140696454154],[20.105944175170265,40.39596643140429],[20.105921501088762,40.395850988427924],[20.105483662408535,40.3960663577696],[20.105147988816135,40.39609686703804],[20.105205933615476,40.396284350176586]],[[20.106068786515888,40.39613221680431],[20.105920971656143,40.39628009859956],[20.10550786865623,40.3963829641621],[20.10521632517007,40.3963750380893],[20.105146315942974,40.396487735965174],[20.10525207311196,40.396883152087064],[20.105295284158125,40.39693235524367],[20.105579869737014,40.396807983883996],[20.10597234369592,40.39670606186488],[20.10635253851941,40.39637048605856],[20.10634577487646,40.39628399701644],[20.106323093821352,40.39618269337564],[20.106175854913566,40.395912073933964],[20.106068786515888,40.39613221680431]],[[20.103803839709034,40.39719145794654],[20.1039411248089,40.39725068663571],[20.10429137442622,40.39713798127133],[20.104624994416877,40.39695806968394],[20.104044100218672,40.39647496229347],[20.103849896914884,40.39682552032885],[20.103803839709034,40.39719145794654]]]},"properties":{"Zk_Numer":3067,"Zk_Emer":"PSAR","Nr_Pas":"100","Vol":2,"Faqe":160,"Pronaret":"SHTET","Kufizimet":"","Siperfaqe":33692}},
{"type":"Feature","geometry":{"type":"Polygon","coordinates":[[[20.10936656911618,40.40043125558101],[20.10935886594036,40.4003902353214],[20.10936692243541,40.40035798022798],[20.1093913667822,40.400344378012626],[20.10954329554843,40.40032086251722],[20.10967002729368,40.40032786283859],[20.10984897753236,40.400375864223356],[20.1099554773455,40.40039409041537],[20.110033488084962,40.40038547821669],[20.110088779357763,40.40035536074958],[20.11015945512874,40.400318898046535],[20.110307075440463,40.4002605176441],[20.11048313449379,40.40023800216654],[20.11066403783593,40.400256895963345],[20.110837759729364,40.4002847882632],[20.111121331774136,40.40029639005681],[20.11118071155193,40.40027550107567],[20.111248576953002,40.40020880945755],[20.111481484673664,40.399867720080024],[20.111513469843025,40.399822729491426],[20.111601549690874,40.39976815796112],[20.111727387917107,40.39977548332031],[20.1119036971963,40.399765874134026],[20.112046391419003,40.399733973597066],[20.112092385680853,40.39969607188467],[20.112209341879577,40.39963413603674],[20.112576035013536,40.39933144318303],[20.112744239449853,40.39921311055765],[20.112816593076168,40.39909371944535],[20.112859234529854,40.39910181109989],[20.112780053331118,40.399227984098815],[20.112516413476733,40.39941681649265],[20.112197151309758,40.399681635254936],[20.11205732826146,40.39976597109417],[20.111986022629697,40.3997832596877],[20.111902382507086,40.39980109066923],[20.11172799610506,40.39980875951381],[20.111612187396,40.39980078391717],[20.111550149435228,40.39984459466388],[20.111510592934167,40.39989758420777],[20.111406652314923,40.40004839521674],[20.111296675020515,40.40022582165947],[20.111209862708762,40.400307352203946],[20.111129854373388,40.40033080150299],[20.11082913072982,40.40032402121823],[20.110666304073572,40.40030050458666],[20.11048437628681,40.400279066416815],[20.110321760200637,40.40030034819118],[20.11017615519541,40.40036185023607],[20.110050405448963,40.4004266122356],[20.109954111867562,40.40043473983653],[20.109835076265362,40.40042162764839],[20.10967137200632,40.40037433793876],[20.10953569281297,40.40037663504683],[20.10945280242748,40.40037769008014],[20.109408198656542,40.40038429056218],[20.109405541559905,40.40041135478684],[20.10941347625979,40.400421807338745],[20.10941979508839,40.40043013126569],[20.109438856371764,40.40046989937695],[20.109470997351217,40.40050301499624],[20.10948115659993,40.400575095726154],[20.109472949655622,40.40062202412271],[20.109494452523066,40.40067270877318],[20.109513713847658,40.40075854153501],[20.109535007749297,40.40081969633924],[20.10958326877746,40.40087129451718],[20.109585857372434,40.400919885619416],[20.10952904307039,40.40091377727347],[20.109531719486974,40.40086988433843],[20.109505900133716,40.40084145953115],[20.109482004032852,40.40080613691335],[20.109469508660794,40.400768911814275],[20.109457949519868,40.40070830084444],[20.10945239675848,40.40068078570281],[20.10942326205261,40.40063660474068],[20.109416543508463,40.40056053222159],[20.109412142283876,40.40051832951603],[20.10940275533331,40.400482779406325],[20.109372372496573,40.400462159187114],[20.10936656911618,40.40043125558101]]]},"properties":{"Zk_Numer":3067,"Zk_Emer":"PSAR","Nr_Pas":"145/2","Vol":2,"Faqe":161,"Pronaret":"SHTET","Kufizimet":"","Siperfaqe":1741}},
{"type":"Feature","geometry":{"type":"Polygon","coordinates":[[[20.111384077511424,40.40560638109102],[20.11161062313501,40.405454193758516],[20.11197311608735,40.405253874754976],[20.112212123717196,40.40528667546575],[20.11239220640356,40.405178019543236],[20.112495475601367,40.40509462665809],[20.11269271801674,40.405005216470144],[20.112738013334777,40.405040483133305],[20.11257101456434,40.40517443249412],[20.112502446119215,40.40520576654634],[20.1124725856864,40.40525699222564],[20.11241382668733,40.40540661376668],[20.112423053360516,40.405528558136304],[20.112415629983428,40.40554877383774],[20.111416324328424,40.40590158840237],[20.11125562137117,40.40593414515379],[20.110850002175464,40.40570132666148],[20.111010656712917,40.40567178287999],[20.111171311109405,40.40564223887532],[20.111277694338742,40.4056243100321],[20.111384077511424,40.40560638109102]]]},"properties":{"Zk_Numer":3067,"Zk_Emer":"PSAR","Nr_Pas":"121/14","Vol":2,"Faqe":152,"Pronaret":"LIRI ZYBA RIZA, EDMOND ZYBA RIZA, ARBEN ZYBA RIZA, ELMAS ZYBA RIZA, MACAN ZYBA RIZA, RIZA ZYBA MECAN, JETNOR ZYBA RIZA","Kufizimet":"PASURIA KUFIZOHET PER DIF.FAKT-DOK MBI 20% TE TOTALIT TE AMTP, KUFIZOHET DERI NE PLOTESIMIN E DOKUMENTACIONIT \r\nTEKNIKO LIGJOR (CERTIFIKATE E GJENDJES FAMILJARE AKTUALE)","Siperfaqe":5018}},
{"type":"Feature","geometry":{"type":"Polygon","coordinates":[[[20.110850002175464,40.40570132666148],[20.110721297372642,40.40571367052433],[20.110453294861227,40.405729848676714],[20.110398307002487,40.40576072723266],[20.11029458549494,40.40584347927297],[20.110378777960502,40.405942838359266],[20.110463542299936,40.40602434781096],[20.11034490100874,40.40609663167027],[20.11026305472525,40.406092351055136],[20.110129509715616,40.40599054436212],[20.110102783852675,40.40598583288776],[20.110035828823133,40.40588784405552],[20.10999221600543,40.405814580267936],[20.11004932049351,40.405687160254],[20.1100571813239,40.405609605866886],[20.11008482017469,40.40549510083435],[20.11020688588658,40.40544270726087],[20.110429664590853,40.40547115942345],[20.11069687693651,40.40543349480729],[20.111384077511424,40.40560638109102],[20.111277694338742,40.4056243100321],[20.111171311109405,40.40564223887532],[20.111010656712917,40.40567178287999],[20.110850002175464,40.40570132666148]]]},"properties":{"Zk_Numer":3067,"Zk_Emer":"PSAR","Nr_Pas":"121/15","Vol":2,"Faqe":157,"Pronaret":"LUMTURI SUBASHI MESTAN, ERVIST SUBASHI JAHO, JULJANA SUBASHI JAHO, ENKELETA SUBASHI JAHO, ELIDE SUBASHI JAHO, LAVDIMIR SUBASHI JAHO, JAHO SUBASHI FEJZO","Kufizimet":"PASURIA KUFIZOHET PER DIF.FAKT-DOK MBI 20% TE TOTALIT TE AMTP, KUFIZOHET DERI NE PLOTESIMIN E DOKUMENTACIONIT \r\nTEKNIKO LIGJOR (CERTIFIKATE E GJENDJES FAMILJARE AKTUALE)","Siperfaqe":3573}},
{"type":"Feature","geometry":{"type":"Polygon","coordinates":[[[20.10904055216725,40.405790221340254],[20.108990006142776,40.40580460148204],[20.10891657659226,40.405747646297186],[20.1088307700634,40.40573438864479],[20.108794427381845,40.40569200404027],[20.108711292595142,40.405574766297086],[20.108724834210175,40.405498258380106],[20.108790066805533,40.405352541640276],[20.108819583476325,40.40522022264394],[20.108889775171225,40.405190565576255],[20.108971822970236,40.40508500875139],[20.10926065210516,40.40512658421279],[20.109244176786568,40.40524617146512],[20.109280532531354,40.405276042706646],[20.10915085195283,40.40539000877401],[20.10911343971662,40.405581124132006],[20.109080979019122,40.40565792718669],[20.10904055216725,40.405790221340254]]]},"properties":{"Zk_Numer":3067,"Zk_Emer":"PSAR","Nr_Pas":"121/17","Vol":2,"Faqe":158,"Pronaret":"VJOLLCA SELMANAJ SHUAIP, LULJETA SELMANAJ SHUAIP, NURKË SELMANAJ SHUAIP, MIRJETA SELMANAJ TEME, SHUAIP SELMANAJ AXHEM, PAJTIM SELMANAJ SHUAIP, FESTIM SELMANAJ SHUAIP, LILJANE SELMANAJ SHUAIP","Kufizimet":"KUFIZOHET DERI NE PLOTESIMIN E DOKUMENTACIONIT \r\nTEKNIKO LIGJOR (CERTIFIKATE E GJENDJES FAMILJARE AKTUALE)","Siperfaqe":2300}},
{"type":"Feature","geometry":{"type":"Polygon","coordinates":[[[20.10877116154285,40.40628513229494],[20.108772559430818,40.40616138028635],[20.10870803812502,40.405986208553486],[20.10886246759496,40.40599151506185],[20.10897693206692,40.40594884194328],[20.108983935485213,40.40605469573297],[20.108981213783505,40.40625165895651],[20.10893258089148,40.40636722733381],[20.10891321050451,40.40642999417258],[20.1088742983647,40.40644911418507],[20.10882603612261,40.406444954871894],[20.10878664908773,40.406432054083204],[20.108780500455815,40.40635640253502],[20.10877116154285,40.40628513229494]]]},"properties":{"Zk_Numer":3067,"Zk_Emer":"PSAR","Nr_Pas":"121/18","Vol":2,"Faqe":159,"Pronaret":"AFRIM MALKO HASLLAN, MIMOZA MALKO GANI, EDLIRA MALKO HASLLAN, ALMA MALKO HASLLAN, FATIME MALKO HASLLAN, SOKOL MALKO HASLLAN, ENGJELL MALKO HASLLAN, ZENEPE MALKO YZEIR, HASLLAN MALKO KASO","Kufizimet":"KUFIZOHET DERI NE PLOTESIMIN E DOKUMENTACIONIT \r\nTEKNIKO LIGJOR (CERTIFIKATE E GJENDJES FAMILJARE AKTUALE)","Siperfaqe":887}},
{"type":"Feature","geometry":{"type":"Polygon","coordinates":[[[20.10272720419493,40.3985966622325],[20.102538190313865,40.398486438593096],[20.10272103541362,40.39831406959846],[20.10284242772431,40.39823176502495],[20.102947991485344,40.39818274070454],[20.103172969486096,40.39824621169578],[20.103369571361913,40.398264056341894],[20.103478368656194,40.39829400033756],[20.103376398397216,40.39841500117097],[20.103222813880663,40.39839642772698],[20.103173012131325,40.39839199584995],[20.10302085831432,40.398387841995294],[20.102942015212925,40.39840763131207],[20.102913310848006,40.39843116496328],[20.102839739400807,40.398485640327586],[20.102749028072644,40.39857143623899],[20.10272720419493,40.3985966622325]]]},"properties":{"Zk_Numer":3067,"Zk_Emer":"PSAR","Nr_Pas":"67/3","Vol":2,"Faqe":144,"Pronaret":"SHKELQIM ABAZAJ ZEMAN, GJYLO ABAZAJ TEME, SYRI ABAZAJ ZEMAN, NEIM ABAZAJ BARJAM","Kufizimet":"PASURIA KUFIZOHET PER DIF.FAKT-DOK ME SHUMË SE 20% TE TOTALIT TE AMTP, KUFIZOHET DERI NE PLOTESIMIN E DOKUMENTACIONIT \r\nTEKNIKO LIGJOR (CERTIFIKATE E GJENDJES FAMILJARE AKTUALE)","Siperfaqe":1514}},
{"type":"Feature","geometry":{"type":"Polygon","coordinates":[[[20.10228067230385,40.3983362656202],[20.102207816713793,40.39829820134014],[20.102208727983946,40.398260182463154],[20.102215914635476,40.39822922957011],[20.102221508306584,40.39821839892119],[20.102256501609546,40.39819346593283],[20.102304159138598,40.39814886792017],[20.102356681330498,40.398100646774914],[20.102426289889873,40.398067805317446],[20.102502744943735,40.398041805040585],[20.102664592825228,40.397980386126136],[20.102796908229664,40.397927754294464],[20.10299740670394,40.39807528816636],[20.102974283342057,40.398166886194716],[20.102947991485344,40.39818274070454],[20.10284242772431,40.39823176502495],[20.10272103541362,40.39831406959846],[20.102538190313865,40.398486438593096],[20.102532175897895,40.39848293126921],[20.10228067230385,40.3983362656202]]]},"properties":{"Zk_Numer":3067,"Zk_Emer":"PSAR","Nr_Pas":"67/4","Vol":2,"Faqe":151,"Pronaret":"NERTILA ABAZAJ ERZEN, EDUART ABAZAJ GRAMOS, SALUSHE ABAZAJ HAJDAR, ERZEN ABAZAJ ZEMAN","Kufizimet":"","Siperfaqe":2200}},
{"type":"Feature","geometry":{"type":"Polygon","coordinates":[[[20.10380357051703,40.401138710742195],[20.103814977368007,40.40112034625379],[20.103879186848012,40.40111843405376],[20.104177805454924,40.40093390846094],[20.104217260868957,40.40090976379613],[20.104389915494693,40.40076753225775],[20.104448779457755,40.40062830143534],[20.10445621651517,40.400619939644855],[20.10454056044945,40.40056681635677],[20.104607548014265,40.40047284659357],[20.10469730912776,40.40044798452278],[20.104809228856197,40.400433764132245],[20.10490396456909,40.40039573289814],[20.105030460564414,40.40039923167998],[20.105152816577625,40.40042101599082],[20.105312597366524,40.40042496489833],[20.105478284582354,40.40040142098814],[20.10569942875452,40.40028682086651],[20.105853627915298,40.40025784778764],[20.106158721740755,40.40012753511763],[20.106220383887578,40.40012182909292],[20.105862340591678,40.40027475784369],[20.105709152097443,40.400303541030254],[20.105487428933415,40.40041844119134],[20.105314390191232,40.400443029744714],[20.10514973457924,40.400438960358464],[20.105027334011666,40.400417168117585],[20.104909371992225,40.40041390538102],[20.104816827934204,40.400451056781776],[20.104703302820806,40.40046548115379],[20.1046239637578,40.400487456524104],[20.10455906298865,40.40057849896753],[20.104471196706605,40.40063384078628],[20.104410729744522,40.400776863282985],[20.104234529549966,40.40092201567272],[20.10419261511732,40.40094791603191],[20.103887916143897,40.40113619887625],[20.10380357051703,40.401138710742195]]]},"properties":{"Zk_Numer":3067,"Zk_Emer":"PSAR","Nr_Pas":"81/3","Vol":2,"Faqe":54,"Pronaret":"SHTET","Kufizimet":"","Siperfaqe":495}},
{"type":"Feature","geometry":{"type":"Polygon","coordinates":[[[20.10399119247916,40.40141890543334],[20.103962432500467,40.401514741554706],[20.103956254926278,40.40163742623151],[20.10395400818984,40.40168204560041],[20.10400631283274,40.40182146782334],[20.103458622971235,40.40101830241877],[20.103633895630782,40.40109202681825],[20.103782615703754,40.401139334780176],[20.10380357051703,40.401138710742195],[20.103887916143897,40.40113619887625],[20.10419261511732,40.40094791603191],[20.104379864070776,40.40109186069477],[20.104446126593988,40.40104205345113],[20.104483311294562,40.401074741074],[20.104517948434157,40.40112268942033],[20.10447597469633,40.40116480985951],[20.10443501373845,40.40119601381943],[20.10435384509413,40.401241486712436],[20.10424677532212,40.40126520236889],[20.1041288519376,40.40129773768028],[20.10399934111769,40.40132515011851],[20.10399119247916,40.40141890543334]]]},"properties":{"Zk_Numer":3067,"Zk_Emer":"PSAR","Nr_Pas":"48/2","Vol":2,"Faqe":11,"Pronaret":"FEJZO SUBASHI ISUF, GRAMOS SUBASHI ISUF, ISUF SUBASHI FEJZO, DILAVERE SUBASHI HAKI","Kufizimet":"","Siperfaqe":2602}},
{"type":"Feature","geometry":{"type":"Polygon","coordinates":[[[20.104446126593988,40.40104205345113],[20.104379864070776,40.40109186069477],[20.10419261511732,40.40094791603191],[20.104234529549966,40.40092201567272],[20.104410729744522,40.400776863282985],[20.104471196706605,40.40063384078628],[20.104570128842486,40.400649979935324],[20.104562611792545,40.400738950510956],[20.10449819644809,40.400884167189254],[20.104446126593988,40.40104205345113]]]},"properties":{"Zk_Numer":3067,"Zk_Emer":"PSAR","Nr_Pas":"48/3","Vol":2,"Faqe":17,"Pronaret":"SULO SELMANAJ AXHEM, FLORIJE SELMANAJ TEFIK, ELTON SELMANAJ SULO, PRANVERA SELMANAJ SULO, ASQERI SELMANAJ SULO","Kufizimet":"KUFIZOHET DERI NE PLOTESIMIN E DOKUMENTACIONIT \r\nTEKNIKO LIGJOR (CERTIFIKATE E GJENDJES FAMILJARE AKTUALE), PASURIA KUFIZOHET PER DIF.FAKT-DOK BRENDA 20% TE TOTALIT TE AMTP","Siperfaqe":700}},
{"type":"Feature","geometry":{"type":"Polygon","coordinates":[[[20.11020688588658,40.40544270726087],[20.11008482017469,40.40549510083435],[20.1100571813239,40.405609605866886],[20.11004932049351,40.405687160254],[20.10999221600543,40.405814580267936],[20.1094330693938,40.40575752022876],[20.109526991756002,40.40557379886038],[20.10955553274594,40.405470225853],[20.109624507156727,40.40544849309507],[20.109831367973218,40.40542478326512],[20.109973538152516,40.40542014535446],[20.11020688588658,40.40544270726087]]]},"properties":{"Zk_Numer":3067,"Zk_Emer":"PSAR","Nr_Pas":"121/16","Vol":2,"Faqe":154,"Pronaret":"FLORIJE SELMANAJ TEFIK, ELTON SELMANAJ SULO, PRANVERA SELMANAJ SULO, SULO SELMANAJ AXHEM, ASQERI SELMANAJ SULO","Kufizimet":"KUFIZOHET DERI NE PLOTESIMIN E DOKUMENTACIONIT \r\nTEKNIKO LIGJOR (CERTIFIKATE E GJENDJES FAMILJARE AKTUALE), PASURIA KUFIZOHET PER DIF.FAKT-DOK BRENDA 20% TE TOTALIT TE AMTP","Siperfaqe":1884}},
{"type":"Feature","geometry":{"type":"Polygon","coordinates":[[[20.129178383491176,40.40085211580979],[20.12897657241968,40.400585668876744],[20.12883247615643,40.400592629303475],[20.128455847561717,40.4000608301842],[20.127551328372228,40.39974837229869],[20.12750636383182,40.399732839448625],[20.12737575232823,40.399426432886],[20.127255397631675,40.399122385119895],[20.127124762088293,40.399058298199506],[20.126823672610296,40.39903006001642],[20.12678760223251,40.39924392589879],[20.126772653586983,40.39961735464272],[20.12685437460422,40.39977825334995],[20.1265571359199,40.40012530867764],[20.12632426020564,40.40037078066542],[20.12618084401278,40.400673701855396],[20.125926504991288,40.40087881528482],[20.125808479569415,40.401019202818716],[20.12576076722958,40.40119564231428],[20.125702479134098,40.40141588498231],[20.125653343871843,40.401608866483706],[20.125600930608833,40.401766459650645],[20.125574403348335,40.401874889995824],[20.12556393634207,40.401988358867484],[20.125474846743572,40.40231641736897],[20.12540709553601,40.40259410052216],[20.12538423292832,40.40276576460557],[20.125333957333616,40.403000635678474],[20.125218994631073,40.40339962175597],[20.12514904645386,40.40347224081332],[20.12510419617835,40.40345350353603],[20.12506218879198,40.403446287559234],[20.125019991572067,40.40344827357531],[20.12497469484206,40.40346401426852],[20.124938230761412,40.40348901623676],[20.12490165866063,40.40352781353747],[20.124855737426856,40.403587216289175],[20.124812914481463,40.403642049758865],[20.12474286889948,40.403710482290776],[20.12466116709913,40.40374663248299],[20.12460377911851,40.40376456883541],[20.12449801315459,40.403800554711204],[20.124427789409637,40.40387815312245],[20.124393660611982,40.403958348238234],[20.124410697329502,40.40403992143979],[20.124439422856483,40.404141250793096],[20.124453493454148,40.404217191204744],[20.124422861887545,40.40426294042047],[20.124359144879143,40.404303810308434],[20.12429861590358,40.404328647812044],[20.124256447363763,40.40433292111753],[20.124193444114805,40.40432325843051],[20.12414232523284,40.404318260448875],[20.124094096089895,40.404324793144546],[20.124054680846136,40.404347485116745],[20.12404243991845,40.40436578124749],[20.12402708898158,40.404388628518596],[20.124020611249787,40.40442306083046],[20.124020164240136,40.404457538835814],[20.12402870947316,40.40449896504238],[20.12404309611494,40.404545046233274],[20.12402092093329,40.4046344992169],[20.123965886045955,40.40470073963082],[20.12379236562741,40.40485799944877],[20.123679970773292,40.40493988849665],[20.123571282234973,40.40497124063173],[20.12334958934157,40.40496071658993],[20.123247736365563,40.40493008257031],[20.123149162932336,40.40487186300887],[20.123042460703374,40.40474926567393],[20.122961961811942,40.40469348841535],[20.122883755838703,40.40469520948544],[20.122857539739645,40.404716970073586],[20.1228313236237,40.40473873065574],[20.12272823664062,40.40485489161989],[20.122642538378777,40.40496456553613],[20.122536978723804,40.40498444064232],[20.122416050488944,40.4049849269443],[20.122449115222253,40.40493880488539],[20.122519106814984,40.40487884579075],[20.122589098283534,40.404818886653295],[20.12262483737082,40.40478314809185],[20.12266057642033,40.404747409519196],[20.122693339074665,40.40470781128849],[20.122726101690635,40.40466821304829],[20.12281014714532,40.40462501283755],[20.1229253475516,40.404592017815936],[20.123048627715736,40.40453914617637],[20.123099008452304,40.40447577061345],[20.123173950330965,40.40432887680544],[20.12323633268509,40.40415126058499],[20.123316203519405,40.40382508099187],[20.12334244446383,40.40361206985964],[20.123394659738807,40.40340721636844],[20.1234176251353,40.40324598801529],[20.12344411964655,40.40303154691291],[20.123480459627576,40.402844511610056],[20.123506160299588,40.402680341207116],[20.123543965665128,40.40258100186479],[20.12357632065554,40.402499541794825],[20.12362774480771,40.40235646771904],[20.123658673394228,40.402183340571625],[20.12367632950079,40.40202904201157],[20.123682813415268,40.40193145537666],[20.12369152451262,40.401863774309774],[20.12376090839169,40.401742746250434],[20.12382533251191,40.401601760769246],[20.12384227761047,40.40150225421304],[20.123834528486608,40.401379479852515],[20.123840726848204,40.401221222121336],[20.12387812488994,40.40123001643965],[20.123958854247824,40.40106471125431],[20.124052350944435,40.40098049607531],[20.124094065203227,40.40095386325924],[20.124190168227166,40.40091073575807],[20.124483296210474,40.400827887547756],[20.12475597043812,40.40092229284078],[20.124878467833902,40.400875148149375],[20.12516947680662,40.40060631868985],[20.125262947710585,40.40049406270374],[20.12555018727513,40.40025945025889],[20.125826987136488,40.39985072926437],[20.126319044093716,40.39907784371484],[20.12658406207591,40.398797705972804],[20.126858434905373,40.398898256599054],[20.127098719134654,40.39895304129947],[20.127193025881056,40.39896103796912],[20.127262806436644,40.39891623085973],[20.127287253000432,40.39884221075717],[20.127632333737097,40.398869324772456],[20.12762552991887,40.399078845602105],[20.12767999789395,40.39930134615026],[20.127790935234962,40.39942572730987],[20.12790187298462,40.39955010835974],[20.128019644182462,40.39967759365107],[20.12808330888883,40.399821934014724],[20.128168692791284,40.39986324599714],[20.12826673127384,40.399879618502744],[20.128646605730736,40.39994192631819],[20.128830230921828,40.399983942159665],[20.12889479423697,40.400053247395434],[20.12893353403992,40.4002224433225],[20.129009018234736,40.40040131762169],[20.129114800057287,40.40045215712411],[20.129427708006677,40.400345747293],[20.129616400037158,40.40031275859071],[20.129775561490927,40.40034836607429],[20.129905446320443,40.400433795655346],[20.130028261045616,40.400666076201496],[20.1299829860244,40.40108793456504],[20.12998077798177,40.401792735252585],[20.129947533360312,40.40202879486115],[20.12983867461149,40.402217133295466],[20.129670257924374,40.40225737457811],[20.129438070021816,40.40223617815689],[20.12918057236477,40.4023102151132],[20.129094002122407,40.40239397799577],[20.128973625680864,40.40253706310672],[20.128893025455383,40.40263286792293],[20.128828889078978,40.40276711929382],[20.128830169412705,40.40286596307133],[20.128832812742075,40.403024292411935],[20.128842538755023,40.40321302784541],[20.12879990347226,40.40328261005623],[20.1286884622247,40.403194852660874],[20.128580933896032,40.403125849937446],[20.128374160803702,40.403016001457],[20.128230973809902,40.40293567550218],[20.12811844397407,40.40288765331244],[20.127992241611256,40.402868630910554],[20.127839987015268,40.40286268419892],[20.127736379666985,40.40287239479603],[20.127651487974706,40.40288757665139],[20.127592235743563,40.40295330972178],[20.127572849946738,40.40299773981731],[20.12754014842298,40.40305074155687],[20.12750407993848,40.403073477982005],[20.12746827142787,40.40307608044179],[20.12742512225053,40.4030642369722],[20.127385618803185,40.40306106611941],[20.127344318531165,40.40304926359062],[20.12730134829537,40.40302448076753],[20.127188784285014,40.40293035383335],[20.127136293606267,40.402911244475064],[20.127054416772406,40.40290896263333],[20.127057387669705,40.402846662070026],[20.127431478143876,40.40284578160863],[20.128179038395825,40.40276372749638],[20.128310166520276,40.40279389626665],[20.12836506430558,40.402948573666016],[20.12871159103738,40.40298620194476],[20.128755529397484,40.402625486382696],[20.128816473759446,40.40248513642333],[20.129194536467395,40.40228428126346],[20.12932515965333,40.40219248467929],[20.12961838475041,40.40218138527541],[20.129645681755846,40.40202445023319],[20.129636381026966,40.40192977111332],[20.129592903229362,40.401784493422255],[20.129570094680464,40.40167585286091],[20.129555091531373,40.401511623635294],[20.129438514605486,40.40127570745731],[20.129331550425725,40.401078488580445],[20.129178383491176,40.40085211580979]],[[20.124981430583006,40.4020859983631],[20.12547891488123,40.4020745550861],[20.12556646564552,40.401687158890674],[20.12507031610683,40.401627800631886],[20.125047418752054,40.40162803601503],[20.124888452367085,40.40160258738225],[20.12487638944685,40.401871234187375],[20.124860038724965,40.402084791207],[20.12496949556054,40.40208659374526],[20.124981430583006,40.4020859983631]],[[20.124841801137443,40.401661821000324],[20.12482245836077,40.401566737135944],[20.124855828848197,40.401526946461836],[20.124872766827814,40.40146960999221],[20.124928016566468,40.40143221062975],[20.12498030901963,40.4013836863932],[20.124993511108457,40.40125220208422],[20.124999845169345,40.40120423914731],[20.123935742620947,40.40113504771514],[20.12390089367195,40.401198139052205],[20.123884721107732,40.401467437327085],[20.123871335164633,40.401588728759194],[20.123845893802812,40.401819254405204],[20.123698422643823,40.40232037511769],[20.12445903608285,40.40253345380986],[20.12471478971429,40.40217675509183],[20.12483361954374,40.401901892166386],[20.124841801137443,40.401661821000324]],[[20.123920085624274,40.404385656017304],[20.123983240005867,40.40430317193374],[20.124094951750884,40.40422267457516],[20.124104224001044,40.404219719887514],[20.124185771424695,40.40419373400919],[20.124252734542093,40.40408239243498],[20.12430694703386,40.40389396857669],[20.12439238147426,40.40373253538754],[20.12410097807828,40.40363357327568],[20.123798617656988,40.40354687679353],[20.123966389426634,40.403296463773266],[20.124067340641755,40.403159714042566],[20.123491676413284,40.4030224461466],[20.123469348256084,40.40318987214192],[20.123446379964218,40.40342279004957],[20.12339918932858,40.40360762182611],[20.123347261367908,40.403958910915115],[20.12334652568874,40.40396388770788],[20.12328250998247,40.40417251832314],[20.123233371855637,40.40433181762726],[20.123128734615786,40.40451260946806],[20.122973356166355,40.40463979811158],[20.123219987973247,40.404782279935205],[20.123316548211314,40.40482891877957],[20.12353754811403,40.40488571567753],[20.123573254053625,40.40486710731967],[20.123788949988203,40.40472133704524],[20.123907313953872,40.40456172511396],[20.123920085624274,40.404385656017304]]]},"properties":{"Zk_Numer":3067,"Zk_Emer":"PSAR","Nr_Pas":"139/41","Vol":2,"Faqe":141,"Pronaret":"SHTET","Kufizimet":"","Siperfaqe":71047}},
{"type":"Feature","geometry":{"type":"Polygon","coordinates":[[[20.12553601874115,40.407465612289705],[20.125688196006998,40.40728090848749],[20.125761424212744,40.40719186293796],[20.125823159484053,40.40709220354862],[20.125875021652895,40.40704170422417],[20.125853571059526,40.407193204766926],[20.125821330352498,40.40733802104278],[20.125702311863332,40.40757349754955],[20.12553601874115,40.407465612289705]]]},"properties":{"Zk_Numer":3067,"Zk_Emer":"PSAR","Nr_Pas":"201/21","Vol":2,"Faqe":156,"Pronaret":"ERVIST SUBASHI JAHO, JULJANA SUBASHI JAHO, LUMTURI SUBASHI MESTAN, LAVDIMIR SUBASHI JAHO, JAHO SUBASHI FEJZO, ELIDE SUBASHI JAHO, ENKELETA SUBASHI JAHO","Kufizimet":"PASURIA KUFIZOHET PER DIF.FAKT-DOK MBI 20% TE TOTALIT TE AMTP, KUFIZOHET DERI NE PLOTESIMIN E DOKUMENTACIONIT \r\nTEKNIKO LIGJOR (CERTIFIKATE E GJENDJES FAMILJARE AKTUALE)","Siperfaqe":616}},
{"type":"Feature","geometry":{"type":"Polygon","coordinates":[[[20.102251535294084,40.405502584902734],[20.10195401423623,40.40491820915042],[20.102165319877496,40.40474440265657],[20.102104579627426,40.40451375123984],[20.102624698077108,40.40456626745402],[20.1029127765197,40.405055772213395],[20.1026864656532,40.405385779123264],[20.102665734510566,40.405550493744954],[20.102251535294084,40.405502584902734]]]},"properties":{"Zk_Numer":3067,"Zk_Emer":"PSAR","Nr_Pas":"12","Vol":1,"Faqe":212,"Pronaret":"BASHKIA KELCYRE","Kufizimet":"","Siperfaqe":6100}},
{"type":"Feature","geometry":{"type":"Polygon","coordinates":[[[20.103554682176195,40.40516383869231],[20.103728071372597,40.404885546206145],[20.10419296554634,40.404837229605775],[20.10445980570973,40.4049289711405],[20.104063347764757,40.405604541573304],[20.103554682176195,40.40516383869231]]]},"properties":{"Zk_Numer":3067,"Zk_Emer":"PSAR","Nr_Pas":"17","Vol":1,"Faqe":211,"Pronaret":"BASHKIA KËLCYRË","Kufizimet":"","Siperfaqe":3700}},
{"type":"Feature","geometry":{"type":"Polygon","coordinates":[[[20.105869496493856,40.40480462883066],[20.105933671739713,40.404381238431064],[20.106567875561392,40.404108942764395],[20.106892879178577,40.404622044983434],[20.106600157915263,40.405143313995055],[20.105869496493856,40.40480462883066]]]},"properties":{"Zk_Numer":3067,"Zk_Emer":"PSAR","Nr_Pas":"19","Vol":1,"Faqe":201,"Pronaret":"BASHKIA KËLCYRË","Kufizimet":"","Siperfaqe":6200}},
{"type":"Feature","geometry":{"type":"Polygon","coordinates":[[[20.10714963860041,40.40438288227676],[20.10698557511803,40.4042251459126],[20.107140380120697,40.40408491662626],[20.107356767653663,40.403879591473704],[20.10783999564016,40.40381937705309],[20.108073068358866,40.4039989772913],[20.107559703068898,40.404183184688506],[20.10714963860041,40.40438288227676]]]},"properties":{"Zk_Numer":3067,"Zk_Emer":"PSAR","Nr_Pas":"20","Vol":2,"Faqe":166,"Pronaret":"BASHKIA KËLCYRË","Kufizimet":"","Siperfaqe":2700}},
{"type":"Feature","geometry":{"type":"Polygon","coordinates":[[[20.10527997763234,40.405396257979085],[20.1054422536136,40.4056138613315],[20.10493138127914,40.405949163371204],[20.104665002952995,40.40576164727032],[20.10438899674182,40.405362047644736],[20.104559269763843,40.4051751701853],[20.104905657573266,40.40494695520246],[20.10504565865832,40.40509465594001],[20.10527997763234,40.405396257979085]]]},"properties":{"Zk_Numer":3067,"Zk_Emer":"PSAR","Nr_Pas":"18","Vol":1,"Faqe":234,"Pronaret":"SKENDER LAZAJ FATLLI, EDMONDA LAZAJ FATLLI, ET'HEM LAZAJ FATLLI, FATLLI LAZAJ NEXHIP, FERUZE LAZAJ SADEDIN, ETLEVA LAZAJ FATLLI, SOSE LAZAJ FATLLI","Kufizimet":"KUFIZOHET DERI NE PLOTESIMIN E DOKUMENTACIONIT \r\nTEKNIKO LIGJOR (CERTIFIKATE E GJENDJES FAMILJARE AKTUALE)","Siperfaqe":5400}},
{"type":"Feature","geometry":{"type":"Polygon","coordinates":[[[20.10563523903203,40.40398951710008],[20.105306521336555,40.40419711949551],[20.105180047263396,40.40426690447292],[20.105089555309803,40.404261485259106],[20.104977082205068,40.40420715001812],[20.104839638520414,40.404173072407936],[20.1046397638624,40.40419039079588],[20.104423142617463,40.404229588112194],[20.104247321376505,40.40429583793255],[20.104075610556418,40.40436211933698],[20.1038163754949,40.4044247863292],[20.10373162337502,40.40445243304514],[20.103241062026072,40.404368252172034],[20.102917644357564,40.40425117112425],[20.10201674540061,40.404361215709],[20.102191192050274,40.40396867322637],[20.102337766435696,40.403621774997774],[20.102482069424546,40.40335233230133],[20.102866361930804,40.40349177056978],[20.10317858486223,40.403344913827944],[20.10370411926943,40.40299605079842],[20.104146641666873,40.40288990780874],[20.10447683883474,40.40290724330227],[20.10444802450333,40.403114024331686],[20.104591849569356,40.40292260674431],[20.1050041649648,40.40294362655988],[20.104869742820004,40.40346845882861],[20.104994960359278,40.40347348920237],[20.10511518518118,40.40293997120857],[20.105419895558562,40.40297735302613],[20.10527079456601,40.40315246730873],[20.105811888324688,40.403306172291636],[20.10563523903203,40.40398951710008]]]},"properties":{"Zk_Numer":3067,"Zk_Emer":"PSAR","Nr_Pas":"26","Vol":2,"Faqe":119,"Pronaret":"SHTET","Kufizimet":"MBI KËTË PASURI NDODHEN  PESË NDËRTESA TË PALIGJSHME","Siperfaqe":36988}},
{"type":"Feature","geometry":{"type":"Polygon","coordinates":[[[20.107359742773287,40.403322110623705],[20.107284907331433,40.40337212632009],[20.107018165836898,40.40366725093056],[20.106928176579377,40.40371475230189],[20.106649377133273,40.40372866382167],[20.10629624141981,40.403798220274496],[20.10597427613642,40.40389613129625],[20.105764313376227,40.40395122632957],[20.10614392589685,40.403417307781545],[20.10674715509012,40.403240549403485],[20.107134213362993,40.40317928177711],[20.107359742773287,40.403322110623705]]]},"properties":{"Zk_Numer":3067,"Zk_Emer":"PSAR","Nr_Pas":"21","Vol":2,"Faqe":118,"Pronaret":"SHTET","Kufizimet":"","Siperfaqe":5357}},
{"type":"Feature","geometry":{"type":"Polygon","coordinates":[[[20.107683544514554,40.40313817338412],[20.107140060447936,40.403096175133534],[20.106715635548564,40.40312824172487],[20.10697221866419,40.40244316299869],[20.106905088586092,40.40243206319716],[20.10665870296442,40.403150959200545],[20.106507371333112,40.40321134396438],[20.106565978088515,40.40315231250668],[20.10659981932416,40.4030609648599],[20.106625288164867,40.40302394650609],[20.10671728319374,40.402781008494365],[20.10679913014395,40.40263931136513],[20.106884943315247,40.402421072182534],[20.106939965634524,40.40236800552717],[20.10682870643784,40.40232437732913],[20.10676354536483,40.4023947439852],[20.10672217860512,40.402464521294355],[20.10668076764197,40.40255858664632],[20.106619118767252,40.40259299074413],[20.10655458518226,40.40262083240802],[20.106505314371727,40.4026984877868],[20.106390427371675,40.40281242392887],[20.106327829612216,40.4028878671155],[20.10624494486347,40.40301466064475],[20.106165905843383,40.403130121577256],[20.106115980502558,40.40322658100897],[20.105910867367477,40.4031959537422],[20.105926632923776,40.40298408865648],[20.105581368332476,40.40294340104545],[20.10562553778994,40.402612314039885],[20.105820227511366,40.40245613020533],[20.106215600526127,40.40244336347315],[20.10642062466002,40.402482599776555],[20.106435752435402,40.40224576130732],[20.106564333849338,40.40196766753883],[20.106592396945242,40.40184298658279],[20.10665387182616,40.40166648888401],[20.10681311764025,40.40179950867244],[20.10684394729205,40.40203737030027],[20.10674880930356,40.40232436181116],[20.106847721438562,40.402284307031984],[20.106920140917737,40.40207479343068],[20.106981050507592,40.40187283414494],[20.1073778039472,40.401978618185794],[20.107888459136248,40.402054340718685],[20.10786489853505,40.40215051650236],[20.10830160183535,40.40224235715461],[20.10812946774477,40.40289211065092],[20.10802301676794,40.40296585689057],[20.107683544514554,40.40313817338412]]]},"properties":{"Zk_Numer":3067,"Zk_Emer":"PSAR","Nr_Pas":"22/2","Vol":2,"Faqe":168,"Pronaret":"SHTET","Kufizimet":"","Siperfaqe":20485}},
{"type":"Feature","geometry":{"type":"Polygon","coordinates":[[[20.106715635548564,40.40312824172487],[20.10665870296442,40.403150959200545],[20.106905088586092,40.40243206319716],[20.10697221866419,40.40244316299869],[20.106715635548564,40.40312824172487]]]},"properties":{"Zk_Numer":3067,"Zk_Emer":"PSAR","Nr_Pas":"23","Vol":2,"Faqe":169,"Pronaret":"SHTET","Kufizimet":"","Siperfaqe":397}},
{"type":"Feature","geometry":{"type":"Polygon","coordinates":[[[20.106592396945242,40.40184298658279],[20.106564333849338,40.40196766753883],[20.106435752435402,40.40224576130732],[20.10642062466002,40.402482599776555],[20.106215600526127,40.40244336347315],[20.106279613821982,40.40215040994973],[20.106237104975605,40.40190738582215],[20.10647484379407,40.401663195477276],[20.10659103752948,40.40170087633961],[20.106592396945242,40.40184298658279]]]},"properties":{"Zk_Numer":3067,"Zk_Emer":"PSAR","Nr_Pas":"24","Vol":2,"Faqe":83,"Pronaret":"MACAN ZYBA RIZA, JETNOR ZYBA RIZA, EDMOND ZYBA RIZA, LIRI ZYBA RIZA, RIZA ZYBA MECAN, ELMAS ZYBA RIZA, ARBEN ZYBA RIZA","Kufizimet":"KUFIZOHET DERI NE PLOTESIMIN E DOKUMENTACIONIT \r\nTEKNIKO LIGJOR (CERTIFIKATE E GJENDJES FAMILJARE AKTUALE), PASURIA KUFIZOHET PER DIF.FAKT-DOK MBI 20% TE TOTALIT TE AMTP","Siperfaqe":1716}},
{"type":"Feature","geometry":{"type":"Polygon","coordinates":[[[20.105497330624644,40.4016482515228],[20.105499358184023,40.401636347591925],[20.10549153173129,40.401634881836614],[20.105576426573606,40.40123706658548],[20.105814593371985,40.40124145919736],[20.106045824492096,40.401468283456026],[20.1063885759402,40.40158741449797],[20.106130410430342,40.40192451105103],[20.10575208045134,40.40168280206772],[20.105497330624644,40.4016482515228]]]},"properties":{"Zk_Numer":3067,"Zk_Emer":"PSAR","Nr_Pas":"27","Vol":2,"Faqe":89,"Pronaret":"ALBANA JAUPI MYSLIM, PELLUMB JAUPI MYSLIM, MYSLIM JAUPI FIDAI, FATBARDHA JAUPI SADIK","Kufizimet":"PASURIA KUFIZOHET PER DIF.FAKT-DOK BRENDA 20% TE TOTALIT TE AMTP, KUFIZOHET DERI NE PLOTESIMIN E DOKUMENTACIONIT \r\nTEKNIKO LIGJOR (CERTIFIKATE E GJENDJES FAMILJARE AKTUALE)","Siperfaqe":2974}},
{"type":"Feature","geometry":{"type":"Polygon","coordinates":[[[20.10668705412856,40.4014666285743],[20.106633560991316,40.401495576791035],[20.106549384522754,40.401533838002784],[20.10643745950842,40.40149274960564],[20.106363297641312,40.401472366197446],[20.106214841886143,40.40140747343716],[20.106252177073266,40.40137338007036],[20.10636232182015,40.40131639062097],[20.10644825551031,40.401227183415095],[20.106566397320403,40.4012443112576],[20.10668705412856,40.4014666285743]]]},"properties":{"Zk_Numer":3067,"Zk_Emer":"PSAR","Nr_Pas":"92","Vol":2,"Faqe":137,"Pronaret":"RIZA ZYBA MECAN, LIRI ZYBA RIZA, EDMOND ZYBA RIZA, ELMAS ZYBA RIZA, MACAN ZYBA RIZA, ARBEN ZYBA RIZA, JETNOR ZYBA RIZA","Kufizimet":"PASURIA KUFIZOHET PER DIF.FAKT-DOK MBI 20% TE TOTALIT TE AMTP, KUFIZOHET DERI NE PLOTESIMIN E DOKUMENTACIONIT \r\nTEKNIKO LIGJOR (CERTIFIKATE E GJENDJES FAMILJARE AKTUALE)","Siperfaqe":763}},
{"type":"Feature","geometry":{"type":"Polygon","coordinates":[[[20.1084263652908,40.401538255918545],[20.108635367797035,40.401389400232866],[20.108944507513385,40.40116083156339],[20.10923662694462,40.40096815036126],[20.109702836166267,40.401072397540766],[20.10913747212357,40.40184855768061],[20.1085477257576,40.401862172885146],[20.1084263652908,40.401538255918545]]]},"properties":{"Zk_Numer":3067,"Zk_Emer":"PSAR","Nr_Pas":"93/1","Vol":2,"Faqe":167,"Pronaret":"SHTET","Kufizimet":"","Siperfaqe":6028}},
{"type":"Feature","geometry":{"type":"Polygon","coordinates":[[[20.107305892376047,40.40026183452439],[20.10713243831121,40.40043078690132],[20.107068204587804,40.40060433833875],[20.107078622654896,40.40078977655386],[20.106946183366237,40.401032040933586],[20.1067200055395,40.401254747261284],[20.106534953351993,40.40094298005173],[20.106615736713593,40.40074451664534],[20.10679131712919,40.400239095857735],[20.107305892376047,40.40026183452439]]]},"properties":{"Zk_Numer":3067,"Zk_Emer":"PSAR","Nr_Pas":"90/4","Vol":2,"Faqe":91,"Pronaret":"MBETE SALIAJ HAJDER, FIZE SALIAJ HEKURAN, ERMELINDË SALIAJ HEKURAN, HEKURAN SALIAJ SHEFQET, HERVIS SALIAJ HEKURAN","Kufizimet":"KUFIZOHET DERI NE PLOTESIMIN E DOKUMENTACIONIT \r\nTEKNIKO LIGJOR (CERTIFIKATE E GJENDJES FAMILJARE AKTUALE)","Siperfaqe":3632}},
{"type":"Feature","geometry":{"type":"Polygon","coordinates":[[[20.106195289743276,40.4012636955316],[20.106084869296893,40.400923463599206],[20.10641603209953,40.40083322141388],[20.106607588014786,40.40116559389852],[20.106195289743276,40.4012636955316]]]},"properties":{"Zk_Numer":3067,"Zk_Emer":"PSAR","Nr_Pas":"91","Vol":2,"Faqe":121,"Pronaret":"SHTET","Kufizimet":"","Siperfaqe":1312}},
{"type":"Feature","geometry":{"type":"Polygon","coordinates":[[[20.101999736531994,40.40300755260174],[20.10242447361329,40.40314761095354],[20.102263124992515,40.40342746383968],[20.101819887792235,40.403254504380065],[20.101902047046117,40.40317016841928],[20.102020889734128,40.40310771386454],[20.101999736531994,40.40300755260174]]]},"properties":{"Zk_Numer":3067,"Zk_Emer":"PSAR","Nr_Pas":"39","Vol":2,"Faqe":170,"Pronaret":"SHTET","Kufizimet":"","Siperfaqe":1243}},
{"type":"Feature","geometry":{"type":"Polygon","coordinates":[[[20.10251259932636,40.402894066255726],[20.102823828051505,40.40259298868517],[20.103040674691787,40.402278878676825],[20.10349271110192,40.40243841415085],[20.103604528980775,40.40256728283765],[20.103558285766248,40.40281716471685],[20.10323069563362,40.4030483265902],[20.102880748708433,40.40301312024136],[20.10251259932636,40.402894066255726]]]},"properties":{"Zk_Numer":3067,"Zk_Emer":"PSAR","Nr_Pas":"37","Vol":2,"Faqe":123,"Pronaret":"SHTET","Kufizimet":"","Siperfaqe":4761}},
{"type":"Feature","geometry":{"type":"Polygon","coordinates":[[[20.103656807456197,40.40265948249816],[20.103651485169017,40.40249299167131],[20.10392996904326,40.40236367527115],[20.103922814915066,40.40276041455899],[20.10386230166679,40.402828869069786],[20.10360474817634,40.402917712509584],[20.103656807456197,40.40265948249816]]]},"properties":{"Zk_Numer":3067,"Zk_Emer":"PSAR","Nr_Pas":"36","Vol":2,"Faqe":122,"Pronaret":"SHTET","Kufizimet":"","Siperfaqe":1129}},
{"type":"Feature","geometry":{"type":"Polygon","coordinates":[[[20.105445150249032,40.402133723575915],[20.105739842084244,40.40219981790482],[20.105503653564515,40.40252274207934],[20.105445150249032,40.402133723575915]]]},"properties":{"Zk_Numer":3067,"Zk_Emer":"PSAR","Nr_Pas":"25","Vol":2,"Faqe":120,"Pronaret":"SHTET","Kufizimet":"","Siperfaqe":522}},
{"type":"Feature","geometry":{"type":"Polygon","coordinates":[[[20.105497330624644,40.4016482515228],[20.105482234214016,40.4017368833829],[20.105526588290658,40.40180687022224],[20.105508198409854,40.40184353967128],[20.105415731470302,40.40183877900955],[20.105338703224433,40.40183105938924],[20.105223536855235,40.40187180638165],[20.105087143556748,40.40189765932947],[20.104961541448446,40.40186348020145],[20.104914175190235,40.40182570880106],[20.10483925429859,40.40181536529919],[20.104909788978812,40.40173957450783],[20.10499197731959,40.40157335615478],[20.1049219516367,40.40158406429949],[20.104910637977838,40.40162630168168],[20.104846611880774,40.40170017840894],[20.104734953461772,40.401800965545895],[20.10465424590203,40.40178982300704],[20.104523773805386,40.40173694324216],[20.10447298424748,40.40170955817637],[20.10436791058234,40.40164969397912],[20.104476624400537,40.40154888364891],[20.10466516846879,40.401393839192174],[20.10459868679026,40.40137549189733],[20.104424483513935,40.40150843618297],[20.10430492871644,40.40162709192772],[20.104145480151274,40.40156987103464],[20.104085243946788,40.40151216354578],[20.10406781454168,40.40137744689879],[20.10399934111769,40.40132515011851],[20.1041288519376,40.40129773768028],[20.10424677532212,40.40126520236889],[20.10435384509413,40.401241486712436],[20.10443501373845,40.40119601381943],[20.104631009097837,40.40123742436113],[20.10470324140585,40.40133583488997],[20.10477758657038,40.401368493789704],[20.10510437561887,40.40133602031199],[20.105129980106128,40.40135207203231],[20.105132847461768,40.401598719628936],[20.105201811365955,40.40161223160006],[20.105216785711377,40.401522909738915],[20.10523654323296,40.40141887742543],[20.1053019363788,40.401413873834656],[20.10538169733852,40.40140667776563],[20.105426818607587,40.40144008332265],[20.105437087305695,40.4015739327517],[20.10541317594244,40.40162020715907],[20.10549153173129,40.401634881836614],[20.105499358184023,40.401636347591925],[20.105497330624644,40.4016482515228]]]},"properties":{"Zk_Numer":3067,"Zk_Emer":"PSAR","Nr_Pas":"31","Vol":2,"Faqe":136,"Pronaret":"ERVIST SUBASHI JAHO, JULJANA SUBASHI JAHO, ENKELETA SUBASHI JAHO, ELIDE SUBASHI JAHO, LAVDIMIR SUBASHI JAHO, LUMTURI SUBASHI MESTAN, JAHO SUBASHI FEJZO","Kufizimet":"KUFIZOHET DERI NE PLOTESIMIN E DOKUMENTACIONIT \r\nTEKNIKO LIGJOR (CERTIFIKATE E GJENDJES FAMILJARE AKTUALE), PASURIA KUFIZOHET PER DIF.FAKT-DOK MBI 20% TE TOTALIT TE AMTP","Siperfaqe":5297}},
{"type":"Feature","geometry":{"type":"Polygon","coordinates":[[[20.10487173561554,40.39987266509288],[20.10492695667378,40.39990125331372],[20.10495027489001,40.39980139298846],[20.10508447786495,40.399792371658776],[20.105153006522663,40.39988227352301],[20.10524834297092,40.399982925040575],[20.105359381774974,40.40009901552055],[20.105424853965136,40.40012739949367],[20.10555348364887,40.400147106736796],[20.105695625130256,40.40015042452085],[20.105867908467093,40.40015444562394],[20.106017264882944,40.400140624970646],[20.10562229388757,40.40029881134046],[20.105014378481165,40.400342281579256],[20.10493191373987,40.40033145981416],[20.105021494217112,40.40031023662877],[20.10492462310746,40.40005556695432],[20.10487173561554,40.39987266509288]]]},"properties":{"Zk_Numer":3067,"Zk_Emer":"PSAR","Nr_Pas":"82/7","Vol":2,"Faqe":194,"Pronaret":"SHTET","Kufizimet":"","Siperfaqe":2375}},
{"type":"Feature","geometry":{"type":"Polygon","coordinates":[[[20.105257150508255,40.397564774830045],[20.105309590454475,40.39760931099552],[20.105325227784416,40.397681192717414],[20.105233685877295,40.39788156376044],[20.105036732413186,40.39797823179353],[20.104868511355818,40.398029966760056],[20.10480161470649,40.39802264650932],[20.104906635401097,40.39796725361101],[20.104996822612357,40.397853889743104],[20.105138738812713,40.397664696087084],[20.1052044091487,40.3975979410626],[20.105238241151184,40.3975693445898],[20.10525377029233,40.39756282674824],[20.105257150508255,40.397564774830045]]]},"properties":{"Zk_Numer":3067,"Zk_Emer":"PSAR","Nr_Pas":"98/1","Vol":1,"Faqe":191,"Pronaret":"SHTET","Kufizimet":"KJO PASURI OKUPOHET NGA RAMIZ SEFEDIN ADEMI","Siperfaqe":802}},
{"type":"Feature","geometry":{"type":"Polygon","coordinates":[[[20.105443483917632,40.39828361886333],[20.105302608660093,40.39817369266257],[20.105183728576748,40.39814600877367],[20.105001604771658,40.39804430124207],[20.104762336143942,40.39805331661568],[20.10480161470649,40.39802264650932],[20.104868511355818,40.398029966760056],[20.105036732413186,40.39797823179353],[20.105233685877295,40.39788156376044],[20.105325227784416,40.397681192717414],[20.105309590454475,40.39760931099552],[20.105257150508255,40.397564774830045],[20.105299346869064,40.397589093365994],[20.10537446141101,40.39766382532428],[20.10545573090776,40.397787653890504],[20.105528643216708,40.39789874835347],[20.10559733649504,40.39800341401769],[20.105643244559158,40.398073100578316],[20.105686334571068,40.398138509302804],[20.105705503553978,40.39821203006055],[20.105697844089427,40.39827344973251],[20.10566196488465,40.398322504928856],[20.105616377158995,40.39838483380629],[20.105597269414837,40.39843276630544],[20.10559736349205,40.39844394595241],[20.105471364967958,40.39845999760747],[20.105443483917632,40.39828361886333]]]},"properties":{"Zk_Numer":3067,"Zk_Emer":"PSAR","Nr_Pas":"98/2","Vol":2,"Faqe":188,"Pronaret":"SHTET","Kufizimet":"","Siperfaqe":2451}},
{"type":"Feature","geometry":{"type":"Polygon","coordinates":[[[20.10825320921595,40.40216705297794],[20.108364533774314,40.40201879180133],[20.108387698784842,40.40228032083812],[20.10825320921595,40.40216705297794]]]},"properties":{"Zk_Numer":3067,"Zk_Emer":"PSAR","Nr_Pas":"95","Vol":2,"Faqe":117,"Pronaret":"SHTET","Kufizimet":"","Siperfaqe":153}},
{"type":"Feature","geometry":{"type":"Polygon","coordinates":[[[20.108419096247985,40.40223731298744],[20.10838934727807,40.401922817792055],[20.108618989361478,40.401935017709974],[20.108419096247985,40.40223731298744]]]},"properties":{"Zk_Numer":3067,"Zk_Emer":"PSAR","Nr_Pas":"94","Vol":2,"Faqe":173,"Pronaret":"SHTET","Kufizimet":"","Siperfaqe":339}},
{"type":"Feature","geometry":{"type":"Polygon","coordinates":[[[20.108704147328325,40.402585587610375],[20.108544382019033,40.40254685348597],[20.10860481591589,40.402393112412476],[20.10874880362983,40.402447296590175],[20.1088022594107,40.402267064727205],[20.10866497340125,40.40226929333115],[20.108658018548695,40.402055221979126],[20.108912098470995,40.40202835791082],[20.10905714410558,40.402282722962596],[20.108981418056704,40.402495479970185],[20.108838305435032,40.40253037901227],[20.108704147328325,40.402585587610375]],[[20.108682595087245,40.402215336181435],[20.108758162088407,40.402227780838196],[20.108791862926978,40.402087251836925],[20.10876936624169,40.40205869615182],[20.108740136533605,40.40206070198092],[20.108719470715506,40.40211881469956],[20.108682595087245,40.402215336181435]]]},"properties":{"Zk_Numer":3067,"Zk_Emer":"PSAR","Nr_Pas":"96/1","Vol":2,"Faqe":174,"Pronaret":"SHTET","Kufizimet":"","Siperfaqe":1455}},
{"type":"Feature","geometry":{"type":"Polygon","coordinates":[[[20.112820823654847,40.40119477118155],[20.112608887095234,40.401317322744255],[20.112550969388387,40.401257311177226],[20.11276203724415,40.401124343534654],[20.112820823654847,40.40119477118155]]]},"properties":{"Zk_Numer":3067,"Zk_Emer":"PSAR","Nr_Pas":"150","Vol":2,"Faqe":13,"Pronaret":"DILAVERE SUBASHI HAKI, ISUF SUBASHI FEJZO, FEJZO SUBASHI ISUF, GRAMOS SUBASHI ISUF","Kufizimet":"","Siperfaqe":200}},
{"type":"Feature","geometry":{"type":"Polygon","coordinates":[[[20.114281580834874,40.40177695766521],[20.113729142827104,40.40168837736046],[20.11315864537819,40.40141508567511],[20.112884175696397,40.4017508316863],[20.1128645574752,40.40174001124078],[20.112823565184307,40.40171740188813],[20.112741270122307,40.40169375656693],[20.11269291459861,40.40167986284415],[20.112578109281124,40.40166539083908],[20.112504922094754,40.40165616502481],[20.112433304650114,40.40165076639611],[20.112338565820252,40.40164957734361],[20.112274622408474,40.401648774755785],[20.112206351306884,40.40165517997896],[20.112124657487797,40.40168440535574],[20.112082368738207,40.40171423315993],[20.111781635899405,40.40155672645873],[20.111329367522035,40.40191316782276],[20.11131022830812,40.40213190412538],[20.111257126616966,40.40212717505983],[20.111195811640254,40.40212168758082],[20.111134895096914,40.4021178976971],[20.11112552993443,40.40211755269848],[20.111071542771793,40.402071393615685],[20.11105483783508,40.40204975772453],[20.111048673681235,40.40202375102246],[20.111050842555663,40.401991058752074],[20.11109745725861,40.40195492749091],[20.111164188578815,40.40192175800887],[20.11118658259871,40.40190657036959],[20.111210813045897,40.40187141720381],[20.111178816468286,40.401783332524815],[20.11111765036474,40.401735588372006],[20.11099415635722,40.40168887196772],[20.110927956162787,40.401640961624665],[20.110835540518593,40.40156234788413],[20.110732484079303,40.40144555097823],[20.110660689742062,40.40137429571151],[20.11062925873783,40.401357288564846],[20.11056730099917,40.401334181314795],[20.110566225624225,40.401328933385365],[20.11054161881479,40.40125836970923],[20.110497842865083,40.40121011306295],[20.110419584810163,40.40112076924861],[20.11033655858481,40.401039210237435],[20.110281810163624,40.401000753256945],[20.11019628443691,40.40098142968084],[20.110125345102706,40.4009855340794],[20.109981080725085,40.400987133434775],[20.109857401668773,40.40094908009434],[20.109746092875177,40.4009371130597],[20.10959514121022,40.40092088376133],[20.109585857372434,40.400919885619416],[20.10958326877746,40.40087129451718],[20.109535007749297,40.40081969633924],[20.109513713847658,40.40075854153501],[20.109494452523066,40.40067270877318],[20.109472949655622,40.40062202412271],[20.10948115659993,40.400575095726154],[20.109470997351217,40.40050301499624],[20.109438856371764,40.40046989937695],[20.10941979508839,40.40043013126569],[20.10941347625979,40.400421807338745],[20.109479774689028,40.400408453181825],[20.10962758794898,40.400425747168754],[20.109751632034186,40.40046440768976],[20.109864087321682,40.40049219947909],[20.110068861419066,40.400466849956764],[20.110177740240605,40.40040844194319],[20.110313083534862,40.40036459197043],[20.110413843546322,40.40038690804159],[20.110490184793267,40.400479061575844],[20.110573475060086,40.40057844576309],[20.11069000423246,40.40065295170224],[20.110832327603617,40.40073124002389],[20.110975454151504,40.40074850525031],[20.11112831038659,40.40074070223286],[20.111321892577646,40.400745054066384],[20.111460420170093,40.40079496367227],[20.1116586427965,40.400882703907016],[20.111788587058157,40.40101301876409],[20.111809378846736,40.401148240376635],[20.111807414830363,40.40129765966639],[20.11186262371246,40.40139004617446],[20.112076595108174,40.4014232983749],[20.112426973768244,40.401382889277336],[20.112502385639015,40.40123002867754],[20.112760620204654,40.4010885175556],[20.11298222931453,40.401161089930966],[20.11320383889954,40.40123366188006],[20.11333793288629,40.401335270831844],[20.113528875642746,40.401452066252695],[20.11364354714261,40.40150691435744],[20.11377734707506,40.40154032320916],[20.11387089027178,40.40156255843862],[20.113964433529905,40.40158479359227],[20.114272889420967,40.401718688894675],[20.11433761200594,40.40175505293382],[20.114415161803137,40.40180944479583],[20.114437866863618,40.401867405887366],[20.11450453738129,40.40195559239304],[20.114574504184525,40.401990006287825],[20.11466811369417,40.4020126421176],[20.114740773759614,40.40204109699948],[20.114818442895327,40.402085529613714],[20.1148910509697,40.40211796435716],[20.11454934504851,40.40200825988075],[20.114281580834874,40.40177695766521]],[[20.112820823654847,40.40119477118155],[20.11276203724415,40.401124343534654],[20.112550969388387,40.401257311177226],[20.112608887095234,40.401317322744255],[20.112820823654847,40.40119477118155]],[[20.111347562235327,40.40135036803469],[20.111418950142376,40.40153179743602],[20.111434290309912,40.40175901246019],[20.111761291717954,40.401482856572464],[20.111600008923357,40.401261486764035],[20.111719368280422,40.401169724535556],[20.111666295693723,40.40099381916203],[20.11142877397935,40.4008806486989],[20.111240934209274,40.40089772608312],[20.11107932768718,40.400815613968575],[20.110962918233763,40.40082921106189],[20.110814506785612,40.4008467576683],[20.110702443574382,40.400766093425624],[20.11053843424203,40.4006545580136],[20.110415854962373,40.400810754215016],[20.11051971453511,40.40090942211899],[20.110636413759998,40.40099103224358],[20.110726950348536,40.401049186372695],[20.110694958156444,40.401086362533086],[20.110647266140763,40.40112414909707],[20.110787832534502,40.40130532826328],[20.110963043818398,40.401457561543175],[20.111227469624158,40.40174113182427],[20.111382902553483,40.401715202535215],[20.111374172959895,40.40152817665643],[20.111229105599723,40.40127868794224],[20.111183802715555,40.401037239063136],[20.111285788632586,40.4012104460561],[20.111347562235327,40.40135036803469]],[[20.11026479076918,40.40057647900465],[20.110369802914818,40.4004257153818],[20.110260267301555,40.40038239124836],[20.11015368024013,40.40053508908085],[20.11026479076918,40.40057647900465]],[[20.109978646494675,40.4007833424211],[20.10968431599518,40.400531914045594],[20.10956466002925,40.400619250839746],[20.109750251200733,40.40078213742353],[20.109918847656168,40.40085206119766],[20.109978646494675,40.4007833424211]]]},"properties":{"Zk_Numer":3067,"Zk_Emer":"PSAR","Nr_Pas":"140","Vol":2,"Faqe":163,"Pronaret":"SHTET","Kufizimet":"","Siperfaqe":15479}},
{"type":"Feature","geometry":{"type":"Polygon","coordinates":[[[20.111537640947677,40.39966596531884],[20.111731327564268,40.399480467172786],[20.111960872601372,40.39943069754804],[20.112300591876963,40.39902779383729],[20.112336502556673,40.39896920422771],[20.112430353214588,40.399002826293604],[20.11229121931991,40.399241291091016],[20.1120643835016,40.399524618379786],[20.11172866232669,40.39963040519183],[20.111537640947677,40.39966596531884]]]},"properties":{"Zk_Numer":3067,"Zk_Emer":"PSAR","Nr_Pas":"155/2","Vol":2,"Faqe":175,"Pronaret":"SHTET","Kufizimet":"","Siperfaqe":1220}},
{"type":"Feature","geometry":{"type":"Polygon","coordinates":[[[20.111537640947677,40.39966596531884],[20.111461869996685,40.39973853254209],[20.111374954500494,40.39961706688791],[20.111385627867595,40.39953654177555],[20.111782526235846,40.39940196738671],[20.11224450416609,40.39893624563126],[20.112336502556673,40.39896920422771],[20.112300591876963,40.39902779383729],[20.111960872601372,40.39943069754804],[20.111731327564268,40.399480467172786],[20.111537640947677,40.39966596531884]]]},"properties":{"Zk_Numer":3067,"Zk_Emer":"PSAR","Nr_Pas":"156","Vol":2,"Faqe":176,"Pronaret":"SHTET","Kufizimet":"","Siperfaqe":1314}},
{"type":"Feature","geometry":{"type":"Polygon","coordinates":[[[20.111782526235846,40.39940196738671],[20.112099762523023,40.39888439145165],[20.11224450416609,40.39893624563126],[20.111782526235846,40.39940196738671]]]},"properties":{"Zk_Numer":3067,"Zk_Emer":"PSAR","Nr_Pas":"157","Vol":2,"Faqe":200,"Pronaret":"SHTET","Kufizimet":"","Siperfaqe":431}},
{"type":"Feature","geometry":{"type":"Polygon","coordinates":[[[20.11120718974874,40.39945206973086],[20.111698732032764,40.39937314555255],[20.11181448988578,40.39878219080627],[20.112099762523023,40.39888439145165],[20.111782526235846,40.39940196738671],[20.111385627867595,40.39953654177555],[20.11120718974874,40.39945206973086]]]},"properties":{"Zk_Numer":3067,"Zk_Emer":"PSAR","Nr_Pas":"158","Vol":2,"Faqe":177,"Pronaret":"SHTET","Kufizimet":"","Siperfaqe":1467}},
{"type":"Feature","geometry":{"type":"Polygon","coordinates":[[[20.110918742531272,40.39931551869225],[20.111261190693636,40.39929868127615],[20.111548660492126,40.39931602031555],[20.11143607656201,40.39914771831436],[20.111537915670205,40.39905766696158],[20.111690710179346,40.398737845662914],[20.11181448988578,40.39878219080627],[20.111698732032764,40.39937314555255],[20.11120718974874,40.39945206973086],[20.110918742531272,40.39931551869225]]]},"properties":{"Zk_Numer":3067,"Zk_Emer":"PSAR","Nr_Pas":"159","Vol":2,"Faqe":178,"Pronaret":"SHTET","Kufizimet":"","Siperfaqe":1791}},
{"type":"Feature","geometry":{"type":"Polygon","coordinates":[[[20.110953124799433,40.398902864709214],[20.111093410404532,40.39884464584406],[20.111127532718037,40.398589399524326],[20.11114079085168,40.39859172040393],[20.111302800102628,40.39893033032261],[20.111232940028234,40.39903906778689],[20.1113189786102,40.399088454369526],[20.111364380169785,40.398948923343646],[20.111315309171662,40.398622270249255],[20.11141855761792,40.398640343997236],[20.111690710179346,40.398737845662914],[20.111537915670205,40.39905766696158],[20.11143607656201,40.39914771831436],[20.111548660492126,40.39931602031555],[20.111261190693636,40.39929868127615],[20.110918742531272,40.39931551869225],[20.1107555191732,40.399134572745304],[20.11132016633466,40.399156739859095],[20.110731138219954,40.399093306411196],[20.110750753054038,40.39898684899542],[20.110953124799433,40.398902864709214]]]},"properties":{"Zk_Numer":3067,"Zk_Emer":"PSAR","Nr_Pas":"160","Vol":2,"Faqe":179,"Pronaret":"SHTET","Kufizimet":"","Siperfaqe":3554}},
{"type":"Feature","geometry":{"type":"Polygon","coordinates":[[[20.111302800102628,40.39893033032261],[20.11114079085168,40.39859172040393],[20.111315309171662,40.398622270249255],[20.111364380169785,40.398948923343646],[20.1113189786102,40.399088454369526],[20.111232940028234,40.39903906778689],[20.111302800102628,40.39893033032261]]]},"properties":{"Zk_Numer":3067,"Zk_Emer":"PSAR","Nr_Pas":"161","Vol":2,"Faqe":180,"Pronaret":"SHTET","Kufizimet":"","Siperfaqe":451}},
{"type":"Feature","geometry":{"type":"Polygon","coordinates":[[[20.110953124799433,40.398902864709214],[20.11105101638705,40.39857600505776],[20.111127532718037,40.398589399524326],[20.111093410404532,40.39884464584406],[20.110953124799433,40.398902864709214]]]},"properties":{"Zk_Numer":3067,"Zk_Emer":"PSAR","Nr_Pas":"162","Vol":2,"Faqe":181,"Pronaret":"SHTET","Kufizimet":"","Siperfaqe":283}},
{"type":"Feature","geometry":{"type":"Polygon","coordinates":[[[20.110750753054038,40.39898684899542],[20.110592273214664,40.39879229731118],[20.110734269929726,40.39872468834423],[20.11067206239015,40.3986312974121],[20.1109393378659,40.39855645521935],[20.11105101638705,40.39857600505776],[20.110953124799433,40.398902864709214],[20.110750753054038,40.39898684899542]]]},"properties":{"Zk_Numer":3067,"Zk_Emer":"PSAR","Nr_Pas":"163","Vol":2,"Faqe":182,"Pronaret":"SHTET","Kufizimet":"","Siperfaqe":1104}},
{"type":"Feature","geometry":{"type":"Polygon","coordinates":[[[20.112816593076168,40.39909371944535],[20.112744239449853,40.39921311055765],[20.112576035013536,40.39933144318303],[20.112209341879577,40.39963413603674],[20.112092385680853,40.39969607188467],[20.112046391419003,40.399733973597066],[20.1119036971963,40.399765874134026],[20.111727387917107,40.39977548332031],[20.111601549690874,40.39976815796112],[20.111513469843025,40.399822729491426],[20.111481484673664,40.399867720080024],[20.111248576953002,40.40020880945755],[20.11118071155193,40.40027550107567],[20.111121331774136,40.40029639005681],[20.110837759729364,40.4002847882632],[20.11066403783593,40.400256895963345],[20.11048313449379,40.40023800216654],[20.110307075440463,40.4002605176441],[20.11015945512874,40.400318898046535],[20.110088779357763,40.40035536074958],[20.110033488084962,40.40038547821669],[20.1099554773455,40.40039409041537],[20.10984897753236,40.400375864223356],[20.10967002729368,40.40032786283859],[20.10954329554843,40.40032086251722],[20.1093913667822,40.400344378012626],[20.10936692243541,40.40035798022798],[20.10935886594036,40.4003902353214],[20.10936656911618,40.40043125558101],[20.10935959036667,40.40043266126945],[20.10928166526374,40.400460787937114],[20.10925647254301,40.40048379156507],[20.10908667328964,40.40049285737494],[20.108688093502135,40.400425451237396],[20.10840420669807,40.40033854921677],[20.109246849292802,40.40032937212214],[20.109505189237854,40.400217328973326],[20.110001989401717,40.399751342777115],[20.11012226519177,40.3993674450772],[20.11033673445149,40.39916211935502],[20.11021060595194,40.399043683090824],[20.11042606151061,40.39887143537896],[20.110592273214664,40.39879229731118],[20.110750753054038,40.39898684899542],[20.110731138219954,40.399093306411196],[20.11132016633466,40.399156739859095],[20.1107555191732,40.399134572745304],[20.110918742531272,40.39931551869225],[20.11120718974874,40.39945206973086],[20.111385627867595,40.39953654177555],[20.111374954500494,40.39961706688791],[20.111461869996685,40.39973853254209],[20.111537640947677,40.39966596531884],[20.11172866232669,40.39963040519183],[20.11180520115195,40.399700045555306],[20.112148706768338,40.39963769210089],[20.112610076742804,40.399277674286964],[20.112723200967807,40.399190219010855],[20.11276574354146,40.39908172341169],[20.112816593076168,40.39909371944535]]]},"properties":{"Zk_Numer":3067,"Zk_Emer":"PSAR","Nr_Pas":"164","Vol":2,"Faqe":162,"Pronaret":"SHTET","Kufizimet":"","Siperfaqe":17741}},
{"type":"Feature","geometry":{"type":"Polygon","coordinates":[[[20.106239942806447,40.39969803235948],[20.105494444859332,40.3997678842902],[20.10514527664061,40.39973112037461],[20.10514509262791,40.399730456607394],[20.105151351739963,40.39967099037317],[20.105202556184505,40.39959367970946],[20.105323572785224,40.39944816056824],[20.105491297431875,40.39921598089832],[20.105575675785587,40.39911202760032],[20.105649890521935,40.39900122786143],[20.1056841702103,40.39890677164204],[20.105704873629154,40.39878420637531],[20.105701932294913,40.39870189325102],[20.105692413529205,40.39864796560013],[20.105668921458452,40.39858859666425],[20.10565277428102,40.398535642889776],[20.105652126919303,40.398485610943645],[20.10565434653816,40.398448628291455],[20.10565983225516,40.39843431342997],[20.105800515517483,40.39844386345257],[20.106070591477092,40.39858113097444],[20.106252723596736,40.39895707020642],[20.10667455865689,40.39893484166355],[20.10690614018723,40.398936734620584],[20.10711869083466,40.399049760698844],[20.107324275907935,40.398745181148634],[20.106874554278544,40.3984902033492],[20.106362623061298,40.39819353352724],[20.10595168911888,40.39750382696414],[20.105335218910426,40.39755650946421],[20.105241741101036,40.39748353124034],[20.105145534321352,40.39743115436897],[20.10499611157023,40.39736872793928],[20.104916759919195,40.39732794371645],[20.104878264760767,40.39728417764754],[20.10480817657607,40.39722062722149],[20.104744080273235,40.397162509617715],[20.104643642973453,40.39713895520427],[20.104803874641956,40.39712744422316],[20.105221598393737,40.397026450122446],[20.105409094816316,40.39696205406215],[20.105533061694707,40.39695204470079],[20.10573029348788,40.39721506560315],[20.1061854122015,40.39760207558027],[20.106671007201733,40.397912238246214],[20.10724490973094,40.398360924741446],[20.107501470633256,40.39829119276915],[20.107517322611276,40.398114081088295],[20.10689330792533,40.397541305376485],[20.10658697304337,40.397328411931305],[20.10644147418011,40.396910099933],[20.106244774867122,40.396595138127104],[20.10636354605921,40.396571363584],[20.10651315995993,40.39665756623574],[20.106603208674052,40.39690514323312],[20.106726800840466,40.39724293355995],[20.10682566682722,40.39738672902512],[20.107016896853832,40.39748722428201],[20.107208127448708,40.39758771922016],[20.107511712035777,40.39776610828831],[20.107714910401857,40.39801209031864],[20.10777463712705,40.39828535868868],[20.10769006893389,40.39858390807528],[20.107681637335173,40.39878624675653],[20.107662512195425,40.39892689744952],[20.107550517514653,40.39912404214983],[20.10745021546853,40.39930805718033],[20.107413450971375,40.399474984264735],[20.10743451261161,40.39962475235796],[20.107576775376703,40.39976069631633],[20.107772099698636,40.399872852285725],[20.108017126117158,40.40001227229101],[20.108205029811774,40.400174502927825],[20.10840420669807,40.40033854921677],[20.108688093502135,40.400425451237396],[20.10908667328964,40.40049285737494],[20.10925647254301,40.40048379156507],[20.10928166526374,40.400460787937114],[20.10935959036667,40.40043266126945],[20.10936656911618,40.40043125558101],[20.109372372496573,40.400462159187114],[20.10940275533331,40.400482779406325],[20.109412142283876,40.40051832951603],[20.109416543508463,40.40056053222159],[20.10942326205261,40.40063660474068],[20.10945239675848,40.40068078570281],[20.109457949519868,40.40070830084444],[20.109469508660794,40.400768911814275],[20.109482004032852,40.40080613691335],[20.109505900133716,40.40084145953115],[20.109531719486974,40.40086988433843],[20.10952904307039,40.40091377727347],[20.10951241225087,40.40091198921822],[20.109338934836508,40.40086800832231],[20.10924141117577,40.40084328347722],[20.109078953132492,40.400795667681116],[20.108880123960066,40.40072070684047],[20.10869065219977,40.40064790372563],[20.10837197610149,40.40054990651866],[20.10828949131771,40.40051953988075],[20.108257036939523,40.4004846487687],[20.108229469348682,40.40042903556212],[20.108192955207752,40.40036345790312],[20.10817048496134,40.40032656387091],[20.108146154984105,40.400309437551904],[20.108061125451474,40.400290718911755],[20.107975063226217,40.4002859772242],[20.10789705787677,40.40028466243469],[20.10780468232967,40.40025176089156],[20.107728448328615,40.40020383383562],[20.107616262860077,40.400167905351466],[20.107427470374443,40.40010384324483],[20.10729192031518,40.40007473343908],[20.107227323427963,40.40006086098757],[20.10749994877865,40.400107637260334],[20.107491616215828,40.39985423138918],[20.10678827441467,40.39968829640369],[20.106239942806447,40.39969803235948]]]},"properties":{"Zk_Numer":3067,"Zk_Emer":"PSAR","Nr_Pas":"97","Vol":2,"Faqe":57,"Pronaret":"SHTET","Kufizimet":"","Siperfaqe":38138}},
{"type":"Feature","geometry":{"type":"Polygon","coordinates":[[[20.106671007201733,40.397912238246214],[20.1061854122015,40.39760207558027],[20.10573029348788,40.39721506560315],[20.105533061694707,40.39695204470079],[20.1055492028002,40.39695074142205],[20.105649426772846,40.39695382047028],[20.105733979510358,40.39697595893478],[20.10586662657955,40.39700814263737],[20.105961266745066,40.397023901409135],[20.106128698681125,40.39702354723859],[20.106202897008334,40.397022229790146],[20.10626821819693,40.397004074058515],[20.10644147418011,40.396910099933],[20.10658697304337,40.397328411931305],[20.10689330792533,40.397541305376485],[20.106893688225373,40.39778177696465],[20.106671007201733,40.397912238246214]]]},"properties":{"Zk_Numer":3067,"Zk_Emer":"PSAR","Nr_Pas":"104/2","Vol":2,"Faqe":184,"Pronaret":"SHTET","Kufizimet":"","Siperfaqe":5815}},
{"type":"Feature","geometry":{"type":"Polygon","coordinates":[[[20.106893688225373,40.39778177696465],[20.107501470633256,40.39829119276915],[20.10724490973094,40.398360924741446],[20.106671007201733,40.397912238246214],[20.106893688225373,40.39778177696465]]]},"properties":{"Zk_Numer":3067,"Zk_Emer":"PSAR","Nr_Pas":"99","Vol":2,"Faqe":185,"Pronaret":"SHTET","Kufizimet":"","Siperfaqe":1640}},
{"type":"Feature","geometry":{"type":"Polygon","coordinates":[[[20.107501470633256,40.39829119276915],[20.106893688225373,40.39778177696465],[20.10689330792533,40.397541305376485],[20.107517322611276,40.398114081088295],[20.107501470633256,40.39829119276915]]]},"properties":{"Zk_Numer":3067,"Zk_Emer":"PSAR","Nr_Pas":"103","Vol":2,"Faqe":186,"Pronaret":"SHTET","Kufizimet":"","Siperfaqe":1252}},
{"type":"Feature","geometry":{"type":"Polygon","coordinates":[[[20.106244774867122,40.396595138127104],[20.10644147418011,40.396910099933],[20.10626821819693,40.397004074058515],[20.106202897008334,40.397022229790146],[20.106128698681125,40.39702354723859],[20.105961266745066,40.397023901409135],[20.10586662657955,40.39700814263737],[20.105733979510358,40.39697595893478],[20.105649426772846,40.39695382047028],[20.1055492028002,40.39695074142205],[20.10565702853611,40.39694203520655],[20.10583326333543,40.396915968080364],[20.10615783725175,40.39665481976827],[20.106244774867122,40.396595138127104]]]},"properties":{"Zk_Numer":3067,"Zk_Emer":"PSAR","Nr_Pas":"104/1","Vol":2,"Faqe":116,"Pronaret":"SHTET","Kufizimet":"","Siperfaqe":1518}},
{"type":"Feature","geometry":{"type":"Polygon","coordinates":[[[20.107305892376047,40.40026183452439],[20.10758454296006,40.400263477825575],[20.107666410226656,40.40030626500143],[20.10731404848364,40.40049381888471],[20.107148127651033,40.40081156383647],[20.107078622654896,40.40078977655386],[20.107068204587804,40.40060433833875],[20.10713243831121,40.40043078690132],[20.107305892376047,40.40026183452439]]]},"properties":{"Zk_Numer":3067,"Zk_Emer":"PSAR","Nr_Pas":"90/3","Vol":2,"Faqe":101,"Pronaret":"SHTET","Kufizimet":"KJO PASURI OKUPOHET NGA SHUAIP AXHEM SELMANI","Siperfaqe":1153}},
{"type":"Feature","geometry":{"type":"Polygon","coordinates":[[[20.10679131712919,40.400239095857735],[20.106615736713593,40.40074451664534],[20.106099567205565,40.40057825599684],[20.10620789682789,40.400181478844175],[20.106474614214605,40.40014881141781],[20.10679131712919,40.400239095857735]]]},"properties":{"Zk_Numer":3067,"Zk_Emer":"PSAR","Nr_Pas":"90/5","Vol":2,"Faqe":93,"Pronaret":"ARMANDO HALILAJ ESTREF, ESTREF HALILAJ XHEVIT, SHAZE HALILAJ HYSENJ, ARTA HALILAJ HEKURAN, SARA HALILAJ ESTREF","Kufizimet":"","Siperfaqe":2650}},
{"type":"Feature","geometry":{"type":"Polygon","coordinates":[[[20.106115980502558,40.40322658100897],[20.106165905843383,40.403130121577256],[20.10624494486347,40.40301466064475],[20.106327829612216,40.4028878671155],[20.106390427371675,40.40281242392887],[20.106505314371727,40.4026984877868],[20.10655458518226,40.40262083240802],[20.106619118767252,40.40259299074413],[20.10668076764197,40.40255858664632],[20.10672217860512,40.402464521294355],[20.10676354536483,40.4023947439852],[20.10682870643784,40.40232437732913],[20.106939965634524,40.40236800552717],[20.106884943315247,40.402421072182534],[20.10679913014395,40.40263931136513],[20.10671728319374,40.402781008494365],[20.106625288164867,40.40302394650609],[20.10659981932416,40.4030609648599],[20.106565978088515,40.40315231250668],[20.106507371333112,40.40321134396438],[20.106431911488965,40.40325810731183],[20.10638420966822,40.40324777679558],[20.106233027354858,40.40323441644441],[20.106115980502558,40.40322658100897]]]},"properties":{"Zk_Numer":3067,"Zk_Emer":"PSAR","Nr_Pas":"22/1","Vol":2,"Faqe":138,"Pronaret":"ELIDE SUBASHI JAHO, JULJANA SUBASHI JAHO, LUMTURI SUBASHI MESTAN, ERVIST SUBASHI JAHO, JAHO SUBASHI FEJZO, ENKELETA SUBASHI JAHO, LAVDIMIR SUBASHI JAHO","Kufizimet":"KUFIZOHET DERI NE PLOTESIMIN E DOKUMENTACIONIT \r\nTEKNIKO LIGJOR (CERTIFIKATE E GJENDJES FAMILJARE AKTUALE), PASURIA KUFIZOHET PER DIF.FAKT-DOK MBI 20% TE TOTALIT TE AMTP","Siperfaqe":2410}},
{"type":"Feature","geometry":{"type":"Polygon","coordinates":[[[20.09984727718819,40.40408437300841],[20.099916084897007,40.40391286235593],[20.099945681087267,40.40383623542929],[20.099992509296758,40.403781397329105],[20.10010479154409,40.403697414047684],[20.100192926493897,40.403656385451],[20.100345346376,40.40365879472067],[20.100509101066358,40.403682613681205],[20.100597639263764,40.403680288581086],[20.1004927677765,40.403760042611964],[20.10044662590974,40.403978779900235],[20.100389491518417,40.40400234385929],[20.1003918634419,40.40402735710924],[20.100392867054524,40.40403794075584],[20.100417621958627,40.40429899375306],[20.10034571426418,40.40449919264617],[20.099966829942474,40.40460905087158],[20.09995250609917,40.404433592892424],[20.099875073406867,40.40422579042465],[20.09984727718819,40.40408437300841]]]},"properties":{"Zk_Numer":3067,"Zk_Emer":"PSAR","Nr_Pas":"8/1","Vol":1,"Faqe":237,"Pronaret":"FERIDE MALKO SHERIF, KASO MALKO RAMADAN, LUAN MALKO RAMADAN, ALFRED MALKO RAMADAN, AFERDITA MALKO MUHAMET, RAMADAN MALKO KASO","Kufizimet":"KUFIZOHET DERI NE PLOTESIMIN E DOKUMENTACIONIT \r\nTEKNIKO LIGJOR (CERTIFIKATE E GJENDJES FAMILJARE AKTUALE)","Siperfaqe":4153}},
{"type":"Feature","geometry":{"type":"Polygon","coordinates":[[[20.1011514290707,40.40357085205234],[20.10133365225104,40.40377302380293],[20.101551287482028,40.40386755354868],[20.101038768519572,40.404136507753705],[20.100392867054524,40.40403794075584],[20.1003918634419,40.40402735710924],[20.100389491518417,40.40400234385929],[20.10044662590974,40.403978779900235],[20.1004927677765,40.403760042611964],[20.100597639263764,40.403680288581086],[20.10062034080954,40.40367969240524],[20.100872119179087,40.4036153065574],[20.10095510703879,40.40360202372689],[20.101016010393568,40.40359090325546],[20.1011514290707,40.40357085205234]]]},"properties":{"Zk_Numer":3067,"Zk_Emer":"PSAR","Nr_Pas":"10/1","Vol":1,"Faqe":242,"Pronaret":"ENKELEDA MALKO VINJA, RESHAT MALKO KASO, AFERDITA MALKO ISUF, MARSEL MALKO VINJA, FEJZI MALKO RESHAT, ARMAND MALKO RESHAT","Kufizimet":"KUFIZOHET DERI NE PLOTESIMIN E DOKUMENTACIONIT \r\nTEKNIKO LIGJOR (CERTIFIKATE E GJENDJES FAMILJARE AKTUALE)","Siperfaqe":3790}},
{"type":"Feature","geometry":{"type":"Polygon","coordinates":[[[20.101265672953208,40.40347235602351],[20.10098894182369,40.40316618530248],[20.100794204643247,40.402896735537816],[20.10096649200029,40.40283936063616],[20.100976209285527,40.40262457625441],[20.101255060954358,40.40259175362827],[20.101245513552396,40.4029630384084],[20.10117263870381,40.403000985370795],[20.10116515887332,40.4030689602991],[20.101296802803443,40.403300635104955],[20.10146182554391,40.40338591378594],[20.101265672953208,40.40347235602351]]]},"properties":{"Zk_Numer":3067,"Zk_Emer":"PSAR","Nr_Pas":"40/1","Vol":1,"Faqe":243,"Pronaret":"FATIME MALKO SEJFULLA, SUADA MALKO IZET, IZET MALKO KASO","Kufizimet":"KUFIZOHET DERI NE PLOTESIMIN E DOKUMENTACIONIT \r\nTEKNIKO LIGJOR (CERTIFIKATE E GJENDJES FAMILJARE AKTUALE)","Siperfaqe":2160}},
{"type":"Feature","geometry":{"type":"Polygon","coordinates":[[[20.101255060954358,40.40259175362827],[20.101701141919854,40.40253295616204],[20.10178919770241,40.402637271662734],[20.101819881546643,40.40273105017411],[20.101853122039604,40.402832642221895],[20.101910901531486,40.402846572666014],[20.101968681047136,40.4028605030812],[20.101999736531994,40.40300755260174],[20.102020889734128,40.40310771386454],[20.101902047046117,40.40317016841928],[20.10181988779224,40.403254504380065],[20.101746202044904,40.40333014210988],[20.101673066850243,40.403327492805744],[20.10160914502931,40.403335357914024],[20.10146182554391,40.40338591378594],[20.101296802803443,40.403300635104955],[20.10116515887332,40.4030689602991],[20.10117263870381,40.403000985370795],[20.101245513552396,40.4029630384084],[20.101255060954358,40.40259175362827]]]},"properties":{"Zk_Numer":3067,"Zk_Emer":"PSAR","Nr_Pas":"41/1","Vol":1,"Faqe":249,"Pronaret":"SHTET","Kufizimet":"KJO PASURI OKUPOHET NGA RAMADAN KASO MALKO","Siperfaqe":4763}},
{"type":"Feature","geometry":{"type":"Polygon","coordinates":[[[20.100976209285527,40.40262457625441],[20.101016724022635,40.4024634865853],[20.101097416991358,40.40232674071934],[20.101119270010418,40.40233966389943],[20.101290047347184,40.402248064904626],[20.101381310752885,40.4022013072338],[20.101701141919854,40.40253295616204],[20.101255060954358,40.40259175362827],[20.100976209285527,40.40262457625441]]]},"properties":{"Zk_Numer":3067,"Zk_Emer":"PSAR","Nr_Pas":"42/1","Vol":1,"Faqe":248,"Pronaret":"SHTET","Kufizimet":"KJO PASURI OKUPOHET NGA IZET KASO MALKO","Siperfaqe":1613}},
{"type":"Feature","geometry":{"type":"Polygon","coordinates":[[[20.100794204643247,40.402896735537816],[20.100584207370694,40.402934032025414],[20.100495343883455,40.40265193405054],[20.100537462271184,40.40260831226762],[20.100724371745198,40.40246635022629],[20.100797236643672,40.40236812483552],[20.10080357295634,40.402359583165286],[20.100854880782386,40.40224752210911],[20.100873806506645,40.40217550693655],[20.10087643590271,40.40214424487202],[20.100882262831703,40.402155796908744],[20.100917946886305,40.402223450741765],[20.100981698185834,40.40225830814819],[20.101097416991358,40.40232674071934],[20.101016724022635,40.4024634865853],[20.100976209285527,40.40262457625441],[20.10096649200029,40.40283936063616],[20.100794204643247,40.402896735537816]]]},"properties":{"Zk_Numer":3067,"Zk_Emer":"PSAR","Nr_Pas":"9/5","Vol":1,"Faqe":247,"Pronaret":"SHTET","Kufizimet":"KJO PASURI OKUPOHET NGA  RAMADAN KASO MALKO","Siperfaqe":2232}},
{"type":"Feature","geometry":{"type":"Polygon","coordinates":[[[20.101623100344554,40.40211214729087],[20.101474589900537,40.40223732959113],[20.1013925032404,40.40215220939154],[20.10126339701937,40.40221835538449],[20.101120633817892,40.40229492859548],[20.101009828738057,40.40222940186123],[20.100956516709896,40.40220025236479],[20.100926097479693,40.402142580238056],[20.10091151800332,40.40211367607977],[20.100886479253145,40.40208378309061],[20.100880465402522,40.40207727602773],[20.100887489180945,40.402051909836445],[20.100907096386752,40.40199253701995],[20.100935931580562,40.4019558546826],[20.100964766743093,40.401919172337855],[20.100986568167457,40.40188717641545],[20.101623100344554,40.40211214729087]]]},"properties":{"Zk_Numer":3067,"Zk_Emer":"PSAR","Nr_Pas":"43/1","Vol":2,"Faqe":124,"Pronaret":"SHTET","Kufizimet":"KJO PASURI OKUPOHET NGA FEJZO ISUF SUBASHI","Siperfaqe":1480}},
{"type":"Feature","geometry":{"type":"Polygon","coordinates":[[[20.102151094317644,40.40116731676939],[20.101988344395295,40.401260648295825],[20.10210659405803,40.40135883478486],[20.102090847488522,40.40147686305384],[20.102509764638167,40.4015137344575],[20.102866530985548,40.401626316840314],[20.10269796914612,40.40179181305759],[20.102539593563005,40.40174565955725],[20.102216544243664,40.401730585607105],[20.102134478974797,40.401757142646744],[20.102070135870505,40.401739909623814],[20.10193571605429,40.401848635370776],[20.101631586695994,40.40210499396272],[20.101623100344554,40.40211214729087],[20.100986568167457,40.40188717641545],[20.101251004901396,40.40172148093904],[20.101298005984223,40.40168865778928],[20.101309626923477,40.40167546487706],[20.101423207321318,40.40147610506019],[20.10153631502207,40.401310946647214],[20.101831643831428,40.40111307658961],[20.10185198895338,40.401100670469155],[20.10186001769854,40.40109736735804],[20.10186529264128,40.40109581375306],[20.101889995481823,40.401104230208425],[20.10193595900976,40.40112053817953],[20.101963952399537,40.401130470289225],[20.102014652497495,40.40114637443664],[20.102129128397507,40.40116272656292],[20.102151094317644,40.40116731676939]]]},"properties":{"Zk_Numer":3067,"Zk_Emer":"PSAR","Nr_Pas":"43/2","Vol":2,"Faqe":6,"Pronaret":"SHTET","Kufizimet":"KJO PASURI OKUPOHET NGA FEJZO SUBASHI","Siperfaqe":7194}},
{"type":"Feature","geometry":{"type":"Polygon","coordinates":[[[20.10226972147204,40.40186766764202],[20.102251576702844,40.4018733221001],[20.102289506658817,40.40196311693755],[20.102289488401595,40.4019666201202],[20.10226680555232,40.4020555881918],[20.10222512117832,40.40216752825327],[20.102151359457768,40.4022400702591],[20.10210501484515,40.402238932978214],[20.10205698278005,40.402218597110725],[20.101970968594365,40.40215889287478],[20.10190150726107,40.40221102167006],[20.101748195276482,40.40219395698452],[20.10170284828901,40.4022445181203],[20.101652206794814,40.40228373687559],[20.101624226831433,40.40230561874339],[20.10153060620487,40.40221692244961],[20.101953004508434,40.401860872538414],[20.102076764116813,40.401760769320255],[20.102244259705078,40.40180562956983],[20.10226972147204,40.40186766764202]]]},"properties":{"Zk_Numer":3067,"Zk_Emer":"PSAR","Nr_Pas":"44/1","Vol":2,"Faqe":15,"Pronaret":"LAVDIMIR SUBASHI JAHO, ENKELETA SUBASHI JAHO, ELIDE SUBASHI JAHO, JAHO SUBASHI FEJZO, JULJANA SUBASHI JAHO, ERVIST SUBASHI JAHO, LUMTURI SUBASHI MESTAN","Kufizimet":"","Siperfaqe":1945}},
{"type":"Feature","geometry":{"type":"Polygon","coordinates":[[[20.10226972147204,40.40186766764202],[20.102244259705078,40.40180562956983],[20.102234989792578,40.401784062384216],[20.102134478974797,40.401757142646744],[20.102216544243664,40.401730585607105],[20.102539593563005,40.40174565955725],[20.10269796914612,40.40179181305759],[20.102795499745756,40.401820235093204],[20.102766696066155,40.40210824886015],[20.10235075469975,40.40206510581744],[20.10226972147204,40.40186766764202]]]},"properties":{"Zk_Numer":3067,"Zk_Emer":"PSAR","Nr_Pas":"45/1","Vol":2,"Faqe":9,"Pronaret":"ISUF SUBASHI FEJZO, GRAMOS SUBASHI ISUF, FEJZO SUBASHI ISUF, DILAVERE SUBASHI HAKI","Kufizimet":"","Siperfaqe":1549}},
{"type":"Feature","geometry":{"type":"Polygon","coordinates":[[[20.103387200597542,40.40197390196306],[20.10334345164189,40.402009886261006],[20.102937256469957,40.40209956426064],[20.102519523266576,40.402392078098096],[20.10202222189233,40.40260202793686],[20.10190192189632,40.40264472615722],[20.10179320239056,40.402465705604946],[20.101624226831433,40.40230561874339],[20.101652206794814,40.40228373687559],[20.10170284828901,40.4022445181203],[20.101748195276482,40.40219395698452],[20.10190150726107,40.40221102167006],[20.101970968594365,40.40215889287478],[20.10205698278005,40.402218597110725],[20.10210501484515,40.402238932978214],[20.102151359457768,40.4022400702591],[20.10222512117832,40.40216752825327],[20.10226680555232,40.4020555881918],[20.102289488401595,40.4019666201202],[20.102289506658817,40.40196311693755],[20.102251576702844,40.4018733221001],[20.10226972147204,40.40186766764202],[20.10235075469975,40.40206510581744],[20.102766696066155,40.40210824886015],[20.102795499745756,40.401820235093204],[20.10298374810524,40.40172032698366],[20.103228449271356,40.40186928200607],[20.103387200597542,40.40197390196306]]]},"properties":{"Zk_Numer":3067,"Zk_Emer":"PSAR","Nr_Pas":"45/2","Vol":2,"Faqe":53,"Pronaret":"SHTET","Kufizimet":"","Siperfaqe":4821}},
{"type":"Feature","geometry":{"type":"Polygon","coordinates":[[[20.10400631283274,40.40182146782334],[20.10395400818984,40.40168204560041],[20.103956254926278,40.40163742623151],[20.103962432500467,40.401514741554706],[20.10399119247916,40.40141890543334],[20.104019627194916,40.40142621372076],[20.103994145810226,40.40152949317396],[20.103988894808396,40.40168042246202],[20.104041578367838,40.40181019227852],[20.104173414965445,40.401909418451545],[20.104073434070024,40.40211500165823],[20.103919281555104,40.40213571203737],[20.10375461374208,40.40212230938407],[20.103546350995348,40.402065301456695],[20.10302268000279,40.40215346898556],[20.102594825142155,40.40240894265298],[20.101862638165283,40.40271327847905],[20.10183301698784,40.40262274794439],[20.101740733404117,40.402513424053836],[20.10148885151245,40.40225211821762],[20.10153060620487,40.40221692244961],[20.101624226831433,40.40230561874339],[20.10179320239056,40.402465705604946],[20.10190192189632,40.40264472615722],[20.10202222189233,40.40260202793686],[20.102519523266576,40.402392078098096],[20.102937256469957,40.40209956426064],[20.10334345164189,40.402009886261006],[20.103387200597542,40.40197390196306],[20.103551249452323,40.402025968687546],[20.10359080757195,40.402038523813374],[20.103771413536222,40.40209080130207],[20.10392173328627,40.402104426812116],[20.104045388303998,40.402090528086894],[20.104055349586726,40.40207233687921],[20.10409345405662,40.40200139273129],[20.104136356747436,40.40191251599674],[20.104103122495108,40.40189218736759],[20.10400631283274,40.40182146782334]]]},"properties":{"Zk_Numer":3067,"Zk_Emer":"PSAR","Nr_Pas":"45/3","Vol":2,"Faqe":52,"Pronaret":"SHTET","Kufizimet":"","Siperfaqe":1823}},
{"type":"Feature","geometry":{"type":"Polygon","coordinates":[[[20.1023343468631,40.40124640168674],[20.102450263360605,40.40133100650309],[20.102404640328306,40.40136466638609],[20.102423007318876,40.40138122980794],[20.102440670459988,40.40139553897141],[20.102478304410692,40.40142064422932],[20.102542181962423,40.401467100777744],[20.102583313565805,40.40149631271604],[20.102662580874735,40.40154948434573],[20.102673134722565,40.40154921688744],[20.10272296137554,40.40154795415475],[20.102750748199604,40.401554674638575],[20.102838021945175,40.40159961589823],[20.102894876553776,40.40161875618965],[20.1029092594599,40.401549180928335],[20.102931957509934,40.4014629718536],[20.102958234320806,40.40136773256583],[20.102978413265912,40.40128885360429],[20.102973508883277,40.40128025686502],[20.103000402807286,40.401234475608554],[20.103021707524853,40.40118501604692],[20.10303581884408,40.40113045673241],[20.10303298130116,40.401095397334124],[20.103059733305194,40.40109644342873],[20.103145382808766,40.40109694330253],[20.10314563198821,40.401096944756716],[20.10333071562356,40.401110489395165],[20.10343280678324,40.40109888202921],[20.103458622971235,40.40101830241877],[20.10400631283274,40.40182146782334],[20.104103122495108,40.40189218736759],[20.104136356747436,40.40191251599674],[20.10409345405662,40.40200139273129],[20.104055349586726,40.40207233687921],[20.104045388303998,40.402090528086894],[20.10392173328627,40.402104426812116],[20.103771413536222,40.40209080130207],[20.10359080757195,40.402038523813374],[20.103551249452323,40.402025968687546],[20.103387200597542,40.40197390196306],[20.103228449271356,40.40186928200607],[20.10298374810524,40.40172032698366],[20.102795499745756,40.401820235093204],[20.10269796914612,40.40179181305759],[20.102866530985548,40.401626316840314],[20.102509764638167,40.4015137344575],[20.102090847488522,40.40147686305384],[20.10210659405803,40.40135883478486],[20.102130438576964,40.401378633604516],[20.10222870940685,40.40146938414763],[20.102393546452895,40.40135595893446],[20.102430131535318,40.40132953631528],[20.102326723451473,40.401241630600495],[20.1023343468631,40.40124640168674]]]},"properties":{"Zk_Numer":3067,"Zk_Emer":"PSAR","Nr_Pas":"48/1","Vol":2,"Faqe":140,"Pronaret":"SHTET","Kufizimet":"KJO PASURI OKUPOHET NGA FEJZO SUBASHI","Siperfaqe":7831}},
{"type":"Feature","geometry":{"type":"Polygon","coordinates":[[[20.101912045998528,40.40088629928472],[20.101526975424502,40.400907410574376],[20.101098563345918,40.401173405436346],[20.101064958413676,40.40074725095616],[20.100856173328562,40.40054091363461],[20.101252249831184,40.4003497827984],[20.101462249634537,40.40054642562226],[20.101796701339655,40.40056147194879],[20.101508728208803,40.400666532299596],[20.102085821934317,40.40066524326921],[20.102045025979777,40.40072586397144],[20.101912045998528,40.40088629928472]]]},"properties":{"Zk_Numer":3067,"Zk_Emer":"PSAR","Nr_Pas":"62/3","Vol":2,"Faqe":199,"Pronaret":"SHTET","Kufizimet":"","Siperfaqe":4055}},
{"type":"Feature","geometry":{"type":"Polygon","coordinates":[[[20.101435739115562,40.4004650861663],[20.10135899368916,40.400407302521714],[20.101859445173716,40.40034862688342],[20.102058454216234,40.40054733564974],[20.101435739115562,40.4004650861663]]]},"properties":{"Zk_Numer":3067,"Zk_Emer":"PSAR","Nr_Pas":"61/1","Vol":2,"Faqe":193,"Pronaret":"SHTET","Kufizimet":"","Siperfaqe":664}},
{"type":"Feature","geometry":{"type":"Polygon","coordinates":[[[20.10198852822309,40.40015577352644],[20.10175297334968,40.40030539458295],[20.101683461551946,40.40028132079718],[20.10154319342802,40.400239630768695],[20.101452342549013,40.40024315460085],[20.101334792556624,40.40023101618036],[20.101289192812384,40.400236848594005],[20.101234108826645,40.400274205228065],[20.101171623215805,40.40033429640915],[20.101045343662456,40.40021457372594],[20.10103392660742,40.40007527412257],[20.101259142372943,40.40000056542844],[20.101290436631675,40.39981351707177],[20.101554484054727,40.39995118830807],[20.10164675938314,40.40003114869409],[20.10178472586222,40.40014978757322],[20.10198852822309,40.40015577352644]]]},"properties":{"Zk_Numer":3067,"Zk_Emer":"PSAR","Nr_Pas":"60/1","Vol":1,"Faqe":238,"Pronaret":"SHTET","Kufizimet":"KJO PASURI OKUPOHET NGA SHUAIP AXHEM SELMANI","Siperfaqe":2109}},
{"type":"Feature","geometry":{"type":"Polygon","coordinates":[[[20.102325872854408,40.39780007675314],[20.1020489701083,40.397817750151255],[20.10200949515223,40.39770251432678],[20.10216428829332,40.39762351831663],[20.102322346083383,40.397625818719725],[20.102332147500352,40.39764072289321],[20.102325872854408,40.39780007675314]]]},"properties":{"Zk_Numer":3067,"Zk_Emer":"PSAR","Nr_Pas":"69/1","Vol":2,"Faqe":191,"Pronaret":"SHTET","Kufizimet":"","Siperfaqe":480}},
{"type":"Feature","geometry":{"type":"Polygon","coordinates":[[[20.102325872854408,40.39780007675314],[20.102332147500352,40.39764072289321],[20.10251343926987,40.39795303436864],[20.10226601629664,40.39807525441828],[20.102325872854408,40.39780007675314]]]},"properties":{"Zk_Numer":3067,"Zk_Emer":"PSAR","Nr_Pas":"68/1","Vol":2,"Faqe":190,"Pronaret":"SHTET","Kufizimet":"","Siperfaqe":432}},
{"type":"Feature","geometry":{"type":"Polygon","coordinates":[[[20.102540246765198,40.39900845868979],[20.10294751472342,40.398467335429125],[20.10326535383301,40.39847583308316],[20.102961576742114,40.39887549977607],[20.102764632591803,40.39908457100104],[20.102540246765198,40.39900845868979]]]},"properties":{"Zk_Numer":3067,"Zk_Emer":"PSAR","Nr_Pas":"66/1","Vol":2,"Faqe":192,"Pronaret":"SHTET","Kufizimet":"","Siperfaqe":1722}},
{"type":"Feature","geometry":{"type":"Polygon","coordinates":[[[20.10314563198821,40.401096944756716],[20.103139259938175,40.40098636543664],[20.103305915806924,40.400968243072704],[20.103484958173798,40.40094877350729],[20.10347373063229,40.40085582732181],[20.103488879702567,40.400841356581616],[20.103889505127928,40.40102490406925],[20.103814977368007,40.40112034625379],[20.10380357051703,40.401138710742195],[20.103782615703754,40.401139334780176],[20.103633895630782,40.40109202681825],[20.103458622971235,40.40101830241877],[20.10343280678324,40.40109888202921],[20.10333071562356,40.401110489395165],[20.10314563198821,40.401096944756716]]]},"properties":{"Zk_Numer":3067,"Zk_Emer":"PSAR","Nr_Pas":"54/1","Vol":2,"Faqe":16,"Pronaret":"SHTET","Kufizimet":"KJO PASURI OKUPOHET NGA ESTREF HALILI","Siperfaqe":1014}},
{"type":"Feature","geometry":{"type":"Polygon","coordinates":[[[20.103889505127928,40.40102490406925],[20.103488879702567,40.400841356581616],[20.103650216281533,40.40068724366313],[20.10377723540759,40.400679881474815],[20.10406990708135,40.40081675524368],[20.104169533842434,40.40086183554563],[20.103889505127928,40.40102490406925]]]},"properties":{"Zk_Numer":3067,"Zk_Emer":"PSAR","Nr_Pas":"54/2","Vol":2,"Faqe":132,"Pronaret":"ELMAS ZYBA RIZA, RIZA ZYBA MECANI, EDMOND ZYBA RIZA, LIRI ZYBA RIZA, JETNOR ZYBA RIZA, MACAN ZYBA RIZA, ARBEN ZYBA RIZA","Kufizimet":"KUFIZOHET DERI NE PLOTESIMIN E DOKUMENTACIONIT \r\nTEKNIKO LIGJOR (CERTIFIKATE E GJENDJES FAMILJARE AKTUALE), PASURIA KUFIZOHET PER DIF.FAKT-DOK MBI 20% TE TOTALIT TE AMTP","Siperfaqe":1181}},
{"type":"Feature","geometry":{"type":"Polygon","coordinates":[[[20.104169533842434,40.40086183554563],[20.104006581487727,40.40078696996068],[20.1043019219668,40.4004790071613],[20.10441762962976,40.40054781252296],[20.10437513794583,40.400680928153974],[20.104291983896985,40.400787062251126],[20.104169533842434,40.40086183554563]]]},"properties":{"Zk_Numer":3067,"Zk_Emer":"PSAR","Nr_Pas":"81/1","Vol":2,"Faqe":134,"Pronaret":"PELLUMB JAUPI MYSLIM, FATBARDHA JAUPI SADIK, MYSLIM JAUPI FIDAI, ALBANA JAUPI MYSLIM","Kufizimet":"PASURIA KUFIZOHET PER DIF.FAKT-DOK BRENDA 20% TE TOTALIT TE AMTP, KUFIZOHET DERI NE PLOTESIMIN E DOKUMENTACIONIT \r\nTEKNIKO LIGJOR (CERTIFIKATE E GJENDJES FAMILJARE AKTUALE)","Siperfaqe":717}},
{"type":"Feature","geometry":{"type":"Polygon","coordinates":[[[20.10232672345147,40.40124163060049],[20.102130438576964,40.401378633604516],[20.10210659405803,40.40135883478486],[20.101988344395295,40.401260648295825],[20.102151094317644,40.40116731676939],[20.102236498639073,40.40118516361867],[20.102297545701855,40.40122336979418],[20.10232672345147,40.40124163060049]]]},"properties":{"Zk_Numer":3067,"Zk_Emer":"PSAR","Nr_Pas":"50/1","Vol":2,"Faqe":7,"Pronaret":"SHTET","Kufizimet":"KJO PASURI POSEDOHET NGA JAHO FEJZO SUBASHI  SIPAS AMTP-SE NR.1662","Siperfaqe":350}},
{"type":"Feature","geometry":{"type":"Polygon","coordinates":[[[20.102326723451473,40.401241630600495],[20.102430131535318,40.40132953631528],[20.102393546452895,40.40135595893446],[20.10222870940685,40.40146938414763],[20.102130438576964,40.401378633604516],[20.102326723451473,40.401241630600495]]]},"properties":{"Zk_Numer":3067,"Zk_Emer":"PSAR","Nr_Pas":"50/2","Vol":1,"Faqe":138,"Pronaret":"ISUF SUBASHI FEJZO, DILAVERE SUBASHI HAKI","Kufizimet":"","Siperfaqe":300}},
{"type":"Feature","geometry":{"type":"Polygon","coordinates":[[[20.102478304410692,40.40142064422932],[20.102440670459988,40.40139553897141],[20.102423007318876,40.40138122980794],[20.102404640328306,40.40136466638609],[20.102450263360605,40.40133100650309],[20.1023343468631,40.40124640168674],[20.102355447583125,40.40122244383879],[20.1022863465768,40.401136075196916],[20.102354090677284,40.401057819880876],[20.102696488502453,40.400995053654206],[20.102778113020424,40.400974070196476],[20.102860326813655,40.40094964570626],[20.102882551116462,40.40094304318471],[20.10294432665837,40.40091297634505],[20.102956836222205,40.40095260402177],[20.10295138516088,40.40105503823819],[20.102894989916546,40.40122853654487],[20.102920176989528,40.40126129511668],[20.102884017300028,40.40124843879459],[20.102812051082665,40.401307651391114],[20.10272494751744,40.401506157539664],[20.10272296137554,40.40154795415475],[20.102673134722565,40.40154921688744],[20.102662580874735,40.40154948434573],[20.102583313565805,40.40149631271604],[20.102542181962423,40.401467100777744],[20.102478304410692,40.40142064422932]],[[20.102361812491715,40.401171609946495],[20.102549547136146,40.40124836617767],[20.10261442560882,40.40116427742336],[20.102653613799767,40.40109339140612],[20.102496790793193,40.4010420439853],[20.102454249868458,40.401050513363565],[20.102425851027974,40.40106124619758],[20.10241255896174,40.40107329268417],[20.10237415981131,40.40112540428724],[20.102361812491715,40.401171609946495]]]},"properties":{"Zk_Numer":3067,"Zk_Emer":"PSAR","Nr_Pas":"50/3","Vol":2,"Faqe":126,"Pronaret":"JETNOR ZYBA RIZA, RIZA ZYBA MECAN, LIRI ZYBA RIZA, EDMOND ZYBA RIZA, ELMAS ZYBA RIZA, ARBEN ZYBA RIZA, MACAN ZYBA RIZA","Kufizimet":"KUFIZOHET DERI NE PLOTESIMIN E DOKUMENTACIONIT \r\nTEKNIKO LIGJOR (CERTIFIKATE E GJENDJES FAMILJARE AKTUALE), PASURIA KUFIZOHET PER DIF.FAKT-DOK MBI 20% TE TOTALIT TE AMTP","Siperfaqe":1909}},
{"type":"Feature","geometry":{"type":"Polygon","coordinates":[[[20.10272296137554,40.40154795415475],[20.10272494751744,40.401506157539664],[20.102812051082665,40.401307651391114],[20.102884017300028,40.40124843879459],[20.102920176989528,40.40126129511668],[20.10293450585189,40.401279931368926],[20.102838021945175,40.40159961589823],[20.102750748199604,40.401554674638575],[20.10272296137554,40.40154795415475]]]},"properties":{"Zk_Numer":3067,"Zk_Emer":"PSAR","Nr_Pas":"50/6","Vol":2,"Faqe":127,"Pronaret":"ERVIST SUBASHI JAHO, ENKELETA SUBASHI JAHO, JULJANA SUBASHI JAHO, ELIDE SUBASHI JAHO, LAVDIMIR SUBASHI JAHO, JAHO SUBASHI FEJZO, LUMTURI SUBASHI MESTAN","Kufizimet":"KUFIZOHET DERI NE PLOTESIMIN E DOKUMENTACIONIT \r\nTEKNIKO LIGJOR (CERTIFIKATE E GJENDJES FAMILJARE AKTUALE), PASURIA KUFIZOHET PER DIF.FAKT-DOK MBI 20% TE TOTALIT TE AMTP","Siperfaqe":363}},
{"type":"Feature","geometry":{"type":"Polygon","coordinates":[[[20.102838021945175,40.40159961589823],[20.10293450585189,40.401279931368926],[20.102920176989528,40.40126129511668],[20.102973508883277,40.40128025686502],[20.102978413265912,40.40128885360429],[20.102958234320806,40.40136773256583],[20.102931957509934,40.4014629718536],[20.1029092594599,40.401549180928335],[20.102894876553776,40.40161875618965],[20.102838021945175,40.40159961589823]]]},"properties":{"Zk_Numer":3067,"Zk_Emer":"PSAR","Nr_Pas":"50/7","Vol":2,"Faqe":128,"Pronaret":"SHTET","Kufizimet":"","Siperfaqe":167}},
{"type":"Feature","geometry":{"type":"Polygon","coordinates":[[[20.102920176989528,40.40126129511668],[20.102894989916546,40.40122853654487],[20.10295138516088,40.40105503823819],[20.102956836222205,40.40095260402177],[20.10294432665837,40.40091297634505],[20.10296346426641,40.400903661847366],[20.103013005303787,40.400970565138024],[20.10303003204816,40.40105895765716],[20.10303298130116,40.401095397334124],[20.10303581884408,40.40113045673241],[20.103021707524853,40.40118501604692],[20.103000402807286,40.401234475608554],[20.102973508883277,40.40128025686502],[20.102920176989528,40.40126129511668]]]},"properties":{"Zk_Numer":3067,"Zk_Emer":"PSAR","Nr_Pas":"50/8","Vol":2,"Faqe":129,"Pronaret":"SHTET","Kufizimet":"","Siperfaqe":278}},
{"type":"Feature","geometry":{"type":"Polygon","coordinates":[[[20.1022863465768,40.401136075196916],[20.10223402123438,40.40115880092745],[20.102127456590733,40.40114445040876],[20.102081720654713,40.40113512409576],[20.101960511355056,40.40109767028822],[20.101923001516113,40.40108590180271],[20.101932046770404,40.40106380316202],[20.10206729335777,40.40112135553548],[20.10215492117566,40.40113235050323],[20.10224254902193,40.401143345404535],[20.1022863465768,40.401136075196916]]]},"properties":{"Zk_Numer":3067,"Zk_Emer":"PSAR","Nr_Pas":"50/5","Vol":2,"Faqe":125,"Pronaret":"SHTET","Kufizimet":"","Siperfaqe":50}},
{"type":"Feature","geometry":{"type":"Polygon","coordinates":[[[20.102361812491715,40.401171609946495],[20.10237415981131,40.40112540428724],[20.10241255896174,40.40107329268417],[20.102425851027974,40.40106124619758],[20.102454249868458,40.401050513363565],[20.102496790793193,40.4010420439853],[20.102653613799767,40.40109339140612],[20.10261442560882,40.40116427742336],[20.102549547136146,40.40124836617767],[20.102361812491715,40.401171609946495]]]},"properties":{"Zk_Numer":3067,"Zk_Emer":"PSAR","Nr_Pas":"50/4","Vol":2,"Faqe":153,"Pronaret":"SHTET","Kufizimet":"KJO PASURI POSEDOHET NGA RIZA MECAN ZYBERI SIPAS AMTP-SE NR.1674","Siperfaqe":350}},
{"type":"Feature","geometry":{"type":"Polygon","coordinates":[[[20.101932046770404,40.40106380316202],[20.101961209070204,40.40095806784035],[20.101991459746394,40.400907282809136],[20.102192634873123,40.400918595316774],[20.102172471662065,40.4010851002254],[20.101932046770404,40.40106380316202]]]},"properties":{"Zk_Numer":3067,"Zk_Emer":"PSAR","Nr_Pas":"51/1","Vol":1,"Faqe":169,"Pronaret":"SHTET","Kufizimet":"MBI KËTË PASURI NDODHET NJË NDËRTIM I PALIGJSHËM, KJO PASURI POSEDOHET NGA MYSLIM FIDAI JAUPI  SIPAS AMTP-SE NR.1669","Siperfaqe":350}},
{"type":"Feature","geometry":{"type":"Polygon","coordinates":[[[20.101991459746394,40.400907282809136],[20.1020896794506,40.40074239035051],[20.102257134118528,40.400490617713196],[20.1024144762936,40.40053264705394],[20.10234428512801,40.40070550251247],[20.10235828388397,40.40078609643441],[20.10236618733129,40.400831598235094],[20.102354720314775,40.400890216642786],[20.102354339729853,40.400991524636424],[20.102354090677284,40.401057819880876],[20.1022863465768,40.401136075196916],[20.10224254902193,40.401143345404535],[20.10215492117566,40.40113235050323],[20.10206729335777,40.40112135553548],[20.101932046770404,40.40106380316202],[20.102172471662065,40.4010851002254],[20.102192634873123,40.400918595316774],[20.101991459746394,40.400907282809136]]]},"properties":{"Zk_Numer":3067,"Zk_Emer":"PSAR","Nr_Pas":"51/2","Vol":1,"Faqe":168,"Pronaret":"FATBARDHA JAUPI SADIK, MYSLIM JAUPI FIDAI, ALBANA JAUPI MYSLIM, PELLUMB JAUPI MYSLIM","Kufizimet":"KUFIZOHET DERI NE PLOTESIMIN E DOKUMENTACIONIT \r\nTEKNIKO LIGJOR (CERTIFIKATE E GJENDJES FAMILJARE AKTUALE), PASURIA KUFIZOHET PER DIF.FAKT-DOK BRENDA 20% TE TOTALIT TE AMTP","Siperfaqe":1395}},
{"type":"Feature","geometry":{"type":"Polygon","coordinates":[[[20.10235828388397,40.40078609643441],[20.102543198738907,40.40079071792053],[20.102538667231734,40.40099132284245],[20.102354339729853,40.400991524636424],[20.102354720314775,40.400890216642786],[20.10236618733129,40.400831598235094],[20.10235828388397,40.40078609643441]]]},"properties":{"Zk_Numer":3067,"Zk_Emer":"PSAR","Nr_Pas":"52/1","Vol":1,"Faqe":170,"Pronaret":"SHTET","Kufizimet":"MBI KËTË PASURI NDODHET NJË NDËRTIM I PALIGJSHËM, KJO PASURI POSEDOHET NGA MUHARREM FIDAI JAUPI  SIPAS AMTP-SE NR.1666","Siperfaqe":350}},
{"type":"Feature","geometry":{"type":"Polygon","coordinates":[[[20.102439500550382,40.40022373392699],[20.102504894930163,40.4004040525685],[20.102721944431405,40.40034239546186],[20.102609359416718,40.40057291647212],[20.10277545783866,40.400603904044125],[20.102779244291966,40.40082270205595],[20.102860326813655,40.40094964570626],[20.102778113020424,40.400974070196476],[20.102696488502453,40.400995053654206],[20.102354090677284,40.401057819880876],[20.102354339729853,40.400991524636424],[20.102538667231734,40.40099132284245],[20.102543198738907,40.40079071792053],[20.10235828388397,40.40078609643441],[20.10234428512801,40.40070550251247],[20.1024144762936,40.40053264705394],[20.102257134118528,40.400490617713196],[20.10237250226993,40.4003346021674],[20.102439500550382,40.40022373392699]]]},"properties":{"Zk_Numer":3067,"Zk_Emer":"PSAR","Nr_Pas":"52/2","Vol":1,"Faqe":171,"Pronaret":"ARIAN JAUPI MUHAREM, MUHAREM JAUPI FIDAI, QERIME JAUPI TARE, ILIRJAN JAUPI MUHAREM, FIDAI JAUPI MUHAREM, GEZIME JAUPI SELMAN","Kufizimet":"KUFIZOHET DERI NE PLOTESIMIN E DOKUMENTACIONIT \r\nTEKNIKO LIGJOR (CERTIFIKATE E GJENDJES FAMILJARE AKTUALE)","Siperfaqe":2154}},
{"type":"Feature","geometry":{"type":"Polygon","coordinates":[[[20.101701255451367,40.39959596752202],[20.101976764054587,40.399823678488296],[20.102059748383617,40.39987711638758],[20.102292076498294,40.399964193106484],[20.102385839454314,40.399986524993025],[20.102479935402933,40.400030135469464],[20.102367232362994,40.40021937525265],[20.10233322842508,40.40027632824042],[20.10198852822309,40.40015577352644],[20.10178472586222,40.40014978757322],[20.10164675938314,40.40003114869409],[20.101554484054727,40.39995118830807],[20.101290436631675,40.39981351707177],[20.101701255451367,40.39959596752202]],[[20.102071271108265,40.40014882419873],[20.102181926962864,40.40001022304889],[20.101987255278548,40.39991836219423],[20.101876599174343,40.40005696316029],[20.102071271108265,40.40014882419873]]]},"properties":{"Zk_Numer":3067,"Zk_Emer":"PSAR","Nr_Pas":"59/1","Vol":1,"Faqe":208,"Pronaret":"SHUAIP SELMANAJ AXHEM, PAJTIM SELMANAJ SHUAIP, LILJANE SELMANAJ SHUAIP, VJOLLCA SELMANAJ SHUAIP, FESTIM SELMANAJ SHUAIP, NURKË SELMANAJ SHUAIP, MIRJETA SELMANAJ TEME, LULJETA SELMANAJ SHUAIP","Kufizimet":"KUFIZOHET DERI NE PLOTESIMIN E DOKUMENTACIONIT \r\nTEKNIKO LIGJOR (CERTIFIKATE E GJENDJES FAMILJARE AKTUALE)","Siperfaqe":2877}},
{"type":"Feature","geometry":{"type":"Polygon","coordinates":[[[20.102071271108265,40.40014882419873],[20.101876599174343,40.40005696316029],[20.101987255278548,40.39991836219423],[20.102181926962864,40.40001022304889],[20.102071271108265,40.40014882419873]]]},"properties":{"Zk_Numer":3067,"Zk_Emer":"PSAR","Nr_Pas":"59/2","Vol":1,"Faqe":209,"Pronaret":"SHTET","Kufizimet":"KJO PASURI POSEDOHET NGA SHUAIP AXHEM SELMANAJ  SIPAS AMTP-SE NR.1690","Siperfaqe":350}},
{"type":"Feature","geometry":{"type":"Polygon","coordinates":[[[20.101701255451367,40.39959596752202],[20.1017909243963,40.39942448639582],[20.102055672181727,40.39948326153097],[20.102481093938238,40.399356137847235],[20.102437349044774,40.399450546250435],[20.10240095129406,40.39960035317325],[20.102392753869616,40.399702225746125],[20.102421035249876,40.399768640282936],[20.102482745759378,40.399923210618546],[20.102479935402933,40.400030135469464],[20.102385839454314,40.399986524993025],[20.102292076498294,40.399964193106484],[20.102059748383617,40.39987711638758],[20.101976764054587,40.399823678488296],[20.101701255451367,40.39959596752202]],[[20.10207516452279,40.399867781850254],[20.102216945446397,40.39975327891471],[20.10204754228257,40.3996319784231],[20.101901800811863,40.39975500193195],[20.10207516452279,40.399867781850254]]]},"properties":{"Zk_Numer":3067,"Zk_Emer":"PSAR","Nr_Pas":"59/3","Vol":1,"Faqe":239,"Pronaret":"SHTET","Kufizimet":"KJO PASURI OKUPOHET NGA SULO AXHEM SELMANI","Siperfaqe":2419}},
{"type":"Feature","geometry":{"type":"Polygon","coordinates":[[[20.10207516452279,40.399867781850254],[20.101901800811863,40.39975500193195],[20.10204754228257,40.3996319784231],[20.102216945446397,40.39975327891471],[20.10207516452279,40.399867781850254]]]},"properties":{"Zk_Numer":3067,"Zk_Emer":"PSAR","Nr_Pas":"59/4","Vol":1,"Faqe":163,"Pronaret":"SHTET","Kufizimet":"KJO PASURI POSEDOHET NGA SULO AXHEM SELMANI  SIPAS AMTP-SE NR.1687\r\n, MBI KËTË PASURI NDODHET NJË NDËRTIM I PALIGJSHËM","Siperfaqe":350}},
{"type":"Feature","geometry":{"type":"Polygon","coordinates":[[[20.101652378757354,40.40117392003813],[20.101539644391277,40.40125890825681],[20.101441435679853,40.40137288980689],[20.101416131562193,40.40143308550646],[20.101416590654654,40.40139856267197],[20.101403812512167,40.40136825950781],[20.10135712959799,40.401339124659394],[20.101291479457704,40.40131991931003],[20.10124277822559,40.40130083667595],[20.101177128156007,40.40128163126229],[20.101124715355247,40.40125820617449],[20.10107632027135,40.40121611725374],[20.101041009372754,40.40118131629607],[20.100989904147376,40.40105342157045],[20.10095726058393,40.40097220088221],[20.100914982514272,40.40089091426617],[20.10086814399465,40.40079118528882],[20.100830879381963,40.40069520492217],[20.100802857480335,40.40062874383263],[20.10078904233979,40.40058080011102],[20.10080413057371,40.40053307218213],[20.1008480239934,40.40049293463012],[20.100920759904913,40.40045669552997],[20.10099360538904,40.40041309988687],[20.101051840559247,40.40038043112359],[20.10108605035668,40.40034390136246],[20.101086588775818,40.400303426621626],[20.10105837104798,40.40025167876482],[20.101025494700142,40.40018886315646],[20.101000246534415,40.40014234345164],[20.100989250221097,40.40011625957761],[20.100985853922896,40.4000873350857],[20.101003276494403,40.40005714063178],[20.101047002968482,40.40004014538289],[20.10109827906865,40.400023208815576],[20.101143928411478,40.40000333777114],[20.101176396959637,40.39997903267759],[20.101199523156392,40.399945982820306],[20.101218899563353,40.39991146295596],[20.10123264483085,40.399872567752254],[20.10124267888139,40.39982930313072],[20.10124115202923,40.39980771450546],[20.10125844644585,40.39979334136897],[20.101292703100455,40.399787799225855],[20.101392263105975,40.39970341874421],[20.101682298749765,40.39947486618645],[20.10189230725849,40.3992072115057],[20.101990919233252,40.3989848615468],[20.10198257474515,40.39875654775028],[20.10191995432578,40.398505992448776],[20.101864037528053,40.39817116330167],[20.101987142124095,40.39771346022638],[20.102232013708825,40.39745784557377],[20.102636467802583,40.39730724650293],[20.102918722239366,40.397267147861406],[20.10335669373606,40.39724364637238],[20.103547710471993,40.397247027729804],[20.10366276955289,40.39724841509249],[20.103657179608415,40.39728677894195],[20.10385175258499,40.39733554621907],[20.104051511972095,40.39736851351536],[20.10393791977723,40.397356124938774],[20.103851711161933,40.397357355108966],[20.103771029270163,40.397413838472566],[20.10374059388817,40.397607286100786],[20.103708783637845,40.397604360687424],[20.103522784674517,40.39759714434855],[20.103489949478163,40.39760026265255],[20.103443410678583,40.39775586042506],[20.10327555775438,40.39791546981843],[20.103371444266582,40.39796469822886],[20.10342494968632,40.39799087462121],[20.103368921753564,40.39806421412224],[20.10349171978577,40.39811904872287],[20.103574506245785,40.39815814540004],[20.103478368656194,40.39829400033756],[20.103369571361913,40.398264056341894],[20.103172969486096,40.39824621169578],[20.102947991485344,40.39818274070454],[20.102974283342057,40.398166886194716],[20.10299740670394,40.39807528816636],[20.102796908229664,40.397927754294464],[20.102664592825228,40.397980386126136],[20.102502744943735,40.398041805040585],[20.102426289889873,40.398067805317446],[20.102356681330498,40.398100646774914],[20.102304159138598,40.39814886792017],[20.102256501609546,40.39819346593283],[20.102221508306584,40.39821839892119],[20.102215914635476,40.39822922957011],[20.102208727983946,40.398260182463154],[20.102207816713793,40.39829820134014],[20.10228067230385,40.3983362656202],[20.10224308481911,40.398507476829316],[20.102254815054916,40.398638614641136],[20.102265627053345,40.39871394686409],[20.10220534877221,40.39900161589443],[20.10243961714347,40.39907684097013],[20.10255196271861,40.398870933615505],[20.102616716490548,40.39872168566539],[20.102654985534496,40.39868844677525],[20.10272720419493,40.3985966622325],[20.102749028072644,40.39857143623899],[20.102839739400807,40.398485640327586],[20.102913310848006,40.39843116496328],[20.102942015212925,40.39840763131207],[20.10302085831432,40.398387841995294],[20.103173012131325,40.39839199584995],[20.103222813880663,40.39839642772698],[20.103376398397216,40.39841500117097],[20.103341909628348,40.39845592641432],[20.10330436990891,40.398540664468705],[20.103215332748658,40.39860976245891],[20.1031264503677,40.39870291687002],[20.102959237331067,40.398919912631996],[20.102871235215247,40.398996854805745],[20.10273623434157,40.39912988899371],[20.102691461257,40.39917603568674],[20.10256008743195,40.39927521238545],[20.102481093938238,40.399356137847235],[20.102055672181727,40.39948326153097],[20.1017909243963,40.39942448639582],[20.101701255451367,40.39959596752202],[20.101290436631675,40.39981351707177],[20.101259142372943,40.40000056542844],[20.10103392660742,40.40007527412257],[20.101045343662456,40.40021457372594],[20.101171623215805,40.40033429640915],[20.101234108826645,40.400274205228065],[20.101289192812384,40.400236848594005],[20.101334792556624,40.40023101618036],[20.101452342549013,40.40024315460085],[20.10154319342802,40.400239630768695],[20.101683461551946,40.40028132079718],[20.10175297334968,40.40030539458295],[20.10198852822309,40.40015577352644],[20.10233322842508,40.40027632824042],[20.10222059504716,40.400464976437135],[20.102085821934317,40.40066524326921],[20.101508728208803,40.400666532299596],[20.101796701339655,40.40056147194879],[20.101462249634537,40.40054642562226],[20.101252249831184,40.4003497827984],[20.100856173328562,40.40054091363461],[20.101064958413676,40.40074725095616],[20.101098563345918,40.401173405436346],[20.101526975424502,40.400907410574376],[20.101912045998528,40.40088629928472],[20.101850788211156,40.40096020417746],[20.10176932223556,40.400959725206135],[20.101532438149412,40.40097621873183],[20.101368742624185,40.4010511608475],[20.10148114220227,40.4011269499768],[20.101652378757354,40.40117392003813]],[[20.102540246765198,40.39900845868979],[20.102764632591803,40.39908457100104],[20.102961576742114,40.39887549977607],[20.10326535383301,40.39847583308316],[20.10294751472342,40.398467335429125],[20.102540246765198,40.39900845868979]],[[20.102332147500352,40.39764072289321],[20.102322346083383,40.397625818719725],[20.10216428829332,40.39762351831663],[20.10200949515223,40.39770251432678],[20.1020489701083,40.397817750151255],[20.102325872854408,40.39780007675314],[20.10226601629664,40.39807525441828],[20.10251343926987,40.39795303436864],[20.102332147500352,40.39764072289321]],[[20.101435739115562,40.4004650861663],[20.102058454216234,40.40054733564974],[20.101859445173716,40.40034862688342],[20.10135899368916,40.400407302521714],[20.101435739115562,40.4004650861663]]]},"properties":{"Zk_Numer":3067,"Zk_Emer":"PSAR","Nr_Pas":"59/5","Vol":2,"Faqe":55,"Pronaret":"SHTET","Kufizimet":"MBI KËTË PASURI NDODHEN DY NDËRTIME TE PALIGJSHME","Siperfaqe":23022}},
{"type":"Feature","geometry":{"type":"Polygon","coordinates":[[[20.102439500550382,40.40022373392699],[20.10253549503726,40.400088081797335],[20.102560096342128,40.39990281197901],[20.102718943077896,40.399910300824274],[20.102861893426244,40.39992080431525],[20.102878811376012,40.399928670434306],[20.102719735744756,40.40010620530414],[20.102865734598293,40.40017217780026],[20.103030773662137,40.399999326168285],[20.1031840143507,40.40007057594981],[20.10327010884549,40.40018531047644],[20.102829671975304,40.40045904036066],[20.10277545783866,40.400603904044125],[20.102609359416718,40.40057291647212],[20.102721944431405,40.40034239546186],[20.102504894930163,40.4004040525685],[20.102439500550382,40.40022373392699]]]},"properties":{"Zk_Numer":3067,"Zk_Emer":"PSAR","Nr_Pas":"58/1","Vol":1,"Faqe":172,"Pronaret":"SARA HALILAJ ESTREF, ESTREF HALILAJ XHEVIT, SHAZE HALILAJ HYSENJ, ARMANDO HALILAJ ESTREF, ARTA HALILAJ HEKURAN","Kufizimet":"","Siperfaqe":2675}},
{"type":"Feature","geometry":{"type":"Polygon","coordinates":[[[20.102878811376012,40.399928670434306],[20.103030773662137,40.399999326168285],[20.102865734598293,40.40017217780026],[20.102719735744756,40.40010620530414],[20.102878811376012,40.399928670434306]]]},"properties":{"Zk_Numer":3067,"Zk_Emer":"PSAR","Nr_Pas":"58/2","Vol":1,"Faqe":173,"Pronaret":"SHTET","Kufizimet":"MBI KËTË PASURI NDODHET NJË NDËRTIM I PALIGJSHËM, KJO PASURI POSEDOHET NGA ESTREF XHEVIT HALILI SIPAS AMTP-SE NR.1688","Siperfaqe":350}},
{"type":"Feature","geometry":{"type":"Polygon","coordinates":[[[20.104578519026248,40.39816200568605],[20.104508273183676,40.3982921037767],[20.104464816252452,40.39831557573707],[20.104394839189673,40.39828667373523],[20.10415839548512,40.39819457981105],[20.104316239621305,40.398044251544235],[20.10447808782795,40.398122453929396],[20.104559299096916,40.39815519008615],[20.104578519026248,40.39816200568605]]]},"properties":{"Zk_Numer":3067,"Zk_Emer":"PSAR","Nr_Pas":"71/1","Vol":1,"Faqe":188,"Pronaret":"SHTET","Kufizimet":"KJO PASURI OKUPOHET NGA AHMET SEFEDIN ADEMI","Siperfaqe":570}},
{"type":"Feature","geometry":{"type":"Polygon","coordinates":[[[20.104578519026248,40.39816200568605],[20.104559299096916,40.39815519008615],[20.10447808782795,40.398122453929396],[20.104316239621305,40.398044251544235],[20.104340428482942,40.39798190565321],[20.104385560505357,40.3978817103947],[20.104427685867247,40.3978223467083],[20.10447969865293,40.397772337784836],[20.104580247696184,40.3977073676344],[20.104661548149384,40.39766263151548],[20.104709337993196,40.39761920440712],[20.10477777944846,40.39755701084117],[20.104849597939292,40.39748038630034],[20.104920419352517,40.3974484502267],[20.104969575938686,40.39743366769589],[20.105024384789818,40.397428966767826],[20.105083317143357,40.39745676592888],[20.105158984066048,40.39749302470564],[20.105167318362067,40.39749879951225],[20.105184252577985,40.39754252721337],[20.105104523805068,40.39765914373441],[20.10498411260169,40.39781471637449],[20.104884942850376,40.397939698179705],[20.10474099159093,40.398030383367846],[20.104692008898713,40.39805415128237],[20.104578519026248,40.39816200568605]],[[20.10452881949544,40.39785883429129],[20.104695481625477,40.397934544541116],[20.10482737685963,40.39777706177898],[20.104667570253007,40.39769316651826],[20.10452881949544,40.39785883429129]]]},"properties":{"Zk_Numer":3067,"Zk_Emer":"PSAR","Nr_Pas":"71/2","Vol":1,"Faqe":189,"Pronaret":"SHTET","Kufizimet":"KJO PASURI OKUPOHET NGA RAMIZ SEFEDIN ADEMI","Siperfaqe":2449}},
{"type":"Feature","geometry":{"type":"Polygon","coordinates":[[[20.10452881949544,40.39785883429129],[20.104667570253007,40.39769316651826],[20.10482737685963,40.39777706177898],[20.104695481625477,40.397934544541116],[20.10452881949544,40.39785883429129]]]},"properties":{"Zk_Numer":3067,"Zk_Emer":"PSAR","Nr_Pas":"71/3","Vol":1,"Faqe":190,"Pronaret":"SHTET","Kufizimet":"KJO PASURI POSEDOHET NGA RAMIZ SEFEDIN ADEMI  SIPAS AMTP-SE NR.1700, MBI KËTË PASURI NDODHET NJË NDËRTIM I PALIGJSHËM","Siperfaqe":350}},
{"type":"Feature","geometry":{"type":"Polygon","coordinates":[[[20.105317257029224,40.39873251889156],[20.105054232004107,40.39863284671014],[20.105131545805232,40.398387449341925],[20.105426959876745,40.398497973272626],[20.105317257029224,40.39873251889156]]]},"properties":{"Zk_Numer":3067,"Zk_Emer":"PSAR","Nr_Pas":"76/1","Vol":2,"Faqe":85,"Pronaret":"ERJON SALIAJ MUHAMET, MUHAMET SALIAJ HETEM, LUMTURIJE SALIAJ HAMZA, EDMONDI SALIAJ MUHAMET, MINE SALIAJ ADEM, HETEM SALIAJ MUHAMET, ANILA SALIAJ MUHAMET, TOMOR SALIAJ MUHAMET","Kufizimet":"KUFIZOHET DERI NE PLOTESIMIN E DOKUMENTACIONIT \r\nTEKNIKO LIGJOR (CERTIFIKATE E GJENDJES FAMILJARE AKTUALE)","Siperfaqe":724}},
{"type":"Feature","geometry":{"type":"Polygon","coordinates":[[[20.105443483917632,40.39828361886333],[20.10539885669082,40.398407987137745],[20.105129744524366,40.39826154943847],[20.105183728576748,40.39814600877367],[20.105302608660093,40.39817369266257],[20.105443483917632,40.39828361886333]]]},"properties":{"Zk_Numer":3067,"Zk_Emer":"PSAR","Nr_Pas":"76/2","Vol":2,"Faqe":84,"Pronaret":"HETEM SALIAJ MUHAMET, MINE SALIAJ ADEM, ERJON SALIAJ MUHAMET, LUMTURIJE SALIAJ HAMZA, EDMONDI SALIAJ MUHAMET, TOMOR SALIAJ MUHAMET, ANILA SALIAJ MUHAMET, MUHAMET SALIAJ HETEM","Kufizimet":"KUFIZOHET DERI NE PLOTESIMIN E DOKUMENTACIONIT \r\nTEKNIKO LIGJOR (CERTIFIKATE E GJENDJES FAMILJARE AKTUALE)","Siperfaqe":408}},
{"type":"Feature","geometry":{"type":"Polygon","coordinates":[[[20.104585686344386,40.398289232302396],[20.104586700454316,40.39827291095],[20.104617747585174,40.39819021563742],[20.104720557680015,40.3980822573936],[20.104762336143942,40.39805331661568],[20.104839554488002,40.39821451923134],[20.104585686344386,40.398289232302396]]]},"properties":{"Zk_Numer":3067,"Zk_Emer":"PSAR","Nr_Pas":"74/1","Vol":2,"Faqe":189,"Pronaret":"SHTET","Kufizimet":"","Siperfaqe":276}},
{"type":"Feature","geometry":{"type":"Polygon","coordinates":[[[20.104957825162437,40.39948773822714],[20.105221294902147,40.39913277671095],[20.105363036655383,40.399272087292964],[20.105076352640584,40.3996071781004],[20.104957825162437,40.39948773822714]]]},"properties":{"Zk_Numer":3067,"Zk_Emer":"PSAR","Nr_Pas":"85/1","Vol":2,"Faqe":197,"Pronaret":"SHTET","Kufizimet":"","Siperfaqe":759}},
{"type":"Feature","geometry":{"type":"Polygon","coordinates":[[[20.105619759186336,40.39889067592549],[20.105410485048324,40.399193220339505],[20.10528944984339,40.39913817087231],[20.105239254658596,40.39911534093711],[20.105628739338485,40.398651061872705],[20.10564674799997,40.39871896956702],[20.105635995534836,40.398833240005494],[20.105619759186336,40.39889067592549]]]},"properties":{"Zk_Numer":3067,"Zk_Emer":"PSAR","Nr_Pas":"86/1","Vol":2,"Faqe":198,"Pronaret":"SHTET","Kufizimet":"","Siperfaqe":770}},
{"type":"Feature","geometry":{"type":"Polygon","coordinates":[[[20.104829125116172,40.39975634558772],[20.104421066018045,40.399650423149865],[20.10429903697468,40.39970068560453],[20.10418073027551,40.39961051810283],[20.104695074453087,40.399347046871604],[20.104923321988025,40.399212431816764],[20.10494319551184,40.39932776408486],[20.104921334435844,40.39962368249479],[20.104829125116172,40.39975634558772]]]},"properties":{"Zk_Numer":3067,"Zk_Emer":"PSAR","Nr_Pas":"83/1","Vol":2,"Faqe":96,"Pronaret":"HAJRO SALIAJ SHEFQET, HATIJEKO SALIAJ ALIKO, DRITAN SALIAJ SHEFQET, SHEFQET SALIAJ HAMIT, XHEMAL SALIAJ SHEFQET","Kufizimet":"KUFIZOHET DERI NE PLOTESIMIN E DOKUMENTACIONIT \r\nTEKNIKO LIGJOR (CERTIFIKATE E GJENDJES FAMILJARE AKTUALE), PASURIA KUFIZOHET PER DIF.FAKT-DOK BRENDA 20% TE TOTALIT TE AMTP","Siperfaqe":1938}},
{"type":"Feature","geometry":{"type":"Polygon","coordinates":[[[20.104097973532713,40.399607795404094],[20.103894268231635,40.39947158123796],[20.104514749684927,40.39914306666417],[20.104692127921606,40.39923417206939],[20.10464763794262,40.399329489927624],[20.104097973532713,40.399607795404094]]]},"properties":{"Zk_Numer":3067,"Zk_Emer":"PSAR","Nr_Pas":"84/1","Vol":2,"Faqe":92,"Pronaret":"FIZE SALIAJ HEKURAN, ERMELINDË SALIAJ HEKURAN, HEKURAN SALIAJ SHEFQET, MBETE SALIAJ HAJDER, HERVIS SALIAJ HEKURAN","Kufizimet":"KUFIZOHET DERI NE PLOTESIMIN E DOKUMENTACIONIT \r\nTEKNIKO LIGJOR (CERTIFIKATE E GJENDJES FAMILJARE AKTUALE)","Siperfaqe":1470}},
{"type":"Feature","geometry":{"type":"Polygon","coordinates":[[[20.10379737692322,40.39934439435157],[20.10403137882598,40.39918423335814],[20.104122687826717,40.39924749798167],[20.104102082356093,40.39932828374944],[20.103870085005678,40.39944410030415],[20.10379737692322,40.39934439435157]]]},"properties":{"Zk_Numer":3067,"Zk_Emer":"PSAR","Nr_Pas":"78/1","Vol":2,"Faqe":100,"Pronaret":"SHTET","Kufizimet":"KJO PASURI OKUPOHET NGA SALI SALIAJ","Siperfaqe":402}},
{"type":"Feature","geometry":{"type":"Polygon","coordinates":[[[20.10379737692322,40.39934439435157],[20.103780790045555,40.39953280052943],[20.10353136619496,40.39956757144506],[20.103664210072516,40.399366735759045],[20.10379737692322,40.39934439435157]]]},"properties":{"Zk_Numer":3067,"Zk_Emer":"PSAR","Nr_Pas":"79/1","Vol":2,"Faqe":196,"Pronaret":"SHTET","Kufizimet":"","Siperfaqe":331}},
{"type":"Feature","geometry":{"type":"Polygon","coordinates":[[[20.102860326813655,40.40094964570626],[20.102779244291966,40.40082270205595],[20.10277545783866,40.400603904044125],[20.102829671975304,40.40045904036066],[20.10327010884549,40.40018531047644],[20.103369774353048,40.400264347777345],[20.10313438900845,40.40040017608595],[20.10304123998768,40.40051657736543],[20.103004855369644,40.40067790034167],[20.102992812099718,40.40072129991185],[20.10297340881614,40.400858949337206],[20.102931848872775,40.400873449287054],[20.10294432665837,40.40091297634505],[20.102882551116462,40.40094304318471],[20.102860326813655,40.40094964570626]]]},"properties":{"Zk_Numer":3067,"Zk_Emer":"PSAR","Nr_Pas":"56/1","Vol":2,"Faqe":130,"Pronaret":"FATBARDHA JAUPI SADIK, PELLUMB JAUPI MYSLIM, MYSLIM JAUPI FIDAI, ALBANA JAUPI MYSLIM","Kufizimet":"PASURIA KUFIZOHET PER DIF.FAKT-DOK BRENDA 20% TE TOTALIT TE AMTP, KUFIZOHET DERI NE PLOTESIMIN E DOKUMENTACIONIT \r\nTEKNIKO LIGJOR (CERTIFIKATE E GJENDJES FAMILJARE AKTUALE)","Siperfaqe":1424}},
{"type":"Feature","geometry":{"type":"Polygon","coordinates":[[[20.10378358056173,40.400617019800414],[20.103595888182337,40.400634523832714],[20.103371394865107,40.40068188691737],[20.103235675967714,40.40068543928851],[20.103267812656206,40.400524850258854],[20.103437422681782,40.40039925104727],[20.103574522128767,40.400420669653286],[20.10367263554657,40.40044479771173],[20.1038160592556,40.40051123821896],[20.10378358056173,40.400617019800414]]]},"properties":{"Zk_Numer":3067,"Zk_Emer":"PSAR","Nr_Pas":"55/1","Vol":2,"Faqe":133,"Pronaret":"LAVDIMIR SUBASHI JAHO, LUMTURI SUBASHI MESTAN, JAHO SUBASHI FEJZO, ERVIST SUBASHI JAHO, JULJANA SUBASHI JAHO, ENKELETA SUBASHI JAHO, ELIDE SUBASHI JAHO","Kufizimet":"KUFIZOHET DERI NE PLOTESIMIN E DOKUMENTACIONIT \r\nTEKNIKO LIGJOR (CERTIFIKATE E GJENDJES FAMILJARE AKTUALE), PASURIA KUFIZOHET PER DIF.FAKT-DOK MBI 20% TE TOTALIT TE AMTP","Siperfaqe":1049}},
{"type":"Feature","geometry":{"type":"Polygon","coordinates":[[[20.10314563198821,40.401096944756716],[20.103145382808766,40.40109694330253],[20.103059733305194,40.40109644342873],[20.10303298130116,40.401095397334124],[20.10303003204816,40.40105895765716],[20.103013005303787,40.400970565138024],[20.10296346426641,40.400903661847366],[20.10294432665837,40.40091297634505],[20.102931848872775,40.400873449287054],[20.10297340881614,40.400858949337206],[20.102992812099718,40.40072129991185],[20.103004855369644,40.40067790034167],[20.10310572262026,40.40070407969713],[20.10320638612137,40.40073097623669],[20.103309970245007,40.40072023506675],[20.103650216281533,40.40068724366313],[20.103488879702567,40.400841356581616],[20.10347373063229,40.40085582732181],[20.103484958173798,40.40094877350729],[20.103305915806924,40.400968243072704],[20.103139259938175,40.40098636543664],[20.10314563198821,40.401096944756716]]]},"properties":{"Zk_Numer":3067,"Zk_Emer":"PSAR","Nr_Pas":"56/2","Vol":2,"Faqe":10,"Pronaret":"FEJZO SUBASHI ISUF, ISUF SUBASHI FEJZO, GRAMOS SUBASHI ISUF, DILAVERE SUBASHI HAKI","Kufizimet":"","Siperfaqe":1476}},
{"type":"Feature","geometry":{"type":"Polygon","coordinates":[[[20.103369774353048,40.400264347777345],[20.103408644216557,40.40036005752178],[20.10332194770907,40.400375984827264],[20.10324945316518,40.40043548635488],[20.103168845692764,40.400522229169574],[20.103145115466063,40.40060113790059],[20.10320638612137,40.40073097623669],[20.10310572262026,40.40070407969713],[20.103004855369644,40.40067790034167],[20.10304123998768,40.40051657736543],[20.10313438900845,40.40040017608595],[20.103369774353048,40.400264347777345]]]},"properties":{"Zk_Numer":3067,"Zk_Emer":"PSAR","Nr_Pas":"56/3","Vol":2,"Faqe":131,"Pronaret":"SHTET","Kufizimet":"KJO PASURI OKUPOHET NGA ESTREF HALILI","Siperfaqe":562}},
{"type":"Feature","geometry":{"type":"Polygon","coordinates":[[[20.104672166179245,40.39845296312708],[20.104689226587514,40.3984100921378],[20.10501848662234,40.398478091589254],[20.104973728398626,40.39868414617784],[20.104898585229904,40.398680283791734],[20.104744245445453,40.39864452748042],[20.104682106355863,40.39858131058452],[20.10463865115222,40.398519355540266],[20.104672166179245,40.39845296312708]],[[20.10494593780771,40.39867299667417],[20.105000510491767,40.3984917745333],[20.104810778043806,40.39845622418205],[20.104748851819803,40.398637923381735],[20.10494593780771,40.39867299667417]]]},"properties":{"Zk_Numer":3067,"Zk_Emer":"PSAR","Nr_Pas":"75/1","Vol":1,"Faqe":186,"Pronaret":"ANILA SALIAJ MUHAMET, HETEM SALIAJ MUHAMET, LUMTURIJE SALIAJ HAMZA, TOMOR SALIAJ MUHAMET, MUHAMET SALIAJ HETEM, MINE SALIAJ ADEM, ERJON SALIAJ MUHAMET, EDMONDI SALIAJ MUHAMET","Kufizimet":"KUFIZOHET DERI NE PLOTESIMIN E DOKUMENTACIONIT \r\nTEKNIKO LIGJOR (CERTIFIKATE E GJENDJES FAMILJARE AKTUALE)","Siperfaqe":325}},
{"type":"Feature","geometry":{"type":"Polygon","coordinates":[[[20.10494593780771,40.39867299667417],[20.104748851819803,40.398637923381735],[20.104810778043806,40.39845622418205],[20.105000510491767,40.3984917745333],[20.10494593780771,40.39867299667417]]]},"properties":{"Zk_Numer":3067,"Zk_Emer":"PSAR","Nr_Pas":"75/2","Vol":1,"Faqe":187,"Pronaret":"SHTET","Kufizimet":"KJO PASURI POSEDOHET NGA MUHAMET HETEM SALIAJ  SIPAS AMTP-SE NR.1693","Siperfaqe":350}},
{"type":"Feature","geometry":{"type":"Polygon","coordinates":[[[20.104436646732566,40.3985937350899],[20.1044996200385,40.398605294464915],[20.104525910466688,40.39865520753704],[20.104594143126715,40.39878937392438],[20.104725677116456,40.398923050687934],[20.104577892143407,40.39907966893719],[20.104494405040768,40.39906922225496],[20.104427235476958,40.39904986946407],[20.104439489756547,40.39902738792455],[20.10455753266299,40.399058774530744],[20.104634941473197,40.39888418428598],[20.10439872803083,40.39882182169418],[20.104372143915672,40.39887766226594],[20.10425262426172,40.398845226818175],[20.1041895268876,40.3990223125277],[20.104096310261525,40.3990040617514],[20.10411772596136,40.398940128255944],[20.104170589766127,40.39873142716107],[20.104319402780366,40.398750893291904],[20.104442956794305,40.39874386132222],[20.104436646732566,40.3985937350899]]]},"properties":{"Zk_Numer":3067,"Zk_Emer":"PSAR","Nr_Pas":"72/1","Vol":1,"Faqe":192,"Pronaret":"SHTET","Kufizimet":"MBI KËTË PASURI NDODHET NJË NDËRTIM I PALIGJSHËM, KJO PASURI OKUPOHET NGA SALI SALIAJ , HEKURAN SALIAJ","Siperfaqe":929}},
{"type":"Feature","geometry":{"type":"Polygon","coordinates":[[[20.104372143915672,40.39887766226594],[20.104443273212894,40.39889745505597],[20.104387314128886,40.39901351482053],[20.104439489756547,40.39902738792455],[20.104427235476958,40.39904986946407],[20.104414344799434,40.399077223407716],[20.104285171812535,40.399041038649415],[20.1041895268876,40.3990223125277],[20.10425262426172,40.398845226818175],[20.104372143915672,40.39887766226594]]]},"properties":{"Zk_Numer":3067,"Zk_Emer":"PSAR","Nr_Pas":"72/2","Vol":1,"Faqe":193,"Pronaret":"SHTET","Kufizimet":"KJO PASURI POSEDOHET NGA SALI MALIQ SALIAJ SIPAS AMTP-SE NR.1686, MBI KËTË PASURI NDODHEN DY NDËRTESA TE PALIGJSHME","Siperfaqe":350}},
{"type":"Feature","geometry":{"type":"Polygon","coordinates":[[[20.104372143915672,40.39887766226594],[20.10439872803083,40.39882182169418],[20.104634941473197,40.39888418428598],[20.10455753266299,40.399058774530744],[20.10443948975655,40.39902738792455],[20.104387314128886,40.39901351482053],[20.104443273212894,40.39889745505597],[20.104372143915672,40.39887766226594]]]},"properties":{"Zk_Numer":3067,"Zk_Emer":"PSAR","Nr_Pas":"72/3","Vol":2,"Faqe":102,"Pronaret":"SHTET","Kufizimet":"MBI KËTË PASURI NDODHET NJË NDËRTIM I PALIGJSHËM , KJO PASURI POSEDOHET NGA SHEFQET HAMIT SALIAJ  SIPAS AMTP-SE NR.1685","Siperfaqe":350}},
{"type":"Feature","geometry":{"type":"Polygon","coordinates":[[[20.104436646732566,40.3985937350899],[20.104442956794305,40.39874386132222],[20.104319402780366,40.398750893291904],[20.104170589766127,40.39873142716107],[20.10422267121933,40.39858452233578],[20.104280721740263,40.398586647593454],[20.104436646732566,40.3985937350899]]]},"properties":{"Zk_Numer":3067,"Zk_Emer":"PSAR","Nr_Pas":"72/4","Vol":2,"Faqe":103,"Pronaret":"SHTET","Kufizimet":"","Siperfaqe":359}},
{"type":"Feature","geometry":{"type":"Polygon","coordinates":[[[20.104436646732566,40.3985937350899],[20.104280721740263,40.398586647593454],[20.10422267121933,40.39858452233578],[20.104243369884873,40.398526137954036],[20.104355459194093,40.398413961108844],[20.10454433200504,40.39831937300221],[20.104518513620345,40.39845748782686],[20.10446088216706,40.398551621143035],[20.104436646732566,40.3985937350899]]]},"properties":{"Zk_Numer":3067,"Zk_Emer":"PSAR","Nr_Pas":"72/5","Vol":1,"Faqe":194,"Pronaret":"SHTET","Kufizimet":"KJO PASURI OKUPOHET NGA SHEFQET SALIAJ, SALI SALIAJ","Siperfaqe":430}},
{"type":"Feature","geometry":{"type":"Polygon","coordinates":[[[20.104578519026248,40.39816200568605],[20.104692008898713,40.39805415128237],[20.10474099159093,40.398030383367846],[20.104884942850376,40.397939698179705],[20.10498411260169,40.39781471637449],[20.105104523805068,40.39765914373441],[20.105184252577985,40.39754252721337],[20.105167318362067,40.39749879951225],[20.105223410059434,40.39753766522547],[20.105250805815608,40.397560276793236],[20.10525377029233,40.39756282674824],[20.105238241151184,40.3975693445898],[20.1052044091487,40.3975979410626],[20.105138738812713,40.397664696087084],[20.104996822612357,40.397853889743104],[20.104906635401097,40.39796725361101],[20.10480161470649,40.39802264650932],[20.104762336143942,40.39805331661568],[20.104720557680015,40.3980822573936],[20.104617747585174,40.39819021563742],[20.104586700454316,40.39827291095],[20.104585686344386,40.398289232302396],[20.104577931188693,40.39841404556402],[20.104554257652406,40.398473781824045],[20.10450394369163,40.3985592012828],[20.1044996200385,40.398605294464915],[20.104436646732566,40.3985937350899],[20.10446088216706,40.398551621143035],[20.104518513620345,40.39845748782686],[20.10454433200504,40.39831937300221],[20.104355459194093,40.398413961108844],[20.104243369884873,40.398526137954036],[20.10422267121933,40.39858452233578],[20.104170589766127,40.39873142716107],[20.10411772596136,40.398940128255944],[20.104096310261525,40.3990040617514],[20.104061984422838,40.39906021055814],[20.103983298007353,40.39913183391586],[20.103816823531982,40.399256700077],[20.103701714927325,40.39934285932655],[20.103585931110125,40.3993923121472],[20.10346440247392,40.39941943180625],[20.10337786600643,40.399455913557446],[20.103262327325773,40.399531544306484],[20.103204751266976,40.399619767662365],[20.103202336693965,40.399683476424485],[20.10329667971013,40.39982443676562],[20.103412335221517,40.40000758764077],[20.103360197786177,40.40001354330499],[20.10315250706835,40.39966607855067],[20.10317506005517,40.39957741301225],[20.103234912105794,40.39950205618076],[20.10329884527134,40.39946474058792],[20.1033757811509,40.3994216882317],[20.103452958079743,40.39939276833247],[20.10358605364189,40.3993596317684],[20.10367898616825,40.39932080234975],[20.103731462564884,40.399285898865465],[20.10375083698117,40.399271594081426],[20.10376947850773,40.39925783040573],[20.103898356570816,40.399157915624855],[20.10395705870789,40.39911240570772],[20.104028833949442,40.39903577742739],[20.10407385189938,40.3989295026296],[20.10412114786301,40.39873062591665],[20.104199672783405,40.398512931179525],[20.104338399509356,40.39838756811487],[20.104464816252452,40.39831557573707],[20.104508273183676,40.3982921037767],[20.104578519026248,40.39816200568605]]]},"properties":{"Zk_Numer":3067,"Zk_Emer":"PSAR","Nr_Pas":"72/6","Vol":2,"Faqe":51,"Pronaret":"SHTET","Kufizimet":"","Siperfaqe":1402}},
{"type":"Feature","geometry":{"type":"Polygon","coordinates":[[[20.105033148859718,40.39926152742443],[20.104959155985224,40.39922030707461],[20.105090085917542,40.398920323097514],[20.105231121160948,40.398931284337806],[20.105137969191848,40.399104875583056],[20.105033148859718,40.39926152742443]]]},"properties":{"Zk_Numer":3067,"Zk_Emer":"PSAR","Nr_Pas":"85/2","Vol":2,"Faqe":86,"Pronaret":"EDMONDI SALIAJ MUHAMET, ANILA SALIAJ MUHAMET, ERJON SALIAJ MUHAMET, LUMTURIJE SALIAJ HAMZA, TOMOR SALIAJ MUHAMET, MUHAMET SALIAJ HETEM, MINE SALIAJ ADEM, HETEM SALIAJ MUHAMET","Kufizimet":"KUFIZOHET DERI NE PLOTESIMIN E DOKUMENTACIONIT \r\nTEKNIKO LIGJOR (CERTIFIKATE E GJENDJES FAMILJARE AKTUALE)","Siperfaqe":377}},
{"type":"Feature","geometry":{"type":"Polygon","coordinates":[[[20.098692632521168,40.40718860354566],[20.098728428070537,40.40713951584646],[20.09879768319891,40.407071265574196],[20.098864687097002,40.40702794339875],[20.09889503568788,40.406987890191054],[20.098911500237264,40.40692257483997],[20.09891285492207,40.40686337370615],[20.098922723756512,40.4067983061475],[20.098929018951303,40.40676180390513],[20.098936394509682,40.40672101979373],[20.098959658249836,40.40660670682457],[20.09897293725699,40.40657031831196],[20.09899441543165,40.40654458744454],[20.0990224774983,40.406519463648024],[20.099085007843833,40.40648365375562],[20.0991416701874,40.406469686880925],[20.09919184664509,40.40645778227793],[20.09925913192645,40.4064490601414],[20.09940451758233,40.40643884889461],[20.099474021609314,40.40641277690854],[20.099539228309187,40.406379414328576],[20.099621770153597,40.40630456054406],[20.099663827075954,40.406212755041174],[20.099720272595967,40.40610761047917],[20.09974832016482,40.40603522544456],[20.099806244649027,40.405967950166705],[20.099923635346695,40.405910908444724],[20.10009115670262,40.4058826975389],[20.100277189342385,40.40586875243175],[20.10056359206931,40.40580003346617],[20.100635976739667,40.40574971582317],[20.100658289040734,40.40573847699739],[20.10068827882596,40.40573690001175],[20.10071240851705,40.405737395989426],[20.10073835865609,40.40574891842569],[20.100751748726907,40.40576558624357],[20.100782704144116,40.40580062553104],[20.100799818084766,40.40581710546271],[20.10063358907464,40.405887651165685],[20.100237129918927,40.406078601113144],[20.10013663707787,40.40623672768653],[20.099740978736055,40.40657589431007],[20.099479706444743,40.406898761322736],[20.09928769412668,40.40713603803064],[20.09897293033269,40.4074592777332],[20.098836378846265,40.40748290754826],[20.098786538500562,40.40743845650655],[20.09875025907071,40.4073983118959],[20.09872388759179,40.407342088554],[20.09869879530767,40.407270902425225],[20.098692632521168,40.40718860354566]]]},"properties":{"Zk_Numer":3067,"Zk_Emer":"PSAR","Nr_Pas":"2/1","Vol":1,"Faqe":227,"Pronaret":"SHABAN MERSINI XHAFER, RAHIME MERSINI ISMAIL, LEONARDO MERSINI SHABAN, SHPRESË MERSINI SHABAN, GENTIAN MERSINI SHABAN, ARTAN MERSINI SHABAN, AGRON MERSINI SHABAN","Kufizimet":"KUFIZOHET DERI NE PLOTESIMIN E DOKUMENTACIONIT \r\nTEKNIKO LIGJOR (CERTIFIKATE E GJENDJES FAMILJARE AKTUALE)","Siperfaqe":8553}},
{"type":"Feature","geometry":{"type":"Polygon","coordinates":[[[20.100312128849065,40.406152380416444],[20.100034688818525,40.40643625038615],[20.099537651111692,40.40692535742358],[20.099479706444743,40.406898761322736],[20.099740978736055,40.40657589431007],[20.10013663707787,40.40623672768653],[20.100237129918927,40.406078601113144],[20.10063358907464,40.405887651165685],[20.100799818084766,40.40581710546271],[20.100834019959493,40.40585004025105],[20.100948470265106,40.405960250175525],[20.101069152062436,40.406076460200055],[20.10115678383581,40.40618577979472],[20.10123754009788,40.40627644591178],[20.10132360685889,40.40633132174008],[20.101394996665086,40.40635552276927],[20.101464336837175,40.406369077806204],[20.101601388608483,40.40637955400514],[20.101644690390874,40.40638081892773],[20.101643592677117,40.40640277842481],[20.101233367378786,40.40722387930833],[20.100934622576062,40.40730470197787],[20.100724035334004,40.40738059490662],[20.1007640357917,40.407121419774974],[20.10075239724876,40.40674100730185],[20.100901069771496,40.406408485244775],[20.100961299013857,40.406144097579116],[20.10070837420273,40.40592628992072],[20.100312128849065,40.406152380416444]]]},"properties":{"Zk_Numer":3067,"Zk_Emer":"PSAR","Nr_Pas":"11","Vol":2,"Faqe":68,"Pronaret":"SHTET","Kufizimet":"","Siperfaqe":8042}},
{"type":"Feature","geometry":{"type":"Polygon","coordinates":[[[20.102513662988148,40.40624735540187],[20.102814842518296,40.40660679815901],[20.10301118946485,40.40675837593933],[20.103507964036737,40.40690966715774],[20.1031435160894,40.40716352002317],[20.103070350351945,40.407407239950274],[20.102706507352256,40.40707299811823],[20.102682100894114,40.40705057713561],[20.102405919495837,40.4067621118903],[20.102373572719166,40.40672832620567],[20.101643592677117,40.40640277842481],[20.101644690390874,40.40638081892773],[20.101703254718114,40.40638252967069],[20.101873183964923,40.40638138010428],[20.102259161181507,40.40634540527629],[20.10232645704487,40.40633735978172],[20.102428339443232,40.406296420786795],[20.102513662988148,40.40624735540187]],[[20.10235656017423,40.40659153326845],[20.102452965172198,40.40638864408782],[20.102287233654458,40.40634599954542],[20.102195369760498,40.406547896213674],[20.10235656017423,40.40659153326845]],[[20.10235656017423,40.40659153326845],[20.102558404619963,40.4067688543901],[20.10266284725144,40.40668773755764],[20.102443333351964,40.406490031679866],[20.10235656017423,40.40659153326845]]]},"properties":{"Zk_Numer":3067,"Zk_Emer":"PSAR","Nr_Pas":"5/3","Vol":2,"Faqe":67,"Pronaret":"SHTET","Kufizimet":"KJO PASURI OKUPOHET NGA FATLLI LAZAJ, GEZIM LAZAJ, NEXHIP LAZAJ","Siperfaqe":5453}},
{"type":"Feature","geometry":{"type":"Polygon","coordinates":[[[20.10235656017423,40.40659153326845],[20.102443333351964,40.406490031679866],[20.10266284725144,40.40668773755764],[20.102558404619963,40.4067688543901],[20.10235656017423,40.40659153326845]]]},"properties":{"Zk_Numer":3067,"Zk_Emer":"PSAR","Nr_Pas":"5/4","Vol":1,"Faqe":221,"Pronaret":"SHTET","Kufizimet":"PASURIA KUFIZOHET PER DIF.FAKT-DOK BRENDA 20% TE TOTALIT TE AMTP, KJO PASURI POSEDOHET NGA NEXHIP FATLLI LAZAJ  SIPAS AMTP-SE NR.1678","Siperfaqe":350}},
{"type":"Feature","geometry":{"type":"Polygon","coordinates":[[[20.10235656017423,40.40659153326845],[20.102195369760498,40.406547896213674],[20.102287233654458,40.40634599954542],[20.102452965172198,40.40638864408782],[20.10235656017423,40.40659153326845]]]},"properties":{"Zk_Numer":3067,"Zk_Emer":"PSAR","Nr_Pas":"5/5","Vol":1,"Faqe":225,"Pronaret":"SHTET","Kufizimet":"KJO PASURI POSEDOHET NGA GËZIM FATLLI LAZAJ  SIPAS AMTP-SE NR.1677","Siperfaqe":350}},
{"type":"Feature","geometry":{"type":"Polygon","coordinates":[[[20.102513662988148,40.40624735540187],[20.10318044596852,40.40586087087209],[20.103506966721262,40.40620686872978],[20.103802011438273,40.40643570620672],[20.1037292594987,40.40667017376597],[20.103507964036737,40.40690966715774],[20.10301118946485,40.40675837593933],[20.102814842518296,40.40660679815901],[20.102513662988148,40.40624735540187]]]},"properties":{"Zk_Numer":3067,"Zk_Emer":"PSAR","Nr_Pas":"13/1","Vol":2,"Faqe":1,"Pronaret":"SHTET","Kufizimet":"KJO PASURI OKUPOHET NGA FATLLI NEXHIP LAZAJ, GËZIM LAZAJ, NEXHIP LAZAJ","Siperfaqe":7070}},
{"type":"Feature","geometry":{"type":"Polygon","coordinates":[[[20.10232645704487,40.40633735978172],[20.102318091777953,40.406296409237065],[20.10234182839736,40.40629357569926],[20.102461296242176,40.40622407267556],[20.102820578437587,40.405950173074785],[20.102986415189488,40.40586090244858],[20.103092378774363,40.40581645483633],[20.103230530006567,40.40582758546093],[20.10329557308407,40.40588846160056],[20.103405929929835,40.40601005176005],[20.10349019271336,40.40611132159485],[20.103632726702024,40.406288498709905],[20.103730371001046,40.406374788214585],[20.103802011438273,40.40643570620672],[20.103506966721262,40.40620686872978],[20.10318044596852,40.40586087087209],[20.102513662988148,40.40624735540187],[20.102428339443232,40.406296420786795],[20.10232645704487,40.40633735978172]]]},"properties":{"Zk_Numer":3067,"Zk_Emer":"PSAR","Nr_Pas":"13/2","Vol":2,"Faqe":61,"Pronaret":"SHTET","Kufizimet":"","Siperfaqe":1018}},
{"type":"Feature","geometry":{"type":"Polygon","coordinates":[[[20.104622311867008,40.40665838780407],[20.10405052132826,40.4069529810191],[20.103507964036737,40.40690966715774],[20.1037292594987,40.40667017376597],[20.103802011438273,40.40643570620672],[20.103840796063235,40.40649135351679],[20.10399072853493,40.40660822490972],[20.10418754179103,40.406665087744344],[20.104371865054393,40.4066715407932],[20.104622311867008,40.40665838780407]],[[20.103803563349995,40.40683996140709],[20.10405481939682,40.40689717107807],[20.104211103163863,40.4067920694323],[20.10413071972438,40.40665608352516],[20.103889706075957,40.40667979787726],[20.103803563349995,40.40683996140709]]]},"properties":{"Zk_Numer":3067,"Zk_Emer":"PSAR","Nr_Pas":"13/4","Vol":2,"Faqe":66,"Pronaret":"SHTET","Kufizimet":"","Siperfaqe":1602}},
{"type":"Feature","geometry":{"type":"Polygon","coordinates":[[[20.103803563349995,40.40683996140709],[20.103889706075957,40.40667979787726],[20.10413071972438,40.40665608352516],[20.104211103163863,40.4067920694323],[20.10405481939682,40.40689717107807],[20.103803563349995,40.40683996140709]]]},"properties":{"Zk_Numer":3067,"Zk_Emer":"PSAR","Nr_Pas":"13/3","Vol":2,"Faqe":2,"Pronaret":"SHTET","Kufizimet":"KJO PASURI OKUPOHET NGA FATLLI NEXHIP LAZAJ, GËZIM LAZAJ, NEXHIP LAZAJ","Siperfaqe":618}},
{"type":"Feature","geometry":{"type":"Polygon","coordinates":[[[20.099775540623924,40.405435211331856],[20.099824891671883,40.4055369759729],[20.099312322504066,40.40571139693099],[20.099158602025735,40.40604135178974],[20.09950590196753,40.40627075150671],[20.09971147685105,40.40595603694774],[20.099824734095964,40.40588878978206],[20.09998957026169,40.40585581162198],[20.0998273302594,40.40590497027625],[20.09975446867686,40.405951273734836],[20.09973087339824,40.40598919509563],[20.09966824405495,40.40611293110473],[20.09960705778345,40.406233815583036],[20.099497072895137,40.40635305872289],[20.09940192882761,40.40639516525005],[20.099294909320772,40.406411106460375],[20.09920010392699,40.4064210936594],[20.09909662257761,40.40644193978536],[20.099049978320547,40.40645896115056],[20.09898961129946,40.4064809901693],[20.09894490092504,40.40653659939944],[20.098907141817676,40.406622635422146],[20.098896502275498,40.40669226812579],[20.098875126300097,40.406804831570234],[20.098872308077176,40.40690389201789],[20.09885605111956,40.40695588389305],[20.098828703650423,40.4069980776792],[20.098769882282273,40.407046807952845],[20.098733422754705,40.4070821381314],[20.098688114756094,40.40712827242677],[20.098677434250217,40.40698564242374],[20.098887908466484,40.40662383024532],[20.09897256587993,40.40646546914198],[20.099379376840805,40.40635832304721],[20.099179422678716,40.40621164862328],[20.09852333564952,40.40609848931488],[20.09827799814106,40.40685485204137],[20.098178799315097,40.4068584454156],[20.09821675577186,40.40679576734176],[20.098251337272316,40.40666908919251],[20.098368811168662,40.40623297759082],[20.09843642301915,40.40587065377667],[20.098376555556555,40.4057241747461],[20.09829437467695,40.405564617036845],[20.098320872981354,40.40526414527027],[20.09841901184942,40.405067343035846],[20.09866743126538,40.40498769187488],[20.098999508003903,40.40495159349669],[20.099048200781304,40.404954173252065],[20.099049707239995,40.40502289294914],[20.099177212397763,40.405253751408516],[20.0991463077142,40.40537681678789],[20.099231466021983,40.405635772986315],[20.099637542462766,40.40546083418624],[20.09972347244034,40.40545970989874],[20.099762604683644,40.405441297816495],[20.099775540623924,40.405435211331856]]]},"properties":{"Zk_Numer":3067,"Zk_Emer":"PSAR","Nr_Pas":"1/3","Vol":2,"Faqe":79,"Pronaret":"SHTET","Kufizimet":"","Siperfaqe":11473}},
{"type":"Feature","geometry":{"type":"Polygon","coordinates":[[[20.10475193869426,40.396923636713595],[20.10496413205185,40.39673220169003],[20.105092604319022,40.39680627392341],[20.10496343373927,40.39697702578217],[20.10475193869426,40.396923636713595]]]},"properties":{"Zk_Numer":3067,"Zk_Emer":"PSAR","Nr_Pas":"107","Vol":2,"Faqe":183,"Pronaret":"SHTET","Kufizimet":"","Siperfaqe":393}},
{"type":"Feature","geometry":{"type":"Polygon","coordinates":[[[20.105205933615476,40.396284350176586],[20.105147988816135,40.39609686703804],[20.105483662408535,40.3960663577696],[20.105921501088762,40.395850988427924],[20.105944175170265,40.39596643140429],[20.10569348394403,40.396140696454154],[20.105566318958118,40.39622450708749],[20.10542545583633,40.396277098877164],[20.10530898821893,40.396285481129254],[20.105205933615476,40.396284350176586]]]},"properties":{"Zk_Numer":3067,"Zk_Emer":"PSAR","Nr_Pas":"110/1","Vol":2,"Faqe":108,"Pronaret":"MAJLINDA HAJDINAJ FUAT, FUAT HAJDINAJ KASO, SOSE HAJDINAJ INDRIS, MIRJAN HAJDINAJ FUAT, SUELA HAJDINAJ FUAT, RAZIE HAJDINAJ FUAT","Kufizimet":"KUFIZOHET DERI NE PLOTESIMIN E DOKUMENTACIONIT \r\nTEKNIKO LIGJOR (CERTIFIKATE E GJENDJES FAMILJARE AKTUALE)","Siperfaqe":1300}},
{"type":"Feature","geometry":{"type":"Polygon","coordinates":[[[20.10441762962976,40.40054781252296],[20.104442626122683,40.40057381732584],[20.10445621651517,40.400619939644855],[20.104448779457755,40.40062830143534],[20.104389915494693,40.40076753225775],[20.104217260868957,40.40090976379613],[20.104177805454924,40.40093390846094],[20.103879186848012,40.40111843405376],[20.103814977368007,40.40112034625379],[20.103889505127928,40.40102490406925],[20.104169533842434,40.40086183554563],[20.104291983896985,40.400787062251126],[20.10437513794583,40.400680928153974],[20.10441762962976,40.40054781252296]]]},"properties":{"Zk_Numer":3067,"Zk_Emer":"PSAR","Nr_Pas":"81/2","Vol":2,"Faqe":135,"Pronaret":"SHTET","Kufizimet":"","Siperfaqe":479}},
{"type":"Feature","geometry":{"type":"Polygon","coordinates":[[[20.10438850950139,40.399767561022166],[20.104133938897316,40.39980332015913],[20.104052726226186,40.3998147278509],[20.1038764817819,40.39993759553262],[20.104066297058868,40.40007723294983],[20.103919900309176,40.40002245239867],[20.103719493910315,40.39970074948791],[20.1037035320576,40.399659924429315],[20.104554029371837,40.399743509589825],[20.10438850950139,40.399767561022166]]]},"properties":{"Zk_Numer":3067,"Zk_Emer":"PSAR","Nr_Pas":"82/8","Vol":2,"Faqe":195,"Pronaret":"SHTET","Kufizimet":"","Siperfaqe":889}},
{"type":"Feature","geometry":{"type":"Polygon","coordinates":[[[20.10374059388817,40.397607286100786],[20.103771029270163,40.397413838472566],[20.103851711161933,40.397357355108966],[20.10393791977723,40.397356124938774],[20.104051511972095,40.39736851351536],[20.103998050050414,40.3975312113245],[20.10395692242354,40.39766449481068],[20.1039536615105,40.39769142404132],[20.103734458995955,40.39769034370285],[20.103737036828967,40.3976298947361],[20.10374059388817,40.397607286100786]]]},"properties":{"Zk_Numer":3067,"Zk_Emer":"PSAR","Nr_Pas":"70/1","Vol":1,"Faqe":203,"Pronaret":"SHTET","Kufizimet":"KJO PASURI OKUPOHET NGA ABEDIN IBRAHIM HAJDINI","Siperfaqe":753}},
{"type":"Feature","geometry":{"type":"Polygon","coordinates":[[[20.10417786001173,40.3974000585324],[20.10419177787635,40.39743064276454],[20.104205177743577,40.397458187753564],[20.104203459954547,40.39751293419989],[20.104184520009447,40.3975988402206],[20.10414743458789,40.397690439516914],[20.1039536615105,40.39769142404132],[20.10395692242354,40.39766449481068],[20.103998050050414,40.3975312113245],[20.104051511972095,40.39736851351536],[20.10417786001173,40.3974000585324]]]},"properties":{"Zk_Numer":3067,"Zk_Emer":"PSAR","Nr_Pas":"70/2","Vol":1,"Faqe":204,"Pronaret":"SHTET","Kufizimet":"KJO PASURI OKUPOHET NGA ADEM IBRAHIM HAJDINI","Siperfaqe":547}},
{"type":"Feature","geometry":{"type":"Polygon","coordinates":[[[20.1039473582037,40.39786034416815],[20.103920266495418,40.3978609855019],[20.103853534212714,40.39786408312763],[20.103726940367693,40.39786665137856],[20.103734458995955,40.39769034370285],[20.1039536615105,40.39769142404132],[20.103938902253,40.39781330848535],[20.1039473582037,40.39786034416815]]]},"properties":{"Zk_Numer":3067,"Zk_Emer":"PSAR","Nr_Pas":"70/3","Vol":1,"Faqe":202,"Pronaret":"SHTET","Kufizimet":"KJO PASURI POSEDOHET NGA ABEDIN IBRAHIM HAJDINI  SIPAS AMTP-SE NR.1698, MBI KËTË PASURI NDODHET NJË NDËRTIM I PALIGJSHËM","Siperfaqe":350}},
{"type":"Feature","geometry":{"type":"Polygon","coordinates":[[[20.104139989302805,40.397853555246286],[20.104079042922795,40.39787042231611],[20.1039516077255,40.39788398183502],[20.1039473582037,40.39786034416815],[20.103938902253,40.39781330848535],[20.1039536615105,40.39769142404132],[20.10414743458789,40.397690439516914],[20.104159608240447,40.397789147709],[20.104150412686987,40.39781461475451],[20.104139989302805,40.397853555246286]]]},"properties":{"Zk_Numer":3067,"Zk_Emer":"PSAR","Nr_Pas":"70/4","Vol":1,"Faqe":205,"Pronaret":"SHTET","Kufizimet":"KJO PASURI POSEDOHET NGA ADEM IBRAHIM HAJDINAJ  SIPAS AMTP-SE NR.1702, MBI KËTË PASURI NDODHEN TRE NDËRTESA TE PALIGJSHME","Siperfaqe":350}},
{"type":"Feature","geometry":{"type":"Polygon","coordinates":[[[20.103726940367693,40.39786665137856],[20.103853534212714,40.39786408312763],[20.103920266495418,40.3978609855019],[20.1039473582037,40.39786034416815],[20.1039516077255,40.39788398183502],[20.103938138334023,40.398027146407024],[20.103720871346475,40.39804255383648],[20.103729680115475,40.39801704203361],[20.103726940367693,40.39786665137856]]]},"properties":{"Zk_Numer":3067,"Zk_Emer":"PSAR","Nr_Pas":"70/5","Vol":1,"Faqe":142,"Pronaret":"SHTET","Kufizimet":"MBI KËTË PASURI NDODHET NJË NDËRTIM I PALIGJSHËM , KJO PASURI POSEDOHET NGA FUAT KASO HAJDINI  SIPAS AMTP-SE NR.1673","Siperfaqe":350}},
{"type":"Feature","geometry":{"type":"Polygon","coordinates":[[[20.103716080373705,40.398056429359706],[20.103720871346475,40.39804255383648],[20.103938138334023,40.398027146407024],[20.1039516077255,40.39788398183502],[20.104079042922795,40.39787042231611],[20.104139989302805,40.397853555246286],[20.104117764353823,40.39796202940744],[20.1040961971462,40.39801578509383],[20.104072182412054,40.398010007119304],[20.103977160516564,40.39799483715633],[20.103954779154538,40.397994154844405],[20.103939820003333,40.398040321866034],[20.103893279201838,40.398047009805424],[20.103794300107158,40.398055239732656],[20.103716080373705,40.398056429359706]]]},"properties":{"Zk_Numer":3067,"Zk_Emer":"PSAR","Nr_Pas":"70/6","Vol":1,"Faqe":200,"Pronaret":"SHTET","Kufizimet":"KJO PASURI OKUPOHET NGA FUAT KASO HAJDINI, MBI KËTË PASURI NDODHET NJË NDËRTIM I PALIGJSHËM","Siperfaqe":252}},
{"type":"Feature","geometry":{"type":"Polygon","coordinates":[[[20.103378805540412,40.39849163351831],[20.103531835968028,40.39831556504388],[20.10355355363119,40.398290214550926],[20.103604536482536,40.39823070343405],[20.103690507059632,40.398130494200345],[20.10386716787483,40.39820225335884],[20.104001553400835,40.39825216379874],[20.103956938103416,40.39828160323621],[20.10375993469135,40.39838098564131],[20.1035431692991,40.39844834572781],[20.103378805540412,40.39849163351831]]]},"properties":{"Zk_Numer":3067,"Zk_Emer":"PSAR","Nr_Pas":"70/7","Vol":1,"Faqe":199,"Pronaret":"SHTET","Kufizimet":"KJO PASURI OKUPOHET NGA SHEFQET SALIAJ, SALI SALIAJ","Siperfaqe":822}},
{"type":"Feature","geometry":{"type":"Polygon","coordinates":[[[20.104265875493834,40.39763106321224],[20.104427789505838,40.39743779222203],[20.10456532230621,40.39750359035537],[20.10440266816778,40.39769664262146],[20.104265875493834,40.39763106321224]]]},"properties":{"Zk_Numer":3067,"Zk_Emer":"PSAR","Nr_Pas":"70/9","Vol":1,"Faqe":197,"Pronaret":"SHTET","Kufizimet":"KJO PASURI POSEDOHET NGA ZENI ELMAZ MALAJ  SIPAS AMTP-SE NR.1712","Siperfaqe":350}},
{"type":"Feature","geometry":{"type":"Polygon","coordinates":[[[20.10417469454421,40.39784089816839],[20.10418169222261,40.3977686337542],[20.10418057205037,40.397687711504105],[20.104269015884498,40.3974860474941],[20.10431831648682,40.397397955508474],[20.10431067388779,40.39735649866115],[20.104528719620788,40.3972498218928],[20.104643406894507,40.39720876080073],[20.104721079272238,40.3972458404707],[20.10479661680488,40.39730163957186],[20.104872154462235,40.39735743862297],[20.104819331569075,40.39740096346976],[20.1047224002698,40.39750756636089],[20.104659035375043,40.39758370310838],[20.104551251426358,40.397652521891175],[20.10441292776873,40.397762363232154],[20.104329572897743,40.39786495330179],[20.10417469454421,40.39784089816839]],[[20.104265875493834,40.39763106321224],[20.10440266816778,40.39769664262146],[20.10456532230621,40.39750359035537],[20.104427789505838,40.39743779222203],[20.104265875493834,40.39763106321224]]]},"properties":{"Zk_Numer":3067,"Zk_Emer":"PSAR","Nr_Pas":"70/10","Vol":1,"Faqe":196,"Pronaret":"SHTET","Kufizimet":"KJO PASURI OKUPOHET NGA ZENI ELMAZ MALAJ","Siperfaqe":1835}},
{"type":"Feature","geometry":{"type":"Polygon","coordinates":[[[20.104872154462235,40.39735743862297],[20.10479661680488,40.39730163957186],[20.104721079272238,40.3972458404707],[20.104643406894507,40.39720876080073],[20.104528719620788,40.3972498218928],[20.10431067388779,40.39735649866115],[20.104364761218154,40.39730703643038],[20.10441884846935,40.39725757417404],[20.104438394017723,40.39724087370471],[20.10454435081543,40.39720226991044],[20.104618525702836,40.39718919354637],[20.104677925706604,40.3971906528453],[20.104744490486542,40.397215709649934],[20.104872832793163,40.39734019923556],[20.104872154462235,40.39735743862297]]]},"properties":{"Zk_Numer":3067,"Zk_Emer":"PSAR","Nr_Pas":"70/11","Vol":1,"Faqe":195,"Pronaret":"SHTET","Kufizimet":"","Siperfaqe":182}},
{"type":"Feature","geometry":{"type":"Polygon","coordinates":[[[20.10414743458789,40.397690439516914],[20.104184520009447,40.3975988402206],[20.104203459954547,40.39751293419989],[20.104205177743577,40.397458187753564],[20.10419177787635,40.39743064276454],[20.10417786001173,40.3974000585324],[20.10424453803994,40.39739435678087],[20.10431067388779,40.39735649866115],[20.10431831648682,40.397397955508474],[20.104269015884498,40.3974860474941],[20.10418057205037,40.397687711504105],[20.10418169222261,40.3977686337542],[20.10417469454421,40.39784089816839],[20.104162092221877,40.39791053162681],[20.104145096631143,40.39797275745123],[20.104123808383964,40.39802396025756],[20.1040961971462,40.39801578509383],[20.104117764353823,40.39796202940744],[20.104139989302805,40.397853555246286],[20.104150412686987,40.39781461475451],[20.104159608240447,40.397789147709],[20.10414743458789,40.397690439516914]]]},"properties":{"Zk_Numer":3067,"Zk_Emer":"PSAR","Nr_Pas":"70/12","Vol":2,"Faqe":50,"Pronaret":"SHTET","Kufizimet":"","Siperfaqe":270}},
{"type":"Feature","geometry":{"type":"Polygon","coordinates":[[[20.102405919495837,40.4067621118903],[20.102682100894114,40.40705057713561],[20.102706507352256,40.40707299811823],[20.10207477020972,40.4076776590014],[20.101829069758573,40.40744581762819],[20.102405919495837,40.4067621118903]]]},"properties":{"Zk_Numer":3067,"Zk_Emer":"PSAR","Nr_Pas":"5/7","Vol":1,"Faqe":220,"Pronaret":"LINERDA LAZAJ NEXHIP, NEXHIP LAZAJ FATLLI, LINDITA LAZAJ FEJZO, NELJAN LAZAJ NEXHIP","Kufizimet":"PASURIA KUFIZOHET PER DIF.FAKT-DOK BRENDA 20% TE TOTALIT TE AMTP","Siperfaqe":3200}},
{"type":"Feature","geometry":{"type":"Polygon","coordinates":[[[20.102405919495837,40.4067621118903],[20.101829069758573,40.40744581762819],[20.10181090378462,40.40742867624706],[20.101233367378786,40.40722387930833],[20.101643592677117,40.40640277842481],[20.102373572719166,40.40672832620567],[20.102405919495837,40.4067621118903]]]},"properties":{"Zk_Numer":3067,"Zk_Emer":"PSAR","Nr_Pas":"5/6","Vol":1,"Faqe":224,"Pronaret":"PËLLUMBESH LAZAJ GËZIM, GËZIM LAZAJ FATLLI, MIRANDA LAZAJ MUSA, ENERJONA LAZAJ GËZIM, ESMIRALD LAZAJ GËZIM, VENERA LAZAJ ASQERI, ENIAS LAZAJ ESMIRALD","Kufizimet":"","Siperfaqe":6205}},
{"type":"Feature","geometry":{"type":"Polygon","coordinates":[[[20.102706507352256,40.40707299811823],[20.103070350351945,40.407407239950274],[20.103061234954406,40.40767970094383],[20.102289424983038,40.407880204132475],[20.10207477020972,40.4076776590014],[20.102706507352256,40.40707299811823]]]},"properties":{"Zk_Numer":3067,"Zk_Emer":"PSAR","Nr_Pas":"5/8","Vol":1,"Faqe":250,"Pronaret":"SHTET","Kufizimet":"KJO PASURI OKUPOHET NGA FATLLI NEXHIP LAZAJ","Siperfaqe":4238}},
{"type":"Feature","geometry":{"type":"Polygon","coordinates":[[[20.103360197786177,40.40001354330499],[20.103412335221517,40.40000758764077],[20.10329667971013,40.39982443676562],[20.103202336693965,40.399683476424485],[20.103204751266976,40.399619767662365],[20.103262327325773,40.399531544306484],[20.10337786600643,40.399455913557446],[20.10346440247392,40.39941943180625],[20.103585931110125,40.3993923121472],[20.103701714927325,40.39934285932655],[20.103816823531982,40.399256700077],[20.103983298007353,40.39913183391586],[20.104061984422838,40.39906021055814],[20.104096310261525,40.3990040617514],[20.1041895268876,40.3990223125277],[20.104285171812535,40.399041038649415],[20.104414344799434,40.399077223407716],[20.104427235476958,40.39904986946407],[20.104494405040768,40.39906922225496],[20.104577892143407,40.39907966893719],[20.104725677116456,40.398923050687934],[20.104594143126715,40.39878937392438],[20.104525910466688,40.39865520753704],[20.1044996200385,40.398605294464915],[20.10450394369163,40.3985592012828],[20.104554257652406,40.398473781824045],[20.104577931188693,40.39841404556402],[20.104585686344386,40.398289232302396],[20.104839554488002,40.39821451923134],[20.104762336143942,40.39805331661568],[20.105001604771658,40.39804430124207],[20.105183728576748,40.39814600877367],[20.105129744524366,40.39826154943847],[20.10539885669082,40.398407987137745],[20.105443483917632,40.39828361886333],[20.105471364967958,40.39845999760747],[20.10559736349205,40.39844394595241],[20.10559813525936,40.398535658611884],[20.10561870228724,40.39861321374573],[20.105628739338485,40.398651061872705],[20.105239254658596,40.39911534093711],[20.10528944984339,40.39913817087231],[20.105410485048324,40.399193220339505],[20.105619759186336,40.39889067592549],[20.10561077012901,40.3989224745826],[20.105553121044796,40.39902703647712],[20.105478548756093,40.39912999761116],[20.105422539540946,40.39920732867618],[20.105328071961488,40.399337758151475],[20.105243337304316,40.39945474908232],[20.105153155110663,40.39955977600123],[20.10508700760252,40.39964064215892],[20.10507368489002,40.39968752184139],[20.10508447786495,40.399792371658776],[20.10495027489001,40.39980139298846],[20.10492695667378,40.39990125331372],[20.10487173561554,40.39987266509288],[20.104554029371837,40.399743509589825],[20.1037035320576,40.399659924429315],[20.103719493910315,40.39970074948791],[20.103919900309176,40.40002245239867],[20.104066297058868,40.40007723294983],[20.10433247289037,40.400227185603484],[20.10477502440398,40.400387619867274],[20.10493191373987,40.40033145981416],[20.105014378481165,40.400342281579256],[20.10562229388757,40.40029881134046],[20.106017264882944,40.400140624970646],[20.106129897854643,40.40013020237945],[20.106158721740755,40.40012753511763],[20.105853627915298,40.40025784778764],[20.10569942875452,40.40028682086651],[20.105478284582354,40.40040142098814],[20.105312597366524,40.40042496489833],[20.105152816577625,40.40042101599082],[20.105030460564414,40.40039923167998],[20.10490396456909,40.40039573289814],[20.104809228856197,40.400433764132245],[20.10469730912776,40.40044798452278],[20.104607548014265,40.40047284659357],[20.10454056044945,40.40056681635677],[20.10445621651517,40.400619939644855],[20.104442626122683,40.40057381732584],[20.10441762962976,40.40054781252296],[20.1043019219668,40.4004790071613],[20.104006581487727,40.40078696996068],[20.104169533842434,40.40086183554563],[20.10406990708135,40.40081675524368],[20.10377723540759,40.400679881474815],[20.103650216281533,40.40068724366313],[20.103309970245007,40.40072023506675],[20.10320638612137,40.40073097623669],[20.103145115466063,40.40060113790059],[20.103168845692764,40.400522229169574],[20.10324945316518,40.40043548635488],[20.10332194770907,40.400375984827264],[20.103408644216557,40.40036005752178],[20.103369774353048,40.400264347777345],[20.10327010884549,40.40018531047644],[20.1031840143507,40.40007057594981],[20.10319127386292,40.40001748343327],[20.103360197786177,40.40001354330499]],[[20.10379737692322,40.39934439435157],[20.103870085005678,40.39944410030415],[20.104102082356093,40.39932828374944],[20.104122687826717,40.39924749798167],[20.10403137882598,40.39918423335814],[20.10379737692322,40.39934439435157]],[[20.10379737692322,40.39934439435157],[20.103664210072516,40.399366735759045],[20.10353136619496,40.39956757144506],[20.103780790045555,40.39953280052943],[20.10379737692322,40.39934439435157]],[[20.104957825162437,40.39948773822714],[20.105076352640584,40.3996071781004],[20.105363036655383,40.399272087292964],[20.105221294902147,40.39913277671095],[20.104957825162437,40.39948773822714]],[[20.10378358056173,40.400617019800414],[20.1038160592556,40.40051123821896],[20.10367263554657,40.40044479771173],[20.103574522128767,40.400420669653286],[20.103437422681782,40.40039925104727],[20.103267812656206,40.400524850258854],[20.103235675967714,40.40068543928851],[20.103371394865107,40.40068188691737],[20.103595888182337,40.400634523832714],[20.10378358056173,40.400617019800414]],[[20.104097973532713,40.399607795404094],[20.10464763794262,40.399329489927624],[20.104692127921606,40.39923417206939],[20.104514749684927,40.39914306666417],[20.103894268231635,40.39947158123796],[20.104097973532713,40.399607795404094]],[[20.104829125116172,40.39975634558772],[20.104921334435844,40.39962368249479],[20.10494319551184,40.39932776408486],[20.104923321988025,40.399212431816764],[20.104695074453087,40.399347046871604],[20.10418073027551,40.39961051810283],[20.10429903697468,40.39970068560453],[20.104421066018045,40.399650423149865],[20.104829125116172,40.39975634558772]],[[20.105033148859718,40.39926152742443],[20.105137969191848,40.399104875583056],[20.105231121160948,40.398931284337806],[20.105090085917542,40.398920323097514],[20.104959155985224,40.39922030707461],[20.105033148859718,40.39926152742443]],[[20.105317257029224,40.39873251889156],[20.105426959876745,40.398497973272626],[20.105131545805232,40.398387449341925],[20.105054232004107,40.39863284671014],[20.105317257029224,40.39873251889156]],[[20.104672166179245,40.39845296312708],[20.10463865115222,40.398519355540266],[20.104682106355863,40.39858131058452],[20.104744245445453,40.39864452748042],[20.104898585229904,40.398680283791734],[20.104973728398626,40.39868414617784],[20.10501848662234,40.398478091589254],[20.104689226587514,40.3984100921378],[20.104672166179245,40.39845296312708]]]},"properties":{"Zk_Numer":3067,"Zk_Emer":"PSAR","Nr_Pas":"77","Vol":2,"Faqe":201,"Pronaret":"SHTET","Kufizimet":"","Siperfaqe":19919}},
{"type":"Feature","geometry":{"type":"Polygon","coordinates":[[[20.110791001272133,40.40175451932356],[20.11046931148875,40.40145653601385],[20.110476349944292,40.40145246138029],[20.1105561532533,40.40140130006893],[20.11057434229095,40.40136854345094],[20.11063845634713,40.401394055487756],[20.11070172076717,40.40145485982519],[20.110798597118272,40.401573640415926],[20.11090112421705,40.401660075020125],[20.110973437063848,40.401708404078086],[20.11109463808706,40.40175159157084],[20.111155460818246,40.40179413765806],[20.111180400524024,40.40186910881473],[20.111134540828346,40.401908437158866],[20.11105126838975,40.401953519145515],[20.11101909882111,40.401988787542415],[20.1110136247327,40.40203888933975],[20.111035366014676,40.40208217233695],[20.111075494420195,40.40211570945186],[20.111049201847553,40.40211474085718],[20.11103917825031,40.40211617029298],[20.110791001272133,40.40175451932356]]]},"properties":{"Zk_Numer":3067,"Zk_Emer":"PSAR","Nr_Pas":"144/11","Vol":2,"Faqe":202,"Pronaret":"SHTET","Kufizimet":"","Siperfaqe":1329}}
]}