{"type":"FeatureCollection", "features": [
{"type":"Feature","geometry":{"type":"Polygon","coordinates":[[[19.76034026746512,42.21064893888832],[19.75999616099008,42.210493032677626],[19.75984131555156,42.210408292847994],[19.759523537396724,42.21007232373113],[19.75939842379207,42.2098965479524],[19.759002313545093,42.20960705597287],[19.758512941204437,42.20924769338908],[19.75819533725952,42.209000531665396],[19.757748059724165,42.208553100404714],[19.75732601162705,42.2082928407286],[19.756713248950707,42.20800668283176],[19.756520812454408,42.20799247037584],[19.75624100237556,42.20798293668792],[19.756014144384768,42.2079512274389],[19.755721356024253,42.20791874849912],[19.75556466506852,42.20787804988789],[19.755316708976366,42.20780712070833],[19.755031214256704,42.207768939581534],[19.75485148233297,42.207668357625145],[19.754713051499202,42.20759937231131],[19.75451801205813,42.20756611504813],[19.754266466004044,42.20756338323472],[19.75407740463196,42.20758208931155],[19.753493627680513,42.207715950598654],[19.752359779984403,42.20815523056898],[19.751925029574004,42.20822836282904],[19.751687259596757,42.20823616408914],[19.751534167092117,42.20819545412823],[19.75140765256563,42.208184336286934],[19.750919169488274,42.20829328569951],[19.750418589630815,42.20844022662524],[19.749998049143716,42.20851346136591],[19.749342082086955,42.20873889784183],[19.749059327600676,42.208818942935885],[19.748801844767303,42.20886276707621],[19.748648863244703,42.2088692093244],[19.748409855995565,42.20894566998974],[19.748314517884683,42.208997915104725],[19.74824555384069,42.20899249919887],[19.748176589809457,42.208987083251635],[19.748097184326532,42.20897999587031],[19.747993210142724,42.208944660624894],[19.747868377397722,42.208905982724964],[19.747789524806404,42.20887091254313],[19.747735854613044,42.2088330204125],[19.747728582236434,42.20877697276569],[19.74785070130501,42.208409241482045],[19.747922911257074,42.20822637074421],[19.747924484851037,42.20814669820662],[19.74791550174903,42.208058934251575],[19.747873988669234,42.20798675851601],[19.747800187954805,42.2079221974373],[19.747683264459432,42.20786513264928],[19.747555651064808,42.207807960014186],[19.747459653605794,42.20777902210667],[19.747363668342416,42.20775008425202],[19.747444974143466,42.2077019718406],[19.747596570243044,42.20763557772526],[19.74772928979638,42.20759668686513],[19.74792971198289,42.20755525805019],[19.748124018472488,42.20746663428439],[19.748366401268772,42.207341597765044],[19.74843131744998,42.207265524217355],[19.748474522225386,42.20710480670792],[19.748485275338137,42.20691647564825],[19.748539033343764,42.20681061718818],[19.74863376755737,42.2067697713817],[19.748778257763874,42.206706782108185],[19.748852554885346,42.206630819650194],[19.74892483552409,42.20653737938524],[19.749015925406827,42.206490956997605],[19.749327836155096,42.20642458052779],[19.749263251456473,42.20662818700602],[19.74929071714487,42.20678270758209],[19.749361275873355,42.20691954908988],[19.749489097684638,42.206987020804796],[19.749661591836016,42.20697823344038],[19.749740935677277,42.206969294692115],[19.749814068000898,42.20694068983744],[19.749900504693432,42.206907332608225],[19.749986832825837,42.20687886246384],[19.75030631747838,42.20682267564049],[19.75042552574534,42.206799478753105],[19.750617008995487,42.2067917610635],[19.750861082112586,42.206794419489825],[19.751164705056713,42.20678792212837],[19.751687323098356,42.20678165605193],[19.752481351343942,42.20670689647173],[19.752795698149765,42.20667597973412],[19.75311003274009,42.2066450529985],[19.753559810219627,42.206610709046835],[19.754110700671657,42.20647442858566],[19.754426171222505,42.20635848235968],[19.75451948079348,42.20631534758568],[19.754612501338034,42.206286919613696],[19.754738258240458,42.20627356600961],[19.75487031180405,42.20627499964289],[19.755421463979143,42.206376137545035],[19.756034544433586,42.20655799433481],[19.756326228396844,42.20659028944581],[19.756530873891666,42.20661707598249],[19.75664978187366,42.206628195735256],[19.756735820615347,42.20662912839478],[19.756801872334286,42.2066347686961],[19.756874184922147,42.20666013818682],[19.7567745515711,42.206511444962615],[19.75666053494534,42.20643430031619],[19.756612750539006,42.206377669984676],[19.756578254678292,42.20632447859459],[19.75657509391773,42.20625843829969],[19.756589664716994,42.20619587612867],[19.75665354865197,42.20611074822539],[19.75679791074303,42.20600008840691],[19.75695431931899,42.205955564994184],[19.757226772954724,42.20588591260084],[19.75745582195571,42.205777681937],[19.757600258734733,42.20566371800325],[19.757647363413454,42.20552889424701],[19.75764872128618,42.20545959901148],[19.757628681438657,42.20534714826891],[19.757511128508913,42.20522374751737],[19.757420386470205,42.20509343513647],[19.757408557565395,42.205017389231884],[19.757480556311705,42.20474420631709],[19.757644749892695,42.204388713214875],[19.757803597626516,42.204268900440795],[19.757961732554207,42.20418606184037],[19.758123843285503,42.203977492658915],[19.758425940334313,42.2040939511595],[19.7588999746267,42.20427669109165],[19.759589739892515,42.204519171027776],[19.759821320613494,42.20458994093377],[19.759896594297178,42.204801250393515],[19.759920165171003,42.20485099177426],[19.759912493766855,42.20488476709282],[19.75989440409546,42.20491322634561],[19.759865653858572,42.20494937546562],[19.759829780230852,42.20499065998164],[19.759811537671197,42.205026931704545],[19.75978963172871,42.205070968946806],[19.759734443897777,42.20520143903198],[19.759729111305468,42.20529515100814],[19.759716298903733,42.205412215506165],[19.759660399095036,42.205580911300395],[19.759614769075615,42.205583019556066],[19.75958347544651,42.205569663568966],[19.759514132444625,42.2055299149597],[19.759479582955482,42.20550349716977],[19.75943827879051,42.20546398875205],[19.759334121243626,42.20541076489302],[19.759152237082926,42.205387965628],[19.759061028208162,42.205389580559675],[19.75899080841656,42.20539403323439],[19.75872989490158,42.20547375344162],[19.758620309803497,42.205524601662376],[19.758584319440814,42.20557364463978],[19.75854493207645,42.20561745641714],[19.75846685855749,42.20566864556004],[19.758335135917918,42.20577650052099],[19.75830971629181,42.20582305613282],[19.758243175600555,42.20600006232004],[19.75822835369257,42.206041529225075],[19.75822047814173,42.20608567304475],[19.75819012075835,42.20620503207391],[19.75811533591324,42.20644619046426],[19.758038904105817,42.20659028445389],[19.75833515222631,42.20668883696446],[19.758722254250447,42.20688383406815],[19.759259658119447,42.20713058156128],[19.759530720810716,42.20726210461413],[19.75964165933199,42.207300637585554],[19.760158317068342,42.20743895596214],[19.760558549637555,42.20753453061672],[19.760915515161575,42.207585029279386],[19.76100970002606,42.207623370931515],[19.761081467407354,42.207665629496084],[19.761113762202125,42.20772820332428],[19.76114555897514,42.20781564555569],[19.761260135581967,42.20795377444193],[19.761408872012478,42.20805907104109],[19.761687225481097,42.20810355994491],[19.761786923754432,42.208146110616575],[19.761892122055784,42.20819287970844],[19.762175089714113,42.20826653118657],[19.762034987640156,42.20836760209188],[19.761581593293293,42.208636886339676],[19.761062500572894,42.20902151878914],[19.76084308011776,42.20933503558667],[19.760824132670454,42.20936210831993],[19.760813968859857,42.209439131549566],[19.760812084309265,42.20953553649027],[19.7608100741235,42.209638367825086],[19.760808064103223,42.20974119015749],[19.76072742895761,42.20988173849639],[19.76059335914117,42.2100988514005],[19.760460545210975,42.210251691184666],[19.760388062392668,42.21041803838243],[19.76034026746512,42.21064893888832]]]},"properties":{"SIPERFAQJA":259145,"VOL":"1","FAQE":"26","NR_PAS":"21","PRONARET":"BASHKIA SHKODËR","KUFIZIMET":"_","ZK":"2859","EMRI_I_ZK":"PALAJ"}},
{"type":"Feature","geometry":{"type":"Polygon","coordinates":[[[19.757664932039155,42.1663129061434],[19.75760415597043,42.166327975318985],[19.75754669798281,42.16636518158552],[19.757481111118175,42.16640037323464],[19.75732571443778,42.16647675076422],[19.757218132753362,42.166533768556555],[19.757156082705464,42.16658546394251],[19.75708050953729,42.166689389422814],[19.756841707137248,42.166914871504716],[19.756807460128865,42.16698411682769],[19.756828265354013,42.167084063195695],[19.756792839442618,42.16721350457446],[19.756774995035936,42.1673090349503],[19.756701598986602,42.16747967440839],[19.7565871961663,42.167634610060816],[19.756497208509433,42.167707005115005],[19.75642315352544,42.167741951306255],[19.756331595406568,42.16776353700396],[19.75627555981976,42.1677836262519],[19.756205616512524,42.167865646027906],[19.756201514989684,42.167946516173494],[19.756164022930697,42.16818131838566],[19.756221892447,42.16832644524704],[19.75620390740387,42.16862426951502],[19.755812376111805,42.16859148553798],[19.75558154988777,42.16860702273231],[19.755429029835078,42.168650470644],[19.755354751691833,42.16872633914756],[19.755135407354285,42.168830836839184],[19.75507715288712,42.168843672395674],[19.75491660739363,42.168895818977816],[19.754667813821275,42.16901166337753],[19.754404512431158,42.1691273587017],[19.75409688029087,42.169285675971445],[19.753953810756137,42.16933828108286],[19.75364425107883,42.16951206951475],[19.753096717468974,42.16972364683312],[19.75287714606882,42.16990771090919],[19.75262467288988,42.169993019324906],[19.752373636065187,42.17000582757051],[19.75214276985465,42.17005510780669],[19.75181952003955,42.170196612380664],[19.7514211065666,42.17026478270152],[19.751127654350224,42.170308203198765],[19.750887791031072,42.170460974839585],[19.750607652488636,42.170535606641906],[19.750202865937972,42.1705726356403],[19.749609623768787,42.17062832388278],[19.7490325469681,42.17067366141181],[19.74888750971185,42.170667929457444],[19.74894482904812,42.1706265489013],[19.749054595747364,42.170517726319794],[19.749126066571737,42.170440489956114],[19.74925633249376,42.170383907217406],[19.74931440003974,42.1703045260323],[19.74933258948566,42.170200700341255],[19.749320951529096,42.1701237190194],[19.749351334217454,42.17008404311906],[19.74946042938475,42.1700092243004],[19.749618024046917,42.16993092793211],[19.74971616571869,42.16986598225659],[19.74983186515164,42.169729225763824],[19.750007562150667,42.169556932859784],[19.75012493470994,42.16947220180559],[19.75019114925066,42.16938890281074],[19.750235325656856,42.169212214677614],[19.75029457201921,42.16907283506901],[19.75040018209705,42.168901956565875],[19.750548736773435,42.16873554284526],[19.75071874790413,42.16857336872274],[19.750905025115163,42.16844243013868],[19.751109240562958,42.168318636488884],[19.75126240129206,42.16819227914106],[19.751410964128066,42.16802586436311],[19.751624460102608,42.167887244626954],[19.751845256879474,42.16774161894777],[19.75205960713891,42.16764993779873],[19.75216593045654,42.16757908331984],[19.752310455050463,42.16748063742906],[19.75248554137733,42.167470541322906],[19.752587751271246,42.16747165283915],[19.752713621304363,42.16738642632917],[19.752782095912288,42.16732516152224],[19.75291257597489,42.16725656754892],[19.753005731170305,42.16717156120856],[19.75305540692317,42.16710809331736],[19.753265783469697,42.16694434656435],[19.753489730249044,42.166774751203626],[19.753659885681273,42.16660457096672],[19.75390515142607,42.1663302100414],[19.753489494516973,42.16570694197356],[19.753254760623562,42.165347657186466],[19.753029447113917,42.16508678182287],[19.752470521284433,42.16463291034672],[19.75197372061973,42.16434379198513],[19.75163381319757,42.16411971171275],[19.751386679265174,42.16381647283444],[19.751058056145745,42.163428055614496],[19.750657919419115,42.16305213732019],[19.750299627304475,42.162694210401064],[19.75002223426738,42.1623938347828],[19.74986580582614,42.16231677902635],[19.749691808055793,42.16217643287941],[19.749512391168974,42.162071056210145],[19.749314333283177,42.16195498808394],[19.749263623415544,42.16189835848011],[19.749258237648153,42.161812415687045],[19.74925495685019,42.16161960888281],[19.74919165989085,42.161461788675936],[19.749139740876647,42.16134555812427],[19.74906885848863,42.16123437823013],[19.748971304225474,42.161161456226665],[19.74876995209786,42.1609714314991],[19.7487302711183,42.16089308182548],[19.748760914843682,42.16080924247277],[19.748844523448604,42.16070927211376],[19.74887681945919,42.160642276467044],[19.749020159443308,42.16038659256158],[19.749178298919556,42.16015965285486],[19.749326616747307,42.16004122131411],[19.74959139835288,42.1598611764756],[19.74979337435042,42.15974904580064],[19.75003488326857,42.15958017949309],[19.75010308955581,42.15954637997808],[19.750159040242682,42.15951864963566],[19.750192691715515,42.15937038455072],[19.750365063065455,42.159200764257825],[19.75042265854527,42.15900702708561],[19.750464328113193,42.15884169943068],[19.750543955702785,42.158699651618754],[19.750739481476053,42.158524566324914],[19.7511272702749,42.15834014076824],[19.751429211356275,42.158223378815045],[19.75162383441622,42.15809401501528],[19.751718484479,42.157969279661316],[19.751790089625196,42.15784429347626],[19.751854799290125,42.15767921597049],[19.751950234505312,42.157514472708435],[19.752076844442886,42.157327193068134],[19.752189491620992,42.15723102005994],[19.7522487559842,42.15718043128772],[19.752462257256326,42.15703155582306],[19.75268316048631,42.15706142468117],[19.75288826050932,42.15698417123645],[19.752956619009737,42.156958419917345],[19.75344411581947,42.15715915432289],[19.753625014969998,42.157205286350944],[19.753805914389403,42.157251418096806],[19.753857224974812,42.157264507016876],[19.754254129629803,42.157331862617134],[19.754558471651546,42.1573666850781],[19.754777741262405,42.157419506629815],[19.7549629926284,42.15747825132645],[19.755096684183066,42.15757426483835],[19.755228757935075,42.157752219685115],[19.755399390135764,42.15793960425752],[19.755625401398635,42.15808074914548],[19.756270648592412,42.15847157860053],[19.75630367591673,42.158491580198366],[19.7565958544066,42.158715399551696],[19.756736661457893,42.1588808437625],[19.75674278493382,42.15900068879088],[19.756739453110246,42.159170872515915],[19.75678621335867,42.15937941874557],[19.756798460390353,42.159619117778576],[19.75677769890412,42.159814328677115],[19.756681428455618,42.15997089256694],[19.75649072539847,42.16018947745609],[19.756326066866183,42.16037682653294],[19.756297564087156,42.160534124767324],[19.756345551149053,42.16074178417636],[19.756437526614043,42.16100791470585],[19.756465833795946,42.1610898294747],[19.75653615300524,42.16137748425484],[19.756567823443778,42.161507022804564],[19.75666639410471,42.16166569844046],[19.75681653988201,42.161787113325026],[19.756842817107714,42.16181144384304],[19.757016286952517,42.16197210116604],[19.75712206125659,42.16207502979737],[19.75723249065661,42.16218248301732],[19.757255215766023,42.16220964676298],[19.757381528688647,42.16236061907014],[19.75746365911378,42.16249389984515],[19.757633100676014,42.162495735059395],[19.757770617141386,42.1623963600181],[19.757891073257106,42.162303092846976],[19.758077574417907,42.162298810354905],[19.758091441413306,42.16245656769485],[19.7581223686282,42.162608207956126],[19.758264783867716,42.1629055186013],[19.758301475117424,42.16298210413392],[19.758387282040335,42.16336129197455],[19.758363183832337,42.16372668664752],[19.758289247474526,42.164041100691605],[19.75807839452278,42.16442337886731],[19.75783463832674,42.164754868208725],[19.757713440543807,42.16498783736958],[19.757658530650385,42.16509340043442],[19.757590056409644,42.16523911184409],[19.757580182153163,42.16526013381521],[19.757536392672787,42.165353321759156],[19.757499371014184,42.16543210693731],[19.757373357039093,42.165809000843744],[19.75739015877768,42.16606406219004],[19.757664932039155,42.1663129061434]]]},"properties":{"SIPERFAQJA":661915,"VOL":"1","FAQE":"56","NR_PAS":"55","PRONARET":"BASHKIA SHKODËR","KUFIZIMET":"_","ZK":"2859","EMRI_I_ZK":"PALAJ"}},
{"type":"Feature","geometry":{"type":"Polygon","coordinates":[[[19.775621417630546,42.17001951096813],[19.774936201135187,42.17061779464083],[19.774904040738214,42.170646304247825],[19.77491746219264,42.171020637262906],[19.77485010550688,42.17141237364703],[19.774474601536475,42.172241104299836],[19.774288397303025,42.17259455212575],[19.774044431784297,42.17284370935302],[19.773711936188256,42.17303269211622],[19.772993912209266,42.173501120876594],[19.772629650060008,42.17378601553624],[19.772183545253764,42.174181115025384],[19.771854057875434,42.17451420072965],[19.7718061493668,42.17473592378273],[19.77181802419681,42.17508793208201],[19.77183781288458,42.1751835885775],[19.771413720594744,42.17488092897304],[19.771221307737633,42.17481111507717],[19.770931963559057,42.174744493491154],[19.77040405316371,42.174637206534605],[19.770154580650143,42.174571010377754],[19.769889266082437,42.17444113107655],[19.769488516869853,42.174209888527294],[19.76854354066877,42.17446096449239],[19.768261781090015,42.174251952864516],[19.76811269751294,42.174085659977465],[19.768032938966236,42.1739149530222],[19.768152796469057,42.17380301563376],[19.768245168823057,42.17368047510654],[19.76836573656722,42.17353251706246],[19.76858449777742,42.173318697371066],[19.768675370970875,42.17327335494127],[19.769177447567877,42.17321052224689],[19.769281160872968,42.1732020023478],[19.76940237707057,42.17318085054823],[19.769529467164325,42.17307956724188],[19.76984104846107,42.172799518984164],[19.769886970236875,42.17274927327847],[19.770176004656737,42.172490939431405],[19.770626600317257,42.17226951827449],[19.771155668599814,42.171837782007394],[19.771299883562634,42.17172368952395],[19.77153229325952,42.17159546218255],[19.772201489643916,42.17131019813681],[19.77272722286183,42.17104935860971],[19.773140270214558,42.170695242747534],[19.77326945803189,42.17030949808272],[19.773292541483585,42.170163940144946],[19.773357654141954,42.17000711936275],[19.77347487531368,42.169942438341195],[19.773768945387605,42.169905007906834],[19.774056582946603,42.169847216292375],[19.774338167164103,42.16974878491938],[19.774627467627795,42.16960478349923],[19.77461674965789,42.16954187642828],[19.775621417630546,42.17001951096813]]]},"properties":{"SIPERFAQJA":147374,"VOL":"1","FAQE":"36","NR_PAS":"52","PRONARET":"BASHKIA SHKODËR","KUFIZIMET":"_","ZK":"2859","EMRI_I_ZK":"PALAJ"}},
{"type":"Feature","geometry":{"type":"Polygon","coordinates":[[[19.766759786468423,42.22249884442795],[19.766684450218268,42.22250635258385],[19.766640347733208,42.22251181543103],[19.766596245240596,42.22251727826124],[19.766534960136923,42.22254275325105],[19.766494327855636,42.222575580262976],[19.766439297757113,42.22260824340226],[19.766377896847754,42.222639658670644],[19.766319842550967,42.222662791651736],[19.766231441202624,42.22268440983107],[19.766122490494965,42.222692735328096],[19.766026327016714,42.22270120730444],[19.7659597555344,42.22271886500684],[19.765903369945395,42.22273963908757],[19.765867543711977,42.22277132026522],[19.765844297698997,42.2228150200218],[19.76583378162459,42.22286243072643],[19.765832948879318,42.222905183341744],[19.765832023565714,42.22295268824736],[19.765829464737845,42.22300135489378],[19.765816029447194,42.22303447432178],[19.76579797185774,42.22305803743347],[19.765780391938005,42.223071378914355],[19.765726781838925,42.22310198642765],[19.765681293811365,42.22312601052155],[19.76565658409667,42.223162141439936],[19.765648774782107,42.22320364864987],[19.765634024080658,42.22324211034778],[19.76560346723876,42.22327000411109],[19.765549986592053,42.22330141415027],[19.765473097114032,42.223330771706536],[19.76539443237626,42.22334556216386],[19.76532283213473,42.22344720310106],[19.765251399857153,42.223538970127386],[19.765155101078278,42.22364292216338],[19.76512408883256,42.22367639898839],[19.765121793730334,42.22368086968448],[19.765005981474403,42.22390646284324],[19.76476274015573,42.22435038211473],[19.764703503460446,42.2245607791732],[19.764688618331082,42.224621619342095],[19.764625029865634,42.224826577018945],[19.76461223501425,42.22489761244028],[19.764597283721542,42.224961836795856],[19.76456894551684,42.22501067582644],[19.764518143873936,42.22504062882709],[19.764426257114,42.225071831651796],[19.764343158372874,42.22512008066611],[19.76423639757248,42.22519226420457],[19.7641853763456,42.22523407989693],[19.764161723359162,42.22527618147371],[19.764133318660054,42.225328404591195],[19.764111966291114,42.22537053995021],[19.764113284650207,42.22541968943488],[19.76411725520725,42.22545023246337],[19.764150882571204,42.22548110406805],[19.764191286189906,42.22551542459118],[19.764220127445594,42.22554328280337],[19.764233501451006,42.22560279795032],[19.76422518287977,42.225656686903356],[19.764176889767196,42.225710136118416],[19.764066031116336,42.22578245538098],[19.76390113049401,42.22585084318917],[19.763732871927214,42.22590569991705],[19.763572340833193,42.2259363511435],[19.763306546402468,42.2259604746826],[19.76294136076933,42.22604828908865],[19.762706892654304,42.22614290506923],[19.762537408038792,42.22625981857057],[19.76242997154919,42.22636390673056],[19.762265125770366,42.22656881462183],[19.76213808768131,42.2267455566262],[19.762063610565157,42.22683650552135],[19.761967558056128,42.22691642755498],[19.76182477902629,42.22696885577468],[19.761645645197373,42.227020891279714],[19.761502496342064,42.22709221120204],[19.761274422188574,42.2271903141923],[19.76113141883734,42.22725353303285],[19.761062453770656,42.227286128898314],[19.761003024258628,42.2273142177889],[19.76090323416354,42.22735970529865],[19.760852660734397,42.22738275822319],[19.760623532542276,42.227486340002145],[19.760506235236548,42.227536350207174],[19.76036392880428,42.22756449315219],[19.76012697979322,42.2275997149842],[19.759959664066812,42.22760599923108],[19.75981413459832,42.22761251882171],[19.759700863425888,42.22764368464248],[19.75961642135734,42.227685947056735],[19.759504560821895,42.22777187170199],[19.759383007146415,42.22785421644613],[19.759232522920094,42.22792814589065],[19.759104706633664,42.227959144757705],[19.758980828223844,42.227973999728704],[19.758787909012156,42.22798810739415],[19.75862396087977,42.22800792077235],[19.75845968320746,42.228043925714545],[19.758323912664334,42.228109920058564],[19.75825364342428,42.22817122199501],[19.758146619777122,42.228253722734976],[19.757598093235174,42.22858135783085],[19.757335455675953,42.22869025051791],[19.757114615227938,42.22873513820039],[19.756798333012302,42.228770924748055],[19.7561997007657,42.228940350484145],[19.75578337085013,42.22912931470415],[19.755540897998415,42.22931210685846],[19.755239851668566,42.229671457482986],[19.755175692405302,42.22971377469252],[19.755093188009845,42.22976932435047],[19.754890598092686,42.22985851770501],[19.754029849966045,42.23021609046802],[19.753816271934937,42.23035877195727],[19.753554622886025,42.230408718801975],[19.753397033205847,42.230389406242175],[19.75324696926669,42.23038777501206],[19.753104837861006,42.23038622982933],[19.75297057843332,42.23038477006508],[19.752871839749986,42.23038369640734],[19.752781045702342,42.23038270906239],[19.752682389027456,42.23037870134394],[19.752564499299044,42.23034809825],[19.752450961932613,42.230297016858174],[19.75209675477353,42.230139726033656],[19.751975545936403,42.230097482098095],[19.751917000607758,42.23007053091617],[19.751855016264436,42.230020162988275],[19.751805461451987,42.2299377646503],[19.751790902784453,42.22987621868588],[19.75177148051766,42.229659463039155],[19.75176782408255,42.229595443028],[19.751746850046576,42.229534898519546],[19.751663081501604,42.22942764113985],[19.75151759939265,42.22932271871368],[19.751508783299784,42.22922734109938],[19.751467495613667,42.22915145133014],[19.75145286969102,42.22907982187002],[19.751476290745575,42.22897685505718],[19.751499073962513,42.228905632841176],[19.751532328055973,42.228846434810116],[19.751505123117973,42.22874252076539],[19.751487260298532,42.22869254290644],[19.751470959318297,42.228669031167854],[19.751450284202033,42.2286548073213],[19.751406513953828,42.22864343787558],[19.751337633096085,42.22863024660778],[19.751297991689537,42.22862203691189],[19.751060563213784,42.22845072816086],[19.75092521230144,42.22835371139978],[19.750832003094445,42.228295368778355],[19.750773969514622,42.22819282022613],[19.750775853175625,42.228097298015484],[19.750777987968583,42.2279890401081],[19.750780499547734,42.22786167415531],[19.750783136590783,42.22772794485196],[19.750785396823055,42.227613323589516],[19.750760805027436,42.22755572828392],[19.7507146894788,42.22747721994846],[19.75067220637825,42.22745283773384],[19.750555051707952,42.22740371358979],[19.750417829139703,42.22728260334407],[19.750365796118132,42.2271983138523],[19.7503573347785,42.22708259450385],[19.750353215949342,42.22701875843648],[19.75035463128851,42.22694700651941],[19.750329682512096,42.2268510478897],[19.7501158549337,42.226655363673046],[19.750099940712303,42.226591426052416],[19.750067357661994,42.22650180289116],[19.750051443346997,42.22643787426376],[19.750018369457983,42.22637374961185],[19.74990838748662,42.22628965653127],[19.749294138075584,42.2260852933693],[19.748757114529123,42.22596714848681],[19.748671358890732,42.22595423964229],[19.748596593284383,42.22592947742197],[19.74851116524858,42.22590060172715],[19.748457421776816,42.22590001526386],[19.748403532699797,42.225907412338955],[19.748321892528164,42.22595841136032],[19.748251084738477,42.22600553147387],[19.748201929424766,42.22604491172635],[19.747959464663946,42.22607418763464],[19.747825184454015,42.226068733563686],[19.74752540404519,42.22615616860794],[19.74733661382779,42.22622073369683],[19.747131750941055,42.22627299662767],[19.74698335062623,42.22635616924223],[19.746899443415582,42.22647638012881],[19.746823218899284,42.22662090042438],[19.746755000010207,42.226771566777856],[19.746711734302544,42.22689828024652],[19.746660545740045,42.22701279885239],[19.74659342848005,42.22710896745746],[19.746509279978483,42.227241283662764],[19.746433880169505,42.2273434202762],[19.746060321452955,42.22761034555546],[19.74594204087379,42.227647024498744],[19.745808491771722,42.227679737326255],[19.7456494773841,42.227708372462615],[19.74549016217626,42.22775219117513],[19.74531467601909,42.22783760399877],[19.745190532295982,42.227912181237016],[19.74510261313625,42.2279643695768],[19.745035198852975,42.228012992203446],[19.74496770921919,42.22806541298754],[19.744890525009126,42.22809114348406],[19.744637081392522,42.22820697650665],[19.744503154445333,42.2282586607758],[19.74444287580201,42.228463031040725],[19.744436561483763,42.22852371025459],[19.744392136225084,42.22863345854334],[19.744334055432713,42.22879596453367],[19.744277918381623,42.228939226591045],[19.7438148833315,42.228683402423236],[19.74367987886381,42.228615872863365],[19.74221326053698,42.22790597214571],[19.742166661022484,42.22790055475781],[19.74209082424296,42.22790596167528],[19.742061074277665,42.227921254572195],[19.742039790794532,42.227933516486374],[19.742031076224993,42.22794904010129],[19.7420095569381,42.22797378578201],[19.74199246355961,42.22798609364763],[19.741971440236966,42.22798586304158],[19.74195888342134,42.22798260146305],[19.741934029996777,42.227963585795116],[19.741934339933476,42.227947978996035],[19.74193871631043,42.227938646479224],[19.741956107506834,42.22791073168931],[19.74195654165994,42.22788886956953],[19.741968218172744,42.22786448405764],[19.741961978905675,42.2278499037141],[19.741952458142965,42.22783770902594],[19.741936470010362,42.22782303074466],[19.741910661070982,42.22781065737951],[19.741819070250934,42.22776581983003],[19.741752448788105,42.22774208775419],[19.741670654695508,42.22770287605068],[19.741619649981946,42.227671663181376],[19.74159438797615,42.2276445677839],[19.74158476718425,42.22760997394173],[19.741575426481784,42.22756006104967],[19.74157656805025,42.22750259311086],[19.741572486478372,42.22744891189438],[19.741557910919802,42.22740276758894],[19.74154280257928,42.227383444653576],[19.74148118818064,42.227367437425315],[19.74142976348141,42.227359212048455],[19.741383461540735,42.22735103386469],[19.741342330439068,42.22734292141275],[19.741316688142277,42.22733497893423],[19.741296204746018,42.227327093069114],[19.74127056246162,42.22731915058041],[19.74124481995884,42.22731503301552],[19.741224336578224,42.227307147137715],[19.741198694311244,42.22729920463319],[19.74109839444755,42.22723065756371],[19.741067215271038,42.22719962605601],[19.74102949072074,42.22717796623032],[19.740991531698057,42.227168105993954],[19.740962856679904,42.22717014984019],[19.740934077213172,42.22717927743904],[19.74089896260859,42.22718597684598],[19.740876751382125,42.227183365361334],[19.74085778390079,42.22717843985276],[19.740835713288007,42.227168754000004],[19.74080106774731,42.227151854175425],[19.740775965116164,42.227135050115194],[19.740754047259262,42.2271182900199],[19.74071944882107,42.227099023050755],[19.740692809644123,42.22709431936147],[19.740771849536998,42.22706727070163],[19.7408771327849,42.22701912935331],[19.740944931541506,42.22694943871793],[19.740965574882726,42.226865159597466],[19.74094842996524,42.22677340773793],[19.740847473280375,42.226603278894935],[19.740802837062475,42.226446119656885],[19.74082461218447,42.226305506811634],[19.740892817932167,42.2262146919769],[19.740970924934604,42.2261028751101],[19.740982633676836,42.225990320303694],[19.740984033104343,42.225919900699175],[19.740976242230488,42.22583530941599],[19.740976941944613,42.22580009961297],[19.740969546843882,42.22569437497947],[19.740971226013247,42.225609878650324],[19.741029960789724,42.22551896875295],[19.74107904941024,42.22543499283616],[19.741127870124895,42.2253651027516],[19.741167196732807,42.225295108437564],[19.74130564080339,42.22529632184317],[19.74134251164234,42.22526091484157],[19.741391787204883,42.22520773813502],[19.741429546912702,42.22512758079926],[19.74140713086413,42.224972520093466],[19.741395669347867,42.224848304875785],[19.741383660388458,42.22475164907567],[19.741322788438854,42.224544150297014],[19.741201780661264,42.22432564767243],[19.741051782869636,42.22413917241367],[19.740838139321607,42.223909308703],[19.74069493595886,42.22363886090096],[19.740632560221716,42.22350718166543],[19.740614476046588,42.223482856581214],[19.74058730976323,42.2234480789713],[19.74055583577872,42.223396032405994],[19.740538654568,42.22332689413647],[19.74053537468881,42.22325791752446],[19.740540778225647,42.223220058636],[19.740508064913936,42.22310911356303],[19.74046311599807,42.22305740512207],[19.740450329322872,42.223006049881164],[19.74045670709463,42.22291735597801],[19.740472183891825,42.22283216491742],[19.740496727842686,42.22275390627122],[19.74052600901293,42.22266886679718],[19.740527434011128,42.222597178098596],[19.740514942990146,42.222532169422735],[19.740512025634647,42.22244678535362],[19.740495056869534,42.222374894656916],[19.740446400168246,42.222205699789946],[19.740455927439825,42.22215719130005],[19.740473859250464,42.22211299724749],[19.740488927578152,42.222070887316406],[19.740492415256913,42.22203922806193],[19.740487534219465,42.22199901461908],[19.740482418929655,42.221969367456076],[19.740480119514384,42.221941857785176],[19.740480791498957,42.221908052037435],[19.74048426706181,42.22187639264929],[19.740484729182953,42.22185314444713],[19.74047691863313,42.22181712097076],[19.740466015925684,42.22179164139102],[19.740452291826713,42.2217661308252],[19.74043037917917,42.22172361476167],[19.740407866346466,42.22171068309083],[19.74036261529474,42.22170712528298],[19.74032422059739,42.22171691234523],[19.740293409290967,42.22172906030232],[19.740250121355302,42.22175469188619],[19.740226905709257,42.221769191867736],[19.740192265470206,42.22182101646175],[19.740174848993043,42.221851469422134],[19.740154471215973,42.22187735262575],[19.74011660924622,42.22193709095127],[19.74007596649987,42.22198317803907],[19.739987186883518,42.222050828241244],[19.739846673245616,42.22212419365478],[19.739815738252787,42.22214315496217],[19.739770934721722,42.2221676264007],[19.73972922758073,42.22218987223645],[19.739637868667966,42.222250156841696],[19.739620779907412,42.222264724028534],[19.739588397336586,42.22227912313892],[19.73939287265817,42.22235301772735],[19.73933283222892,42.22237505290448],[19.739286728242995,42.22238816679691],[19.73921002777502,42.22240321293871],[19.739116934894845,42.22242582090336],[19.73902262195378,42.22246530393442],[19.738967391311938,42.22249942804836],[19.738919774109714,42.222542314190896],[19.738891697988773,42.22258252540553],[19.73887496143613,42.22264023598996],[19.73887398242314,42.222689423496156],[19.73889237190992,42.22274461253746],[19.73892260720813,42.222791262488926],[19.73900321981458,42.222852924234104],[19.739137273277745,42.2229679906927],[19.73917957328136,42.22302372162378],[19.73919698189882,42.223083788149395],[19.739195515790204,42.22315746590662],[19.739181924687912,42.223217191643194],[19.739089818085198,42.223305816221476],[19.73898387647074,42.22337937158589],[19.738834810217412,42.22348120639813],[19.73869341227496,42.22358598811857],[19.738579045189308,42.22369394774266],[19.738495972674027,42.22378500282349],[19.73842472958606,42.22386469186715],[19.738337793537095,42.22395571333342],[19.73826278956861,42.22402960835053],[19.738168687468427,42.22409180610213],[19.738082883408477,42.22412535033241],[19.738005001058188,42.2241503573417],[19.73791566514282,42.22416662293737],[19.73783818323228,42.224171522820264],[19.737768541725664,42.224170756389825],[19.73765646216953,42.22416377027415],[19.73722257652789,42.224012119250084],[19.737132736689155,42.22401113003976],[19.737042782301863,42.22401527988277],[19.736987171743095,42.22403006163407],[19.736945389951103,42.22404500465565],[19.736889574790812,42.22407004687138],[19.7368339760797,42.22408483768093],[19.73677145074243,42.22409955217119],[19.736695439777343,42.2240987149334],[19.736626306977925,42.224097953412766],[19.736550566783347,42.224081715911595],[19.736461021874007,42.224065326273724],[19.73633011646615,42.2240433584745],[19.736247359426923,42.224032183844834],[19.736137083339408,42.2240155655168],[19.736019868615028,42.22399887061286],[19.735930119081598,42.22399275007297],[19.735860986418174,42.22399198809263],[19.735777549119213,42.224016734305785],[19.735742567063603,42.22403688322427],[19.735700375492137,42.224072346803865],[19.73564437893416,42.22410766718191],[19.735587948564937,42.22416350827887],[19.735539149483298,42.22418350480519],[19.73546261420047,42.22420832688281],[19.73525735849184,42.22422368133907],[19.735164700879565,42.22421639382502],[19.7351015540322,42.22420943171222],[19.73502141366029,42.224208547821256],[19.734945424842817,42.22421084251107],[19.734894694349418,42.22421654861508],[19.73484388937351,42.22422537771637],[19.734793084204227,42.22423421579538],[19.73474649311332,42.22424310034173],[19.734687134628224,42.22425810970049],[19.734623675022668,42.224266808092835],[19.73454744800105,42.224281631265455],[19.73449664274829,42.2242904692119],[19.734445900225673,42.224296165981826],[19.734395282647675,42.22429560742308],[19.734340575934873,42.22428874703104],[19.734281756245718,42.22427556653203],[19.734239841389467,42.22426257257349],[19.734198039413712,42.224243323160444],[19.734147672377045,42.22423022688035],[19.734114060417532,42.22422359920662],[19.733962571298015,42.22420312997579],[19.733651557207658,42.2241812683474],[19.733651659207368,42.224176165099],[19.733639736352313,42.22417093807903],[19.733615876245075,42.22416302256006],[19.73348881790003,42.22415404848628],[19.733454079970386,42.224150432999735],[19.73341939452913,42.22414358621199],[19.73339776306461,42.22413688357988],[19.733376131424823,42.224130189944226],[19.73337199003611,42.22412044859568],[19.733380866463865,42.22411084201326],[19.733402832998955,42.224101388997134],[19.73344204736757,42.22409859019365],[19.73357286936774,42.224087116360245],[19.733786338497584,42.22407653685991],[19.73392584285485,42.22406515847981],[19.734022290137048,42.22403067256342],[19.734114842240746,42.223972899311384],[19.734136978072364,42.223953752411006],[19.734150613010197,42.22392481606872],[19.73415119383223,42.223895744646754],[19.734143027848067,42.22386979955215],[19.73412640134365,42.22383083359237],[19.73410968590302,42.22379510752146],[19.734105984216463,42.2237627479575],[19.7340978059775,42.223736811726305],[19.73408520417817,42.22371404053408],[19.73406362523613,42.22370410673643],[19.734042070339754,42.223694182202564],[19.7340117968983,42.22368415242356],[19.73397277650011,42.22367725795197],[19.733929255503515,42.223676777525824],[19.733877052105868,42.22367620123326],[19.733833660254437,42.22366925845526],[19.733781497220253,42.22366545069417],[19.733738311045652,42.223648823541325],[19.733699395818707,42.22363545739424],[19.733664851718995,42.223622157502476],[19.733604123398855,42.223611791345995],[19.73355203712319,42.223604752457554],[19.733473713963686,42.223603887552905],[19.733443258994587,42.22360355123128],[19.733408509259643,42.22359993560092],[19.73338686587123,42.22359323283493],[19.733361169947884,42.2235735578258],[19.733348556157082,42.22355079542271],[19.733353226201494,42.223534696648606],[19.73336750734794,42.22347344882797],[19.733408514648055,42.223385182803995],[19.73348865811669,42.22329557547213],[19.733680161392588,42.22307794986366],[19.733734238000807,42.22299749808408],[19.73376268415377,42.22296742896082],[19.733791091428518,42.22293930392518],[19.733811366230047,42.22292660027949],[19.73384647797793,42.22291147673221],[19.734021766119564,42.22284878333087],[19.73409162213506,42.2228254008911],[19.734097766336834,42.22281977017275],[19.734101942411524,42.22280231554936],[19.734103035839468,42.222775473379556],[19.734098798098184,42.222740848284154],[19.734082543270915,42.22256932567857],[19.73408320879283,42.22253601504215],[19.734079818103588,42.22249536766818],[19.734073555704853,42.22245781243861],[19.734061678045325,42.22242123950928],[19.734051047286922,42.222391972307875],[19.734026572834214,42.22235421604847],[19.733959147775927,42.22226808375145],[19.7337771676657,42.22206570773182],[19.733670527026195,42.22190132531432],[19.733557676550177,42.22161560251456],[19.73368157829608,42.22168772969439],[19.73380585126836,42.22167886599263],[19.73387475128323,42.22167962663811],[19.734013417607727,42.221640214323486],[19.734138688621503,42.2215801734693],[19.734263779016615,42.221530375247426],[19.73451859801015,42.22148232346183],[19.7346326048876,42.22146410909469],[19.734755471815213,42.221439501605865],[19.734896848327864,42.221363172148315],[19.734958811992428,42.22132491112085],[19.735020646032343,42.22129313938127],[19.73509108097884,42.22126795321858],[19.735178588106738,42.22126243654529],[19.735257247472987,42.221263303986156],[19.735344649463773,42.22126426777584],[19.73553730315489,42.221246910692955],[19.73566005195603,42.221228791681305],[19.735756572665167,42.22121039242817],[19.73581814744609,42.221191589899824],[19.736309656788507,42.221068982990786],[19.736365407149812,42.22105314080862],[19.736415763744702,42.22102900195079],[19.73644942493995,42.221008793248174],[19.73647208853883,42.22098434926641],[19.736494973775745,42.22094757439245],[19.736534332849203,42.220919191212225],[19.736573621804464,42.220894930358924],[19.73663474166544,42.220887375416275],[19.736706777081448,42.22088816889571],[19.736783702174804,42.22092193807344],[19.736827282367468,42.22095945406208],[19.73686550496355,42.220988682807395],[19.73690949520477,42.22100563272753],[19.736986924754166,42.22101471365828],[19.737136951633882,42.22099579515927],[19.73720383926228,42.220975952088075],[19.73729341433388,42.22093166509514],[19.73737759506867,42.22087909942649],[19.73742314327899,42.22081786218655],[19.73746299340869,42.22076480842876],[19.73751394741799,42.22071186788355],[19.73754801784224,42.22067109280601],[19.737576858256002,42.22061379470381],[19.73761158449659,42.220540095932016],[19.737646146592294,42.22047463256654],[19.737675408809334,42.22039675952172],[19.737681434136718,42.220372141171346],[19.737682991511015,42.22029396319206],[19.73767885114481,42.220223959725764],[19.73765864720046,42.22012497167426],[19.737497270085562,42.219868723621396],[19.73740798081896,42.219748611515186],[19.737320048086055,42.21956043787788],[19.737323099427066,42.21940730408179],[19.73727962978032,42.21928769630529],[19.737214280244455,42.21911679480933],[19.737171174379178,42.21898016739074],[19.73717388684847,42.218844053455335],[19.737176260311006,42.2187249503839],[19.737203589362046,42.21850400747465],[19.73705299933733,42.2180088088574],[19.736967150970358,42.21773445053692],[19.73689807471678,42.21757260924422],[19.736845447188138,42.217491484853845],[19.736774620753135,42.21741686680991],[19.73664970767892,42.217334955147955],[19.73647058699894,42.21725243716855],[19.736309799691163,42.21715669827875],[19.73620268540084,42.217088404868875],[19.736113928635252,42.21700688202287],[19.735998183943774,42.216918345863455],[19.735865590961463,42.21676922654148],[19.735777881660404,42.21663402444763],[19.735601575612648,42.21641058498364],[19.73541797678432,42.21605682657699],[19.735160479114,42.215825775364415],[19.735045005562856,42.21572382759189],[19.7349656863138,42.21562227848312],[19.734903372751496,42.215574607437084],[19.734850505725277,42.21550690210706],[19.734816750970904,42.21538571704345],[19.73483670308338,42.21529197868965],[19.734875535971273,42.2151581626869],[19.734887113415382,42.215030761849505],[19.734831508087446,42.21490005424258],[19.73478222993368,42.214832775568496],[19.734725078292612,42.214755885433284],[19.73459142239056,42.214814439141506],[19.734512666298073,42.21484671717402],[19.734445073577195,42.21487910933048],[19.73438863177704,42.214911633498176],[19.73433220220663,42.214944148770236],[19.734264609111218,42.2149765498176],[19.734230150864153,42.215025880999086],[19.73418436369843,42.215083378382985],[19.734105110896323,42.21514049738002],[19.733992250820652,42.215205536604955],[19.733902673552937,42.215221130281],[19.733813415353186,42.21522014491886],[19.73371318366743,42.215210747087276],[19.733456262072075,42.21516829947339],[19.733266299790063,42.21518277505795],[19.73313128976238,42.2152392865501],[19.732985092122625,42.21529566528991],[19.73286122074146,42.21535229951072],[19.73274801560965,42.21543390717924],[19.73262414392959,42.21549053213572],[19.732455323255106,42.21556324269192],[19.732320133974234,42.215628033482346],[19.732218066849647,42.21570976372761],[19.73211668665356,42.21575835450295],[19.732015447755,42.21579866450853],[19.731903388952336,42.21582228130887],[19.731824820178907,42.21584627731308],[19.731713258526973,42.21584504369771],[19.731590533453197,42.21584368651521],[19.73149014735187,42.21584257627552],[19.73138957129112,42.21584974608802],[19.73126652680035,42.21586494950794],[19.731176296795166,42.21591367179438],[19.731119189100422,42.215979324940285],[19.731061915492948,42.216053258461926],[19.731004807551756,42.21611891154601],[19.730959360580226,42.21615983790291],[19.73093638212232,42.21619273061652],[19.730890757128385,42.216241937216196],[19.730811855809506,42.21628249332357],[19.73074374972262,42.2163397423269],[19.73069780471406,42.216405518789365],[19.730651183922397,42.21650442571614],[19.73063853910484,42.21657886193921],[19.730614896723925,42.216644885199344],[19.730580766443516,42.21667765441153],[19.730524167322443,42.2167184571569],[19.73045607278995,42.216775697108886],[19.730376980423824,42.21682453303591],[19.73025292574651,42.21688944462182],[19.729952869778337,42.21697287877748],[19.729908507755777,42.216916095302885],[19.729868868661455,42.21690827433817],[19.729829093764906,42.21690783385166],[19.72973959116991,42.21690684260598],[19.729679910667716,42.216906181602646],[19.72960095303236,42.21687576105569],[19.729552421809966,42.216816131505496],[19.729456667805334,42.21663041286284],[19.72940842091014,42.216556013405],[19.729311927454695,42.2164072144302],[19.72923430322109,42.21631033442577],[19.729175968061195,42.21624321408965],[19.729078142859446,42.21616087413588],[19.72900022307409,42.216078763691264],[19.72896190556779,42.21600447407663],[19.728924204628274,42.21590065429181],[19.728896308592695,42.2158043161534],[19.728680631112425,42.21564681368857],[19.728581770333022,42.215616171817544],[19.728462596210765,42.21560746865486],[19.728323368847867,42.21560592502191],[19.728103839581713,42.21559761213703],[19.72805418968183,42.21556909996157],[19.728017469864376,42.21552207811901],[19.727974583786043,42.21547033361686],[19.727913232263727,42.21539974024967],[19.727884000272162,42.2152922150209],[19.72788491060021,42.215246861843994],[19.72800603803614,42.21517208067373],[19.72807285161264,42.21514007078782],[19.728146771180864,42.21511905961809],[19.72833918077464,42.21505569141228],[19.729855487125988,42.21452736898772],[19.729900366888558,42.21445791705243],[19.729887060042525,42.21439857866433],[19.729873537499707,42.214350004801126],[19.72986693188282,42.21431764890699],[19.729889431856726,42.21428022287213],[19.730085460081796,42.21426087770167],[19.730165139744713,42.21426175991326],[19.730288177627013,42.21426850553546],[19.73041846813262,42.21427532230582],[19.730534373571466,42.21427660525365],[19.73065774683887,42.21426721281982],[19.730721419560634,42.214252235242114],[19.73088470254508,42.21422860125206],[19.7310084953789,42.214178891161175],[19.731073238662653,42.214135837624234],[19.73110850026739,42.214092448883925],[19.731139126155263,42.21403441589374],[19.731149967701178,42.21398345599703],[19.731136194224884,42.21393587877192],[19.731112662483895,42.21388454759832],[19.731049830165194,42.213832772606175],[19.730991682152986,42.21379200537687],[19.73095297773773,42.21376239122151],[19.73092395844049,42.213740185197345],[19.73090496532761,42.213707143141576],[19.730915441881308,42.213674418167734],[19.730945691210465,42.213640633629915],[19.73100565240638,42.21359022623475],[19.731080044011478,42.213554571415486],[19.731193529329722,42.21353028699776],[19.731331276322802,42.213520863793434],[19.731518422680438,42.21349740282909],[19.731670977381338,42.21348448799513],[19.731715327345135,42.2134776864531],[19.731785107046374,42.21342737821807],[19.731791032186283,42.213376372893414],[19.731787515216226,42.2133070242192],[19.731852902082064,42.2132311274445],[19.731912570276847,42.21319530928495],[19.731967176977232,42.21316672711145],[19.732046495234673,42.21313112612843],[19.732274836327996,42.21310776823717],[19.73247066962086,42.21314276455335],[19.73255840884367,42.21317656606897],[19.732661624123004,42.21317406063722],[19.732681784700993,42.21314875248474],[19.73266748775193,42.213126700572126],[19.732619450263122,42.21307144392232],[19.73260529913019,42.21304210163607],[19.73258147476633,42.2130053604772],[19.73258205824582,42.2129761810119],[19.73259744918743,42.21294351918681],[19.73265705591797,42.21291134594577],[19.732775430853707,42.21288711398482],[19.73290350317571,42.212870281012805],[19.73299711754422,42.212856731243335],[19.73313492360591,42.212843660530645],[19.73325301876758,42.21283401794253],[19.733474109892878,42.212832813614554],[19.73361684347782,42.21281979673534],[19.733793658090438,42.2128217488932],[19.733921499132997,42.21281586820091],[19.734098325862764,42.21281782002269],[19.73454255341867,42.21277482923414],[19.734573471700777,42.21275533798444],[19.734321049606,42.21255716370211],[19.734152600976625,42.21247105984053],[19.733927991533722,42.21235624818048],[19.733760116893393,42.21224207146052],[19.733611691046598,42.212100021618966],[19.733464387904124,42.2119018177414],[19.733372953590887,42.2117463531053],[19.73330100401248,42.211563024967866],[19.73330437051381,42.211394563416725],[19.733363323734093,42.211282891001765],[19.733479254165324,42.211157803933105],[19.733634969388152,42.21093486733907],[19.733638334928088,42.21076640574766],[19.73358499196389,42.210597318008695],[19.733307560365844,42.21018173532948],[19.73319668111757,42.21005414339203],[19.73304798092784,42.20992613356924],[19.732956550376233,42.20977066860082],[19.733207364794872,42.20983402556471],[19.733459193580636,42.209876336461235],[19.733706711905956,42.209867114227556],[19.733774659360385,42.2098615716774],[19.733868282571297,42.209843709104696],[19.73395343085998,42.20982576190828],[19.73403048170661,42.20978882913678],[19.73411537860557,42.20978346446455],[19.734242660848484,42.209778576500426],[19.73435285598421,42.20977979255079],[19.734454564332896,42.20978091485191],[19.734547205992993,42.2098134185826],[19.734673973484238,42.209833713304974],[19.73481809172937,42.2098353031482],[19.734979512176853,42.20981818751103],[19.735141321432653,42.20978218880147],[19.7353122573543,42.20971480894333],[19.735466847225588,42.209615767054494],[19.735561976249194,42.20952237116311],[19.73567543563498,42.209359903423525],[19.73576309400122,42.20921603830873],[19.735816351179643,42.209096991803634],[19.735886431864916,42.20898442340429],[19.73597381374863,42.20885315849716],[19.73606934174934,42.20874087042637],[19.73615534247458,42.20867884599006],[19.736249214325486,42.208648389778126],[19.736623959401218,42.208564375268715],[19.736776662841464,42.208559755495706],[19.736988461147153,42.208568389710685],[19.73711473759835,42.208613856176804],[19.73729099586585,42.20870394876829],[19.737459018745966,42.208781356009446],[19.73759277963011,42.208877282039296],[19.737803639219624,42.20901096643498],[19.737871209495097,42.20902430443945],[19.738032150029248,42.2090323680653],[19.738228128679513,42.208984155517236],[19.738322238355202,42.20894111480111],[19.738417111781438,42.208860299129775],[19.738503635774315,42.20877308983119],[19.73856447302047,42.20869820139],[19.738650507610103,42.20863617544809],[19.738744616305926,42.208593143372546],[19.738855698520062,42.208550279849995],[19.73900005244502,42.208539272594436],[19.739109995179195,42.20855307572002],[19.739202488020094,42.20859187577592],[19.739277769532688,42.20864307199696],[19.739318914454227,42.20870649638723],[19.73935194847713,42.20875093547178],[19.73941090686534,42.20877047962792],[19.73955538648421,42.208753171341364],[19.739631931964908,42.20874142709058],[19.73971645167831,42.20875494125981],[19.73978324694505,42.20880605290319],[19.73976418225382,42.208912891553524],[19.739736869186466,42.209007036137265],[19.739752066103833,42.209095364103824],[19.739792323829924,42.20920284556054],[19.739858643221012,42.20927914078067],[19.73994191224558,42.20935561317242],[19.740017570585177,42.2093879259073],[19.740144476448627,42.20940191439061],[19.740254796205623,42.20939683342445],[19.74047457239782,42.20943072868003],[19.740592128315708,42.20948868998036],[19.740767029192728,42.209598108589894],[19.74095403953962,42.2096191477879],[19.741089684392183,42.20965227133586],[19.741191901281653,42.20965339324184],[19.74128535606474,42.20966706733802],[19.741396084000495,42.20966828246603],[19.741489640080328,42.20967563778833],[19.74160011682402,42.2096895074061],[19.741786010086276,42.20976746447789],[19.741862029868475,42.20979994200597],[19.741997687712846,42.20983306462322],[19.742133596813314,42.20985353239277],[19.74232059649105,42.20987456024434],[19.74238904800526,42.20994672725199],[19.74238763574223,42.210017912133004],[19.742331654136787,42.210078325886336],[19.742234569657782,42.21013829787822],[19.742124018227013,42.21018794932663],[19.742041054439852,42.210227712478385],[19.741998159435116,42.21031879689874],[19.741968957509954,42.21041001349044],[19.74192584848909,42.210511259296396],[19.741923224540002,42.210643467467065],[19.741921004289136,42.21075533453202],[19.741932287401394,42.21087751347521],[19.741972743174355,42.210901426602305],[19.742486005814197,42.21125311825564],[19.742639681550397,42.211392090375746],[19.74275068054083,42.21153059448366],[19.742819469899466,42.21164750708146],[19.742888247400593,42.21176441950636],[19.74299905049006,42.211913472087566],[19.743095442850702,42.212072935507464],[19.743192648826557,42.21219016828419],[19.743318295195976,42.21230770359507],[19.743641753556567,42.21249077398838],[19.743769493799658,42.21250273305593],[19.743925871163523,42.21250444573732],[19.744040455670756,42.2124634610842],[19.74416967229171,42.21240151679264],[19.744242427401673,42.212317825443044],[19.744272737596802,42.21222311847806],[19.744275665979284,42.212075303368366],[19.744277548384662,42.211980285153246],[19.744279640113838,42.21187470035615],[19.744281522500035,42.21177968213754],[19.74431393611781,42.21157939047794],[19.74431581843315,42.21148437225314],[19.744235113530312,42.21125117150623],[19.744152108513333,42.21113409508853],[19.74409691555135,42.21104900276798],[19.744027718168482,42.21095320619524],[19.743944516641,42.21084669634518],[19.743847077649125,42.2107400305032],[19.743706383037313,42.21066456140174],[19.743622345404933,42.210600281643565],[19.74345424661595,42.21047171268134],[19.743398845685586,42.21039718661495],[19.743344588172782,42.21025888169903],[19.74357437994277,42.21009317943442],[19.744013178405837,42.20993971336796],[19.744302490428744,42.20983852477798],[19.744929803380728,42.209356026808415],[19.7455792126967,42.20879730919506],[19.74591963759564,42.20833825187159],[19.746113406837335,42.20791217772406],[19.74614855143981,42.20761197001662],[19.746063754156246,42.207322928455355],[19.74595156722027,42.20711041429682],[19.745876269668084,42.20699435057556],[19.745813901981386,42.20687841918804],[19.745777025243967,42.206781986756994],[19.745649251211827,42.20670375350096],[19.745507052257935,42.206702198280404],[19.745378138586425,42.20668157696962],[19.745288227208828,42.20665178556818],[19.745148094784444,42.206544608704164],[19.745149425034437,42.206477401928126],[19.745099228106326,42.206400025779516],[19.744984017049052,42.20634113146952],[19.74479010174134,42.206339009464365],[19.74463420159271,42.206375725696546],[19.74435947759012,42.206535977984906],[19.74426668993137,42.20665021156991],[19.74415984358443,42.20682190685057],[19.74406478473403,42.207051355806534],[19.74400889399395,42.207262031363086],[19.743952990938155,42.20747269774677],[19.74388396763825,42.20769282602303],[19.743802394646114,42.207893614568526],[19.74369364205634,42.2081613266498],[19.743598959891354,42.208371577056575],[19.7434913232971,42.20858167645621],[19.743355369631903,42.20890931657789],[19.743276458202104,42.20897568226596],[19.743183677041912,42.20908991498613],[19.743105336446813,42.2091274699657],[19.742936498791263,42.209164033073726],[19.742819951815374,42.209172352264204],[19.742651685154872,42.209180113370905],[19.74241953100197,42.20914876029575],[19.74216210115675,42.20908831271792],[19.741382780388008,42.208805053647595],[19.74121404542497,42.208754723700125],[19.740877551280324,42.20860558657644],[19.740976660568535,42.20850701743045],[19.74106768115562,42.20840415526799],[19.741113016040437,42.20836216130297],[19.741158057440078,42.20833433395584],[19.741190786207223,42.20828748431547],[19.74122358436099,42.208235918142506],[19.741250038873858,42.20818427333757],[19.74126415636843,42.20811361499289],[19.741203203178824,42.208001828785086],[19.741154523808024,42.207917121592786],[19.74099309799633,42.20780313418475],[19.740925520891327,42.20771822845471],[19.740876365567775,42.207656904286274],[19.74085211294041,42.20760987930518],[19.740859441619605,42.20755852875389],[19.74099574325175,42.20742299868798],[19.74109244940722,42.20735326490023],[19.7412536501325,42.20723703899679],[19.741350589988382,42.207155505337305],[19.741415060309674,42.20710901294602],[19.741495882183877,42.20703910450873],[19.741663509950396,42.20659960742772],[19.741750442542276,42.206222980222236],[19.74188336022352,42.20592945487125],[19.742046638234097,42.20570705764174],[19.742209237194036,42.20552005037628],[19.742435342652634,42.205333739193684],[19.74261452441606,42.205111506494795],[19.74276097913277,42.20493612365504],[19.742875901438133,42.20474859279597],[19.742879643949927,42.20455984329408],[19.74286820545259,42.2043355297339],[19.742841118366243,42.20409924242392],[19.7425988287167,42.20378923359045],[19.742718301782798,42.20370307540624],[19.742759859978676,42.20358691310563],[19.742802561826387,42.20341245439868],[19.742804584891477,42.20331042470162],[19.742690892750794,42.2031051017247],[19.742537389867486,42.20292848313963],[19.742402631151876,42.20279581281809],[19.742267584126957,42.20267770515465],[19.74203702598261,42.20242735699053],[19.741959968701032,42.20235362791107],[19.741808217004746,42.20208955964105],[19.741718189716522,42.201680409479096],[19.741720792730604,42.20154923616924],[19.741685018396456,42.2013739168821],[19.74166830054104,42.20122794761428],[19.742147206192833,42.201029150810214],[19.742196679440223,42.20092410347774],[19.742213884923427,42.200853883898546],[19.74223177613054,42.20074848120993],[19.74224942255038,42.20065480604099],[19.742266848226482,42.200572867658515],[19.742299826113186,42.20050283001701],[19.742333269306645,42.2004093280462],[19.74238227655655,42.20032773593017],[19.74243106320137,42.200257871582686],[19.742525820477947,42.2002589104765],[19.742620357317506,42.2002716770851],[19.74268282299798,42.20030756147947],[19.742766673557565,42.20000498956545],[19.742808319754978,42.19979020614128],[19.742809420733053,42.19973467300541],[19.74280102729314,42.199685967699445],[19.74298628724089,42.199585595133975],[19.743126549377962,42.19948186640263],[19.743304956692487,42.199302007481556],[19.743413103257158,42.19913869029253],[19.743523123748748,42.19888015644024],[19.74359580831634,42.198742431704574],[19.74361087085314,42.19856943426341],[19.743521585757073,42.19836933066581],[19.743281188366538,42.19811380867569],[19.743189675056218,42.1980262202337],[19.743109634716763,42.197947426816675],[19.74293672137977,42.19785029477845],[19.742855847933953,42.19781477591441],[19.74271943735072,42.197640127271825],[19.742662711334674,42.19756158009635],[19.74260581378368,42.197491691385345],[19.742502130546338,42.19742995909982],[19.742386815397083,42.19736809018125],[19.74221320609988,42.19730557290861],[19.74213266495034,42.19725274543257],[19.742063768300397,42.19720004560844],[19.742006883835785,42.19713015674191],[19.741772262636996,42.19694162826262],[19.741551221218568,42.196856488599],[19.74144099253116,42.196800130030624],[19.741349581216124,42.196730195070664],[19.74129528165037,42.19666066730503],[19.741259537955912,42.19659134315118],[19.741224068022404,42.19650823020834],[19.74122543590549,42.196439313318926],[19.741208795110342,42.19634263323178],[19.74115366318297,42.19631445360229],[19.741116563943958,42.19631404642664],[19.741041781890168,42.19634080019542],[19.74098530611241,42.19638153763699],[19.740946814446676,42.19645004702341],[19.74088924383924,42.19654592151956],[19.740813093081346,42.196641592011034],[19.740699854893947,42.19673684626596],[19.740624251073804,42.19680494807385],[19.74060514779765,42.196832312881234],[19.740493253266752,42.19685865878874],[19.740441639302958,42.196877060207235],[19.740407003189652,42.19679590070728],[19.74037960549182,42.19671482068791],[19.74038131645949,42.19662867685716],[19.74038345520325,42.196520994816765],[19.74049715266856,42.196256310455645],[19.740520709526216,42.1961650140219],[19.74055131482836,42.19608457093185],[19.740582442536695,42.195977207183674],[19.740613997830664,42.19584830521088],[19.740615922185274,42.195751396753],[19.740632359438774,42.19565463863884],[19.740662203937344,42.1956118804984],[19.74069426558541,42.19544770337502],[19.740704081464592,42.19531857168567],[19.740706112872225,42.1952162629106],[19.740608589100354,42.19501594047877],[19.74061733613458,42.1949406408289],[19.7406472871682,42.194892500378714],[19.740684072823644,42.19486597787157],[19.740772120268513,42.194813091747235],[19.74082380965413,42.194765189900224],[19.740890652764616,42.194685144510004],[19.740928079464073,42.19462631909112],[19.740936695000098,42.19455640144533],[19.740931072264345,42.19447556054929],[19.740932675502506,42.19439479897171],[19.740963053584856,42.194325120206614],[19.74100041112165,42.194095337060176],[19.740981003130965,42.19398258412526],[19.740932539675132,42.19388021618687],[19.740876224348465,42.19380991886456],[19.740826673095782,42.19376113965899],[19.740813202924276,42.19371275653647],[19.740858601037896,42.193606062467886],[19.74088833134571,42.19356351005465],[19.74092545167699,42.19351032581144],[19.740934367419495,42.193424666122596],[19.740892586272878,42.19334917187259],[19.740512342732384,42.1931991481218],[19.74040500018419,42.19315509960565],[19.740276004730536,42.193110804181536],[19.740182959334252,42.19307226894944],[19.739968795831437,42.19295735856213],[19.739926483829915,42.19290865848941],[19.739857765696193,42.192736397427346],[19.73985936251416,42.192656022880385],[19.739884291516056,42.192490147097196],[19.73985672668953,42.192425521587374],[19.73981449731067,42.1923714659057],[19.739743106421457,42.19233315922191],[19.739671408136964,42.19231093653743],[19.73966551280802,42.192149466397545],[19.73952211120471,42.19202976014417],[19.73941844548035,42.19191048141697],[19.739380275143503,42.19183130826463],[19.73939626664565,42.19169366512859],[19.739451406330364,42.191585980343994],[19.739443238988013,42.19132992320273],[19.73951809745281,42.19089759173391],[19.73948069796509,42.19077904123955],[19.73938893002845,42.1907288071743],[19.739283909373718,42.1906784273724],[19.73919195813053,42.19063803984397],[19.739087316960884,42.19056797561696],[19.738943932072722,42.19044826880389],[19.7388264542542,42.19035837479168],[19.738722021657814,42.19027847281611],[19.73856714690195,42.19007003680486],[19.738515114680965,42.190020239024335],[19.738435646757477,42.19001936501396],[19.73832944142194,42.19002803655964],[19.738249557757307,42.19004684626477],[19.738156824979274,42.19004582614363],[19.73801108130412,42.190044222716416],[19.737878406555268,42.190052611618256],[19.73773207543158,42.190080529496676],[19.7375855482246,42.19011829373939],[19.73747896277818,42.19014665773202],[19.737385421894736,42.19018501392719],[19.73718453598541,42.190291084228186],[19.737116924637586,42.1903592537942],[19.737147822639084,42.19002337849058],[19.737348298649678,42.18951639641339],[19.73754464371178,42.18921682157783],[19.737776260546443,42.18905907247486],[19.737917741399546,42.188966337330776],[19.737970738782703,42.188853768299154],[19.738022622920976,42.18879775857009],[19.738074869959927,42.188722892615786],[19.73815252021973,42.1886483151037],[19.73821653706015,42.188620733548255],[19.738280928877916,42.188574295887335],[19.73833298782696,42.18850886234093],[19.738334487887837,42.18843343806253],[19.738297362381264,42.18838589271326],[19.738221787395087,42.18835676658727],[19.738120833109065,42.18832737021129],[19.738070250260627,42.18831737912387],[19.738046570850468,42.18823226123281],[19.738215758763758,42.18803421343533],[19.73830795426666,42.18786550383153],[19.738334833301547,42.18779035870229],[19.738297895757064,42.18773338081682],[19.73840687303836,42.18753582271642],[19.738451453305014,42.187396567523194],[19.738433342675613,42.18725663181985],[19.738415516662634,42.18710116996032],[19.73839771511156,42.18694569936076],[19.738359012562885,42.186790016867704],[19.73825825014579,42.18660258414689],[19.73821891880574,42.186477935241896],[19.738201414207374,42.18630695658621],[19.73820481037211,42.18613619884144],[19.738290561296903,42.18602845513409],[19.738397200256863,42.185920941105465],[19.738524727148405,42.18581365669588],[19.73857020755793,42.185627832461186],[19.7385321349959,42.185441089348885],[19.738491581217602,42.18537853520863],[19.738523729090577,42.185190529785416],[19.738526019738373,42.185075323174594],[19.7384680227816,42.184683455338835],[19.738431194063676,42.184482898027966],[19.73840912337538,42.18436135579116],[19.738316126816482,42.18411166625261],[19.738116207572503,42.183566446100066],[19.737909439854768,42.18326284898491],[19.737965986794823,42.183258807866814],[19.73801645035618,42.183245382217216],[19.73810481608872,42.18321838365812],[19.73814891821841,42.18320955125442],[19.738180446910214,42.1832005715165],[19.73821808301394,42.183200985530206],[19.738261999870407,42.1832014686193],[19.73829945055592,42.183211207143636],[19.738342879862447,42.18323499227877],[19.738379960121875,42.18326336185125],[19.738410493648534,42.18330564927219],[19.738434561226565,42.183357183144246],[19.738470900371826,42.183422832837714],[19.738495060379904,42.1834697224295],[19.738507239411963,42.183488491520464],[19.738525489462926,42.183516662955896],[19.738549927802765,42.183549556729375],[19.73858064677911,42.183582528569126],[19.738617727346092,42.1836108980672],[19.73866115704484,42.18363468308545],[19.738704796343075,42.18364914381562],[19.73883796209579,42.18367870479677],[19.738893571115288,42.183721258784395],[19.73891064147453,42.18381001292633],[19.738914860309592,42.183912606634216],[19.738888013680143,42.184000859930066],[19.73888690200475,42.184056789158],[19.738886346344767,42.18408474477125],[19.73890452844471,42.18411756968271],[19.738929244849423,42.18413649457164],[19.739028864352,42.184174878053796],[19.739072665215055,42.18418001384418],[19.739135111055564,42.184194690149],[19.73919138100016,42.18420462624534],[19.739247546217573,42.18421922445085],[19.739291186053762,42.18423368496364],[19.739328267138706,42.184262063238705],[19.739358962656976,42.184295034610024],[19.739358222107548,42.18433230576602],[19.739357203469773,42.18438357273119],[19.73935581464159,42.1844534707732],[19.73940388377754,42.184561200663175],[19.739452033422054,42.184664277131176],[19.739545451878524,42.184765042258974],[19.739850756585337,42.184870944083954],[19.74007642274183,42.184958721601824],[19.7403229470698,42.18504338781976],[19.74054625557681,42.18510730894323],[19.740687950878584,42.18511471629134],[19.740774729543585,42.18510981736908],[19.740837931012784,42.185101733757186],[19.740899783036365,42.1851067519189],[19.740896305810104,42.18508495474215],[19.741125383294836,42.185094256968064],[19.74121393007015,42.18512347853348],[19.741321361976144,42.18503851267953],[19.741367839626005,42.18499662097458],[19.74141585512748,42.184878423048964],[19.741439688572253,42.18482780250687],[19.74148616580886,42.18478591974987],[19.74156705985235,42.18473592522536],[19.741670273564857,42.18471161652328],[19.741754914107347,42.184720503215644],[19.74189137365572,42.18471355569341],[19.741983071533323,42.18467236677232],[19.742064242160215,42.184588858670715],[19.742099993932737,42.18450486143698],[19.7421245372081,42.18441229694332],[19.742148435648865,42.184353475695346],[19.742309269961805,42.18426240565117],[19.742434364830494,42.18425533286955],[19.742570321546065,42.18427370301998],[19.74266016695317,42.18432532689313],[19.742749355785314,42.18441070282594],[19.742815817470216,42.18449582959631],[19.742855869950855,42.1845404977921],[19.742938082859382,42.18463219788904],[19.743062175231515,42.184675761429],[19.743186422913528,42.18471088220385],[19.74327695027613,42.18472874473688],[19.743333732654893,42.18472936684264],[19.74343528923854,42.184764247751104],[19.743558559086193,42.18484998739661],[19.74361417201249,42.18490967087159],[19.74363620698537,42.18494367154954],[19.74364672312142,42.18498599039028],[19.743645553577977,42.18504505189675],[19.74366661028859,42.1851296808392],[19.74372000288577,42.185270947479474],[19.74378567583003,42.18536361812799],[19.743784020948944,42.185447197088756],[19.74381562271607,42.18555620318517],[19.74393260615557,42.18590148725206],[19.743975947590414,42.18598554993118],[19.74406229992162,42.18617038923291],[19.74405058693346,42.186612246964906],[19.744102840708187,42.186786684083586],[19.744178873959807,42.186886876968316],[19.744210989977876,42.186953459857236],[19.74424393733183,42.18697865841778],[19.744288006812628,42.18700397872857],[19.74435420505872,42.187037823550966],[19.74443121000824,42.18708834219578],[19.74447496417073,42.187130214550436],[19.744484636166092,42.18720483397476],[19.744472179171055,42.18727093789593],[19.74446006200772,42.18732048096545],[19.7444259675692,42.18735322789906],[19.744425148509666,42.1873946123513],[19.74444613056992,42.18746108229631],[19.744501019285142,42.187503076518695],[19.744545265023024,42.18752012537681],[19.744567054296642,42.187545201714556],[19.74476557673138,42.18744678063655],[19.744894077540156,42.18735535318284],[19.74499562053756,42.18725777901772],[19.74505973270233,42.187187216810436],[19.745093863481248,42.18714098436333],[19.745109321000847,42.18710552164352],[19.745117287787334,42.18707545048141],[19.7451178297221,42.18704805284917],[19.745118317711988,42.1870233823793],[19.74513362474781,42.186996137277056],[19.745152381956594,42.18697989494291],[19.745171205377904,42.18696091657489],[19.74526847008044,42.18693638652501],[19.74532775366025,42.18692387337639],[19.745381292342028,42.186902537942636],[19.74541131839159,42.186876543097746],[19.745417930080073,42.1868415327326],[19.745441534150107,42.18668302308584],[19.74546183912341,42.186555445894726],[19.745482603903618,42.186405835642695],[19.745496630108665,42.1862958166339],[19.7455034436825,42.18625181498537],[19.745528122298758,42.18620361550803],[19.74554694605945,42.18615093177326],[19.745577305547027,42.18611601006166],[19.745619687298333,42.18607240638239],[19.745661795658002,42.1860420153463],[19.74573339211807,42.18602076918184],[19.74578685006888,42.186016942505375],[19.745840482202087,42.1860043042749],[19.745888009872562,42.186000421712414],[19.745947310705986,42.186001070062055],[19.74600679780867,42.185992906983735],[19.74606608653557,42.18599355513956],[19.74613716054853,42.1859987343096],[19.746196212191094,42.18601260445829],[19.74624321763037,42.18603514733866],[19.7462901238491,42.18606210033339],[19.74631935100699,42.186084457867366],[19.746354496177478,42.186106880074426],[19.746413349834334,42.18612955237861],[19.746484336716396,42.18613915060207],[19.74656134103079,42.18614439431746],[19.746626572112483,42.18614510711945],[19.746709506369463,42.18615042453453],[19.746816347374864,42.18614718064665],[19.74691715906181,42.18614828201008],[19.747148762000762,42.186170311311386],[19.74730380640622,42.18620314427803],[19.747398553898513,42.18625757273454],[19.747481144560194,42.18632077182405],[19.747563986787206,42.18637062291413],[19.74762201290758,42.18646468427722],[19.747685151465337,42.18660330971518],[19.747719941817873,42.18666153051442],[19.74774908051726,42.18670190069111],[19.74782550609276,42.18677391767689],[19.74787860779023,42.186814540410104],[19.747961111901454,42.186882185433795],[19.748025831890867,42.186940732829804],[19.748125769699772,42.18703526038784],[19.74823099631034,42.18716544140049],[19.748348932704907,42.18728340059409],[19.74841365345797,42.187341947777455],[19.748436463408677,42.18740003762981],[19.748441664334464,42.18744013742983],[19.748428629715285,42.18749338894014],[19.74840371340348,42.18754206357351],[19.74837255523838,42.187604011772436],[19.748359695971004,42.187648370732326],[19.748346848965063,42.18769272082174],[19.74831585401807,42.187745776330246],[19.748272801851957,42.18780314747999],[19.748224034312315,42.187847105556614],[19.74818132101429,42.18788668245848],[19.748152302523902,42.187984339789566],[19.748318422680263,42.18810518351103],[19.74845100704573,42.18808208047124],[19.74868217919765,42.188084602606416],[19.748846581347333,42.18812321614182],[19.74894444400456,42.188185626485996],[19.74904230685489,42.18824803674856],[19.749172472237564,42.188347619345876],[19.74933566645619,42.1884475529273],[19.749497156305882,42.18863336038638],[19.749650178371137,42.18882198311136],[19.749729336392765,42.188975483063274],[19.749890301241006,42.189162256503764],[19.74997110202362,42.18923182603924],[19.750041501468818,42.18930891627542],[19.750111600492957,42.1894012624014],[19.75018094801429,42.18953176181622],[19.75022008307034,42.189631404584944],[19.750277490053413,42.189845721975395],[19.750285949688088,42.18993738738706],[19.750283394165955,42.19006710330415],[19.750271026009262,42.190173827999374],[19.750268921545466,42.190280646514154],[19.750277381033328,42.19037232092079],[19.750347932449138,42.190441778510255],[19.750429511125354,42.19047319467264],[19.750501241182114,42.190481601181595],[19.750603438117565,42.19049262614115],[19.75070662009813,42.19047084769629],[19.75084059207358,42.190449413481986],[19.750943298832272,42.19045053195952],[19.751035892460465,42.19044390612232],[19.75113891167595,42.190429768621705],[19.751262157342314,42.190431110436336],[19.751375139603983,42.19043234039368],[19.751426342747752,42.190440531872994],[19.75151758468909,42.190502579863114],[19.751547498220773,42.19054869207266],[19.751577099263834,42.19061006908049],[19.751607036917076,42.19065619053894],[19.751626212470637,42.19072507916519],[19.751624560522806,42.19080901831996],[19.751581530154546,42.19090776632209],[19.75153893820852,42.19098361676845],[19.751496345981703,42.19105947619714],[19.751485031226576,42.19111277375488],[19.7514737164514,42.19116607131078],[19.751431274254497,42.19123429824271],[19.75136814268811,42.191309925037984],[19.751273895375746,42.19140049026106],[19.75100308088561,42.191588331205544],[19.75071157493245,42.191783589243286],[19.750448629478953,42.19189382317579],[19.750299752889887,42.19197726564681],[19.750150612280656,42.19207285839101],[19.750033756250264,42.1921931094565],[19.749917102756907,42.19230121826442],[19.749799982157594,42.19243361954622],[19.74966648487878,42.19256585118952],[19.749565966740622,42.19268627985859],[19.749449072147257,42.1928065298902],[19.74928191133841,42.19298699841679],[19.749131353434937,42.1931554854103],[19.748880489179644,42.19343226721914],[19.74861663896431,42.19353876000248],[19.747886900463882,42.19359195907678],[19.747937161195058,42.19366946088509],[19.748013146141858,42.193756867105044],[19.748102070170166,42.19384441449767],[19.74824296410914,42.193922905346874],[19.748384427472097,42.19397255830744],[19.748551805550765,42.19402247583532],[19.748745428914823,42.19405345014228],[19.7489265173304,42.19406504011008],[19.749082070827523,42.19405712202688],[19.749276453336055,42.19404961813703],[19.749458275943024,42.19402274769554],[19.749601636826863,42.19397621039384],[19.749783862617075,42.19393009653816],[19.749939794968377,42.19390293412738],[19.750146938334513,42.193905191479054],[19.750340953255197,42.19391692906994],[19.750573430454324,42.193948314592895],[19.75075376093662,42.193998388004175],[19.750934434540095,42.194029208573596],[19.75108924238711,42.19405975622683],[19.75125698950461,42.19409043553875],[19.751463754782197,42.1941119336894],[19.751709385829685,42.19413383644574],[19.751850663308602,42.194193097756525],[19.752118577221825,42.19439802837361],[19.75235278694615,42.1946196514425],[19.75236395399641,42.19453816547365],[19.752384798543776,42.19444968181335],[19.752428744140502,42.19440048414791],[19.752569222466143,42.19424806967692],[19.75270805459158,42.1937939551475],[19.752901126229332,42.19330753509606],[19.753002750737082,42.19313979850948],[19.753056990910345,42.193050282381236],[19.753101120796295,42.19300087038706],[19.753144912392052,42.19296927960403],[19.753179105814976,42.1929375844708],[19.753218022330348,42.19290949664512],[19.7532570207963,42.192877853717974],[19.75327697503286,42.19283888282142],[19.75327788542147,42.192792565964545],[19.753245570551186,42.19272808106613],[19.7531951341658,42.19260995146485],[19.753186942553956,42.19253768054987],[19.75318876326439,42.19244505583452],[19.7533374442134,42.19220081421049],[19.75344680199404,42.19200902559595],[19.753512354794864,42.19184582984685],[19.753467923992805,42.19166605361326],[19.75346481124012,42.19158050522828],[19.753472894579488,42.19141311993687],[19.75348900298391,42.1910819226897],[19.753542230512227,42.19081402013132],[19.753694617152807,42.19043018974364],[19.753711420643477,42.19035620987633],[19.753759165532763,42.19027116904565],[19.753847251170217,42.190216688777106],[19.75390354832574,42.19018187562086],[19.7540149606665,42.19013666912211],[19.754107037261818,42.19009839146053],[19.754174994863117,42.190063425747454],[19.7542770315539,42.19000740420518],[19.754364641285303,42.18995122589949],[19.75444223257431,42.18991636464505],[19.754538961246322,42.18988527611972],[19.754809997142143,42.18978823717995],[19.754851370097164,42.18976191292469],[19.754892743194603,42.18973557965338],[19.754927135992936,42.18969667515067],[19.754933807456695,42.18961026070995],[19.754944188116603,42.189571086550856],[19.755002546898492,42.189536025152165],[19.75512846624014,42.189487401035905],[19.755172258288354,42.18945931142295],[19.755240577126273,42.18940648806398],[19.75532055505047,42.189273993162615],[19.755321815973357,42.18920972910861],[19.755333337496584,42.18911239323736],[19.75537493020535,42.18895760571978],[19.75545025364807,42.18882105410506],[19.755772248692676,42.18898624099217],[19.755911440280695,42.189057655067266],[19.756229446663465,42.1892207988562],[19.756952435652885,42.18947515128142],[19.757457486635964,42.18962112524148],[19.758365947773093,42.18975707855429],[19.758607351495982,42.18981115865151],[19.758684829919225,42.18983452136706],[19.75919175666885,42.18968133742862],[19.75960145590836,42.18945787074909],[19.759894798235436,42.189302337766904],[19.76022147567092,42.18912274059314],[19.760800695552298,42.18891331811879],[19.76100761374959,42.18881658904587],[19.760953270427965,42.18876216716044],[19.76088682684343,42.18867278391159],[19.760736330602143,42.18834759064524],[19.760559359371424,42.18782982695347],[19.76049236229964,42.18763378500721],[19.76042464529548,42.18767099871275],[19.759971712687772,42.18784781829601],[19.75972199290738,42.18791973999072],[19.759447838416712,42.18786815281936],[19.75887308509962,42.18768804319959],[19.75879901139543,42.18765846072239],[19.758672770067868,42.18763664094961],[19.758509821015828,42.18766147073905],[19.75836881857911,42.187690624993564],[19.758172897082122,42.18771101025233],[19.757927880091728,42.187708357335154],[19.75775470598201,42.18769216802496],[19.75760581077006,42.18766382699953],[19.75749969066785,42.187599255002695],[19.757418572898597,42.18752268336976],[19.757316041655525,42.187415199212516],[19.757284524352595,42.1873371122708],[19.757305546896518,42.187252653628214],[19.75737576398345,42.187181808547514],[19.757468111655765,42.18710711602556],[19.757513674702494,42.18702987309498],[19.757543330805913,42.18692176836133],[19.75755861608001,42.18686136518643],[19.75759856430353,42.18679019209456],[19.757724406927444,42.18669132136693],[19.75787571592492,42.186557931655976],[19.757982651222896,42.18644043679775],[19.758241883139725,42.186161870664996],[19.758470881522697,42.18599864068499],[19.758701945488408,42.18587021821634],[19.759017263951847,42.1856214253008],[19.759362430483286,42.18549518116444],[19.75957959889839,42.18547674309179],[19.759797173797825,42.18543750424502],[19.759967737458975,42.1852989814335],[19.760125135056423,42.18511872453553],[19.760366159638647,42.18504270182263],[19.76057694066667,42.18499299018726],[19.760793701145015,42.18499533215567],[19.76096810977402,42.18501801199746],[19.761856863583894,42.185061098092795],[19.76228745926907,42.18519963028777],[19.76271022850048,42.18516232978438],[19.76332010479556,42.185040279127755],[19.76393094764324,42.18483183870397],[19.76411721443189,42.18468699710239],[19.764158211225414,42.18466345616977],[19.76421743885016,42.18461374333019],[19.76426947611564,42.184625566066664],[19.764411819610824,42.18469115220968],[19.764538135695304,42.1848419632062],[19.764733436839627,42.1851376289064],[19.765573769909484,42.18552570744768],[19.765958557782593,42.1856793072019],[19.766804571598517,42.18575782409953],[19.767012870524663,42.18575472486804],[19.767252169140097,42.18563453889876],[19.767585606382553,42.185499348476476],[19.768095961448083,42.18547279984889],[19.768713587267502,42.185468754403665],[19.76928064197714,42.18548017847927],[19.769557993649432,42.185507856824366],[19.769564438697422,42.185342181031494],[19.769563443117196,42.1852268663978],[19.76953911776129,42.18514733848886],[19.769496157494125,42.18502817073658],[19.76949941797193,42.18486005710539],[19.769506451539538,42.18483130656744],[19.769543777312297,42.1847404306697],[19.769621106647428,42.18467462369314],[19.76937420243223,42.18449774971482],[19.769209794369335,42.184433688453886],[19.768947525372173,42.18433636579219],[19.76878879511775,42.18426669329128],[19.76854122571359,42.18419850651603],[19.768339606443742,42.18415022199305],[19.768000422801666,42.184119878061026],[19.767863152952184,42.18412325596609],[19.767830348371554,42.18413018660105],[19.767713870075337,42.18420294484331],[19.767614653013965,42.18426259173469],[19.767503306396193,42.184316040526625],[19.767285740355764,42.18436834773722],[19.76707507645677,42.184381261783074],[19.7669178405467,42.184378050177976],[19.766742725716902,42.18434435273571],[19.766685531710163,42.18434373779672],[19.76654433842314,42.18435588537926],[19.766412007303728,42.1843772836334],[19.76624174484717,42.18441339794575],[19.766055675761603,42.18442201939278],[19.765906756268855,42.184411306761895],[19.765821006711445,42.18440887174393],[19.765767932731755,42.18440677925526],[19.7657271059776,42.184404818527945],[19.76567829950738,42.184393670395615],[19.765631567884693,42.18438102314878],[19.76556620502415,42.18438031974408],[19.76553145481356,42.18438146718493],[19.76549045085601,42.1843886149911],[19.765455553003402,42.18439734992309],[19.765412427272167,42.18440903012742],[19.76537636128362,42.18428993504045],[19.76534736972168,42.18420664699045],[19.765227253914286,42.18406560830236],[19.764986887199303,42.18402499401962],[19.764827946879215,42.18393093502522],[19.764764734708766,42.18379988918817],[19.764711411769273,42.18341643880791],[19.764599556346866,42.18327900838434],[19.764608459659893,42.1831406548837],[19.764684340676613,42.18304184147793],[19.764760075658266,42.18294989535211],[19.76481699681734,42.18287492334713],[19.764845992259943,42.18280995846971],[19.76485683057468,42.18272762130609],[19.764802730222176,42.18265832268273],[19.764715601344328,42.1826230308802],[19.764563376023677,42.182607644624774],[19.764413748203953,42.18262918738298],[19.76373908154989,42.18270576727416],[19.763272782459122,42.18275465664906],[19.763103087883703,42.182779780391336],[19.762885134538152,42.18279989116866],[19.762654741146463,42.18283783632178],[19.76235780950068,42.18287955534503],[19.76207321767882,42.18290793903915],[19.761776548298407,42.182936182649286],[19.76160682849255,42.18296130390149],[19.761221150361415,42.18317335228864],[19.761124130696636,42.18319028245023],[19.76099092992371,42.18320232047101],[19.76079732927933,42.18321370583081],[19.760609404322206,42.18324312116947],[19.760420952733774,42.18329948397781],[19.760249851390252,42.18339647320615],[19.760101763739968,42.18355211012459],[19.759995883508186,42.18371269537627],[19.75993308896623,42.18383330712688],[19.75976966641172,42.184124391375995],[19.759612372117118,42.184525435072985],[19.75953204222151,42.184668660273005],[19.75933584615505,42.18478900825679],[19.759004279001466,42.18489348740512],[19.758606441002716,42.18491799945661],[19.758295939035754,42.18493625360059],[19.758083196288577,42.18491233542928],[19.757921001107793,42.18478090732259],[19.757808391365348,42.184592373024905],[19.757682113839213,42.18414246526156],[19.757588692495585,42.18403856392914],[19.757241357665574,42.18398157855185],[19.75688717024448,42.18403096333077],[19.756771816087085,42.18407228590918],[19.756471759929248,42.18422846749332],[19.756089253317555,42.184448500102945],[19.755972149228896,42.184561102625985],[19.75577214804232,42.184751091513846],[19.755660951575564,42.18480682603981],[19.75533179277138,42.18499184795809],[19.755105513183903,42.18505701005906],[19.754975926140776,42.185073392489464],[19.75484127944174,42.185103952785816],[19.75471684584884,42.18510260194493],[19.7546314593119,42.18506253209042],[19.75461849075687,42.18499122660224],[19.75472902774212,42.184810657399225],[19.754979200436242,42.1845771387251],[19.755077941617383,42.18445292276534],[19.755119820254308,42.18428157373314],[19.755165923835488,42.18389548907884],[19.75516760884246,42.18380960558511],[19.75491841165443,42.183479786342275],[19.754727885204726,42.183373910344194],[19.754514541254952,42.18320336443641],[19.754315497683496,42.18322620293995],[19.753953728001765,42.183258067499885],[19.75340152785424,42.18342388015907],[19.752999490536364,42.18354478884302],[19.752781718973214,42.183599695011175],[19.75265640954895,42.18360548939879],[19.75252174845338,42.1835968679835],[19.752391705048,42.18359902760542],[19.752228354142424,42.18371548049331],[19.75191155399517,42.18390890034393],[19.751673681369923,42.18400653656355],[19.751494850129838,42.18404037511124],[19.751308945154054,42.184083670011326],[19.750625931048532,42.18362548688406],[19.750236920951746,42.18305703595855],[19.750083001258094,42.18286173323675],[19.750088432953778,42.18279921610294],[19.75014060902509,42.182715296251814],[19.750255838851512,42.182645963228985],[19.75026521402301,42.1823832195998],[19.750328018005984,42.1821867762571],[19.75033350146474,42.18190835287145],[19.750273562738204,42.18153221483895],[19.75032806662828,42.18132941529983],[19.750581158313945,42.180919479990784],[19.75066333371533,42.1807410813529],[19.750755132381606,42.18060565733957],[19.750810290249646,42.18046788968393],[19.750843100605884,42.180227016114166],[19.750869630652996,42.18010964239931],[19.75086578972406,42.17989587230312],[19.75091976120936,42.17969596542571],[19.751005679383194,42.17939553339233],[19.75101317748772,42.179389079222965],[19.751078973789873,42.179359493224105],[19.751120364262448,42.17933262129517],[19.751121320078223,42.1792840542246],[19.751085166793622,42.179253304174004],[19.75100853176988,42.17920387426969],[19.750985389795858,42.179133771903686],[19.751020165261945,42.179027894078104],[19.75104598434892,42.17896135866526],[19.751097060019287,42.17885563128488],[19.75115992754216,42.17877433900679],[19.751213946520433,42.178729374470024],[19.751300374044114,42.17869693409019],[19.75132191128764,42.17863946252686],[19.751340278201855,42.17853643081122],[19.751268725057496,42.178435445069645],[19.751048427772535,42.17821607740755],[19.750911951892917,42.178115158744724],[19.750824814226863,42.1779838716491],[19.750799113933663,42.17780089503876],[19.75081961594348,42.177732690310144],[19.750748092468957,42.17771267304189],[19.750316021514497,42.17752445066699],[19.75017728388324,42.17751146991169],[19.750007451804453,42.177509619333534],[19.74983739385506,42.177519235227024],[19.749621252741377,42.17751687935734],[19.74937467091708,42.17749124382428],[19.749144232080578,42.17743136724178],[19.748928757904935,42.17739458277891],[19.748775045150584,42.177358480624235],[19.748606570749683,42.17728780066631],[19.74848419131901,42.177229101578085],[19.748346598160307,42.17715875816481],[19.748177672410478,42.17711101102161],[19.7480396151599,42.177063609547645],[19.747885236776238,42.177061924495966],[19.747761047688773,42.1770949943712],[19.747621418379946,42.17712788653282],[19.747481323855297,42.17718372981799],[19.74717028975588,42.17729507898631],[19.746889884632473,42.17741823109848],[19.746547049443805,42.17757511688872],[19.745800808352545,42.17785647129775],[19.74570360916402,42.177891265434276],[19.745635496461652,42.17791920257315],[19.7455869675078,42.17793302186092],[19.745460799245212,42.17796748998376],[19.745304859433432,42.17804467326222],[19.745223077731307,42.17823870075407],[19.745201946145425,42.17833169945385],[19.74515256624341,42.17838853218025],[19.74505522421153,42.17843049018606],[19.744977879477197,42.17843681896164],[19.744891303945217,42.178421521712984],[19.744795096075467,42.178406127997704],[19.74466001532464,42.17840464976391],[19.74456349969269,42.17840359346366],[19.744495953274345,42.17840285416413],[19.744350364879896,42.17844429248917],[19.744243649553027,42.17847180622083],[19.744146306631563,42.17851377244545],[19.74407790883293,42.1785560465083],[19.743989346389263,42.17864114066757],[19.743881649279135,42.178718841228026],[19.743764591199344,42.178782107193676],[19.743628195929983,42.17884515223871],[19.74353430596695,42.178797643943795],[19.743474807431532,42.17870585092816],[19.743469586334818,42.178624780273545],[19.743470889440072,42.17855896829684],[19.743465078982116,42.178508274608745],[19.743439131179315,42.17844216411206],[19.74339204360078,42.178411264853175],[19.743344667493034,42.178395549625215],[19.743311092984246,42.178369866778645],[19.74329086744749,42.178359517383846],[19.74323567805765,42.17832213752557],[19.743216029936956,42.17828141101847],[19.743182980989893,42.178230418872324],[19.74312918117574,42.17819438655719],[19.743048030452705,42.178163113912596],[19.74293241520164,42.178151719137034],[19.7428644888449,42.17814084690478],[19.742824013691987,42.17812015669252],[19.74280457859136,42.17806930464031],[19.742805782153297,42.178008550978866],[19.74281389859028,42.17794281367894],[19.74283564015963,42.17787723470988],[19.74283609143704,42.177854454336014],[19.74291295784448,42.17770116499844],[19.74307523739871,42.177484263661576],[19.743189518423645,42.17738329250136],[19.74323889870852,42.17736560347808],[19.743304494223423,42.177354177772436],[19.74339460560452,42.17734301159866],[19.743452233686696,42.17732137071524],[19.743469210609803,42.17728916569843],[19.743467289741215,42.17724864241794],[19.7434307643401,42.177167246826805],[19.7433500757332,42.17711575084221],[19.74329645332037,42.177072635578256],[19.743265413376186,42.176989283470405],[19.743269619238756,42.176914410757654],[19.743311913512358,42.176841980894565],[19.743406390240256,42.17674784149025],[19.743524888905718,42.17667827188623],[19.743794126131196,42.17659853277565],[19.743955554616782,42.17658516733013],[19.744209915813094,42.17659047300307],[19.744323675410975,42.17658541661243],[19.74443307630223,42.17654373524402],[19.744591914588703,42.17648998234426],[19.744776615355534,42.17646505916181],[19.74488728580703,42.176444835205025],[19.744998255560184,42.17640947221112],[19.74513311685234,42.17628105056316],[19.74552981457414,42.17596210984679],[19.745729767287223,42.17588737003545],[19.74583687406248,42.17587592864097],[19.74594035635775,42.1758757996749],[19.746122683336406,42.17583491393726],[19.74632244776657,42.175770262833986],[19.74649236333468,42.17570575333123],[19.74675851510003,42.1755434475776],[19.747025685984646,42.175329450960774],[19.74710162543969,42.17517768802168],[19.74703969611952,42.175032368372946],[19.746988390698156,42.17496748506829],[19.746879615340465,42.174891891124645],[19.746755457453112,42.1748224397709],[19.74637484133785,42.1747678306848],[19.74622324560961,42.174732783536776],[19.74622339690231,42.17465650698364],[19.746246645882696,42.17443595670282],[19.746329570754156,42.17420201472908],[19.74639654625563,42.174092339993045],[19.746539021075904,42.17403210377127],[19.746834785068508,42.17395905709765],[19.747142874383176,42.173807858499025],[19.747369633444958,42.17367383898501],[19.74753219099188,42.17350900465872],[19.747804122820742,42.173302170091176],[19.748159011395607,42.17310531474835],[19.748279496623425,42.17302031353895],[19.748307717996934,42.172958396169356],[19.748329942174752,42.17279002173227],[19.748358400866422,42.17271606158324],[19.748380580211236,42.17268619920819],[19.748459735835976,42.172642896571574],[19.748551001906414,42.1725334945598],[19.748569090533085,42.172437338069074],[19.748551922404122,42.172357289529515],[19.74853735524641,42.172274838685816],[19.74854183405241,42.17218455639019],[19.74857854511096,42.17210265597279],[19.748642250186517,42.17202105002228],[19.7487489130709,42.17195195798352],[19.748901469252147,42.17188336639781],[19.748948628502138,42.171819647844835],[19.748958384378156,42.17173544575573],[19.748927546315954,42.1716397548577],[19.748806019860577,42.17150393189349],[19.748751074395432,42.171415017952484],[19.748583457803758,42.17128872978666],[19.74843458265586,42.17117068509987],[19.748295523506652,42.17110292731608],[19.748065969295617,42.170958920764726],[19.748005312500844,42.170885995602546],[19.747982323270517,42.17081950422187],[19.748011335649608,42.17071744434245],[19.74801791937634,42.17065729841383],[19.74807968956658,42.17053753700525],[19.748140790322275,42.17043268541367],[19.748160379778735,42.170367198879475],[19.748135595930183,42.17035243436689],[19.748066699893236,42.17031440306744],[19.74791495313863,42.17024025860368],[19.74769789881236,42.17008670104187],[19.747533133286414,42.16994315763167],[19.747407711852148,42.16980510302447],[19.74725071234389,42.1695734914209],[19.747112551447522,42.16937523260311],[19.747044807098995,42.16913730349987],[19.747033088099545,42.16902533729398],[19.747041514480927,42.168880452884764],[19.747019645491424,42.168718663934406],[19.7469740476892,42.16862911301055],[19.74689979321197,42.1685806605812],[19.746889917075816,42.16851635577823],[19.746916293916104,42.16845036742253],[19.7469934910612,42.16834972536522],[19.74704825040011,42.16825712948809],[19.747083440936475,42.16816272640121],[19.747076143109744,42.16810880266086],[19.74703325892625,42.16802341354526],[19.74692430550697,42.167897961721735],[19.746865285378586,42.167783408181066],[19.74681211710112,42.167654415489146],[19.746813340015283,42.16745146717608],[19.74679875405951,42.16720277542017],[19.74677908112478,42.16692918113657],[19.746719333130265,42.16671240499862],[19.746736562444212,42.16626811204676],[19.74678348863415,42.16600765979277],[19.74678611380695,42.1659439416559],[19.746794192153622,42.1657480271254],[19.746788856740732,42.1655947099942],[19.74679327111291,42.165371072683854],[19.74683315962345,42.16518511133428],[19.746831418260534,42.16499745283899],[19.7467833677588,42.164891301361216],[19.746727500900075,42.16475814693666],[19.746693346943267,42.164654217821315],[19.74670647527626,42.16441519135386],[19.746722116790128,42.16432837991135],[19.746746853893153,42.164204379404275],[19.746754871229946,42.16408020522705],[19.746762111991423,42.16399537257361],[19.74679418673361,42.163923234703624],[19.74682022267913,42.16387380722651],[19.746869127178496,42.16379564145174],[19.74688738740313,42.16371714090191],[19.74688950626774,42.16360426344945],[19.746863822760226,42.163494215157456],[19.746849608543698,42.16336771851282],[19.74684727195284,42.16320408118528],[19.746873470974027,42.163146373152045],[19.746927163423074,42.1631076096625],[19.747046613356737,42.16298587697409],[19.74706986602893,42.16293642803321],[19.74707642386322,42.16288678773996],[19.747066752719704,42.162812123230246],[19.747049469603837,42.16270009613731],[19.747034315245983,42.1626212305723],[19.747054826154255,42.1625696811039],[19.74713996659481,42.162489840393576],[19.74737370008412,42.162240646408904],[19.747451145837104,42.16212758315351],[19.7475060501668,42.16202670620985],[19.747524227378157,42.16195234578625],[19.747502976838962,42.16190033125431],[19.74747627166014,42.16184205442224],[19.747499862505848,42.16177603543106],[19.747549740315552,42.161680910204424],[19.747551743916443,42.161647424689875],[19.74752622866273,42.16161164015864],[19.74747965533035,42.16158034301818],[19.747239516117347,42.161415324240245],[19.74701573599563,42.16129514516341],[19.747344427645494,42.16120293005816],[19.747839000050114,42.16105969800087],[19.748094643397266,42.16095387275692],[19.748373106192435,42.1608597291282],[19.748565809895457,42.16077568638181],[19.74887681945919,42.160642276467044],[19.748844523448604,42.16070927211376],[19.748760914843682,42.16080924247277],[19.7487302711183,42.16089308182548],[19.74876995209786,42.1609714314991],[19.748971304225474,42.161161456226665],[19.74906885848863,42.16123437823013],[19.749139740876647,42.16134555812427],[19.74919165989085,42.161461788675936],[19.74925495685019,42.16161960888281],[19.749258237648153,42.161812415687045],[19.749263623415544,42.16189835848011],[19.749314333283177,42.16195498808394],[19.749512391168974,42.162071056210145],[19.749691808055793,42.16217643287941],[19.74986580582614,42.16231677902635],[19.75002223426738,42.1623938347828],[19.750299627304475,42.162694210401064],[19.750657919419115,42.16305213732019],[19.751058056145745,42.163428055614496],[19.751386679265174,42.16381647283444],[19.75163381319757,42.16411971171275],[19.75197372061973,42.16434379198513],[19.752470521284433,42.16463291034672],[19.753029447113917,42.16508678182287],[19.753254760623562,42.165347657186466],[19.753489494516973,42.16570694197356],[19.75390515142607,42.1663302100414],[19.753659885681273,42.16660457096672],[19.753489730249044,42.166774751203626],[19.753265783469697,42.16694434656435],[19.75305540692317,42.16710809331736],[19.753005731170305,42.16717156120856],[19.75291257597489,42.16725656754892],[19.752782095912288,42.16732516152224],[19.752713621304363,42.16738642632917],[19.752587751271246,42.16747165283915],[19.75248554137733,42.167470541322906],[19.752310455050463,42.16748063742906],[19.75216593045654,42.16757908331984],[19.75205960713891,42.16764993779873],[19.751845256879474,42.16774161894777],[19.751624460102608,42.167887244626954],[19.751410964128066,42.16802586436311],[19.75126240129206,42.16819227914106],[19.751109240562958,42.168318636488884],[19.750905025115163,42.16844243013868],[19.75071874790413,42.16857336872274],[19.750548736773435,42.16873554284526],[19.75040018209705,42.168901956565875],[19.75029457201921,42.16907283506901],[19.750235325656856,42.169212214677614],[19.75019114925066,42.16938890281074],[19.75012493470994,42.16947220180559],[19.750007562150667,42.169556932859784],[19.74983186515164,42.169729225763824],[19.74971616571869,42.16986598225659],[19.749618024046917,42.16993092793211],[19.74946042938475,42.1700092243004],[19.749351334217454,42.17008404311906],[19.749320951529096,42.1701237190194],[19.74933258948566,42.170200700341255],[19.74931440003974,42.1703045260323],[19.74925633249376,42.170383907217406],[19.749126066571737,42.170440489956114],[19.749054595747364,42.170517726319794],[19.74894482904812,42.1706265489013],[19.74888750971185,42.170667929457444],[19.7490325469681,42.17067366141181],[19.749609623768787,42.17062832388278],[19.750202865937972,42.1705726356403],[19.750607652488636,42.170535606641906],[19.750887791031072,42.170460974839585],[19.751127654350224,42.170308203198765],[19.7514211065666,42.17026478270152],[19.75181952003955,42.170196612380664],[19.75214276985465,42.17005510780669],[19.752373636065187,42.17000582757051],[19.75262467288988,42.169993019324906],[19.75287714606882,42.16990771090919],[19.753096717468974,42.16972364683312],[19.75364425107883,42.16951206951475],[19.753953810756137,42.16933828108286],[19.75409688029087,42.169285675971445],[19.754404512431158,42.1691273587017],[19.754667813821275,42.16901166337753],[19.75491660739363,42.168895818977816],[19.75507715288712,42.168843672395674],[19.755135407354285,42.168830836839184],[19.755354751691833,42.16872633914756],[19.755429029835078,42.168650470644],[19.75558154988777,42.16860702273231],[19.755812376111805,42.16859148553798],[19.75620390740387,42.16862426951502],[19.756221892447,42.16832644524704],[19.756164022930697,42.16818131838566],[19.756201514989684,42.167946516173494],[19.756205616512524,42.167865646027906],[19.75627555981976,42.1677836262519],[19.756331595406568,42.16776353700396],[19.75642315352544,42.167741951306255],[19.756497208509433,42.167707005115005],[19.7565871961663,42.167634610060816],[19.756701598986602,42.16747967440839],[19.756774995035936,42.1673090349503],[19.756792839442618,42.16721350457446],[19.756828265354013,42.167084063195695],[19.756807460128865,42.16698411682769],[19.756841707137248,42.166914871504716],[19.75708050953729,42.166689389422814],[19.757156082705464,42.16658546394251],[19.757218132753362,42.166533768556555],[19.75732571443778,42.16647675076422],[19.757481111118175,42.16640037323464],[19.75754669798281,42.16636518158552],[19.75760415597043,42.166327975318985],[19.757664932039155,42.1663129061434],[19.758212444449164,42.165602080799005],[19.758600196986237,42.16532966621438],[19.759242176685756,42.16527438642127],[19.759765160466692,42.16524548129069],[19.760502899818846,42.165193543369206],[19.7610211745959,42.16518761007645],[19.761436718279516,42.16515721274141],[19.761729227299096,42.165163053382486],[19.762138759351522,42.165256013192845],[19.762390334621326,42.165307017203105],[19.762455272231207,42.16533659787791],[19.762517935061403,42.16538293467807],[19.762648710352245,42.16541269431443],[19.76281253258581,42.16537666869072],[19.762994778820044,42.16535086131782],[19.763255406083736,42.16532548461435],[19.763651172851407,42.16531766042041],[19.76396487870021,42.16534923696492],[19.764201721308208,42.16543234329992],[19.764476167549486,42.1655319596813],[19.765506686112037,42.165893990757844],[19.765505866880577,42.165936122749784],[19.765555192445856,42.16681915278422],[19.765553316957313,42.16748692158593],[19.76543885962747,42.16795628753884],[19.76505268355198,42.16885003294166],[19.76521274240304,42.16937556747478],[19.76537029297433,42.17006753127706],[19.76534202498518,42.17089372098207],[19.765322033067815,42.171293136434],[19.764696782686833,42.17160650724795],[19.764201459455293,42.171802153181446],[19.763849463525077,42.17220947824892],[19.763842703930415,42.172556569287515],[19.76389774280673,42.172886051161576],[19.76419811424253,42.17323644240445],[19.764201213583902,42.17323824928942],[19.764757028807583,42.17356222261869],[19.765475136293297,42.173917108127476],[19.765730835379035,42.174038629859716],[19.76593001745792,42.174196822404824],[19.766049492140393,42.174390527338204],[19.766043301079392,42.174515991738005],[19.766497470914388,42.17409969403858],[19.76684816110209,42.173658344432965],[19.767719232692297,42.17278960031536],[19.768379733604096,42.17224983624103],[19.76959218324684,42.17147433543978],[19.770176949541554,42.171041121467375],[19.77098090356004,42.17051445728568],[19.771189081008572,42.17025434516159],[19.771258604055717,42.16997685806298],[19.771308285617856,42.16961965713842],[19.77135658218002,42.16933398435761],[19.771384729708657,42.16898450193591],[19.771475783172654,42.16869929601597],[19.77174610212053,42.168543197223215],[19.772036414869866,42.168458863855136],[19.772770640193407,42.16823018901636],[19.773138872144468,42.168582885605396],[19.77369601866886,42.168912780774434],[19.774152946811213,42.169127279292795],[19.774555352524306,42.16951268255593],[19.77461674965789,42.16954187642828],[19.774627467627795,42.16960478349923],[19.774338167164103,42.16974878491938],[19.774056582946603,42.169847216292375],[19.773768945387605,42.169905007906834],[19.77347487531368,42.169942438341195],[19.773357654141954,42.17000711936275],[19.773292541483585,42.170163940144946],[19.77326945803189,42.17030949808272],[19.773140270214558,42.170695242747534],[19.77272722286183,42.17104935860971],[19.772201489643916,42.17131019813681],[19.77153229325952,42.17159546218255],[19.771299883562634,42.17172368952395],[19.771155668599814,42.171837782007394],[19.770626600317257,42.17226951827449],[19.770176004656737,42.172490939431405],[19.769886970236875,42.17274927327847],[19.76984104846107,42.172799518984164],[19.769529467164325,42.17307956724188],[19.76940237707057,42.17318085054823],[19.769281160872968,42.1732020023478],[19.769177447567877,42.17321052224689],[19.768675370970875,42.17327335494127],[19.76858449777742,42.173318697371066],[19.76836573656722,42.17353251706246],[19.768245168823057,42.17368047510654],[19.768152796469057,42.17380301563376],[19.768032938966236,42.1739149530222],[19.76811269751294,42.174085659977465],[19.768261781090015,42.174251952864516],[19.76854354066877,42.17446096449239],[19.769488516869853,42.174209888527294],[19.769889266082437,42.17444113107655],[19.770154580650143,42.174571010377754],[19.77040405316371,42.174637206534605],[19.770931963559057,42.174744493491154],[19.771221307737633,42.17481111507717],[19.771413720594744,42.17488092897304],[19.77183781288458,42.1751835885775],[19.77181802419681,42.17508793208201],[19.7718061493668,42.17473592378273],[19.771854057875434,42.17451420072965],[19.772183545253764,42.174181115025384],[19.772629650060008,42.17378601553624],[19.772993912209266,42.173501120876594],[19.773711936188256,42.17303269211622],[19.774044431784297,42.17284370935302],[19.774288397303025,42.17259455212575],[19.774474601536475,42.172241104299836],[19.77485010550688,42.17141237364703],[19.77491746219264,42.171020637262906],[19.774904040738214,42.170646304247825],[19.774936201135187,42.17061779464083],[19.775621417630546,42.17001951096813],[19.77565981666092,42.17082075792257],[19.77565332317278,42.17115741881291],[19.775708935928535,42.17148976416297],[19.775777705028936,42.1716093493461],[19.775926301492426,42.17173638519918],[19.776093436722473,42.171823998582234],[19.776242797837792,42.171911431106274],[19.776407885802872,42.17210466672717],[19.776470624409683,42.17230239202365],[19.77633830629107,42.17314132045925],[19.776203831224436,42.173727236948885],[19.776047667501448,42.174346321125526],[19.77599032077609,42.17465845652719],[19.77604822203764,42.17484976557943],[19.776107606175298,42.174964821132896],[19.776134859840223,42.17514817800447],[19.776059784915915,42.175315192809684],[19.775861261647783,42.17603810965783],[19.775592056753062,42.17703239947869],[19.77548312563643,42.1774220896107],[19.775452154370985,42.177713719336175],[19.775596215198092,42.17835443520047],[19.77614117089694,42.17890227378343],[19.77556359108637,42.17939038348995],[19.774926067893293,42.18011909016029],[19.774921749332552,42.18034278327579],[19.77520910162552,42.181049046426175],[19.775200670408225,42.181528492714484],[19.775063056141494,42.181974501592805],[19.77507376458415,42.18253397735976],[19.77521528045668,42.18299895523043],[19.775295766781596,42.18405723918346],[19.77549589949661,42.1841075481881],[19.775709357432717,42.18416298645358],[19.77606728308525,42.18455663234974],[19.776413206475237,42.18485983602565],[19.77665158504948,42.185068769882506],[19.777131993250578,42.18550847006805],[19.77703577674076,42.18557796082237],[19.776912838013565,42.18576396495295],[19.776908277473424,42.186000528937356],[19.77717123551504,42.186259039448466],[19.777439795405797,42.18663715319532],[19.777616331475627,42.18711225080088],[19.77783289600352,42.18758199501045],[19.777829288131457,42.187769271461775],[19.777758052117477,42.188024840422216],[19.777647413437425,42.188260273974706],[19.77760459268471,42.18841755932448],[19.77774551839119,42.18867538005179],[19.77796278620273,42.18894805784973],[19.777979018344272,42.189017874062685],[19.777985825881558,42.189047186682295],[19.77796514907863,42.1892571115636],[19.777808007679,42.18964480404596],[19.777630206150107,42.189809788562044],[19.777486808413492,42.189854137003195],[19.777418741620956,42.18993375875143],[19.777383350767867,42.19004462530094],[19.77743881548016,42.19018737480703],[19.777551984299677,42.19035545111461],[19.77749033855447,42.19053403367897],[19.777267624065868,42.190871584753516],[19.77717224061134,42.19107452831316],[19.777117478601795,42.19132734653675],[19.777104902260778,42.191540130302265],[19.777101804679997,42.1917008006881],[19.77709071517744,42.191901131845306],[19.777048607361525,42.192193272737725],[19.77715418949713,42.19226206109355],[19.777247487946532,42.19240350351114],[19.777391105935973,42.192621247143094],[19.77752379968519,42.19301200997248],[19.777541509371083,42.19308307528924],[19.777549954578877,42.19313986295065],[19.777553767452478,42.19318951628527],[19.7775242665754,42.193235267592044],[19.777475348569457,42.19329853783315],[19.777445232922013,42.19337617837166],[19.77743971284015,42.193415100296804],[19.77744713372796,42.193525027716944],[19.77746756367526,42.19370243237754],[19.777373471459452,42.1938821543501],[19.777348534135417,42.193938586183116],[19.777387931128118,42.194141922121034],[19.777541129334733,42.194607786053574],[19.7777158549038,42.19496247342688],[19.777778222342484,42.195067674844374],[19.7778405778807,42.19517287609977],[19.7780515095975,42.19536648919058],[19.778168436540962,42.195467608332436],[19.77823970303399,42.195486111355784],[19.778396909366368,42.1955055206512],[19.778501949379123,42.195506639312555],[19.77858310786278,42.1955075035731],[19.77867839282307,42.19551915912818],[19.778749523131474,42.19554474533866],[19.778839685450816,42.1955740901107],[19.779014968377364,42.19564690468353],[19.779219641321852,42.1956810060333],[19.779639369072424,42.195706754358625],[19.77991633337306,42.19570615380461],[19.78035784267365,42.19568588543675],[19.78071645503165,42.19566132225472],[19.780897872981654,42.1956632506011],[19.781012463578808,42.195664468471385],[19.781218432726007,42.19563117844],[19.781323575270452,42.19562697513897],[19.781428705699025,42.195622771612754],[19.781557683654484,42.1956205948083],[19.78162207044195,42.1956248257338],[19.781686445134614,42.19562905649472],[19.78188613389828,42.19567375008557],[19.782089526631907,42.19577523431293],[19.78238306826686,42.195959876869885],[19.782728319136965,42.19613382335174],[19.782845478268737,42.196277557949315],[19.783011290522275,42.19659504341991],[19.78309056240813,42.19694353332677],[19.783151550471487,42.19725432485321],[19.78321539755181,42.1974110872039],[19.783364983246543,42.197579408917576],[19.783619886846015,42.197764268611316],[19.783879684012728,42.19791246750481],[19.784212551825213,42.198019470793874],[19.784500867342828,42.198175064515986],[19.78489266622172,42.19841334331622],[19.785200164286813,42.19861943534764],[19.785369730580953,42.19874184634137],[19.78568294178395,42.198844487061855],[19.785933469074084,42.19897839524898],[19.78604755564018,42.19903029572881],[19.786251603222965,42.19916931982709],[19.786316615302795,42.1992695031658],[19.786441220403248,42.19947533091356],[19.786409493915777,42.19952937020695],[19.78640019750221,42.19964503472169],[19.786342912455584,42.19982367694672],[19.786273278860843,42.200028178622745],[19.786207224734756,42.20022213121374],[19.786165215343786,42.20037752854013],[19.786131471131846,42.20050088347558],[19.786094506176447,42.200667245155664],[19.786053557030765,42.20078873231597],[19.786010764840103,42.2008806268154],[19.786004596291576,42.200950492766474],[19.786001111349943,42.20100603717243],[19.786002605673477,42.20105446830794],[19.78600631004989,42.201112681519135],[19.785998659250797,42.20113411646044],[19.78588727519637,42.201157775325655],[19.78574584385688,42.20118690458527],[19.785618433003773,42.20120086890115],[19.785463249834635,42.20122985221263],[19.785342225685458,42.20126941487125],[19.785248008357772,42.20134498313406],[19.78513868167858,42.20147545942877],[19.785087751540477,42.20162294768463],[19.78507348963366,42.201829529461335],[19.785073505193843,42.20200818374225],[19.785063234896118,42.2020791044817],[19.785009746794035,42.20223177802419],[19.78498257327236,42.20231535722682],[19.78493029975532,42.202374931001096],[19.784780951298675,42.20248089232513],[19.78469269728585,42.202568010447806],[19.78462440357879,42.20264089103661],[19.784567610433268,42.202684815462796],[19.7844682626853,42.20272530907195],[19.78434505930057,42.20275962613078],[19.784210842684665,42.20281261448038],[19.784124582848055,42.202865129783994],[19.78395360988411,42.2029368404349],[19.783906945418405,42.20297408405031],[19.783894231816518,42.20300628613631],[19.783827154511435,42.2030990025839],[19.783742897014314,42.20320300596367],[19.78363919389867,42.20331330284755],[19.783544510319214,42.203445724343084],[19.783430156829468,42.203606213889714],[19.78331300781069,42.20377795375942],[19.783248579171854,42.20385812149641],[19.78312897229886,42.20391435139362],[19.782936208371698,42.20396672607189],[19.78273149661981,42.20404541388298],[19.78259817957329,42.204060167374514],[19.782381939855956,42.20407896479674],[19.782321238036044,42.20408731384686],[19.782267742830555,42.20409933136245],[19.782206833699515,42.204118472113336],[19.782128219904823,42.20416420719382],[19.782063133366254,42.20423440153463],[19.78196482769761,42.20421098648001],[19.781784759731796,42.204161469042035],[19.781665204405584,42.204128591499824],[19.781548781016596,42.20369520917083],[19.781577340121462,42.203457883320326],[19.78153837050955,42.202988134476925],[19.781547501849087,42.20251295494318],[19.78135650761661,42.20204753252945],[19.781053342685716,42.20155851958829],[19.781045001108588,42.2019924402047],[19.781037093656778,42.20240376919547],[19.780999738033795,42.202842872903],[19.77940973682246,42.20262437119377],[19.779285095126454,42.202613772176186],[19.779185326005816,42.20260806503247],[19.77912046858605,42.20257258013757],[19.779089930208634,42.2025374695232],[19.778999777199246,42.20238137024935],[19.77889709857254,42.202284076739254],[19.77879903919642,42.2022053414013],[19.778636775286994,42.20210002220421],[19.778493558228433,42.20203929681449],[19.778330297611294,42.20198575779375],[19.778162061955655,42.201932165543745],[19.77738264226988,42.201816568589],[19.776199298751227,42.20141851691223],[19.775816681405853,42.20093306262879],[19.775592686297237,42.20063536356754],[19.77553141289428,42.20059318104887],[19.775429526045603,42.200564401702565],[19.775308697483304,42.2005515794591],[19.775184891648436,42.20053180239334],[19.77508651700708,42.20048230054291],[19.774988932513267,42.20039127863476],[19.774909609254195,42.200318915764946],[19.774814411162925,42.20026482933973],[19.774703216214757,42.200235958923955],[19.774591652702714,42.20022553953471],[19.774523234320093,42.20023173145753],[19.774070079442136,42.20042803120624],[19.7739524082503,42.20052496342815],[19.773828255399202,42.200609564867364],[19.773552154212677,42.200743468514986],[19.77341989625146,42.20082202320344],[19.77324063317977,42.20094578055858],[19.773167314294362,42.200959274276165],[19.773022677620155,42.200883465738556],[19.772942390838107,42.2007990368995],[19.772844680154066,42.20065335781477],[19.772712123294355,42.200519612173736],[19.772556751342908,42.20037236158314],[19.77241544500459,42.20024158280441],[19.772213358985606,42.20009206728657],[19.7719506398075,42.19985063516825],[19.77180022176061,42.19970720862039],[19.771648719257783,42.19961980165809],[19.771157768955806,42.19953575321505],[19.770861775851046,42.19948530969329],[19.770771599738815,42.199477195350866],[19.77072247879675,42.19948350179105],[19.77067588827244,42.1995079213006],[19.770628862990065,42.19955414012279],[19.77059016597153,42.1996035630482],[19.770538952424364,42.19964972793778],[19.770475270257535,42.199689538437454],[19.770394834770585,42.19972916930273],[19.77028540702882,42.19974980014808],[19.77011616673174,42.19978612003974],[19.769808486230673,42.19986691256726],[19.769537629759856,42.1999948221443],[19.769347704317763,42.20005819648298],[19.76919174460968,42.20010013100033],[19.769072778682105,42.200179831583114],[19.7689106833412,42.200321375240954],[19.768772518088493,42.20050936722545],[19.768719240274294,42.20074529023312],[19.76872347105213,42.200910260922846],[19.768753348858745,42.20110813187608],[19.768718339598585,42.20117452738532],[19.76860647040039,42.20133817966398],[19.768472327356314,42.20149533595703],[19.768359340072852,42.201558157317315],[19.76833979272348,42.2015690294554],[19.768087137657783,42.20164201787552],[19.76773430474828,42.201679963199496],[19.76759563934931,42.20168403688687],[19.76750928160698,42.201694245018274],[19.76740993419829,42.20169874096512],[19.767310586777555,42.20170323682577],[19.7670613299625,42.20171158576204],[19.766851161573012,42.201663053694425],[19.76619235925713,42.20149646311972],[19.76519077694895,42.20137093928824],[19.764506136764783,42.20127432514075],[19.764285297454222,42.201157209652024],[19.764177735018524,42.20095206381518],[19.764132338240888,42.20063922498777],[19.76383739387516,42.20041079580915],[19.763432240181185,42.20025979632916],[19.763213351349496,42.20017766539201],[19.762814111259285,42.200109091096174],[19.762653087755094,42.20011930040078],[19.76235189333038,42.20017179408017],[19.76226598610288,42.20017883425966],[19.762174896046176,42.20017785125601],[19.761842859398264,42.200162321173025],[19.761537766830124,42.20013911387519],[19.76144643146667,42.20015007392171],[19.76137101590097,42.20016917299958],[19.761322155498945,42.200200496085245],[19.761246033540196,42.20027186479287],[19.76109911610654,42.20034025417686],[19.761030625923325,42.20033951437044],[19.760816076649512,42.2002845321755],[19.760596107853907,42.200317913271576],[19.76038621821556,42.200383199597454],[19.760313324953714,42.20041816958294],[19.760240431612107,42.20045313952081],[19.76015361833157,42.20051577657263],[19.760023093320857,42.200625627086566],[19.759891324962734,42.20079903043496],[19.759719705836687,42.201095183478415],[19.759544136532515,42.20128185953204],[19.759368554258664,42.20146852616583],[19.759299500966634,42.201442050180724],[19.75918337072948,42.20140825001348],[19.758979842918944,42.20136536590198],[19.75884225138703,42.20130963723341],[19.758643045877122,42.20123153663232],[19.758458610925864,42.201145466340684],[19.758342853396044,42.20109268315351],[19.758215993852268,42.201047908881954],[19.75808131589184,42.201030183251675],[19.75791320058861,42.20104192054439],[19.757741654059412,42.201042772455075],[19.757595755528957,42.20103848244381],[19.757493972259073,42.20101839368698],[19.757007061583405,42.2005180633583],[19.75690649952981,42.20041473249253],[19.75677295575085,42.20025711026493],[19.75651502161566,42.19997653404969],[19.75644465839227,42.19987499756659],[19.756422533189678,42.19977399305355],[19.756416740854487,42.19959829208559],[19.75640194917728,42.199430181647934],[19.756343467470085,42.19933773137435],[19.75625196360049,42.1992214895683],[19.756169149994665,42.19913997442839],[19.756075302437402,42.199006836435075],[19.756004232621617,42.19892165849655],[19.755919162037497,42.19893177284067],[19.755898982750217,42.19893714449863],[19.755851317250702,42.19899880753625],[19.755593276616754,42.19959468146263],[19.755468599917904,42.199978733408265],[19.755294478914102,42.20031999105059],[19.75491273019759,42.20058314894617],[19.754682554273064,42.20079821269884],[19.754568757870246,42.201047083638386],[19.7544356216989,42.2014316996702],[19.754433668398065,42.20153113769673],[19.75448905943585,42.20169336046241],[19.75453571987154,42.201874132500365],[19.7545897687846,42.20210471435465],[19.754644428304758,42.20230422629865],[19.754642108988513,42.20242231344654],[19.75467338343669,42.202534535634925],[19.754730728646816,42.20259732925992],[19.75482153373363,42.20266046810204],[19.755053491571456,42.20278109836719],[19.755308957150284,42.20295697931959],[19.754830878724913,42.20327468159321],[19.753999756382363,42.2037563080204],[19.75331493988082,42.20431359094808],[19.753278807086808,42.20471761573541],[19.753316928972872,42.20502404172278],[19.753359404035884,42.20548350278928],[19.753380335151345,42.205915416191345],[19.75329181697774,42.20609173047421],[19.753102734785486,42.206349350961595],[19.752795698149765,42.20667597973412],[19.752481351343942,42.20670689647173],[19.751687323098356,42.20678165605193],[19.751164705056713,42.20678792212837],[19.750861082112586,42.206794419489825],[19.750617008995487,42.2067917610635],[19.75042552574534,42.206799478753105],[19.75030631747838,42.20682267564049],[19.749986832825837,42.20687886246384],[19.749900504693432,42.206907332608225],[19.749814068000898,42.20694068983744],[19.749740935677277,42.206969294692115],[19.749661591836016,42.20697823344038],[19.749489097684638,42.206987020804796],[19.749361275873355,42.20691954908988],[19.74929071714487,42.20678270758209],[19.749263251456473,42.20662818700602],[19.749327836155096,42.20642458052779],[19.749015925406827,42.206490956997605],[19.74892483552409,42.20653737938524],[19.748852554885346,42.206630819650194],[19.748778257763874,42.206706782108185],[19.74863376755737,42.2067697713817],[19.748539033343764,42.20681061718818],[19.748485275338137,42.20691647564825],[19.748474522225386,42.20710480670792],[19.74843131744998,42.207265524217355],[19.748366401268772,42.207341597765044],[19.748124018472488,42.20746663428439],[19.74792971198289,42.20755525805019],[19.74772928979638,42.20759668686513],[19.747596570243044,42.20763557772526],[19.747444974143466,42.2077019718406],[19.747363668342416,42.20775008425202],[19.747459653605794,42.20777902210667],[19.747555651064808,42.207807960014186],[19.747683264459432,42.20786513264928],[19.747800187954805,42.2079221974373],[19.747873988669234,42.20798675851601],[19.74791550174903,42.208058934251575],[19.747924484851037,42.20814669820662],[19.747922911257074,42.20822637074421],[19.74785070130501,42.208409241482045],[19.747728582236434,42.20877697276569],[19.747735854613044,42.2088330204125],[19.747789524806404,42.20887091254313],[19.747868377397722,42.208905982724964],[19.747993210142724,42.208944660624894],[19.748097184326532,42.20897999587031],[19.748176589809457,42.208987083251635],[19.74824555384069,42.20899249919887],[19.748314517884683,42.208997915104725],[19.748409855995565,42.20894566998974],[19.748648863244703,42.2088692093244],[19.748801844767303,42.20886276707621],[19.749059327600676,42.208818942935885],[19.749342082086955,42.20873889784183],[19.749998049143716,42.20851346136591],[19.750418589630815,42.20844022662524],[19.750919169488274,42.20829328569951],[19.75140765256563,42.208184336286934],[19.751534167092117,42.20819545412823],[19.751687259596757,42.20823616408914],[19.751925029574004,42.20822836282904],[19.752359779984403,42.20815523056898],[19.753493627680513,42.207715950598654],[19.75407740463196,42.20758208931155],[19.754266466004044,42.20756338323472],[19.75451801205813,42.20756611504813],[19.754713051499202,42.20759937231131],[19.75485148233297,42.207668357625145],[19.755031214256704,42.207768939581534],[19.755316708976366,42.20780712070833],[19.75556466506852,42.20787804988789],[19.755721356024253,42.20791874849912],[19.756014144384768,42.2079512274389],[19.75624100237556,42.20798293668792],[19.756520812454408,42.20799247037584],[19.756713248950707,42.20800668283176],[19.75732601162705,42.2082928407286],[19.757748059724165,42.208553100404714],[19.75819533725952,42.209000531665396],[19.758512941204437,42.20924769338908],[19.759002313545093,42.20960705597287],[19.75939842379207,42.2098965479524],[19.759523537396724,42.21007232373113],[19.75984131555156,42.210408292847994],[19.75999616099008,42.210493032677626],[19.76034026746512,42.21064893888832],[19.760338617766458,42.21117602369974],[19.760368594095578,42.21149714108858],[19.760419526133255,42.21172385116187],[19.76128466719275,42.211965695389466],[19.761707312063415,42.212014614313986],[19.762120672182707,42.21198277850381],[19.76245904592728,42.21189771085111],[19.762675274576527,42.21180980314543],[19.76288721235376,42.211631482124346],[19.763012682005638,42.21143287289844],[19.763207633541725,42.21123501279456],[19.763495341056384,42.211180058056065],[19.76393746419772,42.21122352520691],[19.764266563305885,42.21127222773647],[19.76452545017098,42.21135887457794],[19.764658357869834,42.21140837926709],[19.764744733916732,42.21145386270907],[19.764797923147796,42.21152328630899],[19.76480685890843,42.211624642142205],[19.76482692795607,42.21171396455824],[19.76488572358112,42.211775346283446],[19.765005457258702,42.21178878891191],[19.765180250030202,42.21177446647452],[19.765328420355154,42.21172745735581],[19.765548345624673,42.21163666721702],[19.765723991425336,42.211618311028325],[19.76579427400334,42.211610965137474],[19.76592498291493,42.21162047380311],[19.766077181722242,42.211646408932054],[19.766179691561113,42.21170421817875],[19.766255160521126,42.211749583151246],[19.766336550640172,42.21177071413928],[19.76646220582935,42.21175991231331],[19.766654391539753,42.21169311933239],[19.766803112040414,42.211617765491646],[19.766864666631903,42.21153742322456],[19.76688962267397,42.21137568336184],[19.766925105427074,42.211234303182614],[19.76699936740235,42.2110609490481],[19.76707214478361,42.210964522887906],[19.7671935313099,42.21089292579833],[19.76733643724522,42.21084369689525],[19.767341776888948,42.21084186376625],[19.767462127317422,42.21082290161603],[19.767571017998804,42.21083217393759],[19.76775594101593,42.210858458464436],[19.767968038290757,42.21088909470469],[19.7681637914116,42.210919546013734],[19.768364980804993,42.21095005536561],[19.768638572643397,42.210973140460226],[19.768884901039755,42.21098525535204],[19.769339978026345,42.2109710179445],[19.7703686388857,42.211026666877395],[19.77082160335185,42.211120745505404],[19.771168311286452,42.21138575692166],[19.77135764267455,42.21157898841047],[19.77217542771399,42.21122247115733],[19.772895587740955,42.21090851150058],[19.77342864298817,42.21064676831397],[19.773758651662153,42.210443357501205],[19.774573469078256,42.20977033682718],[19.774853195569307,42.209350551596195],[19.775043982349047,42.20903258789615],[19.775253461296646,42.20870472269553],[19.775598188386112,42.208391714635155],[19.77601562956647,42.208205885085256],[19.776174657685832,42.208134401029135],[19.776273733884267,42.208106182134244],[19.7763728099962,42.20807796315245],[19.7766059961414,42.208067190012535],[19.776711546197536,42.208031657770995],[19.776817525485015,42.20797324574805],[19.777174062776275,42.207715922039725],[19.77769152893421,42.207428245540775],[19.778123840810995,42.20714245031992],[19.778439092969457,42.20686795621643],[19.778614838483975,42.20676372477396],[19.7789426714589,42.20658081928144],[19.77906031714385,42.2065130767707],[19.779102939560786,42.20650492411718],[19.779157024984944,42.20650263703485],[19.779265121918396,42.20650378757546],[19.779557695398072,42.206559052386396],[19.779786192744574,42.20655691025004],[19.779781141740205,42.20673252163614],[19.779786651007228,42.206769652402],[19.779842086637444,42.206807323302776],[19.779922818227863,42.20682671818305],[19.780053387237274,42.206851279371385],[19.780245816316977,42.20690563026403],[19.780323232884193,42.20694125706451],[19.78038136902202,42.206965092624046],[19.7804314058961,42.2070033270027],[19.780442610645498,42.207029553292784],[19.780434020798936,42.2070700810831],[19.780264145904848,42.20717894199458],[19.780121724579864,42.20727315955194],[19.77988882754782,42.20740121804034],[19.779840859282988,42.20745871964164],[19.77983924042835,42.207542830454194],[19.77985326332883,42.20762709866181],[19.779920708927804,42.20773161454804],[19.779951601032415,42.20775227072219],[19.780021852393045,42.20775882456704],[19.780268142830963,42.20775853619272],[19.780508503607578,42.20766237101076],[19.78073039242367,42.2075079160518],[19.780896522423248,42.2074080441243],[19.781128545884485,42.20733791416963],[19.781258153953846,42.20730735068127],[19.78134884981625,42.20726765922423],[19.781440135169102,42.207196033208994],[19.78163015809083,42.20712115282575],[19.781771372923977,42.20709651863773],[19.78195179074467,42.20706649401612],[19.782096915877116,42.207041891950105],[19.782234956859952,42.20697948514935],[19.782410094017145,42.20689212104364],[19.7824361890845,42.20683660977241],[19.78245603705925,42.20678104118244],[19.78247749183916,42.206641802711985],[19.782478741561256,42.20657672814094],[19.78247345229888,42.20652553798128],[19.782462821096246,42.2064277933714],[19.782459946175578,42.20634168126001],[19.782479968987946,42.20631861342468],[19.782543213799908,42.206290188781146],[19.782657355039174,42.20626977635302],[19.782725261209546,42.20630506653325],[19.78284247581406,42.206324504452645],[19.78308248238793,42.20632705113296],[19.783361836094613,42.20634506681438],[19.78347435726836,42.20635354331216],[19.783503390139007,42.20637204523052],[19.78359042051962,42.206433005713215],[19.783704742560552,42.2065091996411],[19.78379269291972,42.20654368446594],[19.78382579741206,42.20657592222963],[19.78384353165881,42.20661027463519],[19.783899575078184,42.20679439316177],[19.783890514839904,42.206883547558014],[19.783889466831937,42.20693818142141],[19.783888733397266,42.20697641612483],[19.783961035949638,42.20717460681143],[19.78399313441757,42.20729151105926],[19.784088402659158,42.20743822596597],[19.784233021107767,42.20757706460493],[19.78432830225688,42.20772378844688],[19.784360323062568,42.2077822747591],[19.78438686700258,42.20783842539162],[19.78446511954378,42.20800872614282],[19.784511285495753,42.208163130545536],[19.784551872494923,42.20832368750667],[19.784603398818504,42.20845368897204],[19.784625283016897,42.208592486808705],[19.78467383033823,42.20875599085116],[19.78469070698393,42.20880733968386],[19.784719311159403,42.208905760626884],[19.7847495895976,42.209453134169706],[19.784803031316244,42.209699953776834],[19.78481067966012,42.20990739754392],[19.784807533360105,42.21007152411758],[19.7847944200453,42.21014915745652],[19.78467325735883,42.210392092466876],[19.78463064865726,42.210491010148736],[19.78461081296041,42.2106160782176],[19.784608245572002,42.2107499806338],[19.784668503937656,42.211006352076694],[19.784726424293574,42.211218577644686],[19.784760852549148,42.21132024712126],[19.784795268976932,42.21142190745823],[19.784794129784096,42.211481329632974],[19.784791851388096,42.21160017398051],[19.784793723175618,42.21169203691188],[19.78476400091923,42.21191463191033],[19.78474779096104,42.21200090177765],[19.7847442180342,42.21218725984602],[19.784746193288857,42.2122737223897],[19.784741732409895,42.212316904933665],[19.784701840116035,42.21240545354903],[19.78470059932398,42.21247016808218],[19.78469370016894,42.212526198303166],[19.784703585863667,42.212616939807084],[19.7846997804448,42.21281541270017],[19.784684621076362,42.21295803106076],[19.784765951798338,42.21302750955595],[19.784913966893882,42.21316993019632],[19.785229790311377,42.21343690360191],[19.7853823980137,42.213593812216146],[19.785417966584042,42.213767540202376],[19.785408511411266,42.2142710555177],[19.785164418940305,42.214828234075185],[19.784916917701516,42.215310943642585],[19.78484338965562,42.21559547044194],[19.784835129971853,42.21577234417417],[19.78485760808338,42.21588472589401],[19.784972955212382,42.216457981802776],[19.78527813065749,42.21687695660736],[19.785473628014824,42.21728173366132],[19.7854775389339,42.217581952827466],[19.78566191895514,42.21779600289658],[19.78598063152565,42.21801023230935],[19.786324561904824,42.21815423849958],[19.786541170716642,42.21828116937488],[19.786763732658162,42.21846473421366],[19.786962862306492,42.218813362785426],[19.7873554112478,42.2190252004008],[19.78754688871378,42.219139134188374],[19.78769106811422,42.21940081105919],[19.78773608407361,42.21972313343823],[19.7879073063941,42.2199394174242],[19.788066653138635,42.22006934120758],[19.7882047409039,42.22018301579717],[19.788722901075644,42.22046627787073],[19.788778653417477,42.22060359584768],[19.788813585245276,42.220895581038874],[19.788811991989245,42.22097893588061],[19.78880616104332,42.22104891334485],[19.788766931325625,42.22122191319775],[19.78866618424867,42.22155595626893],[19.788506511280314,42.221921110430024],[19.78841205002474,42.22210427562544],[19.788218169658393,42.222481500352835],[19.788000553031477,42.22298001589367],[19.787922816558975,42.223293541725376],[19.78797685425072,42.22341921975364],[19.788100018292702,42.22352005226817],[19.788245830653807,42.223625400100914],[19.788692788198393,42.223849078939814],[19.78931346382076,42.224101129154],[19.78958631530287,42.22427729710115],[19.78963551733352,42.22433169597548],[19.789679322648418,42.22437567606587],[19.789706629796196,42.22440704966728],[19.789739361218516,42.224446771751005],[19.789783060167096,42.22449696236417],[19.789824451761326,42.22454430184708],[19.789867984572943,42.22459431962799],[19.79003876908326,42.22471217198102],[19.790272220975833,42.22490942945801],[19.79003686497389,42.22510616177239],[19.78998482578521,42.22517553472045],[19.789939436315088,42.22527724255321],[19.789894548088068,42.225352065362515],[19.789842611344962,42.22541605586345],[19.789658794145666,42.22555933453938],[19.78959921636291,42.225644760123146],[19.78956841231354,42.22574123826811],[19.78956656304158,42.22583803099644],[19.789564816422168,42.22592945034971],[19.789549190731947,42.22598844047059],[19.78950441630138,42.226057889860314],[19.789438572172017,42.22609215136418],[19.789372715861838,42.22612641270129],[19.789242066774385,42.22614117491516],[19.789133324624363,42.226145401351836],[19.78898125845481,42.22614379577569],[19.788431382049207,42.22611109798768],[19.787714648081316,42.22609276635326],[19.787330214387552,42.22612097594616],[19.787061117166566,42.226200988789806],[19.78691432539187,42.226264883984484],[19.78686645726505,42.22610607878017],[19.786864690203224,42.22604844447804],[19.786865752375014,42.22599297367974],[19.786869521235595,42.22594606582346],[19.78683449630311,42.22581426872824],[19.78682127774145,42.22575437971253],[19.786816220075536,42.2257180463809],[19.786791304948487,42.22566870152592],[19.786754856657247,42.22562136824087],[19.78670142400378,42.225450215757554],[19.786707770386236,42.22511502301371],[19.786680119914823,42.22491948556476],[19.786587573756375,42.224720704838575],[19.786561843346764,42.22462858070274],[19.786494252056833,42.22457003387597],[19.78638574093755,42.22449403940279],[19.786145673706972,42.224420883693824],[19.78605438180211,42.22440077825715],[19.785971675921196,42.22438075463101],[19.785923308876363,42.224363219026415],[19.785866763465314,42.224324333057254],[19.785833076864105,42.224287813632564],[19.785656952453568,42.22402689470006],[19.785536331836116,42.22389336263181],[19.785354303045906,42.22368530605941],[19.785160424476818,42.223498378444624],[19.785072310243013,42.223169882195805],[19.784892424155736,42.22314269765096],[19.784773993741968,42.223106063262875],[19.784511611180818,42.223063221975565],[19.784223304690293,42.2230730216452],[19.783967305753617,42.2230989624283],[19.783730440809908,42.22316857834757],[19.7834202206465,42.223466788910436],[19.783283666963875,42.22353632459359],[19.78322548107705,42.223565955508455],[19.78330705251809,42.22379254810793],[19.78342944687197,42.22415831029472],[19.783392366618582,42.2244708057933],[19.78331624925891,42.22463439189709],[19.7832818546142,42.22466571560844],[19.78324232109411,42.224687748287096],[19.783218975378276,42.224699383829275],[19.783183155398326,42.22471221037923],[19.783129330068565,42.224736729102425],[19.78310406415829,42.22475626639484],[19.783072925354585,42.22480346888208],[19.783019909195254,42.22489872830843],[19.7828613778062,42.224825269567226],[19.782794344633015,42.22481160365401],[19.78266781555962,42.22476707602961],[19.782621106206072,42.22473327121568],[19.78253051450678,42.22464902802361],[19.782439256943125,42.224596295233056],[19.78231743728403,42.22451221548347],[19.782243049969193,42.224446374047105],[19.782211996686474,42.22440466010842],[19.782149492847253,42.22434190659225],[19.781980356098195,42.224233665619174],[19.78169961192502,42.22413397053773],[19.78153965332284,42.22404546973363],[19.781441356689605,42.22398347887536],[19.78138515729263,42.22393117173781],[19.781359257925033,42.22385516801654],[19.78134789883828,42.22379964629964],[19.781279476260185,42.223736127225685],[19.781173148917464,42.22367608535175],[19.781113531866204,42.223671760780086],[19.781053749446624,42.22367666192183],[19.7809911171099,42.22370000575032],[19.780930943798545,42.22372522118224],[19.78089329094735,42.22374329396499],[19.78078458691578,42.22383447647514],[19.780576835475763,42.2240317258593],[19.780340322885095,42.22417326798929],[19.780188181407407,42.2242123229838],[19.779938899310235,42.224095439465714],[19.779741438238236,42.224002846205536],[19.779645570816413,42.22389657864935],[19.779643802934103,42.22373997139238],[19.779622510806476,42.22360095420825],[19.77950193262484,42.22338480986767],[19.77926099376525,42.22295518782601],[19.779163560791854,42.22278194302962],[19.77915022745834,42.22272841662184],[19.779146803400426,42.22265719786649],[19.779098410603638,42.22243247691035],[19.778882111078506,42.22221664524051],[19.778570823236752,42.221954552707686],[19.778494611029146,42.221890384465325],[19.77846127959742,42.22185935324954],[19.778386337966328,42.22178958322493],[19.778382983162555,42.2217148182128],[19.778385178424482,42.2216009516876],[19.778387647840397,42.221472864219734],[19.778394775364546,42.22135193829423],[19.77840751619533,42.22117983024384],[19.778408545158904,42.22112645671132],[19.77838581609653,42.221062153228225],[19.778126908127405,42.22108411593953],[19.77774380568088,42.221092394248984],[19.77724924639694,42.22112422178155],[19.77685016626664,42.22109935981363],[19.776745675243653,42.2210487859765],[19.776680372368816,42.2209821555668],[19.776588111481985,42.22087401537264],[19.776423036984234,42.22051371407456],[19.776425582918186,42.22038186442937],[19.776455539980134,42.2202667906854],[19.776473554229952,42.220196925837996],[19.776474668030698,42.220139241051776],[19.776201175537665,42.21983538939605],[19.775640261614935,42.21956977237806],[19.77513281934766,42.21940774767031],[19.774933380373064,42.21938913408741],[19.774772081404826,42.219408017679484],[19.774547124913614,42.219562220836856],[19.774420434575315,42.219799900028235],[19.774360937219,42.21991150539195],[19.77434205049996,42.219946933080756],[19.774293731334136,42.22003756992766],[19.773846713314306,42.22048199573011],[19.7737003745082,42.22058757822685],[19.77348710739987,42.22067750976819],[19.773281626958532,42.220726797143826],[19.773074314293332,42.22077396537814],[19.772968266948308,42.22079809333141],[19.77284294767985,42.22082507421341],[19.772717616372972,42.22085204582679],[19.77258600470394,42.220871264445805],[19.772222708971185,42.220924313929245],[19.77213401926035,42.220946041618774],[19.77207259830744,42.22098747045697],[19.771983164186068,42.2210388531055],[19.771890513256462,42.22107622944841],[19.77173025023387,42.22113387534815],[19.771488365521783,42.22122783584964],[19.771314620198773,42.2213461392377],[19.771282067115017,42.2213568344756],[19.77110273432637,42.22141575360384],[19.770922885949446,42.221432776555126],[19.77071770486499,42.221433066361314],[19.77066534980437,42.22143314025097],[19.770453549752563,42.22145146742885],[19.770248701903515,42.22146728505839],[19.77006768283159,42.22150653914528],[19.76996597081088,42.22157510023615],[19.76985128851762,42.221618589794836],[19.769797346556434,42.22163904548233],[19.769692103920832,42.22164052728502],[19.769590563207,42.22163162387968],[19.769370504622415,42.22158496186444],[19.76917890789439,42.22151776422337],[19.769081385099003,42.22148285042401],[19.768973664728062,42.22144418109914],[19.76884555168231,42.22142218134739],[19.76867372770916,42.22142263239243],[19.768701568244122,42.221356772351754],[19.768718982110848,42.22131701547375],[19.76871954085014,42.22124525401659],[19.7686331929875,42.22110649962072],[19.768530142037605,42.22097468674398],[19.76847058785271,42.22086946592335],[19.768289974605228,42.22061745658636],[19.768221998862657,42.22049254687466],[19.768103006985957,42.22027559735438],[19.767948930527695,42.22005173504806],[19.767670304821923,42.21943291154874],[19.76767373562371,42.2192564915254],[19.767636455680478,42.21890969494034],[19.767396559561607,42.218567805898104],[19.767025467449848,42.21819729163119],[19.766664810599217,42.217837178160146],[19.76646285488728,42.21783500626807],[19.76623432167478,42.21784559266716],[19.766058181885228,42.21786977784811],[19.766014677522968,42.217891023685645],[19.76600375783255,42.218278902549976],[19.76613063577957,42.21872846325204],[19.766280232028564,42.21896734092362],[19.76655690787842,42.21918714058152],[19.766862024866235,42.21939687454975],[19.76699708629471,42.21953333624963],[19.76707773889657,42.2196364710302],[19.76717237809095,42.219880410253104],[19.767191949202918,42.22000744702531],[19.76713449107065,42.220129559688274],[19.767116848265637,42.22018665257349],[19.767065671069368,42.220267916618404],[19.767058490325926,42.22035374972335],[19.767090035535567,42.22043181591036],[19.76720348346184,42.22054759146073],[19.767323133610272,42.220626595569314],[19.767474898560746,42.220755052992544],[19.7677299216021,42.22097221343718],[19.767984811242368,42.22117950520305],[19.768277315882237,42.221436290676785],[19.768397439650183,42.221605737257775],[19.768298620559882,42.22175217202536],[19.768260648485512,42.221782804637094],[19.76820961671384,42.22180675220103],[19.768145607976738,42.22181913626613],[19.768074948489907,42.22183470774124],[19.76800654407648,42.22184704451336],[19.76794234485167,42.22186922107251],[19.767884871964164,42.22188494308775],[19.767740518182496,42.22192950270964],[19.76771592324712,42.221950475208615],[19.767702101123195,42.22198299654898],[19.76768999444776,42.22204003195594],[19.767676076888765,42.22207745859644],[19.767640423174214,42.2221015801395],[19.767580790098357,42.22211564034579],[19.7675234637549,42.22212318953872],[19.767468353383357,42.222130762517054],[19.76741768991351,42.222135124377],[19.767364624587,42.22215088449541],[19.767322288047378,42.22217983144186],[19.767270830247003,42.22222501976097],[19.766900945911523,42.22242320961773],[19.766759786468423,42.22249884442795]],[[19.76811500593276,42.19547130101528],[19.768260885025622,42.19551711484638],[19.769045559327804,42.19580375116841],[19.769526956221974,42.196020393683305],[19.76996605930416,42.195811726646866],[19.770456961012076,42.19548580673537],[19.77094603231459,42.19525345486558],[19.771461117225595,42.19497984207467],[19.772335652168596,42.194643663450464],[19.77285468868073,42.19428037690337],[19.773388464568516,42.193973439093405],[19.773647854425406,42.19379754941671],[19.773773737157164,42.19370669180836],[19.77380576183346,42.193655161855155],[19.77381530250662,42.193563060408636],[19.77381797587214,42.193424774824166],[19.773796494780495,42.193332332740795],[19.77367384337105,42.19325610281389],[19.773472294660706,42.19324818620334],[19.773300120587148,42.19332702524706],[19.773135568961663,42.19341170715082],[19.77296293599979,42.19351359613639],[19.772366493850473,42.193639442538924],[19.77157614034298,42.19404667942586],[19.77066788324082,42.19444833503182],[19.770114444300145,42.19463961946629],[19.76942994175522,42.19489054999751],[19.769123528093026,42.19504823557799],[19.768792689398254,42.19521301318048],[19.7685349539209,42.195342609797464],[19.768263610811925,42.19542912687952],[19.76811500593276,42.19547130101528]],[[19.77001573054562,42.18113406810231],[19.770632154732862,42.181407897546286],[19.77125889518622,42.181498669300694],[19.77191865129269,42.181450279350614],[19.772477716382724,42.181453049623855],[19.771690234713144,42.18020357977838],[19.771607365983293,42.18002572115786],[19.771478668526235,42.179907499373925],[19.77063550295336,42.18066780176433],[19.77001573054562,42.18113406810231]],[[19.78570784525021,42.22103575029399],[19.785907078920832,42.22104402617173],[19.786731178526562,42.220960201732154],[19.787690899300017,42.22073590840183],[19.788206907316585,42.220601094376775],[19.787939987924606,42.22045836685109],[19.78777893089028,42.220414011095926],[19.787040711173066,42.22032693065551],[19.786651174620935,42.22019270695873],[19.786419753093924,42.22007873614783],[19.78627973732004,42.21998433125785],[19.78603188059252,42.21985779836918],[19.78593142058367,42.21987532505433],[19.785879938470206,42.21994912229834],[19.78586934047962,42.22006672611897],[19.785867322957262,42.22017202439899],[19.785865780189503,42.220252543964506],[19.78585553823011,42.22035156149263],[19.78572975034518,42.22074462702725],[19.78570784525021,42.22103575029399]],[[19.758116309996545,42.21437181685079],[19.758006650404447,42.21425446183918],[19.757597668901813,42.21381679853649],[19.75682754762445,42.212695598033626],[19.75663459478319,42.21250079101208],[19.756456377974985,42.21268944073175],[19.7563523705193,42.21280461564865],[19.756298198278866,42.21285668356083],[19.756198589363844,42.21287666012081],[19.756099457223378,42.21287295632174],[19.755996920623883,42.21286131136121],[19.755833542005156,42.2128805959216],[19.755632677384124,42.21296246368543],[19.755327489775766,42.212985484318885],[19.755220809645294,42.21300538328975],[19.754932455788392,42.21307334573991],[19.754662176671143,42.21312306670476],[19.75445835153686,42.213157655410804],[19.75455114557624,42.21332924147172],[19.754760343090613,42.21356673789152],[19.75490904698375,42.21368921014348],[19.755225017826557,42.214018195321366],[19.755314160861307,42.2142124452938],[19.75549432167758,42.2145259029619],[19.75549188242099,42.21465012825582],[19.75548998519113,42.21474674892695],[19.75549738671181,42.21484347049493],[19.75555111025021,42.21494759955139],[19.755605511502164,42.21501722055825],[19.75564093305316,42.21510734124514],[19.755639442464886,42.21518326069958],[19.7556458837129,42.21532828795607],[19.7558212037429,42.21567573978921],[19.75580534539841,42.21576732967533],[19.75580437657816,42.21581667956839],[19.75620774565047,42.21572207275581],[19.756456778831158,42.21573849286324],[19.756743022558833,42.21574159606798],[19.757029278439536,42.21574469868986],[19.757260519771027,42.21572662491821],[19.757937799218823,42.215624086643075],[19.75830127335254,42.21545647168938],[19.75882635821892,42.215165227520295],[19.75847550207262,42.21477788989405],[19.758116309996545,42.21437181685079]],[[19.768718622045427,42.21718985937514],[19.768531051577742,42.21765721510335],[19.768552809199104,42.217759095331324],[19.768717125622434,42.218528506975254],[19.768863721756635,42.2188418713311],[19.76923916122315,42.21861763480453],[19.769503699462895,42.218447554296155],[19.769681030779726,42.21838197436136],[19.77009181392245,42.218285174659194],[19.770565121279073,42.218184812571195],[19.771313539358093,42.21804949578454],[19.77274435852058,42.21806481505256],[19.773955992985893,42.21814905500226],[19.773632910426883,42.21782163878688],[19.773360914011068,42.21736411550382],[19.773244258067468,42.21716789278999],[19.773175876496484,42.21702170880315],[19.773108506813905,42.2168226462116],[19.77304912929064,42.216669941659994],[19.772854038176536,42.21614392993134],[19.77283646581041,42.21612516086063],[19.772430670196012,42.21614797870967],[19.772316495334927,42.21618466594542],[19.772156530797943,42.21624194661235],[19.771990515847325,42.21632020999959],[19.771404833217066,42.216614475393435],[19.770969686033474,42.216820461538944],[19.77075811099294,42.21690666119462],[19.7700427126894,42.217052924396995],[19.76947205780039,42.21711194502081],[19.768718622045427,42.21718985937514]],[[19.774267988612607,42.188815170557476],[19.774356906585183,42.18886571543206],[19.77446924843033,42.1889438420713],[19.774535761307064,42.18898302034218],[19.774659491585144,42.189007415564554],[19.774738444618862,42.18893902080902],[19.774766239530443,42.1888393180387],[19.77482132160616,42.18866681549606],[19.774951031961454,42.18839781105229],[19.775040925832634,42.18829876240978],[19.775093853424003,42.18823777758957],[19.775095041441997,42.18817624923881],[19.774922766777543,42.18798593323127],[19.774868521184647,42.18784688651667],[19.774860116615738,42.187746779053114],[19.77485731312507,42.187623667024745],[19.774620819996642,42.18727494993957],[19.77450063767825,42.187065807397346],[19.774416029349645,42.18690634248527],[19.77431947749088,42.18723665659924],[19.77429058673683,42.18746137420438],[19.774205344665827,42.18763855960816],[19.774151086382307,42.1879055878556],[19.77414297899374,42.1883251523818],[19.774267988612607,42.188815170557476]],[[19.769682262592585,42.220708939148615],[19.76976989963631,42.22076516320951],[19.76992201772932,42.22085823259321],[19.77005661742932,42.22094784602354],[19.77017462489175,42.22098503120962],[19.770302639559684,42.2209602787436],[19.77037992267023,42.22083048190375],[19.770453633188474,42.220658209197],[19.77052231453909,42.22051852538065],[19.770628359045244,42.220283338998236],[19.7706653720572,42.22018903903759],[19.770741133379442,42.22013760089031],[19.77087857034289,42.220080296899795],[19.7709850486202,42.22003245565821],[19.771070107049287,42.21995499182659],[19.77110233178779,42.219880229727735],[19.77106906733332,42.219781908711845],[19.771017943562875,42.219696458860255],[19.770966958596997,42.21960448370067],[19.770871551641402,42.21953488966986],[19.770723209553143,42.2194745138651],[19.770556450110544,42.21945640497227],[19.77034093661746,42.219457353450366],[19.77015506989393,42.219490830173946],[19.769999722699364,42.21956427166179],[19.769857003378466,42.21966723235512],[19.769745495634602,42.21974767046374],[19.769681664747107,42.21986454865997],[19.76965656912473,42.220024288870455],[19.769640149797517,42.22019064891741],[19.769614682210893,42.220527967291034],[19.76964175602388,42.22065185225373],[19.769682262592585,42.220708939148615]],[[19.754419356238444,42.21314415136953],[19.75448989481478,42.212924258394274],[19.754546330139956,42.2128384477314],[19.754630239606776,42.21274786698361],[19.754720502572045,42.21268276006561],[19.754803712974756,42.21262774027289],[19.75487325388809,42.21257258102528],[19.75492284756866,42.21248670489891],[19.754924844166844,42.21238506191463],[19.754927439746744,42.212252925132226],[19.754929436321234,42.21215128214363],[19.754875298488937,42.21212019413451],[19.754759359488773,42.212098598903744],[19.754677248239332,42.212097707388274],[19.754458352390863,42.212090253077584],[19.75439728643964,42.21206417598981],[19.754262224302092,42.211971208209754],[19.754188252435007,42.21190431776604],[19.754059020331912,42.21186224990544],[19.753805635131425,42.211869660829464],[19.753743258646804,42.211909647134355],[19.75371478496037,42.21196526095481],[19.753713585997808,42.21202623952161],[19.75371188709247,42.212112644574546],[19.753703747540428,42.212178634105534],[19.75368876737042,42.21224454930253],[19.753687168408884,42.212325869054204],[19.753685069839282,42.212432597288746],[19.75349448745175,42.212737878773204],[19.753436712869245,42.212954524942454],[19.753572848065343,42.21298988967697],[19.753740994064785,42.21305461697228],[19.753902994596608,42.2130999399955],[19.75405868422554,42.21313549859729],[19.75418218521259,42.21315136109501],[19.754419356238444,42.21314415136953]],[[19.77625982832019,42.19741304297136],[19.776466372217595,42.197367956384646],[19.776618291082595,42.19736230283276],[19.776959743740015,42.197431428255136],[19.77712688378505,42.197495336442],[19.777518966065003,42.197732329050936],[19.777946943433847,42.19788604272627],[19.77820643029491,42.197888807089946],[19.77834358524367,42.19788663098947],[19.77850173870338,42.197811920315345],[19.77867519299952,42.19770463032828],[19.778896918191787,42.197386664809876],[19.77900630489418,42.197300523241225],[19.779222289154582,42.19727371718651],[19.7793797279142,42.19723537670345],[19.779483943567797,42.197163727653574],[19.779660066004162,42.19695031629968],[19.77975960057006,42.19686770618344],[19.780051035063522,42.19675395402981],[19.78024217997671,42.19674507586828],[19.780404519118914,42.19670678608209],[19.78065602699541,42.196614879982015],[19.780859563000593,42.19647152740834],[19.78110309426403,42.196284955460875],[19.781158204679777,42.19622005703623],[19.78110994172696,42.19618316514041],[19.78101740930922,42.19615672277066],[19.78094859513688,42.19617053943972],[19.780878999600912,42.196224372798326],[19.780838991034273,42.196267600588286],[19.780799052316127,42.19630719210354],[19.780720026077233,42.196342722102266],[19.780597486963465,42.19634870244327],[19.78044061068109,42.19635794556777],[19.78017009689499,42.19628613700125],[19.78000918689276,42.19625899361857],[19.779423760709513,42.196430825447536],[19.77895724645421,42.196523978178504],[19.778849371000817,42.19653735974769],[19.77878034886551,42.196565702902724],[19.778759237012263,42.19664542015304],[19.778743447002114,42.19670339905602],[19.778742257662287,42.1967651614153],[19.778730448182618,42.196870427715076],[19.77868950753988,42.19696447282593],[19.77851007353127,42.19710952759393],[19.7783318320654,42.19722028632678],[19.777987438226635,42.197322000716625],[19.777811167971485,42.19733102460901],[19.77750489160911,42.19716801167638],[19.77731108027212,42.197071455815006],[19.777218504490595,42.19705230193043],[19.777154989691027,42.19704799680459],[19.777003241246863,42.19705364388444],[19.776812148826853,42.19706977320115],[19.77660659596745,42.197074845962554],[19.776494097082583,42.1970736459959],[19.77632801628504,42.19706097229476],[19.775982037719796,42.19699187771758],[19.775855289378693,42.196968712054044],[19.77573302243089,42.19696740709069],[19.775340004508237,42.19705406452068],[19.775251196879214,42.197093096293905],[19.775132416533257,42.19716450493105],[19.774988834009914,42.19725381555868],[19.774820226232382,42.19737193670326],[19.774715904802306,42.1974544103501],[19.774690178152266,42.19751953852692],[19.774708417380833,42.19758878237718],[19.77477605051419,42.197633112855854],[19.774863513265046,42.197663125100995],[19.774975521964247,42.19768975343493],[19.775136701735505,42.19770237675987],[19.775385146495672,42.197755902592924],[19.77558218575175,42.197757339961726],[19.77588787865993,42.19759420099915],[19.77625982832019,42.19741304297136]],[[19.743853781288315,42.202633727117885],[19.74403045682681,42.20300742748711],[19.744178667996383,42.203280267445294],[19.7444173050051,42.20329687886187],[19.744531919954497,42.20330485832427],[19.74472663703366,42.20330698951973],[19.74486383214132,42.2034373791447],[19.74489636778487,42.20354436930863],[19.744934291391747,42.20362935339225],[19.74500167957939,42.20372569687792],[19.745094115020027,42.203807604351304],[19.745206573877137,42.20387869379458],[19.745269896769926,42.20393086259317],[19.745313633127097,42.20397178908653],[19.74534258858166,42.20400888087419],[19.74535658141799,42.204053154988934],[19.745360211094173,42.204119380767864],[19.745354455046645,42.204175907257245],[19.74526952030956,42.204215426187275],[19.745248915108945,42.204255648818936],[19.745286169965073,42.20448643827402],[19.745333647210003,42.204526802515225],[19.74539626697357,42.20461515342874],[19.745448173474532,42.204703378123625],[19.745633327951868,42.20437937017789],[19.74573671650215,42.20408458101677],[19.745739816018215,42.20392790010968],[19.745732720435008,42.20377856174662],[19.74574969844998,42.20368173690831],[19.74575696378089,42.20339158606679],[19.745816718386408,42.20331747405497],[19.74602965745938,42.203241282833474],[19.746222526535266,42.203161126803764],[19.7463970009324,42.20299778472116],[19.74659791575965,42.20277516202463],[19.746654690020026,42.20270473501219],[19.746680670017696,42.20266388665864],[19.746681482705757,42.20262277229675],[19.746692429148602,42.20257801464089],[19.746693463676003,42.2025256766331],[19.746689462194002,42.202473292598505],[19.746634929568792,42.2024315554542],[19.746560684654302,42.20236718673644],[19.7464545394274,42.202134195318614],[19.746313180799874,42.201900818905926],[19.74622028438976,42.20176145363941],[19.746100704035687,42.201558347228804],[19.745554547405504,42.201588241048874],[19.745260706980776,42.201523189039264],[19.745072675960717,42.20146492054213],[19.744907676120913,42.20139004214802],[19.744658897623005,42.20134235229743],[19.744221434362647,42.20127010808327],[19.744039746381358,42.20127373625192],[19.743917804472375,42.20131737720519],[19.74387930805438,42.20135067883903],[19.743686014157692,42.20155262961245],[19.743446687536586,42.20179172404827],[19.743389160929457,42.202021556813754],[19.74339461069116,42.202128412713364],[19.7434232032854,42.20221304301183],[19.743511654197054,42.202332061273204],[19.743853781288315,42.202633727117885]],[[19.766759786468423,42.22249884442795],[19.766308071232384,42.22224780568491],[19.76619609831251,42.222087312029245],[19.765883315002526,42.221704764072754],[19.765588113862773,42.221309549000836],[19.765199569922736,42.22081691210043],[19.76498756833307,42.22057529055796],[19.764505900411574,42.220422273805745],[19.76391693924533,42.21996320407208],[19.763996125176174,42.22042568461465],[19.763988284733706,42.22082764008328],[19.764002601889306,42.22102936799829],[19.76402288633983,42.22110213725489],[19.76412751282124,42.22130483833576],[19.764296960301078,42.22152436109614],[19.76450452213177,42.22175393580152],[19.764702601628862,42.22189717363992],[19.76481068889163,42.22192251831076],[19.76493970219011,42.22198841014677],[19.7650684678873,42.22206639844826],[19.76514910456913,42.22210757959228],[19.765251217600206,42.22216108216803],[19.765552649455294,42.222354071341655],[19.76571069520315,42.22238209545109],[19.766164038581252,42.222426296039416],[19.766459561073642,42.22244336563554],[19.766759786468423,42.22249884442795]],[[19.745507084468148,42.19118337820779],[19.745336724824117,42.19134590010139],[19.745271470036027,42.1913877320029],[19.745198548468355,42.19145606431056],[19.745132872899937,42.191519155380064],[19.745103196690344,42.19157201734574],[19.745058886887527,42.191640662586],[19.745057835022994,42.19169382870936],[19.745092770816235,42.19173675664023],[19.74513477886312,42.19178507339425],[19.745191080816493,42.19183355550807],[19.74526179421507,42.191876874780355],[19.7453251564827,42.19193074552304],[19.745374305809374,42.1919791403039],[19.7454164071591,42.192022146513025],[19.745436919882167,42.19207023704356],[19.745435763286746,42.19212871348289],[19.74542019509295,42.19219236175749],[19.745368521637655,42.19227156749461],[19.745331061355195,42.19235624014073],[19.745315165406527,42.19243583720048],[19.74528464764277,42.19253122669715],[19.745203005281848,42.19269701442],[19.745186898788837,42.192787241077],[19.745164059830834,42.19285612122802],[19.745119223143572,42.19295135402227],[19.74509660645772,42.193009604666386],[19.74509544933252,42.193068090088985],[19.745101655894867,42.193116015149194],[19.745136171700892,42.19318021131166],[19.745170792811738,42.193239088152744],[19.745162599859142,42.19329217613926],[19.745133121184804,42.19333439933131],[19.745075134771795,42.19337099015788],[19.745002934960983,42.193402104977686],[19.744916218079737,42.193443701828144],[19.744865069079598,42.19349631974792],[19.744842439851436,42.193554570198316],[19.744833906572534,42.19362361582009],[19.744853707230593,42.19370891487735],[19.744895271288957,42.193778499693025],[19.745014760937163,42.19389228404431],[19.745092957612865,42.193919723902525],[19.74515737359986,42.19392042864089],[19.745221789589163,42.19392113334305],[19.745279250460342,42.1939111300052],[19.74535133357617,42.193885325198124],[19.745416170228655,42.19386476154677],[19.745577034273165,42.19383562445608],[19.745657845735938,42.19380247886903],[19.74579543949687,42.19379546714059],[19.74588704028029,42.19379646871972],[19.745990091167222,42.19379759540881],[19.74607025396483,42.19379847179096],[19.746150416765996,42.19379934811705],[19.746219273396814,42.193791593463104],[19.746277028269773,42.19376670274561],[19.746334627083503,42.19375031763133],[19.746426912524907,42.19371728790664],[19.74655455664298,42.19363360048001],[19.74662391746323,42.19360032007407],[19.74668234446574,42.19354139813843],[19.746695319596284,42.193464955861515],[19.746696496248763,42.193405408344454],[19.746699017609586,42.19327780780567],[19.746724270862156,42.1931589629845],[19.746738230005633,42.193031487413286],[19.746763495179255,42.19291264270846],[19.746778138670845,42.19275113624249],[19.74683154522559,42.19255166672363],[19.746729157342983,42.192558137127094],[19.746626781367294,42.19256461657164],[19.74651417794322,42.19257098415693],[19.746411676001802,42.192585060122546],[19.746319215350017,42.19260682583256],[19.746247659619492,42.192606043708594],[19.74605387328071,42.192581149081796],[19.745952410275958,42.19254205836893],[19.745851235696886,42.19248777454046],[19.745801323959046,42.19242647108149],[19.74576147757356,42.19237286675111],[19.745722093827226,42.192296482198145],[19.745723745483744,42.192212957278635],[19.745745689706727,42.192137243345734],[19.74577756098222,42.19207682513506],[19.745798904626405,42.19203147897934],[19.745862196135143,42.19193344085858],[19.745872861943017,42.191910763205705],[19.74588383987871,42.1918729107883],[19.745884890879633,42.19181975365035],[19.745886842858102,42.19172102682103],[19.745859025569565,42.191576421962836],[19.7456987517632,42.19131459685205],[19.745587952673468,42.19122983317762],[19.745507084468148,42.19118337820779]],[[19.77513813176886,42.21619537992241],[19.775143982190933,42.21612263958598],[19.775147435107726,42.21594397781872],[19.77512557232658,42.21569224286759],[19.77501267658921,42.21553881469085],[19.774907157815015,42.21546489382521],[19.774791601060116,42.21545041684765],[19.774585625938393,42.21550116876014],[19.774406909088384,42.21552572637065],[19.774095068172546,42.21552239367265],[19.77385603101594,42.215440418845],[19.773644100909493,42.21533887395664],[19.77333443819373,42.21522304984924],[19.773005032192252,42.21520629272423],[19.77279068203352,42.215230466605384],[19.77274292151831,42.21539542060818],[19.77286407019927,42.21558203231883],[19.773195228655847,42.21596944847546],[19.773405355154868,42.21616362811059],[19.774059664609396,42.21666897240278],[19.774743746965505,42.21654193888396],[19.774886948007445,42.21651038459604],[19.775003822091232,42.216458689538804],[19.77508566503677,42.216373518228465],[19.775132269223295,42.216268120128134],[19.77513813176886,42.21619537992241]],[[19.759440548756952,42.19325665453966],[19.759388296071442,42.19331309308566],[19.759386809871774,42.19338907594138],[19.759477840665202,42.1935293828651],[19.75963602981691,42.19372146903322],[19.759769902259567,42.193849581510825],[19.75980226523368,42.19393859684987],[19.759852054066496,42.194008796356144],[19.759970494603007,42.194054414080036],[19.76010587818242,42.19410653457341],[19.760273984701776,42.19422868777417],[19.76043344725798,42.1943570670528],[19.760676542888437,42.19474499096839],[19.761230792562873,42.19431224242852],[19.761371495966987,42.19405546281614],[19.76149757762051,42.193678828171095],[19.76164504297752,42.19344947973945],[19.76135102786098,42.193429155351865],[19.761244261163476,42.19342304197273],[19.761060987333238,42.19340121203172],[19.76069799881901,42.19334518430953],[19.76022526534152,42.19326513900118],[19.759737705672254,42.193259868072005],[19.759440548756952,42.19325665453966]],[[19.769719824596326,42.19126844967982],[19.769814188001327,42.19157377279271],[19.769915236211894,42.191848433019494],[19.77022058656834,42.19213743710946],[19.770382576256626,42.19222428325917],[19.770577505636183,42.19229932889102],[19.770764866565415,42.192343900694446],[19.770944375075764,42.19237014001562],[19.77118970509437,42.19237884519072],[19.771659532328574,42.192262397983825],[19.7718582415167,42.192142938214914],[19.771991141308362,42.19204101259272],[19.772157486513365,42.19190296676634],[19.772265263512477,42.19183116428039],[19.772380504244826,42.19179591964714],[19.77253606626731,42.19179150779029],[19.772707639294808,42.19180550607497],[19.773182742629984,42.19178018720681],[19.773380742217768,42.191697195265284],[19.77356355268433,42.1915532467804],[19.77369715359793,42.19141484858081],[19.773760819679012,42.19108664135916],[19.773721685051857,42.19099503678324],[19.77358423939302,42.190908448757675],[19.773356453598684,42.190839142537975],[19.772793976836596,42.19070495755219],[19.772532480990996,42.19069243682021],[19.772416057621975,42.19062313207337],[19.77236616895307,42.19049620320914],[19.772515354647112,42.190225573565904],[19.772623219832226,42.19006145113853],[19.77271762506576,42.1899166209616],[19.77274661285979,42.18977109079422],[19.77267394252173,42.18946891890071],[19.77253303511152,42.18931185708354],[19.772364269153712,42.1892419831293],[19.772089131504682,42.18925849246176],[19.77194221667593,42.18941247364583],[19.77184592848136,42.18965450991546],[19.771653914696248,42.19010941113796],[19.771449932018754,42.19050584768329],[19.77132766146722,42.19073787348345],[19.771115122587542,42.190900882274896],[19.770852496201645,42.190946681713285],[19.770184854270028,42.190958961719566],[19.77001381233472,42.19100575014828],[19.76990764744543,42.19108238414397],[19.769719824596326,42.19126844967982]],[[19.756446407587845,42.194081970235125],[19.75632455642674,42.194035690725585],[19.75622155626668,42.193998608976734],[19.7560439933172,42.19397324995947],[19.75588942385227,42.19396746838836],[19.75571277713529,42.19396144711503],[19.75555813931625,42.19395976948551],[19.755426235006958,42.19392550628771],[19.75521351831758,42.19385128620172],[19.75513814856324,42.193970732322136],[19.755051357693922,42.194073138773426],[19.754980661072445,42.19413211185562],[19.75496708657731,42.19415941306202],[19.754975365096033,42.19418049669721],[19.75517013776816,42.19452258021674],[19.75520115357022,42.194718783692885],[19.7552355524873,42.19482774486784],[19.755240306843994,42.19495808029053],[19.75520207256771,42.195044530241894],[19.755075943779286,42.19514088321823],[19.754942290870314,42.19524800236274],[19.75484593739482,42.19531753582231],[19.75478610160414,42.19538746564959],[19.754838478082217,42.19569747630472],[19.755006388155834,42.19608033769277],[19.755061441946108,42.19625465598537],[19.755161591748653,42.196364321785424],[19.755247144343876,42.19647382008286],[19.75529911254838,42.19682329288883],[19.755340504337337,42.196948606352656],[19.75536812632755,42.197030342454205],[19.755358803602565,42.19713338261699],[19.755254177705886,42.19725169204395],[19.75521519646448,42.1973761242886],[19.75504750005424,42.19781041996133],[19.75523538239584,42.19797672717855],[19.755759324105956,42.19782214100942],[19.756462457344014,42.197481217614744],[19.7569680082929,42.19712182730764],[19.757323061319354,42.196586525430966],[19.757437241451473,42.19637764467533],[19.757439481538718,42.19626331051246],[19.757442468419047,42.19611085895794],[19.757372816821796,42.19592494149662],[19.75725225884928,42.19571668645311],[19.75719619920467,42.195585381114284],[19.75712869804318,42.19491479349157],[19.757177460811842,42.194670256450515],[19.75726805115182,42.19452580298034],[19.757394164164587,42.194355870155675],[19.757153027331903,42.19430958654377],[19.756568259105524,42.19412824061663],[19.756446407587845,42.194081970235125]],[[19.777342521130976,42.21387931600575],[19.777573475499068,42.21393512632744],[19.777726903224146,42.21399646575707],[19.7777879723972,42.2140361601878],[19.777839791525917,42.214075747017],[19.777887030835576,42.21419898083976],[19.777918916581083,42.21430954663898],[19.777919010442197,42.21440202984827],[19.778025097041382,42.214538926172786],[19.778156052207642,42.21470442705038],[19.77826313548513,42.21488139468487],[19.778285438727437,42.214951968427286],[19.778386322659323,42.21504095194993],[19.77850343520414,42.21510666583266],[19.77867521962884,42.215202273772924],[19.77908152795433,42.21544788339954],[19.779363834712907,42.215790595764176],[19.779419984503644,42.2159487812545],[19.77942746529481,42.21607347280534],[19.779460445364673,42.21615444073177],[19.779571947132016,42.21625823719705],[19.779782281089695,42.21631439080687],[19.78004014697242,42.21643422882943],[19.780217604165543,42.21666076342552],[19.780455764946424,42.21698530473128],[19.78048168458099,42.2172035566723],[19.780482913837222,42.21721394056578],[19.780480886355413,42.217319301692065],[19.780533336672285,42.21746036962221],[19.780717744183125,42.21772686716992],[19.781026717970118,42.2180580296254],[19.78148875214987,42.21851652767278],[19.781679781795727,42.21883707267785],[19.781884044351504,42.21905714653607],[19.782086540413992,42.21936731576996],[19.78223887811245,42.219619894570165],[19.782357315492725,42.22000052416207],[19.782340843518742,42.22022241263733],[19.782621075726578,42.220405283347134],[19.782769316016505,42.220472925678315],[19.78291002365936,42.22050019293334],[19.783051451013282,42.220489360296945],[19.783159332471584,42.22049667160807],[19.783270867801658,42.22031432202627],[19.783378735012928,42.22000821278777],[19.783391674465005,42.219883071988306],[19.783315574465277,42.219724982964095],[19.783084700782545,42.21939368314767],[19.782792936646928,42.21890716460989],[19.782635407113094,42.21860013861063],[19.78255905718475,42.21845838585098],[19.782347994318787,42.21819384989722],[19.78200964815612,42.21768413956361],[19.781850184352,42.217486912792126],[19.781761688715367,42.217144266826246],[19.781733116814642,42.216987527746966],[19.78164232898631,42.21677929992814],[19.78138442152146,42.21649889733501],[19.781091240869273,42.21607478224694],[19.78099278285544,42.215991615467715],[19.78087824753556,42.215923914972706],[19.780648765188726,42.21580806258899],[19.78025375933408,42.21553792999606],[19.780113856760632,42.215419131107424],[19.779663543043792,42.21498254700301],[19.779549688474685,42.21487966182871],[19.779310280761305,42.21471167596392],[19.779190106098593,42.21466346708766],[19.77907556283266,42.21459577370466],[19.778945972554734,42.21448880435188],[19.77881677148767,42.21436228566522],[19.778734496600677,42.21425972690835],[19.77866296941722,42.214145561344544],[19.778330024482305,42.21383826362714],[19.777999679153112,42.21356965817685],[19.777429337915123,42.213799633475126],[19.777342521130976,42.21387931600575]],[[19.762549272952732,42.19194337372633],[19.76252346281305,42.19196200048655],[19.762497652833797,42.191980618240144],[19.76248795158493,42.19204351294616],[19.762461170456326,42.19211252511164],[19.762451211195632,42.19218802050425],[19.762447032968296,42.1924021714771],[19.762427003630737,42.19255945378929],[19.762363592077975,42.19276667289828],[19.762327846570383,42.19286077723889],[19.762258788910497,42.19292303142289],[19.762590161481192,42.192926606774435],[19.76312597621619,42.192932385933204],[19.763474803970848,42.19292985421889],[19.763731314928307,42.19286310205109],[19.764055859640095,42.192797082411026],[19.76427907278808,42.1926920517614],[19.764407752185335,42.19263656031446],[19.764597211471365,42.1925185259461],[19.764675477213032,42.19243088348547],[19.764719731706226,42.19234288369353],[19.7648104099829,42.192076603507196],[19.76482099844963,42.191969272894156],[19.76487534843309,42.191799225083955],[19.764946100331443,42.191660952569016],[19.765077249558747,42.19147908307148],[19.765251519639406,42.19126608789475],[19.765312765678477,42.191178261759966],[19.765426034663207,42.19104044658802],[19.76544439244484,42.19097112698817],[19.765445991082572,42.19088898751638],[19.765370103658505,42.190622597392924],[19.765452687864368,42.19060958644149],[19.765726333419895,42.190492834321184],[19.765965918387927,42.19038200784354],[19.766211155879304,42.19017470800142],[19.765617084745838,42.19011930686021],[19.765503170533776,42.19011310253183],[19.76537579778078,42.190109237913866],[19.76525177760053,42.19010540924413],[19.765124392606612,42.190101553217666],[19.76506739919736,42.190100939619526],[19.764983561157294,42.19010003695729],[19.76479747929313,42.19013082930005],[19.764288950728805,42.19023748692902],[19.763631368961512,42.190355040215394],[19.76324894621431,42.19035838954174],[19.76309142431978,42.19035171262035],[19.762950689663565,42.190345207529035],[19.76267003437526,42.19028984891762],[19.762559363576596,42.19028865502654],[19.762455373471198,42.19029002679626],[19.76237809445588,42.190296674059645],[19.762118926733972,42.190343706143686],[19.761995898090042,42.190397608584426],[19.76195882572629,42.19054919739622],[19.76183631152364,42.19071253941313],[19.761577260604106,42.190881834258896],[19.761378671685705,42.19102535013924],[19.761319452419755,42.19107978783392],[19.761217196765003,42.191161506366306],[19.761059992485613,42.19132379768567],[19.760985392811428,42.19139524581057],[19.760869450505773,42.191492147409924],[19.760777206434152,42.19158061752848],[19.760826671454865,42.19159113568302],[19.761015265488265,42.19159628784533],[19.761151952916386,42.191599402681085],[19.761195949440832,42.19160479321576],[19.761233157523744,42.191619950132974],[19.76127032170681,42.19163673601338],[19.761322789738138,42.19166024095757],[19.761382018403012,42.19167726507584],[19.761454495964227,42.19169279377323],[19.761528920506247,42.19172145106151],[19.761638267737073,42.19178684637063],[19.761758104675245,42.19186187043911],[19.761819012568182,42.191905136690636],[19.761871653007148,42.19192045098582],[19.761950655622027,42.19194096515846],[19.762011252181555,42.19195987623278],[19.762097399620917,42.191966630603666],[19.762195863428474,42.1919539194183],[19.76229481754682,42.191923523561044],[19.76232260884706,42.191904495113036],[19.76233238848934,42.19189342855784],[19.762348954585004,42.19188447879233],[19.76240915915862,42.19188005099236],[19.762440468461502,42.19188546620368],[19.762466141070764,42.19189994910892],[19.762549272952732,42.19194337372633]],[[19.777342521130976,42.21387931600575],[19.777224978095134,42.21374884168658],[19.77722788379824,42.21359822558735],[19.777242455434006,42.21349950697432],[19.77725514344555,42.21317011636881],[19.77725262489004,42.212972359583055],[19.77719096724472,42.21288226284137],[19.777097545991907,42.21279652668042],[19.776641823947408,42.212433873134934],[19.776186276429538,42.212061821065525],[19.775908159943523,42.21202118689779],[19.775667321264788,42.212018616270335],[19.775325756687536,42.21198202067134],[19.775162795349,42.211886123812825],[19.774986988356662,42.21179950609322],[19.774840228301567,42.21184972064128],[19.77483904548871,42.21191091570926],[19.7748630335642,42.2119817872146],[19.77489361465674,42.21203860428321],[19.774924129037736,42.21210012891542],[19.775015648140215,42.21228471150594],[19.775143171999,42.21257324278092],[19.775160749606766,42.21264875404232],[19.775159385489072,42.212719345733454],[19.774977742038953,42.21293396885509],[19.774857669201864,42.21318407087471],[19.775053886599622,42.213273751543575],[19.77525744468134,42.213343929924314],[19.775374292399224,42.213412993092334],[19.77569551173075,42.213564107664624],[19.775881516918368,42.21367791251302],[19.77617497368349,42.2137968607432],[19.77631406304047,42.213834273583416],[19.776537717590884,42.213894284272286],[19.77688694247367,42.21393800688699],[19.776987522724504,42.21395907389446],[19.777095099852275,42.21396522633063],[19.777379390373827,42.213977574713326],[19.777342521130976,42.21387931600575]],[[19.759667657372223,42.192798120632084],[19.75987637096141,42.19235334119695],[19.75990787543115,42.192049695026455],[19.76005073166158,42.191752771139484],[19.760240712107905,42.19162816878444],[19.76038670298913,42.19157274291901],[19.76017020840469,42.19151601000646],[19.759879837177962,42.191494929030945],[19.75936749883973,42.19145930236175],[19.75904031194765,42.191448236924124],[19.75875452678429,42.191406262943495],[19.758653273791978,42.19139139339475],[19.758458729055214,42.191329106205096],[19.75842558614389,42.191298652162196],[19.758412814938886,42.19126090155139],[19.758413403710968,42.191230821629105],[19.758414090786736,42.19119571938571],[19.758360892582854,42.190982000759966],[19.75834485491613,42.19093920039789],[19.758308617769643,42.19089366967611],[19.758248620223974,42.19085539879128],[19.758107405510096,42.19077259551885],[19.757869225234394,42.190694071526664],[19.757615931500442,42.190543543528],[19.757163945166948,42.19038083347929],[19.757007908284013,42.19025639380854],[19.75680948966375,42.19017398630332],[19.756678750506328,42.190134992861594],[19.75655427400425,42.190121121072984],[19.75645339849314,42.190107505021786],[19.756349490021805,42.190076319160106],[19.756242020596424,42.19005511435561],[19.7561610625907,42.1900567481649],[19.756015723960935,42.190075202539404],[19.755917464393228,42.19009919075211],[19.755846341942085,42.19011595616084],[19.755727858237453,42.19013971583933],[19.75561994681339,42.19014104787467],[19.755559323334708,42.19013788747854],[19.755492044720192,42.190129640460164],[19.755428400612246,42.19010891038478],[19.75536497798952,42.1900756602237],[19.755268352123945,42.190016995806474],[19.755302602715606,42.19017041869369],[19.755500594818123,42.1903429570301],[19.755872745042055,42.190476377865934],[19.756243601418642,42.19067957070808],[19.756856255145664,42.191015235008024],[19.75709278107209,42.19114482325602],[19.757183723451597,42.19126018519904],[19.757182665009022,42.19131420662573],[19.75716475028659,42.19137218655119],[19.757157680974565,42.191446920573846],[19.757239057614807,42.19157662780188],[19.757541467920376,42.19214187479749],[19.757880664988676,42.19275023609638],[19.75813577356354,42.19274486017791],[19.758702766497514,42.19281894828039],[19.759049240565243,42.19288038518235],[19.75921480549482,42.192882176302426],[19.759310041962955,42.192877976043654],[19.75949755865337,42.1928381246611],[19.759667657372223,42.192798120632084]],[[19.769787489499134,42.18435034686694],[19.770425031604024,42.184575988412284],[19.770891477502573,42.18460991253],[19.771254521908947,42.1846234527932],[19.77177546347942,42.18452293762877],[19.77217220881971,42.184363105652835],[19.77269755317089,42.184085482267236],[19.77249252110297,42.18346766148836],[19.772488662732325,42.18330358566969],[19.77194765010323,42.183344121651594],[19.771342936300506,42.18348880685931],[19.770957901092878,42.18362980220891],[19.770518772109686,42.183845000206865],[19.76993431223104,42.183963508728525],[19.76944063094793,42.18401912446291],[19.769562156481022,42.18413413866229],[19.76968302333739,42.18423632611185],[19.769787489499134,42.18435034686694]],[[19.780757499112468,42.21046164221979],[19.7801428545147,42.21038434740581],[19.780237201045342,42.21082730858479],[19.78028378089794,42.21104975959027],[19.780380314876382,42.21131996867258],[19.780391392124777,42.21140509668539],[19.78045970046517,42.21149082423938],[19.780560141691616,42.211558006234576],[19.780634600719633,42.21165325165897],[19.780688925484526,42.21180494446571],[19.780725234846525,42.21189978425679],[19.780742328920958,42.21233443361183],[19.78087293109696,42.212486946156616],[19.781005610385247,42.21253085697267],[19.781145463367057,42.212532343267114],[19.781304591321092,42.21252459062162],[19.781522560729044,42.21243245267092],[19.781779484319106,42.21229823645468],[19.782376970966737,42.21197872804778],[19.782674670895723,42.21170797927164],[19.78294175310401,42.21137551704181],[19.782939929581087,42.211139372162386],[19.782897248931995,42.21104446544451],[19.782809234340494,42.210991587236826],[19.782612698173686,42.21096117060942],[19.782498727203798,42.2109363383983],[19.782302191369148,42.21090592124263],[19.782087246237634,42.210842251234396],[19.78161645278934,42.21071608695278],[19.781250385948834,42.21059425648884],[19.780757499112468,42.21046164221979]],[[19.76943345407367,42.19811320471482],[19.76930707687137,42.198414052889724],[19.76937631170569,42.1987281988936],[19.769649137475195,42.19903332080633],[19.769827293318897,42.19916955761501],[19.769954060229377,42.19923806659721],[19.77007369568023,42.19928412782063],[19.77028458649412,42.1992863890167],[19.770405114563427,42.19928768115863],[19.770526281436045,42.199255400792644],[19.770730824099523,42.1991960251995],[19.770898599832503,42.199091494954075],[19.770937354389204,42.1990359508528],[19.77093090972091,42.19897991340966],[19.770849016332615,42.198928667001475],[19.77070645576302,42.198899159504776],[19.770548391076705,42.19889186579749],[19.770435947423678,42.198862680780486],[19.770294026114104,42.198799600393386],[19.770213134270637,42.1986979954219],[19.770074468997816,42.19846706251516],[19.7700479337401,42.19828209219264],[19.770019420988543,42.19819783835598],[19.76996799530741,42.19813013741674],[19.76989365708096,42.19807897134403],[19.76978154081028,42.198032999579155],[19.769646198450467,42.19802034879945],[19.7695478378168,42.198041682827274],[19.76943345407367,42.19811320471482]]]},"properties":{"SIPERFAQJA":16609337,"VOL":"1","FAQE":"14","NR_PAS":"1","PRONARET":"BASHKIA SHKODËR","KUFIZIMET":"_","ZK":"2859","EMRI_I_ZK":"PALAJ"}},
{"type":"Feature","geometry":{"type":"Polygon","coordinates":[[[19.780139325905438,42.23262049937428],[19.780082216474117,42.23262328583581],[19.78004758613247,42.23264326295622],[19.780023952321432,42.23268539498268],[19.780016227912313,42.23273109015603],[19.77999117926675,42.23281397011362],[19.779780913094612,42.23298349046889],[19.779690629947105,42.23304379137351],[19.77961765699391,42.233062613175676],[19.779508468504922,42.23307615221396],[19.77943238988214,42.23308514620778],[19.779267302531732,42.23308828645171],[19.779164761808353,42.233099447261246],[19.7790308949959,42.23315269391436],[19.77890790287046,42.23319794500958],[19.778778026652294,42.23325781462732],[19.778674540749314,42.23331797413816],[19.77842732703642,42.23347215449041],[19.778053269365,42.233715376245264],[19.77806933629016,42.233730248391225],[19.77814694542077,42.23380209538092],[19.778247369852252,42.233895061993],[19.778436302561623,42.23417316088352],[19.779373692202526,42.234628635451536],[19.779834717768196,42.234815498283886],[19.780035593876924,42.23492246848198],[19.780123041773898,42.234886848825866],[19.780172577943464,42.234854075747315],[19.78022617869166,42.234822858284105],[19.78032421372612,42.23481179265586],[19.78044456310826,42.234807013861555],[19.78055141956087,42.2347612204676],[19.780667954109575,42.2346368216746],[19.780730480108012,42.234564827858364],[19.780851091130838,42.234546430749276],[19.78105869799277,42.23445478720063],[19.781128483811305,42.2344297909623],[19.78118900892419,42.23438430577286],[19.781252116705684,42.23428203369217],[19.781283736728568,42.234116968148285],[19.78123667701261,42.23402110536768],[19.781261599989133,42.23389118614282],[19.781279549982475,42.23380508863951],[19.78129311372663,42.2336296404565],[19.78131459184179,42.23357234318636],[19.781335093158614,42.23339896724958],[19.781310512177622,42.23317707953739],[19.78130900102195,42.23316343858019],[19.781321217476656,42.233179222265726],[19.78139427077936,42.23327360709692],[19.781530119499617,42.23348184521418],[19.7817149445128,42.23362654217193],[19.781877220224573,42.23370415631613],[19.78193080599403,42.23365409580868],[19.781973596933174,42.23359968948982],[19.782022589822642,42.23355726823185],[19.782136422259388,42.23349374963119],[19.782204305269882,42.23347061403176],[19.78226576916982,42.23344741023468],[19.782353092504575,42.233414947390465],[19.782427773327107,42.233372798686254],[19.782636344163446,42.23342921639544],[19.782955867729218,42.233495669583405],[19.783075113340658,42.23352234879157],[19.783190998942892,42.23350134238156],[19.783333268721254,42.23344249047768],[19.783411395930923,42.23338296699877],[19.783421837735137,42.23328460021292],[19.78333857615749,42.23316619027177],[19.783230212336388,42.23301891323751],[19.783201310165374,42.23296461003641],[19.783070032847803,42.23289650915743],[19.782976940529196,42.23284469362343],[19.78295317174239,42.23282842027623],[19.782856096286856,42.23276195723421],[19.782902858487795,42.23275171360222],[19.783009049281713,42.23274092126806],[19.78310225264857,42.23273713896],[19.783192154868576,42.232738092838545],[19.783256311082724,42.23274115914773],[19.783343003817183,42.23274207885781],[19.783433089299415,42.23273349191784],[19.78351362577783,42.23272003233437],[19.78357476783479,42.23271352392033],[19.78368429342771,42.232695600397726],[19.783786386420683,42.232613050539584],[19.78371562908227,42.23228758256472],[19.78363444534768,42.23220798632281],[19.78353348467731,42.232084635505394],[19.78329925853747,42.23189589962252],[19.78315456995472,42.2317762796899],[19.783125014930548,42.231708699951824],[19.783154819918078,42.23152743718233],[19.78319847238439,42.23131139188848],[19.783153162912573,42.23112374163255],[19.783131681996853,42.2310224164221],[19.78314654508518,42.23103503348617],[19.783185628832527,42.23105396014283],[19.783450479326557,42.23118221573041],[19.783684889118845,42.23131017786286],[19.78375463144665,42.231354084142964],[19.783815947485987,42.23140405868825],[19.783897501350122,42.231482002288026],[19.783962853362773,42.23153818621456],[19.784028868476014,42.23156046498016],[19.784148909735187,42.231580237642284],[19.78426485622034,42.23159687893916],[19.784368044556068,42.231628806052434],[19.784677551156378,42.23171377429797],[19.78485417968839,42.231715645858316],[19.78491096523409,42.23165896503857],[19.78493395459132,42.231591510327505],[19.784943442118834,42.23154969552762],[19.784892910445514,42.231468552398326],[19.784790115740215,42.23139653310196],[19.784726379380324,42.23132492759582],[19.784732851825826,42.231197818841146],[19.784696329509284,42.231065240138584],[19.784603332456967,42.23093529482226],[19.78446544584044,42.23088224056452],[19.784237835239598,42.23075409102406],[19.784028768351778,42.2305648760944],[19.783948656749583,42.23044151259818],[19.78383872856824,42.2302888090308],[19.78371887938809,42.23020049356567],[19.783622726213615,42.23000924341804],[19.78352569468503,42.22986313106731],[19.783441930333538,42.22970425887838],[19.78334694463392,42.22967745930842],[19.783306130832415,42.22957552390588],[19.783136375241263,42.229429945041815],[19.78315026087203,42.229407037138856],[19.783094453524814,42.22926085765929],[19.783288522175834,42.22905250278776],[19.78349321768936,42.22897197526518],[19.783659440156125,42.22890658267624],[19.783729979719933,42.228876619437685],[19.784047325059497,42.22874181910145],[19.7842776304793,42.22864962702115],[19.784701531726533,42.22833608164686],[19.785061425514012,42.22795236684394],[19.785292729560986,42.22756781115921],[19.78561243047492,42.2277007148112],[19.785825167395135,42.22784988694026],[19.78606415135307,42.228016891240244],[19.78610225496261,42.22805719767248],[19.786162572226818,42.22812100183072],[19.78622369540596,42.2281677051871],[19.786296470521975,42.22822330019103],[19.786108489254733,42.22833397619712],[19.785944779836736,42.22847129496479],[19.785746611612325,42.22858884842363],[19.78553453200699,42.22875151846826],[19.785445547553206,42.22885082727025],[19.785418321498398,42.22890873968237],[19.785385185685236,42.22904744036277],[19.785379648034837,42.22910882332956],[19.785439596937298,42.22916119519674],[19.785726129495707,42.229203038729736],[19.78586075644064,42.2292206323938],[19.78598754336219,42.22919286966962],[19.78605716575697,42.22915323970584],[19.78614048877961,42.229121784878345],[19.786296470723933,42.22908186243436],[19.786321268998478,42.22904441366322],[19.78632281752498,42.22896358818721],[19.786332887664415,42.228892557513056],[19.786356818421794,42.228779623138045],[19.786464318905097,42.22862230880202],[19.78650068496626,42.228541851720095],[19.786553430779794,42.228389773505775],[19.786655775284963,42.22846617967649],[19.786832713666826,42.228598145642785],[19.787025811878898,42.228862942130505],[19.7871171509981,42.22903656581681],[19.787120185614402,42.229124173594684],[19.787118777166516,42.22919773559826],[19.787141362835918,42.22925052165953],[19.787182871883456,42.229300005882585],[19.787271161675793,42.22937101445062],[19.78731254896117,42.22942750123253],[19.787320776210844,42.229490650277135],[19.78735485077194,42.229607700116546],[19.787332048135607,42.22972125878139],[19.787299806249308,42.22986534390983],[19.787243627981574,42.229968697066035],[19.787228830260595,42.229995920898105],[19.78722540693513,42.230003194214845],[19.7872140946956,42.23002722858096],[19.787155967691902,42.2301250555037],[19.7870941025078,42.23015935770303],[19.787051191237005,42.23018687443946],[19.787027191440405,42.23021108922724],[19.786983677724116,42.23027006306965],[19.786863060878222,42.23042653691607],[19.786860249457217,42.230573336852814],[19.78691057527563,42.23065077695417],[19.78695206902917,42.230696669118636],[19.787049993512962,42.23074665104082],[19.78727943266448,42.23086437152539],[19.78734087036934,42.23088470047238],[19.78743462140726,42.230909737210425],[19.787510690489547,42.230934586938574],[19.787569018089552,42.230963624244694],[19.787615615720924,42.23099034993153],[19.78766544921103,42.231001805670275],[19.78773012298086,42.231006864481735],[19.787750108556637,42.231039862588005],[19.78775912143048,42.23115250625784],[19.787724977740712,42.23135799496081],[19.788030846168557,42.231684558970606],[19.78828369651929,42.23189713138278],[19.788323699370473,42.232043852523184],[19.78805516861524,42.232633672166344],[19.78795889819844,42.232740782983306],[19.787889069979542,42.23281001188462],[19.78775191300482,42.232991275518756],[19.787651560640096,42.233181849452485],[19.787523057460028,42.23344000399317],[19.787389710577536,42.233670163626556],[19.787164518786568,42.23392729538931],[19.786974167329056,42.23432852794936],[19.78676867005133,42.23468236420918],[19.78670817427715,42.23475749765014],[19.786653991726343,42.23506397016866],[19.786497038858812,42.23540923601593],[19.78645644798056,42.235762439764706],[19.78679556886017,42.236168246959],[19.78687908096952,42.236257039029354],[19.7870018662575,42.236388953923125],[19.787153028505763,42.23653772424093],[19.787279093243633,42.23664141490835],[19.787676807126275,42.23691511629999],[19.78786468853973,42.23720455857468],[19.788146883481495,42.23761877146113],[19.788277082188273,42.23800806152731],[19.78795461511438,42.23814203096318],[19.787696797806632,42.23837312583331],[19.787275605273184,42.238698053329536],[19.78712777220212,42.23879329301692],[19.787091807762085,42.238867047592855],[19.787071298911762,42.238935267086546],[19.787050516936322,42.239017743519966],[19.787037699622346,42.2390860353514],[19.78701686289708,42.23917136496437],[19.786995765304006,42.23927094264302],[19.786978549874046,42.239367707610725],[19.786935342261806,42.23941858239049],[19.78683834855649,42.23947173296963],[19.786733663175887,42.23952480209486],[19.786640551401128,42.239575139805574],[19.78614671193047,42.239882531931634],[19.78600821785459,42.24017163703476],[19.78594941299003,42.24026693530201],[19.78595202657856,42.24032903463823],[19.78596613455378,42.240385602134104],[19.78598404579701,42.2404422188905],[19.786028046133076,42.24052448962208],[19.786089978015696,42.24075080876236],[19.786082056457364,42.24079305427811],[19.786050504550854,42.24082800077279],[19.7860001287338,42.240853925629786],[19.785945118210996,42.24087450798029],[19.785666785738762,42.24101638307373],[19.785528835574407,42.2410715835154],[19.78538305862319,42.24107815086689],[19.78515859058356,42.24106523148534],[19.78495945053999,42.241024177385924],[19.784981377168016,42.24096051954137],[19.784973424932886,42.24090140644807],[19.784941634442045,42.24086604123647],[19.784835370197673,42.24076759021472],[19.78435979647491,42.240413517485344],[19.78427328668036,42.24030849651173],[19.784223450150115,42.2402148201941],[19.784170497621776,42.24009098873139],[19.784149682482894,42.240022277666846],[19.78405358342511,42.23981982972368],[19.784002578339393,42.239786412100955],[19.78388514326405,42.239755035789656],[19.783701751979017,42.23970103898617],[19.783492654129955,42.23964129574263],[19.783360583840086,42.239604281179496],[19.78325431357082,42.239567540192034],[19.783211171507205,42.23950954801711],[19.783197786731982,42.23943817887566],[19.783206584232296,42.23936430835035],[19.78322976643754,42.239309765592104],[19.78327865530549,42.2392609690303],[19.783292682004056,42.23925503990077],[19.783341876099815,42.239234245379656],[19.783379325466434,42.239204511568644],[19.7833988131395,42.23914992958128],[19.78343093673148,42.239006429706905],[19.783378039457496,42.2388798527074],[19.783323207518585,42.23885461339132],[19.783283577878176,42.23880488671129],[19.78328468308902,42.23874736397721],[19.783318818338717,42.23869841987022],[19.783367192573255,42.238677012166214],[19.78344536400861,42.23863949111265],[19.783529083274253,42.23850614408296],[19.783579747869446,42.23836422718633],[19.78359972073851,42.23828499267467],[19.78360166724078,42.2381836550748],[19.783599288275106,42.23811513943119],[19.78351737515609,42.23786754126644],[19.783522868559523,42.237820588896014],[19.783528361954666,42.23777363652492],[19.783518776672064,42.23769682522734],[19.783497857676466,42.23763359539298],[19.783469416628282,42.23757850497428],[19.78341161600812,42.23751488389421],[19.783380743186086,42.237489898759215],[19.783379913433375,42.23740759882677],[19.78341656621982,42.237350534193595],[19.783519902456852,42.2373222464337],[19.78363051532007,42.23736734247345],[19.783750402065735,42.23738733767304],[19.783911692550806,42.23741423813929],[19.783974903577793,42.23741057872042],[19.784086495578862,42.23740411833947],[19.78419070554711,42.237433166657034],[19.784284241555095,42.23745911292808],[19.784309284058097,42.23751410387805],[19.784320324509167,42.23753834762432],[19.784466375150842,42.237556865248195],[19.784581211755544,42.237499350528964],[19.78468954200077,42.23740651326435],[19.784788487978766,42.237295742662454],[19.78479649718744,42.237139009247976],[19.784797993514154,42.23710972731444],[19.78482573101582,42.23692436426484],[19.784898123030544,42.236791382295706],[19.78498127024799,42.23665851422179],[19.785087240593043,42.236595755664155],[19.78523486460803,42.236534671546735],[19.784904684610733,42.23641466441427],[19.784779065940057,42.23638139282183],[19.784632037402282,42.236343897130254],[19.784532379878918,42.23631119576551],[19.784437155839736,42.23627994908043],[19.78430813288779,42.23624969198496],[19.784276695389476,42.23624231956963],[19.78411915398691,42.23619273855659],[19.783910546779847,42.23614461439322],[19.783718278860846,42.236084680909855],[19.783620100739057,42.236021757001424],[19.78350568687569,42.23596464740624],[19.78319232496801,42.2359154107392],[19.78296922931008,42.23582889785116],[19.782876286836288,42.2358661448146],[19.782844500100722,42.23591271909577],[19.782858202799364,42.23596875156316],[19.78285150165913,42.23603755798328],[19.782760172427718,42.23610745575423],[19.782717931815142,42.236116286036086],[19.78267386170259,42.23612549875056],[19.782587128771787,42.23616550311129],[19.782536102688066,42.236234829250435],[19.782444464365017,42.2362508259819],[19.78233699274151,42.236251683504555],[19.782278906666864,42.23624870813413],[19.7822208205978,42.236245732734275],[19.78215514847976,42.23627091734839],[19.782112588665907,42.23628926536755],[19.782094008779158,42.23629727535947],[19.782043349307603,42.23633049645414],[19.78199565286855,42.236367124902884],[19.781922298462447,42.23644340656318],[19.782031247603808,42.236504951905864],[19.782189651543753,42.23650963185927],[19.782245123885467,42.23652153790515],[19.78236823337784,42.23654796082181],[19.782411796164475,42.23656261188267],[19.782533713675402,42.23660361512435],[19.782682883859724,42.236669574887],[19.782781260764136,42.23675745641454],[19.78286390736008,42.23686014194285],[19.782953188345008,42.23697692053238],[19.78303162181123,42.23707951026816],[19.78302814385823,42.23710642566873],[19.783018998964593,42.23717719663254],[19.7829143553518,42.23723154066382],[19.782873210246212,42.23725290828878],[19.782656153696916,42.23727741373216],[19.782515972447527,42.237292679181586],[19.782362596000592,42.23729105085919],[19.782254764200886,42.237266445630304],[19.782086335078333,42.2372192445742],[19.781931627647758,42.2371758886441],[19.78183772419132,42.237131328548486],[19.781698393066506,42.23710303931391],[19.781534692216734,42.23716832323195],[19.78143808148491,42.23726447789211],[19.781390555103727,42.237272696248596],[19.781370796907147,42.23727647475881],[19.781301584853193,42.23728971067588],[19.781187830937185,42.237267544186224],[19.781111313411195,42.237265731707836],[19.7810108190919,42.237252690381816],[19.780939122953345,42.2372443660103],[19.780883306786844,42.23723788537064],[19.780721023824032,42.23722946237438],[19.780672478236546,42.23724342214406],[19.780655811612515,42.23725332765551],[19.780646813755624,42.23726762685955],[19.780656500145923,42.23729873418186],[19.780698678106447,42.23736129931263],[19.78077998444072,42.237487907002034],[19.780792809793166,42.237507878189554],[19.78096295989061,42.237758396763006],[19.781061701594986,42.237971996584406],[19.781096198718355,42.23804662101906],[19.781152277821757,42.238237357124184],[19.781164366304516,42.23827848176077],[19.78117306280917,42.23830806696122],[19.781207539915187,42.238386707688576],[19.78123375896548,42.23844651202474],[19.781241257602044,42.238463618254826],[19.781294443441684,42.23858494792696],[19.781491724792396,42.23874704189049],[19.78157712187346,42.23881720706146],[19.78175138478071,42.238854905942226],[19.7820049687734,42.239003240496885],[19.782145823315673,42.23910498726434],[19.782251478977017,42.2393670262655],[19.782578461062414,42.23995134273868],[19.78279098201248,42.24038134836296],[19.783049850825105,42.24064787538576],[19.783481061517122,42.241058234176215],[19.783497629639605,42.24111528718362],[19.783557629423484,42.241212177436104],[19.783646223918428,42.24135310467167],[19.783762815999975,42.24158746774219],[19.78350620946301,42.24172877574655],[19.78315634878985,42.24197724874769],[19.782976022487734,42.24199986684714],[19.782875227311106,42.2419919823382],[19.78263312834001,42.241924874412625],[19.782333582604124,42.24184808161133],[19.78206454706927,42.24180705455225],[19.781652307824373,42.24171370500139],[19.781523529342664,42.241633268645366],[19.781403906328315,42.241554306797234],[19.781207335330645,42.241372277671324],[19.78109497498133,42.24129747977852],[19.780924869199904,42.24123986573776],[19.780845913124583,42.24124175415068],[19.780718803571236,42.24109110679434],[19.780589555325367,42.24095088835806],[19.780526013676354,42.24082363876366],[19.780481322625217,42.240710912427595],[19.780468425413765,42.240664700920966],[19.78055306603895,42.240565764156855],[19.78061981704121,42.240499919048354],[19.780640540706745,42.24031838061895],[19.780563011989265,42.24022796424189],[19.780340823333127,42.24013087808027],[19.780190515405607,42.24006016792321],[19.78002762032543,42.23991650312815],[19.779930933399374,42.23974651721866],[19.779736290771847,42.239473095513965],[19.779620753529816,42.23938738744201],[19.77933719712315,42.239282624405995],[19.77921247430551,42.23928129683409],[19.779070418454307,42.23927978460107],[19.778957229130775,42.2392193976478],[19.778380986194268,42.23923658623384],[19.77808752538883,42.23934953707987],[19.77786478626825,42.23947906708403],[19.7777270909,42.23962006288577],[19.77743960487996,42.23979111430975],[19.776954042580048,42.23991784047747],[19.776554365920404,42.2400632155932],[19.776521350251667,42.240075223695],[19.776458607674225,42.23959295212345],[19.776447953940473,42.23913170771419],[19.77648090278519,42.23897640745695],[19.776408020903837,42.23869918368117],[19.776280079219326,42.238502124039776],[19.776156746625865,42.238376286547265],[19.775575034175997,42.2380940002881],[19.775153961234448,42.23791104904704],[19.774472993802615,42.23739503861139],[19.77374865665903,42.23707165327393],[19.77314992366987,42.236783636223116],[19.77276446996614,42.23645257133608],[19.772573270160986,42.236230515052476],[19.77212885672829,42.2356229198191],[19.771820340916218,42.23512880436019],[19.771620802123177,42.234884862291736],[19.771518659035586,42.23472603679367],[19.771346417914547,42.23448885037567],[19.771200213191698,42.234313375186865],[19.771173337832362,42.23424314741476],[19.771172046875105,42.23421228228295],[19.771169803799445,42.234133712117846],[19.77113585649778,42.23394409946033],[19.771039334404918,42.23377104690081],[19.77100823794535,42.23368239090506],[19.770999410827933,42.23364472920293],[19.770998790598647,42.233606147175244],[19.771012226037126,42.23354740630357],[19.771078756951756,42.23342934126477],[19.771136457899487,42.233346173990995],[19.771174835749086,42.23319938657866],[19.77117166252913,42.23301078781569],[19.771166653293243,42.23298738185635],[19.771148127917993,42.23295571088806],[19.771118618982303,42.23292697404889],[19.77108362832666,42.23289918673479],[19.771058114564283,42.232875570056805],[19.77104633382359,42.232849039709045],[19.77104678665259,42.23282570127629],[19.771054129434326,42.23279938485232],[19.77107218002145,42.23278434617341],[19.77109440745162,42.23276630942857],[19.77110296108979,42.23274813516474],[19.771095313245628,42.23271962356091],[19.771065902933888,42.232685810396944],[19.77100092934785,42.23256070965092],[19.770814371290918,42.232613481070814],[19.77050252824454,42.23270453781149],[19.7704123841833,42.23272229643147],[19.770366874867015,42.232727804119904],[19.77031293617105,42.232751937448796],[19.770202669843673,42.232819668660326],[19.770104686098183,42.23286309890542],[19.76995017693171,42.23292286538946],[19.76987724002636,42.23293781933286],[19.769814258632376,42.23296036103147],[19.76972641828408,42.23300230632472],[19.769588359713346,42.233098204464156],[19.769545295989438,42.23313369812635],[19.769463856607732,42.233162901443215],[19.76939508336813,42.23317115693778],[19.769270476632137,42.23318256725307],[19.769112895867465,42.23319211113337],[19.769048116970573,42.23320239882465],[19.768954228977442,42.23322948763172],[19.768910646082478,42.233231837563466],[19.76884786361588,42.233226662404924],[19.768802913512705,42.23322020225201],[19.76876277161767,42.23321379370089],[19.76873704619772,42.233212320196486],[19.768677482672864,42.23321168071414],[19.768517439222027,42.233184017330245],[19.768386764920937,42.23316170147443],[19.768337828364043,42.23316152703198],[19.76825410281448,42.233160627842544],[19.76818362404204,42.23315940274643],[19.768140635535666,42.23315236924308],[19.768105479551444,42.23313874906099],[19.768080288349893,42.23313472445964],[19.76815327347939,42.233001471344046],[19.768159863634978,42.232942909349205],[19.768169296966768,42.232878301256065],[19.7681868809755,42.232813789707805],[19.76822031612652,42.232775735479656],[19.76830536054434,42.23274429414827],[19.768415102264502,42.2327030172534],[19.76852760841722,42.23265973538885],[19.76871986531702,42.23257687976194],[19.76886556983501,42.23250767590229],[19.769178882554588,42.23233794019667],[19.769292297261302,42.2322721522642],[19.769344727494204,42.232248345319036],[19.769479001176784,42.23223558024498],[19.769607197164618,42.23225319600963],[19.769730258579997,42.23225451617818],[19.769878745771486,42.23221346444711],[19.770019624804416,42.23214187572602],[19.770223881541142,42.232046605877336],[19.770418120262025,42.23192821805899],[19.770451847741104,42.23188187507083],[19.770472047243757,42.23182726685612],[19.770481243737333,42.2317766007726],[19.77050589496671,42.23168735393091],[19.77053309572125,42.23162464655707],[19.770563910062535,42.23155425383206],[19.770634833304094,42.23142888111192],[19.77067239552392,42.23134908113249],[19.770715520074,42.231267288206624],[19.77077235208322,42.23119386139651],[19.770817676463842,42.23114414064535],[19.77084625200242,42.23109920070964],[19.770850050556422,42.23104577600944],[19.77085136708198,42.230977929827695],[19.770861630199704,42.23087726665635],[19.770880372904195,42.23076847514342],[19.770882247846536,42.23067309651831],[19.77086390771145,42.23061943454947],[19.770839821393096,42.230575991764915],[19.770837646540443,42.230545117137844],[19.77086646105031,42.23048784642762],[19.770954349137142,42.230383910029396],[19.77127376871025,42.23002090680255],[19.771341843954346,42.22995227240653],[19.771442020691044,42.22985607432184],[19.7714995672735,42.22980627715636],[19.77161065729407,42.22976755929568],[19.771752627302842,42.229741775439194],[19.7718857005141,42.22973689880375],[19.772066800348515,42.22973463379732],[19.772267766007865,42.2297304836035],[19.77239526476358,42.22972135157006],[19.772540137780332,42.22969138467368],[19.77263138523549,42.22965456002121],[19.772703157395703,42.22960071035109],[19.772724463718315,42.22952322037889],[19.772742000410336,42.22949399710022],[19.772765326747002,42.22945854307341],[19.77279733397934,42.22941267609503],[19.77281796070868,42.22937088246691],[19.772818896510213,42.22932257643983],[19.772808183191174,42.22929096230352],[19.772783377621398,42.22925709080491],[19.772744549147337,42.22921675854215],[19.7727114645451,42.22917568651561],[19.77269235551243,42.22913976938717],[19.772690538791323,42.229087238771676],[19.77272303412993,42.22901617022978],[19.77277307801595,42.22891587851792],[19.772871078415818,42.22882240161244],[19.772963894510323,42.228740788373266],[19.773021276056785,42.22869939693417],[19.773112330656417,42.22867306666003],[19.773206398224083,42.22863626270536],[19.773243665774153,42.22861145453395],[19.7732755910005,42.22856978166948],[19.773279482103142,42.22851521454226],[19.773257905110256,42.22846036600079],[19.773197039062893,42.22838522882812],[19.773150006085125,42.228330107964744],[19.773130775027912,42.22830049130098],[19.77312019584268,42.228262576921324],[19.77312666491416,42.2282206317762],[19.773141338537794,42.22819348437035],[19.77318438341105,42.2281624363153],[19.773252628140625,42.22814426119662],[19.773366019437177,42.228132870605705],[19.77346546896288,42.22811083396819],[19.77361058156806,42.22806827386151],[19.773750119804234,42.22802144983375],[19.773911122367064,42.22793203953583],[19.773957069745673,42.22789681808157],[19.773988721625184,42.2278698520639],[19.774054225451952,42.22784744303006],[19.774161838653836,42.2278422915886],[19.774257844298962,42.227851716962604],[19.774337420412955,42.22787327300266],[19.774385063737792,42.22789688239138],[19.774480715967236,42.22792520891024],[19.77463013037144,42.227952012206345],[19.774731966325604,42.22795310020689],[19.77483461448273,42.22791219144327],[19.774934834928104,42.22785024497746],[19.775021466798332,42.22775874233787],[19.77505675190773,42.22768980947761],[19.775100270678095,42.2276335589467],[19.775227215745442,42.22752689447798],[19.77529184661787,42.22745185618868],[19.775359025379995,42.22739852292775],[19.77546290337008,42.22732838682256],[19.77550457403002,42.22731163258358],[19.77554624466797,42.22729487832938],[19.775665715448888,42.227274043794],[19.775778526663156,42.22725558671017],[19.775871441508784,42.22723938382089],[19.77596427364203,42.227228086299895],[19.776034093250946,42.22720917912462],[19.77608784497252,42.2271655237935],[19.776128906200032,42.22709471670965],[19.776159799821997,42.22703608043312],[19.776322940493632,42.226809330388754],[19.776610433776202,42.22651202219031],[19.776628256911955,42.22644587336234],[19.776632689258452,42.22638695468961],[19.776647301183946,42.226315856274084],[19.776668086026145,42.226266942683466],[19.77686586357541,42.226005109683065],[19.776976835930967,42.22591048019153],[19.77705629955459,42.22590641221479],[19.77713848812399,42.22593185621619],[19.777197398112968,42.22599067100333],[19.777213116387365,42.22600636385251],[19.777288029357912,42.22606612848466],[19.777376747567555,42.226096557258025],[19.77746928118088,42.22610000131984],[19.777575382926173,42.226086386268854],[19.777701510269882,42.226063162885076],[19.77779834516379,42.22601505055686],[19.777885226369552,42.225969298749256],[19.777968173348597,42.22595544560042],[19.778064072327496,42.22595646737498],[19.778133084661548,42.22597931261502],[19.778318100853834,42.22611320527282],[19.778276427332887,42.226156882296486],[19.77824150279459,42.22618787474778],[19.778227546943228,42.22622693168857],[19.77822426437913,42.22626022373843],[19.778220490416977,42.2263189964497],[19.7783578914309,42.226449843100326],[19.778345676073105,42.226529294517604],[19.77813923362943,42.22670302993759],[19.777970501022626,42.226896008884125],[19.77782231790676,42.22712062505695],[19.777795468552366,42.22719573432566],[19.77785124571348,42.22737540513693],[19.77800842005435,42.22756382640374],[19.778124738404195,42.2276750214253],[19.778157605451774,42.22772563216852],[19.77817643326578,42.227852262930014],[19.77817609996922,42.227869544051984],[19.77817576684597,42.22788681617335],[19.7781746763383,42.22794335784373],[19.778226519629346,42.22810726829628],[19.77828403670588,42.22830171239732],[19.77828515687145,42.22845466666337],[19.778302829536432,42.22856281655097],[19.778314669567127,42.22863527276181],[19.778303885529837,42.22875479121309],[19.77833451719845,42.22892511943745],[19.778353458942114,42.22896341770065],[19.778448782108786,42.22915615061751],[19.778535699313636,42.22948628626478],[19.77853333242092,42.22960903621449],[19.778532239910472,42.22966569488303],[19.778370867851248,42.230043203500976],[19.778339613894858,42.23014441800245],[19.77829525961053,42.23025032724915],[19.778257971422,42.230315367698964],[19.778234640332045,42.23035606320758],[19.778180791943313,42.230447368350504],[19.77813704325668,42.230521856499244],[19.777971479022398,42.230646756675114],[19.777905633758756,42.2306748538302],[19.7778379000268,42.230695350777424],[19.777753782239277,42.230718706896994],[19.77768808304401,42.23073922543771],[19.7773070450499,42.23098706977262],[19.77727313087386,42.23101764055165],[19.777230729417514,42.23105740233557],[19.777200802201648,42.2310972971043],[19.77719157416831,42.23114360623359],[19.777258082697287,42.23124811333206],[19.77741450229464,42.23123816775899],[19.77762452287158,42.2312307918191],[19.777760367125516,42.231195446681355],[19.7779969456313,42.23117209470027],[19.778058893309936,42.231172754738836],[19.778138050698587,42.23117359809425],[19.778196460252374,42.2311793337434],[19.77826489256432,42.23120051627132],[19.778343704899836,42.23121925263737],[19.778429593512534,42.231227837561846],[19.77855637606167,42.23122392146648],[19.778584456019765,42.23122261808697],[19.77860633479716,42.23120681776645],[19.778613265619523,42.23118284609022],[19.77859456240432,42.23114578195943],[19.778586464732875,42.231118445367954],[19.778608467040932,42.23109623663284],[19.77866502859126,42.231072793495],[19.778773488017368,42.231043493233734],[19.778875152295573,42.23103175627799],[19.778997134564737,42.231000970346905],[19.779017878050908,42.230978072948346],[19.779038783593187,42.2309461388321],[19.779087779427755,42.23093058208996],[19.77914208471219,42.23092111347402],[19.779200338240948,42.230916710215176],[19.779257208767177,42.23091429974781],[19.779276150276367,42.230914501360495],[19.77929661041861,42.230905671692305],[19.77931703170279,42.23089885815105],[19.779353771276163,42.23088819420015],[19.7793958734636,42.230879603855165],[19.779432458138476,42.23087697740006],[19.779471595991737,42.2308814090021],[19.779514609414587,42.23089593754774],[19.77958031182045,42.230926785857314],[19.77962177535346,42.23095134458138],[19.779665939661253,42.230975932028024],[19.77971287494464,42.23099753312718],[19.779754532075643,42.2310120471518],[19.779843400752398,42.23103445444616],[19.779993529044386,42.23103412503311],[19.780061138451895,42.23101755054957],[19.780167871606743,42.23098601600711],[19.780274555457424,42.230956407360495],[19.78034513856671,42.230920644147076],[19.78039492578345,42.23088850378323],[19.780439627686317,42.23085246528417],[19.780499991442312,42.230808914231226],[19.780607044937273,42.23076008001307],[19.78066504328631,42.23075737094427],[19.780674710632976,42.23075691938531],[19.780742376496107,42.23075374971697],[19.780884445007302,42.23076871860451],[19.780962994746996,42.23085272700165],[19.780946712893304,42.23091182833237],[19.780939683250104,42.230937345125554],[19.7808816558318,42.231011826586204],[19.78075273038453,42.23112773070384],[19.78065475297527,42.23123615860639],[19.780564917120266,42.23128472581245],[19.78047030646244,42.23134975262991],[19.780362639813028,42.231401433962525],[19.78018784463369,42.231475510472585],[19.78009723292573,42.231563697748236],[19.78008933998421,42.23158209001259],[19.78005068727477,42.23167215903897],[19.78002449875029,42.23176267445709],[19.77999831015045,42.23185318986762],[19.779990686316893,42.232018195295716],[19.780062164271527,42.23211718112518],[19.78004286766991,42.232173763179354],[19.780049209002957,42.232222515762935],[19.780113741114786,42.23227458804206],[19.780165187743023,42.23234441793204],[19.78016427373801,42.2323918780111],[19.78016714013519,42.23242073427152],[19.78017000653493,42.23244959053173],[19.78018729094216,42.23250063808465],[19.780193317741876,42.23254308561343],[19.78019011302405,42.232557411864434],[19.780180831658523,42.23259890289708],[19.780139325905438,42.23262049937428]],[[19.778564598570973,42.23682162660665],[19.778564255554603,42.23683941173603],[19.778587984438325,42.23685152964309],[19.77864296670705,42.23689956695315],[19.778752931494076,42.23699564149626],[19.778852085570797,42.237099504948226],[19.778933373691277,42.23716363946609],[19.77896219127319,42.23718767666467],[19.779028621002816,42.237194316506425],[19.77906611875713,42.23718285052135],[19.77909044549902,42.23716334018517],[19.779101828262302,42.2371258942634],[19.779105166727383,42.23709034323673],[19.77913826176422,42.2370313786013],[19.779198183579744,42.236960834333566],[19.779311375854686,42.23688888551457],[19.779357857914082,42.236826111238145],[19.779356031334224,42.236782601103066],[19.779136441109266,42.2367110621021],[19.779019787143802,42.23668608984576],[19.778888122366375,42.23661153435489],[19.778795642728547,42.236574963075114],[19.778731268407654,42.23659997949353],[19.778703591007968,42.23665504064317],[19.778627083187686,42.23675704252559],[19.778564598570973,42.23682162660665]],[[19.771443017256896,42.23243220137688],[19.771457042240073,42.23244608031272],[19.771529992123455,42.232546581594974],[19.771561381109663,42.232601427493755],[19.771621979393064,42.23267860616918],[19.771683321797507,42.232718045616714],[19.77173917081447,42.2327490449421],[19.77180638891234,42.232775970863685],[19.77186809714259,42.23279655405117],[19.771946745275134,42.23281626531338],[19.772160445275496,42.23286496988582],[19.772246630645252,42.232884563582644],[19.772340686709605,42.232931203726814],[19.772405489756196,42.232973380559315],[19.772442436500246,42.23301215336068],[19.772450174377752,42.23304542812074],[19.77243870631448,42.23306086156058],[19.772412029814383,42.23306783197692],[19.77239918899668,42.23308221544025],[19.772394757221402,42.23309461835503],[19.772394496076863,42.23310809218837],[19.772533494353215,42.2332278987954],[19.772619595494977,42.23326687352895],[19.77276948550165,42.23334788793646],[19.773168134545404,42.23350959646073],[19.773319103031955,42.23353436554137],[19.77348592718489,42.23354607943215],[19.77367510838899,42.23355306280465],[19.773793198116092,42.23355102156676],[19.773920458136796,42.23353583567899],[19.77399445030981,42.23351015955583],[19.774077516691246,42.23347629815206],[19.774357533562007,42.23329393108405],[19.774562144841155,42.23310380776178],[19.774515460885425,42.23301976642987],[19.77406775653354,42.23257109905585],[19.77355894506233,42.23198479555206],[19.773423932124643,42.231764313643986],[19.773155223498875,42.231743938786984],[19.77297903859342,42.23175357705534],[19.77291922697849,42.23176831326921],[19.772879877689327,42.23179480050202],[19.77282960212,42.23185191409369],[19.77272352078135,42.231973959152235],[19.77258587628044,42.232131982100384],[19.772541243537397,42.232164174221694],[19.772478728016072,42.23218464281678],[19.772382356317834,42.23221628109111],[19.772217975163965,42.2322837050663],[19.77201137821694,42.23239295218247],[19.77182731753843,42.23242632476281],[19.771751449326796,42.23242070497781],[19.77159634953936,42.23241424552987],[19.771523526114702,42.23242277400842],[19.771443017256896,42.23243220137688]]]},"properties":{"SIPERFAQJA":1318534,"VOL":"1","FAQE":"13","NR_PAS":"4","PRONARET":"BASHKIA SHKODËR","KUFIZIMET":"_","ZK":"2859","EMRI_I_ZK":"PALAJ"}},
{"type":"Feature","geometry":{"type":"Polygon","coordinates":[[[19.757007061583405,42.2005180633583],[19.757493972259073,42.20101839368698],[19.757595755528957,42.20103848244381],[19.757741654059412,42.201042772455075],[19.75791320058861,42.20104192054439],[19.75808131589184,42.201030183251675],[19.758215993852268,42.201047908881954],[19.758342853396044,42.20109268315351],[19.758458610925864,42.201145466340684],[19.758643045877122,42.20123153663232],[19.75884225138703,42.20130963723341],[19.758979842918944,42.20136536590198],[19.75918337072948,42.20140825001348],[19.759299500966634,42.201442050180724],[19.759368554258664,42.20146852616583],[19.759544136532515,42.20128185953204],[19.759719705836687,42.201095183478415],[19.759891324962734,42.20079903043496],[19.760023093320857,42.200625627086566],[19.76015361833157,42.20051577657263],[19.760240431612107,42.20045313952081],[19.760313324953714,42.20041816958294],[19.76038621821556,42.200383199597454],[19.760596107853907,42.200317913271576],[19.760816076649512,42.2002845321755],[19.761030625923325,42.20033951437044],[19.76109911610654,42.20034025417686],[19.761246033540196,42.20027186479287],[19.761322155498945,42.200200496085245],[19.76137101590097,42.20016917299958],[19.76144643146667,42.20015007392171],[19.761537766830124,42.20013911387519],[19.761842859398264,42.200162321173025],[19.762174896046176,42.20017785125601],[19.76226598610288,42.20017883425966],[19.76235189333038,42.20017179408017],[19.762653087755094,42.20011930040078],[19.762814111259285,42.200109091096174],[19.763213351349496,42.20017766539201],[19.763432240181185,42.20025979632916],[19.76383739387516,42.20041079580915],[19.764132338240888,42.20063922498777],[19.764177735018524,42.20095206381518],[19.764285297454222,42.201157209652024],[19.764506136764783,42.20127432514075],[19.76519077694895,42.20137093928824],[19.76619235925713,42.20149646311972],[19.766851161573012,42.201663053694425],[19.7670613299625,42.20171158576204],[19.767310586777555,42.20170323682577],[19.76740993419829,42.20169874096512],[19.76750928160698,42.201694245018274],[19.76759563934931,42.20168403688687],[19.76773430474828,42.201679963199496],[19.768087137657783,42.20164201787552],[19.76833979272348,42.2015690294554],[19.768359340072852,42.201558157317315],[19.768472327356314,42.20149533595703],[19.76860647040039,42.20133817966398],[19.768718339598585,42.20117452738532],[19.768753348858745,42.20110813187608],[19.76872347105213,42.200910260922846],[19.768719240274294,42.20074529023312],[19.768772518088493,42.20050936722545],[19.7689106833412,42.200321375240954],[19.769072778682105,42.200179831583114],[19.76919174460968,42.20010013100033],[19.769347704317763,42.20005819648298],[19.769537629759856,42.1999948221443],[19.769808486230673,42.19986691256726],[19.77011616673174,42.19978612003974],[19.77028540702882,42.19974980014808],[19.770394834770585,42.19972916930273],[19.770475270257535,42.199689538437454],[19.770538952424364,42.19964972793778],[19.77059016597153,42.1996035630482],[19.770628862990065,42.19955414012279],[19.77067588827244,42.1995079213006],[19.77072247879675,42.19948350179105],[19.770771599738815,42.199477195350866],[19.770861775851046,42.19948530969329],[19.771157768955806,42.19953575321505],[19.771648719257783,42.19961980165809],[19.77180022176061,42.19970720862039],[19.7719506398075,42.19985063516825],[19.772213358985606,42.20009206728657],[19.77241544500459,42.20024158280441],[19.772556751342908,42.20037236158314],[19.772712123294355,42.200519612173736],[19.772844680154066,42.20065335781477],[19.772942390838107,42.2007990368995],[19.773022677620155,42.200883465738556],[19.773167314294362,42.200959274276165],[19.77324063317977,42.20094578055858],[19.77341989625146,42.20082202320344],[19.773552154212677,42.200743468514986],[19.773828255399202,42.200609564867364],[19.7739524082503,42.20052496342815],[19.774070079442136,42.20042803120624],[19.774523234320093,42.20023173145753],[19.774591652702714,42.20022553953471],[19.774703216214757,42.200235958923955],[19.774814411162925,42.20026482933973],[19.774909609254195,42.200318915764946],[19.774988932513267,42.20039127863476],[19.77508651700708,42.20048230054291],[19.775184891648436,42.20053180239334],[19.775308697483304,42.2005515794591],[19.775429526045603,42.200564401702565],[19.77553141289428,42.20059318104887],[19.775592686297237,42.20063536356754],[19.775816681405853,42.20093306262879],[19.776199298751227,42.20141851691223],[19.77738264226988,42.201816568589],[19.778162061955655,42.201932165543745],[19.778330297611294,42.20198575779375],[19.778493558228433,42.20203929681449],[19.778636775286994,42.20210002220421],[19.77879903919642,42.2022053414013],[19.77889709857254,42.202284076739254],[19.778999777199246,42.20238137024935],[19.779089930208634,42.2025374695232],[19.77912046858605,42.20257258013757],[19.779185326005816,42.20260806503247],[19.779285095126454,42.202613772176186],[19.77940973682246,42.20262437119377],[19.780999738033795,42.202842872903],[19.779660428956042,42.20357265831746],[19.781178523314775,42.20397300760742],[19.781665204405584,42.204128591499824],[19.781784759731796,42.204161469042035],[19.78196482769761,42.20421098648001],[19.782063133366254,42.20423440153463],[19.782053599902106,42.204285677400755],[19.782043605715316,42.20433887490191],[19.78204207035808,42.20441880053438],[19.78204711233791,42.20446771047996],[19.782051557127218,42.20454770861518],[19.782052756040475,42.204640986935],[19.782054338621545,42.20471429284708],[19.782113847062416,42.20489165221854],[19.782139351159586,42.204965212128236],[19.782162066367146,42.20502763337238],[19.78219093262789,42.20508123448368],[19.782216905910918,42.20513037565684],[19.782251923273883,42.20517515662321],[19.782283993019274,42.20521769167717],[19.782321872577928,42.20526917383854],[19.782361919006515,42.2053768003821],[19.78237865416548,42.205439158095054],[19.78237758814044,42.20549466500304],[19.78237079752963,42.205536787484824],[19.782366783980386,42.20559003949106],[19.782374397202375,42.2056494645857],[19.782395584455486,42.205737247515195],[19.782045680843343,42.20561817484495],[19.78170502782239,42.205615133154126],[19.781325773818793,42.20573045888169],[19.78113823337474,42.205825053564574],[19.780832710122787,42.20596412644289],[19.780657393555842,42.2060816175044],[19.780517921566837,42.2062637670205],[19.780436184044593,42.20633634906931],[19.78002957139808,42.2064962658727],[19.779786192744574,42.20655691025004],[19.779557695398072,42.206559052386396],[19.779265121918396,42.20650378757546],[19.779157024984944,42.20650263703485],[19.779102939560786,42.20650492411718],[19.77906031714385,42.2065130767707],[19.7789426714589,42.20658081928144],[19.778614838483975,42.20676372477396],[19.778439092969457,42.20686795621643],[19.778123840810995,42.20714245031992],[19.77769152893421,42.207428245540775],[19.777174062776275,42.207715922039725],[19.776817525485015,42.20797324574805],[19.776711546197536,42.208031657770995],[19.7766059961414,42.208067190012535],[19.7763728099962,42.20807796315245],[19.776273733884267,42.208106182134244],[19.776174657685832,42.208134401029135],[19.77601562956647,42.208205885085256],[19.775598188386112,42.208391714635155],[19.775253461296646,42.20870472269553],[19.775043982349047,42.20903258789615],[19.774853195569307,42.209350551596195],[19.774573469078256,42.20977033682718],[19.773758651662153,42.210443357501205],[19.77342864298817,42.21064676831397],[19.772895587740955,42.21090851150058],[19.77217542771399,42.21122247115733],[19.77135764267455,42.21157898841047],[19.771168311286452,42.21138575692166],[19.77082160335185,42.211120745505404],[19.7703686388857,42.211026666877395],[19.769339978026345,42.2109710179445],[19.768884901039755,42.21098525535204],[19.768638572643397,42.210973140460226],[19.768364980804993,42.21095005536561],[19.7681637914116,42.210919546013734],[19.767968038290757,42.21088909470469],[19.76775594101593,42.210858458464436],[19.767571017998804,42.21083217393759],[19.767462127317422,42.21082290161603],[19.767341776888948,42.21084186376625],[19.76733643724522,42.21084369689525],[19.7671935313099,42.21089292579833],[19.76707214478361,42.210964522887906],[19.76699936740235,42.2110609490481],[19.766925105427074,42.211234303182614],[19.76688962267397,42.21137568336184],[19.766864666631903,42.21153742322456],[19.766803112040414,42.211617765491646],[19.766654391539753,42.21169311933239],[19.76646220582935,42.21175991231331],[19.766336550640172,42.21177071413928],[19.766255160521126,42.211749583151246],[19.766179691561113,42.21170421817875],[19.766077181722242,42.211646408932054],[19.76592498291493,42.21162047380311],[19.76579427400334,42.211610965137474],[19.765723991425336,42.211618311028325],[19.765548345624673,42.21163666721702],[19.765328420355154,42.21172745735581],[19.765180250030202,42.21177446647452],[19.765005457258702,42.21178878891191],[19.76488572358112,42.211775346283446],[19.76482692795607,42.21171396455824],[19.76480685890843,42.211624642142205],[19.764797923147796,42.21152328630899],[19.764744733916732,42.21145386270907],[19.764658357869834,42.21140837926709],[19.76452545017098,42.21135887457794],[19.764266563305885,42.21127222773647],[19.76393746419772,42.21122352520691],[19.763495341056384,42.211180058056065],[19.763207633541725,42.21123501279456],[19.763012682005638,42.21143287289844],[19.76288721235376,42.211631482124346],[19.762675274576527,42.21180980314543],[19.76245904592728,42.21189771085111],[19.762120672182707,42.21198277850381],[19.761707312063415,42.212014614313986],[19.76128466719275,42.211965695389466],[19.760419526133255,42.21172385116187],[19.760368594095578,42.21149714108858],[19.760338617766458,42.21117602369974],[19.76034026746512,42.21064893888832],[19.760388062392668,42.21041803838243],[19.760460545210975,42.210251691184666],[19.76059335914117,42.2100988514005],[19.76072742895761,42.20988173849639],[19.760808064103223,42.20974119015749],[19.7608100741235,42.209638367825086],[19.760812084309265,42.20953553649027],[19.760813968859857,42.209439131549566],[19.760824132670454,42.20936210831993],[19.76084308011776,42.20933503558667],[19.761062500572894,42.20902151878914],[19.761581593293293,42.208636886339676],[19.762034987640156,42.20836760209188],[19.762175089714113,42.20826653118657],[19.762895540456775,42.20762137388384],[19.763041041650006,42.20747802156898],[19.763585570175415,42.20694149462045],[19.76398441870911,42.20632001440687],[19.764148910493336,42.2056755001746],[19.764286041308896,42.20509520250577],[19.763307799620378,42.20509631722341],[19.76281355867261,42.20508685499902],[19.762169373747152,42.20507578152304],[19.761974268937212,42.20559298278374],[19.76191663756876,42.20566339012537],[19.761864565755836,42.20573804359633],[19.761829170232247,42.20582123135118],[19.761799183463367,42.20591700890982],[19.761718487135273,42.206016425146906],[19.76166059808837,42.206099369999485],[19.7616079424623,42.2062032570363],[19.76151101659409,42.20627184450926],[19.761390994918244,42.20635676502167],[19.761011472079133,42.206490556606155],[19.760892710914913,42.20652269978224],[19.7608196590163,42.20651773341144],[19.760746794611602,42.20650441473696],[19.76061783624129,42.206482126606815],[19.76053412158945,42.20644779584192],[19.760439650497126,42.20638827691687],[19.76039683687153,42.20631505632593],[19.760114671204366,42.20603377638402],[19.759660399095036,42.205580911300395],[19.759716298903733,42.205412215506165],[19.759729111305468,42.20529515100814],[19.759734443897777,42.20520143903198],[19.75978963172871,42.205070968946806],[19.759811537671197,42.205026931704545],[19.759829780230852,42.20499065998164],[19.759865653858572,42.20494937546562],[19.75989440409546,42.20491322634561],[19.759912493766855,42.20488476709282],[19.759920165171003,42.20485099177426],[19.759896594297178,42.204801250393515],[19.759821320613494,42.20458994093377],[19.759589739892515,42.204519171027776],[19.7588999746267,42.20427669109165],[19.758425940334313,42.2040939511595],[19.758123843285503,42.203977492658915],[19.757961732554207,42.20418606184037],[19.757803597626516,42.204268900440795],[19.757644749892695,42.204388713214875],[19.757480556311705,42.20474420631709],[19.757408557565395,42.205017389231884],[19.757420386470205,42.20509343513647],[19.757511128508913,42.20522374751737],[19.757628681438657,42.20534714826891],[19.75764872128618,42.20545959901148],[19.757647363413454,42.20552889424701],[19.757600258734733,42.20566371800325],[19.75745582195571,42.205777681937],[19.757226772954724,42.20588591260084],[19.75695431931899,42.205955564994184],[19.75679791074303,42.20600008840691],[19.75665354865197,42.20611074822539],[19.756589664716994,42.20619587612867],[19.75657509391773,42.20625843829969],[19.756578254678292,42.20632447859459],[19.756612750539006,42.206377669984676],[19.75666053494534,42.20643430031619],[19.7567745515711,42.206511444962615],[19.756874184922147,42.20666013818682],[19.756801872334286,42.2066347686961],[19.756735820615347,42.20662912839478],[19.75664978187366,42.206628195735256],[19.756530873891666,42.20661707598249],[19.756326228396844,42.20659028944581],[19.756034544433586,42.20655799433481],[19.755421463979143,42.206376137545035],[19.75487031180405,42.20627499964289],[19.754738258240458,42.20627356600961],[19.754612501338034,42.206286919613696],[19.75451948079348,42.20631534758568],[19.754426171222505,42.20635848235968],[19.754110700671657,42.20647442858566],[19.753559810219627,42.206610709046835],[19.75311003274009,42.2066450529985],[19.752795698149765,42.20667597973412],[19.753102734785486,42.206349350961595],[19.75329181697774,42.20609173047421],[19.753380335151345,42.205915416191345],[19.753359404035884,42.20548350278928],[19.753316928972872,42.20502404172278],[19.753278807086808,42.20471761573541],[19.75331493988082,42.20431359094808],[19.753999756382363,42.2037563080204],[19.754830878724913,42.20327468159321],[19.755308957150284,42.20295697931959],[19.75536106363036,42.20290982270428],[19.75543652042984,42.20280498858291],[19.755431165343058,42.20270769486332],[19.755411932900476,42.20257162098575],[19.75543934704862,42.20228592816572],[19.755456708353798,42.20214042065922],[19.75549524808642,42.202027515804254],[19.755570539070643,42.20189343076765],[19.75561528266973,42.20183456295612],[19.756027791901946,42.201563283092625],[19.756300407918044,42.20131344120492],[19.756351855952985,42.20124912728328],[19.756458788792482,42.201107885665834],[19.756493041342647,42.20104553683545],[19.75652377413178,42.20097497559547],[19.756717840399915,42.200808031028345],[19.757007061583405,42.2005180633583]],[[19.76992008379148,42.202422641647566],[19.77032571481368,42.20264730854315],[19.77081859754543,42.20321059167957],[19.771142266450383,42.20367567943483],[19.771157324640246,42.2038058544032],[19.77117237095435,42.20393602023724],[19.77120849138893,42.20403528131052],[19.771239835964618,42.20410357673511],[19.771818906785445,42.204057753620646],[19.77209312911885,42.20399679914911],[19.772270924287,42.20389313947711],[19.772392095257402,42.203816655108966],[19.772501613710354,42.20376227299992],[19.772659575249634,42.203716736450694],[19.772746446452945,42.20367322080958],[19.77281520566296,42.20359894793798],[19.772842399513635,42.203546457416714],[19.772862339079257,42.20348278022983],[19.772900539658433,42.20344152550138],[19.773005402824065,42.20343431104903],[19.7731579565738,42.20347483357379],[19.77337360599903,42.20354103053947],[19.773604594566386,42.20358794578074],[19.773972046080242,42.203644718620176],[19.774162759383255,42.20364675703261],[19.77432803987413,42.20360962368547],[19.77448129272103,42.20361404301904],[19.774659937325232,42.20366039684198],[19.774860787207185,42.203718105622535],[19.775042999937682,42.20377283324807],[19.77526327892973,42.20382517629437],[19.775356503366275,42.20384006251065],[19.775498761449832,42.203833254045854],[19.77576688652563,42.20377179356284],[19.77605242132154,42.20370538682477],[19.77618753155833,42.20368182865581],[19.77637119248807,42.20366157005253],[19.776177768580176,42.20350888607306],[19.77576690844832,42.20316237161775],[19.775618308582512,42.20303053770021],[19.77549361166733,42.20291244447702],[19.77519891559243,42.20279260793324],[19.7748677534316,42.202739710607496],[19.77418558614969,42.20272345565167],[19.773666181100737,42.2027043997342],[19.7734244658075,42.20271079956652],[19.77288066537835,42.20272292483311],[19.77244597016647,42.20271379011537],[19.7717410870679,42.20275014900293],[19.771616484901497,42.20274881461832],[19.77150322561914,42.20274760158904],[19.771156105037544,42.20272986631773],[19.771027955666348,42.20271726721086],[19.770896331307423,42.20268780510819],[19.770810694755493,42.20262516646781],[19.770595641861245,42.20250726989803],[19.77022369158688,42.202427616755095],[19.76992008379148,42.202422641647566]]]},"properties":{"SIPERFAQJA":1843390,"VOL":"1","FAQE":"25","NR_PAS":"22","PRONARET":"BASHKIA SHKODËR","KUFIZIMET":"_","ZK":"2859","EMRI_I_ZK":"PALAJ"}},
{"type":"Feature","geometry":{"type":"Polygon","coordinates":[[[19.740877551280324,42.20860558657644],[19.74121404542497,42.208754723700125],[19.741382780388008,42.208805053647595],[19.74216210115675,42.20908831271792],[19.74241953100197,42.20914876029575],[19.742651685154872,42.209180113370905],[19.742819951815374,42.209172352264204],[19.742936498791263,42.209164033073726],[19.743105336446813,42.2091274699657],[19.743183677041912,42.20908991498613],[19.743276458202104,42.20897568226596],[19.743355369631903,42.20890931657789],[19.7434913232971,42.20858167645621],[19.743598959891354,42.208371577056575],[19.74369364205634,42.2081613266498],[19.743802394646114,42.207893614568526],[19.74388396763825,42.20769282602303],[19.743952990938155,42.20747269774677],[19.74400889399395,42.207262031363086],[19.74406478473403,42.207051355806534],[19.74415984358443,42.20682190685057],[19.74426668993137,42.20665021156991],[19.74435947759012,42.206535977984906],[19.74463420159271,42.206375725696546],[19.74479010174134,42.206339009464365],[19.744984017049052,42.20634113146952],[19.745099228106326,42.206400025779516],[19.745149425034437,42.206477401928126],[19.745148094784444,42.206544608704164],[19.745288227208828,42.20665178556818],[19.745378138586425,42.20668157696962],[19.745507052257935,42.206702198280404],[19.745649251211827,42.20670375350096],[19.745777025243967,42.206781986756994],[19.745813901981386,42.20687841918804],[19.745876269668084,42.20699435057556],[19.74595156722027,42.20711041429682],[19.746063754156246,42.207322928455355],[19.74614855143981,42.20761197001662],[19.746113406837335,42.20791217772406],[19.74591963759564,42.20833825187159],[19.7455792126967,42.20879730919506],[19.744929803380728,42.209356026808415],[19.744302490428744,42.20983852477798],[19.744013178405837,42.20993971336796],[19.74357437994277,42.21009317943442],[19.743344588172782,42.21025888169903],[19.743398845685586,42.21039718661495],[19.74345424661595,42.21047171268134],[19.743622345404933,42.210600281643565],[19.743706383037313,42.21066456140174],[19.743847077649125,42.2107400305032],[19.743944516641,42.21084669634518],[19.744027718168482,42.21095320619524],[19.74409691555135,42.21104900276798],[19.744152108513333,42.21113409508853],[19.744235113530312,42.21125117150623],[19.74431581843315,42.21148437225314],[19.74431393611781,42.21157939047794],[19.744281522500035,42.21177968213754],[19.744279640113838,42.21187470035615],[19.744277548384662,42.211980285153246],[19.744275665979284,42.212075303368366],[19.744272737596802,42.21222311847806],[19.744242427401673,42.212317825443044],[19.74416967229171,42.21240151679264],[19.744040455670756,42.2124634610842],[19.743925871163523,42.21250444573732],[19.743769493799658,42.21250273305593],[19.743641753556567,42.21249077398838],[19.743318295195976,42.21230770359507],[19.743192648826557,42.21219016828419],[19.743095442850702,42.212072935507464],[19.74299905049006,42.211913472087566],[19.742888247400593,42.21176441950636],[19.742819469899466,42.21164750708146],[19.74275068054083,42.21153059448366],[19.742639681550397,42.211392090375746],[19.742486005814197,42.21125311825564],[19.741972743174355,42.210901426602305],[19.741932287401394,42.21087751347521],[19.741921004289136,42.21075533453202],[19.741923224540002,42.210643467467065],[19.74192584848909,42.210511259296396],[19.741968957509954,42.21041001349044],[19.741998159435116,42.21031879689874],[19.742041054439852,42.210227712478385],[19.742124018227013,42.21018794932663],[19.742234569657782,42.21013829787822],[19.742331654136787,42.210078325886336],[19.74238763574223,42.210017912133004],[19.74238904800526,42.20994672725199],[19.74232059649105,42.20987456024434],[19.742133596813314,42.20985353239277],[19.741997687712846,42.20983306462322],[19.741862029868475,42.20979994200597],[19.741786010086276,42.20976746447789],[19.74160011682402,42.2096895074061],[19.741489640080328,42.20967563778833],[19.741396084000495,42.20966828246603],[19.74128535606474,42.20966706733802],[19.741191901281653,42.20965339324184],[19.741089684392183,42.20965227133586],[19.74095403953962,42.2096191477879],[19.740767029192728,42.209598108589894],[19.740592128315708,42.20948868998036],[19.74047457239782,42.20943072868003],[19.740254796205623,42.20939683342445],[19.740144476448627,42.20940191439061],[19.740017570585177,42.2093879259073],[19.73994191224558,42.20935561317242],[19.739858643221012,42.20927914078067],[19.739792323829924,42.20920284556054],[19.739752066103833,42.209095364103824],[19.739736869186466,42.209007036137265],[19.73976418225382,42.208912891553524],[19.73978324694505,42.20880605290319],[19.73971645167831,42.20875494125981],[19.739631931964908,42.20874142709058],[19.73955538648421,42.208753171341364],[19.73941090686534,42.20877047962792],[19.73935194847713,42.20875093547178],[19.739318914454227,42.20870649638723],[19.739277769532688,42.20864307199696],[19.739202488020094,42.20859187577592],[19.739109995179195,42.20855307572002],[19.73900005244502,42.208539272594436],[19.738855698520062,42.208550279849995],[19.738744616305926,42.208593143372546],[19.738650507610103,42.20863617544809],[19.73856447302047,42.20869820139],[19.738503635774315,42.20877308983119],[19.738417111781438,42.208860299129775],[19.738322238355202,42.20894111480111],[19.738228128679513,42.208984155517236],[19.738032150029248,42.2090323680653],[19.737871209495097,42.20902430443945],[19.737803639219624,42.20901096643498],[19.73759277963011,42.208877282039296],[19.737459018745966,42.208781356009446],[19.73729099586585,42.20870394876829],[19.73711473759835,42.208613856176804],[19.736988461147153,42.208568389710685],[19.736776662841464,42.208559755495706],[19.736623959401218,42.208564375268715],[19.736249214325486,42.208648389778126],[19.73615534247458,42.20867884599006],[19.73606934174934,42.20874087042637],[19.73597381374863,42.20885315849716],[19.735886431864916,42.20898442340429],[19.735816351179643,42.209096991803634],[19.73576309400122,42.20921603830873],[19.73567543563498,42.209359903423525],[19.735561976249194,42.20952237116311],[19.735466847225588,42.209615767054494],[19.7353122573543,42.20971480894333],[19.735141321432653,42.20978218880147],[19.734979512176853,42.20981818751103],[19.73481809172937,42.2098353031482],[19.734673973484238,42.209833713304974],[19.734547205992993,42.2098134185826],[19.734454564332896,42.20978091485191],[19.73435285598421,42.20977979255079],[19.734242660848484,42.209778576500426],[19.73411537860557,42.20978346446455],[19.73403048170661,42.20978882913678],[19.73395343085998,42.20982576190828],[19.733868282571297,42.209843709104696],[19.733774659360385,42.2098615716774],[19.733706711905956,42.209867114227556],[19.733459193580636,42.209876336461235],[19.733207364794872,42.20983402556471],[19.732956550376233,42.20977066860082],[19.73286514447898,42.20961520382892],[19.732978125328927,42.20959698868794],[19.733111831218462,42.20959846564956],[19.73320521727033,42.20960942682985],[19.733244941962198,42.20962972497627],[19.733311385910497,42.20965032720253],[19.73341793948005,42.20967136332936],[19.73359175495051,42.20967328265867],[19.73381964049785,42.20964600955441],[19.734014773511124,42.20959916326189],[19.734293031897955,42.20949494315157],[19.734378658586635,42.2093723384703],[19.734465887721164,42.20916944957497],[19.734484371615984,42.20907699133423],[19.7344869608025,42.20894729463558],[19.734496868611885,42.208867102123115],[19.734507035014886,42.20877456110355],[19.734566857999614,42.208694910311536],[19.734618117013465,42.20862752536554],[19.73474444033093,42.20854861713224],[19.734878722911358,42.20848832359004],[19.73520628178211,42.208378712404276],[19.73530766466066,42.20829952851198],[19.735393410902503,42.20817074867817],[19.73545321991045,42.20809110625996],[19.735580427742942,42.20796895907898],[19.735630810789832,42.20794480277587],[19.73571421558707,42.20793337081729],[19.735813749864846,42.20794681930174],[19.735896539043125,42.20796625882669],[19.736154577994213,42.20795675113065],[19.73626356161586,42.20791471322203],[19.73634001550008,42.207835253730174],[19.73637499513261,42.20774915257854],[19.736359591956475,42.20768721706775],[19.73636082321452,42.20762544681807],[19.73638686998067,42.20757014365184],[19.736437633706245,42.20752746414239],[19.73659029549177,42.20751083488318],[19.73665786059896,42.207511579116606],[19.736709832828815,42.20751215156653],[19.73677183175838,42.20753214468124],[19.736942483428862,42.20757648863086],[19.73706204511845,42.20757780521551],[19.737135329863708,42.207551595793994],[19.737157116079775,42.207501638006995],[19.73714780536869,42.20744748477843],[19.737148497256335,42.20741275193923],[19.737154383082412,42.207378058282536],[19.737191223664407,42.20735530060125],[19.73723830966031,42.207340379810105],[19.737306194334447,42.20732567897373],[19.73736909171763,42.20729934604233],[19.737400969126547,42.20726495650362],[19.7374330004766,42.207222835544854],[19.73744439903118,42.20717277235437],[19.73743476841753,42.20713406383051],[19.73741987982252,42.207099141472064],[19.73743615222054,42.20706458013952],[19.73747812146315,42.20704573186931],[19.73756150935908,42.2070350725863],[19.73765481128093,42.207047676662356],[19.738126010513014,42.20713062491265],[19.738333709320912,42.207191083656525],[19.73854098626829,42.20727093766754],[19.738709715092433,42.20732127147936],[19.738826434853088,42.20736133753134],[19.739072876958563,42.20744161222613],[19.739279806455514,42.20754085236259],[19.73947367407562,42.207639939570974],[19.7395894068984,42.207728481201585],[19.739652949769386,42.207816440227155],[19.73971569759024,42.207943182041134],[19.739779035861563,42.20804084338825],[19.739842193741318,42.208148198356525],[19.739945262800102,42.20821720020555],[19.740100354493187,42.20829646906893],[19.740281752645366,42.208366340017676],[19.740489252924554,42.20843648831736],[19.74068351031889,42.208516186478754],[19.740877551280324,42.20860558657644]]]},"properties":{"SIPERFAQJA":189842,"VOL":"1","FAQE":"43","NR_PAS":"20","PRONARET":"BASHKIA SHKODËR","KUFIZIMET":"_","ZK":"2859","EMRI_I_ZK":"PALAJ"}},
{"type":"Feature","geometry":{"type":"Polygon","coordinates":[[[19.737116924637586,42.1903592537942],[19.73718453598541,42.190291084228186],[19.737385421894736,42.19018501392719],[19.73747896277818,42.19014665773202],[19.7375855482246,42.19011829373939],[19.73773207543158,42.190080529496676],[19.737878406555268,42.190052611618256],[19.73801108130412,42.190044222716416],[19.738156824979274,42.19004582614363],[19.738249557757307,42.19004684626477],[19.73832944142194,42.19002803655964],[19.738435646757477,42.19001936501396],[19.738515114680965,42.190020239024335],[19.73856714690195,42.19007003680486],[19.738722021657814,42.19027847281611],[19.7388264542542,42.19035837479168],[19.738943932072722,42.19044826880389],[19.739087316960884,42.19056797561696],[19.73919195813053,42.19063803984397],[19.739283909373718,42.1906784273724],[19.73938893002845,42.1907288071743],[19.73948069796509,42.19077904123955],[19.73951809745281,42.19089759173391],[19.739443238988013,42.19132992320273],[19.739451406330364,42.191585980343994],[19.73939626664565,42.19169366512859],[19.739380275143503,42.19183130826463],[19.73941844548035,42.19191048141697],[19.73952211120471,42.19202976014417],[19.73966551280802,42.192149466397545],[19.739671408136964,42.19231093653743],[19.739743106421457,42.19233315922191],[19.73981449731067,42.1923714659057],[19.73985672668953,42.192425521587374],[19.739884291516056,42.192490147097196],[19.73985936251416,42.192656022880385],[19.739857765696193,42.192736397427346],[19.739926483829915,42.19290865848941],[19.739968795831437,42.19295735856213],[19.740182959334252,42.19307226894944],[19.740276004730536,42.193110804181536],[19.74040500018419,42.19315509960565],[19.740512342732384,42.1931991481218],[19.740892586272878,42.19334917187259],[19.740934367419495,42.193424666122596],[19.74092545167699,42.19351032581144],[19.74088833134571,42.19356351005465],[19.740858601037896,42.193606062467886],[19.740813202924276,42.19371275653647],[19.740826673095782,42.19376113965899],[19.740876224348465,42.19380991886456],[19.740932539675132,42.19388021618687],[19.740981003130965,42.19398258412526],[19.74100041112165,42.194095337060176],[19.740963053584856,42.194325120206614],[19.740932675502506,42.19439479897171],[19.740931072264345,42.19447556054929],[19.740936695000098,42.19455640144533],[19.740928079464073,42.19462631909112],[19.740890652764616,42.194685144510004],[19.74082380965413,42.194765189900224],[19.740772120268513,42.194813091747235],[19.740684072823644,42.19486597787157],[19.7406472871682,42.194892500378714],[19.74061733613458,42.1949406408289],[19.740608589100354,42.19501594047877],[19.740706112872225,42.1952162629106],[19.740704081464592,42.19531857168567],[19.74069426558541,42.19544770337502],[19.740662203937344,42.1956118804984],[19.740632359438774,42.19565463863884],[19.740615922185274,42.195751396753],[19.740613997830664,42.19584830521088],[19.740582442536695,42.195977207183674],[19.74055131482836,42.19608457093185],[19.740520709526216,42.1961650140219],[19.74049715266856,42.196256310455645],[19.74038345520325,42.196520994816765],[19.74038131645949,42.19662867685716],[19.74037960549182,42.19671482068791],[19.740407003189652,42.19679590070728],[19.740441639302958,42.196877060207235],[19.740493253266752,42.19685865878874],[19.74060514779765,42.196832312881234],[19.740624251073804,42.19680494807385],[19.740699854893947,42.19673684626596],[19.740813093081346,42.196641592011034],[19.74088924383924,42.19654592151956],[19.740946814446676,42.19645004702341],[19.74098530611241,42.19638153763699],[19.741041781890168,42.19634080019542],[19.741116563943958,42.19631404642664],[19.74115366318297,42.19631445360229],[19.741208795110342,42.19634263323178],[19.74122543590549,42.196439313318926],[19.741224068022404,42.19650823020834],[19.741259537955912,42.19659134315118],[19.74129528165037,42.19666066730503],[19.741349581216124,42.196730195070664],[19.74144099253116,42.196800130030624],[19.741551221218568,42.196856488599],[19.741772262636996,42.19694162826262],[19.742006883835785,42.19713015674191],[19.742063768300397,42.19720004560844],[19.74213266495034,42.19725274543257],[19.74221320609988,42.19730557290861],[19.742386815397083,42.19736809018125],[19.742502130546338,42.19742995909982],[19.74260581378368,42.197491691385345],[19.742662711334674,42.19756158009635],[19.74271943735072,42.197640127271825],[19.742855847933953,42.19781477591441],[19.74293672137977,42.19785029477845],[19.743109634716763,42.197947426816675],[19.743189675056218,42.1980262202337],[19.743281188366538,42.19811380867569],[19.743521585757073,42.19836933066581],[19.74361087085314,42.19856943426341],[19.74359580831634,42.198742431704574],[19.743523123748748,42.19888015644024],[19.743413103257158,42.19913869029253],[19.743304956692487,42.199302007481556],[19.743126549377962,42.19948186640263],[19.74298628724089,42.199585595133975],[19.74280102729314,42.199685967699445],[19.74269973518166,42.199608480495115],[19.742616444748247,42.19956591305086],[19.74253301699924,42.1995302759382],[19.742441082445605,42.199452891093436],[19.74235903155356,42.19934784194359],[19.742295532987796,42.19924993706739],[19.742203874408773,42.19915867325591],[19.742092813805375,42.1991019100935],[19.742009386964078,42.19906627260923],[19.741945362571748,42.19899613437374],[19.741900003524474,42.19892620984125],[19.741816990069577,42.19886975404931],[19.741650137227484,42.198798487629745],[19.741445630259523,42.19874068960796],[19.74119386063308,42.198710154136776],[19.74104445800613,42.19870157346235],[19.74088558498775,42.198699829532366],[19.740763677449713,42.198719322922756],[19.740622642487804,42.19875943787205],[19.740509953810346,42.19878597311388],[19.740388459692497,42.19878463894065],[19.740276987854692,42.198748692206145],[19.740147678198706,42.19867089502941],[19.740046666726453,42.19857952676143],[19.739983852359394,42.19838403239413],[19.739916598346596,42.198005577116696],[19.739710562355395,42.19783667777839],[19.739607428526966,42.1977577722158],[19.739518605662962,42.197712359962594],[19.739384458408935,42.19768865858983],[19.739160825973833,42.197652882384276],[19.739012195954935,42.19760680328635],[19.738878490681962,42.197560897097546],[19.738730278488212,42.197492613144576],[19.73856736286564,42.197413058253225],[19.738388799810757,42.197366649148016],[19.73814955746083,42.197364017400226],[19.737409931806024,42.19689442069178],[19.737157036961584,42.19654937180916],[19.737147558573348,42.19625199698168],[19.737150745126332,42.196091968192654],[19.73726117844749,42.19595598640638],[19.737370509760876,42.195877158051076],[19.737464204807516,42.19580959061232],[19.73752780172301,42.195707392412714],[19.7375604025189,42.19561628615725],[19.737577607123082,42.19552500143424],[19.737704572286336,42.19533203547886],[19.737752556725738,42.19524109846085],[19.73777022784556,42.19512696156664],[19.7377584715454,42.19494390201288],[19.73774673950801,42.19476084271946],[19.73778091976207,42.194589721807546],[19.73783346508491,42.194270172182975],[19.73786787245301,42.19408761158858],[19.73790349155034,42.19384292925437],[19.73784397948991,42.19373937615595],[19.737798953542406,42.19368171499136],[19.73776955096867,42.19361279259927],[19.737786766762703,42.19352150793553],[19.737865516800902,42.193430918394824],[19.73792842843199,42.193363002800595],[19.737928883148907,42.19334015052741],[19.73790384132043,42.193228514404844],[19.737900605919528,42.1932140658464],[19.737863370507817,42.1931348124716],[19.737864380097875,42.193084076643956],[19.73783654381872,42.193011282429616],[19.737622909951575,42.19295818447497],[19.737515732439057,42.19294975785813],[19.737427933670606,42.19294879144506],[19.737221169916708,42.19304075318311],[19.737191182179682,42.19307666698765],[19.737161037869356,42.193119835052734],[19.737121571029416,42.193141150494434],[19.73705256137892,42.193176634616165],[19.736945239305438,42.19317545286388],[19.736886995352226,42.19316030849963],[19.736838494770392,42.19314527140672],[19.736769917864848,42.193159019153924],[19.736383465682657,42.192585905183314],[19.73630750009562,42.192407863600295],[19.736296992247937,42.1922699199702],[19.73628610419349,42.19215166955874],[19.73627461590342,42.19206294064379],[19.736276576757383,42.19196452019989],[19.736305816190313,42.19182701447037],[19.736347144219998,42.19174870714102],[19.736389036045654,42.19164087789165],[19.7364044456957,42.19153276589215],[19.73640679861324,42.19141465234195],[19.736408563247295,42.19132606942772],[19.736449866423964,42.19124777078244],[19.73650366265768,42.19120897756146],[19.736543997462544,42.19117989374574],[19.7365977691956,42.19114110921247],[19.736705740977435,42.191043847371],[19.736841161794732,42.190897671180416],[19.73692301898314,42.190780433122974],[19.736991806788073,42.1906532113887],[19.73703408866991,42.19052569775964],[19.737061574167264,42.19047677485657],[19.737116924637586,42.1903592537942]]]},"properties":{"SIPERFAQJA":260418,"VOL":"1","FAQE":"44","NR_PAS":"41","PRONARET":"BASHKIA SHKODËR","KUFIZIMET":"_","ZK":"2859","EMRI_I_ZK":"PALAJ"}},
{"type":"Feature","geometry":{"type":"Polygon","coordinates":[[[19.768738743398256,42.16418421829264],[19.768788047994068,42.16427811268929],[19.768963771989494,42.16461274996686],[19.769175777134546,42.16556778913769],[19.769015505824893,42.165925117032884],[19.76946535293957,42.16648555224042],[19.769621136459527,42.16680869434236],[19.7696869703587,42.1669452665175],[19.769911544323183,42.167252554333245],[19.77039346304225,42.16744071535494],[19.77116144863449,42.16776888554285],[19.771725001500418,42.167519708684125],[19.772462137001106,42.16781342928677],[19.772736480910215,42.16819747750083],[19.772770640193407,42.16823018901636],[19.772036414869866,42.168458863855136],[19.77174610212053,42.168543197223215],[19.771475783172654,42.16869929601597],[19.771384729708657,42.16898450193591],[19.77135658218002,42.16933398435761],[19.771308285617856,42.16961965713842],[19.771258604055717,42.16997685806298],[19.771189081008572,42.17025434516159],[19.77098090356004,42.17051445728568],[19.770176949541554,42.171041121467375],[19.76959218324684,42.17147433543978],[19.768379733604096,42.17224983624103],[19.767719232692297,42.17278960031536],[19.76684816110209,42.173658344432965],[19.766497470914388,42.17409969403858],[19.766043301079392,42.174515991738005],[19.766049492140393,42.174390527338204],[19.76593001745792,42.174196822404824],[19.765730835379035,42.174038629859716],[19.765475136293297,42.173917108127476],[19.764757028807583,42.17356222261869],[19.764201213583902,42.17323824928942],[19.76419811424253,42.17323644240445],[19.76389774280673,42.172886051161576],[19.763842703930415,42.172556569287515],[19.763849463525077,42.17220947824892],[19.764201459455293,42.171802153181446],[19.764696782686833,42.17160650724795],[19.765322033067815,42.171293136434],[19.76534202498518,42.17089372098207],[19.76537029297433,42.17006753127706],[19.76521274240304,42.16937556747478],[19.76505268355198,42.16885003294166],[19.76543885962747,42.16795628753884],[19.765553316957313,42.16748692158593],[19.765555192445856,42.16681915278422],[19.765505866880577,42.165936122749784],[19.765506686112037,42.165893990757844],[19.764476167549486,42.1655319596813],[19.764201721308208,42.16543234329992],[19.76396487870021,42.16534923696492],[19.763651172851407,42.16531766042041],[19.763255406083736,42.16532548461435],[19.762994778820044,42.16535086131782],[19.76281253258581,42.16537666869072],[19.762648710352245,42.16541269431443],[19.762517935061403,42.16538293467807],[19.762455272231207,42.16533659787791],[19.762390334621326,42.165307017203105],[19.762138759351522,42.165256013192845],[19.761729227299096,42.165163053382486],[19.761436718279516,42.16515721274141],[19.7610211745959,42.16518761007645],[19.760502899818846,42.165193543369206],[19.759765160466692,42.16524548129069],[19.759242176685756,42.16527438642127],[19.758600196986237,42.16532966621438],[19.759147373308828,42.16494525505741],[19.759974315022355,42.164476433317965],[19.760628763578694,42.16405402257202],[19.761301118562294,42.1637026152584],[19.76169226416929,42.16316249161096],[19.76251726298932,42.16288556418042],[19.763038449509136,42.16282670927572],[19.76313333189415,42.162815993067724],[19.763442463303907,42.16287428621278],[19.76361245511098,42.162906340007396],[19.763669227616564,42.1629170437248],[19.76381077035397,42.163017524898855],[19.764073769631032,42.16320422637155],[19.764254408282838,42.163521179832],[19.76434612695721,42.16367742539416],[19.764411176173763,42.16374724745887],[19.76451580841516,42.16383065750409],[19.764602933370515,42.16390401214242],[19.76469928643852,42.16395771454844],[19.764858246482632,42.16397916876169],[19.76499495087702,42.164006982002],[19.765140255461148,42.16404804034866],[19.765325003250105,42.164109274593706],[19.76545644858483,42.16417981067977],[19.765691481243422,42.16443121467967],[19.765716949137392,42.16448744840633],[19.76573736170926,42.16457653196146],[19.765744478200308,42.164665481455074],[19.76574717884636,42.16475438343457],[19.76575411552096,42.16485320675942],[19.765791780133604,42.164965522383476],[19.765876686710634,42.16516125049501],[19.765924103092413,42.165227596067666],[19.766019627818263,42.16532407744362],[19.766128948497848,42.16539437475109],[19.76626071709611,42.165448456772644],[19.766445725721326,42.165496530326],[19.76661380191816,42.16550491845129],[19.766826721556257,42.16548416110768],[19.766982600125523,42.1654364668802],[19.767148496777228,42.16532963449776],[19.76736902607378,42.16514438278218],[19.76751202286818,42.164880650862095],[19.767579569723992,42.16483388825751],[19.767790316777127,42.164706092759104],[19.76800191195043,42.16455512447424],[19.768060813886287,42.16452479737321],[19.76815905597638,42.16447010874962],[19.76823751988225,42.164433788881325],[19.76833287106884,42.164385262803094],[19.768411134516455,42.16435926655994],[19.768480822028987,42.164345565670594],[19.76856997934689,42.16433000316612],[19.768586798622948,42.164321928401975],[19.76862328776866,42.164301677306355],[19.768660029177127,42.16426904143088],[19.768738743398256,42.16418421829264]]]},"properties":{"SIPERFAQJA":495174,"VOL":"1","FAQE":"11","NR_PAS":"53","PRONARET":"BASHKIA SHKODËR","KUFIZIMET":"_","ZK":"2859","EMRI_I_ZK":"PALAJ"}},
{"type":"Feature","geometry":{"type":"Polygon","coordinates":[[[19.780188181407407,42.2242123229838],[19.780340322885095,42.22417326798929],[19.780576835475763,42.2240317258593],[19.78078458691578,42.22383447647514],[19.78089329094735,42.22374329396499],[19.780930943798545,42.22372522118224],[19.7809911171099,42.22370000575032],[19.781053749446624,42.22367666192183],[19.781113531866204,42.223671760780086],[19.781173148917464,42.22367608535175],[19.781279476260185,42.223736127225685],[19.78134789883828,42.22379964629964],[19.781359257925033,42.22385516801654],[19.78138515729263,42.22393117173781],[19.781441356689605,42.22398347887536],[19.78153965332284,42.22404546973363],[19.78169961192502,42.22413397053773],[19.781980356098195,42.224233665619174],[19.782149492847253,42.22434190659225],[19.782211996686474,42.22440466010842],[19.782243049969193,42.224446374047105],[19.78231743728403,42.22451221548347],[19.782439256943125,42.224596295233056],[19.78253051450678,42.22464902802361],[19.782621106206072,42.22473327121568],[19.78266781555962,42.22476707602961],[19.782794344633015,42.22481160365401],[19.7828613778062,42.224825269567226],[19.783019909195254,42.22489872830843],[19.783072925354585,42.22480346888208],[19.78310406415829,42.22475626639484],[19.783129330068565,42.224736729102425],[19.783183155398326,42.22471221037923],[19.783218975378276,42.224699383829275],[19.78324232109411,42.224687748287096],[19.7832818546142,42.22466571560844],[19.78331624925891,42.22463439189709],[19.783392366618582,42.2244708057933],[19.78342944687197,42.22415831029472],[19.78330705251809,42.22379254810793],[19.78322548107705,42.223565955508455],[19.783283666963875,42.22353632459359],[19.7834202206465,42.223466788910436],[19.783730440809908,42.22316857834757],[19.783967305753617,42.2230989624283],[19.784223304690293,42.2230730216452],[19.784511611180818,42.223063221975565],[19.784773993741968,42.223106063262875],[19.784892424155736,42.22314269765096],[19.785072310243013,42.223169882195805],[19.785160424476818,42.223498378444624],[19.785354303045906,42.22368530605941],[19.785536331836116,42.22389336263181],[19.785656952453568,42.22402689470006],[19.785833076864105,42.224287813632564],[19.785866763465314,42.224324333057254],[19.785923308876363,42.224363219026415],[19.785971675921196,42.22438075463101],[19.78605438180211,42.22440077825715],[19.786145673706972,42.224420883693824],[19.78638574093755,42.22449403940279],[19.786494252056833,42.22457003387597],[19.786561843346764,42.22462858070274],[19.786587573756375,42.224720704838575],[19.786680119914823,42.22491948556476],[19.786707770386236,42.22511502301371],[19.78670142400378,42.225450215757554],[19.786754856657247,42.22562136824087],[19.786791304948487,42.22566870152592],[19.786816220075536,42.2257180463809],[19.78682127774145,42.22575437971253],[19.78683449630311,42.22581426872824],[19.786869521235595,42.22594606582346],[19.786865752375014,42.22599297367974],[19.786864690203224,42.22604844447804],[19.78686645726505,42.22610607878017],[19.78691432539187,42.226264883984484],[19.786631819468493,42.22638784866411],[19.78637222191831,42.226527646551475],[19.78618010258013,42.22666238745899],[19.785982001313133,42.226742635980116],[19.785787072532464,42.22684060753385],[19.78565127280098,42.22705318469547],[19.7855240188183,42.227183245817656],[19.785292729560986,42.22756781115921],[19.785061425514012,42.22795236684394],[19.784701531726533,42.22833608164686],[19.7842776304793,42.22864962702115],[19.78422025059227,42.22863072582285],[19.78413978912154,42.2285692414519],[19.7841371022371,42.22855671199153],[19.784122156132018,42.22848701532968],[19.784187516806487,42.22833432474935],[19.784261248656392,42.228245937234405],[19.784320050064697,42.22817994054194],[19.784351639043887,42.22814448608081],[19.784428112266333,42.22805865477712],[19.784463839944543,42.22794845652795],[19.784509319904128,42.2278312316925],[19.784491139175838,42.22777753753308],[19.784457875034953,42.22775935115991],[19.78437137500648,42.227761999314794],[19.784187700481727,42.22782425771273],[19.783820829686512,42.22792380593694],[19.78353722534983,42.22793863203134],[19.783325697737933,42.22795065710493],[19.78331987573602,42.22795009552157],[19.78307644090588,42.22792661381526],[19.782865816119692,42.227892276076396],[19.782726502513263,42.2278943624952],[19.782608925716485,42.22790081470032],[19.782563061079657,42.22790333155882],[19.78222626849023,42.22788341756005],[19.78212177076091,42.22787723857552],[19.78209967216718,42.2278800115609],[19.78194065118541,42.22789996576825],[19.781885897545347,42.227906836288696],[19.78173802648364,42.22791235116484],[19.781736911658967,42.22791239274168],[19.781597965147284,42.22789664786511],[19.781444938224606,42.22786291939555],[19.781367299073793,42.22790489203895],[19.781241573416274,42.22794992760819],[19.781248912758365,42.2280677214338],[19.781290476188374,42.228153767251314],[19.78125542910939,42.22822829508085],[19.781191365120296,42.228313227433524],[19.78107867682952,42.22836220503019],[19.78101016655248,42.22839198149042],[19.780513554241292,42.22848101158219],[19.780444196188743,42.228488642019485],[19.780332849602967,42.228500891740396],[19.7800482680869,42.22853219927445],[19.779975191777666,42.22854023846549],[19.779947564764154,42.22835644797431],[19.779897497045816,42.22821519830627],[19.77980292512235,42.22813252209737],[19.77972816323707,42.22802567799606],[19.7795954492152,42.22792912814135],[19.77948581383156,42.227882076053376],[19.779370501152613,42.227871306264085],[19.77930838953731,42.227866449071826],[19.779235247065504,42.22786072921117],[19.77907103257254,42.22786202399587],[19.778898372179864,42.227875426919574],[19.778758237214202,42.22790440804591],[19.778630077868442,42.227951809479784],[19.77849030720437,42.227962510214475],[19.7781746763383,42.22794335784373],[19.77817576684597,42.22788681617335],[19.77817609996922,42.227869544051984],[19.77817643326578,42.227852262930014],[19.778157605451774,42.22772563216852],[19.778124738404195,42.2276750214253],[19.77800842005435,42.22756382640374],[19.77785124571348,42.22737540513693],[19.777795468552366,42.22719573432566],[19.77782231790676,42.22712062505695],[19.777970501022626,42.226896008884125],[19.77813923362943,42.22670302993759],[19.778345676073105,42.226529294517604],[19.7783578914309,42.226449843100326],[19.778220490416977,42.2263189964497],[19.77822426437913,42.22626022373843],[19.778227546943228,42.22622693168857],[19.77824150279459,42.22618787474778],[19.778276427332887,42.226156882296486],[19.778318100853834,42.22611320527282],[19.778391976198016,42.22603336635329],[19.778463764290223,42.22599957962453],[19.778557461992328,42.22596400064108],[19.778620961094028,42.225934185634216],[19.778842089006567,42.22571976162278],[19.778934314677432,42.22561912404552],[19.77897901960536,42.22557083379249],[19.779018513087205,42.225508246184724],[19.779046965764728,42.225451644678785],[19.779026422725735,42.22524363171372],[19.779021928056423,42.22519277410417],[19.77902028764547,42.225135852229705],[19.779023846817804,42.22509320956119],[19.77903810612178,42.22506287910747],[19.779078629283568,42.22494746712391],[19.779067267759466,42.22478454671514],[19.779065239048908,42.224755455606584],[19.779153818752714,42.22472262139803],[19.779249800058416,42.22468532867358],[19.77944633772818,42.2246228459366],[19.779536917271695,42.224564771868984],[19.779592622243452,42.22451001763752],[19.779636625287452,42.224418237865535],[19.77964195759438,42.22439984860559],[19.77966477392281,42.224376108881046],[19.77968990731338,42.22436161230347],[19.77989721145023,42.22430477984244],[19.780068564018737,42.22424303637621],[19.780188181407407,42.2242123229838]]]},"properties":{"SIPERFAQJA":286576,"VOL":"1","FAQE":"32","NR_PAS":"12","PRONARET":"BASHKIA SHKODËR","KUFIZIMET":"_","ZK":"2859","EMRI_I_ZK":"PALAJ"}},
{"type":"Feature","geometry":{"type":"Polygon","coordinates":[[[19.743628195929983,42.17884515223871],[19.743764591199344,42.178782107193676],[19.743881649279135,42.178718841228026],[19.743989346389263,42.17864114066757],[19.74407790883293,42.1785560465083],[19.744146306631563,42.17851377244545],[19.744243649553027,42.17847180622083],[19.744350364879896,42.17844429248917],[19.744495953274345,42.17840285416413],[19.74456349969269,42.17840359346366],[19.74466001532464,42.17840464976391],[19.744795096075467,42.178406127997704],[19.744891303945217,42.178421521712984],[19.744977879477197,42.17843681896164],[19.74505522421153,42.17843049018606],[19.74515256624341,42.17838853218025],[19.745201946145425,42.17833169945385],[19.745223077731307,42.17823870075407],[19.745304859433432,42.17804467326222],[19.745460799245212,42.17796748998376],[19.7455869675078,42.17793302186092],[19.745635496461652,42.17791920257315],[19.74570360916402,42.177891265434276],[19.745800808352545,42.17785647129775],[19.746547049443805,42.17757511688872],[19.746889884632473,42.17741823109848],[19.74717028975588,42.17729507898631],[19.747481323855297,42.17718372981799],[19.747621418379946,42.17712788653282],[19.747761047688773,42.1770949943712],[19.747885236776238,42.177061924495966],[19.7480396151599,42.177063609547645],[19.748177672410478,42.17711101102161],[19.748346598160307,42.17715875816481],[19.74848419131901,42.177229101578085],[19.748606570749683,42.17728780066631],[19.748775045150584,42.177358480624235],[19.748928757904935,42.17739458277891],[19.749144232080578,42.17743136724178],[19.74937467091708,42.17749124382428],[19.749621252741377,42.17751687935734],[19.74983739385506,42.177519235227024],[19.750007451804453,42.177509619333534],[19.75017728388324,42.17751146991169],[19.750316021514497,42.17752445066699],[19.750748092468957,42.17771267304189],[19.75081961594348,42.177732690310144],[19.750799113933663,42.17780089503876],[19.750824814226863,42.1779838716491],[19.750911951892917,42.178115158744724],[19.751048427772535,42.17821607740755],[19.751268725057496,42.178435445069645],[19.751340278201855,42.17853643081122],[19.75132191128764,42.17863946252686],[19.751300374044114,42.17869693409019],[19.751213946520433,42.178729374470024],[19.75115992754216,42.17877433900679],[19.751097060019287,42.17885563128488],[19.75104598434892,42.17896135866526],[19.751020165261945,42.179027894078104],[19.750985389795858,42.179133771903686],[19.75100853176988,42.17920387426969],[19.751085166793622,42.179253304174004],[19.751121320078223,42.1792840542246],[19.751120364262448,42.17933262129517],[19.751078973789873,42.179359493224105],[19.75101317748772,42.179389079222965],[19.751005679383194,42.17939553339233],[19.75091976120936,42.17969596542571],[19.75086578972406,42.17989587230312],[19.750869630652996,42.18010964239931],[19.750843100605884,42.180227016114166],[19.750810290249646,42.18046788968393],[19.750755132381606,42.18060565733957],[19.75066333371533,42.1807410813529],[19.750581158313945,42.180919479990784],[19.75032806662828,42.18132941529983],[19.750273562738204,42.18153221483895],[19.75033350146474,42.18190835287145],[19.750328018005984,42.1821867762571],[19.75026521402301,42.1823832195998],[19.750255838851512,42.182645963228985],[19.75014060902509,42.182715296251814],[19.750088432953778,42.18279921610294],[19.750083001258094,42.18286173323675],[19.750236920951746,42.18305703595855],[19.750625931048532,42.18362548688406],[19.751308945154054,42.184083670011326],[19.751494850129838,42.18404037511124],[19.751673681369923,42.18400653656355],[19.75191155399517,42.18390890034393],[19.752228354142424,42.18371548049331],[19.752391705048,42.18359902760542],[19.75252174845338,42.1835968679835],[19.75265640954895,42.18360548939879],[19.752781718973214,42.183599695011175],[19.752999490536364,42.18354478884302],[19.75340152785424,42.18342388015907],[19.753953728001765,42.183258067499885],[19.754315497683496,42.18322620293995],[19.754514541254952,42.18320336443641],[19.754727885204726,42.183373910344194],[19.75491841165443,42.183479786342275],[19.75516760884246,42.18380960558511],[19.755165923835488,42.18389548907884],[19.755119820254308,42.18428157373314],[19.755077941617383,42.18445292276534],[19.754979200436242,42.1845771387251],[19.75472902774212,42.184810657399225],[19.75461849075687,42.18499122660224],[19.7546314593119,42.18506253209042],[19.75471684584884,42.18510260194493],[19.75484127944174,42.185103952785816],[19.754975926140776,42.185073392489464],[19.755105513183903,42.18505701005906],[19.75533179277138,42.18499184795809],[19.755660951575564,42.18480682603981],[19.75577214804232,42.184751091513846],[19.755972149228896,42.184561102625985],[19.756089253317555,42.184448500102945],[19.756471759929248,42.18422846749332],[19.756771816087085,42.18407228590918],[19.75688717024448,42.18403096333077],[19.757241357665574,42.18398157855185],[19.757588692495585,42.18403856392914],[19.757682113839213,42.18414246526156],[19.757808391365348,42.184592373024905],[19.757921001107793,42.18478090732259],[19.758083196288577,42.18491233542928],[19.758295939035754,42.18493625360059],[19.758606441002716,42.18491799945661],[19.759004279001466,42.18489348740512],[19.75933584615505,42.18478900825679],[19.75953204222151,42.184668660273005],[19.759612372117118,42.184525435072985],[19.75976966641172,42.184124391375995],[19.75993308896623,42.18383330712688],[19.759995883508186,42.18371269537627],[19.760101763739968,42.18355211012459],[19.760249851390252,42.18339647320615],[19.760420952733774,42.18329948397781],[19.760609404322206,42.18324312116947],[19.76079732927933,42.18321370583081],[19.76099092992371,42.18320232047101],[19.761124130696636,42.18319028245023],[19.761221150361415,42.18317335228864],[19.76160682849255,42.18296130390149],[19.761776548298407,42.182936182649286],[19.76207321767882,42.18290793903915],[19.76235780950068,42.18287955534503],[19.762654741146463,42.18283783632178],[19.762885134538152,42.18279989116866],[19.763103087883703,42.182779780391336],[19.763272782459122,42.18275465664906],[19.76373908154989,42.18270576727416],[19.764413748203953,42.18262918738298],[19.764563376023677,42.182607644624774],[19.764715601344328,42.1826230308802],[19.764802730222176,42.18265832268273],[19.76485683057468,42.18272762130609],[19.764845992259943,42.18280995846971],[19.76481699681734,42.18287492334713],[19.764760075658266,42.18294989535211],[19.764684340676613,42.18304184147793],[19.764608459659893,42.1831406548837],[19.764599556346866,42.18327900838434],[19.764711411769273,42.18341643880791],[19.764764734708766,42.18379988918817],[19.764827946879215,42.18393093502522],[19.764986887199303,42.18402499401962],[19.765227253914286,42.18406560830236],[19.76534736972168,42.18420664699045],[19.76537636128362,42.18428993504045],[19.765412427272167,42.18440903012742],[19.765455553003402,42.18439734992309],[19.76549045085601,42.1843886149911],[19.76553145481356,42.18438146718493],[19.76556620502415,42.18438031974408],[19.765631567884693,42.18438102314878],[19.76567829950738,42.184393670395615],[19.7657271059776,42.184404818527945],[19.765767932731755,42.18440677925526],[19.765821006711445,42.18440887174393],[19.765906756268855,42.184411306761895],[19.766055675761603,42.18442201939278],[19.76624174484717,42.18441339794575],[19.766412007303728,42.1843772836334],[19.76654433842314,42.18435588537926],[19.766685531710163,42.18434373779672],[19.766742725716902,42.18434435273571],[19.7669178405467,42.184378050177976],[19.76707507645677,42.184381261783074],[19.767285740355764,42.18436834773722],[19.767503306396193,42.184316040526625],[19.767614653013965,42.18426259173469],[19.767713870075337,42.18420294484331],[19.767830348371554,42.18413018660105],[19.767863152952184,42.18412325596609],[19.768000422801666,42.184119878061026],[19.768339606443742,42.18415022199305],[19.76854122571359,42.18419850651603],[19.76878879511775,42.18426669329128],[19.768947525372173,42.18433636579219],[19.769209794369335,42.184433688453886],[19.76937420243223,42.18449774971482],[19.769621106647428,42.18467462369314],[19.769543777312297,42.1847404306697],[19.769506451539538,42.18483130656744],[19.76949941797193,42.18486005710539],[19.769496157494125,42.18502817073658],[19.76953911776129,42.18514733848886],[19.769563443117196,42.1852268663978],[19.769564438697422,42.185342181031494],[19.769557993649432,42.185507856824366],[19.76928064197714,42.18548017847927],[19.768713587267502,42.185468754403665],[19.768095961448083,42.18547279984889],[19.767585606382553,42.185499348476476],[19.767252169140097,42.18563453889876],[19.767012870524663,42.18575472486804],[19.766804571598517,42.18575782409953],[19.765958557782593,42.1856793072019],[19.765573769909484,42.18552570744768],[19.764733436839627,42.1851376289064],[19.764538135695304,42.1848419632062],[19.764411819610824,42.18469115220968],[19.76426947611564,42.184625566066664],[19.76421743885016,42.18461374333019],[19.764158211225414,42.18466345616977],[19.76411721443189,42.18468699710239],[19.76393094764324,42.18483183870397],[19.76332010479556,42.185040279127755],[19.76271022850048,42.18516232978438],[19.76228745926907,42.18519963028777],[19.761856863583894,42.185061098092795],[19.76096810977402,42.18501801199746],[19.760793701145015,42.18499533215567],[19.76057694066667,42.18499299018726],[19.760366159638647,42.18504270182263],[19.760125135056423,42.18511872453553],[19.759967737458975,42.1852989814335],[19.759797173797825,42.18543750424502],[19.75957959889839,42.18547674309179],[19.759362430483286,42.18549518116444],[19.759017263951847,42.1856214253008],[19.758701945488408,42.18587021821634],[19.758470881522697,42.18599864068499],[19.758241883139725,42.186161870664996],[19.757982651222896,42.18644043679775],[19.75787571592492,42.186557931655976],[19.757724406927444,42.18669132136693],[19.75759856430353,42.18679019209456],[19.75755861608001,42.18686136518643],[19.757543330805913,42.18692176836133],[19.757513674702494,42.18702987309498],[19.757468111655765,42.18710711602556],[19.75737576398345,42.187181808547514],[19.757305546896518,42.187252653628214],[19.757284524352595,42.1873371122708],[19.757316041655525,42.187415199212516],[19.757418572898597,42.18752268336976],[19.75749969066785,42.187599255002695],[19.75760581077006,42.18766382699953],[19.75775470598201,42.18769216802496],[19.757927880091728,42.187708357335154],[19.758172897082122,42.18771101025233],[19.75836881857911,42.187690624993564],[19.758509821015828,42.18766147073905],[19.758672770067868,42.18763664094961],[19.75879901139543,42.18765846072239],[19.75887308509962,42.18768804319959],[19.759447838416712,42.18786815281936],[19.75972199290738,42.18791973999072],[19.759971712687772,42.18784781829601],[19.76042464529548,42.18767099871275],[19.76049236229964,42.18763378500721],[19.760559359371424,42.18782982695347],[19.760736330602143,42.18834759064524],[19.76088682684343,42.18867278391159],[19.760953270427965,42.18876216716044],[19.76100761374959,42.18881658904587],[19.760800695552298,42.18891331811879],[19.76022147567092,42.18912274059314],[19.759894798235436,42.189302337766904],[19.75960145590836,42.18945787074909],[19.75919175666885,42.18968133742862],[19.758684829919225,42.18983452136706],[19.758607351495982,42.18981115865151],[19.758365947773093,42.18975707855429],[19.757457486635964,42.18962112524148],[19.756952435652885,42.18947515128142],[19.756229446663465,42.1892207988562],[19.755911440280695,42.189057655067266],[19.755772248692676,42.18898624099217],[19.75545025364807,42.18882105410506],[19.75537493020535,42.18895760571978],[19.755333337496584,42.18911239323736],[19.755321815973357,42.18920972910861],[19.75532055505047,42.189273993162615],[19.755240577126273,42.18940648806398],[19.755172258288354,42.18945931142295],[19.75512846624014,42.189487401035905],[19.755002546898492,42.189536025152165],[19.754944188116603,42.189571086550856],[19.754933807456695,42.18961026070995],[19.754927135992936,42.18969667515067],[19.754892743194603,42.18973557965338],[19.754851370097164,42.18976191292469],[19.754809997142143,42.18978823717995],[19.754538961246322,42.18988527611972],[19.75444223257431,42.18991636464505],[19.754364641285303,42.18995122589949],[19.7542770315539,42.19000740420518],[19.754174994863117,42.190063425747454],[19.754107037261818,42.19009839146053],[19.7540149606665,42.19013666912211],[19.75390354832574,42.19018187562086],[19.753847251170217,42.190216688777106],[19.753759165532763,42.19027116904565],[19.753711420643477,42.19035620987633],[19.753694617152807,42.19043018974364],[19.753542230512227,42.19081402013132],[19.75348900298391,42.1910819226897],[19.753472894579488,42.19141311993687],[19.75346481124012,42.19158050522828],[19.753467923992805,42.19166605361326],[19.753512354794864,42.19184582984685],[19.75344680199404,42.19200902559595],[19.7533374442134,42.19220081421049],[19.75318876326439,42.19244505583452],[19.753186942553956,42.19253768054987],[19.7531951341658,42.19260995146485],[19.753245570551186,42.19272808106613],[19.75327788542147,42.192792565964545],[19.75327697503286,42.19283888282142],[19.7532570207963,42.192877853717974],[19.753218022330348,42.19290949664512],[19.753179105814976,42.1929375844708],[19.753144912392052,42.19296927960403],[19.753101120796295,42.19300087038706],[19.753056990910345,42.193050282381236],[19.753002750737082,42.19313979850948],[19.752901126229332,42.19330753509606],[19.75270805459158,42.1937939551475],[19.752569222466143,42.19424806967692],[19.752428744140502,42.19440048414791],[19.752384798543776,42.19444968181335],[19.75236395399641,42.19453816547365],[19.75235278694615,42.1946196514425],[19.752118577221825,42.19439802837361],[19.751850663308602,42.194193097756525],[19.751709385829685,42.19413383644574],[19.751463754782197,42.1941119336894],[19.75125698950461,42.19409043553875],[19.75108924238711,42.19405975622683],[19.750934434540095,42.194029208573596],[19.75075376093662,42.193998388004175],[19.750573430454324,42.193948314592895],[19.750340953255197,42.19391692906994],[19.750146938334513,42.193905191479054],[19.749939794968377,42.19390293412738],[19.749783862617075,42.19393009653816],[19.749601636826863,42.19397621039384],[19.749458275943024,42.19402274769554],[19.749276453336055,42.19404961813703],[19.749082070827523,42.19405712202688],[19.7489265173304,42.19406504011008],[19.748745428914823,42.19405345014228],[19.748551805550765,42.19402247583532],[19.748384427472097,42.19397255830744],[19.74824296410914,42.193922905346874],[19.748102070170166,42.19384441449767],[19.748013146141858,42.193756867105044],[19.747937161195058,42.19366946088509],[19.747886900463882,42.19359195907678],[19.74861663896431,42.19353876000248],[19.748880489179644,42.19343226721914],[19.749131353434937,42.1931554854103],[19.74928191133841,42.19298699841679],[19.749449072147257,42.1928065298902],[19.749565966740622,42.19268627985859],[19.74966648487878,42.19256585118952],[19.749799982157594,42.19243361954622],[19.749917102756907,42.19230121826442],[19.750033756250264,42.1921931094565],[19.750150612280656,42.19207285839101],[19.750299752889887,42.19197726564681],[19.750448629478953,42.19189382317579],[19.75071157493245,42.191783589243286],[19.75100308088561,42.191588331205544],[19.751273895375746,42.19140049026106],[19.75136814268811,42.191309925037984],[19.751431274254497,42.19123429824271],[19.7514737164514,42.19116607131078],[19.751485031226576,42.19111277375488],[19.751496345981703,42.19105947619714],[19.75153893820852,42.19098361676845],[19.751581530154546,42.19090776632209],[19.751624560522806,42.19080901831996],[19.751626212470637,42.19072507916519],[19.751607036917076,42.19065619053894],[19.751577099263834,42.19061006908049],[19.751547498220773,42.19054869207266],[19.75151758468909,42.190502579863114],[19.751426342747752,42.190440531872994],[19.751375139603983,42.19043234039368],[19.751262157342314,42.190431110436336],[19.75113891167595,42.190429768621705],[19.751035892460465,42.19044390612232],[19.750943298832272,42.19045053195952],[19.75084059207358,42.190449413481986],[19.75070662009813,42.19047084769629],[19.750603438117565,42.19049262614115],[19.750501241182114,42.190481601181595],[19.750429511125354,42.19047319467264],[19.750347932449138,42.190441778510255],[19.750277381033328,42.19037232092079],[19.750268921545466,42.190280646514154],[19.750271026009262,42.190173827999374],[19.750283394165955,42.19006710330415],[19.750285949688088,42.18993738738706],[19.750277490053413,42.189845721975395],[19.75022008307034,42.189631404584944],[19.75018094801429,42.18953176181622],[19.750111600492957,42.1894012624014],[19.750041501468818,42.18930891627542],[19.74997110202362,42.18923182603924],[19.749890301241006,42.189162256503764],[19.749729336392765,42.188975483063274],[19.749650178371137,42.18882198311136],[19.749497156305882,42.18863336038638],[19.74933566645619,42.1884475529273],[19.749172472237564,42.188347619345876],[19.74904230685489,42.18824803674856],[19.74894444400456,42.188185626485996],[19.748846581347333,42.18812321614182],[19.74868217919765,42.188084602606416],[19.74845100704573,42.18808208047124],[19.748318422680263,42.18810518351103],[19.748152302523902,42.187984339789566],[19.74818132101429,42.18788668245848],[19.748224034312315,42.187847105556614],[19.748272801851957,42.18780314747999],[19.74831585401807,42.187745776330246],[19.748346848965063,42.18769272082174],[19.748359695971004,42.187648370732326],[19.74837255523838,42.187604011772436],[19.74840371340348,42.18754206357351],[19.748428629715285,42.18749338894014],[19.748441664334464,42.18744013742983],[19.748436463408677,42.18740003762981],[19.74841365345797,42.187341947777455],[19.748348932704907,42.18728340059409],[19.74823099631034,42.18716544140049],[19.748125769699772,42.18703526038784],[19.748025831890867,42.186940732829804],[19.747961111901454,42.186882185433795],[19.74787860779023,42.186814540410104],[19.74782550609276,42.18677391767689],[19.74774908051726,42.18670190069111],[19.747719941817873,42.18666153051442],[19.747685151465337,42.18660330971518],[19.74762201290758,42.18646468427722],[19.747563986787206,42.18637062291413],[19.747481144560194,42.18632077182405],[19.747398553898513,42.18625757273454],[19.74730380640622,42.18620314427803],[19.747148762000762,42.186170311311386],[19.74691715906181,42.18614828201008],[19.746816347374864,42.18614718064665],[19.746709506369463,42.18615042453453],[19.746626572112483,42.18614510711945],[19.74656134103079,42.18614439431746],[19.746484336716396,42.18613915060207],[19.746413349834334,42.18612955237861],[19.746354496177478,42.186106880074426],[19.74631935100699,42.186084457867366],[19.7462901238491,42.18606210033339],[19.74624321763037,42.18603514733866],[19.746196212191094,42.18601260445829],[19.74613716054853,42.1859987343096],[19.74606608653557,42.18599355513956],[19.74600679780867,42.185992906983735],[19.745947310705986,42.186001070062055],[19.745888009872562,42.186000421712414],[19.745840482202087,42.1860043042749],[19.74578685006888,42.186016942505375],[19.74573339211807,42.18602076918184],[19.745661795658002,42.1860420153463],[19.745619687298333,42.18607240638239],[19.745577305547027,42.18611601006166],[19.74554694605945,42.18615093177326],[19.745528122298758,42.18620361550803],[19.7455034436825,42.18625181498537],[19.745496630108665,42.1862958166339],[19.745482603903618,42.186405835642695],[19.74546183912341,42.186555445894726],[19.745441534150107,42.18668302308584],[19.745417930080073,42.1868415327326],[19.74541131839159,42.186876543097746],[19.745381292342028,42.186902537942636],[19.74532775366025,42.18692387337639],[19.74526847008044,42.18693638652501],[19.745171205377904,42.18696091657489],[19.745152381956594,42.18697989494291],[19.74513362474781,42.186996137277056],[19.745118317711988,42.1870233823793],[19.7451178297221,42.18704805284917],[19.745117287787334,42.18707545048141],[19.745109321000847,42.18710552164352],[19.745093863481248,42.18714098436333],[19.74505973270233,42.187187216810436],[19.74499562053756,42.18725777901772],[19.744894077540156,42.18735535318284],[19.74476557673138,42.18744678063655],[19.744567054296642,42.187545201714556],[19.744545265023024,42.18752012537681],[19.744501019285142,42.187503076518695],[19.74444613056992,42.18746108229631],[19.744425148509666,42.1873946123513],[19.7444259675692,42.18735322789906],[19.74446006200772,42.18732048096545],[19.744472179171055,42.18727093789593],[19.744484636166092,42.18720483397476],[19.74447496417073,42.187130214550436],[19.74443121000824,42.18708834219578],[19.74435420505872,42.187037823550966],[19.744288006812628,42.18700397872857],[19.74424393733183,42.18697865841778],[19.744210989977876,42.186953459857236],[19.744178873959807,42.186886876968316],[19.744102840708187,42.186786684083586],[19.74405058693346,42.186612246964906],[19.74406229992162,42.18617038923291],[19.743975947590414,42.18598554993118],[19.74393260615557,42.18590148725206],[19.74381562271607,42.18555620318517],[19.743784020948944,42.185447197088756],[19.74378567583003,42.18536361812799],[19.74372000288577,42.185270947479474],[19.74366661028859,42.1851296808392],[19.743645553577977,42.18504505189675],[19.74364672312142,42.18498599039028],[19.74363620698537,42.18494367154954],[19.74361417201249,42.18490967087159],[19.743558559086193,42.18484998739661],[19.74343528923854,42.184764247751104],[19.743333732654893,42.18472936684264],[19.74327695027613,42.18472874473688],[19.743186422913528,42.18471088220385],[19.743062175231515,42.184675761429],[19.742938082859382,42.18463219788904],[19.742855869950855,42.1845404977921],[19.742815817470216,42.18449582959631],[19.742749355785314,42.18441070282594],[19.74266016695317,42.18432532689313],[19.742570321546065,42.18427370301998],[19.742434364830494,42.18425533286955],[19.742309269961805,42.18426240565117],[19.742148435648865,42.184353475695346],[19.7421245372081,42.18441229694332],[19.742099993932737,42.18450486143698],[19.742064242160215,42.184588858670715],[19.741983071533323,42.18467236677232],[19.74189137365572,42.18471355569341],[19.741754914107347,42.184720503215644],[19.741670273564857,42.18471161652328],[19.74156705985235,42.18473592522536],[19.74148616580886,42.18478591974987],[19.741439688572253,42.18482780250687],[19.74141585512748,42.184878423048964],[19.741367839626005,42.18499662097458],[19.741321361976144,42.18503851267953],[19.74121393007015,42.18512347853348],[19.741125383294836,42.185094256968064],[19.740896305810104,42.18508495474215],[19.740892635220884,42.185061922102186],[19.74066719996366,42.18508928151023],[19.740495073550356,42.18506053719388],[19.740275539289122,42.18499248026791],[19.73995262075981,42.184872576270145],[19.739779993950528,42.18480995803424],[19.739600331419144,42.184757254987275],[19.739529113298765,42.18470276357206],[19.73947060061353,42.184615597678075],[19.73942827797099,42.18452264103123],[19.739402133387472,42.18442388451488],[19.73939285343357,42.1842835508028],[19.739389444530616,42.18425285987328],[19.739353841876085,42.18422561417473],[19.739274020453564,42.184200862283525],[19.739034116828304,42.18414751422242],[19.738950290012106,42.18411845089541],[19.73893546059329,42.184103298721375],[19.738928206916885,42.18408822983421],[19.738936242530215,42.18406395745045],[19.738949560124787,42.18402849903038],[19.738958625098167,42.183953652990084],[19.738959556029968,42.18390681428471],[19.73894601776349,42.183826093191186],[19.738942189868997,42.183763510832165],[19.738920404931132,42.18371829490285],[19.738910733665758,42.18369758188255],[19.738893561319774,42.18367303235465],[19.738863741594724,42.18365022529094],[19.73883363629712,42.18364239521782],[19.738785949014822,42.18363062678376],[19.73873827385239,42.183618858463156],[19.73871064834948,42.18361293714473],[19.738668082142873,42.183597470935865],[19.738605439389666,42.18357020673472],[19.738580641291406,42.18354931833446],[19.738558422702326,42.1835247132619],[19.738541386224814,42.18349455662576],[19.738531653871178,42.1834757064161],[19.738512349072288,42.18343239920325],[19.738493069598082,42.18338721074563],[19.738434821164574,42.183272274543214],[19.738410141564803,42.183233868568294],[19.738394035295013,42.18321963853793],[19.73850959158866,42.18311326671026],[19.738604289021065,42.18303748089804],[19.738675658673873,42.18294417171798],[19.738762713625196,42.182872253824875],[19.738771256200785,42.18281699145528],[19.738847500397263,42.182544181129494],[19.738905030310356,42.18227566623548],[19.738924051520822,42.182068313967974],[19.738984195001027,42.18191491557249],[19.739086545305305,42.18176880500069],[19.73937459191836,42.18156799261469],[19.73968766440536,42.18132895081334],[19.73982419980474,42.181164850080805],[19.74011681876262,42.180784090215155],[19.740455913858856,42.180534979222415],[19.740595517199516,42.18041675192008],[19.74063936114253,42.18031225522924],[19.740781427860682,42.18021074536121],[19.74096337745054,42.180063400270605],[19.7411540268827,42.17987770971635],[19.741246800719498,42.17981367581247],[19.741362780440266,42.179782422475895],[19.74153450757074,42.179748818832294],[19.741931780308498,42.1796251252408],[19.74226927508869,42.17945730178288],[19.742420674906853,42.179345116207735],[19.742795208012218,42.17914469410362],[19.743100995220217,42.17907116387982],[19.743387444347544,42.17896931519923],[19.743628195929983,42.17884515223871]]]},"properties":{"SIPERFAQJA":1532072,"VOL":"1","FAQE":"37","NR_PAS":"43","PRONARET":"BASHKIA SHKODËR","KUFIZIMET":"_","ZK":"2859","EMRI_I_ZK":"PALAJ"}},
{"type":"Feature","geometry":{"type":"Polygon","coordinates":[[[19.76811500593276,42.19547130101528],[19.768263610811925,42.19542912687952],[19.7685349539209,42.195342609797464],[19.768792689398254,42.19521301318048],[19.769123528093026,42.19504823557799],[19.76942994175522,42.19489054999751],[19.770114444300145,42.19463961946629],[19.77066788324082,42.19444833503182],[19.77157614034298,42.19404667942586],[19.772366493850473,42.193639442538924],[19.77296293599979,42.19351359613639],[19.773135568961663,42.19341170715082],[19.773300120587148,42.19332702524706],[19.773472294660706,42.19324818620334],[19.77367384337105,42.19325610281389],[19.773796494780495,42.193332332740795],[19.77381797587214,42.193424774824166],[19.77381530250662,42.193563060408636],[19.77380576183346,42.193655161855155],[19.773773737157164,42.19370669180836],[19.773647854425406,42.19379754941671],[19.773388464568516,42.193973439093405],[19.77285468868073,42.19428037690337],[19.772335652168596,42.194643663450464],[19.771461117225595,42.19497984207467],[19.77094603231459,42.19525345486558],[19.770456961012076,42.19548580673537],[19.76996605930416,42.195811726646866],[19.769526956221974,42.196020393683305],[19.769045559327804,42.19580375116841],[19.768260885025622,42.19551711484638],[19.76811500593276,42.19547130101528]]]},"properties":{"SIPERFAQJA":42050,"VOL":"1","FAQE":"17","NR_PAS":"35","PRONARET":"BASHKIA SHKODËR","KUFIZIMET":"_","ZK":"2859","EMRI_I_ZK":"PALAJ"}},
{"type":"Feature","geometry":{"type":"Polygon","coordinates":[[[19.729952869778337,42.21697287877748],[19.73025292574651,42.21688944462182],[19.730376980423824,42.21682453303591],[19.73045607278995,42.216775697108886],[19.730524167322443,42.2167184571569],[19.730580766443516,42.21667765441153],[19.730614896723925,42.216644885199344],[19.73063853910484,42.21657886193921],[19.730651183922397,42.21650442571614],[19.73069780471406,42.216405518789365],[19.73074374972262,42.2163397423269],[19.730811855809506,42.21628249332357],[19.730890757128385,42.216241937216196],[19.73093638212232,42.21619273061652],[19.730959360580226,42.21615983790291],[19.731004807551756,42.21611891154601],[19.731061915492948,42.216053258461926],[19.731119189100422,42.215979324940285],[19.731176296795166,42.21591367179438],[19.73126652680035,42.21586494950794],[19.73138957129112,42.21584974608802],[19.73149014735187,42.21584257627552],[19.731590533453197,42.21584368651521],[19.731713258526973,42.21584504369771],[19.731824820178907,42.21584627731308],[19.731903388952336,42.21582228130887],[19.732015447755,42.21579866450853],[19.73211668665356,42.21575835450295],[19.732218066849647,42.21570976372761],[19.732320133974234,42.215628033482346],[19.732455323255106,42.21556324269192],[19.73262414392959,42.21549053213572],[19.73274801560965,42.21543390717924],[19.73286122074146,42.21535229951072],[19.732985092122625,42.21529566528991],[19.73313128976238,42.2152392865501],[19.733266299790063,42.21518277505795],[19.733456262072075,42.21516829947339],[19.73371318366743,42.215210747087276],[19.733813415353186,42.21522014491886],[19.733902673552937,42.215221130281],[19.733992250820652,42.215205536604955],[19.734105110896323,42.21514049738002],[19.73418436369843,42.215083378382985],[19.734230150864153,42.215025880999086],[19.734264609111218,42.2149765498176],[19.73433220220663,42.214944148770236],[19.73438863177704,42.214911633498176],[19.734445073577195,42.21487910933048],[19.734512666298073,42.21484671717402],[19.73459142239056,42.214814439141506],[19.734725078292612,42.214755885433284],[19.73478222993368,42.214832775568496],[19.734831508087446,42.21490005424258],[19.734887113415382,42.215030761849505],[19.734875535971273,42.2151581626869],[19.73483670308338,42.21529197868965],[19.734816750970904,42.21538571704345],[19.734850505725277,42.21550690210706],[19.734903372751496,42.215574607437084],[19.7349656863138,42.21562227848312],[19.735045005562856,42.21572382759189],[19.735160479114,42.215825775364415],[19.73541797678432,42.21605682657699],[19.735601575612648,42.21641058498364],[19.735777881660404,42.21663402444763],[19.735865590961463,42.21676922654148],[19.735998183943774,42.216918345863455],[19.736113928635252,42.21700688202287],[19.73620268540084,42.217088404868875],[19.736309799691163,42.21715669827875],[19.73647058699894,42.21725243716855],[19.73664970767892,42.217334955147955],[19.736774620753135,42.21741686680991],[19.736845447188138,42.217491484853845],[19.73689807471678,42.21757260924422],[19.736967150970358,42.21773445053692],[19.73705299933733,42.2180088088574],[19.737203589362046,42.21850400747465],[19.737176260311006,42.2187249503839],[19.73717388684847,42.218844053455335],[19.737171174379178,42.21898016739074],[19.737214280244455,42.21911679480933],[19.73727962978032,42.21928769630529],[19.737323099427066,42.21940730408179],[19.737320048086055,42.21956043787788],[19.73740798081896,42.219748611515186],[19.737497270085562,42.219868723621396],[19.73765864720046,42.22012497167426],[19.73767885114481,42.220223959725764],[19.737682991511015,42.22029396319206],[19.737681434136718,42.220372141171346],[19.737675408809334,42.22039675952172],[19.737646146592294,42.22047463256654],[19.73761158449659,42.220540095932016],[19.737576858256002,42.22061379470381],[19.73754801784224,42.22067109280601],[19.73751394741799,42.22071186788355],[19.73746299340869,42.22076480842876],[19.73742314327899,42.22081786218655],[19.73737759506867,42.22087909942649],[19.73729341433388,42.22093166509514],[19.73720383926228,42.220975952088075],[19.737136951633882,42.22099579515927],[19.736986924754166,42.22101471365828],[19.73690949520477,42.22100563272753],[19.73686550496355,42.220988682807395],[19.736827282367468,42.22095945406208],[19.736783702174804,42.22092193807344],[19.736706777081448,42.22088816889571],[19.73663474166544,42.220887375416275],[19.736573621804464,42.220894930358924],[19.736534332849203,42.220919191212225],[19.736494973775745,42.22094757439245],[19.73647208853883,42.22098434926641],[19.73644942493995,42.221008793248174],[19.736415763744702,42.22102900195079],[19.736365407149812,42.22105314080862],[19.736309656788507,42.221068982990786],[19.73581814744609,42.221191589899824],[19.735756572665167,42.22121039242817],[19.73566005195603,42.221228791681305],[19.73553730315489,42.221246910692955],[19.735344649463773,42.22126426777584],[19.735257247472987,42.221263303986156],[19.735178588106738,42.22126243654529],[19.73509108097884,42.22126795321858],[19.735020646032343,42.22129313938127],[19.734958811992428,42.22132491112085],[19.734896848327864,42.221363172148315],[19.734755471815213,42.221439501605865],[19.7346326048876,42.22146410909469],[19.73451859801015,42.22148232346183],[19.734263779016615,42.221530375247426],[19.734138688621503,42.2215801734693],[19.734013417607727,42.221640214323486],[19.73387475128323,42.22167962663811],[19.73380585126836,42.22167886599263],[19.73368157829608,42.22168772969439],[19.733557676550177,42.22161560251456],[19.733457550719127,42.22150042708216],[19.733399222721307,42.22143006813562],[19.733349166013358,42.22137248493001],[19.73329057262571,42.221314807418096],[19.7332148035422,42.22126326887408],[19.733113170764078,42.22122412900996],[19.73305381775841,42.22120446024189],[19.73295231205834,42.22115897492679],[19.732919051822133,42.22111425251092],[19.732860597883707,42.22105023860903],[19.732793100651072,42.221011466595634],[19.732733747766392,42.22099180666561],[19.73268305854867,42.22096589572567],[19.732633256320604,42.22089563959748],[19.732551132992754,42.22069558934312],[19.732510362837164,42.22060007312932],[19.732460434331998,42.22053615323773],[19.73238571129276,42.22045601598265],[19.732358545069903,42.22042394615116],[19.732339971604105,42.22039037785816],[19.73234054364195,42.22036178346187],[19.73235183935192,42.220331723164655],[19.732365393297933,42.22029533211027],[19.73238103901684,42.22026214203117],[19.732385948955713,42.220230417720884],[19.73238667977216,42.22019388493519],[19.732378925424925,42.22015408050925],[19.732340195333606,42.220058325705175],[19.732252356163485,42.2199346156634],[19.732167208502077,42.21982833700359],[19.732054966785324,42.21971365656087],[19.731437178013948,42.219194244627246],[19.731319234556672,42.21909165367469],[19.731223179872323,42.21898525365416],[19.7311327486009,42.21887081357769],[19.731044102106882,42.218667260099245],[19.730908518784045,42.21824635460463],[19.730823485529495,42.21808137133128],[19.73074113564367,42.21795174323371],[19.730692508994277,42.21783510971138],[19.730613180916365,42.217514141235775],[19.730563771351967,42.21744568901289],[19.730510657331372,42.21739228384319],[19.73043380942992,42.21734113661262],[19.730257325336186,42.21719331647216],[19.730025112544812,42.21702897168999],[19.730022918389952,42.21702726393909],[19.729952869778337,42.21697287877748]]]},"properties":{"SIPERFAQJA":290837,"VOL":"1","FAQE":"42","NR_PAS":"19","PRONARET":"BASHKIA SHKODËR","KUFIZIMET":"_","ZK":"2859","EMRI_I_ZK":"PALAJ"}},
{"type":"Feature","geometry":{"type":"Polygon","coordinates":[[[19.774267988612607,42.188815170557476],[19.77414297899374,42.1883251523818],[19.774151086382307,42.1879055878556],[19.774205344665827,42.18763855960816],[19.77429058673683,42.18746137420438],[19.77431947749088,42.18723665659924],[19.774416029349645,42.18690634248527],[19.77450063767825,42.187065807397346],[19.774620819996642,42.18727494993957],[19.77485731312507,42.187623667024745],[19.774860116615738,42.187746779053114],[19.774868521184647,42.18784688651667],[19.774922766777543,42.18798593323127],[19.775095041441997,42.18817624923881],[19.775093853424003,42.18823777758957],[19.775040925832634,42.18829876240978],[19.774951031961454,42.18839781105229],[19.77482132160616,42.18866681549606],[19.774766239530443,42.1888393180387],[19.774738444618862,42.18893902080902],[19.774659491585144,42.189007415564554],[19.774535761307064,42.18898302034218],[19.77446924843033,42.1889438420713],[19.774356906585183,42.18886571543206],[19.774267988612607,42.188815170557476]]]},"properties":{"SIPERFAQJA":10642,"VOL":"1","FAQE":"33","NR_PAS":"51","PRONARET":"BASHKIA SHKODËR","KUFIZIMET":"_","ZK":"2859","EMRI_I_ZK":"PALAJ"}},
{"type":"Feature","geometry":{"type":"Polygon","coordinates":[[[19.763041041650006,42.20747802156898],[19.762895540456775,42.20762137388384],[19.762175089714113,42.20826653118657],[19.761892122055784,42.20819287970844],[19.761786923754432,42.208146110616575],[19.761687225481097,42.20810355994491],[19.761408872012478,42.20805907104109],[19.761260135581967,42.20795377444193],[19.76114555897514,42.20781564555569],[19.761113762202125,42.20772820332428],[19.761081467407354,42.207665629496084],[19.76100970002606,42.207623370931515],[19.760915515161575,42.207585029279386],[19.760558549637555,42.20753453061672],[19.760158317068342,42.20743895596214],[19.75964165933199,42.207300637585554],[19.759530720810716,42.20726210461413],[19.759259658119447,42.20713058156128],[19.758722254250447,42.20688383406815],[19.75833515222631,42.20668883696446],[19.758038904105817,42.20659028445389],[19.75811533591324,42.20644619046426],[19.75819012075835,42.20620503207391],[19.75822047814173,42.20608567304475],[19.75822835369257,42.206041529225075],[19.758243175600555,42.20600006232004],[19.75830971629181,42.20582305613282],[19.758335135917918,42.20577650052099],[19.75846685855749,42.20566864556004],[19.75854493207645,42.20561745641714],[19.758584319440814,42.20557364463978],[19.758620309803497,42.205524601662376],[19.75872989490158,42.20547375344162],[19.75899080841656,42.20539403323439],[19.759061028208162,42.205389580559675],[19.759152237082926,42.205387965628],[19.759334121243626,42.20541076489302],[19.75943827879051,42.20546398875205],[19.759479582955482,42.20550349716977],[19.759514132444625,42.2055299149597],[19.75958347544651,42.205569663568966],[19.759614769075615,42.205583019556066],[19.759660399095036,42.205580911300395],[19.760114671204366,42.20603377638402],[19.76039683687153,42.20631505632593],[19.760439650497126,42.20638827691687],[19.76053412158945,42.20644779584192],[19.76061783624129,42.206482126606815],[19.760746794611602,42.20650441473696],[19.7608196590163,42.20651773341144],[19.760892710914913,42.20652269978224],[19.761011472079133,42.206490556606155],[19.761390994918244,42.20635676502167],[19.76151101659409,42.20627184450926],[19.76182323001812,42.206595351850275],[19.76226433083327,42.20689974167697],[19.762285810310185,42.2069544023415],[19.76228957198287,42.207050751249454],[19.76233090836008,42.207243813936614],[19.762453430550405,42.20732050457943],[19.763041041650006,42.20747802156898]]]},"properties":{"SIPERFAQJA":56622,"VOL":"1","FAQE":"27","NR_PAS":"26","PRONARET":"BASHKIA SHKODËR","KUFIZIMET":"_","ZK":"2859","EMRI_I_ZK":"PALAJ"}},
{"type":"Feature","geometry":{"type":"Polygon","coordinates":[[[19.763041041650006,42.20747802156898],[19.762453430550405,42.20732050457943],[19.76233090836008,42.207243813936614],[19.76228957198287,42.207050751249454],[19.762285810310185,42.2069544023415],[19.76226433083327,42.20689974167697],[19.76182323001812,42.206595351850275],[19.76151101659409,42.20627184450926],[19.7616079424623,42.2062032570363],[19.76166059808837,42.206099369999485],[19.761718487135273,42.206016425146906],[19.761799183463367,42.20591700890982],[19.761829170232247,42.20582123135118],[19.761864565755836,42.20573804359633],[19.76191663756876,42.20566339012537],[19.761974268937212,42.20559298278374],[19.762169373747152,42.20507578152304],[19.76281355867261,42.20508685499902],[19.763307799620378,42.20509631722341],[19.764286041308896,42.20509520250577],[19.764148910493336,42.2056755001746],[19.76398441870911,42.20632001440687],[19.763585570175415,42.20694149462045],[19.763041041650006,42.20747802156898]]]},"properties":{"SIPERFAQJA":40486,"VOL":"1","FAQE":"12","NR_PAS":"27","PRONARET":"BASHKIA SHKODËR","KUFIZIMET":"_","ZK":"2859","EMRI_I_ZK":"PALAJ"}},
{"type":"Feature","geometry":{"type":"Polygon","coordinates":[[[19.782395584455486,42.205737247515195],[19.78242877036811,42.20579229880302],[19.782516749632755,42.20591725071661],[19.782601710929384,42.206105430870274],[19.782614975632423,42.20618017511216],[19.782624036085267,42.20621847775166],[19.782635728672126,42.20624771583465],[19.782657355039174,42.20626977635302],[19.782543213799908,42.206290188781146],[19.782479968987946,42.20631861342468],[19.782459946175578,42.20634168126001],[19.782462821096246,42.2064277933714],[19.78247345229888,42.20652553798128],[19.782478741561256,42.20657672814094],[19.78247749183916,42.206641802711985],[19.78245603705925,42.20678104118244],[19.7824361890845,42.20683660977241],[19.782410094017145,42.20689212104364],[19.782234956859952,42.20697948514935],[19.782096915877116,42.207041891950105],[19.78195179074467,42.20706649401612],[19.781771372923977,42.20709651863773],[19.78163015809083,42.20712115282575],[19.781440135169102,42.207196033208994],[19.78134884981625,42.20726765922423],[19.781258153953846,42.20730735068127],[19.781128545884485,42.20733791416963],[19.780896522423248,42.2074080441243],[19.78073039242367,42.2075079160518],[19.780508503607578,42.20766237101076],[19.780268142830963,42.20775853619272],[19.780021852393045,42.20775882456704],[19.779951601032415,42.20775227072219],[19.779920708927804,42.20773161454804],[19.77985326332883,42.20762709866181],[19.77983924042835,42.207542830454194],[19.779840859282988,42.20745871964164],[19.77988882754782,42.20740121804034],[19.780121724579864,42.20727315955194],[19.780264145904848,42.20717894199458],[19.780434020798936,42.2070700810831],[19.780442610645498,42.207029553292784],[19.7804314058961,42.2070033270027],[19.78038136902202,42.206965092624046],[19.780323232884193,42.20694125706451],[19.780245816316977,42.20690563026403],[19.780053387237274,42.206851279371385],[19.779922818227863,42.20682671818305],[19.779842086637444,42.206807323302776],[19.779786651007228,42.206769652402],[19.779781141740205,42.20673252163614],[19.779786192744574,42.20655691025004],[19.78002957139808,42.2064962658727],[19.780436184044593,42.20633634906931],[19.780517921566837,42.2062637670205],[19.780657393555842,42.2060816175044],[19.780832710122787,42.20596412644289],[19.78113823337474,42.205825053564574],[19.781325773818793,42.20573045888169],[19.78170502782239,42.205615133154126],[19.782045680843343,42.20561817484495],[19.782395584455486,42.205737247515195]]]},"properties":{"SIPERFAQJA":32290,"VOL":"1","FAQE":"29","NR_PAS":"30","PRONARET":"BASHKIA SHKODËR","KUFIZIMET":"_","ZK":"2859","EMRI_I_ZK":"PALAJ"}},
{"type":"Feature","geometry":{"type":"Polygon","coordinates":[[[19.76992008379148,42.202422641647566],[19.77022369158688,42.202427616755095],[19.770595641861245,42.20250726989803],[19.770810694755493,42.20262516646781],[19.770896331307423,42.20268780510819],[19.771027955666348,42.20271726721086],[19.771156105037544,42.20272986631773],[19.77150322561914,42.20274760158904],[19.771616484901497,42.20274881461832],[19.7717410870679,42.20275014900293],[19.77244597016647,42.20271379011537],[19.77288066537835,42.20272292483311],[19.7734244658075,42.20271079956652],[19.773666181100737,42.2027043997342],[19.77418558614969,42.20272345565167],[19.7748677534316,42.202739710607496],[19.77519891559243,42.20279260793324],[19.77549361166733,42.20291244447702],[19.775618308582512,42.20303053770021],[19.77576690844832,42.20316237161775],[19.776177768580176,42.20350888607306],[19.77637119248807,42.20366157005253],[19.77618753155833,42.20368182865581],[19.77605242132154,42.20370538682477],[19.77576688652563,42.20377179356284],[19.775498761449832,42.203833254045854],[19.775356503366275,42.20384006251065],[19.77526327892973,42.20382517629437],[19.775042999937682,42.20377283324807],[19.774860787207185,42.203718105622535],[19.774659937325232,42.20366039684198],[19.77448129272103,42.20361404301904],[19.77432803987413,42.20360962368547],[19.774162759383255,42.20364675703261],[19.773972046080242,42.203644718620176],[19.773604594566386,42.20358794578074],[19.77337360599903,42.20354103053947],[19.7731579565738,42.20347483357379],[19.773005402824065,42.20343431104903],[19.772900539658433,42.20344152550138],[19.772862339079257,42.20348278022983],[19.772842399513635,42.203546457416714],[19.77281520566296,42.20359894793798],[19.772746446452945,42.20367322080958],[19.772659575249634,42.203716736450694],[19.772501613710354,42.20376227299992],[19.772392095257402,42.203816655108966],[19.772270924287,42.20389313947711],[19.77209312911885,42.20399679914911],[19.771818906785445,42.204057753620646],[19.771239835964618,42.20410357673511],[19.77120849138893,42.20403528131052],[19.77117237095435,42.20393602023724],[19.771157324640246,42.2038058544032],[19.771142266450383,42.20367567943483],[19.77081859754543,42.20321059167957],[19.77032571481368,42.20264730854315],[19.76992008379148,42.202422641647566]]]},"properties":{"SIPERFAQJA":48588,"VOL":"1","FAQE":"28","NR_PAS":"34","PRONARET":"BASHKIA SHKODËR","KUFIZIMET":"_","ZK":"2859","EMRI_I_ZK":"PALAJ"}},
{"type":"Feature","geometry":{"type":"Polygon","coordinates":[[[19.768738743398256,42.16418421829264],[19.768660029177127,42.16426904143088],[19.76862328776866,42.164301677306355],[19.768586798622948,42.164321928401975],[19.76856997934689,42.16433000316612],[19.768480822028987,42.164345565670594],[19.768411134516455,42.16435926655994],[19.76833287106884,42.164385262803094],[19.76823751988225,42.164433788881325],[19.76815905597638,42.16447010874962],[19.768060813886287,42.16452479737321],[19.76800191195043,42.16455512447424],[19.767790316777127,42.164706092759104],[19.767579569723992,42.16483388825751],[19.76751202286818,42.164880650862095],[19.76736902607378,42.16514438278218],[19.767148496777228,42.16532963449776],[19.766982600125523,42.1654364668802],[19.766826721556257,42.16548416110768],[19.76661380191816,42.16550491845129],[19.766445725721326,42.165496530326],[19.76626071709611,42.165448456772644],[19.766128948497848,42.16539437475109],[19.766019627818263,42.16532407744362],[19.765924103092413,42.165227596067666],[19.765876686710634,42.16516125049501],[19.765791780133604,42.164965522383476],[19.76575411552096,42.16485320675942],[19.76574717884636,42.16475438343457],[19.765744478200308,42.164665481455074],[19.76573736170926,42.16457653196146],[19.765716949137392,42.16448744840633],[19.765691481243422,42.16443121467967],[19.76545644858483,42.16417981067977],[19.765325003250105,42.164109274593706],[19.765140255461148,42.16404804034866],[19.76499495087702,42.164006982002],[19.764858246482632,42.16397916876169],[19.76469928643852,42.16395771454844],[19.764602933370515,42.16390401214242],[19.76451580841516,42.16383065750409],[19.764411176173763,42.16374724745887],[19.76434612695721,42.16367742539416],[19.764254408282838,42.163521179832],[19.764073769631032,42.16320422637155],[19.76425542786989,42.163244966310955],[19.76457301116864,42.16331618506158],[19.76497037816144,42.16317878214781],[19.765328506351818,42.163201686636384],[19.765919704944253,42.16309371617341],[19.766382487029873,42.16300342009441],[19.766869387147946,42.162989596805154],[19.767457622664125,42.163034035350385],[19.767792050045966,42.16316897501755],[19.767991309614178,42.163249374193526],[19.76837316636811,42.163583669365735],[19.768520196575302,42.163712381562895],[19.768692064326352,42.16409533945521],[19.768738743398256,42.16418421829264]]]},"properties":{"SIPERFAQJA":60915,"VOL":"1","FAQE":"41","NR_PAS":"56","PRONARET":"BASHKIA SHKODËR","KUFIZIMET":"_","ZK":"2859","EMRI_I_ZK":"PALAJ"}},
{"type":"Feature","geometry":{"type":"Polygon","coordinates":[[[19.790272220975833,42.22490942945801],[19.79051763177846,42.22508688116507],[19.790762884576672,42.225251106091875],[19.791121386744763,42.22561352466558],[19.79134258519789,42.22599692929979],[19.791500103609817,42.226290529341206],[19.79157999867991,42.226487984471724],[19.791566694684253,42.22652822023839],[19.791511431761354,42.226574216570164],[19.791443516084193,42.22662630023169],[19.791400882594566,42.22666932375066],[19.79137896123421,42.22672189205082],[19.791373586305426,42.22678395224241],[19.79138315857525,42.226943144227654],[19.791377262744227,42.22703314249922],[19.791379782048033,42.227120132610594],[19.791390847455407,42.22719788625377],[19.791435610423253,42.22726358063147],[19.791591623385397,42.22742545895206],[19.791594498543727,42.22749380875275],[19.791580767599516,42.227555780904424],[19.79155037161883,42.22761446261658],[19.791481743996936,42.22770380888216],[19.791366236698646,42.227836475947406],[19.791314167610476,42.22793530512708],[19.791309029471254,42.22798494443403],[19.79131088759316,42.227997387380576],[19.791249426671662,42.2280792919926],[19.79116986212952,42.22817678703146],[19.79107091579238,42.228207045564396],[19.79098662688944,42.22820615705144],[19.790921193571467,42.22819850837369],[19.79084198965737,42.22817680571163],[19.790730998242264,42.228102607713666],[19.790615585990718,42.22801444522238],[19.790505446000715,42.22789504574164],[19.79034982774664,42.22770560465772],[19.790204953895593,42.22744324891724],[19.790106181280155,42.22721963069114],[19.790029091841845,42.22708666162706],[19.78986696232742,42.226732244497015],[19.789826745006792,42.22663096581526],[19.789771918456825,42.2264460713426],[19.789596394494552,42.22625971404592],[19.789438572172017,42.22609215136418],[19.78950441630138,42.226057889860314],[19.789549190731947,42.22598844047059],[19.789564816422168,42.22592945034971],[19.78956656304158,42.22583803099644],[19.78956841231354,42.22574123826811],[19.78959921636291,42.225644760123146],[19.789658794145666,42.22555933453938],[19.789842611344962,42.22541605586345],[19.789894548088068,42.225352065362515],[19.789939436315088,42.22527724255321],[19.78998482578521,42.22517553472045],[19.79003686497389,42.22510616177239],[19.790272220975833,42.22490942945801]]]},"properties":{"SIPERFAQJA":38506,"VOL":"1","FAQE":"55","NR_PAS":"10","PRONARET":"BASHKIA SHKODËR","KUFIZIMET":"_","ZK":"2859","EMRI_I_ZK":"PALAJ"}},
{"type":"Feature","geometry":{"type":"Polygon","coordinates":[[[19.745072675960717,42.20146492054213],[19.74508120281929,42.20157794972427],[19.74508044042485,42.20161647192075],[19.74507964970623,42.20165642519853],[19.745088740923656,42.20168220869024],[19.745116873532098,42.201716770854134],[19.745112330090883,42.20175240690433],[19.74510789975464,42.20178232762836],[19.7451037396409,42.20179798240652],[19.745039119567394,42.20185796098159],[19.744990266899176,42.201898819770385],[19.74493758908777,42.20193962767948],[19.744898376190676,42.20197916051822],[19.74486900073236,42.202007385873124],[19.74485126259519,42.20203002200634],[19.744849111766573,42.20204142259309],[19.744862105922426,42.202160577327355],[19.744861371529336,42.202197677435855],[19.744860806569502,42.20222621805772],[19.74485069875703,42.202251791468655],[19.744803855215157,42.20228838698898],[19.74476105871199,42.20231504305112],[19.74473560541515,42.20233901711956],[19.744687918499697,42.20242065167553],[19.74467218912469,42.20247146946108],[19.74465662809443,42.202515006095894],[19.74453557067142,42.20268570909669],[19.74448063172105,42.202736097663085],[19.744431244304952,42.20275376901678],[19.74435771610307,42.202752964095055],[19.74430933822756,42.202719656513736],[19.744305072611855,42.20268682285421],[19.744305865985936,42.20264676158939],[19.744286771998613,42.202621066583895],[19.74412037744586,42.20254131046824],[19.744049480319593,42.202539111769596],[19.74401301502341,42.20254013485331],[19.743963443671092,42.202554257022584],[19.743922978976755,42.202583585028066],[19.743853781288315,42.202633727117885],[19.743511654197054,42.202332061273204],[19.7434232032854,42.20221304301183],[19.74339461069116,42.202128412713364],[19.743389160929457,42.202021556813754],[19.743446687536586,42.20179172404827],[19.743686014157692,42.20155262961245],[19.74387930805438,42.20135067883903],[19.743917804472375,42.20131737720519],[19.744039746381358,42.20127373625192],[19.744221434362647,42.20127010808327],[19.744658897623005,42.20134235229743],[19.744907676120913,42.20139004214802],[19.745072675960717,42.20146492054213]]]},"properties":{"SIPERFAQJA":15982,"VOL":"1","FAQE":"23","NR_PAS":"40","PRONARET":"BASHKIA SHKODËR","KUFIZIMET":"_","ZK":"2859","EMRI_I_ZK":"PALAJ"}},
{"type":"Feature","geometry":{"type":"Polygon","coordinates":[[[19.743853781288315,42.202633727117885],[19.743922978976755,42.202583585028066],[19.743963443671092,42.202554257022584],[19.74401301502341,42.20254013485331],[19.744049480319593,42.202539111769596],[19.74412037744586,42.20254131046824],[19.744286771998613,42.202621066583895],[19.744305865985936,42.20264676158939],[19.744305072611855,42.20268682285421],[19.74430933822756,42.202719656513736],[19.74435771610307,42.202752964095055],[19.744431244304952,42.20275376901678],[19.74448063172105,42.202736097663085],[19.74453557067142,42.20268570909669],[19.74465662809443,42.202515006095894],[19.74467218912469,42.20247146946108],[19.744687918499697,42.20242065167553],[19.74473560541515,42.20233901711956],[19.74476105871199,42.20231504305112],[19.744803855215157,42.20228838698898],[19.74485069875703,42.202251791468655],[19.744860806569502,42.20222621805772],[19.744861371529336,42.202197677435855],[19.744862105922426,42.202160577327355],[19.744849111766573,42.20204142259309],[19.74485126259519,42.20203002200634],[19.74486900073236,42.202007385873124],[19.744898376190676,42.20197916051822],[19.74493758908777,42.20193962767948],[19.744990266899176,42.201898819770385],[19.745039119567394,42.20185796098159],[19.7451037396409,42.20179798240652],[19.74510789975464,42.20178232762836],[19.745112330090883,42.20175240690433],[19.745116873532098,42.201716770854134],[19.745088740923656,42.20168220869024],[19.74507964970623,42.20165642519853],[19.74508044042485,42.20161647192075],[19.74508120281929,42.20157794972427],[19.745072675960717,42.20146492054213],[19.745260706980776,42.201523189039264],[19.745554547405504,42.201588241048874],[19.746100704035687,42.201558347228804],[19.74622028438976,42.20176145363941],[19.746313180799874,42.201900818905926],[19.7464545394274,42.202134195318614],[19.746560684654302,42.20236718673644],[19.746634929568792,42.2024315554542],[19.746689462194002,42.202473292598505],[19.746693463676003,42.2025256766331],[19.746692429148602,42.20257801464089],[19.746681482705757,42.20262277229675],[19.746680670017696,42.20266388665864],[19.746654690020026,42.20270473501219],[19.74659791575965,42.20277516202463],[19.7463970009324,42.20299778472116],[19.746222526535266,42.203161126803764],[19.74602965745938,42.203241282833474],[19.745816718386408,42.20331747405497],[19.74575696378089,42.20339158606679],[19.74574969844998,42.20368173690831],[19.745732720435008,42.20377856174662],[19.745739816018215,42.20392790010968],[19.74573671650215,42.20408458101677],[19.745633327951868,42.20437937017789],[19.745448173474532,42.204703378123625],[19.74539626697357,42.20461515342874],[19.745333647210003,42.204526802515225],[19.745286169965073,42.20448643827402],[19.745248915108945,42.204255648818936],[19.74526952030956,42.204215426187275],[19.745354455046645,42.204175907257245],[19.745360211094173,42.204119380767864],[19.74535658141799,42.204053154988934],[19.74534258858166,42.20400888087419],[19.745313633127097,42.20397178908653],[19.745269896769926,42.20393086259317],[19.745206573877137,42.20387869379458],[19.745094115020027,42.203807604351304],[19.74500167957939,42.20372569687792],[19.744934291391747,42.20362935339225],[19.74489636778487,42.20354436930863],[19.74486383214132,42.2034373791447],[19.74472663703366,42.20330698951973],[19.744531919954497,42.20330485832427],[19.7444173050051,42.20329687886187],[19.744178667996383,42.203280267445294],[19.74403045682681,42.20300742748711],[19.743853781288315,42.202633727117885]]]},"properties":{"SIPERFAQJA":36624,"VOL":"1","FAQE":"24","NR_PAS":"39","PRONARET":"BASHKIA SHKODËR","KUFIZIMET":"_","ZK":"2859","EMRI_I_ZK":"PALAJ"}},
{"type":"Feature","geometry":{"type":"Polygon","coordinates":[[[19.755308957150284,42.20295697931959],[19.755053491571456,42.20278109836719],[19.75482153373363,42.20266046810204],[19.754730728646816,42.20259732925992],[19.75467338343669,42.202534535634925],[19.754642108988513,42.20242231344654],[19.754644428304758,42.20230422629865],[19.7545897687846,42.20210471435465],[19.75453571987154,42.201874132500365],[19.75448905943585,42.20169336046241],[19.754433668398065,42.20153113769673],[19.7544356216989,42.2014316996702],[19.754568757870246,42.201047083638386],[19.754682554273064,42.20079821269884],[19.75491273019759,42.20058314894617],[19.755294478914102,42.20031999105059],[19.755468599917904,42.199978733408265],[19.755593276616754,42.19959468146263],[19.755851317250702,42.19899880753625],[19.755898982750217,42.19893714449863],[19.755919162037497,42.19893177284067],[19.756004232621617,42.19892165849655],[19.756075302437402,42.199006836435075],[19.756169149994665,42.19913997442839],[19.75625196360049,42.1992214895683],[19.756343467470085,42.19933773137435],[19.75640194917728,42.199430181647934],[19.756416740854487,42.19959829208559],[19.756422533189678,42.19977399305355],[19.75644465839227,42.19987499756659],[19.75651502161566,42.19997653404969],[19.75677295575085,42.20025711026493],[19.75690649952981,42.20041473249253],[19.757007061583405,42.2005180633583],[19.756717840399915,42.200808031028345],[19.75652377413178,42.20097497559547],[19.756493041342647,42.20104553683545],[19.756458788792482,42.201107885665834],[19.756351855952985,42.20124912728328],[19.756300407918044,42.20131344120492],[19.756027791901946,42.201563283092625],[19.75561528266973,42.20183456295612],[19.755570539070643,42.20189343076765],[19.75549524808642,42.202027515804254],[19.755456708353798,42.20214042065922],[19.75543934704862,42.20228592816572],[19.755411932900476,42.20257162098575],[19.755431165343058,42.20270769486332],[19.75543652042984,42.20280498858291],[19.75536106363036,42.20290982270428],[19.755308957150284,42.20295697931959]]]},"properties":{"SIPERFAQJA":42436,"VOL":"1","FAQE":"22","NR_PAS":"38","PRONARET":"BASHKIA SHKODËR","KUFIZIMET":"_","ZK":"2859","EMRI_I_ZK":"PALAJ"}},
{"type":"Feature","geometry":{"type":"Polygon","coordinates":[[[19.756446407587845,42.194081970235125],[19.756568259105524,42.19412824061663],[19.757153027331903,42.19430958654377],[19.757394164164587,42.194355870155675],[19.75726805115182,42.19452580298034],[19.757177460811842,42.194670256450515],[19.75712869804318,42.19491479349157],[19.75719619920467,42.195585381114284],[19.75725225884928,42.19571668645311],[19.757372816821796,42.19592494149662],[19.757442468419047,42.19611085895794],[19.757439481538718,42.19626331051246],[19.757437241451473,42.19637764467533],[19.757323061319354,42.196586525430966],[19.7569680082929,42.19712182730764],[19.756462457344014,42.197481217614744],[19.755759324105956,42.19782214100942],[19.75523538239584,42.19797672717855],[19.75504750005424,42.19781041996133],[19.75521519646448,42.1973761242886],[19.755254177705886,42.19725169204395],[19.755358803602565,42.19713338261699],[19.75536812632755,42.197030342454205],[19.755340504337337,42.196948606352656],[19.75529911254838,42.19682329288883],[19.755247144343876,42.19647382008286],[19.755161591748653,42.196364321785424],[19.755061441946108,42.19625465598537],[19.755006388155834,42.19608033769277],[19.754838478082217,42.19569747630472],[19.75478610160414,42.19538746564959],[19.75484593739482,42.19531753582231],[19.754942290870314,42.19524800236274],[19.755075943779286,42.19514088321823],[19.75520207256771,42.195044530241894],[19.755240306843994,42.19495808029053],[19.7552355524873,42.19482774486784],[19.75520115357022,42.194718783692885],[19.75517013776816,42.19452258021674],[19.754975365096033,42.19418049669721],[19.75496708657731,42.19415941306202],[19.754980661072445,42.19413211185562],[19.755051357693922,42.194073138773426],[19.75513814856324,42.193970732322136],[19.75521351831758,42.19385128620172],[19.755426235006958,42.19392550628771],[19.75555813931625,42.19395976948551],[19.75571277713529,42.19396144711503],[19.75588942385227,42.19396746838836],[19.7560439933172,42.19397324995947],[19.75622155626668,42.193998608976734],[19.75632455642674,42.194035690725585],[19.756446407587845,42.194081970235125]]]},"properties":{"SIPERFAQJA":69067,"VOL":"1","FAQE":"21","NR_PAS":"37","PRONARET":"BASHKIA SHKODËR","KUFIZIMET":"_","ZK":"2859","EMRI_I_ZK":"PALAJ"}},
{"type":"Feature","geometry":{"type":"Polygon","coordinates":[[[19.777342521130976,42.21387931600575],[19.777429337915123,42.213799633475126],[19.777999679153112,42.21356965817685],[19.778330024482305,42.21383826362714],[19.77866296941722,42.214145561344544],[19.778734496600677,42.21425972690835],[19.77881677148767,42.21436228566522],[19.778945972554734,42.21448880435188],[19.77907556283266,42.21459577370466],[19.779190106098593,42.21466346708766],[19.779310280761305,42.21471167596392],[19.779549688474685,42.21487966182871],[19.779663543043792,42.21498254700301],[19.780113856760632,42.215419131107424],[19.78025375933408,42.21553792999606],[19.780648765188726,42.21580806258899],[19.78087824753556,42.215923914972706],[19.78099278285544,42.215991615467715],[19.781091240869273,42.21607478224694],[19.78138442152146,42.21649889733501],[19.78164232898631,42.21677929992814],[19.781733116814642,42.216987527746966],[19.781761688715367,42.217144266826246],[19.781850184352,42.217486912792126],[19.78200964815612,42.21768413956361],[19.782347994318787,42.21819384989722],[19.78255905718475,42.21845838585098],[19.782635407113094,42.21860013861063],[19.782792936646928,42.21890716460989],[19.783084700782545,42.21939368314767],[19.783315574465277,42.219724982964095],[19.783391674465005,42.219883071988306],[19.783378735012928,42.22000821278777],[19.783270867801658,42.22031432202627],[19.783159332471584,42.22049667160807],[19.783051451013282,42.220489360296945],[19.78291002365936,42.22050019293334],[19.782769316016505,42.220472925678315],[19.782621075726578,42.220405283347134],[19.782340843518742,42.22022241263733],[19.782357315492725,42.22000052416207],[19.78223887811245,42.219619894570165],[19.782086540413992,42.21936731576996],[19.781884044351504,42.21905714653607],[19.781679781795727,42.21883707267785],[19.78148875214987,42.21851652767278],[19.781026717970118,42.2180580296254],[19.780717744183125,42.21772686716992],[19.780533336672285,42.21746036962221],[19.780480886355413,42.217319301692065],[19.780482913837222,42.21721394056578],[19.78048168458099,42.2172035566723],[19.780455764946424,42.21698530473128],[19.780217604165543,42.21666076342552],[19.78004014697242,42.21643422882943],[19.779782281089695,42.21631439080687],[19.779571947132016,42.21625823719705],[19.779460445364673,42.21615444073177],[19.77942746529481,42.21607347280534],[19.779419984503644,42.2159487812545],[19.779363834712907,42.215790595764176],[19.77908152795433,42.21544788339954],[19.77867521962884,42.215202273772924],[19.77850343520414,42.21510666583266],[19.778386322659323,42.21504095194993],[19.778285438727437,42.214951968427286],[19.77826313548513,42.21488139468487],[19.778156052207642,42.21470442705038],[19.778025097041382,42.214538926172786],[19.777919010442197,42.21440202984827],[19.777918916581083,42.21430954663898],[19.777887030835576,42.21419898083976],[19.777839791525917,42.214075747017],[19.7777879723972,42.2140361601878],[19.777726903224146,42.21399646575707],[19.777573475499068,42.21393512632744],[19.777342521130976,42.21387931600575]]]},"properties":{"SIPERFAQJA":71368,"VOL":"1","FAQE":"31","NR_PAS":"13","PRONARET":"BASHKIA SHKODËR","KUFIZIMET":"_","ZK":"2859","EMRI_I_ZK":"PALAJ"}},
{"type":"Feature","geometry":{"type":"Polygon","coordinates":[[[19.77513813176886,42.21619537992241],[19.775132269223295,42.216268120128134],[19.77508566503677,42.216373518228465],[19.775003822091232,42.216458689538804],[19.774886948007445,42.21651038459604],[19.774743746965505,42.21654193888396],[19.774059664609396,42.21666897240278],[19.773405355154868,42.21616362811059],[19.773195228655847,42.21596944847546],[19.77286407019927,42.21558203231883],[19.77274292151831,42.21539542060818],[19.77279068203352,42.215230466605384],[19.773005032192252,42.21520629272423],[19.77333443819373,42.21522304984924],[19.773644100909493,42.21533887395664],[19.77385603101594,42.215440418845],[19.774095068172546,42.21552239367265],[19.774406909088384,42.21552572637065],[19.774585625938393,42.21550116876014],[19.774791601060116,42.21545041684765],[19.774907157815015,42.21546489382521],[19.77501267658921,42.21553881469085],[19.77512557232658,42.21569224286759],[19.775147435107726,42.21594397781872],[19.775143982190933,42.21612263958598],[19.77513813176886,42.21619537992241]]]},"properties":{"SIPERFAQJA":20074,"VOL":"1","FAQE":"46","NR_PAS":"28","PRONARET":"BASHKIA SHKODËR","KUFIZIMET":"_","ZK":"2859","EMRI_I_ZK":"PALAJ"}},
{"type":"Feature","geometry":{"type":"Polygon","coordinates":[[[19.762549272952732,42.19194337372633],[19.762772105932473,42.19186835617013],[19.763393715334857,42.191736457217516],[19.763786288545077,42.19160838839296],[19.764277147364357,42.19122307785144],[19.764966267876876,42.19076815027481],[19.765265576960502,42.19063907210482],[19.765370103658505,42.190622597392924],[19.765445991082572,42.19088898751638],[19.76544439244484,42.19097112698817],[19.765426034663207,42.19104044658802],[19.765312765678477,42.191178261759966],[19.765251519639406,42.19126608789475],[19.765077249558747,42.19147908307148],[19.764946100331443,42.191660952569016],[19.76487534843309,42.191799225083955],[19.76482099844963,42.191969272894156],[19.7648104099829,42.192076603507196],[19.764719731706226,42.19234288369353],[19.764675477213032,42.19243088348547],[19.764597211471365,42.1925185259461],[19.764407752185335,42.19263656031446],[19.76427907278808,42.1926920517614],[19.764055859640095,42.192797082411026],[19.763731314928307,42.19286310205109],[19.763474803970848,42.19292985421889],[19.76312597621619,42.192932385933204],[19.762590161481192,42.192926606774435],[19.762258788910497,42.19292303142289],[19.762327846570383,42.19286077723889],[19.762363592077975,42.19276667289828],[19.762427003630737,42.19255945378929],[19.762447032968296,42.1924021714771],[19.762451211195632,42.19218802050425],[19.762461170456326,42.19211252511164],[19.76248795158493,42.19204351294616],[19.762497652833797,42.191980618240144],[19.76252346281305,42.19196200048655],[19.762549272952732,42.19194337372633]]]},"properties":{"SIPERFAQJA":31519,"VOL":"1","FAQE":"15","NR_PAS":"48","PRONARET":"BASHKIA SHKODËR","KUFIZIMET":"_","ZK":"2859","EMRI_I_ZK":"PALAJ"}},
{"type":"Feature","geometry":{"type":"Polygon","coordinates":[[[19.769787489499134,42.18435034686694],[19.76968302333739,42.18423632611185],[19.769562156481022,42.18413413866229],[19.76944063094793,42.18401912446291],[19.76993431223104,42.183963508728525],[19.770518772109686,42.183845000206865],[19.770957901092878,42.18362980220891],[19.771342936300506,42.18348880685931],[19.77194765010323,42.183344121651594],[19.772488662732325,42.18330358566969],[19.77249252110297,42.18346766148836],[19.77269755317089,42.184085482267236],[19.77217220881971,42.184363105652835],[19.77177546347942,42.18452293762877],[19.771254521908947,42.1846234527932],[19.770891477502573,42.18460991253],[19.770425031604024,42.184575988412284],[19.769787489499134,42.18435034686694]]]},"properties":{"SIPERFAQJA":23513,"VOL":"1","FAQE":"34","NR_PAS":"49","PRONARET":"BASHKIA SHKODËR","KUFIZIMET":"_","ZK":"2859","EMRI_I_ZK":"PALAJ"}},
{"type":"Feature","geometry":{"type":"Polygon","coordinates":[[[19.745507084468148,42.19118337820779],[19.745587952673468,42.19122983317762],[19.7456987517632,42.19131459685205],[19.745859025569565,42.191576421962836],[19.745886842858102,42.19172102682103],[19.745884890879633,42.19181975365035],[19.74588383987871,42.1918729107883],[19.745872861943017,42.191910763205705],[19.745862196135143,42.19193344085858],[19.745798904626405,42.19203147897934],[19.74577756098222,42.19207682513506],[19.745745689706727,42.192137243345734],[19.745723745483744,42.192212957278635],[19.745722093827226,42.192296482198145],[19.74576147757356,42.19237286675111],[19.745801323959046,42.19242647108149],[19.745851235696886,42.19248777454046],[19.745952410275958,42.19254205836893],[19.74605387328071,42.192581149081796],[19.746247659619492,42.192606043708594],[19.746319215350017,42.19260682583256],[19.746411676001802,42.192585060122546],[19.74651417794322,42.19257098415693],[19.746626781367294,42.19256461657164],[19.746729157342983,42.192558137127094],[19.74683154522559,42.19255166672363],[19.746778138670845,42.19275113624249],[19.746763495179255,42.19291264270846],[19.746738230005633,42.193031487413286],[19.746724270862156,42.1931589629845],[19.746699017609586,42.19327780780567],[19.746696496248763,42.193405408344454],[19.746695319596284,42.193464955861515],[19.74668234446574,42.19354139813843],[19.74662391746323,42.19360032007407],[19.74655455664298,42.19363360048001],[19.746426912524907,42.19371728790664],[19.746334627083503,42.19375031763133],[19.746277028269773,42.19376670274561],[19.746219273396814,42.193791593463104],[19.746150416765996,42.19379934811705],[19.74607025396483,42.19379847179096],[19.745990091167222,42.19379759540881],[19.74588704028029,42.19379646871972],[19.74579543949687,42.19379546714059],[19.745657845735938,42.19380247886903],[19.745577034273165,42.19383562445608],[19.745416170228655,42.19386476154677],[19.74535133357617,42.193885325198124],[19.745279250460342,42.1939111300052],[19.745221789589163,42.19392113334305],[19.74515737359986,42.19392042864089],[19.745092957612865,42.193919723902525],[19.745014760937163,42.19389228404431],[19.744895271288957,42.193778499693025],[19.744853707230593,42.19370891487735],[19.744833906572534,42.19362361582009],[19.744842439851436,42.193554570198316],[19.744865069079598,42.19349631974792],[19.744916218079737,42.193443701828144],[19.745002934960983,42.193402104977686],[19.745075134771795,42.19337099015788],[19.745133121184804,42.19333439933131],[19.745162599859142,42.19329217613926],[19.745170792811738,42.193239088152744],[19.745136171700892,42.19318021131166],[19.745101655894867,42.193116015149194],[19.74509544933252,42.193068090088985],[19.74509660645772,42.193009604666386],[19.745119223143572,42.19295135402227],[19.745164059830834,42.19285612122802],[19.745186898788837,42.192787241077],[19.745203005281848,42.19269701442],[19.74528464764277,42.19253122669715],[19.745315165406527,42.19243583720048],[19.745331061355195,42.19235624014073],[19.745368521637655,42.19227156749461],[19.74542019509295,42.19219236175749],[19.745435763286746,42.19212871348289],[19.745436919882167,42.19207023704356],[19.7454164071591,42.192022146513025],[19.745374305809374,42.1919791403039],[19.7453251564827,42.19193074552304],[19.74526179421507,42.191876874780355],[19.745191080816493,42.19183355550807],[19.74513477886312,42.19178507339425],[19.745092770816235,42.19173675664023],[19.745057835022994,42.19169382870936],[19.745058886887527,42.191640662586],[19.745103196690344,42.19157201734574],[19.745132872899937,42.191519155380064],[19.745198548468355,42.19145606431056],[19.745271470036027,42.1913877320029],[19.745336724824117,42.19134590010139],[19.745507084468148,42.19118337820779]]]},"properties":{"SIPERFAQJA":25244,"VOL":"1","FAQE":"45","NR_PAS":"44","PRONARET":"BASHKIA SHKODËR","KUFIZIMET":"_","ZK":"2859","EMRI_I_ZK":"PALAJ"}},
{"type":"Feature","geometry":{"type":"Polygon","coordinates":[[[19.777342521130976,42.21387931600575],[19.777379390373827,42.213977574713326],[19.777095099852275,42.21396522633063],[19.776987522724504,42.21395907389446],[19.77688694247367,42.21393800688699],[19.776537717590884,42.213894284272286],[19.77631406304047,42.213834273583416],[19.77617497368349,42.2137968607432],[19.775881516918368,42.21367791251302],[19.77569551173075,42.213564107664624],[19.775374292399224,42.213412993092334],[19.77525744468134,42.213343929924314],[19.775053886599622,42.213273751543575],[19.774857669201864,42.21318407087471],[19.774977742038953,42.21293396885509],[19.775159385489072,42.212719345733454],[19.775160749606766,42.21264875404232],[19.775143171999,42.21257324278092],[19.775015648140215,42.21228471150594],[19.774924129037736,42.21210012891542],[19.77489361465674,42.21203860428321],[19.7748630335642,42.2119817872146],[19.77483904548871,42.21191091570926],[19.774840228301567,42.21184972064128],[19.774986988356662,42.21179950609322],[19.775162795349,42.211886123812825],[19.775325756687536,42.21198202067134],[19.775667321264788,42.212018616270335],[19.775908159943523,42.21202118689779],[19.776186276429538,42.212061821065525],[19.776641823947408,42.212433873134934],[19.777097545991907,42.21279652668042],[19.77719096724472,42.21288226284137],[19.77725262489004,42.212972359583055],[19.77725514344555,42.21317011636881],[19.777242455434006,42.21349950697432],[19.77722788379824,42.21359822558735],[19.777224978095134,42.21374884168658],[19.777342521130976,42.21387931600575]]]},"properties":{"SIPERFAQJA":30695,"VOL":"1","FAQE":"30","NR_PAS":"29","PRONARET":"BASHKIA SHKODËR","KUFIZIMET":"_","ZK":"2859","EMRI_I_ZK":"PALAJ"}},
{"type":"Feature","geometry":{"type":"Polygon","coordinates":[[[19.765123448647497,42.232210587030956],[19.76534251487085,42.231986723697],[19.765450293461218,42.23188833513298],[19.76557904976051,42.23180065107929],[19.765657639216148,42.23175172253952],[19.765792627022538,42.23170602059585],[19.765927296531046,42.231676024297236],[19.765982207337395,42.231664830969734],[19.766037118300257,42.231653628615135],[19.76625243318079,42.23165070565575],[19.766382455675508,42.231678301352865],[19.766543684317984,42.231735058289615],[19.766676886561594,42.231781025788926],[19.766838358756356,42.2318246774013],[19.76701118100911,42.23182915522923],[19.767205224401955,42.23183124120337],[19.767371597765532,42.23180420369982],[19.767506788173524,42.231748032093584],[19.767578621306875,42.23168330239004],[19.76768061913183,42.23138684126156],[19.767688724322554,42.23133322888666],[19.767696829673586,42.231279607510004],[19.767709427560735,42.231209253882994],[19.767732516503756,42.23108032616498],[19.76778562438806,42.230889649244574],[19.767810819185396,42.23068296316813],[19.76781364573175,42.2303620480361],[19.767836853436727,42.23025750012513],[19.767902286042226,42.23015865425458],[19.76807153630598,42.23000773721736],[19.768218466464873,42.22989142859895],[19.768318679334037,42.22981915309125],[19.768408957131697,42.22971271462205],[19.768484883417845,42.22961921150435],[19.768557405666925,42.22955125668466],[19.768639259666596,42.22951545965612],[19.768770360062586,42.22948805038183],[19.76888401879199,42.229449974905094],[19.769011938933044,42.22940419326873],[19.76914702132655,42.2293532399398],[19.769589228216997,42.229178971630795],[19.770115024569137,42.22899598343097],[19.770446653545616,42.228883137832135],[19.770717016599033,42.228770768915524],[19.770967010525236,42.22861626576284],[19.771662298230275,42.22810762319286],[19.77180042723312,42.22803797428777],[19.77195449286451,42.22785166230227],[19.772004629563554,42.227735347572136],[19.772020369507047,42.22762883728295],[19.771994784638903,42.22753711663641],[19.771887263464055,42.22743944124973],[19.77181996000335,42.22738284243355],[19.771658940734863,42.22720440925315],[19.772102746781673,42.226977745100776],[19.772441853628315,42.226878945496594],[19.772884550200885,42.22678871630605],[19.773223238308468,42.22671267705725],[19.77345205519408,42.22671154283506],[19.77370866169831,42.2267102703195],[19.773932470990346,42.22676198747134],[19.77409436800976,42.226843380629674],[19.77451338694046,42.227134226148856],[19.774635640269658,42.227201477950025],[19.774799993099464,42.22729188833999],[19.774861640836324,42.227325800594464],[19.775205278965238,42.22751482765663],[19.775227215745442,42.22752689447798],[19.775100270678095,42.2276335589467],[19.77505675190773,42.22768980947761],[19.775021466798332,42.22775874233787],[19.774934834928104,42.22785024497746],[19.77483461448273,42.22791219144327],[19.774731966325604,42.22795310020689],[19.77463013037144,42.227952012206345],[19.774480715967236,42.22792520891024],[19.774385063737792,42.22789688239138],[19.774337420412955,42.22787327300266],[19.774257844298962,42.227851716962604],[19.774161838653836,42.2278422915886],[19.774054225451952,42.22784744303006],[19.773988721625184,42.2278698520639],[19.773957069745673,42.22789681808157],[19.773911122367064,42.22793203953583],[19.773750119804234,42.22802144983375],[19.77361058156806,42.22806827386151],[19.77346546896288,42.22811083396819],[19.773366019437177,42.228132870605705],[19.773252628140625,42.22814426119662],[19.77318438341105,42.2281624363153],[19.773141338537794,42.22819348437035],[19.77312666491416,42.2282206317762],[19.77312019584268,42.228262576921324],[19.773130775027912,42.22830049130098],[19.773150006085125,42.228330107964744],[19.773197039062893,42.22838522882812],[19.773257905110256,42.22846036600079],[19.773279482103142,42.22851521454226],[19.7732755910005,42.22856978166948],[19.773243665774153,42.22861145453395],[19.773206398224083,42.22863626270536],[19.773112330656417,42.22867306666003],[19.773021276056785,42.22869939693417],[19.772963894510323,42.228740788373266],[19.772871078415818,42.22882240161244],[19.77277307801595,42.22891587851792],[19.77272303412993,42.22901617022978],[19.772690538791323,42.229087238771676],[19.77269235551243,42.22913976938717],[19.7727114645451,42.22917568651561],[19.772744549147337,42.22921675854215],[19.772783377621398,42.22925709080491],[19.772808183191174,42.22929096230352],[19.772818896510213,42.22932257643983],[19.77281796070868,42.22937088246691],[19.77279733397934,42.22941267609503],[19.772765326747002,42.22945854307341],[19.772742000410336,42.22949399710022],[19.772724463718315,42.22952322037889],[19.772703157395703,42.22960071035109],[19.77263138523549,42.22965456002121],[19.772540137780332,42.22969138467368],[19.77239526476358,42.22972135157006],[19.772267766007865,42.2297304836035],[19.772066800348515,42.22973463379732],[19.7718857005141,42.22973689880375],[19.771752627302842,42.229741775439194],[19.77161065729407,42.22976755929568],[19.7714995672735,42.22980627715636],[19.771442020691044,42.22985607432184],[19.771341843954346,42.22995227240653],[19.77127376871025,42.23002090680255],[19.770954349137142,42.230383910029396],[19.77086646105031,42.23048784642762],[19.770837646540443,42.230545117137844],[19.770839821393096,42.230575991764915],[19.77086390771145,42.23061943454947],[19.770882247846536,42.23067309651831],[19.770880372904195,42.23076847514342],[19.770861630199704,42.23087726665635],[19.77085136708198,42.230977929827695],[19.770850050556422,42.23104577600944],[19.77084625200242,42.23109920070964],[19.770817676463842,42.23114414064535],[19.77077235208322,42.23119386139651],[19.770715520074,42.231267288206624],[19.77067239552392,42.23134908113249],[19.770634833304094,42.23142888111192],[19.770563910062535,42.23155425383206],[19.77053309572125,42.23162464655707],[19.77050589496671,42.23168735393091],[19.770481243737333,42.2317766007726],[19.770472047243757,42.23182726685612],[19.770451847741104,42.23188187507083],[19.770418120262025,42.23192821805899],[19.770223881541142,42.232046605877336],[19.770019624804416,42.23214187572602],[19.769878745771486,42.23221346444711],[19.769730258579997,42.23225451617818],[19.769607197164618,42.23225319600963],[19.769479001176784,42.23223558024498],[19.769344727494204,42.232248345319036],[19.769292297261302,42.2322721522642],[19.769178882554588,42.23233794019667],[19.76886556983501,42.23250767590229],[19.76871986531702,42.23257687976194],[19.76852760841722,42.23265973538885],[19.768415102264502,42.2327030172534],[19.76830536054434,42.23274429414827],[19.76822031612652,42.232775735479656],[19.7681868809755,42.232813789707805],[19.768169296966768,42.232878301256065],[19.768159863634978,42.232942909349205],[19.76815327347939,42.233001471344046],[19.768080288349893,42.23313472445964],[19.76806787507551,42.23312333809238],[19.768058053958413,42.23310822555802],[19.76802815271648,42.2330872708086],[19.767899790716452,42.233051970736554],[19.767749118031848,42.23300344931282],[19.767613649554868,42.23294179449344],[19.767491827008676,42.23285059617393],[19.76730474387326,42.23278139140658],[19.767212765570896,42.232741476277994],[19.766974197034347,42.23269667225118],[19.766905647505606,42.23269593523835],[19.766849500611407,42.2326803605134],[19.766777396493975,42.232655629756884],[19.76670967509066,42.23261298625139],[19.766561013832888,42.232584443268465],[19.76641617682618,42.23256791444934],[19.76628721444949,42.23256353844008],[19.76580562949243,42.23242943321543],[19.76571786054881,42.23238058677159],[19.765469309727916,42.23229553938356],[19.765321870210187,42.232265288483795],[19.765123448647497,42.232210587030956]]]},"properties":{"SIPERFAQJA":167166,"VOL":"1","FAQE":"54","NR_PAS":"3","PRONARET":"BASHKIA SHKODËR","KUFIZIMET":"_","ZK":"2859","EMRI_I_ZK":"PALAJ"}},
{"type":"Feature","geometry":{"type":"Polygon","coordinates":[[[19.765123448647497,42.232210587030956],[19.764570623888062,42.231796616414705],[19.76422486350754,42.23162660754194],[19.763609199345805,42.23128739546421],[19.76291955841205,42.23095410695744],[19.762529658726073,42.23071315487612],[19.762390670662715,42.230641193144876],[19.76223941782309,42.23061419202212],[19.761959197049002,42.23058580757822],[19.761766057652814,42.23056680693878],[19.761599201781785,42.23056218758418],[19.76145103584665,42.23057186762338],[19.761318198028317,42.23057325074467],[19.761167068143337,42.23054061401881],[19.760997689456346,42.230471140082216],[19.76055504982331,42.23030803163136],[19.760460486266563,42.23029292083655],[19.760308750872678,42.23029128078491],[19.76010759030222,42.23029474172274],[19.75994358826435,42.23033806171375],[19.759802121303633,42.23039290519649],[19.759664181067986,42.23046187543799],[19.759534373739324,42.23050274689009],[19.759371253772304,42.23050098245985],[19.759151390873985,42.230490150611885],[19.758395361969832,42.23042275940763],[19.75790550560024,42.23044282401215],[19.757726867093805,42.23046955288696],[19.757316011076494,42.2301593885462],[19.756746371064978,42.229808899170024],[19.756649598778626,42.229773100728664],[19.75662668681362,42.22974871683537],[19.756636187714943,42.22969481429754],[19.756664521751027,42.22963735291776],[19.756754463134797,42.22961137468444],[19.75684047659453,42.22956827620501],[19.756953782734232,42.229511501713816],[19.757159799244274,42.22938328031227],[19.75749796756013,42.22919645314316],[19.757825178047995,42.22903771088168],[19.757900420481,42.229038525800945],[19.75799514443042,42.22904162220396],[19.758100795008534,42.229055189637414],[19.75822038480913,42.229068907900825],[19.758342975067933,42.229072305734654],[19.758440646802324,42.22906715145223],[19.758524651226605,42.22904735523639],[19.758603380858283,42.22901300795889],[19.758659843474625,42.22897634906134],[19.758688735899234,42.22892489783109],[19.758684045393682,42.22887929478978],[19.75867083660207,42.22884187277967],[19.7586689151716,42.22879837026623],[19.758683369515627,42.228771609459116],[19.75897067145831,42.22863961927869],[19.75908840813799,42.22860568474645],[19.759186066996016,42.22860052968745],[19.759378810656607,42.22864186540266],[19.75945340403988,42.228675801209654],[19.759545289510147,42.22868093618607],[19.759617867772096,42.22867550948765],[19.759715903589903,42.228651723031774],[19.759842320129174,42.22860132612924],[19.759927227143702,42.228535986362886],[19.76002038087435,42.22847693836624],[19.76027928160022,42.22835136263332],[19.760645133898958,42.22820990951718],[19.760748779876636,42.228184112240164],[19.760930979168673,42.228132237308536],[19.761026297164097,42.22810427924728],[19.761107647731308,42.22807824078611],[19.761208941120724,42.22802964153586],[19.761307461097907,42.22798101224115],[19.761518455899846,42.227798182968144],[19.761561260140653,42.2277468812252],[19.761623221823978,42.227714421351216],[19.761687483224133,42.227706832976644],[19.76178764266255,42.22771619660615],[19.76195502280737,42.227709721336275],[19.762047271380617,42.227696214195426],[19.762139600640058,42.22767857573631],[19.76225446730248,42.22764876608438],[19.76236162523031,42.22758572618692],[19.76242637170486,42.22755329592811],[19.762527271001918,42.227525396838836],[19.76323360338822,42.227381423971174],[19.763935523723564,42.227264757574474],[19.76404219661803,42.22726004301546],[19.764129081415227,42.227256202945476],[19.764161511756473,42.22725476959626],[19.764224280320093,42.227273029766195],[19.764228032804592,42.227274121410034],[19.764271579260626,42.22730308272147],[19.764291324383745,42.22731621453732],[19.76429180776096,42.2274355019412],[19.764301636141543,42.2275016946728],[19.7643422040365,42.22755995436469],[19.764413177280353,42.227626796842685],[19.764512076413347,42.227687755443405],[19.76461386992046,42.22774254246198],[19.76475154690131,42.227810112222315],[19.764875506873558,42.22786926986427],[19.76498892937695,42.227897336541915],[19.765097139525647,42.22790882752604],[19.765208380502532,42.22790589313794],[19.765286696345857,42.22788195260842],[19.76546513187902,42.22782532166721],[19.765531137109,42.22782235716404],[19.765642667478982,42.22781734789619],[19.76576237765598,42.22781863623628],[19.765899496436994,42.22783658622335],[19.766005705125078,42.22784760469209],[19.766020465695597,42.22784826246518],[19.76610317726543,42.227851948293086],[19.76623626089835,42.227850085128985],[19.766345906094454,42.22784835583604],[19.766484662348883,42.22784616726133],[19.76661786195449,42.22783772412524],[19.76676435880514,42.22782941481662],[19.76689319027542,42.22781762049847],[19.767113792977117,42.227763363196445],[19.76721400773411,42.22773871517509],[19.767513784977382,42.227587945950695],[19.767657784376652,42.22751552271342],[19.76799140474945,42.22734772993094],[19.76834046720732,42.22738959538514],[19.76845876894223,42.22742030373264],[19.76855064549059,42.227420858159306],[19.7686060107063,42.227439664537464],[19.76862009608677,42.22751765078847],[19.768650222195983,42.22757427544336],[19.76870710772367,42.227629539935926],[19.768744582480476,42.22765146706919],[19.768808583556222,42.22768527408599],[19.768874201673174,42.22775056192095],[19.768902397259097,42.2277906103148],[19.76892372718174,42.227840514686335],[19.768971925088344,42.22788409966404],[19.769017044285395,42.22791439099677],[19.7690621635256,42.22794468231169],[19.76908542020694,42.22800951535682],[19.769111657270223,42.22803629110024],[19.769155726629997,42.22806039289108],[19.76915798126962,42.22806162596574],[19.76922227238282,42.22808053684112],[19.769289929242163,42.22811262734636],[19.769431478621854,42.228170087311085],[19.769534044211373,42.22819473811585],[19.76965682259261,42.228198999103974],[19.769683414774672,42.22819118132426],[19.77008166062642,42.22807410089265],[19.770247182804365,42.2280254442113],[19.77046687931145,42.22793654206003],[19.77080953876567,42.22769202178727],[19.770824545564526,42.227681312934976],[19.771519418237933,42.22728166813532],[19.771658940734863,42.22720440925315],[19.77181996000335,42.22738284243355],[19.771887263464055,42.22743944124973],[19.771994784638903,42.22753711663641],[19.772020369507047,42.22762883728295],[19.772004629563554,42.227735347572136],[19.77195449286451,42.22785166230227],[19.77180042723312,42.22803797428777],[19.771662298230275,42.22810762319286],[19.770967010525236,42.22861626576284],[19.770717016599033,42.228770768915524],[19.770446653545616,42.228883137832135],[19.770115024569137,42.22899598343097],[19.769589228216997,42.229178971630795],[19.76914702132655,42.2293532399398],[19.769011938933044,42.22940419326873],[19.76888401879199,42.229449974905094],[19.768770360062586,42.22948805038183],[19.768639259666596,42.22951545965612],[19.768557405666925,42.22955125668466],[19.768484883417845,42.22961921150435],[19.768408957131697,42.22971271462205],[19.768318679334037,42.22981915309125],[19.768218466464873,42.22989142859895],[19.76807153630598,42.23000773721736],[19.767902286042226,42.23015865425458],[19.767836853436727,42.23025750012513],[19.76781364573175,42.2303620480361],[19.767810819185396,42.23068296316813],[19.76778562438806,42.230889649244574],[19.767732516503756,42.23108032616498],[19.767709427560735,42.231209253882994],[19.767696829673586,42.231279607510004],[19.767688724322554,42.23133322888666],[19.76768061913183,42.23138684126156],[19.767578621306875,42.23168330239004],[19.767506788173524,42.231748032093584],[19.767371597765532,42.23180420369982],[19.767205224401955,42.23183124120337],[19.76701118100911,42.23182915522923],[19.766838358756356,42.2318246774013],[19.766676886561594,42.231781025788926],[19.766543684317984,42.231735058289615],[19.766382455675508,42.231678301352865],[19.76625243318079,42.23165070565575],[19.766037118300257,42.231653628615135],[19.765982207337395,42.231664830969734],[19.765927296531046,42.231676024297236],[19.765792627022538,42.23170602059585],[19.765657639216148,42.23175172253952],[19.76557904976051,42.23180065107929],[19.765450293461218,42.23188833513298],[19.76534251487085,42.231986723697],[19.765123448647497,42.232210587030956]]]},"properties":{"SIPERFAQJA":341990,"VOL":"1","FAQE":"53","NR_PAS":"2","PRONARET":"BASHKIA SHKODËR","KUFIZIMET":"_","ZK":"2859","EMRI_I_ZK":"PALAJ"}},
{"type":"Feature","geometry":{"type":"Polygon","coordinates":[[[19.757029278439536,42.21574469868986],[19.756743022558833,42.21574159606798],[19.756456778831158,42.21573849286324],[19.75620774565047,42.21572207275581],[19.75580437657816,42.21581667956839],[19.75580534539841,42.21576732967533],[19.7558212037429,42.21567573978921],[19.7556458837129,42.21532828795607],[19.755639442464886,42.21518326069958],[19.75564093305316,42.21510734124514],[19.755605511502164,42.21501722055825],[19.75555111025021,42.21494759955139],[19.75549738671181,42.21484347049493],[19.75548998519113,42.21474674892695],[19.75549188242099,42.21465012825582],[19.75549432167758,42.2145259029619],[19.755314160861307,42.2142124452938],[19.755225017826557,42.214018195321366],[19.75490904698375,42.21368921014348],[19.754760343090613,42.21356673789152],[19.75455114557624,42.21332924147172],[19.75445835153686,42.213157655410804],[19.754662176671143,42.21312306670476],[19.754932455788392,42.21307334573991],[19.755220809645294,42.21300538328975],[19.755327489775766,42.212985484318885],[19.755632677384124,42.21296246368543],[19.755833542005156,42.2128805959216],[19.755996920623883,42.21286131136121],[19.756099457223378,42.21287295632174],[19.756198589363844,42.21287666012081],[19.756298198278866,42.21285668356083],[19.7563523705193,42.21280461564865],[19.756456377974985,42.21268944073175],[19.75663459478319,42.21250079101208],[19.75682754762445,42.212695598033626],[19.757597668901813,42.21381679853649],[19.758006650404447,42.21425446183918],[19.758116309996545,42.21437181685079],[19.75776603466596,42.21473072317131],[19.757706883125135,42.21479460302531],[19.75759580021356,42.21484932298129],[19.75741022604047,42.214864525293045],[19.757271638890266,42.214845811074696],[19.757138670603318,42.21483576391596],[19.756970290160925,42.21485975817089],[19.756876243815576,42.21493186574067],[19.756861969299884,42.2150693674242],[19.7569521356112,42.21519510057905],[19.75703626177006,42.215333668706855],[19.757039952760195,42.21544125192062],[19.757029278439536,42.21574469868986]]]},"properties":{"SIPERFAQJA":56629,"VOL":"1","FAQE":"51","NR_PAS":"24","PRONARET":"BASHKIA SHKODËR","KUFIZIMET":"_","ZK":"2859","EMRI_I_ZK":"PALAJ"}},
{"type":"Feature","geometry":{"type":"Polygon","coordinates":[[[19.757029278439536,42.21574469868986],[19.757039952760195,42.21544125192062],[19.75703626177006,42.215333668706855],[19.7569521356112,42.21519510057905],[19.756861969299884,42.2150693674242],[19.756876243815576,42.21493186574067],[19.756970290160925,42.21485975817089],[19.757138670603318,42.21483576391596],[19.757271638890266,42.214845811074696],[19.75741022604047,42.214864525293045],[19.75759580021356,42.21484932298129],[19.757706883125135,42.21479460302531],[19.75776603466596,42.21473072317131],[19.758116309996545,42.21437181685079],[19.75847550207262,42.21477788989405],[19.75882635821892,42.215165227520295],[19.75830127335254,42.21545647168938],[19.757937799218823,42.215624086643075],[19.757260519771027,42.21572662491821],[19.757029278439536,42.21574469868986]]]},"properties":{"SIPERFAQJA":13513,"VOL":"1","FAQE":"52","NR_PAS":"25","PRONARET":"BASHKIA SHKODËR","KUFIZIMET":"_","ZK":"2859","EMRI_I_ZK":"PALAJ"}},
{"type":"Feature","geometry":{"type":"Polygon","coordinates":[[[19.77001573054562,42.18113406810231],[19.77063550295336,42.18066780176433],[19.771478668526235,42.179907499373925],[19.771607365983293,42.18002572115786],[19.771690234713144,42.18020357977838],[19.772477716382724,42.181453049623855],[19.77191865129269,42.181450279350614],[19.77125889518622,42.181498669300694],[19.770632154732862,42.181407897546286],[19.77001573054562,42.18113406810231]]]},"properties":{"SIPERFAQJA":18539,"VOL":"1","FAQE":"35","NR_PAS":"54","PRONARET":"BASHKIA SHKODËR","KUFIZIMET":"_","ZK":"2859","EMRI_I_ZK":"PALAJ"}},
{"type":"Feature","geometry":{"type":"Polygon","coordinates":[[[19.766759786468423,42.22249884442795],[19.766459561073642,42.22244336563554],[19.766164038581252,42.222426296039416],[19.76571069520315,42.22238209545109],[19.765552649455294,42.222354071341655],[19.765251217600206,42.22216108216803],[19.76514910456913,42.22210757959228],[19.7650684678873,42.22206639844826],[19.76493970219011,42.22198841014677],[19.76481068889163,42.22192251831076],[19.764702601628862,42.22189717363992],[19.76450452213177,42.22175393580152],[19.764296960301078,42.22152436109614],[19.76412751282124,42.22130483833576],[19.76402288633983,42.22110213725489],[19.764002601889306,42.22102936799829],[19.763988284733706,42.22082764008328],[19.763996125176174,42.22042568461465],[19.76391693924533,42.21996320407208],[19.764505900411574,42.220422273805745],[19.76498756833307,42.22057529055796],[19.765199569922736,42.22081691210043],[19.765588113862773,42.221309549000836],[19.765883315002526,42.221704764072754],[19.76619609831251,42.222087312029245],[19.766308071232384,42.22224780568491],[19.766759786468423,42.22249884442795]]]},"properties":{"SIPERFAQJA":23457,"VOL":"1","FAQE":"50","NR_PAS":"18","PRONARET":"BASHKIA SHKODËR","KUFIZIMET":"_","ZK":"2859","EMRI_I_ZK":"PALAJ"}},
{"type":"Feature","geometry":{"type":"Polygon","coordinates":[[[19.768718622045427,42.21718985937514],[19.76947205780039,42.21711194502081],[19.7700427126894,42.217052924396995],[19.77075811099294,42.21690666119462],[19.770969686033474,42.216820461538944],[19.771404833217066,42.216614475393435],[19.771990515847325,42.21632020999959],[19.772156530797943,42.21624194661235],[19.772316495334927,42.21618466594542],[19.772430670196012,42.21614797870967],[19.77283646581041,42.21612516086063],[19.772854038176536,42.21614392993134],[19.77304912929064,42.216669941659994],[19.773108506813905,42.2168226462116],[19.773175876496484,42.21702170880315],[19.773244258067468,42.21716789278999],[19.773360914011068,42.21736411550382],[19.773632910426883,42.21782163878688],[19.773955992985893,42.21814905500226],[19.77274435852058,42.21806481505256],[19.771313539358093,42.21804949578454],[19.770565121279073,42.218184812571195],[19.77009181392245,42.218285174659194],[19.769681030779726,42.21838197436136],[19.769503699462895,42.218447554296155],[19.76923916122315,42.21861763480453],[19.768863721756635,42.2188418713311],[19.768717125622434,42.218528506975254],[19.768552809199104,42.217759095331324],[19.768531051577742,42.21765721510335],[19.768718622045427,42.21718985937514]]]},"properties":{"SIPERFAQJA":65496,"VOL":"1","FAQE":"47","NR_PAS":"15","PRONARET":"BASHKIA SHKODËR","KUFIZIMET":"_","ZK":"2859","EMRI_I_ZK":"PALAJ"}},
{"type":"Feature","geometry":{"type":"Polygon","coordinates":[[[19.769682262592585,42.220708939148615],[19.76964175602388,42.22065185225373],[19.769614682210893,42.220527967291034],[19.769640149797517,42.22019064891741],[19.76965656912473,42.220024288870455],[19.769681664747107,42.21986454865997],[19.769745495634602,42.21974767046374],[19.769857003378466,42.21966723235512],[19.769999722699364,42.21956427166179],[19.77015506989393,42.219490830173946],[19.77034093661746,42.219457353450366],[19.770556450110544,42.21945640497227],[19.770723209553143,42.2194745138651],[19.770871551641402,42.21953488966986],[19.770966958596997,42.21960448370067],[19.771017943562875,42.219696458860255],[19.77106906733332,42.219781908711845],[19.77110233178779,42.219880229727735],[19.771070107049287,42.21995499182659],[19.7709850486202,42.22003245565821],[19.77087857034289,42.220080296899795],[19.770741133379442,42.22013760089031],[19.7706653720572,42.22018903903759],[19.770628359045244,42.220283338998236],[19.77052231453909,42.22051852538065],[19.770453633188474,42.220658209197],[19.77037992267023,42.22083048190375],[19.770302639559684,42.2209602787436],[19.77017462489175,42.22098503120962],[19.77005661742932,42.22094784602354],[19.76992201772932,42.22085823259321],[19.76976989963631,42.22076516320951],[19.769682262592585,42.220708939148615]]]},"properties":{"SIPERFAQJA":13358,"VOL":"1","FAQE":"48","NR_PAS":"16","PRONARET":"BASHKIA SHKODËR","KUFIZIMET":"_","ZK":"2859","EMRI_I_ZK":"PALAJ"}},
{"type":"Feature","geometry":{"type":"Polygon","coordinates":[[[19.76943345407367,42.19811320471482],[19.7695478378168,42.198041682827274],[19.769646198450467,42.19802034879945],[19.76978154081028,42.198032999579155],[19.76989365708096,42.19807897134403],[19.76996799530741,42.19813013741674],[19.770019420988543,42.19819783835598],[19.7700479337401,42.19828209219264],[19.770074468997816,42.19846706251516],[19.770213134270637,42.1986979954219],[19.770294026114104,42.198799600393386],[19.770435947423678,42.198862680780486],[19.770548391076705,42.19889186579749],[19.77070645576302,42.198899159504776],[19.770849016332615,42.198928667001475],[19.77093090972091,42.19897991340966],[19.770937354389204,42.1990359508528],[19.770898599832503,42.199091494954075],[19.770730824099523,42.1991960251995],[19.770526281436045,42.199255400792644],[19.770405114563427,42.19928768115863],[19.77028458649412,42.1992863890167],[19.77007369568023,42.19928412782063],[19.769954060229377,42.19923806659721],[19.769827293318897,42.19916955761501],[19.769649137475195,42.19903332080633],[19.76937631170569,42.1987281988936],[19.76930707687137,42.198414052889724],[19.76943345407367,42.19811320471482]]]},"properties":{"SIPERFAQJA":9551,"VOL":"1","FAQE":"20","NR_PAS":"36","PRONARET":"BASHKIA SHKODËR","KUFIZIMET":"_","ZK":"2859","EMRI_I_ZK":"PALAJ"}},
{"type":"Feature","geometry":{"type":"Polygon","coordinates":[[[19.780999738033795,42.202842872903],[19.781037093656778,42.20240376919547],[19.781045001108588,42.2019924402047],[19.781053342685716,42.20155851958829],[19.78135650761661,42.20204753252945],[19.781547501849087,42.20251295494318],[19.78153837050955,42.202988134476925],[19.781577340121462,42.203457883320326],[19.781548781016596,42.20369520917083],[19.781665204405584,42.204128591499824],[19.781178523314775,42.20397300760742],[19.779660428956042,42.20357265831746],[19.780999738033795,42.202842872903]]]},"properties":{"SIPERFAQJA":16849,"VOL":"1","FAQE":"19","NR_PAS":"32","PRONARET":"BASHKIA SHKODËR","KUFIZIMET":"_","ZK":"2859","EMRI_I_ZK":"PALAJ"}},
{"type":"Feature","geometry":{"type":"Polygon","coordinates":[[[19.77625982832019,42.19741304297136],[19.77588787865993,42.19759420099915],[19.77558218575175,42.197757339961726],[19.775385146495672,42.197755902592924],[19.775136701735505,42.19770237675987],[19.774975521964247,42.19768975343493],[19.774863513265046,42.197663125100995],[19.77477605051419,42.197633112855854],[19.774708417380833,42.19758878237718],[19.774690178152266,42.19751953852692],[19.774715904802306,42.1974544103501],[19.774820226232382,42.19737193670326],[19.774988834009914,42.19725381555868],[19.775132416533257,42.19716450493105],[19.775251196879214,42.197093096293905],[19.775340004508237,42.19705406452068],[19.77573302243089,42.19696740709069],[19.775855289378693,42.196968712054044],[19.775982037719796,42.19699187771758],[19.77632801628504,42.19706097229476],[19.776494097082583,42.1970736459959],[19.77660659596745,42.197074845962554],[19.776812148826853,42.19706977320115],[19.777003241246863,42.19705364388444],[19.777154989691027,42.19704799680459],[19.777218504490595,42.19705230193043],[19.77731108027212,42.197071455815006],[19.77750489160911,42.19716801167638],[19.777811167971485,42.19733102460901],[19.777987438226635,42.197322000716625],[19.7783318320654,42.19722028632678],[19.77851007353127,42.19710952759393],[19.77868950753988,42.19696447282593],[19.778730448182618,42.196870427715076],[19.778742257662287,42.1967651614153],[19.778743447002114,42.19670339905602],[19.778759237012263,42.19664542015304],[19.77878034886551,42.196565702902724],[19.778849371000817,42.19653735974769],[19.77895724645421,42.196523978178504],[19.779423760709513,42.196430825447536],[19.78000918689276,42.19625899361857],[19.78017009689499,42.19628613700125],[19.78044061068109,42.19635794556777],[19.780597486963465,42.19634870244327],[19.780720026077233,42.196342722102266],[19.780799052316127,42.19630719210354],[19.780838991034273,42.196267600588286],[19.780878999600912,42.196224372798326],[19.78094859513688,42.19617053943972],[19.78101740930922,42.19615672277066],[19.78110994172696,42.19618316514041],[19.781158204679777,42.19622005703623],[19.78110309426403,42.196284955460875],[19.780859563000593,42.19647152740834],[19.78065602699541,42.196614879982015],[19.780404519118914,42.19670678608209],[19.78024217997671,42.19674507586828],[19.780051035063522,42.19675395402981],[19.77975960057006,42.19686770618344],[19.779660066004162,42.19695031629968],[19.779483943567797,42.197163727653574],[19.7793797279142,42.19723537670345],[19.779222289154582,42.19727371718651],[19.77900630489418,42.197300523241225],[19.778896918191787,42.197386664809876],[19.77867519299952,42.19770463032828],[19.77850173870338,42.197811920315345],[19.77834358524367,42.19788663098947],[19.77820643029491,42.197888807089946],[19.777946943433847,42.19788604272627],[19.777518966065003,42.197732329050936],[19.77712688378505,42.197495336442],[19.776959743740015,42.197431428255136],[19.776618291082595,42.19736230283276],[19.776466372217595,42.197367956384646],[19.77625982832019,42.19741304297136]]]},"properties":{"SIPERFAQJA":30942,"VOL":"1","FAQE":"18","NR_PAS":"33","PRONARET":"BASHKIA SHKODËR","KUFIZIMET":"_","ZK":"2859","EMRI_I_ZK":"PALAJ"}},
{"type":"Feature","geometry":{"type":"Polygon","coordinates":[[[19.768397439650183,42.221605737257775],[19.768277315882237,42.221436290676785],[19.767984811242368,42.22117950520305],[19.7677299216021,42.22097221343718],[19.767474898560746,42.220755052992544],[19.767323133610272,42.220626595569314],[19.76720348346184,42.22054759146073],[19.767090035535567,42.22043181591036],[19.767058490325926,42.22035374972335],[19.767065671069368,42.220267916618404],[19.767116848265637,42.22018665257349],[19.76713449107065,42.220129559688274],[19.767191949202918,42.22000744702531],[19.76717237809095,42.219880410253104],[19.76707773889657,42.2196364710302],[19.76699708629471,42.21953333624963],[19.766862024866235,42.21939687454975],[19.76655690787842,42.21918714058152],[19.766280232028564,42.21896734092362],[19.76613063577957,42.21872846325204],[19.76600375783255,42.218278902549976],[19.766014677522968,42.217891023685645],[19.766058181885228,42.21786977784811],[19.76623432167478,42.21784559266716],[19.76646285488728,42.21783500626807],[19.766664810599217,42.217837178160146],[19.767025467449848,42.21819729163119],[19.767396559561607,42.218567805898104],[19.767636455680478,42.21890969494034],[19.76767373562371,42.2192564915254],[19.767670304821923,42.21943291154874],[19.767948930527695,42.22005173504806],[19.768103006985957,42.22027559735438],[19.768221998862657,42.22049254687466],[19.768289974605228,42.22061745658636],[19.76847058785271,42.22086946592335],[19.768530142037605,42.22097468674398],[19.7686331929875,42.22110649962072],[19.76871954085014,42.22124525401659],[19.768718982110848,42.22131701547375],[19.768701568244122,42.221356772351754],[19.76867372770916,42.22142263239243],[19.768622727977885,42.22140070405118],[19.76855599272325,42.22140196806782],[19.768525533085448,42.2214215454124],[19.768495073428834,42.22144112274877],[19.768459241990747,42.22147504629957],[19.768428403832957,42.221534347321466],[19.768397439650183,42.221605737257775]]]},"properties":{"SIPERFAQJA":31339,"VOL":"1","FAQE":"49","NR_PAS":"17","PRONARET":"BASHKIA SHKODËR","KUFIZIMET":"_","ZK":"2859","EMRI_I_ZK":"PALAJ"}},
{"type":"Feature","geometry":{"type":"Polygon","coordinates":[[[19.769719824596326,42.19126844967982],[19.76990764744543,42.19108238414397],[19.77001381233472,42.19100575014828],[19.770184854270028,42.190958961719566],[19.770852496201645,42.190946681713285],[19.771115122587542,42.190900882274896],[19.77132766146722,42.19073787348345],[19.771449932018754,42.19050584768329],[19.771653914696248,42.19010941113796],[19.77184592848136,42.18965450991546],[19.77194221667593,42.18941247364583],[19.772089131504682,42.18925849246176],[19.772364269153712,42.1892419831293],[19.77253303511152,42.18931185708354],[19.77267394252173,42.18946891890071],[19.77274661285979,42.18977109079422],[19.77271762506576,42.1899166209616],[19.772623219832226,42.19006145113853],[19.772515354647112,42.190225573565904],[19.77236616895307,42.19049620320914],[19.772416057621975,42.19062313207337],[19.772532480990996,42.19069243682021],[19.772793976836596,42.19070495755219],[19.773356453598684,42.190839142537975],[19.77358423939302,42.190908448757675],[19.773721685051857,42.19099503678324],[19.773760819679012,42.19108664135916],[19.77369715359793,42.19141484858081],[19.77356355268433,42.1915532467804],[19.773380742217768,42.191697195265284],[19.773182742629984,42.19178018720681],[19.772707639294808,42.19180550607497],[19.77253606626731,42.19179150779029],[19.772380504244826,42.19179591964714],[19.772265263512477,42.19183116428039],[19.772157486513365,42.19190296676634],[19.771991141308362,42.19204101259272],[19.7718582415167,42.192142938214914],[19.771659532328574,42.192262397983825],[19.77118970509437,42.19237884519072],[19.770944375075764,42.19237014001562],[19.770764866565415,42.192343900694446],[19.770577505636183,42.19229932889102],[19.770382576256626,42.19222428325917],[19.77022058656834,42.19213743710946],[19.769915236211894,42.191848433019494],[19.769814188001327,42.19157377279271],[19.769719824596326,42.19126844967982]]]},"properties":{"SIPERFAQJA":54508,"VOL":"1","FAQE":"16","NR_PAS":"50","PRONARET":"BASHKIA SHKODËR","KUFIZIMET":"_","ZK":"2859","EMRI_I_ZK":"PALAJ"}},
{"type":"Feature","geometry":{"type":"Polygon","coordinates":[[[19.759440548756952,42.19325665453966],[19.759737705672254,42.193259868072005],[19.76022526534152,42.19326513900118],[19.76069799881901,42.19334518430953],[19.761060987333238,42.19340121203172],[19.761244261163476,42.19342304197273],[19.76135102786098,42.193429155351865],[19.76164504297752,42.19344947973945],[19.76149757762051,42.193678828171095],[19.761371495966987,42.19405546281614],[19.761230792562873,42.19431224242852],[19.760676542888437,42.19474499096839],[19.76043344725798,42.1943570670528],[19.760273984701776,42.19422868777417],[19.76010587818242,42.19410653457341],[19.759970494603007,42.194054414080036],[19.759852054066496,42.194008796356144],[19.75980226523368,42.19393859684987],[19.759769902259567,42.193849581510825],[19.75963602981691,42.19372146903322],[19.759477840665202,42.1935293828651],[19.759386809871774,42.19338907594138],[19.759388296071442,42.19331309308566],[19.759440548756952,42.19325665453966]]]},"properties":{"SIPERFAQJA":16768,"VOL":"1","FAQE":"40","NR_PAS":"46","PRONARET":"BASHKIA SHKODËR","KUFIZIMET":"_","ZK":"2859","EMRI_I_ZK":"PALAJ"}},
{"type":"Feature","geometry":{"type":"Polygon","coordinates":[[[19.759667657372223,42.192798120632084],[19.75949755865337,42.1928381246611],[19.759310041962955,42.192877976043654],[19.75921480549482,42.192882176302426],[19.759049240565243,42.19288038518235],[19.758702766497514,42.19281894828039],[19.75813577356354,42.19274486017791],[19.757880664988676,42.19275023609638],[19.757541467920376,42.19214187479749],[19.757239057614807,42.19157662780188],[19.757157680974565,42.191446920573846],[19.75716475028659,42.19137218655119],[19.757182665009022,42.19131420662573],[19.757183723451597,42.19126018519904],[19.75709278107209,42.19114482325602],[19.756856255145664,42.191015235008024],[19.756243601418642,42.19067957070808],[19.755872745042055,42.190476377865934],[19.755500594818123,42.1903429570301],[19.755302602715606,42.19017041869369],[19.755268352123945,42.190016995806474],[19.75536497798952,42.1900756602237],[19.755428400612246,42.19010891038478],[19.755492044720192,42.190129640460164],[19.755559323334708,42.19013788747854],[19.75561994681339,42.19014104787467],[19.755727858237453,42.19013971583933],[19.755846341942085,42.19011595616084],[19.755917464393228,42.19009919075211],[19.756015723960935,42.190075202539404],[19.7561610625907,42.1900567481649],[19.756242020596424,42.19005511435561],[19.756349490021805,42.190076319160106],[19.75645339849314,42.190107505021786],[19.75655427400425,42.190121121072984],[19.756678750506328,42.190134992861594],[19.75680948966375,42.19017398630332],[19.757007908284013,42.19025639380854],[19.757163945166948,42.19038083347929],[19.757615931500442,42.190543543528],[19.757869225234394,42.190694071526664],[19.758107405510096,42.19077259551885],[19.758248620223974,42.19085539879128],[19.758308617769643,42.19089366967611],[19.75834485491613,42.19093920039789],[19.758360892582854,42.190982000759966],[19.758414090786736,42.19119571938571],[19.758413403710968,42.191230821629105],[19.758412814938886,42.19126090155139],[19.75842558614389,42.191298652162196],[19.758458729055214,42.191329106205096],[19.758653273791978,42.19139139339475],[19.75875452678429,42.191406262943495],[19.75904031194765,42.191448236924124],[19.75936749883973,42.19145930236175],[19.759879837177962,42.191494929030945],[19.76017020840469,42.19151601000646],[19.76038670298913,42.19157274291901],[19.760240712107905,42.19162816878444],[19.76005073166158,42.191752771139484],[19.75990787543115,42.192049695026455],[19.75987637096141,42.19235334119695],[19.759667657372223,42.192798120632084]]]},"properties":{"SIPERFAQJA":48689,"VOL":"1","FAQE":"39","NR_PAS":"45","PRONARET":"BASHKIA SHKODËR","KUFIZIMET":"_","ZK":"2859","EMRI_I_ZK":"PALAJ"}},
{"type":"Feature","geometry":{"type":"Polygon","coordinates":[[[19.765370103658505,42.190622597392924],[19.765265576960502,42.19063907210482],[19.764966267876876,42.19076815027481],[19.764277147364357,42.19122307785144],[19.763786288545077,42.19160838839296],[19.763393715334857,42.191736457217516],[19.762772105932473,42.19186835617013],[19.762549272952732,42.19194337372633],[19.762466141070764,42.19189994910892],[19.762440468461502,42.19188546620368],[19.76240915915862,42.19188005099236],[19.762348954585004,42.19188447879233],[19.76233238848934,42.19189342855784],[19.76232260884706,42.191904495113036],[19.76229481754682,42.191923523561044],[19.762195863428474,42.1919539194183],[19.762097399620917,42.191966630603666],[19.762011252181555,42.19195987623278],[19.761950655622027,42.19194096515846],[19.761871653007148,42.19192045098582],[19.761819012568182,42.191905136690636],[19.761758104675245,42.19186187043911],[19.761638267737073,42.19178684637063],[19.761528920506247,42.19172145106151],[19.761454495964227,42.19169279377323],[19.761382018403012,42.19167726507584],[19.761322789738138,42.19166024095757],[19.76127032170681,42.19163673601338],[19.761233157523744,42.191619950132974],[19.761195949440832,42.19160479321576],[19.761151952916386,42.191599402681085],[19.761015265488265,42.19159628784533],[19.760826671454865,42.19159113568302],[19.760777206434152,42.19158061752848],[19.760869450505773,42.191492147409924],[19.760985392811428,42.19139524581057],[19.761059992485613,42.19132379768567],[19.761217196765003,42.191161506366306],[19.761319452419755,42.19107978783392],[19.761378671685705,42.19102535013924],[19.761577260604106,42.190881834258896],[19.76183631152364,42.19071253941313],[19.76195882572629,42.19054919739622],[19.761995898090042,42.190397608584426],[19.762118926733972,42.190343706143686],[19.76237809445588,42.190296674059645],[19.762455373471198,42.19029002679626],[19.762559363576596,42.19028865502654],[19.76267003437526,42.19028984891762],[19.762950689663565,42.190345207529035],[19.76309142431978,42.19035171262035],[19.76324894621431,42.19035838954174],[19.763631368961512,42.190355040215394],[19.764288950728805,42.19023748692902],[19.76479747929313,42.19013082930005],[19.764983561157294,42.19010003695729],[19.76506739919736,42.190100939619526],[19.765124392606612,42.190101553217666],[19.76525177760053,42.19010540924413],[19.76537579778078,42.190109237913866],[19.765503170533776,42.19011310253183],[19.765617084745838,42.19011930686021],[19.766211155879304,42.19017470800142],[19.765965918387927,42.19038200784354],[19.765726333419895,42.190492834321184],[19.765452687864368,42.19060958644149],[19.765370103658505,42.190622597392924]]]},"properties":{"SIPERFAQJA":46871,"VOL":"1","FAQE":"38","NR_PAS":"47","PRONARET":"BASHKIA SHKODËR","KUFIZIMET":"_","ZK":"2859","EMRI_I_ZK":"PALAJ"}},
{"type":"Feature","geometry":{"type":"Polygon","coordinates":[[[19.783762815999975,42.24158746774219],[19.783646223918428,42.24135310467167],[19.783557629423484,42.241212177436104],[19.783497629639605,42.24111528718362],[19.783481061517122,42.241058234176215],[19.783049850825105,42.24064787538576],[19.78279098201248,42.24038134836296],[19.782578461062414,42.23995134273868],[19.782251478977017,42.2393670262655],[19.782145823315673,42.23910498726434],[19.782234149543783,42.239075483685475],[19.78261075028991,42.23874408078803],[19.78263515352499,42.23877580959663],[19.782640758857347,42.238823827753265],[19.782622012401358,42.23890609109713],[19.78259988931916,42.23896348683276],[19.782741779072563,42.239033339111494],[19.782989890657515,42.2391274672388],[19.783107469136397,42.23916626731287],[19.783292682004056,42.23925503990077],[19.78327865530549,42.2392609690303],[19.78322976643754,42.239309765592104],[19.783206584232296,42.23936430835035],[19.783197786731982,42.23943817887566],[19.783211171507205,42.23950954801711],[19.78325431357082,42.239567540192034],[19.783360583840086,42.239604281179496],[19.783492654129955,42.23964129574263],[19.783701751979017,42.23970103898617],[19.78388514326405,42.239755035789656],[19.784002578339393,42.239786412100955],[19.78405358342511,42.23981982972368],[19.784149682482894,42.240022277666846],[19.784170497621776,42.24009098873139],[19.784223450150115,42.2402148201941],[19.78427328668036,42.24030849651173],[19.78435979647491,42.240413517485344],[19.784835370197673,42.24076759021472],[19.784941634442045,42.24086604123647],[19.784973424932886,42.24090140644807],[19.784981377168016,42.24096051954137],[19.78495945053999,42.241024177385924],[19.784645187069756,42.240986467215215],[19.784517066843737,42.241009839039755],[19.78433793563187,42.241089016132584],[19.784122875228267,42.24120765672079],[19.78402161098752,42.24130122547051],[19.783762815999975,42.24158746774219]]]},"properties":{"SIPERFAQJA":27318,"VOL":"1","FAQE":"61","NR_PAS":"57/1","PRONARET":"SHTET","KUFIZIMET":"_","ZK":"2859","EMRI_I_ZK":"PALAJ"}},
{"type":"Feature","geometry":{"type":"Polygon","coordinates":[[[19.78261075028991,42.23874408078803],[19.782234149543783,42.239075483685475],[19.782145823315673,42.23910498726434],[19.7820049687734,42.239003240496885],[19.78175138478071,42.238854905942226],[19.78157712187346,42.23881720706146],[19.781491724792396,42.23874704189049],[19.781733820746624,42.23863319896525],[19.78193120272412,42.23862060350281],[19.782226364508592,42.23864707485832],[19.782495737267965,42.23869498936377],[19.78261075028991,42.23874408078803]]]},"properties":{"SIPERFAQJA":2696,"VOL":"1","FAQE":"69","NR_PAS":"57/2","PRONARET":"SHTET","KUFIZIMET":"SUBJEKT I PAIDENTIFIKUAR","ZK":"2859","EMRI_I_ZK":"PALAJ"}},
{"type":"Feature","geometry":{"type":"Polygon","coordinates":[[[19.781294443441684,42.23858494792696],[19.781357087262403,42.238584593010465],[19.781514125209668,42.23867460906331],[19.781568534819364,42.23867421174753],[19.781705426857712,42.23860269048761],[19.78179948332214,42.23858644602862],[19.781928506587256,42.23858701507873],[19.782270400022462,42.23860561355197],[19.782499754690836,42.23864784015244],[19.78253031495765,42.2386545476085],[19.782569818200397,42.23853742775374],[19.78246242209905,42.23847688541342],[19.782331720554875,42.23837457992837],[19.78228262455493,42.23832891521375],[19.782075844886776,42.238184129395975],[19.782001905108334,42.238311459903166],[19.781981989881398,42.238374115699926],[19.78190231416876,42.2383900235868],[19.781661059200633,42.23840345890889],[19.781207539915187,42.238386707688576],[19.78117306280917,42.23830806696122],[19.781164366304516,42.23827848176077],[19.781411073730425,42.238322432437194],[19.781692961891025,42.23832488022264],[19.781796221915627,42.238347339234636],[19.781925679928595,42.238347585436955],[19.781999304329513,42.238141175994116],[19.782101961470154,42.23809718066998],[19.78213479454876,42.238113382174944],[19.782167627644185,42.2381295836705],[19.78224845702156,42.23817056262815],[19.78230253120844,42.23821583431791],[19.782356484570304,42.23829650836728],[19.782396586968545,42.238348765444506],[19.78247702893293,42.238367410014405],[19.782627802183328,42.23849771260327],[19.78264560721481,42.238679852201614],[19.78267926819451,42.23872619714271],[19.782700347188904,42.23880822068633],[19.782682134307812,42.238928517193585],[19.782719374652512,42.23896957954718],[19.78283108129938,42.23901774814593],[19.78301109154529,42.23908834626123],[19.78316998732135,42.23915146492065],[19.783341876099815,42.239234245379656],[19.783292682004056,42.23925503990077],[19.783107469136397,42.23916626731287],[19.782989890657515,42.2391274672388],[19.782741779072563,42.239033339111494],[19.78259988931916,42.23896348683276],[19.782622012401358,42.23890609109713],[19.782640758857347,42.238823827753265],[19.78263515352499,42.23877580959663],[19.78261075028991,42.23874408078803],[19.782495737267965,42.23869498936377],[19.782226364508592,42.23864707485832],[19.78193120272412,42.23862060350281],[19.781733820746624,42.23863319896525],[19.781491724792396,42.23874704189049],[19.781294443441684,42.23858494792696]]]},"properties":{"SIPERFAQJA":2316,"VOL":"1","FAQE":"70","NR_PAS":"57/3","PRONARET":"SHTET","KUFIZIMET":"_","ZK":"2859","EMRI_I_ZK":"PALAJ"}},
{"type":"Feature","geometry":{"type":"Polygon","coordinates":[[[19.78189130986079,42.2384668223978],[19.782224279502504,42.238414312055426],[19.78227916600351,42.23840490982757],[19.78228262455493,42.23832891521375],[19.782331720554875,42.23837457992837],[19.78246242209905,42.23847688541342],[19.782569818200397,42.23853742775374],[19.78253031495765,42.2386545476085],[19.782499754690836,42.23864784015244],[19.782270400022462,42.23860561355197],[19.781928506587256,42.23858701507873],[19.781934833629162,42.23853520864362],[19.78189130986079,42.2384668223978]]]},"properties":{"SIPERFAQJA":1022,"VOL":"1","FAQE":"72","NR_PAS":"57/5","PRONARET":"SHTET","KUFIZIMET":"SUBJEKT I PAIDENTIFIKUAR","ZK":"2859","EMRI_I_ZK":"PALAJ"}},
{"type":"Feature","geometry":{"type":"Polygon","coordinates":[[[19.781928506587256,42.23858701507873],[19.78179948332214,42.23858644602862],[19.781705426857712,42.23860269048761],[19.781568534819364,42.23867421174753],[19.781514125209668,42.23867460906331],[19.781357087262403,42.238584593010465],[19.781294443441684,42.23858494792696],[19.781241257602044,42.238463618254826],[19.78136253095681,42.2384883252212],[19.781507837296363,42.23849527732738],[19.78180604058991,42.23848026945589],[19.78189130986079,42.2384668223978],[19.781934833629162,42.23853520864362],[19.781928506587256,42.23858701507873]]]},"properties":{"SIPERFAQJA":787,"VOL":"1","FAQE":"73","NR_PAS":"57/6","PRONARET":"SHTET","KUFIZIMET":"SUBJEKT I PAIDENTIFIKUAR","ZK":"2859","EMRI_I_ZK":"PALAJ"}},
{"type":"Feature","geometry":{"type":"Polygon","coordinates":[[[19.78228262455493,42.23832891521375],[19.78227916600351,42.23840490982757],[19.782224279502504,42.238414312055426],[19.78189130986079,42.2384668223978],[19.78180604058991,42.23848026945589],[19.781507837296363,42.23849527732738],[19.78136253095681,42.2384883252212],[19.781241257602044,42.238463618254826],[19.78123375896548,42.23844651202474],[19.781207539915187,42.238386707688576],[19.781661059200633,42.23840345890889],[19.78190231416876,42.2383900235868],[19.781981989881398,42.238374115699926],[19.782001905108334,42.238311459903166],[19.782075844886776,42.238184129395975],[19.78228262455493,42.23832891521375]]]},"properties":{"SIPERFAQJA":1066,"VOL":"1","FAQE":"74","NR_PAS":"57/7","PRONARET":"SHTET","KUFIZIMET":"SUBJEKT I PAIDENTIFIKUAR","ZK":"2859","EMRI_I_ZK":"PALAJ"}},
{"type":"Feature","geometry":{"type":"Polygon","coordinates":[[[19.781692961891025,42.23832488022264],[19.781411073730425,42.238322432437194],[19.781164366304516,42.23827848176077],[19.781152277821757,42.238237357124184],[19.781096198718355,42.23804662101906],[19.781061701594986,42.237971996584406],[19.781378605857338,42.23786221789506],[19.7814302882145,42.23789991631377],[19.78174579780035,42.23828584632479],[19.781692961891025,42.23832488022264]]]},"properties":{"SIPERFAQJA":1797,"VOL":"1","FAQE":"75","NR_PAS":"57/8","PRONARET":"SHTET","KUFIZIMET":"KOL VAT FUSHA,NIKOLL,KUJTIM","ZK":"2859","EMRI_I_ZK":"PALAJ"}},
{"type":"Feature","geometry":{"type":"Polygon","coordinates":[[[19.781688140817174,42.23769834094645],[19.781951952224812,42.23795219725714],[19.782089740361688,42.2380257208158],[19.782101961470154,42.23809718066998],[19.781999304329513,42.238141175994116],[19.78174579780035,42.23828584632479],[19.7814302882145,42.23789991631377],[19.781378605857338,42.23786221789506],[19.78104180951203,42.23740722686329],[19.781023297921784,42.237382218631254],[19.780939122953345,42.2372443660103],[19.7810108190919,42.237252690381816],[19.781111313411195,42.237265731707836],[19.781187830937185,42.237267544186224],[19.781301584853193,42.23728971067588],[19.78137346998046,42.23737581057034],[19.781688140817174,42.23769834094645]]]},"properties":{"SIPERFAQJA":3709,"VOL":"1","FAQE":"63","NR_PAS":"57/11","PRONARET":"SHTET","KUFIZIMET":"NIK,PASHKO,ZEF TOM KODRA,ALEKS PREL KODRA","ZK":"2859","EMRI_I_ZK":"PALAJ"}},
{"type":"Feature","geometry":{"type":"Polygon","coordinates":[[[19.78104180951203,42.23740722686329],[19.781378605857338,42.23786221789506],[19.781061701594986,42.237971996584406],[19.78096295989061,42.237758396763006],[19.780792809793166,42.237507878189554],[19.78077998444072,42.237487907002034],[19.780910519030165,42.23744896700902],[19.78104180951203,42.23740722686329]]]},"properties":{"SIPERFAQJA":1458,"VOL":"1","FAQE":"76","NR_PAS":"57/9","PRONARET":"SHTET","KUFIZIMET":"GJERGJ KOL ARA,SOKOL PAL ARA,PETRIT PAL ARA","ZK":"2859","EMRI_I_ZK":"PALAJ"}},
{"type":"Feature","geometry":{"type":"Polygon","coordinates":[[[19.78104180951203,42.23740722686329],[19.780910519030165,42.23744896700902],[19.78077998444072,42.237487907002034],[19.780698678106447,42.23736129931263],[19.780656500145923,42.23729873418186],[19.780646813755624,42.23726762685955],[19.780655811612515,42.23725332765551],[19.780672478236546,42.23724342214406],[19.780721023824032,42.23722946237438],[19.780883306786844,42.23723788537064],[19.780939122953345,42.2372443660103],[19.781023297921784,42.237382218631254],[19.78104180951203,42.23740722686329]]]},"properties":{"SIPERFAQJA":601,"VOL":"1","FAQE":"62","NR_PAS":"57/10","PRONARET":"SHTET","KUFIZIMET":"GJERGJ KOL ARA,SOKOL PAL ARA,PETRIT PAL ARA","ZK":"2859","EMRI_I_ZK":"PALAJ"}},
{"type":"Feature","geometry":{"type":"Polygon","coordinates":[[[19.781533813556116,42.23743469588712],[19.781806771281115,42.23763761538037],[19.7817214555036,42.237681287567014],[19.781688140817174,42.23769834094645],[19.78137346998046,42.23737581057034],[19.781301584853193,42.23728971067588],[19.781370796907147,42.23727647475881],[19.781533813556116,42.23743469588712]]]},"properties":{"SIPERFAQJA":442,"VOL":"1","FAQE":"65","NR_PAS":"57/13","PRONARET":"SHTET","KUFIZIMET":"_","ZK":"2859","EMRI_I_ZK":"PALAJ"}},
{"type":"Feature","geometry":{"type":"Polygon","coordinates":[[[19.783341876099815,42.239234245379656],[19.78316998732135,42.23915146492065],[19.78301109154529,42.23908834626123],[19.78283108129938,42.23901774814593],[19.782719374652512,42.23896957954718],[19.782682134307812,42.238928517193585],[19.782700347188904,42.23880822068633],[19.78267926819451,42.23872619714271],[19.78264560721481,42.238679852201614],[19.782627802183328,42.23849771260327],[19.78247702893293,42.238367410014405],[19.782396586968545,42.238348765444506],[19.782356484570304,42.23829650836728],[19.78230253120844,42.23821583431791],[19.78224845702156,42.23817056262815],[19.782167627644185,42.2381295836705],[19.78213479454876,42.238113382174944],[19.782212145381212,42.23809312458407],[19.782451885653156,42.237986105526744],[19.782529982274205,42.23799081287929],[19.78273329342924,42.2379909867073],[19.782912580056802,42.23795716166867],[19.782922354897735,42.23784494694412],[19.783119184625356,42.23776523986253],[19.783302251175005,42.23780091976178],[19.783522868559523,42.237820588896014],[19.78351737515609,42.23786754126644],[19.783599288275106,42.23811513943119],[19.78360166724078,42.2381836550748],[19.78359972073851,42.23828499267467],[19.783579747869446,42.23836422718633],[19.783529083274253,42.23850614408296],[19.78344536400861,42.23863949111265],[19.783367192573255,42.238677012166214],[19.783318818338717,42.23869841987022],[19.78328468308902,42.23874736397721],[19.783283577878176,42.23880488671129],[19.783323207518585,42.23885461339132],[19.783378039457496,42.2388798527074],[19.78343093673148,42.239006429706905],[19.7833988131395,42.23914992958128],[19.783379325466434,42.239204511568644],[19.783341876099815,42.239234245379656]]]},"properties":{"SIPERFAQJA":10737,"VOL":"1","FAQE":"71","NR_PAS":"57/4","PRONARET":"SHTET","KUFIZIMET":"_","ZK":"2859","EMRI_I_ZK":"PALAJ"}},
{"type":"Feature","geometry":{"type":"Polygon","coordinates":[[[19.78213479454876,42.238113382174944],[19.782101961470154,42.23809718066998],[19.782089740361688,42.2380257208158],[19.781951952224812,42.23795219725714],[19.781688140817174,42.23769834094645],[19.7817214555036,42.237681287567014],[19.781806771281115,42.23763761538037],[19.78218735448957,42.23746159741003],[19.782086335078333,42.2372192445742],[19.782254764200886,42.237266445630304],[19.782362596000592,42.23729105085919],[19.782515972447527,42.237292679181586],[19.782656153696916,42.23727741373216],[19.782873210246212,42.23725290828878],[19.7829143553518,42.23723154066382],[19.783146236048278,42.23718116755492],[19.783258568715084,42.23721060148154],[19.783327423329826,42.23730559569988],[19.783321420963844,42.23741690459484],[19.783380743186086,42.237489898759215],[19.78341161600812,42.23751488389421],[19.783469416628282,42.23757850497428],[19.783497857676466,42.23763359539298],[19.783518776672064,42.23769682522734],[19.783528361954666,42.23777363652492],[19.783522868559523,42.237820588896014],[19.783302251175005,42.23780091976178],[19.783119184625356,42.23776523986253],[19.782922354897735,42.23784494694412],[19.782912580056802,42.23795716166867],[19.78273329342924,42.2379909867073],[19.782529982274205,42.23799081287929],[19.782451885653156,42.237986105526744],[19.782212145381212,42.23809312458407],[19.78213479454876,42.238113382174944]]]},"properties":{"SIPERFAQJA":9261,"VOL":"1","FAQE":"68","NR_PAS":"57/16","PRONARET":"SHTET","KUFIZIMET":"_","ZK":"2859","EMRI_I_ZK":"PALAJ"}},
{"type":"Feature","geometry":{"type":"Polygon","coordinates":[[[19.781806771281115,42.23763761538037],[19.781533813556116,42.23743469588712],[19.781810336638078,42.237327828205636],[19.78183772419132,42.237131328548486],[19.781931627647758,42.2371758886441],[19.782086335078333,42.2372192445742],[19.78218735448957,42.23746159741003],[19.781806771281115,42.23763761538037]]]},"properties":{"SIPERFAQJA":1508,"VOL":"1","FAQE":"67","NR_PAS":"57/15","PRONARET":"SHTET","KUFIZIMET":"NIK,PASHKO,ZEF TOM KODRA,ALEKS PREL KODRA","ZK":"2859","EMRI_I_ZK":"PALAJ"}},
{"type":"Feature","geometry":{"type":"Polygon","coordinates":[[[19.781533813556116,42.23743469588712],[19.781370796907147,42.23727647475881],[19.781390555103727,42.237272696248596],[19.78143808148491,42.23726447789211],[19.781534692216734,42.23716832323195],[19.781698393066506,42.23710303931391],[19.78183772419132,42.237131328548486],[19.781810336638078,42.237327828205636],[19.781533813556116,42.23743469588712]]]},"properties":{"SIPERFAQJA":844,"VOL":"1","FAQE":"66","NR_PAS":"57/14","PRONARET":"SHTET","KUFIZIMET":"TOM LULASH KODRA,MARK NOSH KODRA","ZK":"2859","EMRI_I_ZK":"PALAJ"}},
{"type":"Feature","geometry":{"type":"Polygon","coordinates":[[[19.783372890791085,42.23721459203306],[19.78339744046666,42.237265967168014],[19.783524410368386,42.23729845292689],[19.783662970093012,42.2373335386088],[19.783793338940963,42.23730663726865],[19.783750402065735,42.23738733767304],[19.78363051532007,42.23736734247345],[19.783519902456852,42.2373222464337],[19.78341656621982,42.237350534193595],[19.783379913433375,42.23740759882677],[19.783380743186086,42.237489898759215],[19.783321420963844,42.23741690459484],[19.783327423329826,42.23730559569988],[19.783258568715084,42.23721060148154],[19.783146236048278,42.23718116755492],[19.7829143553518,42.23723154066382],[19.783018998964593,42.23717719663254],[19.78302814385823,42.23710642566873],[19.783174274651383,42.23715641558561],[19.783289360457506,42.23715725491047],[19.783372890791085,42.23721459203306]]]},"properties":{"SIPERFAQJA":515,"VOL":"1","FAQE":"93","NR_PAS":"58/5","PRONARET":"SHTET","KUFIZIMET":"_","ZK":"2859","EMRI_I_ZK":"PALAJ"}},
{"type":"Feature","geometry":{"type":"Polygon","coordinates":[[[19.784399837627998,42.237029293584676],[19.78447193954585,42.23710526171933],[19.784528496398828,42.23713144648766],[19.78479649718744,42.237139009247976],[19.784788487978766,42.237295742662454],[19.78468954200077,42.23740651326435],[19.784581211755544,42.237499350528964],[19.784466375150842,42.237556865248195],[19.784320324509167,42.23753834762432],[19.784309284058097,42.23751410387805],[19.78442704736577,42.23740900264366],[19.784247998746345,42.237328693434726],[19.784295164373525,42.237093378829314],[19.784345408417664,42.23702196965615],[19.784399837627998,42.237029293584676]]]},"properties":{"SIPERFAQJA":1665,"VOL":"1","FAQE":"77","NR_PAS":"58/1","PRONARET":"SHTET","KUFIZIMET":"NDOK GJELOSH ARRA,MARTIN NDOK ARRA","ZK":"2859","EMRI_I_ZK":"PALAJ"}},
{"type":"Feature","geometry":{"type":"Polygon","coordinates":[[[19.784247998746345,42.237328693434726],[19.78442704736577,42.23740900264366],[19.784309284058097,42.23751410387805],[19.784284241555095,42.23745911292808],[19.78419070554711,42.237433166657034],[19.784086495578862,42.23740411833947],[19.78417261536645,42.23732034986202],[19.784247998746345,42.237328693434726]]]},"properties":{"SIPERFAQJA":277,"VOL":"1","FAQE":"88","NR_PAS":"58/2","PRONARET":"SHTET","KUFIZIMET":"NDOK GJELOSH ARRA","ZK":"2859","EMRI_I_ZK":"PALAJ"}},
{"type":"Feature","geometry":{"type":"Polygon","coordinates":[[[19.783793338940963,42.23730663726865],[19.783884512622834,42.237257764594425],[19.783943089572958,42.23730942808571],[19.783974903577793,42.23741057872042],[19.783911692550806,42.23741423813929],[19.783750402065735,42.23738733767304],[19.783793338940963,42.23730663726865]]]},"properties":{"SIPERFAQJA":202,"VOL":"1","FAQE":"92","NR_PAS":"58/4","PRONARET":"SHTET","KUFIZIMET":"NDOK GJELOSH ARRA","ZK":"2859","EMRI_I_ZK":"PALAJ"}},
{"type":"Feature","geometry":{"type":"Polygon","coordinates":[[[19.784247998746345,42.237328693434726],[19.78417261536645,42.23732034986202],[19.784086495578862,42.23740411833947],[19.783974903577793,42.23741057872042],[19.783943089572958,42.23730942808571],[19.783884512622834,42.237257764594425],[19.783793338940963,42.23730663726865],[19.7837735611115,42.2372185486583],[19.783781788732995,42.23711666817444],[19.783816393791792,42.23703099353372],[19.783836853813867,42.23697696203396],[19.784103598183744,42.23698772099812],[19.784280202257115,42.23693915154044],[19.784288460434805,42.23701430677518],[19.784345408417664,42.23702196965615],[19.784295164373525,42.237093378829314],[19.784247998746345,42.237328693434726]]]},"properties":{"SIPERFAQJA":1644,"VOL":"1","FAQE":"91","NR_PAS":"58/3","PRONARET":"SHTET","KUFIZIMET":"SUBJEKT I PAIDENTIFIKUAR","ZK":"2859","EMRI_I_ZK":"PALAJ"}},
{"type":"Feature","geometry":{"type":"Polygon","coordinates":[[[19.783372890791085,42.23721459203306],[19.78332595730484,42.23711637402442],[19.78325659427075,42.23702818603484],[19.78320580712056,42.23698097191876],[19.78316023160387,42.236929905374964],[19.783644371797017,42.23679947788457],[19.783734676161277,42.23690647844861],[19.78385731380086,42.23692293052995],[19.783836853813867,42.23697696203396],[19.783816393791792,42.23703099353372],[19.783781788732995,42.23711666817444],[19.7837735611115,42.2372185486583],[19.783793338940963,42.23730663726865],[19.783662970093012,42.2373335386088],[19.783524410368386,42.23729845292689],[19.78339744046666,42.237265967168014],[19.783372890791085,42.23721459203306]]]},"properties":{"SIPERFAQJA":2065,"VOL":"1","FAQE":"94","NR_PAS":"58/6","PRONARET":"SHTET","KUFIZIMET":"NDOK GJELOSH ARRA","ZK":"2859","EMRI_I_ZK":"PALAJ"}},
{"type":"Feature","geometry":{"type":"Polygon","coordinates":[[[19.782112588665907,42.23628926536755],[19.782151558806763,42.236416467113045],[19.78216622973686,42.23643290634532],[19.782221042789295,42.236456384239844],[19.782245123885467,42.23652153790515],[19.782189651543753,42.23650963185927],[19.782031247603808,42.236504951905864],[19.781922298462447,42.23644340656318],[19.78199565286855,42.236367124902884],[19.782043349307603,42.23633049645414],[19.782094008779158,42.23629727535947],[19.782112588665907,42.23628926536755]]]},"properties":{"SIPERFAQJA":337,"VOL":"1","FAQE":"96","NR_PAS":"58/8","PRONARET":"SHTET","KUFIZIMET":"ZEF NIK GURI,PETRIT NIK GURI,VUKSAN NIK GURI,PAL NIK GURI","ZK":"2859","EMRI_I_ZK":"PALAJ"}},
{"type":"Feature","geometry":{"type":"Polygon","coordinates":[[[19.782411796164475,42.23656261188267],[19.78236823337784,42.23654796082181],[19.782245123885467,42.23652153790515],[19.782221042789295,42.236456384239844],[19.78216622973686,42.23643290634532],[19.782151558806763,42.236416467113045],[19.782112588665907,42.23628926536755],[19.78215514847976,42.23627091734839],[19.7822208205978,42.236245732734275],[19.782278906666864,42.23624870813413],[19.782421172922152,42.23632189439481],[19.78250611653622,42.23644674274638],[19.78248847634622,42.23647976119031],[19.782411796164475,42.23656261188267]]]},"properties":{"SIPERFAQJA":713,"VOL":"1","FAQE":"97","NR_PAS":"58/9","PRONARET":"SHTET","KUFIZIMET":"ZEF NIK GURI,PETRIT NIK GURI,VUKSAN NIK GURI,PAL NIK GURI","ZK":"2859","EMRI_I_ZK":"PALAJ"}},
{"type":"Feature","geometry":{"type":"Polygon","coordinates":[[[19.78316023160387,42.236929905374964],[19.782953188345008,42.23697692053238],[19.78286390736008,42.23686014194285],[19.782781260764136,42.23675745641454],[19.782682883859724,42.236669574887],[19.782533713675402,42.23660361512435],[19.782411796164475,42.23656261188267],[19.78248847634622,42.23647976119031],[19.78250611653622,42.23644674274638],[19.782421172922152,42.23632189439481],[19.782278906666864,42.23624870813413],[19.78233699274151,42.236251683504555],[19.782444464365017,42.2362508259819],[19.782536102688066,42.236234829250435],[19.782587128771787,42.23616550311129],[19.78267386170259,42.23612549875056],[19.78271793181514,42.236116286036086],[19.78286244829742,42.23626833138608],[19.782930308623232,42.23632624335621],[19.782980987135264,42.23646282672695],[19.782957965442435,42.23662455538346],[19.782866257444258,42.23665647950338],[19.782938536560362,42.23674648994421],[19.783020730405557,42.23682685082874],[19.78316023160387,42.236929905374964]]]},"properties":{"SIPERFAQJA":2577,"VOL":"1","FAQE":"78","NR_PAS":"58/10","PRONARET":"SHTET","KUFIZIMET":"ZEF NIK GURI,PETRIT NIK GURI,VUKSAN NIK GURI,PAL NIK GURI","ZK":"2859","EMRI_I_ZK":"PALAJ"}},
{"type":"Feature","geometry":{"type":"Polygon","coordinates":[[[19.78322159740636,42.23617316669301],[19.783374444998177,42.236299771205346],[19.783559983102712,42.236488360944826],[19.783665911914177,42.23666002678611],[19.783674959808934,42.2367085789924],[19.783644371797017,42.23679947788457],[19.78316023160387,42.236929905374964],[19.783020730405557,42.23682685082874],[19.782938536560362,42.23674648994421],[19.782866257444258,42.23665647950338],[19.782957965442435,42.23662455538346],[19.782980987135264,42.23646282672695],[19.782930308623232,42.23632624335621],[19.78286244829742,42.23626833138608],[19.78271793181514,42.236116286036086],[19.782760172427718,42.23610745575423],[19.782873806367597,42.23610661431871],[19.783016610977842,42.236130612053834],[19.78322159740636,42.23617316669301]]]},"properties":{"SIPERFAQJA":3989,"VOL":"1","FAQE":"79","NR_PAS":"58/11","PRONARET":"SHTET","KUFIZIMET":"ZEF NIK GURI,PETRIT NIK GURI,VUKSAN NIK GURI,PAL NIK GURI","ZK":"2859","EMRI_I_ZK":"PALAJ"}},
{"type":"Feature","geometry":{"type":"Polygon","coordinates":[[[19.784122733503118,42.236844861314786],[19.784126425728154,42.23686936880499],[19.784147796947007,42.236873948368824],[19.784373697777063,42.23684285785351],[19.784399837627998,42.237029293584676],[19.784345408417664,42.23702196965615],[19.784288460434805,42.23701430677518],[19.784280202257115,42.23693915154044],[19.784103598183744,42.23698772099812],[19.783836853813867,42.23697696203396],[19.78385731380086,42.23692293052995],[19.783734676161277,42.23690647844861],[19.783644371797017,42.23679947788457],[19.783674959808934,42.2367085789924],[19.783665911914177,42.23666002678611],[19.7838862623571,42.236645887316705],[19.783925878655268,42.23684898963668],[19.784122733503118,42.236844861314786]]]},"properties":{"SIPERFAQJA":1160,"VOL":"1","FAQE":"82","NR_PAS":"58/14","PRONARET":"SHTET","KUFIZIMET":"_","ZK":"2859","EMRI_I_ZK":"PALAJ"}},
{"type":"Feature","geometry":{"type":"Polygon","coordinates":[[[19.784592886110325,42.236558366351346],[19.784403768089902,42.23648928398206],[19.784532379878918,42.23631119576551],[19.784632037402282,42.236343897130254],[19.784779065940057,42.23638139282183],[19.784904684610733,42.23641466441427],[19.78523486460803,42.236534671546735],[19.785087240593043,42.236595755664155],[19.78498127024799,42.23665851422179],[19.784898123030544,42.236791382295706],[19.78482573101582,42.23692436426484],[19.784797993514154,42.23710972731444],[19.78460479173684,42.23711163391583],[19.784765926094213,42.236867407570635],[19.78478630154527,42.23668331933821],[19.784592886110325,42.236558366351346]]]},"properties":{"SIPERFAQJA":1970,"VOL":"1","FAQE":"85","NR_PAS":"58/17","PRONARET":"SHTET","KUFIZIMET":"FRAN PJETRUSH ARRAJ","ZK":"2859","EMRI_I_ZK":"PALAJ"}},
{"type":"Feature","geometry":{"type":"Polygon","coordinates":[[[19.78460479173684,42.23711163391583],[19.784580216328166,42.2371118764136],[19.784542673351613,42.23710586862492],[19.78450835735407,42.23709096125616],[19.784440036364884,42.23701899237091],[19.78441184854853,42.236791394654134],[19.784475484193088,42.23670948422348],[19.784592886110325,42.236558366351346],[19.78478630154527,42.23668331933821],[19.784765926094213,42.236867407570635],[19.78460479173684,42.23711163391583]]]},"properties":{"SIPERFAQJA":1258,"VOL":"1","FAQE":"89","NR_PAS":"58/20","PRONARET":"SHTET","KUFIZIMET":"FRAN PJETRUSH ARRAJ,MARK PJETRUSH ARRAJ,BINAK PJETRUSH ARRAJ,MARJAN LAZER ARRAJ","ZK":"2859","EMRI_I_ZK":"PALAJ"}},
{"type":"Feature","geometry":{"type":"Polygon","coordinates":[[[19.784592886110325,42.236558366351346],[19.784475484193084,42.23670948422348],[19.784292561434157,42.236643270451],[19.784304461884883,42.23662679208657],[19.784403768089902,42.23648928398206],[19.784592886110325,42.236558366351346]]]},"properties":{"SIPERFAQJA":331,"VOL":"1","FAQE":"86","NR_PAS":"58/18","PRONARET":"SHTET","KUFIZIMET":"FRAN PJETRUSH ARRAJ,MARK PJETRUSH ARRAJ","ZK":"2859","EMRI_I_ZK":"PALAJ"}},
{"type":"Feature","geometry":{"type":"Polygon","coordinates":[[[19.784386904680918,42.23679600760898],[19.7842649548366,42.23668149682846],[19.784292561434157,42.236643270451],[19.784475484193084,42.23670948422348],[19.78441184854853,42.236791394654134],[19.784386904680918,42.23679600760898]]]},"properties":{"SIPERFAQJA":143,"VOL":"1","FAQE":"87","NR_PAS":"58/19","PRONARET":"SHTET","KUFIZIMET":"MARJAN LAZER ARRA","ZK":"2859","EMRI_I_ZK":"PALAJ"}},
{"type":"Feature","geometry":{"type":"Polygon","coordinates":[[[19.7838862623571,42.236645887316705],[19.784304461884883,42.23662679208657],[19.784292561434157,42.236643270451],[19.7842649548366,42.23668149682846],[19.784386904680918,42.23679600760898],[19.784122733503118,42.236844861314786],[19.783925878655268,42.23684898963668],[19.7838862623571,42.236645887316705]]]},"properties":{"SIPERFAQJA":758,"VOL":"1","FAQE":"83","NR_PAS":"58/15","PRONARET":"SHTET","KUFIZIMET":"NDOK GJELOSH ARRA","ZK":"2859","EMRI_I_ZK":"PALAJ"}},
{"type":"Feature","geometry":{"type":"Polygon","coordinates":[[[19.7838862623571,42.236645887316705],[19.784153230276154,42.23642347014488],[19.78430813288779,42.23624969198496],[19.784437155839736,42.23627994908043],[19.784532379878918,42.23631119576551],[19.784403768089902,42.23648928398206],[19.784304461884883,42.23662679208657],[19.7838862623571,42.236645887316705]]]},"properties":{"SIPERFAQJA":1062,"VOL":"1","FAQE":"84","NR_PAS":"58/16","PRONARET":"SHTET","KUFIZIMET":"NDOK GJELOSH ARRA","ZK":"2859","EMRI_I_ZK":"PALAJ"}},
{"type":"Feature","geometry":{"type":"Polygon","coordinates":[[[19.78322159740636,42.23617316669301],[19.78330959994225,42.23597056711419],[19.78350443567279,42.236001878650775],[19.78373696480505,42.23617661681241],[19.784153230276154,42.23642347014488],[19.7838862623571,42.236645887316705],[19.783665911914177,42.23666002678611],[19.783559983102712,42.236488360944826],[19.783374444998177,42.236299771205346],[19.78322159740636,42.23617316669301]]]},"properties":{"SIPERFAQJA":2819,"VOL":"1","FAQE":"81","NR_PAS":"58/13","PRONARET":"SHTET","KUFIZIMET":"TRASHEGIMTARET E PJETER LULASH KODRA","ZK":"2859","EMRI_I_ZK":"PALAJ"}},
{"type":"Feature","geometry":{"type":"Polygon","coordinates":[[[19.78322159740636,42.23617316669301],[19.783016610977842,42.236130612053834],[19.782873806367597,42.23610661431871],[19.782760172427718,42.23610745575423],[19.78285150165913,42.23603755798328],[19.782858202799364,42.23596875156316],[19.782844500100722,42.23591271909577],[19.782876286836288,42.2358661448146],[19.78296922931008,42.23582889785116],[19.78319232496801,42.2359154107392],[19.78350568687569,42.23596464740624],[19.783620100739057,42.236021757001424],[19.783718278860846,42.236084680909855],[19.783910546779847,42.23614461439322],[19.78411915398691,42.23619273855659],[19.784276695389476,42.23624231956963],[19.78430813288779,42.23624969198496],[19.784153230276154,42.23642347014488],[19.78373696480505,42.23617661681241],[19.78350443567279,42.236001878650775],[19.78330959994225,42.23597056711419],[19.78322159740636,42.23617316669301]]]},"properties":{"SIPERFAQJA":1976,"VOL":"1","FAQE":"80","NR_PAS":"58/12","PRONARET":"SHTET","KUFIZIMET":"_","ZK":"2859","EMRI_I_ZK":"PALAJ"}},
{"type":"Feature","geometry":{"type":"Polygon","coordinates":[[[19.78316023160387,42.236929905374964],[19.78320580712056,42.23698097191876],[19.78325659427075,42.23702818603484],[19.78332595730484,42.23711637402442],[19.783372890791085,42.23721459203306],[19.783289360457506,42.23715725491047],[19.783174274651383,42.23715641558561],[19.78302814385823,42.23710642566873],[19.78303162181123,42.23707951026816],[19.782953188345008,42.23697692053238],[19.78316023160387,42.236929905374964]]]},"properties":{"SIPERFAQJA":489,"VOL":"1","FAQE":"95","NR_PAS":"58/7","PRONARET":"SHTET","KUFIZIMET":"SUBJEKT I PAIDENTIFIKUAR","ZK":"2859","EMRI_I_ZK":"PALAJ"}},
{"type":"Feature","geometry":{"type":"Polygon","coordinates":[[[19.784399837627998,42.237029293584676],[19.784373697777063,42.23684285785351],[19.784147796947007,42.236873948368824],[19.784126425728154,42.23686936880499],[19.784122733503118,42.236844861314786],[19.784386904680918,42.23679600760898],[19.78441184854853,42.236791394654134],[19.784440036364884,42.23701899237091],[19.78450835735407,42.23709096125616],[19.784542673351613,42.23710586862492],[19.784580216328166,42.2371118764136],[19.78460479173684,42.23711163391583],[19.784797993514154,42.23710972731444],[19.78479649718744,42.237139009247976],[19.784528496398828,42.23713144648766],[19.78447193954585,42.23710526171933],[19.784399837627998,42.237029293584676]]]},"properties":{"SIPERFAQJA":284,"VOL":"1","FAQE":"90","NR_PAS":"58/21","PRONARET":"SHTET","KUFIZIMET":"_","ZK":"2859","EMRI_I_ZK":"PALAJ"}},
{"type":"Feature","geometry":{"type":"Polygon","coordinates":[[[19.778564598570973,42.23682162660665],[19.778627083187686,42.23675704252559],[19.778703591007968,42.23665504064317],[19.778731268407654,42.23659997949353],[19.778795642728547,42.236574963075114],[19.778888122366375,42.23661153435489],[19.779019787143802,42.23668608984576],[19.779136441109266,42.2367110621021],[19.779356031334224,42.236782601103066],[19.779357857914082,42.236826111238145],[19.779311375854686,42.23688888551457],[19.779198183579744,42.236960834333566],[19.77913826176422,42.2370313786013],[19.779105166727383,42.23709034323673],[19.779101828262302,42.2371258942634],[19.77909044549902,42.23716334018517],[19.77906611875713,42.23718285052135],[19.779028621002816,42.237194316506425],[19.77896219127319,42.23718767666467],[19.778933373691277,42.23716363946609],[19.778852085570797,42.237099504948226],[19.778752931494076,42.23699564149626],[19.77864296670705,42.23689956695315],[19.778587984438325,42.23685152964309],[19.778564255554603,42.23683941173603],[19.778564598570973,42.23682162660665]]]},"properties":{"SIPERFAQJA":2424,"VOL":"1","FAQE":"57","NR_PAS":"59","PRONARET":"SHTET","KUFIZIMET":"_","ZK":"2859","EMRI_I_ZK":"PALAJ"}},
{"type":"Feature","geometry":{"type":"Polygon","coordinates":[[[19.781310512177622,42.23317707953739],[19.781335093158614,42.23339896724958],[19.78131459184179,42.23357234318636],[19.78129311372663,42.2336296404565],[19.781279549982475,42.23380508863951],[19.781261599989133,42.23389118614282],[19.78123667701261,42.23402110536768],[19.781283736728568,42.234116968148285],[19.781252116705684,42.23428203369217],[19.78118900892419,42.23438430577286],[19.781128483811305,42.2344297909623],[19.78105869799277,42.23445478720063],[19.780851091130838,42.234546430749276],[19.780730480108012,42.234564827858364],[19.780667954109575,42.2346368216746],[19.78055141956087,42.2347612204676],[19.78044456310826,42.234807013861555],[19.78032421372612,42.23481179265586],[19.78022617869166,42.234822858284105],[19.780172577943464,42.234854075747315],[19.780123041773898,42.234886848825866],[19.780035593876924,42.23492246848198],[19.779834717768196,42.234815498283886],[19.779373692202526,42.234628635451536],[19.778436302561623,42.23417316088352],[19.778247369852252,42.233895061993],[19.77814694542077,42.23380209538092],[19.77806933629016,42.233730248391225],[19.778053269365,42.233715376245264],[19.77842732703642,42.23347215449041],[19.778674540749314,42.23331797413816],[19.778778026652294,42.23325781462732],[19.77890790287046,42.23319794500958],[19.7790308949959,42.23315269391436],[19.779164761808353,42.233099447261246],[19.779267302531732,42.23308828645171],[19.77943238988214,42.23308514620778],[19.779508468504922,42.23307615221396],[19.77961765699391,42.233062613175676],[19.779690629947105,42.23304379137351],[19.779780913094612,42.23298349046889],[19.77999117926675,42.23281397011362],[19.780016227912313,42.23273109015603],[19.780023952321432,42.23268539498268],[19.78004758613247,42.23264326295622],[19.780082216474117,42.23262328583581],[19.780139325905438,42.23262049937428],[19.780328331165848,42.23274560534436],[19.780649497733332,42.232894667404544],[19.780873468153494,42.23294348694935],[19.781002842111164,42.232990825809324],[19.781166092686046,42.23311769827692],[19.781217009434062,42.233152334069025],[19.781287400505946,42.233172453596964],[19.781310512177622,42.23317707953739]]]},"properties":{"SIPERFAQJA":42342,"VOL":"1","FAQE":"58","NR_PAS":"60","PRONARET":"SHTET","KUFIZIMET":"_","ZK":"2859","EMRI_I_ZK":"PALAJ"}},
{"type":"Feature","geometry":{"type":"Polygon","coordinates":[[[19.78295317174238,42.23282842027623],[19.78279442584743,42.23281900171383],[19.78279593652892,42.23277089211201],[19.782789178527107,42.23274636465612],[19.782756952238994,42.23271775706968],[19.78266247310589,42.232652168083206],[19.78252856557604,42.23258206883766],[19.782469833054193,42.23254023014116],[19.78245262946317,42.23251019563577],[19.782427618148773,42.232400179506264],[19.782411223283933,42.232313278464275],[19.78243210588646,42.23228661302229],[19.782459975873635,42.23227266356735],[19.78248198021118,42.232269767395145],[19.782583104480416,42.23228632256597],[19.782798950018623,42.23230622147359],[19.78289334127311,42.2322951846688],[19.78295693151827,42.23228202904747],[19.783003859312878,42.2322569315283],[19.783035566500857,42.23221866667303],[19.783109499214138,42.23208624012732],[19.783120363658647,42.23205203368105],[19.783120473480146,42.23201995489076],[19.783092532303005,42.2319521532869],[19.783075828770208,42.23189042969846],[19.783077103549598,42.23185999391415],[19.783104909744136,42.23182079818275],[19.783139628845298,42.23179513464834],[19.78315456995472,42.2317762796899],[19.78329925853747,42.23189589962252],[19.78353348467731,42.232084635505394],[19.78363444534768,42.23220798632281],[19.78371562908227,42.23228758256472],[19.783786386420683,42.232613050539584],[19.78368429342771,42.232695600397726],[19.78357476783479,42.23271352392033],[19.78351362577783,42.23272003233437],[19.783433089299415,42.23273349191784],[19.783343003817183,42.23274207885781],[19.783256311082724,42.23274115914773],[19.783192154868576,42.232738092838545],[19.78310225264857,42.23273713896],[19.783009049281713,42.23274092126806],[19.782902858487795,42.23275171360222],[19.782856096286856,42.23276195723421],[19.78295317174238,42.23282842027623]]]},"properties":{"SIPERFAQJA":6813,"VOL":"1","FAQE":"100","NR_PAS":"61/3","PRONARET":"SHTET","KUFIZIMET":"_","ZK":"2859","EMRI_I_ZK":"PALAJ"}},
{"type":"Feature","geometry":{"type":"Polygon","coordinates":[[[19.782433183812678,42.23325645118435],[19.78250051342756,42.233214284053226],[19.782585868763334,42.23313999923538],[19.78275226277684,42.23294681023554],[19.78279442584743,42.23281900171383],[19.78295317174238,42.23282842027623],[19.782976940529196,42.23284469362343],[19.783070032847803,42.23289650915743],[19.783201310165374,42.23296461003641],[19.783230212336388,42.23301891323751],[19.78333857615749,42.23316619027177],[19.783421837735137,42.23328460021292],[19.783411395930923,42.23338296699877],[19.783333268721254,42.23344249047768],[19.783190998942892,42.23350134238156],[19.783075113340658,42.23352234879157],[19.782955867729218,42.233495669583405],[19.782636344163446,42.23342921639544],[19.782427773327107,42.233372798686254],[19.782433183812678,42.23325645118435]]]},"properties":{"SIPERFAQJA":4069,"VOL":"1","FAQE":"99","NR_PAS":"61/2","PRONARET":"SHTET","KUFIZIMET":"SUBJEKT I PAIDENTIFIKUAR","ZK":"2859","EMRI_I_ZK":"PALAJ"}},
{"type":"Feature","geometry":{"type":"Polygon","coordinates":[[[19.781321217476656,42.233179222265726],[19.781351283001662,42.23318524005061],[19.781642704676326,42.23319800047681],[19.781798119618546,42.23323315594338],[19.782003513059372,42.233274850079106],[19.78216604137502,42.23330108617962],[19.78233090037528,42.23328121960776],[19.782433183812678,42.23325645118435],[19.782427773327107,42.233372798686254],[19.782353092504575,42.233414947390465],[19.78226576916982,42.23344741023468],[19.782204305269882,42.23347061403176],[19.782136422259388,42.23349374963119],[19.782022589822642,42.23355726823185],[19.781973596933174,42.23359968948982],[19.78193080599403,42.23365409580868],[19.781877220224573,42.23370415631613],[19.7817149445128,42.23362654217193],[19.781530119499617,42.23348184521418],[19.78139427077936,42.23327360709692],[19.781321217476656,42.233179222265726]]]},"properties":{"SIPERFAQJA":2660,"VOL":"1","FAQE":"98","NR_PAS":"61/1","PRONARET":"SHTET","KUFIZIMET":"_","ZK":"2859","EMRI_I_ZK":"PALAJ"}},
{"type":"Feature","geometry":{"type":"Polygon","coordinates":[[[19.782433183812678,42.23325645118435],[19.78233090037528,42.23328121960776],[19.78216604137502,42.23330108617962],[19.782003513059372,42.233274850079106],[19.781798119618546,42.23323315594338],[19.781642704676326,42.23319800047681],[19.781351283001662,42.23318524005061],[19.781321217476656,42.233179222265726],[19.78130900102195,42.23316343858019],[19.781310512177622,42.23317707953739],[19.781287400505946,42.233172453596964],[19.781217009434062,42.233152334069025],[19.781166092686046,42.23311769827692],[19.781002842111164,42.232990825809324],[19.780873468153494,42.23294348694935],[19.780649497733332,42.232894667404544],[19.780328331165848,42.23274560534436],[19.780139325905438,42.23262049937428],[19.780180831658523,42.23259890289708],[19.780447440148755,42.2327474175146],[19.780704108852067,42.23284451359812],[19.78088422215946,42.23289755843197],[19.780984486365455,42.23292372118754],[19.781054877944452,42.23295418999324],[19.781211523778527,42.23307804711199],[19.781287873478348,42.23312983431684],[19.781349613049255,42.23314128002557],[19.781666943659925,42.23315108369247],[19.781844280557635,42.233190853013866],[19.782046493539102,42.233231901470845],[19.782161670003827,42.233237161095595],[19.78231518570111,42.23321866145961],[19.78240325753284,42.233191649729335],[19.782444824763445,42.233162154550506],[19.78250442262836,42.23310926505442],[19.782663287962276,42.232956038952],[19.782711578840583,42.23283231139362],[19.7827183741323,42.232785498754204],[19.782705883459442,42.2327495044966],[19.782621345476347,42.23268994369181],[19.782473701266376,42.23261471901933],[19.782417570224684,42.232568441882194],[19.782392839511978,42.232525266255465],[19.782364212464216,42.23244106527567],[19.7823480198294,42.23232643561749],[19.782364477833188,42.232269044547756],[19.78239197638187,42.2322458511252],[19.782431977461737,42.232236994571],[19.782485065661287,42.23223339845337],[19.78259131727552,42.2322507930321],[19.782798151559163,42.23226986119156],[19.782880683953643,42.232260210996806],[19.78294840023607,42.232240725492595],[19.78299308835544,42.23220035749173],[19.783054634356745,42.23207983902668],[19.783067989356475,42.23203450850559],[19.783045145514002,42.231959688642455],[19.78302722269242,42.23189345930002],[19.7830290195908,42.23185055853023],[19.783065495392698,42.231799142134136],[19.783096924256117,42.23177591068003],[19.783125014930548,42.231708699951824],[19.78315456995472,42.2317762796899],[19.783139628845298,42.23179513464834],[19.783104909744136,42.23182079818275],[19.783077103549598,42.23185999391415],[19.783075828770208,42.23189042969846],[19.783092532303005,42.2319521532869],[19.783120473480146,42.23201995489076],[19.783120363658647,42.23205203368105],[19.783109499214138,42.23208624012732],[19.783035566500857,42.23221866667303],[19.783003859312878,42.2322569315283],[19.78295693151827,42.23228202904747],[19.78289334127311,42.2322951846688],[19.782798950018623,42.23230622147359],[19.782583104480416,42.23228632256597],[19.78248198021118,42.232269767395145],[19.782459975873635,42.23227266356735],[19.78243210588646,42.23228661302229],[19.782411223283933,42.232313278464275],[19.782427618148773,42.232400179506264],[19.78245262946317,42.23251019563577],[19.782469833054193,42.23254023014116],[19.78252856557604,42.23258206883766],[19.78266247310589,42.232652168083206],[19.782756952238994,42.23271775706968],[19.782789178527107,42.23274636465612],[19.78279593652892,42.23277089211201],[19.78279442584743,42.23281900171383],[19.78275226277684,42.23294681023554],[19.782585868763334,42.23313999923538],[19.78250051342756,42.233214284053226],[19.782433183812678,42.23325645118435]]]},"properties":{"SIPERFAQJA":2420,"VOL":"1","FAQE":"101","NR_PAS":"61/4","PRONARET":"SHTET","KUFIZIMET":"_","ZK":"2859","EMRI_I_ZK":"PALAJ"}},
{"type":"Feature","geometry":{"type":"Polygon","coordinates":[[[19.780460236795882,42.231959115842834],[19.78051179241471,42.23200910511736],[19.780394088097708,42.23211098684847],[19.780304328832656,42.23226749318624],[19.78024937741048,42.23236752399798],[19.78016714013519,42.23242073427152],[19.78016427373801,42.2323918780111],[19.780165187743023,42.23234441793204],[19.780113741114786,42.23227458804206],[19.780049209002957,42.232222515762935],[19.78004286766991,42.232173763179354],[19.780062164271527,42.23211718112518],[19.779990686316893,42.232018195295716],[19.77999831015045,42.23185318986762],[19.78002449875029,42.23176267445709],[19.780110220699257,42.23177038445562],[19.780272798761963,42.231832818861186],[19.780333231260208,42.231897854920554],[19.780460236795882,42.231959115842834]]]},"properties":{"SIPERFAQJA":1704,"VOL":"1","FAQE":"109","NR_PAS":"62/4","PRONARET":"SHTET","KUFIZIMET":"SUBJEKT I PAIDENTIFIKUAR","ZK":"2859","EMRI_I_ZK":"PALAJ"}},
{"type":"Feature","geometry":{"type":"Polygon","coordinates":[[[19.780460236795882,42.231959115842834],[19.780333231260208,42.231897854920554],[19.780272798761963,42.231832818861186],[19.780110220699257,42.23177038445562],[19.78002449875029,42.23176267445709],[19.78005068727477,42.23167215903897],[19.78008933998421,42.23158209001259],[19.780173753946958,42.23151476331693],[19.780353463689814,42.23144409330965],[19.780530123982256,42.23135946598858],[19.78071387326677,42.23122795834144],[19.78078155786149,42.231295892429515],[19.780925101631993,42.231264327575545],[19.780957803220513,42.231397077250094],[19.780992981874274,42.23144172560903],[19.78090536665241,42.23164492386721],[19.78084246612639,42.23176503134014],[19.780625916840645,42.231964997415986],[19.780511792414714,42.23200910511736],[19.780460236795882,42.231959115842834]]]},"properties":{"SIPERFAQJA":3897,"VOL":"1","FAQE":"110","NR_PAS":"62/5","PRONARET":"SHTET","KUFIZIMET":"SUBJEKT I PAIDENTIFIKUAR","ZK":"2859","EMRI_I_ZK":"PALAJ"}},
{"type":"Feature","geometry":{"type":"Polygon","coordinates":[[[19.780511792414714,42.23200910511736],[19.780625916840645,42.231964997415986],[19.78084246612639,42.23176503134014],[19.78090536665241,42.23164492386721],[19.780992981874274,42.23144172560903],[19.781172328606697,42.23143547499276],[19.781130977492005,42.23158439323415],[19.781075353626196,42.231749926543245],[19.781074246373578,42.23207033363887],[19.781015048952852,42.23224558861057],[19.780915219407895,42.23236143133883],[19.780698401883885,42.232435119249864],[19.780286035540538,42.23256354888907],[19.78019011302405,42.232557411864434],[19.780193317741876,42.23254308561343],[19.78018729094216,42.23250063808465],[19.78017000653493,42.23244959053173],[19.78016714013519,42.23242073427152],[19.78024937741048,42.23236752399798],[19.780304328832656,42.23226749318624],[19.780394088097708,42.23211098684847],[19.780511792414714,42.23200910511736]]]},"properties":{"SIPERFAQJA":4343,"VOL":"1","FAQE":"108","NR_PAS":"62/3","PRONARET":"SHTET","KUFIZIMET":"SUBJEKT I PAIDENTIFIKUAR","ZK":"2859","EMRI_I_ZK":"PALAJ"}},
{"type":"Feature","geometry":{"type":"Polygon","coordinates":[[[19.78124767116654,42.23145849043607],[19.781398926188565,42.23147349345687],[19.781574988530178,42.23160759889948],[19.781662692159568,42.231769627541155],[19.78170316287056,42.23204794620817],[19.78166327863103,42.23217835308477],[19.781581713407515,42.232445039799025],[19.781357710238915,42.232383346760216],[19.781115697034227,42.23230254241863],[19.781124691988918,42.23191131657525],[19.781116164114085,42.23177072931889],[19.781188859682413,42.23160084429109],[19.78124767116654,42.23145849043607]]]},"properties":{"SIPERFAQJA":4095,"VOL":"1","FAQE":"107","NR_PAS":"62/2","PRONARET":"SHTET","KUFIZIMET":"SUBJEKT I PAIDENTIFIKUAR","ZK":"2859","EMRI_I_ZK":"PALAJ"}},
{"type":"Feature","geometry":{"type":"Polygon","coordinates":[[[19.782798151559163,42.23226986119156],[19.78259131727552,42.2322507930321],[19.782485065661287,42.23223339845337],[19.782431977461737,42.232236994571],[19.78239197638187,42.2322458511252],[19.782364477833188,42.232269044547756],[19.7823480198294,42.23232643561749],[19.782364212464216,42.23244106527567],[19.782392839511978,42.232525266255465],[19.782417570224684,42.232568441882194],[19.782473701266376,42.23261471901933],[19.782621345476347,42.23268994369181],[19.782705883459442,42.2327495044966],[19.7827183741323,42.232785498754204],[19.782711578840583,42.23283231139362],[19.782663287962276,42.232956038952],[19.78250442262836,42.23310926505442],[19.782444824763445,42.233162154550506],[19.78240325753284,42.233191649729335],[19.78231518570111,42.23321866145961],[19.782161670003827,42.233237161095595],[19.782046493539102,42.233231901470845],[19.781844280557635,42.233190853013866],[19.781666943659925,42.23315108369247],[19.781349613049255,42.23314128002557],[19.781287873478348,42.23312983431684],[19.781211523778527,42.23307804711199],[19.781054877944452,42.23295418999324],[19.780984486365455,42.23292372118754],[19.78088422215946,42.23289755843197],[19.780704108852067,42.23284451359812],[19.780447440148755,42.2327474175146],[19.780180831658523,42.23259890289708],[19.78019011302405,42.232557411864434],[19.780286035540538,42.23256354888907],[19.780698401883885,42.232435119249864],[19.780915219407895,42.23236143133883],[19.781015048952852,42.23224558861057],[19.781074246373578,42.23207033363887],[19.781075353626196,42.231749926543245],[19.781130977492005,42.23158439323415],[19.781172328606697,42.23143547499276],[19.780992981874274,42.23144172560903],[19.780957803220513,42.231397077250094],[19.780925101631993,42.231264327575545],[19.78078155786149,42.231295892429515],[19.78071387326677,42.23122795834144],[19.780813509308707,42.2311427359513],[19.780891345359795,42.23107472607224],[19.781030454612292,42.23113231633145],[19.781133072666574,42.2311572106305],[19.78126195213577,42.23115453961978],[19.781232312114994,42.231213570154836],[19.781523935564074,42.23131661503514],[19.781614093676875,42.23136642168901],[19.781770164297757,42.231260582293885],[19.78187414875657,42.23107669689801],[19.781991689597007,42.23113542440804],[19.781883007800268,42.23123348334995],[19.78176885426699,42.23130190215285],[19.781647496129995,42.231384874393385],[19.781800673434255,42.23150728740924],[19.78196843242794,42.23159349382407],[19.782285773048915,42.23179846169375],[19.782274394530457,42.23191146873437],[19.78245685705495,42.23206869237371],[19.782492783607132,42.232133356849694],[19.782645008851816,42.23221418125637],[19.782798151559163,42.23226986119156]],[[19.78124767116654,42.23145849043607],[19.781188859682413,42.23160084429109],[19.781116164114085,42.23177072931889],[19.781124691988918,42.23191131657525],[19.781115697034227,42.23230254241863],[19.781357710238915,42.232383346760216],[19.781581713407515,42.232445039799025],[19.78166327863103,42.23217835308477],[19.78170316287056,42.23204794620817],[19.781662692159568,42.231769627541155],[19.781574988530178,42.23160759889948],[19.781398926188565,42.23147349345687],[19.78124767116654,42.23145849043607]]]},"properties":{"SIPERFAQJA":21430,"VOL":"1","FAQE":"102","NR_PAS":"62/1","PRONARET":"SHTET","KUFIZIMET":"_","ZK":"2859","EMRI_I_ZK":"PALAJ"}},
{"type":"Feature","geometry":{"type":"Polygon","coordinates":[[[19.780891345359795,42.23107472607224],[19.780957640032238,42.23098916083298],[19.781003400743852,42.23091442974804],[19.781074052650286,42.23087407116349],[19.78116715652239,42.230828991435324],[19.781300184944968,42.23072620029513],[19.781341843867146,42.230667122043144],[19.781402031839594,42.23056742281836],[19.78151462009878,42.23044853892802],[19.781607977572882,42.23032961831165],[19.78162106238451,42.23027414078083],[19.78159808405127,42.23022286664797],[19.781518310893077,42.230120290099705],[19.78136879816053,42.22998139532887],[19.781340207625412,42.22990749981587],[19.781330855589005,42.22983125900373],[19.78131448024213,42.22978068247578],[19.78128862090052,42.22974435726131],[19.781209623610778,42.22966905398298],[19.78111693293912,42.22959503612684],[19.780973060990398,42.22949233685598],[19.780932336680213,42.22945311812863],[19.78092581528035,42.22943550727671],[19.78093485115798,42.229413156247595],[19.780963745692116,42.22939891961642],[19.781050318918346,42.22939482364675],[19.781463658785583,42.22942657747678],[19.781597178435643,42.229442104241755],[19.78175184753644,42.22950334916205],[19.781851088290384,42.22953688550116],[19.782097629085676,42.22960881316514],[19.782289766823826,42.22965681737093],[19.782395794677463,42.22971613272041],[19.782458585303605,42.229741396074274],[19.78249788578538,42.22974534240068],[19.782529380960895,42.22972878878002],[19.782532614625257,42.22968443247833],[19.78252129238292,42.22962152704728],[19.782469572170523,42.229562832552695],[19.78238538176311,42.2294397632896],[19.782341461871802,42.229349641549746],[19.782335805781994,42.22931675965166],[19.782351243832498,42.22930106795371],[19.782419834698516,42.22930490853079],[19.782665020312383,42.22939322704789],[19.782765281181202,42.229419978606934],[19.78296423695241,42.229432284926645],[19.783090260077394,42.229478818924505],[19.783091625163603,42.22948440112993],[19.78331008580859,42.23010774250565],[19.78342193144182,42.23039644394449],[19.78345846050865,42.23052073272768],[19.783411406919146,42.23063041935045],[19.783276809301974,42.230815682696736],[19.783103431922097,42.2309775915627],[19.783140696218066,42.230996044364815],[19.783166724151844,42.2310168280513],[19.783185628832527,42.23105396014283],[19.78314654508518,42.23103503348617],[19.783131681996853,42.2310224164221],[19.783153162912573,42.23112374163255],[19.78319847238439,42.23131139188848],[19.783154819918078,42.23152743718233],[19.783125014930548,42.231708699951824],[19.783096924256117,42.23177591068003],[19.783065495392698,42.231799142134136],[19.7830290195908,42.23185055853023],[19.78302722269242,42.23189345930002],[19.783045145514002,42.231959688642455],[19.783067989356475,42.23203450850559],[19.783054634356745,42.23207983902668],[19.78299308835544,42.23220035749173],[19.78294840023607,42.232240725492595],[19.782880683953643,42.232260210996806],[19.782798151559163,42.23226986119156],[19.782645008851816,42.23221418125637],[19.782492783607132,42.232133356849694],[19.78245685705495,42.23206869237371],[19.782274394530457,42.23191146873437],[19.782285773048915,42.23179846169375],[19.78196843242794,42.23159349382407],[19.781800673434255,42.23150728740924],[19.781647496129995,42.231384874393385],[19.78176885426699,42.23130190215285],[19.781883007800268,42.23123348334995],[19.781991689597007,42.23113542440804],[19.78187414875657,42.23107669689801],[19.781770164297757,42.231260582293885],[19.781614093676875,42.23136642168901],[19.781523935564074,42.23131661503514],[19.781232312114994,42.231213570154836],[19.78126195213577,42.23115453961978],[19.781133072666574,42.2311572106305],[19.781030454612292,42.23113231633145],[19.780891345359795,42.23107472607224]]]},"properties":{"SIPERFAQJA":40909,"VOL":"1","FAQE":"111","NR_PAS":"62/6","PRONARET":"SHTET","KUFIZIMET":"SUBJEKT I PAIDENTIFIKUAR","ZK":"2859","EMRI_I_ZK":"PALAJ"}},
{"type":"Feature","geometry":{"type":"Polygon","coordinates":[[[19.783185628832527,42.23105396014283],[19.783166724151844,42.2310168280513],[19.783140696218066,42.230996044364815],[19.783103431922097,42.2309775915627],[19.783276809301974,42.230815682696736],[19.783411406919146,42.23063041935045],[19.78345846050865,42.23052073272768],[19.78342193144182,42.23039644394449],[19.78331008580859,42.23010774250565],[19.783091625163603,42.22948440112993],[19.783090260077394,42.229478818924505],[19.783073424518125,42.2294099737032],[19.78315026087203,42.229407037138856],[19.783136375241263,42.229429945041815],[19.783306130832415,42.22957552390588],[19.78334694463392,42.22967745930842],[19.783441930333538,42.22970425887838],[19.78352569468503,42.22986313106731],[19.783622726213615,42.23000924341804],[19.78371887938809,42.23020049356567],[19.78383872856824,42.2302888090308],[19.783948656749583,42.23044151259818],[19.784028768351778,42.2305648760944],[19.784237835239598,42.23075409102406],[19.78446544584044,42.23088224056452],[19.784603332456967,42.23093529482226],[19.784696329509284,42.231065240138584],[19.784732851825826,42.231197818841146],[19.784726379380324,42.23132492759582],[19.784790115740215,42.23139653310196],[19.784892910445514,42.231468552398326],[19.784943442118834,42.23154969552762],[19.78493395459132,42.231591510327505],[19.78491096523409,42.23165896503857],[19.78485417968839,42.231715645858316],[19.784677551156378,42.23171377429797],[19.784368044556068,42.231628806052434],[19.78426485622034,42.23159687893916],[19.784148909735187,42.231580237642284],[19.784028868476014,42.23156046498016],[19.783962853362773,42.23153818621456],[19.783897501350122,42.231482002288026],[19.783815947485987,42.23140405868825],[19.78375463144665,42.231354084142964],[19.783684889118845,42.23131017786286],[19.783450479326557,42.23118221573041],[19.783185628832527,42.23105396014283]]]},"properties":{"SIPERFAQJA":14394,"VOL":"1","FAQE":"112","NR_PAS":"62/7","PRONARET":"SHTET","KUFIZIMET":"_","ZK":"2859","EMRI_I_ZK":"PALAJ"}},
{"type":"Feature","geometry":{"type":"Polygon","coordinates":[[[19.783090260077394,42.229478818924505],[19.78296423695241,42.229432284926645],[19.782765281181202,42.229419978606934],[19.782665020312383,42.22939322704789],[19.782419834698516,42.22930490853079],[19.782351243832498,42.22930106795371],[19.782335805781994,42.22931675965166],[19.782341461871802,42.229349641549746],[19.78238538176311,42.2294397632896],[19.782469572170523,42.229562832552695],[19.78252129238292,42.22962152704728],[19.782532614625257,42.22968443247833],[19.782529380960895,42.22972878878002],[19.78249788578538,42.22974534240068],[19.782458585303605,42.229741396074274],[19.782395794677463,42.22971613272041],[19.782289766823826,42.22965681737093],[19.782097629085676,42.22960881316514],[19.781851088290384,42.22953688550116],[19.78175184753644,42.22950334916205],[19.781597178435643,42.229442104241755],[19.781463658785583,42.22942657747678],[19.781050318918346,42.22939482364675],[19.780963745692116,42.22939891961642],[19.78093485115798,42.229413156247595],[19.78092581528035,42.22943550727671],[19.780932336680213,42.22945311812863],[19.780973060990398,42.22949233685598],[19.78111693293912,42.22959503612684],[19.781209623610778,42.22966905398298],[19.78128862090052,42.22974435726131],[19.78131448024213,42.22978068247578],[19.781330855589005,42.22983125900373],[19.781340207625412,42.22990749981587],[19.78136879816053,42.22998139532887],[19.781518310893077,42.230120290099705],[19.78159808405127,42.23022286664797],[19.78162106238451,42.23027414078083],[19.781607977572882,42.23032961831165],[19.78151462009878,42.23044853892802],[19.781402031839594,42.23056742281836],[19.781341843867146,42.230667122043144],[19.781300184944968,42.23072620029513],[19.78116715652239,42.230828991435324],[19.781074052650286,42.23087407116349],[19.781003400743852,42.23091442974804],[19.780957640032238,42.23098916083298],[19.780891345359795,42.23107472607224],[19.780813509308707,42.2311427359513],[19.78071387326677,42.23122795834144],[19.780530123982256,42.23135946598858],[19.780353463689814,42.23144409330965],[19.780173753946958,42.23151476331693],[19.78008933998421,42.23158209001259],[19.78009723292573,42.231563697748236],[19.78018784463369,42.231475510472585],[19.780362639813028,42.231401433962525],[19.78047030646244,42.23134975262991],[19.780564917120266,42.23128472581245],[19.78065475297527,42.23123615860639],[19.78075273038453,42.23112773070384],[19.7808816558318,42.231011826586204],[19.780939683250104,42.230937345125554],[19.780946712893304,42.23091182833237],[19.780984050979797,42.23087261802883],[19.7811308728961,42.2307982080953],[19.781253491703925,42.230692074678004],[19.78135534523993,42.23054633294967],[19.781432152701843,42.23043550099203],[19.78150591699631,42.23031404675515],[19.781515664291323,42.23026107908011],[19.781496689334432,42.23021634401477],[19.78147317449916,42.230143209961035],[19.781319422345952,42.230000376726075],[19.78128639102075,42.22991500330569],[19.781277039048053,42.2298387624894],[19.781230057245775,42.229770770217286],[19.7811453641967,42.229690037430785],[19.781054855810286,42.229620520133935],[19.78093485407155,42.22952123578676],[19.780869343294153,42.2294722976106],[19.78084478088711,42.229429288981855],[19.780865733475654,42.229382498044146],[19.78089441698255,42.229361938943846],[19.780930332943772,42.229350669249826],[19.781052260876297,42.22935424496298],[19.781470679291395,42.22938638894365],[19.781649896936333,42.2294072298124],[19.78179611131283,42.22947380386989],[19.781872343937234,42.22949956507974],[19.782116284986323,42.22957073426768],[19.782311492470782,42.229619505417894],[19.782438743985008,42.22967395537618],[19.78246114767166,42.22966927956824],[19.782468463746287,42.22965409514661],[19.782458676177523,42.229635928720306],[19.78242233418394,42.22958317086816],[19.782335271078566,42.22945590216143],[19.782267068088842,42.22933789357123],[19.782259449713337,42.229294250129186],[19.782274571185322,42.22927372637932],[19.78232868449513,42.22925536083156],[19.782428172882216,42.22927316505339],[19.782447177867144,42.229276566132526],[19.78271358106246,42.22935083632053],[19.782813244989704,42.22937728615701],[19.782896003852546,42.22938518539179],[19.782978762736267,42.22939308456689],[19.783073424518125,42.2294099737032],[19.783090260077394,42.229478818924505]]]},"properties":{"SIPERFAQJA":2759,"VOL":"1","FAQE":"114","NR_PAS":"62/9","PRONARET":"SHTET","KUFIZIMET":"_","ZK":"2859","EMRI_I_ZK":"PALAJ"}},
{"type":"Feature","geometry":{"type":"Polygon","coordinates":[[[19.778257971422,42.230315367698964],[19.77849972144394,42.230259900090026],[19.778589866069883,42.23026101723311],[19.778695105058965,42.23030271003726],[19.77884075086384,42.23040860143885],[19.778990342430365,42.23053199894264],[19.779104256951086,42.23063499993131],[19.77923827291408,42.230799330954966],[19.77931703170279,42.23089885815105],[19.77929661041861,42.230905671692305],[19.779276150276367,42.230914501360495],[19.779257208767177,42.23091429974781],[19.779200338240948,42.230916710215176],[19.77914208471219,42.23092111347402],[19.779087779427755,42.23093058208996],[19.779038783593187,42.2309461388321],[19.779017878050908,42.230978072948346],[19.778997134564737,42.231000970346905],[19.778875152295573,42.23103175627799],[19.778773488017368,42.231043493233734],[19.77866502859126,42.231072793495],[19.778608467040932,42.23109623663284],[19.778586464732875,42.231118445367954],[19.77859456240432,42.23114578195943],[19.778613265619523,42.23118284609022],[19.77860633479716,42.23120681776645],[19.778584456019765,42.23122261808697],[19.77855637606167,42.23122392146648],[19.778429593512534,42.231227837561846],[19.778343704899836,42.23121925263737],[19.77826489256432,42.23120051627132],[19.778196460252374,42.2311793337434],[19.778138050698587,42.23117359809425],[19.778058893309936,42.231172754738836],[19.7779969456313,42.23117209470027],[19.777760367125516,42.231195446681355],[19.77762452287158,42.2312307918191],[19.77741450229464,42.23123816775899],[19.777258082697287,42.23124811333206],[19.77719157416831,42.23114360623359],[19.777200802201648,42.2310972971043],[19.777230729417514,42.23105740233557],[19.77727313087386,42.23101764055165],[19.7773070450499,42.23098706977262],[19.77768808304401,42.23073922543771],[19.777753782239277,42.230718706896994],[19.7778379000268,42.230695350777424],[19.777905633758756,42.2306748538302],[19.777971479022398,42.230646756675114],[19.77813704325668,42.230521856499244],[19.778180791943313,42.230447368350504],[19.778234640332045,42.23035606320758],[19.778257971422,42.230315367698964]]]},"properties":{"SIPERFAQJA":10511,"VOL":"1","FAQE":"115","NR_PAS":"63/1","PRONARET":"SHTET","KUFIZIMET":"_","ZK":"2859","EMRI_I_ZK":"PALAJ"}},
{"type":"Feature","geometry":{"type":"Polygon","coordinates":[[[19.779320780467696,42.22930188026127],[19.779634877751242,42.22933691954942],[19.77974621386594,42.22934996952239],[19.780041969274624,42.22934483196622],[19.780237845911056,42.22934520741102],[19.780413624431723,42.229448610824704],[19.780544515503205,42.22953683687825],[19.780620790552007,42.229606268196726],[19.780638226829208,42.22972076426529],[19.780566485020714,42.229915860174906],[19.780600087591537,42.229957251035614],[19.7807866183241,42.23022182027277],[19.780837714942468,42.230419843309654],[19.780838102881052,42.23054782037348],[19.780817300915807,42.23060193220471],[19.7807566137463,42.23064128614905],[19.78066504328631,42.23075737094427],[19.780607044937273,42.23076008001307],[19.780499991442312,42.230808914231226],[19.780439627686317,42.23085246528417],[19.78039492578345,42.23088850378323],[19.78034513856671,42.230920644147076],[19.780274555457424,42.230956407360495],[19.780167871606743,42.23098601600711],[19.780061138451895,42.23101755054957],[19.779993529044386,42.23103412503311],[19.779843400752398,42.23103445444616],[19.779754532075643,42.2310120471518],[19.77971287494464,42.23099753312718],[19.779665939661253,42.230975932028024],[19.77962177535346,42.23095134458138],[19.77958031182045,42.230926785857314],[19.779514609414587,42.23089593754774],[19.779471595991737,42.2308814090021],[19.779432458138476,42.23087697740006],[19.779320957921186,42.230755171420135],[19.779134790766932,42.23056288566907],[19.77900691357064,42.23045891470442],[19.778913311247393,42.23035689587351],[19.77879173064404,42.23026802417977],[19.778678902813976,42.23021783002756],[19.778557094902425,42.23019402114796],[19.778438974063544,42.2302051083912],[19.77829525961053,42.23025032724915],[19.778339613894858,42.23014441800245],[19.778370867851248,42.230043203500976],[19.778532239910472,42.22966569488303],[19.77853333242092,42.22960903621449],[19.778535699313636,42.22948628626478],[19.778448782108786,42.22915615061751],[19.778353458942114,42.22896341770065],[19.778706351749065,42.22915564563605],[19.779320780467696,42.22930188026127]]]},"properties":{"SIPERFAQJA":29157,"VOL":"1","FAQE":"118","NR_PAS":"64/1","PRONARET":"SHTET","KUFIZIMET":"_","ZK":"2859","EMRI_I_ZK":"PALAJ"}},
{"type":"Feature","geometry":{"type":"Polygon","coordinates":[[[19.781649896936333,42.2294072298124],[19.78164301806433,42.229358577562344],[19.7814961869614,42.22922903227274],[19.7813950844632,42.22915071236639],[19.781272545320686,42.229187411873916],[19.78088346744679,42.22931220938577],[19.780737111127127,42.22938577251238],[19.78067984780474,42.22941956991557],[19.780825046424845,42.22951606298871],[19.780872606523786,42.229565080940226],[19.780889719073276,42.229606407205026],[19.78088755563916,42.2296775988775],[19.78085713234268,42.22975002666264],[19.780600087591537,42.229957251035614],[19.780566485020714,42.229915860174906],[19.780638226829208,42.22972076426529],[19.780620790552007,42.229606268196726],[19.780544515503205,42.22953683687825],[19.780413624431723,42.229448610824704],[19.780237845911056,42.22934520741102],[19.780041969274624,42.22934483196622],[19.77974621386594,42.22934996952239],[19.779634877751242,42.22933691954942],[19.779320780467696,42.22930188026127],[19.779388607134948,42.22926036248285],[19.77947620229465,42.22924734932607],[19.77953666938548,42.229141250489825],[19.779533864528855,42.22907288282583],[19.779410001466136,42.22902609705296],[19.779337240623363,42.22901755436923],[19.77911745944607,42.22882612317134],[19.779217757826746,42.2287609495111],[19.7793979110009,42.22866381465384],[19.779762651482766,42.22858469206021],[19.779772253877344,42.228405591103936],[19.77968270027541,42.228252437609804],[19.779549016842743,42.2281410643673],[19.77938842437573,42.22796389935448],[19.77930838953731,42.227866449071826],[19.779370501152613,42.227871306264085],[19.77948581383156,42.227882076053376],[19.7795954492152,42.22792912814135],[19.77972816323707,42.22802567799606],[19.77980292512235,42.22813252209737],[19.779897497045816,42.22821519830627],[19.779947564764154,42.22835644797431],[19.779975191777666,42.22854023846549],[19.780048268086897,42.22853219927445],[19.780018815654703,42.22855003614807],[19.779869553350544,42.22859797061643],[19.779838697628076,42.22882424439432],[19.779795154529484,42.22889827883154],[19.77990440224869,42.228947183068456],[19.779792214671694,42.22910349878829],[19.780537097732275,42.22912570096613],[19.780929656131462,42.22911211401767],[19.781026244662456,42.22920150364564],[19.781162327439002,42.22911878333579],[19.78130471935816,42.229036335322526],[19.78131854569292,42.22892511824812],[19.781410195142932,42.228943481013424],[19.78139423463987,42.22901205661348],[19.781478643941586,42.22904287125078],[19.78161421096719,42.22905772664754],[19.781765084557037,42.2291937664485],[19.781843341439068,42.22929901377884],[19.78179611131283,42.22947380386989],[19.781649896936333,42.2294072298124]]]},"properties":{"SIPERFAQJA":9908,"VOL":"1","FAQE":"133","NR_PAS":"64/3","PRONARET":"SHTET","KUFIZIMET":"_","ZK":"2859","EMRI_I_ZK":"PALAJ"}},
{"type":"Feature","geometry":{"type":"Polygon","coordinates":[[[19.782309631998892,42.22916631304547],[19.782428172882216,42.22927316505339],[19.78232868449513,42.22925536083156],[19.782274571185322,42.22927372637932],[19.782259449713337,42.229294250129186],[19.782267068088842,42.22933789357123],[19.782335271078566,42.22945590216143],[19.78242233418394,42.22958317086816],[19.782458676177523,42.229635928720306],[19.782468463746287,42.22965409514661],[19.78246114767166,42.22966927956824],[19.782438743985008,42.22967395537618],[19.782311492470782,42.229619505417894],[19.782116284986323,42.22957073426768],[19.781872343937234,42.22949956507974],[19.78179611131283,42.22947380386989],[19.781843341439068,42.22929901377884],[19.781765084557037,42.2291937664485],[19.78161421096719,42.22905772664754],[19.781478643941586,42.22904287125078],[19.78139423463987,42.22901205661348],[19.781410195142932,42.228943481013424],[19.78131854569292,42.22892511824812],[19.78130471935816,42.229036335322526],[19.781162327439002,42.22911878333579],[19.781026244662456,42.22920150364564],[19.780929656131462,42.22911211401767],[19.780537097732275,42.22912570096613],[19.779792214671694,42.22910349878829],[19.77990440224869,42.228947183068456],[19.779795154529484,42.22889827883154],[19.779838697628076,42.22882424439432],[19.779869553350544,42.22859797061643],[19.780018815654703,42.22855003614807],[19.780048268086897,42.22853219927445],[19.780332849602967,42.228500891740396],[19.780444196188743,42.228488642019485],[19.780513554241292,42.22848101158219],[19.78101016655248,42.22839198149042],[19.78130367125882,42.22844241648008],[19.78149777879442,42.22847492299356],[19.781603947585936,42.22850490630502],[19.78173032086552,42.22861887819019],[19.781709076657368,42.22863188936246],[19.781931901878995,42.22877939758289],[19.78198941358565,42.22884947902527],[19.782282358916223,42.22910069750607],[19.78225226190071,42.229117574278106],[19.782309631998892,42.22916631304547]]]},"properties":{"SIPERFAQJA":14227,"VOL":"1","FAQE":"137","NR_PAS":"64/7","PRONARET":"SHTET","KUFIZIMET":"SUBJEKT I PAIDENTIFIKUAR","ZK":"2859","EMRI_I_ZK":"PALAJ"}},
{"type":"Feature","geometry":{"type":"Polygon","coordinates":[[[19.779337240623363,42.22901755436923],[19.779410001466136,42.22902609705296],[19.779533864528855,42.22907288282583],[19.77953666938548,42.229141250489825],[19.77947620229465,42.22924734932607],[19.779388607134948,42.22926036248285],[19.779385139510573,42.22914546394531],[19.779337240623363,42.22901755436923]]]},"properties":{"SIPERFAQJA":280,"VOL":"1","FAQE":"134","NR_PAS":"64/4","PRONARET":"SHTET","KUFIZIMET":"_","ZK":"2859","EMRI_I_ZK":"PALAJ"}},
{"type":"Feature","geometry":{"type":"Polygon","coordinates":[[[19.779320780467696,42.22930188026127],[19.778706351749065,42.22915564563605],[19.778353458942114,42.22896341770065],[19.77833451719845,42.22892511943745],[19.778303885529837,42.22875479121309],[19.778314669567127,42.22863527276181],[19.778302829536432,42.22856281655097],[19.77861520996146,42.22870098245151],[19.7788255790519,42.22879252940731],[19.778974322259486,42.22883733667559],[19.77911745944607,42.22882612317134],[19.779337240623363,42.22901755436923],[19.779385139510573,42.22914546394531],[19.779388607134948,42.22926036248285],[19.779320780467696,42.22930188026127]]]},"properties":{"SIPERFAQJA":3720,"VOL":"1","FAQE":"135","NR_PAS":"64/5","PRONARET":"SHTET","KUFIZIMET":"PEP MARK FUSHA","ZK":"2859","EMRI_I_ZK":"PALAJ"}},
{"type":"Feature","geometry":{"type":"Polygon","coordinates":[[[19.77930838953731,42.227866449071826],[19.77938842437573,42.22796389935448],[19.779549016842743,42.2281410643673],[19.77968270027541,42.228252437609804],[19.779772253877344,42.228405591103936],[19.779762651482766,42.22858469206021],[19.7793979110009,42.22866381465384],[19.779217757826746,42.2287609495111],[19.77911745944607,42.22882612317134],[19.778974322259486,42.22883733667559],[19.7788255790519,42.22879252940731],[19.77861520996146,42.22870098245151],[19.778302829536432,42.22856281655097],[19.77828515687145,42.22845466666337],[19.77828403670588,42.22830171239732],[19.778226519629346,42.22810726829628],[19.7781746763383,42.22794335784373],[19.77849030720437,42.227962510214475],[19.778630077868442,42.227951809479784],[19.778758237214202,42.22790440804591],[19.778898372179864,42.227875426919574],[19.77907103257254,42.22786202399587],[19.779235247065504,42.22786072921117],[19.77930838953731,42.227866449071826]]]},"properties":{"SIPERFAQJA":10097,"VOL":"1","FAQE":"136","NR_PAS":"64/6","PRONARET":"SHTET","KUFIZIMET":"PETRIT NDOC BALA","ZK":"2859","EMRI_I_ZK":"PALAJ"}},
{"type":"Feature","geometry":{"type":"Polygon","coordinates":[[[19.78307443849501,42.22883802862364],[19.78316947869659,42.228962776530786],[19.783127322530742,42.22901329748545],[19.783096876528784,42.22913750910567],[19.783043056326044,42.229284578956275],[19.78299433860333,42.229344098191284],[19.782896003852546,42.22938518539179],[19.782813244989704,42.22937728615701],[19.78271358106246,42.22935083632053],[19.782447177867144,42.229276566132526],[19.782428172882216,42.22927316505339],[19.782309631998892,42.22916631304547],[19.782495546444288,42.22907944096406],[19.783003686425072,42.228745321931626],[19.78307443849501,42.22883802862364]]]},"properties":{"SIPERFAQJA":2686,"VOL":"1","FAQE":"138","NR_PAS":"64/8","PRONARET":"SHTET","KUFIZIMET":"PETRIT NDOC BALA","ZK":"2859","EMRI_I_ZK":"PALAJ"}},
{"type":"Feature","geometry":{"type":"Polygon","coordinates":[[[19.78225226190071,42.229117574278106],[19.782282358916227,42.22910069750607],[19.782330288684726,42.22907382105945],[19.782384439362126,42.229043456208615],[19.78243807564142,42.22901337975101],[19.782163000052147,42.22882892077827],[19.782467107823148,42.228563608218195],[19.7828404444857,42.22866512809891],[19.782854014035543,42.228671794259114],[19.783003686425072,42.228745321931626],[19.782495546444288,42.22907944096406],[19.782309631998892,42.22916631304547],[19.78225226190071,42.229117574278106]]]},"properties":{"SIPERFAQJA":2174,"VOL":"1","FAQE":"139","NR_PAS":"64/9","PRONARET":"SHTET","KUFIZIMET":"ZOJË MHILL BALA","ZK":"2859","EMRI_I_ZK":"PALAJ"}},
{"type":"Feature","geometry":{"type":"Polygon","coordinates":[[[19.782467107823148,42.228563608218195],[19.782163000052147,42.22882892077827],[19.78243807564142,42.22901337975101],[19.782384439362126,42.229043456208615],[19.782330288684726,42.22907382105945],[19.782282358916223,42.22910069750607],[19.78198941358565,42.22884947902527],[19.781931901878995,42.22877939758289],[19.781709076657368,42.22863188936246],[19.78173032086552,42.22861887819019],[19.781603947585936,42.22850490630502],[19.78168427284539,42.228455710480546],[19.782008168595947,42.228238103219645],[19.782046039388,42.22826927129108],[19.782084186083274,42.22830503975138],[19.782169602912816,42.22840289727271],[19.782215232239327,42.2284499768192],[19.78229250695581,42.22849464292101],[19.782467107823148,42.228563608218195]]]},"properties":{"SIPERFAQJA":2937,"VOL":"1","FAQE":"119","NR_PAS":"64/10","PRONARET":"SHTET","KUFIZIMET":"PEPË MARK FUSHA","ZK":"2859","EMRI_I_ZK":"PALAJ"}},
{"type":"Feature","geometry":{"type":"Polygon","coordinates":[[[19.78345136012933,42.228366818265094],[19.783543483037494,42.228374720695946],[19.783680450198123,42.22838297993007],[19.783702095541315,42.22860136557643],[19.783632666065525,42.22867566242119],[19.78352037840391,42.228773185753425],[19.78316947869659,42.228962776530786],[19.78307443849501,42.22883802862364],[19.78345136012933,42.228366818265094]]]},"properties":{"SIPERFAQJA":1761,"VOL":"1","FAQE":"120","NR_PAS":"64/11","PRONARET":"SHTET","KUFIZIMET":"GJELOSH LUSH CURRI,AGIM LUSH CURRI","ZK":"2859","EMRI_I_ZK":"PALAJ"}},
{"type":"Feature","geometry":{"type":"Polygon","coordinates":[[[19.782854014035543,42.228671794259114],[19.783079929940993,42.228395913748926],[19.783151412426342,42.228308510147045],[19.78339441162776,42.22835933079704],[19.78345136012933,42.228366818265094],[19.78307443849501,42.22883802862364],[19.783003686425072,42.228745321931626],[19.782854014035543,42.228671794259114]]]},"properties":{"SIPERFAQJA":1298,"VOL":"1","FAQE":"121","NR_PAS":"64/12","PRONARET":"SHTET","KUFIZIMET":"PETRIT GJERGJ CURRI","ZK":"2859","EMRI_I_ZK":"PALAJ"}},
{"type":"Feature","geometry":{"type":"Polygon","coordinates":[[[19.78290666662148,42.228226738165766],[19.783151412426342,42.228308510147045],[19.783079929940993,42.228395913748926],[19.782854014035543,42.228671794259114],[19.7828404444857,42.22866512809891],[19.782467107823148,42.228563608218195],[19.78290666662148,42.228226738165766]]]},"properties":{"SIPERFAQJA":1330,"VOL":"1","FAQE":"122","NR_PAS":"64/13","PRONARET":"SHTET","KUFIZIMET":"KOL ZEF BLINI,MIRASH ZEF BLINI,MARASH,ALEKS,MHILL,GJIN,NIK","ZK":"2859","EMRI_I_ZK":"PALAJ"}},
{"type":"Feature","geometry":{"type":"Polygon","coordinates":[[[19.78290666662148,42.228226738165766],[19.782467107823148,42.228563608218195],[19.78229250695581,42.22849464292101],[19.782215232239327,42.2284499768192],[19.782169602912816,42.22840289727271],[19.782084186083274,42.22830503975138],[19.782046039388,42.22826927129108],[19.782160286708425,42.22822872885172],[19.782440296935267,42.22813038928525],[19.7826551397393,42.22807431292305],[19.782733798801715,42.22811979740648],[19.782844711158216,42.22819507048994],[19.78290666662148,42.228226738165766]]]},"properties":{"SIPERFAQJA":2057,"VOL":"1","FAQE":"123","NR_PAS":"64/14","PRONARET":"SHTET","KUFIZIMET":"SUBJEKT I PAIDENTIFIKUAR","ZK":"2859","EMRI_I_ZK":"PALAJ"}},
{"type":"Feature","geometry":{"type":"Polygon","coordinates":[[[19.783403055186675,42.228879518375436],[19.78349321768936,42.22897197526518],[19.783288522175834,42.22905250278776],[19.783094453524814,42.22926085765929],[19.78319008748814,42.229001557386965],[19.783403055186675,42.228879518375436]]]},"properties":{"SIPERFAQJA":364,"VOL":"1","FAQE":"103","NR_PAS":"62/10","PRONARET":"SHTET","KUFIZIMET":"PETRIT NDOC BALA","ZK":"2859","EMRI_I_ZK":"PALAJ"}},
{"type":"Feature","geometry":{"type":"Polygon","coordinates":[[[19.783403055186675,42.228879518375436],[19.783563235477015,42.228792501063964],[19.78365005401283,42.22872196623303],[19.783729979719933,42.228876619437685],[19.783659440156125,42.22890658267624],[19.78349321768936,42.22897197526518],[19.783403055186675,42.228879518375436]]]},"properties":{"SIPERFAQJA":357,"VOL":"1","FAQE":"104","NR_PAS":"62/11","PRONARET":"SHTET","KUFIZIMET":"_","ZK":"2859","EMRI_I_ZK":"PALAJ"}},
{"type":"Feature","geometry":{"type":"Polygon","coordinates":[[[19.783729979719933,42.228876619437685],[19.78365005401283,42.22872196623303],[19.78376248776297,42.228609203959124],[19.7841371022371,42.22855671199153],[19.78413978912154,42.2285692414519],[19.78422025059227,42.22863072582285],[19.7842776304793,42.22864962702115],[19.784047325059497,42.22874181910145],[19.783729979719933,42.228876619437685]]]},"properties":{"SIPERFAQJA":928,"VOL":"1","FAQE":"105","NR_PAS":"62/12","PRONARET":"SHTET","KUFIZIMET":"KOL ZEF BLINI,MIRASH ZEF BLINI,MARASH,ALEKS,MHILL,GJIN,NIK","ZK":"2859","EMRI_I_ZK":"PALAJ"}},
{"type":"Feature","geometry":{"type":"Polygon","coordinates":[[[19.784320050064697,42.22817994054194],[19.784261248656392,42.228245937234405],[19.784187516806487,42.22833432474935],[19.784122156132018,42.22848701532968],[19.7841371022371,42.22855671199153],[19.78376248776297,42.228609203959124],[19.783715298395762,42.22836837703446],[19.78371424838219,42.22826413621472],[19.783745663615008,42.22823389398287],[19.783859492057104,42.22819226508433],[19.78400007434096,42.22816968578856],[19.784150326724152,42.228157648376936],[19.784320050064697,42.22817994054194]]]},"properties":{"SIPERFAQJA":1687,"VOL":"1","FAQE":"106","NR_PAS":"62/13","PRONARET":"SHTET","KUFIZIMET":"_","ZK":"2859","EMRI_I_ZK":"PALAJ"}},
{"type":"Feature","geometry":{"type":"Polygon","coordinates":[[[19.783073424518125,42.2294099737032],[19.782978762736267,42.22939308456689],[19.782896003852546,42.22938518539179],[19.78299433860333,42.229344098191284],[19.783043056326044,42.229284578956275],[19.783096876528784,42.22913750910567],[19.783127322530742,42.22901329748545],[19.78316947869659,42.228962776530786],[19.78352037840391,42.228773185753425],[19.783632666065525,42.22867566242119],[19.783702095541315,42.22860136557643],[19.783680450198123,42.22838297993007],[19.783543483037494,42.228374720695946],[19.78345136012933,42.228366818265094],[19.78339441162776,42.22835933079704],[19.783151412426342,42.228308510147045],[19.78290666662148,42.228226738165766],[19.782844711158216,42.22819507048994],[19.782733798801715,42.22811979740648],[19.7826551397393,42.22807431292305],[19.782440296935267,42.22813038928525],[19.782160286708425,42.22822872885172],[19.782046039388,42.22826927129108],[19.782008168595947,42.228238103219645],[19.78168427284539,42.228455710480546],[19.781603947585936,42.22850490630502],[19.78149777879442,42.22847492299356],[19.78130367125882,42.22844241648008],[19.78101016655248,42.22839198149042],[19.78107867682952,42.22836220503019],[19.78121586402289,42.22839594397966],[19.781251700729502,42.22841003799732],[19.78151145686825,42.228447979765434],[19.781603157808263,42.22846378376997],[19.781782580137868,42.228357166269745],[19.782018436564183,42.22819258221508],[19.78208231098296,42.22823066897644],[19.782655129735744,42.2280308394503],[19.78286096605079,42.22816032842299],[19.783054459978956,42.22824315742373],[19.783173578198348,42.2282815529694],[19.78346064180112,42.22833064103759],[19.783588367035634,42.22833027870869],[19.783611888641303,42.22831961991417],[19.783648823323745,42.228268483631844],[19.783672766787934,42.22821968844198],[19.783742843329154,42.2281772150147],[19.783868836935806,42.22814316060195],[19.784021379163498,42.22811642989146],[19.784178032160494,42.22811464622865],[19.784351639043887,42.22814448608081],[19.784320050064697,42.22817994054194],[19.784150326724152,42.228157648376936],[19.78400007434096,42.22816968578856],[19.783859492057104,42.22819226508433],[19.783745663615008,42.22823389398287],[19.78371424838219,42.22826413621472],[19.783715298395762,42.22836837703446],[19.78376248776297,42.228609203959124],[19.78365005401283,42.22872196623303],[19.783563235477015,42.228792501063964],[19.783403055186675,42.228879518375436],[19.78319008748814,42.229001557386965],[19.783094453524814,42.22926085765929],[19.78315026087203,42.229407037138856],[19.783073424518125,42.2294099737032]]]},"properties":{"SIPERFAQJA":1875,"VOL":"1","FAQE":"124","NR_PAS":"64/15","PRONARET":"SHTET","KUFIZIMET":"_","ZK":"2859","EMRI_I_ZK":"PALAJ"}},
{"type":"Feature","geometry":{"type":"Polygon","coordinates":[[[19.783054459978956,42.22824315742373],[19.78331987573602,42.22795009552157],[19.783325697737933,42.22795065710493],[19.78353722534983,42.22793863203134],[19.783820829686512,42.22792380593694],[19.784187700481727,42.22782425771273],[19.78437137500648,42.227761999314794],[19.784457875034953,42.22775935115991],[19.784491139175838,42.22777753753308],[19.784509319904128,42.2278312316925],[19.784463839944543,42.22794845652795],[19.784428112266333,42.22805865477712],[19.784351639043887,42.22814448608081],[19.784178032160494,42.22811464622865],[19.784021379163498,42.22811642989146],[19.783868836935806,42.22814316060195],[19.783742843329154,42.2281772150147],[19.783672766787934,42.22821968844198],[19.783648823323745,42.228268483631844],[19.783611888641303,42.22831961991417],[19.783588367035634,42.22833027870869],[19.78346064180112,42.22833064103759],[19.783173578198348,42.2282815529694],[19.783054459978956,42.22824315742373]]]},"properties":{"SIPERFAQJA":3715,"VOL":"1","FAQE":"125","NR_PAS":"64/16","PRONARET":"SHTET","KUFIZIMET":"SUBJEKT I PAIDENTIFIKUAR","ZK":"2859","EMRI_I_ZK":"PALAJ"}},
{"type":"Feature","geometry":{"type":"Polygon","coordinates":[[[19.783054459978956,42.22824315742373],[19.78286096605079,42.22816032842299],[19.782655129735744,42.2280308394503],[19.78269453542824,42.228006563809814],[19.782608925716485,42.22790081470032],[19.782726502513263,42.2278943624952],[19.782865816119692,42.227892276076396],[19.78307644090588,42.22792661381526],[19.78331987573602,42.22795009552157],[19.783054459978956,42.22824315742373]]]},"properties":{"SIPERFAQJA":1290,"VOL":"1","FAQE":"126","NR_PAS":"64/17","PRONARET":"SHTET","KUFIZIMET":"MARK LUSH CURRI","ZK":"2859","EMRI_I_ZK":"PALAJ"}},
{"type":"Feature","geometry":{"type":"Polygon","coordinates":[[[19.78199492290176,42.228173746105455],[19.782089174179372,42.22807968930364],[19.782137570746453,42.22809239009897],[19.78215854326003,42.22804824732267],[19.78222626849023,42.22788341756005],[19.782563061079657,42.22790333155882],[19.782608925716485,42.22790081470032],[19.78269453542824,42.228006563809814],[19.782655129735744,42.2280308394503],[19.78208231098296,42.22823066897644],[19.782018436564183,42.22819258221508],[19.78199492290176,42.228173746105455]]]},"properties":{"SIPERFAQJA":1124,"VOL":"1","FAQE":"127","NR_PAS":"64/18","PRONARET":"SHTET","KUFIZIMET":"KOL ZEF BLINI,MIRASH ZEF BLINI,MARASH,ALEKS,MHILL,GJIN,NIK","ZK":"2859","EMRI_I_ZK":"PALAJ"}},
{"type":"Feature","geometry":{"type":"Polygon","coordinates":[[[19.78195210971189,42.228141154480674],[19.782032487970437,42.22806481301071],[19.782053460547935,42.228020670253564],[19.78209967216718,42.2278800115609],[19.78212177076091,42.22787723857552],[19.78222626849023,42.22788341756005],[19.78215854326003,42.22804824732267],[19.782137570746453,42.22809239009897],[19.782089174179372,42.22807968930364],[19.78199492290176,42.228173746105455],[19.781963721617753,42.22814875164148],[19.78195210971189,42.228141154480674]]]},"properties":{"SIPERFAQJA":278,"VOL":"1","FAQE":"128","NR_PAS":"64/19","PRONARET":"SHTET","KUFIZIMET":"MARK LUSH CURRI","ZK":"2859","EMRI_I_ZK":"PALAJ"}},
{"type":"Feature","geometry":{"type":"Polygon","coordinates":[[[19.78209967216718,42.2278800115609],[19.782053460547935,42.228020670253564],[19.782032487970437,42.22806481301071],[19.78195210971189,42.228141154480674],[19.781823582549734,42.228057064593955],[19.78192637914062,42.22793371440832],[19.78194065118541,42.22789996576825],[19.78209967216718,42.2278800115609]]]},"properties":{"SIPERFAQJA":356,"VOL":"1","FAQE":"130","NR_PAS":"64/20","PRONARET":"SHTET","KUFIZIMET":"PETRIT GJERGJ CURRI","ZK":"2859","EMRI_I_ZK":"PALAJ"}},
{"type":"Feature","geometry":{"type":"Polygon","coordinates":[[[19.781823582549734,42.228057064593955],[19.78173802648364,42.22791235116484],[19.781885897545347,42.227906836288696],[19.78194065118541,42.22789996576825],[19.78192637914062,42.22793371440832],[19.781823582549734,42.228057064593955]]]},"properties":{"SIPERFAQJA":144,"VOL":"1","FAQE":"131","NR_PAS":"64/21","PRONARET":"SHTET","KUFIZIMET":"_","ZK":"2859","EMRI_I_ZK":"PALAJ"}},
{"type":"Feature","geometry":{"type":"Polygon","coordinates":[[[19.782018436564183,42.22819258221508],[19.781782580137868,42.228357166269745],[19.781603157808263,42.22846378376997],[19.78151145686825,42.228447979765434],[19.781251700729502,42.22841003799732],[19.78121586402289,42.22839594397966],[19.78107867682952,42.22836220503019],[19.781191365120296,42.228313227433524],[19.78125542910939,42.22822829508085],[19.781290476188374,42.228153767251314],[19.781248912758365,42.2280677214338],[19.781241573416274,42.22794992760819],[19.781367299073793,42.22790489203895],[19.781444938224606,42.22786291939555],[19.781597965147284,42.22789664786511],[19.781736911658967,42.22791239274168],[19.78173802648364,42.22791235116484],[19.781823582549734,42.228057064593955],[19.78195210971189,42.228141154480674],[19.781963721617753,42.22814875164148],[19.78199492290176,42.228173746105455],[19.782018436564183,42.22819258221508]]]},"properties":{"SIPERFAQJA":3009,"VOL":"1","FAQE":"132","NR_PAS":"64/22","PRONARET":"SHTET","KUFIZIMET":"SUBJEKT I PAIDENTIFIKUAR","ZK":"2859","EMRI_I_ZK":"PALAJ"}},
{"type":"Feature","geometry":{"type":"Polygon","coordinates":[[[19.79131088759316,42.227997387380576],[19.791312745715707,42.228009830327075],[19.7913816438157,42.22813680659548],[19.791515614656408,42.22834940650929],[19.791585459592923,42.22841535610251],[19.791760044494715,42.22847310060681],[19.792042872357392,42.228556831686404],[19.792242006403253,42.228642777582124],[19.792370039605498,42.22872798349303],[19.79240860213429,42.22889919276975],[19.792459545854314,42.229079858913515],[19.79251324254597,42.22933662460005],[19.79251573949073,42.2296441110825],[19.79247460726062,42.22982690459057],[19.792458197783024,42.23003575936211],[19.792462292480533,42.23025941395526],[19.792475596827884,42.23043967474554],[19.792551212437516,42.23066505458661],[19.79262169913513,42.230666381813165],[19.79265516179357,42.230842137510585],[19.792798461384727,42.23116958807769],[19.793015923227458,42.231467705824514],[19.793094365907834,42.23173115030643],[19.79308685944694,42.231867629213205],[19.793055879922747,42.23220483138994],[19.793093292315998,42.23229991268116],[19.79314447122376,42.23244431010632],[19.793212881723644,42.2325852338372],[19.79329388397412,42.23272715424507],[19.793299223841366,42.23283282695226],[19.793290346285428,42.23291284617964],[19.7932609235539,42.2330418295109],[19.79317160734062,42.23322180253916],[19.79300171517967,42.23338936839788],[19.792821895899298,42.233562275977455],[19.79266518253314,42.23369676107552],[19.792563330947146,42.23379956785298],[19.792472482990707,42.23388879769897],[19.792362819773857,42.23395017388863],[19.792294799622923,42.23399527999114],[19.792228165835343,42.2340394644],[19.792082017127942,42.23416422928865],[19.792037897993712,42.23420740837858],[19.791788731568666,42.234448956582135],[19.79169749204694,42.23453066464721],[19.791665953089534,42.234563992437415],[19.791665339719717,42.23459614264772],[19.79167485344382,42.23466513846418],[19.791678550545413,42.23471454673038],[19.791674985160913,42.234820152655054],[19.791590084147405,42.234894059288024],[19.791544394459173,42.234939508249084],[19.791424577994967,42.235103665279276],[19.791362271666753,42.23519078233779],[19.791211144512996,42.235287361032725],[19.791094419014808,42.235373913356966],[19.790944341716518,42.235480180370175],[19.790789495322343,42.23560905600712],[19.790654651286022,42.23570990174321],[19.7905644408114,42.23579210586399],[19.79051041554592,42.235852752617994],[19.790492573598964,42.23589068072453],[19.790472995047452,42.23593897931221],[19.79043191660704,42.236128560268206],[19.790414039041902,42.236250804698514],[19.790397787990702,42.23636843903195],[19.790379903863066,42.23640983260588],[19.790261390300657,42.236582212320016],[19.790112117300406,42.23666264073642],[19.789907447450954,42.236712461373614],[19.789779492176073,42.23673536373183],[19.78964427271704,42.2367586574096],[19.78945857613286,42.23679250012294],[19.789344433330267,42.23682479327739],[19.789260251385635,42.236835454709315],[19.7891666548037,42.23685063492507],[19.789138278284117,42.23687113092626],[19.789117246402764,42.23691363437111],[19.78912201476562,42.23698991723947],[19.789173508065755,42.237149263654246],[19.789251476720548,42.23730139953203],[19.789271984158336,42.237367441746485],[19.789304363558628,42.23741449714137],[19.789335286277772,42.2374762831183],[19.789373126847355,42.23752981487057],[19.78937863412983,42.23756682795101],[19.789369677966853,42.237629111196284],[19.789315318901743,42.23770707449965],[19.78915791264399,42.237805897763295],[19.789026135349637,42.23786572286382],[19.788952774844628,42.237879955258855],[19.788768957622636,42.23791795780017],[19.788693913891237,42.23793911311941],[19.7885534722807,42.23796418683686],[19.78840667205751,42.237996134073846],[19.788323817840773,42.238018358945986],[19.78826417144116,42.23804776083259],[19.78813405180091,42.23813041455265],[19.78808736116019,42.238168406521034],[19.788040885438708,42.238247073680746],[19.78790379885225,42.23842721274725],[19.787747273120495,42.238538052588694],[19.787358676412,42.238784139633054],[19.787293236775938,42.23882435467583],[19.78723198047819,42.23889663552684],[19.787180743165603,42.239135278986076],[19.787190951251855,42.23920385033956],[19.78710714688024,42.23947861814694],[19.7870544092163,42.23959250814128],[19.786935713006727,42.239742007214176],[19.78687161985916,42.23982001039761],[19.786837271628574,42.239853622186516],[19.786786062498372,42.239887055599986],[19.786739708311607,42.23991875787239],[19.78667423298407,42.23995316561331],[19.786582116718677,42.23994329662811],[19.786534511280944,42.23994102845655],[19.78647973766121,42.23994044889037],[19.78642022562162,42.23993804568033],[19.78635591931459,42.23993736518087],[19.78628675111025,42.23994193561608],[19.786233876807554,42.23996615068766],[19.786199615121276,42.240013554904095],[19.786169820588828,42.24007693166792],[19.78618269467342,42.2403975990092],[19.786193516506227,42.24045432974969],[19.786194885668618,42.240507413490846],[19.78616654646729,42.24076093669889],[19.786089978015696,42.24075080876236],[19.786028046133076,42.24052448962208],[19.78598404579701,42.2404422188905],[19.78596613455378,42.240385602134104],[19.78595202657856,42.24032903463823],[19.78594941299003,42.24026693530201],[19.78600821785459,42.24017163703476],[19.78614671193047,42.239882531931634],[19.786640551401128,42.239575139805574],[19.786733663175887,42.23952480209486],[19.78683834855649,42.23947173296963],[19.786935342261806,42.23941858239049],[19.786978549874046,42.239367707610725],[19.786995765304006,42.23927094264302],[19.78701686289708,42.23917136496437],[19.787037699622346,42.2390860353514],[19.787050516936322,42.239017743519966],[19.787071298911762,42.238935267086546],[19.787091807762085,42.238867047592855],[19.78712777220212,42.23879329301692],[19.787275605273184,42.238698053329536],[19.787696797806632,42.23837312583331],[19.78795461511438,42.23814203096318],[19.788277082188273,42.23800806152731],[19.788146883481495,42.23761877146113],[19.78786468853973,42.23720455857468],[19.787676807126275,42.23691511629999],[19.787279093243633,42.23664141490835],[19.787153028505763,42.23653772424093],[19.7870018662575,42.236388953923125],[19.78687908096952,42.236257039029354],[19.78679556886017,42.236168246959],[19.78645644798056,42.235762439764706],[19.786497038858812,42.23540923601593],[19.786653991726343,42.23506397016866],[19.78670817427715,42.23475749765014],[19.78676867005133,42.23468236420918],[19.786974167329056,42.23432852794936],[19.787164518786568,42.23392729538931],[19.787389710577536,42.233670163626556],[19.787523057460028,42.23344000399317],[19.787651560640096,42.233181849452485],[19.78775191300482,42.232991275518756],[19.787889069979542,42.23281001188462],[19.78795889819844,42.232740782983306],[19.78805516861524,42.232633672166344],[19.788323699370473,42.232043852523184],[19.78828369651929,42.23189713138278],[19.788030846168557,42.231684558970606],[19.787724977740712,42.23135799496081],[19.78775912143048,42.23115250625784],[19.787750108556637,42.231039862588005],[19.78773012298086,42.231006864481735],[19.78766544921103,42.231001805670275],[19.787615615720924,42.23099034993153],[19.787569018089552,42.230963624244694],[19.787510690489547,42.230934586938574],[19.78743462140726,42.230909737210425],[19.78734087036934,42.23088470047238],[19.78727943266448,42.23086437152539],[19.787049993512962,42.23074665104082],[19.78695206902917,42.230696669118636],[19.78691057527563,42.23065077695417],[19.786860249457217,42.230573336852814],[19.786863060878222,42.23042653691607],[19.786983677724116,42.23027006306965],[19.787027191440405,42.23021108922724],[19.787051191237005,42.23018687443946],[19.7870941025078,42.23015935770303],[19.787155967691902,42.2301250555037],[19.7872140946956,42.23002722858096],[19.78722540693513,42.230003194214845],[19.787263853906396,42.23003452174693],[19.787273565351192,42.23018155231792],[19.787250823265488,42.23027215793245],[19.78724750257647,42.230307271900635],[19.787272939158825,42.23038325874188],[19.787321502608954,42.2304290825835],[19.78744485359185,42.23049712827999],[19.787514394387998,42.23055511088067],[19.787765346615064,42.23080720988563],[19.787868753712516,42.23084507662331],[19.788084891356284,42.23086601678903],[19.78838924371691,42.230866426669465],[19.78865663233089,42.23088039756384],[19.788992463019504,42.23095360055975],[19.789170926016734,42.230804981735005],[19.78931138695682,42.23090311743704],[19.789439438434528,42.230768850501015],[19.789254673774096,42.230683595183784],[19.7892668246375,42.230665983308064],[19.789336820894647,42.23061349238901],[19.78948779417213,42.230646610180855],[19.78966866872895,42.23068520053824],[19.789818148392303,42.23055280823061],[19.78991875191554,42.23044545504281],[19.789906451317933,42.23038024331062],[19.789735374962216,42.23032616081408],[19.789558314031364,42.23039718333361],[19.789465394656784,42.23048630231495],[19.789444970710985,42.23036641998963],[19.78931070153465,42.2303036735182],[19.788936768690778,42.23026989234769],[19.78887108522864,42.2302756546155],[19.788763434202234,42.23019209523014],[19.788761788340366,42.23013990061346],[19.788695586397356,42.23005513511485],[19.788655129438958,42.23001786870632],[19.78844092725369,42.22995132257009],[19.788404723279754,42.22993330117992],[19.788366901274557,42.22988257350139],[19.78830570533292,42.22985039847152],[19.788215021564973,42.22985728468106],[19.78815534406069,42.22988731274745],[19.788193076971954,42.22993826023044],[19.788165172640934,42.23002028724099],[19.78798059090397,42.23013022599427],[19.787579972470333,42.229907821522694],[19.787430033770296,42.230033262492505],[19.787339380876332,42.23014087569294],[19.78733779801624,42.23004543314589],[19.78732382676924,42.230018541987945],[19.787243627981574,42.229968697066035],[19.787299806249308,42.22986534390983],[19.787332048135607,42.22972125878139],[19.78735485077194,42.229607700116546],[19.787320776210844,42.229490650277135],[19.78731254896117,42.22942750123253],[19.787271161675793,42.22937101445062],[19.787182871883456,42.229300005882585],[19.787141362835918,42.22925052165953],[19.787118777166516,42.22919773559826],[19.787120185614402,42.229124173594684],[19.7871171509981,42.22903656581681],[19.787025811878898,42.228862942130505],[19.786832713666826,42.228598145642785],[19.786655775284963,42.22846617967649],[19.786553430779794,42.228389773505775],[19.786455311389894,42.22829747160837],[19.786457516447868,42.22827104877213],[19.78653575794262,42.22830403845461],[19.7866933047452,42.22836901659417],[19.78664353821747,42.228203081790035],[19.7865528145806,42.228115690541905],[19.786404681010318,42.22797299742292],[19.786266492276457,42.22790448980877],[19.78610225496261,42.22805719767248],[19.78606415135307,42.228016891240244],[19.785825167395135,42.22784988694026],[19.78561243047492,42.2277007148112],[19.785292729560986,42.22756781115921],[19.7855240188183,42.227183245817656],[19.78565127280098,42.22705318469547],[19.785787072532464,42.22684060753385],[19.785982001313133,42.226742635980116],[19.78618010258013,42.22666238745899],[19.78637222191831,42.226527646551475],[19.786631819468493,42.22638784866411],[19.78691432539187,42.226264883984484],[19.787061117166566,42.226200988789806],[19.787330214387552,42.22612097594616],[19.787714648081316,42.22609276635326],[19.788431382049207,42.22611109798768],[19.78898125845481,42.22614379577569],[19.789133324624363,42.226145401351836],[19.789242066774385,42.22614117491516],[19.789372715861838,42.22612641270129],[19.789438572172017,42.22609215136418],[19.789596394494552,42.22625971404592],[19.789771918456825,42.2264460713426],[19.789826745006792,42.22663096581526],[19.78986696232742,42.226732244497015],[19.790029091841845,42.22708666162706],[19.790106181280155,42.22721963069114],[19.790204953895593,42.22744324891724],[19.79034982774664,42.22770560465772],[19.790505446000715,42.22789504574164],[19.790615585990718,42.22801444522238],[19.790730998242264,42.228102607713666],[19.79084198965737,42.22817680571163],[19.790921193571467,42.22819850837369],[19.79098662688944,42.22820615705144],[19.79107091579238,42.228207045564396],[19.79116986212952,42.22817678703146],[19.791249426671662,42.2280792919926],[19.79131088759316,42.227997387380576]],[[19.78724357622177,42.22797937803846],[19.78705241549999,42.228065482759796],[19.787126251793048,42.228303330479605],[19.787446174594137,42.228347628475206],[19.78737817415069,42.228074498770646],[19.78724357622177,42.22797937803846]],[[19.787062121343165,42.227517588338344],[19.78711161458343,42.22754871855824],[19.787156256664233,42.22757138540841],[19.787195463266844,42.227614633324116],[19.787208579741506,42.22770366474439],[19.787244169062078,42.22775886212025],[19.787290617804313,42.227776218500416],[19.787338909193554,42.22777763641323],[19.78736879501496,42.22766676491174],[19.787425848491285,42.22745564437798],[19.787465741230218,42.22730192839371],[19.787448095257588,42.22723015856114],[19.787409082123347,42.227129122697995],[19.787287129299216,42.22722454640745],[19.78707115491976,42.227353671220555],[19.78703787632004,42.22739359999969],[19.787042046715644,42.227483279299214],[19.787062121343165,42.227517588338344]],[[19.787802583040236,42.22739544549813],[19.787746139463774,42.22742489453888],[19.78773193307272,42.22749664577327],[19.787775868486957,42.22755564243954],[19.787815398532054,42.22759554597116],[19.787918651039625,42.22762436479577],[19.787963905261414,42.227623203950856],[19.78792795033966,42.22751650842877],[19.787875585589692,42.22744910246993],[19.787802583040236,42.22739544549813]],[[19.787835978483514,42.22964432274493],[19.787578384436255,42.22963812524915],[19.78761628415607,42.229821253480054],[19.7877806731339,42.2298024893267],[19.787881696760703,42.22979314198298],[19.787835978483514,42.22964432274493]]]},"properties":{"SIPERFAQJA":467621,"VOL":"1","FAQE":"140","NR_PAS":"65/1","PRONARET":"SHTET","KUFIZIMET":"_","ZK":"2859","EMRI_I_ZK":"PALAJ"}},
{"type":"Feature","geometry":{"type":"Polygon","coordinates":[[[19.789465394656784,42.23048630231495],[19.789558314031364,42.23039718333361],[19.789735374962216,42.23032616081408],[19.789906451317933,42.23038024331062],[19.78991875191554,42.23044545504281],[19.789818148392303,42.23055280823061],[19.78966866872895,42.23068520053824],[19.78948779417213,42.230646610180855],[19.789336820894647,42.23061349238901],[19.78939918949338,42.230566721420196],[19.789465394656784,42.23048630231495]]]},"properties":{"SIPERFAQJA":1064,"VOL":"1","FAQE":"148","NR_PAS":"65/3","PRONARET":"SHTET","KUFIZIMET":"MARK NDUE MALOTA","ZK":"2859","EMRI_I_ZK":"PALAJ"}},
{"type":"Feature","geometry":{"type":"Polygon","coordinates":[[[19.789254673774096,42.230683595183784],[19.789439438434528,42.230768850501015],[19.78931138695682,42.23090311743704],[19.789170926016734,42.230804981735005],[19.789254673774096,42.230683595183784]]]},"properties":{"SIPERFAQJA":280,"VOL":"1","FAQE":"147","NR_PAS":"65/2","PRONARET":"SHTET","KUFIZIMET":"PJETER KOL RRAHI,TO NIK KOL RRAHI,MARASH KOL RRAHI","ZK":"2859","EMRI_I_ZK":"PALAJ"}},
{"type":"Feature","geometry":{"type":"Polygon","coordinates":[[[19.78865663233089,42.23088039756384],[19.788642789191805,42.23084042907172],[19.788621659763642,42.2307794231996],[19.788637813679042,42.23061837141119],[19.78851123153026,42.23055144858477],[19.78887108522864,42.2302756546155],[19.788936768690778,42.23026989234769],[19.78931070153465,42.2303036735182],[19.789444970710985,42.23036641998963],[19.789465394656784,42.23048630231495],[19.78939918949338,42.230566721420196],[19.789336820894647,42.23061349238901],[19.7892668246375,42.230665983308064],[19.789254673774096,42.230683595183784],[19.789170926016734,42.230804981735005],[19.788992463019504,42.23095360055975],[19.78865663233089,42.23088039756384]]]},"properties":{"SIPERFAQJA":3814,"VOL":"1","FAQE":"149","NR_PAS":"65/4","PRONARET":"SHTET","KUFIZIMET":"PJETER KOL RRAHI,TO NIK KOL RRAHI,MARASH KOL RRAHI","ZK":"2859","EMRI_I_ZK":"PALAJ"}},
{"type":"Feature","geometry":{"type":"Polygon","coordinates":[[[19.787754513872798,42.23053741803653],[19.78775271256432,42.23044933338878],[19.78787293508696,42.23026069678585],[19.78798059090397,42.23013022599427],[19.788165172640934,42.23002028724099],[19.788193076971954,42.22993826023044],[19.78815534406069,42.22988731274745],[19.788215021564973,42.22985728468106],[19.78830570533292,42.22985039847152],[19.788366901274557,42.22988257350139],[19.788404723279754,42.22993330117992],[19.78844092725369,42.22995132257009],[19.788655129438958,42.23001786870632],[19.788695586397356,42.23005513511485],[19.788761788340366,42.23013990061346],[19.788763434202234,42.23019209523014],[19.78887108522864,42.2302756546155],[19.78851123153026,42.23055144858477],[19.788251582376922,42.23054481490269],[19.788164764289984,42.230485159501306],[19.787778638605435,42.23062397802969],[19.787754513872798,42.23053741803653]]]},"properties":{"SIPERFAQJA":4485,"VOL":"1","FAQE":"153","NR_PAS":"65/8","PRONARET":"SHTET","KUFIZIMET":"ALFRED GJON RRAHI,GJERGJ MARK RRAHI,PREL MARK RRAHI","ZK":"2859","EMRI_I_ZK":"PALAJ"}},
{"type":"Feature","geometry":{"type":"Polygon","coordinates":[[[19.787339380876332,42.23014087569294],[19.787430033770296,42.230033262492505],[19.787579972470333,42.229907821522694],[19.78798059090397,42.23013022599427],[19.78787293508696,42.23026069678585],[19.78775271256432,42.23044933338878],[19.787754513872798,42.23053741803653],[19.787636057962644,42.230502548025676],[19.78750370137065,42.230487466176754],[19.78735086468877,42.230393609408665],[19.78730493553008,42.23033593515232],[19.787298546050444,42.23028502839696],[19.787339380876332,42.23014087569294]]]},"properties":{"SIPERFAQJA":2349,"VOL":"1","FAQE":"152","NR_PAS":"65/7","PRONARET":"SHTET","KUFIZIMET":"MARK NDUE MALOTA,MHILL MARK MALOTA","ZK":"2859","EMRI_I_ZK":"PALAJ"}},
{"type":"Feature","geometry":{"type":"Polygon","coordinates":[[[19.78851123153026,42.23055144858477],[19.788637813679042,42.23061837141119],[19.788621659763642,42.2307794231996],[19.788642789191805,42.23084042907172],[19.788390988778723,42.23083041828707],[19.78808808015722,42.23083001035763],[19.787882973433057,42.23081013891056],[19.78779848239488,42.23077919906783],[19.787558366655375,42.23053032997562],[19.78750370137065,42.230487466176754],[19.787636057962644,42.230502548025676],[19.787754513872798,42.23053741803653],[19.787778638605435,42.23062397802969],[19.788164764289984,42.230485159501306],[19.788251582376922,42.23054481490269],[19.78851123153026,42.23055144858477]]]},"properties":{"SIPERFAQJA":2385,"VOL":"1","FAQE":"150","NR_PAS":"65/5","PRONARET":"SHTET","KUFIZIMET":"SUBJEKT I PAIDENTIFIKUAR","ZK":"2859","EMRI_I_ZK":"PALAJ"}},
{"type":"Feature","geometry":{"type":"Polygon","coordinates":[[[19.787339380876332,42.23014087569294],[19.787298546050444,42.23028502839696],[19.78730493553008,42.23033593515232],[19.78735086468877,42.230393609408665],[19.78750370137065,42.230487466176754],[19.787558366655375,42.23053032997562],[19.78779848239488,42.23077919906783],[19.787882973433057,42.23081013891056],[19.78808808015722,42.23083001035763],[19.788390988778723,42.23083041828707],[19.788642789191805,42.23084042907172],[19.78865663233089,42.23088039756384],[19.78838924371691,42.230866426669465],[19.788084891356284,42.23086601678903],[19.787868753712516,42.23084507662331],[19.787765346615064,42.23080720988563],[19.787514394387998,42.23055511088067],[19.78744485359185,42.23049712827999],[19.787321502608954,42.2304290825835],[19.787272939158825,42.23038325874188],[19.78724750257647,42.230307271900635],[19.787250823265488,42.23027215793245],[19.787273565351192,42.23018155231792],[19.787263853906396,42.23003452174693],[19.78722540693513,42.230003194214845],[19.787228830260595,42.229995920898105],[19.787243627981574,42.229968697066035],[19.78732382676924,42.230018541987945],[19.78733779801624,42.23004543314589],[19.787339380876332,42.23014087569294]]]},"properties":{"SIPERFAQJA":779,"VOL":"1","FAQE":"151","NR_PAS":"65/6","PRONARET":"SHTET","KUFIZIMET":"_","ZK":"2859","EMRI_I_ZK":"PALAJ"}},
{"type":"Feature","geometry":{"type":"Polygon","coordinates":[[[19.787835978483514,42.22964432274493],[19.787881696760703,42.22979314198298],[19.7877806731339,42.2298024893267],[19.78761628415607,42.229821253480054],[19.787578384436255,42.22963812524915],[19.787835978483514,42.22964432274493]]]},"properties":{"SIPERFAQJA":401,"VOL":"1","FAQE":"154","NR_PAS":"65/9","PRONARET":"SHTET","KUFIZIMET":"ALFRED GJON RRAHI,GJERGJ MARK RRAHI,PREL MARK RRAHI","ZK":"2859","EMRI_I_ZK":"PALAJ"}},
{"type":"Feature","geometry":{"type":"Polygon","coordinates":[[[19.787802583040236,42.22739544549813],[19.787875585589692,42.22744910246993],[19.78792795033966,42.22751650842877],[19.787963905261414,42.227623203950856],[19.787918651039625,42.22762436479577],[19.787815398532054,42.22759554597116],[19.787775868486957,42.22755564243954],[19.78773193307272,42.22749664577327],[19.787746139463774,42.22742489453888],[19.787802583040236,42.22739544549813]]]},"properties":{"SIPERFAQJA":282,"VOL":"1","FAQE":"142","NR_PAS":"65/11","PRONARET":"SHTET","KUFIZIMET":"MHILL KOL UJI,PJETER KOL UJI,MARTIN KOL UJI,","ZK":"2859","EMRI_I_ZK":"PALAJ"}},
{"type":"Feature","geometry":{"type":"Polygon","coordinates":[[[19.78724357622177,42.22797937803846],[19.78737817415069,42.228074498770646],[19.787446174594137,42.228347628475206],[19.787126251793048,42.228303330479605],[19.78705241549999,42.228065482759796],[19.78724357622177,42.22797937803846]]]},"properties":{"SIPERFAQJA":876,"VOL":"1","FAQE":"141","NR_PAS":"65/10","PRONARET":"SHTET","KUFIZIMET":"MHILL KOL UJI,PJETER KOL UJI,MARTIN KOL UJI,","ZK":"2859","EMRI_I_ZK":"PALAJ"}},
{"type":"Feature","geometry":{"type":"Polygon","coordinates":[[[19.787062121343165,42.227517588338344],[19.787042046715644,42.227483279299214],[19.78703787632004,42.22739359999969],[19.78707115491976,42.227353671220555],[19.787287129299216,42.22722454640745],[19.787409082123347,42.227129122697995],[19.787448095257588,42.22723015856114],[19.787465741230218,42.22730192839371],[19.787425848491285,42.22745564437798],[19.78736879501496,42.22766676491174],[19.787338909193554,42.22777763641323],[19.787290617804313,42.227776218500416],[19.787244169062078,42.22775886212025],[19.787208579741506,42.22770366474439],[19.787195463266844,42.227614633324116],[19.787156256664233,42.22757138540841],[19.78711161458343,42.22754871855824],[19.787062121343165,42.227517588338344]]]},"properties":{"SIPERFAQJA":1421,"VOL":"1","FAQE":"143","NR_PAS":"65/12","PRONARET":"SHTET","KUFIZIMET":"MHILL KOL UJI,PJETER KOL UJI,MARTIN KOL UJI,","ZK":"2859","EMRI_I_ZK":"PALAJ"}},
{"type":"Feature","geometry":{"type":"Polygon","coordinates":[[[19.786457516447868,42.22827104877213],[19.786464487461505,42.22818751614665],[19.7865528145806,42.228115690541905],[19.78664353821747,42.228203081790035],[19.7866933047452,42.22836901659417],[19.78653575794262,42.22830403845461],[19.786457516447868,42.22827104877213]]]},"properties":{"SIPERFAQJA":292,"VOL":"1","FAQE":"144","NR_PAS":"65/13","PRONARET":"SHTET","KUFIZIMET":"MHILL KOL UJI,PJETER KOL UJI,MARTIN KOL UJI,","ZK":"2859","EMRI_I_ZK":"PALAJ"}},
{"type":"Feature","geometry":{"type":"Polygon","coordinates":[[[19.786455311389894,42.22829747160837],[19.786422876864954,42.22830064842222],[19.786296470521975,42.22822330019103],[19.78622369540596,42.2281677051871],[19.786162572226818,42.22812100183072],[19.78610225496261,42.22805719767248],[19.786266492276457,42.22790448980877],[19.786404681010318,42.22797299742292],[19.7865528145806,42.228115690541905],[19.786464487461505,42.22818751614665],[19.786457516447868,42.22827104877213],[19.786455311389894,42.22829747160837]]]},"properties":{"SIPERFAQJA":843,"VOL":"1","FAQE":"145","NR_PAS":"65/14","PRONARET":"SHTET","KUFIZIMET":"SUBJEKT I PAIDENTIFIKUAR","ZK":"2859","EMRI_I_ZK":"PALAJ"}},
{"type":"Feature","geometry":{"type":"Polygon","coordinates":[[[19.786455311389894,42.22829747160837],[19.786553430779794,42.228389773505775],[19.78650068496626,42.228541851720095],[19.786464318905097,42.22862230880202],[19.786356818421794,42.228779623138045],[19.786332887664415,42.228892557513056],[19.78632281752498,42.22896358818721],[19.786321268998478,42.22904441366322],[19.786296470723933,42.22908186243436],[19.78614048877961,42.229121784878345],[19.78605716575697,42.22915323970584],[19.78598754336219,42.22919286966962],[19.78586075644064,42.2292206323938],[19.785726129495707,42.229203038729736],[19.785439596937298,42.22916119519674],[19.785379648034837,42.22910882332956],[19.785385185685236,42.22904744036277],[19.785418321498398,42.22890873968237],[19.785445547553206,42.22885082727025],[19.78553453200699,42.22875151846826],[19.785746611612325,42.22858884842363],[19.785944779836736,42.22847129496479],[19.786108489254733,42.22833397619712],[19.786296470521975,42.22822330019103],[19.786422876864954,42.22830064842222],[19.786455311389894,42.22829747160837]]]},"properties":{"SIPERFAQJA":6180,"VOL":"1","FAQE":"146","NR_PAS":"65/15","PRONARET":"SHTET","KUFIZIMET":"MHILL KOL UJI,PJETER KOL UJI,MARTIN KOL UJI,","ZK":"2859","EMRI_I_ZK":"PALAJ"}},
{"type":"Feature","geometry":{"type":"Polygon","coordinates":[[[19.78570784525021,42.22103575029399],[19.78572975034518,42.22074462702725],[19.78585553823011,42.22035156149263],[19.785865780189503,42.220252543964506],[19.785867322957262,42.22017202439899],[19.78586934047962,42.22006672611897],[19.785879938470206,42.21994912229834],[19.78593142058367,42.21987532505433],[19.78603188059252,42.21985779836918],[19.78627973732004,42.21998433125785],[19.786419753093924,42.22007873614783],[19.786651174620935,42.22019270695873],[19.787040711173066,42.22032693065551],[19.78777893089028,42.220414011095926],[19.787939987924606,42.22045836685109],[19.788206907316585,42.220601094376775],[19.787690899300017,42.22073590840183],[19.786731178526562,42.220960201732154],[19.785907078920832,42.22104402617173],[19.78570784525021,42.22103575029399]]]},"properties":{"SIPERFAQJA":13894,"VOL":"2","FAQE":"47","NR_PAS":"66","PRONARET":"SHTET","KUFIZIMET":"_","ZK":"2859","EMRI_I_ZK":"PALAJ"}},
{"type":"Feature","geometry":{"type":"Polygon","coordinates":[[[19.777197398112968,42.22599067100333],[19.77727068805048,42.225971409307505],[19.777498075022017,42.22586957487334],[19.777636368246977,42.22572867887616],[19.77773356518953,42.22568516968822],[19.777783124929318,42.225690623357494],[19.77782159577403,42.22578241463149],[19.777937834158667,42.225820861028794],[19.777959293152165,42.22579460289171],[19.778028264075658,42.22572482794226],[19.778007056477275,42.225686680359125],[19.77808704991111,42.22555991774142],[19.77808852179384,42.22545080320361],[19.77895307324654,42.22538947863927],[19.778870569667326,42.22561617592247],[19.778686191297407,42.22574929801951],[19.778529712834434,42.225851943852724],[19.77823462696391,42.22595323760359],[19.778133084661548,42.22597931261502],[19.778064072327496,42.22595646737498],[19.777968173348597,42.22595544560042],[19.777885226369552,42.225969298749256],[19.77779834516379,42.22601505055686],[19.777701510269882,42.226063162885076],[19.777575382926173,42.226086386268854],[19.77746928118088,42.22610000131984],[19.777376747567555,42.226096557258025],[19.777288029357912,42.22606612848466],[19.777213116387365,42.22600636385251],[19.777197398112968,42.22599067100333]]]},"properties":{"SIPERFAQJA":4952,"VOL":"1","FAQE":"155","NR_PAS":"67/1","PRONARET":"SHTET","KUFIZIMET":"PAULIN VATË CEZMA","ZK":"2859","EMRI_I_ZK":"PALAJ"}},
{"type":"Feature","geometry":{"type":"Polygon","coordinates":[[[19.777610995487187,42.22509108129494],[19.777889364722224,42.22511544203785],[19.777991445899964,42.225106977437115],[19.778160767495404,42.22504775116765],[19.778533558697752,42.224854257340965],[19.778810291743916,42.22492950394695],[19.778916515380267,42.225045830903454],[19.778959265787993,42.22532852225115],[19.77895307324654,42.22538947863927],[19.77808852179384,42.22545080320361],[19.778033016500025,42.22531023483377],[19.777959829573188,42.225233437141775],[19.777801118895457,42.22515094870804],[19.777610995487187,42.22509108129494]]]},"properties":{"SIPERFAQJA":4111,"VOL":"1","FAQE":"166","NR_PAS":"67/2","PRONARET":"SHTET","KUFIZIMET":"GJERGJ PRELE CEZMA","ZK":"2859","EMRI_I_ZK":"PALAJ"}},
{"type":"Feature","geometry":{"type":"Polygon","coordinates":[[[19.77704610254514,42.22570189208967],[19.77706866608695,42.225631551949064],[19.777113755080453,42.225490989923934],[19.77716599523405,42.22514568090798],[19.777567692213683,42.22531253739837],[19.777746696085742,42.22539346330748],[19.77782827789613,42.225463957010376],[19.77808852179384,42.22545080320361],[19.77808704991111,42.22555991774142],[19.778007056477275,42.225686680359125],[19.778028264075658,42.22572482794226],[19.777959293152165,42.22579460289171],[19.777937834158667,42.225820861028794],[19.77782159577403,42.22578241463149],[19.777783124929318,42.225690623357494],[19.77773356518953,42.22568516968822],[19.777636368246977,42.22572867887616],[19.777498075022017,42.22586957487334],[19.77727068805048,42.225971409307505],[19.777197398112968,42.22599067100333],[19.77713848812399,42.22593185621619],[19.77705629955459,42.22590641221479],[19.777010392540543,42.225863635573376],[19.777003266931796,42.225817061774244],[19.77704594964951,42.225702368729706],[19.77704610254514,42.22570189208967]]]},"properties":{"SIPERFAQJA":4599,"VOL":"1","FAQE":"177","NR_PAS":"67/3","PRONARET":"SHTET","KUFIZIMET":"PAULIN VATË CEZMA","ZK":"2859","EMRI_I_ZK":"PALAJ"}},
{"type":"Feature","geometry":{"type":"Polygon","coordinates":[[[19.77808852179384,42.22545080320361],[19.77782827789613,42.225463957010376],[19.777746696085742,42.22539346330748],[19.777567692213683,42.22531253739837],[19.77716599523405,42.22514568090798],[19.777610995487187,42.22509108129494],[19.777801118895457,42.22515094870804],[19.777959829573188,42.225233437141775],[19.778033016500025,42.22531023483377],[19.77808852179384,42.22545080320361]]]},"properties":{"SIPERFAQJA":1486,"VOL":"1","FAQE":"182","NR_PAS":"67/4","PRONARET":"SHTET","KUFIZIMET":"GJERGJ PRELE CEZMA","ZK":"2859","EMRI_I_ZK":"PALAJ"}},
{"type":"Feature","geometry":{"type":"Polygon","coordinates":[[[19.77716599523405,42.22514568090798],[19.777113755080453,42.225490989923934],[19.77706866608695,42.225631551949064],[19.776915148073396,42.22573592228466],[19.776841788123114,42.225764380221925],[19.776639992116884,42.225829756514216],[19.776487874797805,42.22585586217775],[19.776412594416303,42.22585936237089],[19.776379763180557,42.225847439497194],[19.7763441588924,42.2258229548879],[19.77630026699303,42.225751716822174],[19.7762367250031,42.225659513208754],[19.776283775508073,42.22562450355915],[19.77629141032516,42.2255903374846],[19.776253210569063,42.22545314375762],[19.776218619576753,42.22537178569806],[19.776286330616543,42.22535851661369],[19.77627893876391,42.225322765125206],[19.77628739587834,42.22514785679606],[19.77633282727688,42.22515568725617],[19.77657341486007,42.225164816690324],[19.77670284070145,42.225109053750515],[19.776915860838404,42.22505007013011],[19.77716599523405,42.22514568090798]]]},"properties":{"SIPERFAQJA":5165,"VOL":"1","FAQE":"183","NR_PAS":"67/5","PRONARET":"SHTET","KUFIZIMET":"GJERGJ PRELE CEZMA,TOME,LEKË,VIKTOR,SOKOL,FRAN,MARK","ZK":"2859","EMRI_I_ZK":"PALAJ"}},
{"type":"Feature","geometry":{"type":"Polygon","coordinates":[[[19.77610684180962,42.22456586918518],[19.776223388812614,42.22449969060664],[19.776409378032035,42.22454402225597],[19.776730294093024,42.224626874334994],[19.776787920182244,42.22481424184757],[19.776867322198093,42.22497648301233],[19.776910555712863,42.22501683703906],[19.776915860838404,42.22505007013011],[19.77670284070145,42.225109053750515],[19.776440705964852,42.22483230228058],[19.776273223739462,42.22466284189536],[19.776163587016015,42.22461833087763],[19.77610684180962,42.22456586918518]]]},"properties":{"SIPERFAQJA":1882,"VOL":"1","FAQE":"184","NR_PAS":"67/6","PRONARET":"SHTET","KUFIZIMET":"AGIM NIKOLL TOKA,ZEF MIRASH TOKA","ZK":"2859","EMRI_I_ZK":"PALAJ"}},
{"type":"Feature","geometry":{"type":"Polygon","coordinates":[[[19.775949489438304,42.224657980320686],[19.77610684180962,42.22456586918518],[19.776163587016015,42.22461833087763],[19.776273223739462,42.22466284189536],[19.776440705964852,42.22483230228058],[19.77670284070145,42.225109053750515],[19.77657341486007,42.225164816690324],[19.77633282727688,42.22515568725617],[19.77628739587834,42.22514785679606],[19.776199233143718,42.22513266119607],[19.77622879830238,42.22491042573942],[19.77616778075208,42.22480701507385],[19.775949489438304,42.224657980320686]]]},"properties":{"SIPERFAQJA":1664,"VOL":"1","FAQE":"185","NR_PAS":"67/7","PRONARET":"SHTET","KUFIZIMET":"SUBJEKT I PAIDENTIFIKUAR","ZK":"2859","EMRI_I_ZK":"PALAJ"}},
{"type":"Feature","geometry":{"type":"Polygon","coordinates":[[[19.775949489438304,42.224657980320686],[19.77616778075208,42.22480701507385],[19.77622879830238,42.22491042573942],[19.776199233143718,42.22513266119607],[19.77604234436024,42.225196224847934],[19.77578136092783,42.225028551001465],[19.775668142539686,42.224781702542],[19.775780134714566,42.224635516127336],[19.775949489438304,42.224657980320686]]]},"properties":{"SIPERFAQJA":1875,"VOL":"1","FAQE":"186","NR_PAS":"67/8","PRONARET":"SHTET","KUFIZIMET":"GJERGJ PREL CEZMA","ZK":"2859","EMRI_I_ZK":"PALAJ"}},
{"type":"Feature","geometry":{"type":"Polygon","coordinates":[[[19.774555937577055,42.22471058969316],[19.77466054679248,42.22466818803338],[19.774887437649657,42.22466990524637],[19.775111044841005,42.22460017880844],[19.775211005812064,42.22463850009988],[19.775344652486574,42.22470103139429],[19.775506603548454,42.22475599681031],[19.775600501979973,42.224815274603195],[19.77562525396582,42.224868733635915],[19.775543643542573,42.2249448858254],[19.775568246503063,42.22500916284695],[19.775451000531717,42.22504102685728],[19.775253799959977,42.224967861047034],[19.775097936206052,42.2249143320954],[19.77504169695287,42.224957747431986],[19.774717046352208,42.22490621252517],[19.774588579423746,42.224918742992145],[19.774529534437598,42.22490908796536],[19.774555937577055,42.22471058969316]]]},"properties":{"SIPERFAQJA":2659,"VOL":"1","FAQE":"187","NR_PAS":"67/9","PRONARET":"SHTET","KUFIZIMET":"LAZER PAL GURI,PETRIT PAL GURI","ZK":"2859","EMRI_I_ZK":"PALAJ"}},
{"type":"Feature","geometry":{"type":"Polygon","coordinates":[[[19.774523725098874,42.2247240802092],[19.774085240879824,42.22449368332849],[19.774057568711395,42.2245332463568],[19.77402632437261,42.224556792030576],[19.773896491450284,42.2245023581327],[19.77385313887273,42.22448627976604],[19.773879097741304,42.22444761339051],[19.773934752577468,42.22439534279854],[19.774146616572953,42.22430926467322],[19.77423945731332,42.22428395235129],[19.774645804612955,42.22449956964189],[19.774555937577055,42.22471058969316],[19.774523725098874,42.2247240802092]]]},"properties":{"SIPERFAQJA":1549,"VOL":"1","FAQE":"157","NR_PAS":"67/11","PRONARET":"SHTET","KUFIZIMET":"LAZER PAL GURI,PETRIT PAL GURI","ZK":"2859","EMRI_I_ZK":"PALAJ"}},
{"type":"Feature","geometry":{"type":"Polygon","coordinates":[[[19.774146616572953,42.22430926467322],[19.773934752577468,42.22439534279854],[19.773879097741307,42.22444761339051],[19.77385313887273,42.22448627976604],[19.773733919398154,42.224442064173275],[19.773496211113294,42.22434770724266],[19.77346851881627,42.22430629602311],[19.7734825543969,42.22422920646264],[19.773601016193528,42.224049106327854],[19.77361647430745,42.224054723271514],[19.773714046662494,42.22394568403906],[19.7738957966164,42.22398594269611],[19.77388532423372,42.224050581435876],[19.77392408478233,42.22413100686343],[19.774073823827614,42.22421335057656],[19.774146616572953,42.22430926467322]]]},"properties":{"SIPERFAQJA":1885,"VOL":"1","FAQE":"158","NR_PAS":"67/12","PRONARET":"SHTET","KUFIZIMET":"DEDË MARK THANA,LULASH,GJIN","ZK":"2859","EMRI_I_ZK":"PALAJ"}},
{"type":"Feature","geometry":{"type":"Polygon","coordinates":[[[19.774523725098874,42.2247240802092],[19.774509792869257,42.2247695445299],[19.77420086712374,42.22462625992204],[19.774057568711395,42.2245332463568],[19.774085240879824,42.22449368332849],[19.774523725098874,42.2247240802092]]]},"properties":{"SIPERFAQJA":256,"VOL":"1","FAQE":"156","NR_PAS":"67/10","PRONARET":"SHTET","KUFIZIMET":"NDOC KOLË FUSHA","ZK":"2859","EMRI_I_ZK":"PALAJ"}},
{"type":"Feature","geometry":{"type":"Polygon","coordinates":[[[19.774523725098874,42.2247240802092],[19.774555937577055,42.22471058969316],[19.774529534437598,42.22490908796536],[19.774588579423746,42.224918742992145],[19.774717046352208,42.22490621252517],[19.77504169695287,42.224957747431986],[19.775097936206052,42.2249143320954],[19.775253799959977,42.224967861047034],[19.775451000531717,42.22504102685728],[19.77553244753108,42.22509013219823],[19.77577268543415,42.22518776231502],[19.77605501056458,42.22528994128507],[19.776212770611473,42.225324869260504],[19.77627893876391,42.225322765125206],[19.776286330616543,42.22535851661369],[19.776218619576753,42.22537178569806],[19.776253210569063,42.22545314375762],[19.77629141032516,42.2255903374846],[19.776283775508073,42.22562450355915],[19.7762367250031,42.225659513208754],[19.77630026699303,42.225751716822174],[19.7763441588924,42.2258229548879],[19.776379763180557,42.225847439497194],[19.776412594416303,42.22585936237089],[19.776487874797805,42.22585586217775],[19.776639992116884,42.225829756514216],[19.776841788123114,42.225764380221925],[19.776915148073396,42.22573592228466],[19.77706866608695,42.225631551949064],[19.77704610254514,42.22570189208967],[19.77693594826122,42.22576717120831],[19.776709185885963,42.22583914687059],[19.776519959507745,42.22587777196598],[19.776440425386376,42.22588652985163],[19.776395553711165,42.22588660398773],[19.776360977750336,42.225870777464294],[19.776314594428975,42.225837263768646],[19.776256399549816,42.2257502501915],[19.7762060878718,42.22568670249036],[19.77618369200599,42.225688025730115],[19.776160417391768,42.22576289561839],[19.77613716290722,42.225868218606294],[19.776109528143397,42.22591801646642],[19.776028549522696,42.225954114404914],[19.77594751872941,42.22600494106241],[19.775900056345307,42.22605356703165],[19.775893750154808,42.22611133749875],[19.77585257785636,42.22610672500039],[19.775822244592295,42.22605681392809],[19.77601508929143,42.22590392925111],[19.77605795060642,42.22586209213529],[19.77611790504349,42.22573191470906],[19.776175233794863,42.22562902615251],[19.77620582780195,42.225563687195546],[19.776209098959185,42.22549716719137],[19.776178655874006,42.225448274333125],[19.776033231400454,42.22535778511242],[19.775861946918056,42.225281903431075],[19.775560478999843,42.22517707680549],[19.775077535867357,42.2251069750867],[19.77472494658201,42.2250176970449],[19.774646589610587,42.22497773404368],[19.77456269421474,42.224985460650636],[19.77444990908678,42.22497400680645],[19.774282224761357,42.224942959475804],[19.77430233457515,42.22488296059299],[19.77446644108735,42.22488731953774],[19.774501559215455,42.224792535328326],[19.774356631875655,42.22474381466072],[19.774226817701848,42.2246787449717],[19.77402632437261,42.224556792030576],[19.774057568711395,42.2245332463568],[19.77420086712374,42.22462625992204],[19.774509792869257,42.2247695445299],[19.774523725098874,42.2247240802092]]]},"properties":{"SIPERFAQJA":2853,"VOL":"1","FAQE":"159","NR_PAS":"67/13","PRONARET":"SHTET","KUFIZIMET":"_","ZK":"2859","EMRI_I_ZK":"PALAJ"}},
{"type":"Feature","geometry":{"type":"Polygon","coordinates":[[[19.77402632437261,42.224556792030576],[19.774226817701848,42.2246787449717],[19.774356631875655,42.22474381466072],[19.774501559215455,42.224792535328326],[19.77446644108735,42.22488731953774],[19.77430233457515,42.22488296059299],[19.774042988319362,42.22478251943447],[19.773679202461476,42.224623772767224],[19.77342391412579,42.224458009267174],[19.773398782755645,42.224343637685166],[19.77346851881627,42.22430629602311],[19.773496211113294,42.22434770724266],[19.773733919398154,42.224442064173275],[19.77385313887273,42.22448627976604],[19.773896491450284,42.2245023581327],[19.77402632437261,42.224556792030576]]]},"properties":{"SIPERFAQJA":1798,"VOL":"1","FAQE":"160","NR_PAS":"67/14","PRONARET":"SHTET","KUFIZIMET":"NDOC KOLË FUSHA,FLORJAN SOKOL FUSHA,MIKEL LIN FUSHA,ZEF NDUE FUSHA","ZK":"2859","EMRI_I_ZK":"PALAJ"}},
{"type":"Feature","geometry":{"type":"Polygon","coordinates":[[[19.774282224761357,42.224942959475804],[19.774252407341958,42.224937438649015],[19.773551311788356,42.224821747695415],[19.773360102366826,42.22458258529442],[19.773311875534933,42.22444707537937],[19.77331069112784,42.22438918589653],[19.773398782755645,42.224343637685166],[19.77342391412579,42.224458009267174],[19.773679202461476,42.224623772767224],[19.774042988319362,42.22478251943447],[19.77430233457515,42.22488296059299],[19.774282224761357,42.224942959475804]]]},"properties":{"SIPERFAQJA":1563,"VOL":"1","FAQE":"161","NR_PAS":"67/15","PRONARET":"SHTET","KUFIZIMET":"NDOC KOLË FUSHA,FLORJAN SOKOL FUSHA,MIKEL LIN FUSHA,ZEF NDUE FUSHA","ZK":"2859","EMRI_I_ZK":"PALAJ"}},
{"type":"Feature","geometry":{"type":"Polygon","coordinates":[[[19.773551311788356,42.224821747695415],[19.774252407341958,42.224937438649015],[19.77428222476136,42.224942959475804],[19.77444990908678,42.22497400680645],[19.77456269421474,42.224985460650636],[19.774646589610587,42.22497773404368],[19.77472494658201,42.2250176970449],[19.775077535867357,42.2251069750867],[19.775025086974903,42.22526276348729],[19.77448948399222,42.225223341395264],[19.77421492960327,42.22526397168992],[19.774110577204794,42.22528695351516],[19.774130467517526,42.225315669445486],[19.774061866298556,42.225320628149916],[19.774020581831813,42.22532361229639],[19.77385609506153,42.22523936394418],[19.773552045851766,42.22502082156843],[19.773551311788356,42.224821747695415]]]},"properties":{"SIPERFAQJA":3903,"VOL":"1","FAQE":"162","NR_PAS":"67/16","PRONARET":"SHTET","KUFIZIMET":"SOKOL NIK TOKA,GJON NIK TOKA,GJIN NIK TOKA","ZK":"2859","EMRI_I_ZK":"PALAJ"}},
{"type":"Feature","geometry":{"type":"Polygon","coordinates":[[[19.775560478999843,42.22517707680549],[19.77552222026595,42.22534583621403],[19.775025086974903,42.22526276348729],[19.775077535867357,42.2251069750867],[19.775560478999843,42.22517707680549]]]},"properties":{"SIPERFAQJA":761,"VOL":"1","FAQE":"165","NR_PAS":"67/19","PRONARET":"SHTET","KUFIZIMET":"GJON NIK TOKA","ZK":"2859","EMRI_I_ZK":"PALAJ"}},
{"type":"Feature","geometry":{"type":"Polygon","coordinates":[[[19.77552222026595,42.22534583621403],[19.775560478999843,42.22517707680549],[19.775861946918056,42.225281903431075],[19.776033231400454,42.22535778511242],[19.776178655874006,42.225448274333125],[19.776209098959185,42.22549716719137],[19.77620582780195,42.225563687195546],[19.776175233794863,42.22562902615251],[19.77611790504349,42.22573191470906],[19.77605795060642,42.22586209213529],[19.77601508929143,42.22590392925111],[19.775822244592295,42.22605681392809],[19.775651492560296,42.22603970340155],[19.775672659799913,42.22587371711423],[19.775718366432518,42.22585142529065],[19.775803021877763,42.22564227887317],[19.775854658720633,42.2255259804918],[19.775782503483722,42.22537032603963],[19.77552222026595,42.22534583621403]]]},"properties":{"SIPERFAQJA":2551,"VOL":"1","FAQE":"168","NR_PAS":"67/21","PRONARET":"SHTET","KUFIZIMET":"DEDË MHILL ARRA,","ZK":"2859","EMRI_I_ZK":"PALAJ"}},
{"type":"Feature","geometry":{"type":"Polygon","coordinates":[[[19.775349282043226,42.22598675784851],[19.77539060894311,42.225933140095265],[19.775420549955154,42.225829180716666],[19.775672659799913,42.22587371711423],[19.775651492560296,42.22603970340155],[19.775591318648846,42.22610391034264],[19.775349282043226,42.22598675784851]]]},"properties":{"SIPERFAQJA":523,"VOL":"1","FAQE":"169","NR_PAS":"67/22","PRONARET":"SHTET","KUFIZIMET":"_","ZK":"2859","EMRI_I_ZK":"PALAJ"}},
{"type":"Feature","geometry":{"type":"Polygon","coordinates":[[[19.77552222026595,42.22534583621403],[19.775782503483722,42.22537032603963],[19.775854658720633,42.2255259804918],[19.775803021877763,42.22564227887317],[19.775718366432518,42.22585142529065],[19.775672659799913,42.22587371711423],[19.775420549955154,42.225829180716666],[19.775370776483765,42.22566495297285],[19.775489733871606,42.22548015364909],[19.77552222026595,42.22534583621403]]]},"properties":{"SIPERFAQJA":1629,"VOL":"1","FAQE":"167","NR_PAS":"67/20","PRONARET":"SHTET","KUFIZIMET":"DEDË MHILL ARRA,","ZK":"2859","EMRI_I_ZK":"PALAJ"}},
{"type":"Feature","geometry":{"type":"Polygon","coordinates":[[[19.774967314510363,42.22561628382641],[19.775025086974896,42.22526276348733],[19.77552222026595,42.22534583621403],[19.775489733871606,42.22548015364909],[19.775370776483765,42.22566495297285],[19.774967314510363,42.22561628382641]]]},"properties":{"SIPERFAQJA":1498,"VOL":"1","FAQE":"164","NR_PAS":"67/18","PRONARET":"SHTET","KUFIZIMET":"GJON NIK TOKA","ZK":"2859","EMRI_I_ZK":"PALAJ"}},
{"type":"Feature","geometry":{"type":"Polygon","coordinates":[[[19.774784510220815,42.22566506655967],[19.774824280160416,42.2256419563157],[19.774908777267026,42.225645041434944],[19.774967314510363,42.22561628382641],[19.775370776483765,42.22566495297285],[19.775420549955154,42.225829180716666],[19.77539060894311,42.225933140095265],[19.775349282043226,42.22598675784851],[19.775194793848286,42.22609165810933],[19.77508833237,42.22603710953967],[19.77493967248667,42.225967822860135],[19.77487841311097,42.22582785507273],[19.774784510220815,42.22566506655967]]]},"properties":{"SIPERFAQJA":1844,"VOL":"1","FAQE":"170","NR_PAS":"67/23","PRONARET":"SHTET","KUFIZIMET":"NDUE MARTIN AHI,ZEF MARTIN AHI,KRISTIAN MARTIN AHI","ZK":"2859","EMRI_I_ZK":"PALAJ"}},
{"type":"Feature","geometry":{"type":"Polygon","coordinates":[[[19.774784510220815,42.22566506655967],[19.77472783042984,42.22561978214259],[19.774573565423314,42.225479403489196],[19.77451283291902,42.22543977308954],[19.774384777842496,42.22539156529914],[19.774234897944016,42.225343984220615],[19.77414995396198,42.225339404326796],[19.774130467517526,42.225315669445486],[19.774110577204794,42.22528695351516],[19.77421492960327,42.22526397168992],[19.77448948399222,42.225223341395264],[19.775025086974903,42.22526276348729],[19.774967314510363,42.22561628382641],[19.774908777267026,42.225645041434944],[19.774824280160416,42.2256419563157],[19.774784510220815,42.22566506655967]]]},"properties":{"SIPERFAQJA":1978,"VOL":"1","FAQE":"163","NR_PAS":"67/17","PRONARET":"SHTET","KUFIZIMET":"SOKOL NIK TOKA,GJON NIK TOKA,GJIN NIK TOKA","ZK":"2859","EMRI_I_ZK":"PALAJ"}},
{"type":"Feature","geometry":{"type":"Polygon","coordinates":[[[19.775391562311864,42.227169085577955],[19.77530927142916,42.22710997282999],[19.775411378262586,42.227044722727285],[19.775561510275203,42.227007417873764],[19.775646085305507,42.22697576992123],[19.775822834418328,42.22685206927357],[19.775863924663234,42.22689717528342],[19.77583545478188,42.22699062759103],[19.775645721057074,42.227091913217976],[19.775391562311864,42.227169085577955]]]},"properties":{"SIPERFAQJA":552,"VOL":"1","FAQE":"175","NR_PAS":"67/28","PRONARET":"SHTET","KUFIZIMET":"PJETER GJON FIKU","ZK":"2859","EMRI_I_ZK":"PALAJ"}},
{"type":"Feature","geometry":{"type":"Polygon","coordinates":[[[19.775391562311864,42.227169085577955],[19.77539773408881,42.22719621281132],[19.775310598030856,42.227230392773855],[19.775232794792927,42.22717493029342],[19.775116280033714,42.2271657150165],[19.77490718605504,42.22714917724667],[19.7748080712395,42.22710917545289],[19.775107555737005,42.22698423967525],[19.775126054649924,42.22694253709087],[19.775026488184693,42.22688186295221],[19.774970443662234,42.2268383106643],[19.774845648834255,42.22672099285771],[19.77473122744188,42.22664495663755],[19.774458634978156,42.22665180943685],[19.774409289602293,42.22643306992645],[19.774637269933496,42.226475772304326],[19.774665889087046,42.226516846524],[19.774757865687967,42.226536681922084],[19.774882204533963,42.22651556238483],[19.774960420168934,42.22652255212961],[19.77510636845039,42.22657240189221],[19.77514354560288,42.22664821802044],[19.77523350064748,42.22671400983215],[19.775329224353516,42.22671009636937],[19.77555428165183,42.22656700257566],[19.775599036069288,42.22640305116584],[19.77561242807685,42.22625954297162],[19.775591318648846,42.22610391034264],[19.775651492560296,42.22603970340155],[19.775822244592295,42.22605681392809],[19.77585257785636,42.22610672500039],[19.77586840098957,42.226132760724724],[19.775885670834196,42.22667526053213],[19.775822834418328,42.22685206927357],[19.775646085305507,42.22697576992123],[19.775561510275203,42.227007417873764],[19.775411378262586,42.227044722727285],[19.77530927142916,42.22710997282999],[19.775391562311864,42.227169085577955]]]},"properties":{"SIPERFAQJA":5854,"VOL":"1","FAQE":"174","NR_PAS":"67/27","PRONARET":"SHTET","KUFIZIMET":"PAL NDOC PRRONI,PASHKO,","ZK":"2859","EMRI_I_ZK":"PALAJ"}},
{"type":"Feature","geometry":{"type":"Polygon","coordinates":[[[19.77510636845039,42.22657240189221],[19.77515886295776,42.226369977751965],[19.775120025386876,42.22629042893763],[19.775039621354555,42.226251816594406],[19.77490499170759,42.22625497061606],[19.774960668770863,42.22620154277824],[19.77489500060892,42.226166265294026],[19.77508833237,42.22603710953967],[19.775194793848286,42.22609165810933],[19.775349282043226,42.22598675784851],[19.775591318648846,42.22610391034264],[19.77561242807685,42.22625954297162],[19.775599036069288,42.22640305116584],[19.77555428165183,42.22656700257566],[19.775329224353516,42.22671009636937],[19.77523350064748,42.22671400983215],[19.77514354560288,42.22664821802044],[19.77510636845039,42.22657240189221]]]},"properties":{"SIPERFAQJA":2916,"VOL":"1","FAQE":"171","NR_PAS":"67/24","PRONARET":"SHTET","KUFIZIMET":"PAL NDOC PRRONI,PASHKO,","ZK":"2859","EMRI_I_ZK":"PALAJ"}},
{"type":"Feature","geometry":{"type":"Polygon","coordinates":[[[19.774637269933496,42.226475772304326],[19.774737838908088,42.226344369948045],[19.77490499170759,42.22625497061606],[19.775039621354555,42.226251816594406],[19.775120025386876,42.22629042893763],[19.77515886295776,42.226369977751965],[19.77510636845039,42.22657240189221],[19.774960420168934,42.22652255212961],[19.774882204533963,42.22651556238483],[19.774757865687967,42.226536681922084],[19.774665889087046,42.226516846524],[19.774637269933496,42.226475772304326]]]},"properties":{"SIPERFAQJA":1038,"VOL":"1","FAQE":"173","NR_PAS":"67/26","PRONARET":"SHTET","KUFIZIMET":"PAL NDOC PRRONI,PASHKO,","ZK":"2859","EMRI_I_ZK":"PALAJ"}},
{"type":"Feature","geometry":{"type":"Polygon","coordinates":[[[19.77508833237,42.22603710953967],[19.77489500060892,42.226166265294026],[19.774960668770863,42.22620154277824],[19.77490499170759,42.22625497061606],[19.774737838908088,42.226344369948045],[19.774637269933496,42.226475772304326],[19.774409289602293,42.22643306992645],[19.774396111166645,42.22637465194419],[19.774472130760014,42.22630951730554],[19.774450791647645,42.226226208631765],[19.77475451570691,42.22603806048493],[19.774887212058427,42.225983982184964],[19.77493967248667,42.225967822860135],[19.77508833237,42.22603710953967]]]},"properties":{"SIPERFAQJA":1463,"VOL":"1","FAQE":"172","NR_PAS":"67/25","PRONARET":"SHTET","KUFIZIMET":"PAL NDOC PRRONI,PASHKO,","ZK":"2859","EMRI_I_ZK":"PALAJ"}},
{"type":"Feature","geometry":{"type":"Polygon","coordinates":[[[19.7748080712395,42.22710917545289],[19.774746967951344,42.227084514680946],[19.77471528101906,42.22697124677155],[19.77468670158007,42.22688658443111],[19.774468917576165,42.226697390222085],[19.774458634978156,42.22665180943685],[19.77473122744188,42.22664495663755],[19.774845648834255,42.22672099285771],[19.774970443662234,42.2268383106643],[19.775026488184693,42.22688186295221],[19.775126054649924,42.22694253709087],[19.775107555737005,42.22698423967525],[19.7748080712395,42.22710917545289]]]},"properties":{"SIPERFAQJA":1336,"VOL":"1","FAQE":"176","NR_PAS":"67/29","PRONARET":"SHTET","KUFIZIMET":"PAL NDOC PRRONI,PASHKO,","ZK":"2859","EMRI_I_ZK":"PALAJ"}},
{"type":"Feature","geometry":{"type":"Polygon","coordinates":[[[19.774396111166645,42.22637465194419],[19.774292601712123,42.22633010929741],[19.77416802547939,42.226099330780336],[19.77426361441869,42.22602002801577],[19.774290440022387,42.22579420985106],[19.77427918631571,42.225706127511216],[19.774258762789266,42.22557641020128],[19.774143078262895,42.225461669432114],[19.774105755225712,42.225400313249864],[19.774204201881517,42.22537347033109],[19.77436052392581,42.225417083422585],[19.774388212001554,42.225449006605565],[19.774498472780227,42.22549806657504],[19.77472867735227,42.22569116996892],[19.77482650985993,42.225826542167056],[19.774887212058427,42.225983982184964],[19.77475451570691,42.22603806048493],[19.774450791647645,42.226226208631765],[19.774472130760014,42.22630951730554],[19.774396111166645,42.22637465194419]]]},"properties":{"SIPERFAQJA":3541,"VOL":"1","FAQE":"188","NR_PAS":"68/1","PRONARET":"SHTET","KUFIZIMET":"GJON,PJETER,SOKOL KOL FIKU","ZK":"2859","EMRI_I_ZK":"PALAJ"}},
{"type":"Feature","geometry":{"type":"Polygon","coordinates":[[[19.774235648142884,42.22570509762281],[19.77427918631571,42.225706127511216],[19.774290440022387,42.22579420985106],[19.77426361441869,42.22602002801577],[19.774168025479394,42.226099330780336],[19.77408282020234,42.22617001878589],[19.773811799574972,42.22621172472864],[19.773685712409122,42.226182726917116],[19.773835234087226,42.22609003976811],[19.774033938705717,42.22599922191419],[19.77407340956243,42.22583387497402],[19.77414713655365,42.225703003844465],[19.774235648142884,42.22570509762281]]]},"properties":{"SIPERFAQJA":1139,"VOL":"1","FAQE":"199","NR_PAS":"68/2","PRONARET":"SHTET","KUFIZIMET":"PRELE ZEF AHI,ARBEN,MARASH,MIRASH","ZK":"2859","EMRI_I_ZK":"PALAJ"}},
{"type":"Feature","geometry":{"type":"Polygon","coordinates":[[[19.77347542719728,42.22614316839729],[19.773472388485345,42.22610009071559],[19.773533987431225,42.22585679403995],[19.77358932446174,42.2258042247388],[19.77407340956243,42.22583387497402],[19.774033938705717,42.22599922191419],[19.773835234087226,42.22609003976811],[19.773685712409122,42.226182726917116],[19.773654802990073,42.22617561827382],[19.77347542719728,42.22614316839729]]]},"properties":{"SIPERFAQJA":1456,"VOL":"1","FAQE":"201","NR_PAS":"68/4","PRONARET":"SHTET","KUFIZIMET":"PRELE ZEF AHI,ARBEN,MARASH,MIRASH","ZK":"2859","EMRI_I_ZK":"PALAJ"}},
{"type":"Feature","geometry":{"type":"Polygon","coordinates":[[[19.773646426610313,42.22549944599482],[19.773734614573524,42.225490263599006],[19.773952464957365,42.22552191350934],[19.774100169585545,42.22557770778715],[19.77414713655365,42.225703003844465],[19.77407340956243,42.22583387497402],[19.77358932446174,42.2258042247388],[19.773667218126647,42.22568126169306],[19.773694695799545,42.22561770550133],[19.773703638509225,42.225566401302785],[19.773646426610313,42.22549944599482]]]},"properties":{"SIPERFAQJA":1261,"VOL":"1","FAQE":"202","NR_PAS":"68/5","PRONARET":"SHTET","KUFIZIMET":"DEDË MHILL ARRA,","ZK":"2859","EMRI_I_ZK":"PALAJ"}},
{"type":"Feature","geometry":{"type":"Polygon","coordinates":[[[19.773101622112108,42.22536043541069],[19.772969681855525,42.22528860046487],[19.772980726767685,42.22525500855885],[19.773175728216163,42.225276258129966],[19.77336255772497,42.22540065072061],[19.77349500703135,42.22545770810635],[19.773646426610313,42.22549944599482],[19.773703638509225,42.225566401302785],[19.773694695799545,42.22561770550133],[19.773667218126647,42.22568126169306],[19.77358932446174,42.2258042247388],[19.773533987431225,42.22585679403995],[19.773472388485345,42.22610009071559],[19.77342506517333,42.22612505484672],[19.773351795283467,42.226127773837575],[19.773277528287906,42.226113276106645],[19.773172150176936,42.225929788319505],[19.773165499287824,42.225879273183764],[19.773227710380812,42.22557772639535],[19.773218774169905,42.2254583215518],[19.77313634405784,42.22537933974094],[19.773101622112108,42.22536043541069]]]},"properties":{"SIPERFAQJA":2668,"VOL":"1","FAQE":"203","NR_PAS":"68/6","PRONARET":"SHTET","KUFIZIMET":"DEDË MHILL ARRA,","ZK":"2859","EMRI_I_ZK":"PALAJ"}},
{"type":"Feature","geometry":{"type":"Polygon","coordinates":[[[19.775116280033714,42.2271657150165],[19.774983699381142,42.227214034311075],[19.774894631828353,42.22723137437179],[19.774791182602048,42.22722834660004],[19.774743308870914,42.22721356248998],[19.77470614590836,42.22718184998274],[19.7746941210134,42.22714058228912],[19.774674168142383,42.227036108644306],[19.774623598907034,42.22693437345189],[19.77448341946993,42.22683685979823],[19.774310523933078,42.22679182529428],[19.774188156691366,42.226769295007166],[19.77413780448933,42.22675047271143],[19.77409476599511,42.22670045940153],[19.773996412769716,42.226625316974584],[19.773831998628204,42.22661161900848],[19.773732437319467,42.226590024869765],[19.77362937999188,42.22653900130563],[19.773580152076992,42.22654157877233],[19.773537995909468,42.22658072521561],[19.77350669797176,42.22660473622079],[19.773323869117842,42.226624961027795],[19.7731351951334,42.226618417343005],[19.773066901862098,42.226611096319246],[19.77300599192152,42.22647792079447],[19.772987978843705,42.22638593212581],[19.772943937986092,42.22630637964222],[19.77280815452408,42.22623572697836],[19.77279877186551,42.22623006207129],[19.7731215779877,42.2261646631984],[19.77338187239673,42.2261573023121],[19.77347542719728,42.22614316839729],[19.773654802990073,42.22617561827382],[19.773685712409122,42.226182726917116],[19.773811799574972,42.22621172472864],[19.77408282020234,42.22617001878589],[19.774168025479394,42.226099330780336],[19.774292601712123,42.22633010929741],[19.774396111166645,42.22637465194419],[19.774409289602293,42.22643306992645],[19.774458634978156,42.22665180943685],[19.774468917576165,42.226697390222085],[19.77468670158007,42.22688658443111],[19.77471528101906,42.22697124677155],[19.774746967951344,42.227084514680946],[19.7748080712395,42.22710917545289],[19.77490718605504,42.22714917724667],[19.775116280033714,42.2271657150165]]]},"properties":{"SIPERFAQJA":6751,"VOL":"1","FAQE":"200","NR_PAS":"68/3","PRONARET":"SHTET","KUFIZIMET":"_","ZK":"2859","EMRI_I_ZK":"PALAJ"}},
{"type":"Feature","geometry":{"type":"Polygon","coordinates":[[[19.77347542719728,42.22614316839729],[19.77338187239673,42.2261573023121],[19.7731215779877,42.2261646631984],[19.77279877186551,42.22623006207129],[19.772664786398682,42.226149166338274],[19.77256208808655,42.22610049107133],[19.77272121141148,42.22596446978209],[19.772850911129893,42.22587777632565],[19.77293547137683,42.22594424965303],[19.77317363840126,42.22609723627379],[19.773277528287906,42.226113276106645],[19.773351795283467,42.226127773837575],[19.77342506517333,42.22612505484672],[19.773472388485345,42.22610009071559],[19.77347542719728,42.22614316839729]]]},"properties":{"SIPERFAQJA":1199,"VOL":"1","FAQE":"190","NR_PAS":"68/11","PRONARET":"SHTET","KUFIZIMET":"PRELE ZEF AHI,ARBEN,MARASH,MIRASH","ZK":"2859","EMRI_I_ZK":"PALAJ"}},
{"type":"Feature","geometry":{"type":"Polygon","coordinates":[[[19.772850911129893,42.22587777632565],[19.77284656415785,42.22584212947466],[19.773011665557636,42.22576799902565],[19.7730519356934,42.225828217280764],[19.773101940388706,42.22586196502777],[19.773165499287824,42.225879273183764],[19.773172150176936,42.225929788319505],[19.773277528287906,42.226113276106645],[19.77317363840126,42.22609723627379],[19.77293547137683,42.22594424965303],[19.772850911129893,42.22587777632565]]]},"properties":{"SIPERFAQJA":572,"VOL":"1","FAQE":"189","NR_PAS":"68/10","PRONARET":"SHTET","KUFIZIMET":"PRELE ZEF AHI,ARBEN,MARASH,MIRASH","ZK":"2859","EMRI_I_ZK":"PALAJ"}},
{"type":"Feature","geometry":{"type":"Polygon","coordinates":[[[19.773101622112108,42.22536043541069],[19.77313634405784,42.22537933974094],[19.773218774169905,42.2254583215518],[19.773227710380812,42.22557772639535],[19.773165499287824,42.225879273183764],[19.773101940388706,42.22586196502777],[19.7730519356934,42.225828217280764],[19.773011665557636,42.22576799902565],[19.773096006010796,42.2256136880856],[19.773127601290557,42.22551015617985],[19.77311808414228,42.22543845517951],[19.773101622112108,42.22536043541069]]]},"properties":{"SIPERFAQJA":533,"VOL":"1","FAQE":"204","NR_PAS":"68/7","PRONARET":"SHTET","KUFIZIMET":"DEDË MHILL ARRA,","ZK":"2859","EMRI_I_ZK":"PALAJ"}},
{"type":"Feature","geometry":{"type":"Polygon","coordinates":[[[19.772863518359888,42.22533350364504],[19.77292853572316,42.22537742864007],[19.772962435019085,42.22544434263784],[19.772958691803648,42.22560722806602],[19.773096006010796,42.2256136880856],[19.773011665557636,42.22576799902565],[19.77284656415785,42.22584212947466],[19.772782038924497,42.22582553502284],[19.772719564770885,42.22577457998035],[19.772646595114015,42.22569353453392],[19.772681359206505,42.22557251023983],[19.77268178324834,42.22544645326822],[19.77268213381869,42.22534115805327],[19.7726752833013,42.22530026560985],[19.772863518359888,42.22533350364504]]]},"properties":{"SIPERFAQJA":1374,"VOL":"1","FAQE":"206","NR_PAS":"68/9","PRONARET":"SHTET","KUFIZIMET":"DEDË MHILL ARRA,","ZK":"2859","EMRI_I_ZK":"PALAJ"}},
{"type":"Feature","geometry":{"type":"Polygon","coordinates":[[[19.77414713655365,42.225703003844465],[19.774100169585545,42.22557770778715],[19.773952464957365,42.22552191350934],[19.773734614573524,42.225490263599006],[19.773646426610313,42.22549944599482],[19.77349500703135,42.22545770810635],[19.77336255772497,42.22540065072061],[19.773175728216163,42.225276258129966],[19.772980726767685,42.22525500855885],[19.772969681855525,42.22528860046487],[19.773101622112108,42.22536043541069],[19.77311808414228,42.22543845517951],[19.773127601290557,42.22551015617985],[19.773096006010796,42.2256136880856],[19.772958691803648,42.22560722806602],[19.772962435019085,42.22544434263784],[19.77292853572316,42.22537742864007],[19.772863518359888,42.22533350364504],[19.7726752833013,42.22530026560985],[19.77260948738503,42.22511220498443],[19.77264392910712,42.22506789619437],[19.772696850181113,42.22505999858527],[19.77284079935511,42.22507046868108],[19.773181019906424,42.225201365478966],[19.77338253785616,42.22529583791814],[19.77353539420078,42.22534378372994],[19.773839358600476,42.22541236843815],[19.774024067942957,42.22543412949617],[19.77407148606422,42.2254532731022],[19.774174561885882,42.225538376712116],[19.774206809722457,42.225581004322024],[19.77421877524317,42.22562650000744],[19.774235648142884,42.22570509762281],[19.77414713655365,42.225703003844465]]]},"properties":{"SIPERFAQJA":2457,"VOL":"1","FAQE":"205","NR_PAS":"68/8","PRONARET":"SHTET","KUFIZIMET":"DEDË MHILL ARRA,","ZK":"2859","EMRI_I_ZK":"PALAJ"}},
{"type":"Feature","geometry":{"type":"Polygon","coordinates":[[[19.77284656415785,42.22584212947466],[19.77285091112989,42.22587777632565],[19.77272121141148,42.22596446978209],[19.77256208808655,42.22610049107133],[19.7725228779171,42.22608190683225],[19.772408958121673,42.22604226014245],[19.772313516041407,42.22600076554392],[19.772646595114015,42.22569353453392],[19.772719564770885,42.22577457998035],[19.772782038924497,42.22582553502284],[19.77284656415785,42.22584212947466]]]},"properties":{"SIPERFAQJA":933,"VOL":"1","FAQE":"191","NR_PAS":"68/12","PRONARET":"SHTET","KUFIZIMET":"DEDË MHILL ARRA,","ZK":"2859","EMRI_I_ZK":"PALAJ"}},
{"type":"Feature","geometry":{"type":"Polygon","coordinates":[[[19.77038044558696,42.22573507516882],[19.770473072431862,42.225751146323795],[19.77057197153114,42.22575796331937],[19.77064245001007,42.22573758517707],[19.77069160484407,42.225699293047356],[19.77070873730633,42.22565504504319],[19.770889144198005,42.22559541280129],[19.770947658502195,42.22561464829167],[19.77098189140753,42.22566795110505],[19.771033520263096,42.225707832133146],[19.771123550312456,42.22574248609515],[19.77118335175767,42.22574393125061],[19.77129600682472,42.225693107552345],[19.771365779443755,42.22565214283733],[19.771386422095002,42.225621024452266],[19.771587734138503,42.22553514833722],[19.771697105365927,42.2255173349436],[19.771798558456275,42.22554366703372],[19.77196731331277,42.22555053490154],[19.771970296095226,42.225611229324706],[19.771971670347096,42.22563919291696],[19.77211173015596,42.225635390535835],[19.77237688615907,42.22561620159307],[19.772681359206505,42.22557251023983],[19.772646595114015,42.22569353453392],[19.772313516041407,42.22600076554392],[19.772249332760243,42.22600510604702],[19.772192705697442,42.22602542769894],[19.772093345705137,42.22602750084439],[19.772036869686477,42.22600581940182],[19.77196823968597,42.22596367967074],[19.77180949401237,42.22590319736119],[19.771641472489165,42.22587221197593],[19.771506970230394,42.22587080901011],[19.77142741171516,42.22589221972203],[19.771267345492152,42.22595009069923],[19.771039020704322,42.22603450822626],[19.77085580177292,42.226099929880284],[19.770810103617926,42.22610478631915],[19.77063224979633,42.226074037575486],[19.77045531686251,42.226051772234236],[19.770189712026937,42.22607527227842],[19.770001182165437,42.226101753555575],[19.769887919522727,42.2259893640914],[19.769839130737438,42.22595455093349],[19.769814417674073,42.22587766517958],[19.76995018169794,42.225876876190526],[19.770097528385246,42.225834716429574],[19.77038044558696,42.22573507516882]]]},"properties":{"SIPERFAQJA":8162,"VOL":"1","FAQE":"194","NR_PAS":"68/15","PRONARET":"SHTET","KUFIZIMET":"_","ZK":"2859","EMRI_I_ZK":"PALAJ"}},
{"type":"Feature","geometry":{"type":"Polygon","coordinates":[[[19.772681359206505,42.22557251023983],[19.77237688615907,42.22561620159307],[19.77211173015596,42.225635390535835],[19.771971670347096,42.22563919291696],[19.771970296095226,42.225611229324706],[19.77196731331277,42.22555053490154],[19.771798558456275,42.22554366703372],[19.771697105365927,42.2255173349436],[19.771587734138503,42.22553514833722],[19.771386422095002,42.225621024452266],[19.771365779443755,42.22565214283733],[19.77129600682472,42.225693107552345],[19.77118335175767,42.22574393125061],[19.771123550312456,42.22574248609515],[19.771033520263096,42.225707832133146],[19.77098189140753,42.22566795110505],[19.770947658502195,42.22561464829167],[19.77110916976425,42.22562551885438],[19.77119172918694,42.225623046457116],[19.771445217553374,42.22548027385709],[19.77138766987095,42.22534690627371],[19.77138277202425,42.2253247130315],[19.771369253350205,42.225320869260706],[19.771375693267096,42.22525127970744],[19.77138815068825,42.22522897941052],[19.7714368794641,42.22520018498036],[19.77157509579189,42.22525515773508],[19.77175466378556,42.22527855352799],[19.7720597836128,42.22526851240964],[19.77215326746025,42.22526436299932],[19.77239416270937,42.22530038063829],[19.772599315280846,42.225319390165474],[19.77268213381869,42.22534115805327],[19.77268178324834,42.22544645326822],[19.772681359206505,42.22557251023983]]]},"properties":{"SIPERFAQJA":4069,"VOL":"1","FAQE":"192","NR_PAS":"68/13","PRONARET":"SHTET","KUFIZIMET":"_","ZK":"2859","EMRI_I_ZK":"PALAJ"}},
{"type":"Feature","geometry":{"type":"Polygon","coordinates":[[[19.770947658502195,42.22561464829167],[19.770889144198005,42.22559541280129],[19.77070873730633,42.22565504504319],[19.77069160484407,42.225699293047356],[19.77064245001007,42.22573758517707],[19.77057197153114,42.22575796331937],[19.770473072431862,42.225751146323795],[19.77038044558696,42.22573507516882],[19.770328093351047,42.225672089493095],[19.770477957777622,42.22563267517239],[19.770589174369416,42.2255809688499],[19.770629253306925,42.22554347115601],[19.7706535862559,42.225297573052686],[19.77094224555619,42.225354255205204],[19.771234874113496,42.22538480637448],[19.771302382692248,42.22537672477223],[19.771336721665403,42.225364058415245],[19.771348367857144,42.225355454784136],[19.77138766987095,42.22534690627371],[19.771445217553374,42.22548027385709],[19.77119172918694,42.225623046457116],[19.77110916976425,42.22562551885438],[19.770947658502195,42.22561464829167]]]},"properties":{"SIPERFAQJA":2193,"VOL":"1","FAQE":"193","NR_PAS":"68/14","PRONARET":"SHTET","KUFIZIMET":"_","ZK":"2859","EMRI_I_ZK":"PALAJ"}},
{"type":"Feature","geometry":{"type":"Polygon","coordinates":[[[19.7706535862559,42.225297573052686],[19.770629253306925,42.22554347115601],[19.770589174369416,42.2255809688499],[19.770477957777622,42.22563267517239],[19.770328093351047,42.225672089493095],[19.77038044558696,42.22573507516882],[19.770097528385246,42.225834716429574],[19.76995018169794,42.225876876190526],[19.769814417674073,42.22587766517958],[19.769823189012,42.22582355245723],[19.769897803858363,42.225739853434604],[19.769942255079485,42.225698548768044],[19.769715644671088,42.225548623006155],[19.769774709327972,42.22547036199755],[19.769782032270403,42.22540351912514],[19.769773497380992,42.22524725024297],[19.769745575867272,42.22513751737482],[19.769942307085085,42.2252109337956],[19.770070888150148,42.225244650178276],[19.77014755665766,42.225267834118256],[19.770200089048647,42.22527082856939],[19.770232180571377,42.22525602080248],[19.770266524100304,42.225226699523155],[19.7706535862559,42.225297573052686]]]},"properties":{"SIPERFAQJA":3955,"VOL":"1","FAQE":"195","NR_PAS":"68/16","PRONARET":"SHTET","KUFIZIMET":"_","ZK":"2859","EMRI_I_ZK":"PALAJ"}},
{"type":"Feature","geometry":{"type":"Polygon","coordinates":[[[19.768889020001218,42.22567320213821],[19.768863538795483,42.22561853214777],[19.768870280745844,42.22555509200173],[19.76883277411539,42.22552808235239],[19.769032447574542,42.2254414244572],[19.768906350524084,42.225417484280065],[19.768906347634086,42.225379586900324],[19.7688622307725,42.22534948519066],[19.768801659870462,42.22526572154767],[19.768873798091626,42.22524555656228],[19.768873545755422,42.225217833271586],[19.76892877369077,42.22520641692215],[19.76897138622123,42.22518643575057],[19.769028433725794,42.22514897840321],[19.76907077425604,42.22512570172589],[19.769140558914795,42.2251068917948],[19.769193288618855,42.225099615426174],[19.769257558997584,42.225099063021815],[19.76934661517013,42.22509924213145],[19.769443026939605,42.22509670835789],[19.76956418482113,42.225105816321744],[19.769745575867272,42.22513751737482],[19.769773497380992,42.22524725024297],[19.769782032270403,42.22540351912514],[19.769774709327972,42.22547036199755],[19.769715644671088,42.225548623006155],[19.76943414976471,42.22567169824401],[19.76943044904956,42.22572630917254],[19.76938002265044,42.22579036262245],[19.769245595539374,42.225842109993344],[19.76915566110931,42.225856667348786],[19.768877226596672,42.2257061226234],[19.768889020001218,42.22567320213821]]]},"properties":{"SIPERFAQJA":4876,"VOL":"1","FAQE":"196","NR_PAS":"68/17","PRONARET":"SHTET","KUFIZIMET":"PAVLIN PASHUK ASHTA","ZK":"2859","EMRI_I_ZK":"PALAJ"}},
{"type":"Feature","geometry":{"type":"Polygon","coordinates":[[[19.768889020001218,42.22567320213821],[19.768767011626775,42.225673580085655],[19.768359667847175,42.22569247061392],[19.768361470533005,42.225637688948986],[19.768398500087716,42.225590124324164],[19.76848370190021,42.22551526427158],[19.76849982169553,42.22548909513704],[19.76851606765223,42.225428387691366],[19.768501889671562,42.22536166392105],[19.768463688755023,42.225291318705295],[19.768528755287647,42.22528214016259],[19.768554651651684,42.22527450708331],[19.768641065554668,42.22524261504352],[19.7687549215265,42.225233451572436],[19.768873545755422,42.225217833271586],[19.768873798091626,42.22524555656228],[19.768801659870462,42.22526572154767],[19.7688622307725,42.22534948519066],[19.768906347634086,42.225379586900324],[19.768906350524084,42.225417484280065],[19.769032447574542,42.2254414244572],[19.76883277411539,42.22552808235239],[19.768870280745844,42.22555509200173],[19.768863538795483,42.22561853214777],[19.768889020001218,42.22567320213821]]]},"properties":{"SIPERFAQJA":1681,"VOL":"1","FAQE":"197","NR_PAS":"68/18","PRONARET":"SHTET","KUFIZIMET":"PAVLIN PASHUK ASHTA","ZK":"2859","EMRI_I_ZK":"PALAJ"}},
{"type":"Feature","geometry":{"type":"Polygon","coordinates":[[[19.771389412159007,42.22513556475812],[19.771673352780372,42.225214870052106],[19.771859428168426,42.22522579946664],[19.772081709847367,42.2252320009345],[19.772198041050814,42.22522935242052],[19.772479644643465,42.225272148419826],[19.77255275988186,42.22527407868103],[19.77252169997849,42.22515938424148],[19.77250130945479,42.225067882108334],[19.77252218110693,42.225025362057536],[19.77263440399696,42.224998417577474],[19.772939372794756,42.2250425707409],[19.773080257438856,42.22509900559762],[19.77328162875403,42.225169489948904],[19.77339658011301,42.22521633999461],[19.7734979709707,42.22526760653235],[19.773626169084526,42.22530965757892],[19.77385259117549,42.22535397954166],[19.773932062064226,42.22536343482541],[19.774027777471062,42.22535924759796],[19.774060220585113,42.225344543090564],[19.774061866298556,42.225320628149916],[19.774130467517526,42.225315669445486],[19.77414995396198,42.225339404326796],[19.774234897944016,42.225343984220615],[19.774384777842496,42.22539156529914],[19.77451283291902,42.22543977308954],[19.774573565423314,42.225479403489196],[19.77472783042984,42.22561978214259],[19.774784510220815,42.22566506655967],[19.77487841311097,42.22582785507273],[19.77493967248667,42.225967822860135],[19.774887212058427,42.225983982184964],[19.77482650985993,42.225826542167056],[19.77472867735227,42.22569116996892],[19.774498472780227,42.22549806657504],[19.774388212001554,42.225449006605565],[19.77436052392581,42.225417083422585],[19.774204201881517,42.22537347033109],[19.774105755225712,42.225400313249864],[19.774143078262895,42.225461669432114],[19.774258762789266,42.22557641020128],[19.77427918631571,42.225706127511216],[19.774235648142884,42.22570509762281],[19.77421877524317,42.22562650000744],[19.774206809722457,42.225581004322024],[19.774174561885882,42.225538376712116],[19.77407148606422,42.2254532731022],[19.774024067942957,42.22543412949617],[19.773839358600476,42.22541236843815],[19.77353539420078,42.22534378372994],[19.77338253785616,42.22529583791814],[19.773181019906424,42.225201365478966],[19.77284079935511,42.22507046868108],[19.772696850181113,42.22505999858527],[19.77264392910712,42.22506789619437],[19.77260948738503,42.22511220498443],[19.7726752833013,42.22530026560985],[19.77268213381869,42.22534115805327],[19.772599315280846,42.225319390165474],[19.77239416270937,42.22530038063829],[19.77215326746025,42.22526436299932],[19.7720597836128,42.22526851240964],[19.77175466378556,42.22527855352799],[19.77157509579189,42.22525515773508],[19.7714368794641,42.22520018498036],[19.77138815068825,42.22522897941052],[19.771375693267096,42.22525127970744],[19.771369253350205,42.225320869260706],[19.77138277202425,42.2253247130315],[19.77138766987095,42.22534690627371],[19.771348367857144,42.225355454784136],[19.771336721665403,42.225364058415245],[19.771302382692248,42.22537672477223],[19.771234874113496,42.22538480637448],[19.77094224555619,42.225354255205204],[19.7706535862559,42.225297573052686],[19.770266524100304,42.225226699523155],[19.770232180571377,42.22525602080248],[19.770200089048647,42.22527082856939],[19.77014755665766,42.225267834118256],[19.770070888150148,42.225244650178276],[19.769942307085085,42.2252109337956],[19.769745575867272,42.22513751737482],[19.76956418482113,42.225105816321744],[19.769443026939605,42.22509670835789],[19.76934661517013,42.22509924213145],[19.769257558997584,42.225099063021815],[19.769193288618855,42.225099615426174],[19.769140558914795,42.2251068917948],[19.76907077425604,42.22512570172589],[19.769028433725794,42.22514897840321],[19.76897138622123,42.22518643575057],[19.76892877369077,42.22520641692215],[19.768873545755422,42.225217833271586],[19.7687549215265,42.225233451572436],[19.768641065554668,42.22524261504352],[19.768554651651684,42.22527450708331],[19.768528755287647,42.22528214016259],[19.768463688755023,42.225291318705295],[19.768469295670993,42.225252340059974],[19.768525014229454,42.22525048348634],[19.76857593302095,42.2252343680318],[19.768628839996577,42.22521298714816],[19.76876112449815,42.22519444590404],[19.76886153598818,42.22517195002268],[19.768918606135824,42.22513715780761],[19.769000253172692,42.22506732169576],[19.76906638809082,42.22502516364485],[19.769236444062788,42.22498925637988],[19.769510628220523,42.2249427275869],[19.769588885356512,42.22492468175163],[19.76962564304359,42.22493712435983],[19.769613528569334,42.22498238507447],[19.76941766419496,42.225002412810966],[19.769253388434226,42.22502581442018],[19.76913979649578,42.22503639837482],[19.769082957658476,42.22505358422038],[19.768985154555992,42.225125831408654],[19.768989478946796,42.22513773392237],[19.769116310767092,42.225089332773265],[19.769219739446427,42.22507115974958],[19.769277379590722,42.22507147107906],[19.769363297396364,42.225072136719426],[19.769548602877855,42.22508629685033],[19.769750693527378,42.22511950296002],[19.769823221950894,42.22514610078018],[19.770047886241066,42.225214478744576],[19.770082452873687,42.22522428035217],[19.7701542226405,42.2252491465734],[19.77018364205919,42.22524942335113],[19.77020706571253,42.22524564066216],[19.77024377036152,42.225222533124054],[19.770244509705925,42.22517575751933],[19.770209395065713,42.22501856735427],[19.770240140785134,42.2250312768571],[19.77027567054725,42.225181038679096],[19.77028764392271,42.22520068632217],[19.770404334644052,42.225229610873946],[19.770931613491154,42.225327701307904],[19.77107431974118,42.225344619219236],[19.771183358969633,42.225357545759294],[19.77126674776261,42.2253613799623],[19.7713150716119,42.22535088046884],[19.77133682903991,42.22533046870539],[19.77136648542199,42.22519658757989],[19.771356849556664,42.225181024376326],[19.771300125564206,42.22513435665484],[19.77107238307733,42.224937798600905],[19.771113961790924,42.22488208760009],[19.77126362651219,42.22502296714213],[19.771389412159007,42.22513556475812]]]},"properties":{"SIPERFAQJA":3639,"VOL":"1","FAQE":"198","NR_PAS":"68/19","PRONARET":"SHTET","KUFIZIMET":"DEDË MHILL ARRA,","ZK":"2859","EMRI_I_ZK":"PALAJ"}},
{"type":"Feature","geometry":{"type":"Polygon","coordinates":[[[19.769017044285395,42.22791439099677],[19.769038999462037,42.22779212012613],[19.769039258395036,42.22772108659814],[19.769045446591644,42.22768842110361],[19.76911498455208,42.22760884531689],[19.769253107470572,42.227493570665274],[19.769413844785355,42.22743886483763],[19.76960109047292,42.227407275556615],[19.769708238230358,42.22737424984121],[19.769860773794775,42.227338176016374],[19.769945355667513,42.227334790419036],[19.77002984247199,42.22734536113622],[19.77014960282027,42.227357082285884],[19.77037234986761,42.227380391268134],[19.770514010728782,42.227391050432885],[19.770645857422533,42.22736301823322],[19.77080989485203,42.227269599087535],[19.77091547367997,42.2271857221238],[19.770959690355713,42.22713555348352],[19.770983006572454,42.227083071948705],[19.771008099362774,42.22695591041456],[19.771025463241514,42.22687437124336],[19.77104260276294,42.22681545902196],[19.77106888854305,42.22677213368228],[19.7711281898825,42.226736771911334],[19.77127695801403,42.22666007676323],[19.771444058342666,42.22654742329696],[19.771574870575865,42.22647502968134],[19.7716692270598,42.22642995031725],[19.771798081402743,42.22635582862778],[19.771823846590777,42.22634082938937],[19.771835874892442,42.22632675202422],[19.771835492606197,42.22630933278903],[19.771811248532703,42.226264733195634],[19.771810934360182,42.22624962645708],[19.771822139303467,42.22623239532499],[19.77196719387282,42.22614517066951],[19.772154325286387,42.226059123142505],[19.7722156314584,42.226043607638594],[19.772265448087715,42.22602949050378],[19.772312329221837,42.226033137583116],[19.77246328962202,42.22610309505012],[19.77254273772494,42.22614036934465],[19.772715556864554,42.22625301768978],[19.77278525994414,42.22629793588883],[19.77287118434741,42.226391642974285],[19.772972838173082,42.226600818226146],[19.772988748170203,42.22664809120036],[19.772904401501243,42.226703552570825],[19.772852628794126,42.22674624601966],[19.772662767931976,42.226798473072996],[19.772513686026606,42.22681253597514],[19.772320479766876,42.22679342948335],[19.77220403561654,42.22679319829482],[19.772099519040818,42.22681438847451],[19.772054935307644,42.22686066214312],[19.772024741330622,42.226911422362505],[19.771784990821185,42.22703968585755],[19.77157443788828,42.227170329254236],[19.771369679620758,42.22731914809229],[19.771204836073757,42.22742402614844],[19.770935360501678,42.22758129824133],[19.77082948377101,42.227646172167226],[19.77080953876567,42.22769202178727],[19.77046687931145,42.22793654206003],[19.770247182804365,42.2280254442113],[19.77008166062642,42.22807410089265],[19.769683414774672,42.22819118132426],[19.76970875781021,42.228168474147104],[19.769745809512596,42.22812242800471],[19.76977910871904,42.228118818821386],[19.769887525049988,42.22794354854438],[19.7698656331307,42.22775975233762],[19.769902684020206,42.22768055939425],[19.769932408680244,42.22763748900867],[19.7698858999719,42.22754206092111],[19.769673316480876,42.227523424398726],[19.76949660830322,42.22755092008552],[19.769413229165682,42.227582374819164],[19.769245598527284,42.2276902265274],[19.769178893124533,42.227767444163895],[19.769157010295828,42.22783809777411],[19.769181870590174,42.22795242170471],[19.769179495090807,42.228010795997754],[19.76915572663,42.22806039289108],[19.769111657270223,42.22803629110024],[19.76908542020694,42.22800951535682],[19.7690621635256,42.22794468231169],[19.769017044285395,42.22791439099677]]]},"properties":{"SIPERFAQJA":19542,"VOL":"1","FAQE":"212","NR_PAS":"69/2","PRONARET":"SHTET","KUFIZIMET":"_","ZK":"2859","EMRI_I_ZK":"PALAJ"}},
{"type":"Feature","geometry":{"type":"Polygon","coordinates":[[[19.775310598030856,42.227230392773855],[19.775374460690454,42.22725001944781],[19.77550457403002,42.22731163258358],[19.77546290337008,42.22732838682256],[19.775359025379995,42.22739852292775],[19.77529184661787,42.22745185618868],[19.775227215745442,42.22752689447798],[19.775205278965238,42.22751482765663],[19.775261121399257,42.22744084559618],[19.775302925118737,42.22735751121071],[19.77529090010218,42.22730580570145],[19.77523978949133,42.227259463452945],[19.775178828979126,42.22723667644413],[19.77510434271104,42.22724106401395],[19.774977290510414,42.22726529604962],[19.77479999309947,42.22729188833999],[19.774635640269658,42.227201477950025],[19.77460415942463,42.2271100603522],[19.77457880806867,42.22702380485064],[19.774532471587346,42.22695541904101],[19.774469070513135,42.22691808990318],[19.77438728831538,42.22689615051538],[19.774239545027104,42.22686954460933],[19.7741480368946,42.22683397478699],[19.7740102593907,42.226753849978515],[19.77380154707523,42.22669354812155],[19.773613443625493,42.226678658117166],[19.77345205519408,42.22671154283506],[19.773223238308468,42.22671267705725],[19.772884550200885,42.22678871630605],[19.772441853628315,42.226878945496594],[19.772102746781673,42.226977745100776],[19.771658940734863,42.22720440925315],[19.771519418237933,42.22728166813532],[19.770824545564526,42.227681312934976],[19.77080953876567,42.22769202178727],[19.77082948377101,42.227646172167226],[19.770935360501678,42.22758129824133],[19.771204836073757,42.22742402614844],[19.771369679620758,42.22731914809229],[19.77157443788828,42.227170329254236],[19.771784990821185,42.22703968585755],[19.772024741330622,42.226911422362505],[19.772054935307644,42.22686066214312],[19.772099519040818,42.22681438847451],[19.77220403561654,42.22679319829482],[19.772320479766876,42.22679342948335],[19.772513686026606,42.22681253597514],[19.772662767931976,42.226798473072996],[19.772852628794126,42.22674624601966],[19.772904401501243,42.226703552570825],[19.772988748170203,42.22664809120036],[19.77299517463572,42.22664386553096],[19.773066901862098,42.226611096319246],[19.7731351951334,42.226618417343005],[19.773323869117842,42.226624961027795],[19.77350669797176,42.22660473622079],[19.773537995909468,42.22658072521561],[19.773580152076992,42.22654157877233],[19.77362937999188,42.22653900130563],[19.773732437319467,42.226590024869765],[19.773831998628204,42.22661161900848],[19.773996412769716,42.226625316974584],[19.77409476599511,42.22670045940153],[19.77413780448933,42.22675047271143],[19.774188156691366,42.226769295007166],[19.774310523933078,42.22679182529428],[19.77448341946993,42.22683685979823],[19.774623598907034,42.22693437345189],[19.774674168142383,42.227036108644306],[19.7746941210134,42.22714058228912],[19.77470614590836,42.22718184998274],[19.774743308870914,42.22721356248998],[19.774791182602048,42.22722834660004],[19.774894631828353,42.22723137437179],[19.774983699381142,42.227214034311075],[19.775116280033714,42.2271657150165],[19.775232794792927,42.22717493029342],[19.775310598030856,42.227230392773855]]]},"properties":{"SIPERFAQJA":3779,"VOL":"1","FAQE":"207","NR_PAS":"69/1","PRONARET":"SHTET","KUFIZIMET":"_","ZK":"2859","EMRI_I_ZK":"PALAJ"}},
{"type":"Feature","geometry":{"type":"Polygon","coordinates":[[[19.769683414774672,42.22819118132426],[19.76965682259261,42.228198999103974],[19.769534044211373,42.22819473811585],[19.769431478621854,42.228170087311085],[19.769289929242163,42.22811262734636],[19.76922227238282,42.22808053684112],[19.76915798126962,42.22806162596574],[19.76915572663,42.22806039289108],[19.769179495090807,42.228010795997754],[19.769181870590174,42.22795242170471],[19.769157010295828,42.22783809777411],[19.769178893124533,42.227767444163895],[19.769245598527284,42.2276902265274],[19.769413229165682,42.227582374819164],[19.76949660830322,42.22755092008552],[19.769673316480876,42.227523424398726],[19.7698858999719,42.22754206092111],[19.769932408680244,42.22763748900867],[19.769902684020206,42.22768055939425],[19.7698656331307,42.22775975233762],[19.769887525049988,42.22794354854438],[19.76977910871904,42.228118818821386],[19.769745809512596,42.22812242800471],[19.76970875781021,42.228168474147104],[19.769683414774672,42.22819118132426]]]},"properties":{"SIPERFAQJA":3629,"VOL":"1","FAQE":"213","NR_PAS":"69/3","PRONARET":"SHTET","KUFIZIMET":"MHILL,NIKOLL,ZEF, MARK DEDA","ZK":"2859","EMRI_I_ZK":"PALAJ"}},
{"type":"Feature","geometry":{"type":"Polygon","coordinates":[[[19.76870710772367,42.227629539935926],[19.768713200373224,42.22751413118858],[19.76868082078503,42.2273673921666],[19.768697782192476,42.22722948297992],[19.76875029445374,42.22679614891295],[19.768765822434858,42.226762729421765],[19.768996466063136,42.22655135247149],[19.769136640073793,42.226443637418],[19.769260702705456,42.226386967453436],[19.76942396552521,42.22633505729808],[19.769659182735815,42.22625178325616],[19.76984775206699,42.22619716657329],[19.770062051721773,42.22615436942711],[19.770325268035876,42.22612349181436],[19.77047489341735,42.22612887438022],[19.77057965673037,42.22614268589174],[19.770772208906816,42.226164007573544],[19.77087250812919,42.226149406126105],[19.771051775203798,42.22606909856633],[19.771350478181798,42.225956081532935],[19.771514311863076,42.22591323505687],[19.77160302688433,42.22591568393633],[19.771740630142325,42.22593527196892],[19.77187810738002,42.22599007967906],[19.77199877829002,42.22603917317734],[19.772058363161264,42.22605974196584],[19.771944630774517,42.22612399291699],[19.771769514924415,42.22623131912044],[19.771756260287695,42.226261974197485],[19.771776719297833,42.22631640527232],[19.77176725018646,42.22633870007416],[19.771656262195858,42.22639426405896],[19.771560331317396,42.22644009560903],[19.771420950372878,42.22652657867401],[19.771255345926726,42.226626661085724],[19.771095364273247,42.22669647414672],[19.771021980678682,42.22673816594892],[19.770989866824568,42.226791097310134],[19.770974572914405,42.22686637627022],[19.770966804470127,42.226937486350174],[19.770947527699985,42.22707551513451],[19.770885218760377,42.22717022481248],[19.770785409127967,42.22724951841788],[19.77062923057703,42.22733846192786],[19.770510726739797,42.22736365727451],[19.770377440133384,42.227353628221096],[19.770147945692845,42.227322597683646],[19.77003156409207,42.22731120721171],[19.769952778571973,42.227288735593035],[19.769895874456896,42.22728646271495],[19.76985324113373,42.22729271982665],[19.76969342230608,42.22734957803908],[19.769590028358625,42.22738144673227],[19.769402133721595,42.22741314548792],[19.769231042222042,42.22747137528234],[19.769147971562255,42.22752187135434],[19.769064864611188,42.227596526069156],[19.768990803312033,42.227672112105914],[19.768982450344655,42.227709813742955],[19.768987433739213,42.22777694010529],[19.768971925088344,42.22788409966404],[19.76892372718174,42.227840514686335],[19.768902397259097,42.2277906103148],[19.768874201673174,42.22775056192095],[19.768808583556222,42.22768527408599],[19.768744582480476,42.22765146706919],[19.76870710772367,42.227629539935926]]]},"properties":{"SIPERFAQJA":27714,"VOL":"1","FAQE":"214","NR_PAS":"69/4","PRONARET":"SHTET","KUFIZIMET":"_","ZK":"2859","EMRI_I_ZK":"PALAJ"}},
{"type":"Feature","geometry":{"type":"Polygon","coordinates":[[[19.765451152556185,42.22672810148379],[19.765663649355723,42.22661304176733],[19.765834573199527,42.226543162694874],[19.76595027886325,42.226437200327844],[19.766082064325754,42.226348399228364],[19.766206710012558,42.226319534345265],[19.76643487884254,42.22636110830097],[19.76680568866992,42.22649718026437],[19.767000531123188,42.226522624265925],[19.76719826073091,42.2264902192138],[19.76729075045565,42.22649340021361],[19.767366410303936,42.22648599183572],[19.767440699582618,42.22645589592875],[19.767519470507615,42.22639340137983],[19.767658993326837,42.22629412096292],[19.76777407737048,42.226244662912045],[19.76792775962941,42.22621041803827],[19.768336491889997,42.22617424196571],[19.768569718392712,42.22616572633249],[19.768642980022683,42.22616893784743],[19.768696125008415,42.226177050038395],[19.768788321719633,42.22620562313619],[19.76885893264289,42.22620139606458],[19.76892917949009,42.22618030720292],[19.769099173701367,42.22610104452608],[19.7691560323328,42.2260930448461],[19.769251973244046,42.226098842515704],[19.769391715515212,42.22610917019736],[19.76954342107923,42.22613626607696],[19.769695364301477,42.22617540753169],[19.770001182165437,42.226101753555575],[19.770189712026937,42.22607527227842],[19.77045531686251,42.226051772234236],[19.77063224979633,42.226074037575486],[19.770810103617926,42.22610478631915],[19.77085580177292,42.226099929880284],[19.771039020704322,42.22603450822626],[19.771267345492152,42.22595009069923],[19.77142741171516,42.22589221972203],[19.771506970230394,42.22587080901011],[19.771641472489165,42.22587221197593],[19.77180949401237,42.22590319736119],[19.77196823968597,42.22596367967074],[19.772036869686477,42.22600581940182],[19.772093345705137,42.22602750084439],[19.772192705697442,42.22602542769894],[19.772249332760243,42.22600510604702],[19.772313516041407,42.22600076554392],[19.772408958121673,42.22604226014245],[19.7725228779171,42.22608190683225],[19.77256208808655,42.22610049107133],[19.772664786398682,42.226149166338274],[19.77279877186551,42.22623006207129],[19.77280815452408,42.22623572697836],[19.772943937986092,42.22630637964222],[19.772987978843705,42.22638593212581],[19.77300599192152,42.22647792079447],[19.773066901862098,42.226611096319246],[19.77299517463572,42.22664386553096],[19.772988748170203,42.22664809120036],[19.772972838173082,42.226600818226146],[19.77287118434741,42.226391642974285],[19.77278525994414,42.22629793588883],[19.772715556864554,42.22625301768978],[19.77254273772494,42.22614036934465],[19.77246328962202,42.22610309505012],[19.772312329221837,42.226033137583116],[19.772265448087715,42.22602949050378],[19.7722156314584,42.226043607638594],[19.772154325286387,42.226059123142505],[19.77196719387282,42.22614517066951],[19.771822139303467,42.22623239532499],[19.771810934360182,42.22624962645708],[19.771811248532703,42.226264733195634],[19.771835492606197,42.22630933278903],[19.771835874892442,42.22632675202422],[19.771823846590777,42.22634082938937],[19.771798081402743,42.22635582862778],[19.7716692270598,42.22642995031725],[19.771574870575865,42.22647502968134],[19.771444058342666,42.22654742329696],[19.77127695801403,42.22666007676323],[19.7711281898825,42.226736771911334],[19.77106888854305,42.22677213368228],[19.77104260276294,42.22681545902196],[19.771025463241514,42.22687437124336],[19.771008099362774,42.22695591041456],[19.770983006572454,42.227083071948705],[19.770959690355713,42.22713555348352],[19.77091547367997,42.2271857221238],[19.77080989485203,42.227269599087535],[19.770645857422533,42.22736301823322],[19.770514010728782,42.227391050432885],[19.77037234986761,42.227380391268134],[19.77014960282027,42.227357082285884],[19.77002984247199,42.22734536113622],[19.769945355667513,42.227334790419036],[19.769860773794775,42.227338176016374],[19.769708238230358,42.22737424984121],[19.76960109047292,42.227407275556615],[19.769413844785355,42.22743886483763],[19.769253107470572,42.227493570665274],[19.76911498455208,42.22760884531689],[19.769045446591644,42.22768842110361],[19.769039258395036,42.22772108659814],[19.769038999462037,42.22779212012613],[19.769017044285395,42.22791439099677],[19.768971925088344,42.22788409966404],[19.768987433739213,42.22777694010529],[19.768982450344655,42.227709813742955],[19.768990803312033,42.227672112105914],[19.769064864611188,42.227596526069156],[19.769147971562255,42.22752187135434],[19.769231042222042,42.22747137528234],[19.769402133721595,42.22741314548792],[19.769590028358625,42.22738144673227],[19.76969342230608,42.22734957803908],[19.76985324113373,42.22729271982665],[19.769895874456896,42.22728646271495],[19.769952778571973,42.227288735593035],[19.77003156409207,42.22731120721171],[19.770147945692845,42.227322597683646],[19.770377440133384,42.227353628221096],[19.770510726739797,42.22736365727451],[19.77062923057703,42.22733846192786],[19.770785409127967,42.22724951841788],[19.770885218760377,42.22717022481248],[19.770947527699985,42.22707551513451],[19.770966804470127,42.226937486350174],[19.770974572914405,42.22686637627022],[19.770989866824568,42.226791097310134],[19.771021980678682,42.22673816594892],[19.771095364273247,42.22669647414672],[19.771255345926726,42.226626661085724],[19.771420950372878,42.22652657867401],[19.771560331317396,42.22644009560903],[19.771656262195858,42.22639426405896],[19.77176725018646,42.22633870007416],[19.771776719297833,42.22631640527232],[19.771756260287695,42.226261974197485],[19.771769514924415,42.22623131912044],[19.771944630774517,42.22612399291699],[19.772058363161264,42.22605974196584],[19.77199877829002,42.22603917317734],[19.77187810738002,42.22599007967906],[19.771740630142325,42.22593527196892],[19.77160302688433,42.22591568393633],[19.771514311863076,42.22591323505687],[19.771350478181798,42.225956081532935],[19.771051775203798,42.22606909856633],[19.77087250812919,42.226149406126105],[19.770772208906816,42.226164007573544],[19.77057965673037,42.22614268589174],[19.77047489341735,42.22612887438022],[19.770325268035876,42.22612349181436],[19.770062051721773,42.22615436942711],[19.76984775206699,42.22619716657329],[19.769659182735815,42.22625178325616],[19.76942396552521,42.22633505729808],[19.769260702705456,42.226386967453436],[19.769136640073793,42.226443637418],[19.768996466063136,42.22655135247149],[19.768765822434858,42.226762729421765],[19.76875029445374,42.22679614891295],[19.768697782192476,42.22722948297992],[19.76868082078503,42.2273673921666],[19.768713200373224,42.22751413118858],[19.76870710772367,42.227629539935926],[19.768650222195983,42.22757427544336],[19.76862009608677,42.22751765078847],[19.7686060107063,42.227439664537464],[19.76855064549059,42.227420858159306],[19.76845876894223,42.22742030373264],[19.76834046720732,42.22738959538514],[19.768039207826387,42.22726498791719],[19.76792598234291,42.22725601957647],[19.767884733649826,42.22727341474975],[19.767852174237298,42.22732797001509],[19.767790096215027,42.22740977567402],[19.767657784376652,42.22751552271342],[19.767513784977382,42.227587945950695],[19.76760281491759,42.22748747244983],[19.76772663686943,42.2273981380936],[19.767777083066175,42.22734704855471],[19.767787385475046,42.227278814213165],[19.767779066817347,42.22719774397268],[19.767826688035438,42.227133851051185],[19.767931556624777,42.22712233174469],[19.768027636988236,42.22715772037102],[19.768107731316096,42.22724533439963],[19.768225266477483,42.22730422899102],[19.768394523536177,42.227355762546395],[19.768493589891378,42.227360228410774],[19.76855397861731,42.227339020315306],[19.768646386879624,42.22720056297419],[19.7686747806861,42.2270731893821],[19.76868010337748,42.22687359372892],[19.76869658808715,42.22676273484262],[19.768814298593345,42.226609428782986],[19.76904032304465,42.22643021029215],[19.76936703156026,42.22628585435867],[19.769615701756056,42.2261959361423],[19.769360949332402,42.22612765057453],[19.769188779884473,42.22611629050153],[19.769133550354617,42.22612023655641],[19.769098320789464,42.22612926146003],[19.769032774187394,42.22617247296538],[19.76896017192744,42.22620836754119],[19.768870563233598,42.226238558382256],[19.768811719932348,42.22624237218498],[19.76855356060661,42.22619483321084],[19.768308885189967,42.226200867524945],[19.76798644555307,42.22623938593388],[19.767775301356984,42.22629009706004],[19.767639567577866,42.226362207801266],[19.767526613954704,42.22644632046024],[19.76745317257964,42.226494463918236],[19.76735413831022,42.22652895195294],[19.76727904245303,42.22652879961969],[19.767190187276984,42.22653474087405],[19.767049771693426,42.22657734067119],[19.767021186962292,42.226631417700354],[19.766971851601078,42.22671799655865],[19.766931705430633,42.2268444665398],[19.76688706967491,42.22692238683194],[19.766833186409436,42.226976018314815],[19.76664290272695,42.22703868751227],[19.76677171303683,42.22696849052708],[19.766844940187763,42.22691115701855],[19.76688460383892,42.22684724746878],[19.766955416569704,42.22665216780796],[19.76693523296618,42.2265777444218],[19.766725743552406,42.226506800709984],[19.76643281217681,42.226397274461874],[19.766276124641454,42.22635812875229],[19.76619192055481,42.226352564563754],[19.766120678044462,42.2263761468665],[19.765980986187106,42.226453514780765],[19.765900867631625,42.22652129769257],[19.76584117043237,42.22656431651779],[19.765676806606674,42.22663731984823],[19.765545834821225,42.226712548400734],[19.765451152556185,42.22672810148379]]]},"properties":{"SIPERFAQJA":6913,"VOL":"1","FAQE":"215","NR_PAS":"69/5","PRONARET":"SHTET","KUFIZIMET":"_","ZK":"2859","EMRI_I_ZK":"PALAJ"}},
{"type":"Feature","geometry":{"type":"Polygon","coordinates":[[[19.76664290272695,42.22703868751227],[19.766833186409436,42.226976018314815],[19.76688706967491,42.22692238683194],[19.766931705430633,42.2268444665398],[19.766971851601078,42.22671799655865],[19.767021186962292,42.226631417700354],[19.767049771693426,42.22657734067119],[19.767190187276984,42.22653474087405],[19.76727904245303,42.22652879961969],[19.76735413831022,42.22652895195294],[19.76745317257964,42.226494463918236],[19.767526613954704,42.22644632046024],[19.767639567577866,42.226362207801266],[19.767775301356984,42.22629009706004],[19.76798644555307,42.22623938593388],[19.768308885189967,42.226200867524945],[19.76855356060661,42.22619483321084],[19.768811719932348,42.22624237218498],[19.768870563233598,42.226238558382256],[19.76896017192744,42.22620836754119],[19.769032774187394,42.22617247296538],[19.769098320789464,42.22612926146003],[19.769133550354617,42.22612023655641],[19.769188779884473,42.22611629050153],[19.769360949332402,42.22612765057453],[19.769615701756056,42.2261959361423],[19.76936703156026,42.22628585435867],[19.76904032304465,42.22643021029215],[19.768814298593345,42.226609428782986],[19.76869658808715,42.22676273484262],[19.76868010337748,42.22687359372892],[19.7686747806861,42.2270731893821],[19.768646386879624,42.22720056297419],[19.76855397861731,42.227339020315306],[19.768493589891378,42.227360228410774],[19.768394523536177,42.227355762546395],[19.768225266477483,42.22730422899102],[19.768107731316096,42.22724533439963],[19.768027636988236,42.22715772037102],[19.767931556624777,42.22712233174469],[19.767826688035438,42.227133851051185],[19.767779066817347,42.22719774397268],[19.767787385475046,42.227278814213165],[19.767777083066175,42.22734704855471],[19.76772663686943,42.2273981380936],[19.76760281491759,42.22748747244983],[19.767513784977382,42.227587945950695],[19.76721400773411,42.22773871517509],[19.767113792977117,42.227763363196445],[19.766985412466443,42.227507934696284],[19.76682702838393,42.227248948623775],[19.76664290272695,42.22703868751227]]]},"properties":{"SIPERFAQJA":19697,"VOL":"1","FAQE":"217","NR_PAS":"69/7","PRONARET":"SHTET","KUFIZIMET":"_","ZK":"2859","EMRI_I_ZK":"PALAJ"}},
{"type":"Feature","geometry":{"type":"Polygon","coordinates":[[[19.76834046720732,42.22738959538514],[19.76799140474945,42.22734772993094],[19.767657784376652,42.22751552271342],[19.767790096215027,42.22740977567402],[19.767852174237298,42.22732797001509],[19.767884733649826,42.22727341474975],[19.76792598234291,42.22725601957647],[19.768039207826387,42.22726498791719],[19.76834046720732,42.22738959538514]]]},"properties":{"SIPERFAQJA":365,"VOL":"1","FAQE":"216","NR_PAS":"69/6","PRONARET":"SHTET","KUFIZIMET":"_","ZK":"2859","EMRI_I_ZK":"PALAJ"}},
{"type":"Feature","geometry":{"type":"Polygon","coordinates":[[[19.766345906094454,42.22784835583604],[19.76634496463958,42.22784598985807],[19.766185837521164,42.227446083543846],[19.76609790158015,42.227150790596234],[19.766325689445186,42.227127086124796],[19.76664290272695,42.22703868751227],[19.76682702838393,42.227248948623775],[19.766985412466443,42.227507934696284],[19.767113792977117,42.227763363196445],[19.76689319027542,42.22781762049847],[19.76676435880514,42.22782941481662],[19.76661786195449,42.22783772412524],[19.766484662348883,42.22784616726133],[19.766345906094454,42.22784835583604]]]},"properties":{"SIPERFAQJA":4917,"VOL":"1","FAQE":"218","NR_PAS":"69/8","PRONARET":"SHTET","KUFIZIMET":"KOL,PRELË,NIK,FRAN,KRISTJAN MARK KESHTËJA.GJERGJ HIL KESHTËJA,SANDËR,BENARD GJER","ZK":"2859","EMRI_I_ZK":"PALAJ"}},
{"type":"Feature","geometry":{"type":"Polygon","coordinates":[[[19.765451152556185,42.22672810148379],[19.765545834821225,42.226712548400734],[19.765676806606674,42.22663731984823],[19.76584117043237,42.22656431651779],[19.765900867631625,42.22652129769257],[19.765980986187106,42.226453514780765],[19.766120678044462,42.2263761468665],[19.76619192055481,42.226352564563754],[19.766276124641454,42.22635812875229],[19.76643281217681,42.226397274461874],[19.766725743552406,42.226506800709984],[19.76693523296618,42.2265777444218],[19.766955416569704,42.22665216780796],[19.76688460383892,42.22684724746878],[19.766844940187763,42.22691115701855],[19.76677171303683,42.22696849052708],[19.76664290272695,42.22703868751227],[19.766325689445186,42.227127086124796],[19.76609790158015,42.227150790596234],[19.766185837521164,42.227446083543846],[19.76634496463958,42.22784598985807],[19.766345906094454,42.22784835583604],[19.76623626089835,42.227850085128985],[19.76610317726543,42.227851948293086],[19.766020465695597,42.22784826246518],[19.766005705125078,42.22784760469209],[19.765899496436994,42.22783658622335],[19.76576237765598,42.22781863623628],[19.765642667478982,42.22781734789619],[19.765531137109,42.22782235716404],[19.76546513187902,42.22782532166721],[19.765286696345857,42.22788195260842],[19.765208380502532,42.22790589313794],[19.765097139525647,42.22790882752604],[19.76498892937695,42.227897336541915],[19.764875506873558,42.22786926986427],[19.76475154690131,42.227810112222315],[19.76461386992046,42.22774254246198],[19.764512076413347,42.227687755443405],[19.764413177280353,42.227626796842685],[19.7643422040365,42.22755995436469],[19.764301636141543,42.2275016946728],[19.76429180776096,42.2274355019412],[19.764291324383745,42.22731621453732],[19.764271579260626,42.22730308272147],[19.764299052339773,42.22726344436629],[19.76430565707434,42.227211054618024],[19.764259412030132,42.22715021937375],[19.764214658721965,42.22711916179066],[19.764086666940287,42.2270641133339],[19.763997036450192,42.22703534532795],[19.76397630670435,42.22700791003009],[19.76397641157929,42.22696265283158],[19.763997692980418,42.22685908095861],[19.76402672319711,42.2268091193293],[19.764082954903124,42.226769932502656],[19.7641519528403,42.226745063713295],[19.764254601899495,42.22672026404742],[19.764414987296526,42.22668248205273],[19.7646063061371,42.22664297684051],[19.764788519603364,42.226595711237664],[19.76484045654834,42.226587083253044],[19.764894256723323,42.226617363160464],[19.76494399811369,42.22666324725514],[19.764804220857968,42.22667517507423],[19.764883387788117,42.22682341297383],[19.76511361546245,42.226893415771734],[19.765228920449,42.22689445297853],[19.765306108926293,42.2268577566606],[19.765451152556185,42.22672810148379]],[[19.765118226752204,42.22778238753051],[19.765176338276934,42.22781813525564],[19.765212464047362,42.227809919785486],[19.76535188802432,42.22776010757692],[19.765420697658037,42.22771050309771],[19.765431122585323,42.22760730354121],[19.765403639958276,42.227519089110665],[19.765381498159815,42.22744801762352],[19.76534972078599,42.227365967489405],[19.765319799994852,42.22728871090543],[19.76503240271325,42.227155054533206],[19.764764352790667,42.227220417453466],[19.764696948936077,42.227342154509074],[19.76467474181712,42.22746274086977],[19.764727891839804,42.22757353276876],[19.764776261222,42.22761964619218],[19.764918238407205,42.227699529323964],[19.765118226752204,42.22778238753051]]]},"properties":{"SIPERFAQJA":21665,"VOL":"1","FAQE":"219","NR_PAS":"69/9","PRONARET":"SHTET","KUFIZIMET":"_","ZK":"2859","EMRI_I_ZK":"PALAJ"}},
{"type":"Feature","geometry":{"type":"Polygon","coordinates":[[[19.765118226752204,42.22778238753051],[19.764918238407205,42.227699529323964],[19.764776261222,42.22761964619218],[19.764727891839804,42.22757353276876],[19.76467474181712,42.22746274086977],[19.764696948936077,42.227342154509074],[19.764764352790667,42.227220417453466],[19.76503240271325,42.227155054533206],[19.765319799994852,42.22728871090543],[19.76534972078599,42.227365967489405],[19.765381498159815,42.22744801762352],[19.765403639958276,42.227519089110665],[19.765431122585323,42.22760730354121],[19.765420697658037,42.22771050309771],[19.76535188802432,42.22776010757692],[19.765212464047362,42.227809919785486],[19.765176338276934,42.22781813525564],[19.765118226752204,42.22778238753051]]]},"properties":{"SIPERFAQJA":3211,"VOL":"1","FAQE":"208","NR_PAS":"69/10","PRONARET":"SHTET","KUFIZIMET":"KOL,PRELË,NIK,FRAN,KRISTJAN MARK KESHTËJA.GJERGJ HIL KESHTËJA,SANDËR,BENARD GJER","ZK":"2859","EMRI_I_ZK":"PALAJ"}},
{"type":"Feature","geometry":{"type":"Polygon","coordinates":[[[19.765451152556185,42.22672810148379],[19.765306108926293,42.2268577566606],[19.765228920449,42.22689445297853],[19.76511361546245,42.226893415771734],[19.764883387788117,42.22682341297383],[19.764804220857968,42.22667517507423],[19.76494399811369,42.22666324725514],[19.764981040951962,42.22666008619456],[19.765220170975567,42.22666572642045],[19.765451152556185,42.22672810148379]]]},"properties":{"SIPERFAQJA":964,"VOL":"1","FAQE":"209","NR_PAS":"69/11","PRONARET":"SHTET","KUFIZIMET":"GJERGJ,TOME,LEKË,VIKTOR,SOKOL,FRAN(PRELE), CEZMA, MARK GJETO CEZMA","ZK":"2859","EMRI_I_ZK":"PALAJ"}},
{"type":"Feature","geometry":{"type":"Polygon","coordinates":[[[19.755239851668566,42.229671457482986],[19.755540897998415,42.22931210685846],[19.75578337085013,42.22912931470415],[19.7561997007657,42.228940350484145],[19.756798333012302,42.228770924748055],[19.757114615227938,42.22873513820039],[19.757335455675953,42.22869025051791],[19.757598093235174,42.22858135783085],[19.758146619777122,42.228253722734976],[19.75825364342428,42.22817122199501],[19.758323912664334,42.228109920058564],[19.75845968320746,42.228043925714545],[19.75862396087977,42.22800792077235],[19.758787909012156,42.22798810739415],[19.758980828223844,42.227973999728704],[19.759104706633664,42.227959144757705],[19.759232522920094,42.22792814589065],[19.759383007146415,42.22785421644613],[19.759504560821895,42.22777187170199],[19.75961642135734,42.227685947056735],[19.759700863425888,42.22764368464248],[19.75981413459832,42.22761251882171],[19.759959664066812,42.22760599923108],[19.76012697979322,42.2275997149842],[19.76036392880428,42.22756449315219],[19.760506235236548,42.227536350207174],[19.760623532542276,42.227486340002145],[19.760852660734397,42.22738275822319],[19.76090323416354,42.22735970529865],[19.761179189805986,42.227312260543684],[19.76198101961053,42.22715314426384],[19.762088131242834,42.22713620858695],[19.76220040982487,42.227107857780375],[19.762293387468013,42.22709852262048],[19.76234782597178,42.22711054526673],[19.76242772055948,42.22717145097928],[19.762514025099595,42.22723236990684],[19.762586014846708,42.22726467551324],[19.76268694692722,42.22727083929695],[19.762778326748297,42.22726030945413],[19.762893827971403,42.22722720069588],[19.76298683687554,42.22720952814703],[19.763100610768213,42.22720976317805],[19.763249571793473,42.227227935495115],[19.763347263396724,42.22724361988574],[19.76340016648619,42.22723777409669],[19.7634900148234,42.22720818477523],[19.763658374167438,42.227181139144385],[19.763791377397375,42.22718141310902],[19.763922693868928,42.22720431215425],[19.764029880545383,42.22725217208756],[19.76404219661803,42.22726004301546],[19.763935523723564,42.227264757574474],[19.76323360338822,42.227381423971174],[19.762527271001918,42.227525396838836],[19.76242637170486,42.22755329592811],[19.76236162523031,42.22758572618692],[19.76225446730248,42.22764876608438],[19.762139600640058,42.22767857573631],[19.762047271380617,42.227696214195426],[19.76195502280737,42.227709721336275],[19.76178764266255,42.22771619660615],[19.761687483224133,42.227706832976644],[19.761623221823978,42.227714421351216],[19.761561260140653,42.2277468812252],[19.761518455899846,42.227798182968144],[19.761307461097907,42.22798101224115],[19.761208941120724,42.22802964153586],[19.761107647731308,42.22807824078611],[19.761026297164097,42.22810427924728],[19.760930979168673,42.228132237308536],[19.760748779876636,42.228184112240164],[19.760645133898958,42.22820990951718],[19.76027928160022,42.22835136263332],[19.76002038087435,42.22847693836624],[19.759927227143702,42.228535986362886],[19.759842320129174,42.22860132612924],[19.759715903589903,42.228651723031774],[19.759617867772096,42.22867550948765],[19.759545289510147,42.22868093618607],[19.75945340403988,42.228675801209654],[19.759378810656607,42.22864186540266],[19.759186066996016,42.22860052968745],[19.75908840813799,42.22860568474645],[19.75897067145831,42.22863961927869],[19.758683369515627,42.228771609459116],[19.7586689151716,42.22879837026623],[19.75867083660207,42.22884187277967],[19.758684045393682,42.22887929478978],[19.758688735899234,42.22892489783109],[19.758659843474625,42.22897634906134],[19.758603380858283,42.22901300795889],[19.758524651226605,42.22904735523639],[19.758440646802324,42.22906715145223],[19.758342975067933,42.229072305734654],[19.75822038480913,42.229068907900825],[19.758100795008534,42.229055189637414],[19.75799514443042,42.22904162220396],[19.757900420481,42.229038525800945],[19.757825178047995,42.22903771088168],[19.75749796756013,42.22919645314316],[19.757159799244274,42.22938328031227],[19.756953782734232,42.229511501713816],[19.75684047659453,42.22956827620501],[19.756741476039043,42.22950777804256],[19.75662591063202,42.22944637101336],[19.756536188557643,42.229411819224524],[19.756468735335723,42.229394298344545],[19.756397256466542,42.22938932816486],[19.756319667238976,42.22940807608448],[19.75623882773194,42.22949673753788],[19.7561024397847,42.229668537015975],[19.756067854897882,42.22973771462959],[19.755987711958436,42.22981985669742],[19.755896451618554,42.22985251782217],[19.75579086230291,42.22984688915916],[19.755700747294316,42.22982123585243],[19.755355546779995,42.22971203570481],[19.755239851668566,42.229671457482986]]]},"properties":{"SIPERFAQJA":47848,"VOL":"1","FAQE":"210","NR_PAS":"69/12","PRONARET":"SHTET","KUFIZIMET":"_","ZK":"2859","EMRI_I_ZK":"PALAJ"}},
{"type":"Feature","geometry":{"type":"Polygon","coordinates":[[[19.764129081415227,42.227256202945476],[19.76404219661803,42.22726004301546],[19.764029880545383,42.22725217208756],[19.763922693868928,42.22720431215425],[19.763791377397375,42.22718141310902],[19.763658374167438,42.227181139144385],[19.7634900148234,42.22720818477523],[19.76340016648619,42.22723777409669],[19.763347263396724,42.22724361988574],[19.763249571793473,42.227227935495115],[19.763100610768213,42.22720976317805],[19.76298683687554,42.22720952814703],[19.762893827971403,42.22722720069588],[19.762778326748297,42.22726030945413],[19.76268694692722,42.22727083929695],[19.762586014846708,42.22726467551324],[19.762514025099595,42.22723236990684],[19.76242772055948,42.22717145097928],[19.76234782597178,42.22711054526673],[19.762293387468013,42.22709852262048],[19.76220040982487,42.227107857780375],[19.762088131242834,42.22713620858695],[19.76198101961053,42.22715314426384],[19.761179189805986,42.227312260543684],[19.76090323416354,42.22735970529865],[19.761003024258628,42.2273142177889],[19.761062453770656,42.227286128898314],[19.761164548900787,42.22726857570862],[19.761966897118935,42.227109356549164],[19.76207203272408,42.22709273330938],[19.762186484809597,42.22706383368049],[19.762298169952647,42.22705262024272],[19.762380187707645,42.2270707337151],[19.762470273186178,42.227139408186304],[19.762550962391643,42.22719636345095],[19.76260514680403,42.22722067885944],[19.762684756827998,42.227225540531805],[19.762762610089855,42.22721656937573],[19.76287536606156,42.22718424754843],[19.762979300343936,42.22716449907552],[19.763105631969506,42.22716476004932],[19.76326087798192,42.22718369909752],[19.763349268532412,42.227197890208416],[19.763383137839384,42.227194147651026],[19.763471153274335,42.22716516194672],[19.763651986495546,42.22713611248376],[19.763798470129373,42.2271364142153],[19.763945757758005,42.22716209831768],[19.764065473543337,42.22721555261632],[19.764129081415227,42.227256202945476]]]},"properties":{"SIPERFAQJA":1358,"VOL":"1","FAQE":"211","NR_PAS":"69/13","PRONARET":"SHTET","KUFIZIMET":"_","ZK":"2859","EMRI_I_ZK":"PALAJ"}},
{"type":"Feature","geometry":{"type":"Polygon","coordinates":[[[19.770001182165437,42.226101753555575],[19.769695364301477,42.22617540753169],[19.76954342107923,42.22613626607696],[19.769391715515212,42.22610917019736],[19.769251973244046,42.226098842515704],[19.7691560323328,42.2260930448461],[19.769099173701367,42.22610104452608],[19.76892917949009,42.22618030720292],[19.76885893264289,42.22620139606458],[19.768788321719633,42.22620562313619],[19.768696125008415,42.226177050038395],[19.768642980022683,42.22616893784743],[19.768569718392712,42.22616572633249],[19.768336491889997,42.22617424196571],[19.76792775962941,42.22621041803827],[19.76777407737048,42.226244662912045],[19.767658993326837,42.22629412096292],[19.767519470507615,42.22639340137983],[19.767440699582618,42.22645589592875],[19.767366410303936,42.22648599183572],[19.76729075045565,42.22649340021361],[19.76719826073091,42.2264902192138],[19.767000531123188,42.226522624265925],[19.76680568866992,42.22649718026437],[19.76643487884254,42.22636110830097],[19.766206710012558,42.226319534345265],[19.766082064325754,42.226348399228364],[19.76595027886325,42.226437200327844],[19.765834573199527,42.226543162694874],[19.765663649355723,42.22661304176733],[19.765451152556185,42.22672810148379],[19.765220170975567,42.22666572642045],[19.764981040951962,42.22666008619456],[19.764924490832115,42.2265731230681],[19.764950525621224,42.226466464191724],[19.764955964420697,42.22638263001275],[19.76492285306704,42.226323489317174],[19.76485631232193,42.22629095814546],[19.764810268543588,42.22626228011436],[19.76477967174941,42.226216483561295],[19.76477508288788,42.226157639503995],[19.764806517811664,42.2259776270629],[19.764801348559185,42.225816118922104],[19.764805364106124,42.22577039333773],[19.764824693844524,42.22574327851537],[19.76486903179445,42.2257133565917],[19.76491330077232,42.225702013873274],[19.764997849783683,42.22571790812236],[19.76506882200187,42.225765216503355],[19.765109118040165,42.22578816593604],[19.765160993863052,42.22579970560792],[19.76520140116962,42.22579264241777],[19.765278512904857,42.22573992050852],[19.76537875214789,42.22567295403592],[19.765544528105266,42.225563245991864],[19.765695655990697,42.2254899306532],[19.766156705573092,42.22554989039023],[19.76639827616819,42.225604730649074],[19.766606844423993,42.225652078381245],[19.766757173731307,42.225701063691325],[19.76694505811121,42.225758314049614],[19.767017632716552,42.22576503980586],[19.767064551271424,42.2257594692425],[19.767158326687102,42.22574833538015],[19.767313833116518,42.22567203520529],[19.76741271197183,42.22558227493586],[19.76745356074097,42.22567885389786],[19.7674929389672,42.22571533560927],[19.767520702234403,42.22573483846059],[19.7675802857653,42.22574210511425],[19.76762546759851,42.225732882153885],[19.76765085011167,42.225710450078004],[19.767683644109447,42.225681932863495],[19.767852116133685,42.225716294093736],[19.76813249722313,42.22515249545544],[19.768175574602584,42.2252037948787],[19.768229729455587,42.22529322818774],[19.768255110888358,42.225363547582425],[19.76824362835297,42.2254361744655],[19.768150144150287,42.22558485866539],[19.76811458606971,42.22566815573161],[19.76811132546073,42.225697350738386],[19.76813040534521,42.2257241639999],[19.768175155239977,42.225756411041175],[19.768216791839688,42.22576364109159],[19.76826647100511,42.22576255048086],[19.768322642557745,42.225738844248994],[19.768359667847175,42.22569247061392],[19.768767011626775,42.225673580085655],[19.768889020001218,42.22567320213821],[19.768877226596672,42.2257061226234],[19.76915566110931,42.225856667348786],[19.769245595539374,42.225842109993344],[19.76938002265044,42.22579036262245],[19.76943044904956,42.22572630917254],[19.76943414976471,42.22567169824401],[19.769715644671088,42.225548623006155],[19.769942255079485,42.225698548768044],[19.769897803858363,42.225739853434604],[19.769823189012,42.22582355245723],[19.769814417674073,42.22587766517958],[19.769839130737438,42.22595455093349],[19.769887919522727,42.2259893640914],[19.770001182165437,42.226101753555575]]]},"properties":{"SIPERFAQJA":32471,"VOL":"1","FAQE":"220","NR_PAS":"70/1","PRONARET":"SHTET","KUFIZIMET":"_","ZK":"2859","EMRI_I_ZK":"PALAJ"}},
{"type":"Feature","geometry":{"type":"Polygon","coordinates":[[[19.76813249722313,42.22515249545544],[19.767852116133685,42.225716294093736],[19.767683644109447,42.225681932863495],[19.76769533341694,42.2256405102631],[19.7676859757057,42.225570461398966],[19.767720765849706,42.22552193966918],[19.7678132634977,42.2254678180257],[19.76791923688762,42.22540943602682],[19.767982875251473,42.225359543397836],[19.76799072900416,42.22531525464272],[19.767952538278674,42.22524228911007],[19.76788356589066,42.22517354882523],[19.767762686481237,42.22510184505395],[19.76772626185692,42.22507175847984],[19.767724326787437,42.22505830142099],[19.767737893398763,42.225046056755964],[19.767760075307507,42.22503897440772],[19.767780228052526,42.22503756737665],[19.76789085799458,42.2250638738618],[19.76801888394879,42.225109390281624],[19.76813249722313,42.22515249545544]]]},"properties":{"SIPERFAQJA":1009,"VOL":"1","FAQE":"225","NR_PAS":"70/2","PRONARET":"SHTET","KUFIZIMET":"FRROK NIK BOTA","ZK":"2859","EMRI_I_ZK":"PALAJ"}},
{"type":"Feature","geometry":{"type":"Polygon","coordinates":[[[19.767317646673803,42.225127862783],[19.76767577804184,42.22509735459264],[19.76772100569629,42.22513471245292],[19.767839684449015,42.225205110865666],[19.76789907538037,42.225264301982364],[19.767928655581915,42.225320816724945],[19.767925399702964,42.22533917712771],[19.767878923614138,42.22537561446616],[19.76777649237996,42.225432045027596],[19.767673303396148,42.225492422288724],[19.767623894812168,42.22556133223616],[19.76763414427966,42.22563805707638],[19.767627547767454,42.225661432610366],[19.767611783973262,42.22567514058208],[19.767581892393167,42.2256876501131],[19.7675665669841,42.2256857810675],[19.767556469988442,42.22567622190606],[19.767533994190845,42.22564145696106],[19.767512067267877,42.225558800622316],[19.76738260314913,42.22525522206616],[19.767317646673803,42.225127862783]]]},"properties":{"SIPERFAQJA":1687,"VOL":"1","FAQE":"226","NR_PAS":"70/3","PRONARET":"SHTET","KUFIZIMET":"FRROK NIK BOTA","ZK":"2859","EMRI_I_ZK":"PALAJ"}},
{"type":"Feature","geometry":{"type":"Polygon","coordinates":[[[19.767064551271424,42.2257594692425],[19.76723454542841,42.22539814045311],[19.767347631837612,42.22539255443481],[19.76741271197183,42.22558227493586],[19.767313833116518,42.22567203520529],[19.767158326687102,42.22574833538015],[19.767064551271424,42.2257594692425]]]},"properties":{"SIPERFAQJA":627,"VOL":"1","FAQE":"227","NR_PAS":"70/4","PRONARET":"SHTET","KUFIZIMET":"_","ZK":"2859","EMRI_I_ZK":"PALAJ"}},
{"type":"Feature","geometry":{"type":"Polygon","coordinates":[[[19.766895477324326,42.22541488839298],[19.766909114766378,42.2254142148043],[19.766955907444476,42.22541190357994],[19.766976796499137,42.22541087180342],[19.76723454542841,42.22539814045311],[19.767064551271424,42.2257594692425],[19.767017632716552,42.22576503980586],[19.76694505811121,42.225758314049614],[19.766757173731307,42.225701063691325],[19.766606844423993,42.225652078381245],[19.76639827616819,42.225604730649074],[19.766361836051296,42.225441245037054],[19.766895477324326,42.22541488839298]]]},"properties":{"SIPERFAQJA":1945,"VOL":"1","FAQE":"228","NR_PAS":"70/5","PRONARET":"SHTET","KUFIZIMET":"TOM NIK BOTA","ZK":"2859","EMRI_I_ZK":"PALAJ"}},
{"type":"Feature","geometry":{"type":"Polygon","coordinates":[[[19.766895477324326,42.22541488839298],[19.766361836051296,42.225441245037054],[19.766276616555995,42.22512615901493],[19.766228094095297,42.22494675322963],[19.76642952081296,42.22483069012898],[19.76652052249002,42.22483468654629],[19.766728079935834,42.2248655980479],[19.766953444202144,42.224934656874275],[19.767135076789348,42.22504364358303],[19.767244901588246,42.22515820104528],[19.767308887943525,42.22527960833704],[19.767347631837612,42.22539255443481],[19.76723454542841,42.22539814045311],[19.766976796499137,42.22541087180342],[19.766955907444476,42.22541190357994],[19.766909114766378,42.2254142148043],[19.766895477324326,42.22541488839298]]]},"properties":{"SIPERFAQJA":4512,"VOL":"1","FAQE":"229","NR_PAS":"70/6","PRONARET":"SHTET","KUFIZIMET":"FRROK NIK BOTA","ZK":"2859","EMRI_I_ZK":"PALAJ"}},
{"type":"Feature","geometry":{"type":"Polygon","coordinates":[[[19.76649547409338,42.22478849467594],[19.766655658257836,42.22468488697204],[19.76674709092954,42.22462579390991],[19.766819824754972,42.224613238839154],[19.766889586726272,42.224633493316375],[19.766966381616157,42.22467916755454],[19.766989026006648,42.22472261446834],[19.767008679686064,42.224804163383084],[19.76701919887972,42.22491317434711],[19.76698465126956,42.224895530728126],[19.766745735923095,42.22482231942882],[19.766528295378713,42.224789936041425],[19.76649547409338,42.22478849467594]]]},"properties":{"SIPERFAQJA":742,"VOL":"1","FAQE":"221","NR_PAS":"70/10","PRONARET":"SHTET","KUFIZIMET":"FRROK NIK BOTA","ZK":"2859","EMRI_I_ZK":"PALAJ"}},
{"type":"Feature","geometry":{"type":"Polygon","coordinates":[[[19.766228094095297,42.22494675322963],[19.766276616555995,42.22512615901493],[19.766361836051296,42.225441245037054],[19.76639827616819,42.225604730649074],[19.766156705573092,42.22554989039023],[19.765695655990697,42.2254899306532],[19.76572592691873,42.225475245540245],[19.76590564978719,42.2254070117298],[19.76609562060969,42.22534070411028],[19.766152116591613,42.22531604681339],[19.76618304442778,42.22527228161419],[19.766185826241788,42.22521321443016],[19.7661579756289,42.22511787885828],[19.766124906006436,42.22504730512546],[19.76607879500116,42.22500754072089],[19.766228094095297,42.22494675322963]]]},"properties":{"SIPERFAQJA":1403,"VOL":"1","FAQE":"230","NR_PAS":"70/7","PRONARET":"SHTET","KUFIZIMET":"TOM NIK BOTA","ZK":"2859","EMRI_I_ZK":"PALAJ"}},
{"type":"Feature","geometry":{"type":"Polygon","coordinates":[[[19.76567582644357,42.225445797027184],[19.765642365614198,42.22537130956983],[19.765655986794098,42.22529630003202],[19.765730738575147,42.22518601990849],[19.765802520758964,42.22510546549522],[19.766015884109322,42.225033154950886],[19.766053924488567,42.22507687736576],[19.766099572017698,42.22513010166233],[19.7661125960223,42.22522508191225],[19.766110583986944,42.225260361847674],[19.766094121633085,42.22528365727349],[19.766056215408643,42.22529994367877],[19.765878995103566,42.22536658540666],[19.765695514824706,42.225436245747225],[19.76567582644357,42.225445797027184]]]},"properties":{"SIPERFAQJA":1047,"VOL":"1","FAQE":"231","NR_PAS":"70/8","PRONARET":"SHTET","KUFIZIMET":"TOM NIK BOTA","ZK":"2859","EMRI_I_ZK":"PALAJ"}},
{"type":"Feature","geometry":{"type":"Polygon","coordinates":[[[19.765943370605864,42.22355143420295],[19.765929306146457,42.22360211167876],[19.765884208087794,42.22364521405523],[19.76585204531686,42.223675953510195],[19.765885663352073,42.223728333573796],[19.765975728520782,42.22367746948797],[19.766044498656395,42.22366648403689],[19.766152843493373,42.22367652178913],[19.766247874293988,42.22371271089075],[19.766345427562612,42.223781627799625],[19.766455404733257,42.22382700992625],[19.76671711529936,42.22388726599669],[19.766918645547957,42.22395639382993],[19.767061174790012,42.2240155850685],[19.767186429400105,42.224032369239175],[19.767525583368755,42.224294279419084],[19.767635464199273,42.224366140113446],[19.767513682229573,42.22446555128635],[19.76766725911543,42.22455083449277],[19.76780511390565,42.22468853686684],[19.767854370033938,42.224731647105784],[19.767888269287653,42.224727519518694],[19.767915159241912,42.22470974012903],[19.767965484748835,42.224643326296224],[19.768126145008374,42.22461682390157],[19.768132346673408,42.2246305319307],[19.7681426975738,42.2247271629336],[19.768155840587948,42.224808535390004],[19.768210393000906,42.224859945215314],[19.76830044990077,42.22489824729703],[19.76836138633089,42.224928296979435],[19.768379712731267,42.22495343114941],[19.768422063761324,42.22506419247485],[19.768428940271466,42.22515867583593],[19.76841192990774,42.22522771211427],[19.768401858474792,42.22529772712387],[19.768443144603985,42.22537375375939],[19.768454560740334,42.22542748010432],[19.76844180448318,42.225475147167494],[19.76843209514739,42.225490909437184],[19.768348779452033,42.22556411225013],[19.768301303206513,42.22562509562319],[19.768280152463948,42.22567285196934],[19.768270231627742,42.225697892891745],[19.768253931521635,42.225704880326454],[19.76822717352023,42.22570546774736],[19.768196418153934,42.22569776927422],[19.768192104016634,42.225678605182345],[19.768202958678348,42.22564760558838],[19.768209425890543,42.22560858987041],[19.768302636636612,42.22544864652153],[19.768316616331013,42.2253602246085],[19.768286959964875,42.225278061704806],[19.768229121137125,42.225182544683136],[19.76817498585996,42.22511807682848],[19.768045723003347,42.22506903418237],[19.767913256380815,42.22502193899849],[19.76778168366704,42.22499065256432],[19.767695593915967,42.22499307726007],[19.767648032098585,42.22501702177439],[19.767636690926413,42.22504969426228],[19.76765758245362,42.225082325092615],[19.76767577804184,42.22509735459264],[19.767317646673803,42.225127862783],[19.767274912664693,42.2250672154642],[19.76720068264538,42.2250058585851],[19.76701919887972,42.22491317434711],[19.767008679686064,42.224804163383084],[19.766989026006648,42.22472261446834],[19.766966381616157,42.22467916755454],[19.766889586726272,42.224633493316375],[19.766819824754972,42.224613238839154],[19.76674709092954,42.22462579390991],[19.766655658257836,42.22468488697204],[19.76649547409338,42.22478849467594],[19.766336807055552,42.22478152658912],[19.76596162291331,42.22480338712989],[19.765887519513072,42.224832951230795],[19.76586978201853,42.22485975454431],[19.765911509433504,42.224922490134375],[19.765977843782498,42.22498943252318],[19.766015884109322,42.225033154950886],[19.765802520758964,42.22510546549522],[19.765730738575147,42.22518601990849],[19.765655986794098,42.22529630003202],[19.765642365614198,42.22537130956983],[19.76567582644357,42.225445797027184],[19.765507634403384,42.22552739054195],[19.765338371408017,42.2256394062157],[19.765237766939045,42.22570661665526],[19.76517208209385,42.22575152589834],[19.765162868538532,42.225753136426185],[19.765137131998557,42.22574741138463],[19.765107516358434,42.225730544664636],[19.765027172919314,42.225676989663086],[19.764938628665337,42.22564184784073],[19.764890032702542,42.22564776098071],[19.764837530484176,42.22567381488911],[19.764776137914186,42.22571524628275],[19.76474577397191,42.2257578393014],[19.76474073778739,42.22581518641048],[19.764745860704295,42.22597525163441],[19.764699917597174,42.22615263644921],[19.76469548432348,42.22620444950333],[19.764706598433822,42.22624345087687],[19.764740462970384,42.22628151805951],[19.764820099370624,42.22632713263992],[19.76487406595227,42.22635351643103],[19.76489481425474,42.22639057534789],[19.76489022324022,42.22646134063839],[19.764837653599542,42.22651716203123],[19.76477187955186,42.226552351496274],[19.76458820231155,42.22659999679948],[19.764397725980253,42.22663932803866],[19.76423609059869,42.226677404490964],[19.764129271076573,42.226703211723006],[19.764048244424373,42.226732415991854],[19.76397611306944,42.22678268296253],[19.763939937442988,42.226844941907856],[19.763903428832087,42.22696149624236],[19.76391852598817,42.22702336916972],[19.763954244833478,42.22707064221049],[19.764059400436526,42.22710439320995],[19.76417836038495,42.227155557145224],[19.76421126549456,42.227178392410565],[19.764243584456796,42.22722090797894],[19.76423984449533,42.2272505736895],[19.764224280320093,42.227273029766195],[19.764161511756473,42.22725476959626],[19.764129081415227,42.227256202945476],[19.764065473543337,42.22721555261632],[19.763945757758005,42.22716209831768],[19.763798470129373,42.2271364142153],[19.763651986495546,42.22713611248376],[19.763471153274335,42.22716516194672],[19.763383137839384,42.227194147651026],[19.763349268532412,42.227197890208416],[19.76326087798192,42.22718369909752],[19.763105631969506,42.22716476004932],[19.762979300343936,42.22716449907552],[19.76287536606156,42.22718424754843],[19.762762610089855,42.22721656937573],[19.762684756827998,42.227225540531805],[19.76260514680403,42.22722067885944],[19.762550962391643,42.22719636345095],[19.762470273186178,42.227139408186304],[19.762380187707645,42.2270707337151],[19.762298169952647,42.22705262024272],[19.762186484809597,42.22706383368049],[19.76207203272408,42.22709273330938],[19.761966897118935,42.227109356549164],[19.761164548900787,42.22726857570862],[19.761062453770656,42.227286128898314],[19.76113141883734,42.22725353303285],[19.761274422188574,42.2271903141923],[19.761502496342064,42.22709221120204],[19.761645645197373,42.227020891279714],[19.76182477902629,42.22696885577468],[19.761967558056128,42.22691642755498],[19.762063610565157,42.22683650552135],[19.76213808768131,42.2267455566262],[19.762265125770366,42.22656881462183],[19.76242997154919,42.22636390673056],[19.762537408038792,42.22625981857057],[19.762706892654304,42.22614290506923],[19.76294136076933,42.22604828908865],[19.763306546402468,42.2259604746826],[19.763572340833193,42.2259363511435],[19.763732871927214,42.22590569991705],[19.76390113049401,42.22585084318917],[19.764066031116336,42.22578245538098],[19.764176889767196,42.225710136118416],[19.76422518287977,42.225656686903356],[19.764233501451006,42.22560279795032],[19.764220127445594,42.22554328280337],[19.764191286189906,42.22551542459118],[19.764150882571204,42.22548110406805],[19.76411725520725,42.22545023246337],[19.764113284650207,42.22541968943488],[19.764111966291114,42.22537053995021],[19.764133318660054,42.225328404591195],[19.764161723359162,42.22527618147371],[19.7641853763456,42.22523407989693],[19.76423639757248,42.22519226420457],[19.764343158372874,42.22512008066611],[19.764426257114,42.225071831651796],[19.764518143873936,42.22504062882709],[19.76456894551684,42.22501067582644],[19.764597283721542,42.224961836795856],[19.76461223501425,42.22489761244028],[19.764625029865634,42.224826577018945],[19.764688618331082,42.224621619342095],[19.764703503460446,42.2245607791732],[19.76476274015573,42.22435038211473],[19.765005981474403,42.22390646284324],[19.765121793730334,42.22368086968448],[19.765137882330222,42.223690785315206],[19.765232545568917,42.223707352438396],[19.76539026692453,42.223687297162776],[19.765493458038286,42.223679121765535],[19.765626730112036,42.22366010764837],[19.76576096145062,42.2236137141293],[19.76593067737514,42.22355300974517],[19.765943370605864,42.22355143420295]]]},"properties":{"SIPERFAQJA":65901,"VOL":"1","FAQE":"223","NR_PAS":"70/12","PRONARET":"SHTET","KUFIZIMET":"_","ZK":"2859","EMRI_I_ZK":"PALAJ"}},
{"type":"Feature","geometry":{"type":"Polygon","coordinates":[[[19.765544528105266,42.225563245991864],[19.76537875214789,42.22567295403592],[19.765278512904857,42.22573992050852],[19.76520140116962,42.22579264241777],[19.765160993863052,42.22579970560792],[19.765109118040165,42.22578816593604],[19.76506882200187,42.225765216503355],[19.764997849783683,42.22571790812236],[19.76491330077232,42.225702013873274],[19.76486903179445,42.2257133565917],[19.764824693844524,42.22574327851537],[19.764805364106124,42.22577039333773],[19.764801348559185,42.225816118922104],[19.764806517811664,42.2259776270629],[19.76477508288788,42.226157639503995],[19.76477967174941,42.226216483561295],[19.764810268543588,42.22626228011436],[19.76485631232193,42.22629095814546],[19.76492285306704,42.226323489317174],[19.764955964420697,42.22638263001275],[19.764950525621224,42.226466464191724],[19.764924490832115,42.2265731230681],[19.764981040951962,42.22666008619456],[19.764943998113687,42.22666324725514],[19.764894256723323,42.226617363160464],[19.76484045654834,42.226587083253044],[19.764788519603364,42.226595711237664],[19.7646063061371,42.22664297684051],[19.764414987296526,42.22668248205273],[19.764254601899495,42.22672026404742],[19.7641519528403,42.226745063713295],[19.764082954903124,42.226769932502656],[19.76402672319711,42.2268091193293],[19.763997692980418,42.22685908095861],[19.76397641157929,42.22696265283158],[19.76397630670435,42.22700791003009],[19.763997036450192,42.22703534532795],[19.764086666940287,42.2270641133339],[19.764214658721965,42.22711916179066],[19.764259412030132,42.22715021937375],[19.76430565707434,42.227211054618024],[19.764299052339773,42.22726344436629],[19.764271579260626,42.22730308272147],[19.764228032804592,42.227274121410034],[19.764224280320093,42.227273029766195],[19.76423984449533,42.2272505736895],[19.764243584456796,42.22722090797894],[19.76421126549456,42.227178392410565],[19.76417836038495,42.227155557145224],[19.764059400436526,42.22710439320995],[19.763954244833478,42.22707064221049],[19.76391852598817,42.22702336916972],[19.763903428832087,42.22696149624236],[19.763939937442988,42.226844941907856],[19.76397611306944,42.22678268296253],[19.764048244424373,42.226732415991854],[19.764129271076573,42.226703211723006],[19.76423609059869,42.226677404490964],[19.764397725980253,42.22663932803866],[19.76458820231155,42.22659999679948],[19.76477187955186,42.226552351496274],[19.764837653599542,42.22651716203123],[19.76489022324022,42.22646134063839],[19.76489481425474,42.22639057534789],[19.76487406595227,42.22635351643103],[19.764820099370624,42.22632713263992],[19.764740462970384,42.22628151805951],[19.764706598433822,42.22624345087687],[19.76469548432348,42.22620444950333],[19.764699917597174,42.22615263644921],[19.764745860704295,42.22597525163441],[19.76474073778739,42.22581518641048],[19.76474577397191,42.2257578393014],[19.764776137914186,42.22571524628275],[19.764837530484176,42.22567381488911],[19.764890032702542,42.22564776098071],[19.764938628665337,42.22564184784073],[19.765027172919314,42.225676989663086],[19.765107516358434,42.225730544664636],[19.765137131998557,42.22574741138463],[19.765162868538532,42.225753136426185],[19.76517208209385,42.22575152589834],[19.765237766939045,42.22570661665526],[19.765338371408017,42.2256394062157],[19.765507634403384,42.22552739054195],[19.76567582644357,42.225445797027184],[19.765695514824706,42.225436245747225],[19.765878995103566,42.22536658540666],[19.766056215408643,42.22529994367877],[19.766094121633085,42.22528365727349],[19.766110583986944,42.225260361847674],[19.7661125960223,42.22522508191225],[19.766099572017698,42.22513010166233],[19.766053924488567,42.22507687736576],[19.766015884109326,42.225033154950886],[19.765977843782498,42.22498943252318],[19.765911509433504,42.224922490134375],[19.76586978201853,42.22485975454431],[19.765887519513072,42.224832951230795],[19.76596162291331,42.22480338712989],[19.766336807055552,42.22478152658912],[19.76649547409338,42.22478849467594],[19.766528295378713,42.224789936041425],[19.766745735923095,42.22482231942882],[19.76698465126956,42.224895530728126],[19.76701919887972,42.22491317434711],[19.76720068264538,42.2250058585851],[19.767274912664693,42.2250672154642],[19.767317646673803,42.225127862783],[19.76738260314913,42.22525522206616],[19.767512067267877,42.225558800622316],[19.767533994190845,42.22564145696106],[19.767556469988442,42.22567622190606],[19.7675665669841,42.2256857810675],[19.767581892393167,42.2256876501131],[19.767611783973262,42.22567514058208],[19.767627547767454,42.225661432610366],[19.76763414427966,42.22563805707638],[19.767623894812168,42.22556133223616],[19.767673303396148,42.225492422288724],[19.76777649237996,42.225432045027596],[19.767878923614138,42.22537561446616],[19.767925399702964,42.22533917712771],[19.767928655581915,42.225320816724945],[19.76789907538037,42.225264301982364],[19.767839684449015,42.225205110865666],[19.76772100569629,42.22513471245292],[19.76767577804184,42.22509735459264],[19.76765758245362,42.225082325092615],[19.767636690926413,42.22504969426228],[19.767648032098585,42.22501702177439],[19.767695593915967,42.22499307726007],[19.76778168366704,42.22499065256432],[19.767913256380815,42.22502193899849],[19.768045723003347,42.22506903418237],[19.76817498585996,42.22511807682848],[19.768229121137125,42.225182544683136],[19.768286959964875,42.225278061704806],[19.768316616331013,42.2253602246085],[19.768302636636612,42.22544864652153],[19.768209425890543,42.22560858987041],[19.768202958678348,42.22564760558838],[19.768192104016634,42.225678605182345],[19.768196418153934,42.22569776927422],[19.76822717352023,42.22570546774736],[19.768253931521635,42.225704880326454],[19.768270231627742,42.225697892891745],[19.768280152463948,42.22567285196934],[19.768301303206513,42.22562509562319],[19.768348779452033,42.22556411225013],[19.76843209514739,42.225490909437184],[19.76844180448318,42.225475147167494],[19.768454560740334,42.22542748010432],[19.768443144603985,42.22537375375939],[19.768401858474792,42.22529772712387],[19.76841192990774,42.22522771211427],[19.768428940271466,42.22515867583593],[19.768422063761324,42.22506419247485],[19.768379712731267,42.22495343114941],[19.76836138633089,42.224928296979435],[19.76830044990077,42.22489824729703],[19.768210393000906,42.224859945215314],[19.768155840587948,42.224808535390004],[19.7681426975738,42.2247271629336],[19.768132346673408,42.2246305319307],[19.768126145008374,42.22461682390157],[19.76810748150959,42.224575570461056],[19.76803878562167,42.22450535575654],[19.767930425653866,42.224435466158326],[19.76780883114767,42.224376430166444],[19.76768947377849,42.22430857600241],[19.767609495496316,42.22424482131188],[19.76753455198889,42.224149278313256],[19.767495812618584,42.22408793690819],[19.767424551505417,42.224029245904966],[19.767232141843824,42.223896912966104],[19.76705777016516,42.22379717546011],[19.766955264858098,42.22376458011966],[19.766835933908855,42.22374897966719],[19.76667555252035,42.22372431211074],[19.76653729189078,42.22369495604771],[19.766354375540576,42.223627479203124],[19.76619482221317,42.22355150445151],[19.766139801920108,42.22353877017715],[19.766057544145916,42.22353726239106],[19.765943370605864,42.22355143420295],[19.76593067737514,42.22355300974517],[19.76576096145062,42.2236137141293],[19.765626730112036,42.22366010764837],[19.765493458038286,42.223679121765535],[19.76539026692453,42.223687297162776],[19.765232545568917,42.223707352438396],[19.765137882330222,42.223690785315206],[19.765121793730334,42.22368086968448],[19.76512408883256,42.22367639898839],[19.765155101078278,42.22364292216338],[19.765165597888146,42.223649391494526],[19.765234455220256,42.22366144229494],[19.76538194286706,42.22364268829105],[19.765484524713084,42.22363456116537],[19.765607972440396,42.22361694870464],[19.7657347216786,42.2235731411768],[19.765924059427718,42.22350325956894],[19.766069957340285,42.22348092847957],[19.766154784337942,42.22348150376171],[19.76622852021447,42.22350030750292],[19.766375682279666,42.223569684471116],[19.766570875962504,42.22364987787195],[19.766662140292123,42.22366911932333],[19.766819083931185,42.22369325817725],[19.766960030356465,42.22371021840575],[19.767096077850294,42.22375217920526],[19.767279964610854,42.223857359129795],[19.767468527975733,42.22399827779547],[19.767475519332997,42.22400403591532],[19.767546808114133,42.2240627496589],[19.767588229493107,42.22412833777862],[19.767658406344196,42.224217803835025],[19.767730303636377,42.22427511673109],[19.767843836680218,42.22433965976702],[19.767967001672456,42.22439945823352],[19.768083700711827,42.22447472630135],[19.76816192541864,42.224554680434764],[19.76819212670763,42.22462143663844],[19.76820297308571,42.2247226922909],[19.768213941477878,42.22479060060497],[19.768250670099498,42.22482521338315],[19.768332265691612,42.22485991677382],[19.768407443102607,42.22489698911835],[19.768436142521523,42.224936349565546],[19.768482172405925,42.2250567319679],[19.768489801469276,42.2251615540471],[19.768471909640954,42.22523416801976],[19.768469295670993,42.225252340059974],[19.768463688755023,42.225291318705295],[19.768501889671562,42.22536166392105],[19.76851606765223,42.225428387691366],[19.76849982169553,42.22548909513704],[19.76848370190021,42.22551526427158],[19.768398500087716,42.225590124324164],[19.768361470533005,42.225637688948986],[19.768359667847175,42.22569247061392],[19.768322642557745,42.225738844248994],[19.76826647100511,42.22576255048086],[19.768216791839688,42.22576364109159],[19.768175155239977,42.225756411041175],[19.76813040534521,42.2257241639999],[19.76811132546073,42.225697350738386],[19.76811458606971,42.22566815573161],[19.768150144150287,42.22558485866539],[19.76824362835297,42.2254361744655],[19.768255110888358,42.225363547582425],[19.768229729455587,42.22529322818774],[19.768175574602584,42.2252037948787],[19.76813249722313,42.22515249545544],[19.76801888394879,42.225109390281624],[19.76789085799458,42.2250638738618],[19.767780228052526,42.22503756737665],[19.767760075307507,42.22503897440772],[19.767737893398763,42.225046056755964],[19.767724326787437,42.22505830142099],[19.76772626185692,42.22507175847984],[19.767762686481237,42.22510184505395],[19.76788356589066,42.22517354882523],[19.767952538278674,42.22524228911007],[19.76799072900416,42.22531525464272],[19.767982875251473,42.225359543397836],[19.76791923688762,42.22540943602682],[19.7678132634977,42.2254678180257],[19.767720765849706,42.22552193966918],[19.7676859757057,42.225570461398966],[19.76769533341694,42.2256405102631],[19.767683644109447,42.225681932863495],[19.76765085011167,42.225710450078004],[19.76762546759851,42.225732882153885],[19.7675802857653,42.22574210511425],[19.767520702234403,42.22573483846059],[19.7674929389672,42.22571533560927],[19.76745356074097,42.22567885389786],[19.76741271197183,42.22558227493586],[19.767347631837612,42.22539255443481],[19.767308887943525,42.22527960833704],[19.767244901588246,42.22515820104528],[19.767135076789348,42.22504364358303],[19.766953444202144,42.224934656874275],[19.766728079935834,42.2248655980479],[19.76652052249002,42.22483468654629],[19.76642952081296,42.22483069012898],[19.766338519147705,42.22482669363952],[19.76603588954975,42.22485275483903],[19.765979415049287,42.22487169539643],[19.76597414664668,42.224909796169165],[19.766025233194863,42.22496135093839],[19.76607879500116,42.22500754072089],[19.766124906006436,42.22504730512546],[19.7661579756289,42.22511787885828],[19.766185826241788,42.22521321443016],[19.76618304442778,42.22527228161419],[19.766152116591613,42.22531604681339],[19.76609562060969,42.22534070411028],[19.76590564978719,42.2254070117298],[19.76572592691873,42.225475245540245],[19.765695655990704,42.2254899306532],[19.765544528105266,42.225563245991864]]]},"properties":{"SIPERFAQJA":7084,"VOL":"1","FAQE":"232","NR_PAS":"70/9","PRONARET":"SHTET","KUFIZIMET":"_","ZK":"2859","EMRI_I_ZK":"PALAJ"}},
{"type":"Feature","geometry":{"type":"Polygon","coordinates":[[[19.768126145008374,42.22461682390157],[19.767965484748835,42.224643326296224],[19.767915159241912,42.22470974012903],[19.767888269287653,42.224727519518694],[19.767854370033938,42.224731647105784],[19.76780511390565,42.22468853686684],[19.76766725911543,42.22455083449277],[19.767513682229573,42.22446555128635],[19.767635464199273,42.224366140113446],[19.767525583368755,42.224294279419084],[19.767186429400105,42.224032369239175],[19.767061174790012,42.2240155850685],[19.766918645547957,42.22395639382993],[19.76671711529936,42.22388726599669],[19.766455404733257,42.22382700992625],[19.766345427562612,42.223781627799625],[19.766247874293988,42.22371271089075],[19.766152843493373,42.22367652178913],[19.766044498656395,42.22366648403689],[19.765975728520782,42.22367746948797],[19.765885663352073,42.223728333573796],[19.76585204531686,42.223675953510195],[19.765884208087794,42.22364521405523],[19.765929306146457,42.22360211167876],[19.765943370605864,42.22355143420295],[19.766057544145916,42.22353726239106],[19.766139801920108,42.22353877017715],[19.76619482221317,42.22355150445151],[19.766354375540576,42.223627479203124],[19.76653729189078,42.22369495604771],[19.76667555252035,42.22372431211074],[19.766835933908855,42.22374897966719],[19.766955264858098,42.22376458011966],[19.76705777016516,42.22379717546011],[19.767232141843824,42.223896912966104],[19.767424551505417,42.224029245904966],[19.767495812618584,42.22408793690819],[19.76753455198889,42.224149278313256],[19.767609495496316,42.22424482131188],[19.76768947377849,42.22430857600241],[19.76780883114767,42.224376430166444],[19.767930425653866,42.224435466158326],[19.76803878562167,42.22450535575654],[19.76810748150959,42.224575570461056],[19.768126145008374,42.22461682390157]]]},"properties":{"SIPERFAQJA":3718,"VOL":"1","FAQE":"224","NR_PAS":"70/13","PRONARET":"SHTET","KUFIZIMET":"_","ZK":"2859","EMRI_I_ZK":"PALAJ"}},
{"type":"Feature","geometry":{"type":"Polygon","coordinates":[[[19.766640347733208,42.22251181543103],[19.76688458880563,42.222579461823905],[19.76712867347489,42.222575641236624],[19.767317555961178,42.22257062942454],[19.767424998772203,42.22258811224089],[19.767503425473304,42.222594745643235],[19.767676355122845,42.22258214718664],[19.767885620017623,42.222565305910535],[19.76799742137552,42.22258279701036],[19.76814396364596,42.22263488834953],[19.768331239361068,42.22267195489982],[19.768538909469207,42.22269395542297],[19.768732268654745,42.222686181655774],[19.769005813107515,42.22263165640961],[19.76917888492407,42.22261796573225],[19.769385342792354,42.2226194608565],[19.769430348312373,42.22263791013833],[19.76947078447887,42.222713586373935],[19.769531501056065,42.22280982216001],[19.769579697985638,42.22283396208621],[19.769751131400998,42.222871023663494],[19.769980539637483,42.22295895822299],[19.77008927923713,42.22305899267012],[19.770138687396052,42.22308829653755],[19.770189555333655,42.22311652148092],[19.77027235634422,42.22317401520708],[19.77039512866789,42.22327819132421],[19.770466472416548,42.22331408601501],[19.77060498764698,42.22332953056404],[19.77079329276362,42.223290904830186],[19.7709263978041,42.2232858692914],[19.771158340115385,42.223280915261995],[19.771330572310745,42.22324984058894],[19.771608041000228,42.22315938835221],[19.771794296314063,42.223088065906545],[19.772002966183326,42.22306464615722],[19.77217802884713,42.22305741025518],[19.772360264400533,42.223083773490224],[19.77260223319172,42.22312975608699],[19.773142741892677,42.22331066937817],[19.773576350203182,42.22344831035603],[19.773840453988008,42.22350442304291],[19.774191205217765,42.223531172712235],[19.77436891108086,42.22354715770618],[19.774586242833692,42.2236014396265],[19.77476133171393,42.223695594557185],[19.774908279520975,42.223810540981454],[19.774996925938666,42.22387673019661],[19.775074043962615,42.22389599110263],[19.77520269987742,42.22389276895167],[19.7754305401905,42.22384779055593],[19.775522080213353,42.223850689587294],[19.775669319327594,42.22389517603745],[19.77597375573877,42.223999062365515],[19.776146451846962,42.22403203159548],[19.77649196353818,42.2240642499917],[19.776834492992155,42.22411168958706],[19.777210963047303,42.224178901457854],[19.77742600149555,42.22424893422037],[19.777599516423262,42.2243573564326],[19.777702145593413,42.22448631719201],[19.777807263832255,42.22457352224782],[19.777920437416178,42.22462114271814],[19.778050623672705,42.224655774687854],[19.77832916098729,42.224727654418906],[19.778544603715684,42.224754171003106],[19.778670703800643,42.22474697538702],[19.778818748734853,42.22475630207032],[19.77892866994363,42.22478988596392],[19.77897522430531,42.22479362870172],[19.779067267759466,42.22478454671514],[19.779078629283568,42.22494746712391],[19.77903810612178,42.22506287910747],[19.779023846817804,42.22509320956119],[19.77902028764547,42.225135852229705],[19.779021928056423,42.22519277410417],[19.779026422725735,42.22524363171372],[19.779046965764728,42.225451644678785],[19.779018513087205,42.225508246184724],[19.77897901960536,42.22557083379249],[19.778934314677432,42.22561912404552],[19.778842089006567,42.22571976162278],[19.778620961094028,42.225934185634216],[19.778557461992328,42.22596400064108],[19.778463764290223,42.22599957962453],[19.778391976198016,42.22603336635329],[19.778318100853834,42.22611320527282],[19.778133084661548,42.22597931261502],[19.77823462696391,42.22595323760359],[19.778529712834434,42.225851943852724],[19.778686191297407,42.22574929801951],[19.778870569667326,42.22561617592247],[19.77895307324654,42.22538947863927],[19.778959265787993,42.22532852225115],[19.778916515380267,42.225045830903454],[19.778810291743916,42.22492950394695],[19.778533558697752,42.224854257340965],[19.778160767495404,42.22504775116765],[19.777991445899964,42.225106977437115],[19.777889364722224,42.22511544203785],[19.777610995487187,42.22509108129494],[19.77716599523405,42.22514568090798],[19.776915860838404,42.22505007013011],[19.776910555712863,42.22501683703906],[19.776867322198093,42.22497648301233],[19.776787920182244,42.22481424184757],[19.776730294093024,42.224626874334994],[19.776409378032035,42.22454402225597],[19.776223388812614,42.22449969060664],[19.77610684180962,42.22456586918518],[19.775949489438304,42.224657980320686],[19.775780134714566,42.224635516127336],[19.775668142539686,42.224781702542],[19.77578136092783,42.225028551001465],[19.77604234436024,42.225196224847934],[19.776199233143718,42.22513266119607],[19.77628739587834,42.22514785679606],[19.77627893876391,42.225322765125206],[19.776212770611473,42.225324869260504],[19.77605501056458,42.22528994128507],[19.77577268543415,42.22518776231502],[19.77553244753108,42.22509013219823],[19.775451000531717,42.22504102685728],[19.775568246503063,42.22500916284695],[19.775543643542573,42.2249448858254],[19.77562525396582,42.224868733635915],[19.775600501979973,42.224815274603195],[19.775506603548454,42.22475599681031],[19.775344652486574,42.22470103139429],[19.775211005812064,42.22463850009988],[19.775111044841005,42.22460017880844],[19.774887437649657,42.22466990524637],[19.77466054679248,42.22466818803338],[19.774555937577055,42.22471058969316],[19.774645804612955,42.22449956964189],[19.77423945731332,42.22428395235129],[19.774146616572953,42.22430926467322],[19.774073823827614,42.22421335057656],[19.77392408478233,42.22413100686343],[19.77388532423372,42.224050581435876],[19.7738957966164,42.22398594269611],[19.773714046662494,42.22394568403906],[19.77361647430745,42.224054723271514],[19.773601016193528,42.224049106327854],[19.7734825543969,42.22422920646264],[19.77346851881627,42.22430629602311],[19.773398782755645,42.224343637685166],[19.77331069112784,42.22438918589653],[19.773311875534933,42.22444707537937],[19.773360102366826,42.22458258529442],[19.773551311788356,42.224821747695415],[19.773552045851766,42.22502082156843],[19.77326298762361,42.22503658167192],[19.772957218929477,42.22503018140364],[19.772939372794756,42.2250425707409],[19.77263440399696,42.224998417577474],[19.77252218110693,42.225025362057536],[19.77250130945479,42.225067882108334],[19.77252169997849,42.22515938424148],[19.77255275988186,42.22527407868103],[19.772479644643465,42.225272148419826],[19.772198041050814,42.22522935242052],[19.772081709847367,42.2252320009345],[19.771859428168426,42.22522579946664],[19.771673352780372,42.225214870052106],[19.771389412159007,42.22513556475812],[19.7713906653885,42.22493472638704],[19.771377687143037,42.22466316925127],[19.77131118596603,42.22449355896933],[19.771169111247996,42.22418921239523],[19.7709026020545,42.22442582293235],[19.770593311174967,42.22457232547971],[19.770615265391726,42.22425655938761],[19.77032458640241,42.224393914044214],[19.7701173542238,42.224318359576266],[19.769989789412648,42.224298517419975],[19.769770558653608,42.224306324509065],[19.769796633440667,42.22438472142706],[19.769511526996286,42.224459431170956],[19.769509738426528,42.22456972875136],[19.769551276507695,42.2245924908947],[19.769549340803884,42.22471674514731],[19.769547296479832,42.224847971205925],[19.769588885356512,42.22492468175163],[19.769510628220523,42.2249427275869],[19.769236444062788,42.22498925637988],[19.76906638809082,42.22502516364485],[19.769000253172692,42.22506732169576],[19.768918606135824,42.22513715780761],[19.76886153598818,42.22517195002268],[19.76876112449815,42.22519444590404],[19.768628839996577,42.22521298714816],[19.76857593302095,42.2252343680318],[19.768525014229454,42.22525048348634],[19.768469295670993,42.225252340059974],[19.768471909640954,42.22523416801976],[19.768489801469276,42.2251615540471],[19.768482172405925,42.2250567319679],[19.768436142521523,42.224936349565546],[19.768407443102607,42.22489698911835],[19.768332265691612,42.22485991677382],[19.768250670099498,42.22482521338315],[19.768213941477878,42.22479060060497],[19.76820297308571,42.2247226922909],[19.76819212670763,42.22462143663844],[19.768396352162252,42.224643922617375],[19.768406016056417,42.22461198592321],[19.768476058672555,42.224595764027306],[19.768558393886217,42.224615439463435],[19.768648910556585,42.22448733048025],[19.76865169512587,42.22439734989212],[19.768636144109916,42.22432094728625],[19.7687448732026,42.224280842906516],[19.768758324724235,42.22394096033583],[19.768755575309047,42.22391063648725],[19.768896635914945,42.22390357087748],[19.76890768404502,42.22383024236142],[19.76893536577065,42.2237959283012],[19.768903139191835,42.223727124112585],[19.768885594889895,42.22362811060612],[19.768800367795983,42.223519711193724],[19.768680506071068,42.2234631618462],[19.768544204767284,42.22353128369966],[19.76843635065689,42.223400604623315],[19.768358220687617,42.223378662925356],[19.768227340924465,42.22342635647576],[19.768171791229136,42.22337811663599],[19.768121287939465,42.22336742620287],[19.7680045295,42.22340087977351],[19.767905970503513,42.223418969054485],[19.767768593009258,42.22342061598884],[19.767680504121603,42.223410811943644],[19.7675808146546,42.22338365834974],[19.767382835220353,42.223301439793985],[19.767220639741755,42.22324806280061],[19.767091671761413,42.22319037300995],[19.766974846285592,42.22313352843813],[19.766872237962986,42.223113630241855],[19.76680600467763,42.22311021394816],[19.766706349321762,42.2231481571502],[19.76661124218952,42.22316497504178],[19.766454028960606,42.22320607611283],[19.76630542515108,42.223243920136966],[19.766277610314344,42.22326139035691],[19.766253210571158,42.223293301521714],[19.766258388062553,42.2233285635946],[19.7662915137381,42.22335909166408],[19.766458405120222,42.223477177674894],[19.76653918776449,42.223503686306266],[19.766673033837055,42.22356240956317],[19.76675714034926,42.22358892480179],[19.766917713417573,42.223610655777],[19.76718855237465,42.22369215742982],[19.767391696086918,42.223765131251085],[19.767317792208562,42.22381121836848],[19.767303128548527,42.223806728109],[19.767021051891476,42.22368374750845],[19.766698207402744,42.22363337808856],[19.766542254347666,42.22358876666425],[19.76632625911922,42.22346266650951],[19.766251953281508,42.2234133377158],[19.766170408650172,42.223428182526696],[19.766069957340285,42.22348092847957],[19.765924059427718,42.22350325956894],[19.7657347216786,42.2235731411768],[19.765607972440396,42.22361694870464],[19.765484524713084,42.22363456116537],[19.76538194286706,42.22364268829105],[19.765234455220256,42.22366144229494],[19.765165597888146,42.223649391494526],[19.765155101078278,42.22364292216338],[19.765251399857153,42.223538970127386],[19.76532283213473,42.22344720310106],[19.76539443237626,42.22334556216386],[19.765473097114032,42.223330771706536],[19.765549986592053,42.22330141415027],[19.76560346723876,42.22327000411109],[19.765634024080658,42.22324211034778],[19.765648774782107,42.22320364864987],[19.76565658409667,42.223162141439936],[19.765681293811365,42.22312601052155],[19.765726781838925,42.22310198642765],[19.765780391938005,42.223071378914355],[19.76579797185774,42.22305803743347],[19.765816029447194,42.22303447432178],[19.765829464737845,42.22300135489378],[19.765832023565714,42.22295268824736],[19.765832948879318,42.222905183341744],[19.76583378162459,42.22286243072643],[19.765844297698997,42.2228150200218],[19.765867543711977,42.22277132026522],[19.765903369945395,42.22273963908757],[19.7659597555344,42.22271886500684],[19.766026327016714,42.22270120730444],[19.766122490494965,42.222692735328096],[19.766231441202624,42.22268440983107],[19.766319842550967,42.222662791651736],[19.766377896847754,42.222639658670644],[19.766439297757113,42.22260824340226],[19.766494327855636,42.222575580262976],[19.766534960136923,42.22254275325105],[19.766596245240596,42.22251727826124],[19.766640347733208,42.22251181543103]],[[19.769593161998174,42.22353923461559],[19.769615908806212,42.22356258541982],[19.76965407194264,42.22369202190437],[19.769828858286605,42.22365222338928],[19.769802968654442,42.223529665521966],[19.7697316316709,42.22332671767013],[19.769690245647226,42.223273102464425],[19.769619569609592,42.22326987212554],[19.76955436642366,42.223286212690866],[19.769406009083834,42.22330032714364],[19.76941947595795,42.22340844792142],[19.76939823585409,42.22353194099496],[19.769340831478573,42.22369036298096],[19.769483394559558,42.22371166121693],[19.769528306967917,42.2235762823528],[19.769565912358576,42.22354154281734],[19.769593161998174,42.22353923461559]],[[19.76882826248591,42.22398867960317],[19.76879914732778,42.22403928072554],[19.768802439567292,42.224214500107685],[19.76884527314975,42.224328475022254],[19.769033438599585,42.22448167867735],[19.769120092579314,42.22443902298725],[19.769034446205016,42.224205233580264],[19.769002210226454,42.22396724762177],[19.76882826248591,42.22398867960317]]]},"properties":{"SIPERFAQJA":131631,"VOL":"1","FAQE":"233","NR_PAS":"71/1","PRONARET":"SHTET","KUFIZIMET":"_","ZK":"2859","EMRI_I_ZK":"PALAJ"}},
{"type":"Feature","geometry":{"type":"Polygon","coordinates":[[[19.771389412159007,42.22513556475812],[19.77126362651219,42.22502296714213],[19.771113961790924,42.22488208760009],[19.771190264664124,42.22477029414549],[19.77117980091397,42.22456765135545],[19.771061413758474,42.224463131871495],[19.7709026020545,42.22442582293235],[19.771169111247996,42.22418921239523],[19.77131118596603,42.22449355896933],[19.771377687143037,42.22466316925127],[19.7713906653885,42.22493472638704],[19.771389412159007,42.22513556475812]]]},"properties":{"SIPERFAQJA":1613,"VOL":"1","FAQE":"244","NR_PAS":"71/2","PRONARET":"SHTET","KUFIZIMET":"PAL MHILL KODRA","ZK":"2859","EMRI_I_ZK":"PALAJ"}},
{"type":"Feature","geometry":{"type":"Polygon","coordinates":[[[19.771300125564206,42.22513435665484],[19.771356849556664,42.225181024376326],[19.77136648542199,42.22519658757989],[19.77133682903991,42.22533046870539],[19.7713150716119,42.22535088046884],[19.77126674776261,42.2253613799623],[19.771183358969633,42.225357545759294],[19.77107431974118,42.225344619219236],[19.771097782565786,42.225156921632504],[19.771110980846885,42.22515587483679],[19.771300125564206,42.22513435665484]]]},"properties":{"SIPERFAQJA":500,"VOL":"1","FAQE":"246","NR_PAS":"71/3","PRONARET":"SHTET","KUFIZIMET":"PAL,VAT, MHILL KODRA,EMANUEL MARK KODRA","ZK":"2859","EMRI_I_ZK":"PALAJ"}},
{"type":"Feature","geometry":{"type":"Polygon","coordinates":[[[19.77107431974118,42.225344619219236],[19.770931613491154,42.225327701307904],[19.770404334644052,42.225229610873946],[19.77028764392271,42.22520068632217],[19.77027567054725,42.225181038679096],[19.770240140785134,42.2250312768571],[19.77060384413007,42.2248500454818],[19.770772492957263,42.22506850005386],[19.770800682255224,42.22510501410629],[19.770964758930784,42.22516747205373],[19.771097782565786,42.225156921632504],[19.77107431974118,42.225344619219236]]]},"properties":{"SIPERFAQJA":1963,"VOL":"1","FAQE":"247","NR_PAS":"71/4","PRONARET":"SHTET","KUFIZIMET":"TOM, FRROK NIK BOTA","ZK":"2859","EMRI_I_ZK":"PALAJ"}},
{"type":"Feature","geometry":{"type":"Polygon","coordinates":[[[19.77107238307733,42.224937798600905],[19.771300125564206,42.22513435665484],[19.771110980846885,42.22515587483679],[19.771097782565786,42.225156921632504],[19.770964758930784,42.22516747205373],[19.770800682255224,42.22510501410629],[19.770772492957263,42.22506850005386],[19.77107238307733,42.224937798600905]]]},"properties":{"SIPERFAQJA":612,"VOL":"1","FAQE":"248","NR_PAS":"71/5","PRONARET":"SHTET","KUFIZIMET":"GJERGJ MARK NDOCI,FREDERIK KOL NDOCI,MARJAN NDUE NDOCI","ZK":"2859","EMRI_I_ZK":"PALAJ"}},
{"type":"Feature","geometry":{"type":"Polygon","coordinates":[[[19.771113961790924,42.22488208760009],[19.77107238307733,42.224937798600905],[19.770772492957263,42.22506850005386],[19.77060384413007,42.2248500454818],[19.77058929519076,42.22483119983524],[19.770593311174967,42.22457232547971],[19.7709026020545,42.22442582293235],[19.771061413758474,42.224463131871495],[19.77117980091397,42.22456765135545],[19.771190264664124,42.22477029414549],[19.771113961790924,42.22488208760009]]]},"properties":{"SIPERFAQJA":2567,"VOL":"1","FAQE":"249","NR_PAS":"71/6","PRONARET":"SHTET","KUFIZIMET":"PAULIN PASHUK ASHTA","ZK":"2859","EMRI_I_ZK":"PALAJ"}},
{"type":"Feature","geometry":{"type":"Polygon","coordinates":[[[19.770593311174967,42.22457232547971],[19.77058929519076,42.22483119983524],[19.77060384413007,42.2248500454818],[19.770240140785134,42.2250312768571],[19.770228523969624,42.22497059872155],[19.77019142500863,42.22455254759424],[19.77017270890538,42.22446568024536],[19.77032458640241,42.224393914044214],[19.770615265391726,42.22425655938761],[19.770593311174967,42.22457232547971]]]},"properties":{"SIPERFAQJA":2122,"VOL":"1","FAQE":"250","NR_PAS":"71/7","PRONARET":"SHTET","KUFIZIMET":"TOM&FRROK NIK BOTA","ZK":"2859","EMRI_I_ZK":"PALAJ"}},
{"type":"Feature","geometry":{"type":"Polygon","coordinates":[[[19.770209395065713,42.22501856735427],[19.770244509705925,42.22517575751933],[19.77024377036152,42.225222533124054],[19.77020706571253,42.22524564066216],[19.77018364205919,42.22524942335113],[19.7701542226405,42.2252491465734],[19.770082452873687,42.22522428035217],[19.770047886241066,42.225214478744576],[19.769823221950894,42.22514610078018],[19.769750693527378,42.22511950296002],[19.769548602877855,42.22508629685033],[19.769363297396364,42.225072136719426],[19.76941766419496,42.225002412810966],[19.769613528569334,42.22498238507447],[19.76962564304359,42.22493712435983],[19.769726362961695,42.22492169744505],[19.76978666579806,42.22485849796546],[19.76982345580057,42.22481474404854],[19.769943377458254,42.22489642836631],[19.770035126815454,42.22494652901468],[19.770209395065713,42.22501856735427]]]},"properties":{"SIPERFAQJA":1613,"VOL":"2","FAQE":"2","NR_PAS":"71/9","PRONARET":"SHTET","KUFIZIMET":"_","ZK":"2859","EMRI_I_ZK":"PALAJ"}},
{"type":"Feature","geometry":{"type":"Polygon","coordinates":[[[19.769588885356512,42.22492468175163],[19.769547296479832,42.224847971205925],[19.769549340803884,42.22471674514731],[19.769551276507695,42.2245924908947],[19.769509738426528,42.22456972875136],[19.769511526996286,42.224459431170956],[19.769796633440667,42.22438472142706],[19.769770558653608,42.224306324509065],[19.769989789412648,42.224298517419975],[19.7701173542238,42.224318359576266],[19.77032458640241,42.224393914044214],[19.77017270890538,42.22446568024536],[19.77019142500863,42.22455254759424],[19.770228523969624,42.22497059872155],[19.770240140785134,42.2250312768571],[19.770209395065713,42.22501856735427],[19.770035126815454,42.22494652901468],[19.769943377458254,42.22489642836631],[19.76982345580057,42.22481474404854],[19.76978666579806,42.22485849796546],[19.769726362961695,42.22492169744505],[19.76962564304359,42.22493712435983],[19.769588885356512,42.22492468175163]]]},"properties":{"SIPERFAQJA":3526,"VOL":"2","FAQE":"1","NR_PAS":"71/8","PRONARET":"SHTET","KUFIZIMET":"_","ZK":"2859","EMRI_I_ZK":"PALAJ"}},
{"type":"Feature","geometry":{"type":"Polygon","coordinates":[[[19.76941766419496,42.225002412810966],[19.769363297396364,42.225072136719426],[19.769277379590722,42.22507147107906],[19.769219739446427,42.22507115974958],[19.769116310767092,42.225089332773265],[19.768989478946796,42.22513773392237],[19.768985154555992,42.225125831408654],[19.769082957658476,42.22505358422038],[19.76913979649578,42.22503639837482],[19.769253388434226,42.22502581442018],[19.76941766419496,42.225002412810966]]]},"properties":{"SIPERFAQJA":169,"VOL":"1","FAQE":"234","NR_PAS":"71/10","PRONARET":"SHTET","KUFIZIMET":"_","ZK":"2859","EMRI_I_ZK":"PALAJ"}},
{"type":"Feature","geometry":{"type":"Polygon","coordinates":[[[19.769593161998174,42.22353923461559],[19.769565912358576,42.22354154281734],[19.769528306967917,42.2235762823528],[19.769483394559558,42.22371166121693],[19.769340831478573,42.22369036298096],[19.76939823585409,42.22353194099496],[19.76941947595795,42.22340844792142],[19.769406009083834,42.22330032714364],[19.76955436642366,42.223286212690866],[19.769619569609592,42.22326987212554],[19.769690245647226,42.223273102464425],[19.7697316316709,42.22332671767013],[19.769802968654442,42.223529665521966],[19.769828858286605,42.22365222338928],[19.76965407194264,42.22369202190437],[19.769615908806212,42.22356258541982],[19.769593161998174,42.22353923461559]]]},"properties":{"SIPERFAQJA":1276,"VOL":"1","FAQE":"235","NR_PAS":"71/11","PRONARET":"SHTET","KUFIZIMET":"_","ZK":"2859","EMRI_I_ZK":"PALAJ"}},
{"type":"Feature","geometry":{"type":"Polygon","coordinates":[[[19.76882826248591,42.22398867960317],[19.769002210226454,42.22396724762177],[19.769034446205016,42.224205233580264],[19.769120092579314,42.22443902298725],[19.769033438599585,42.22448167867735],[19.76884527314975,42.224328475022254],[19.768802439567292,42.224214500107685],[19.76879914732778,42.22403928072554],[19.76882826248591,42.22398867960317]]]},"properties":{"SIPERFAQJA":928,"VOL":"1","FAQE":"236","NR_PAS":"71/12","PRONARET":"SHTET","KUFIZIMET":"_","ZK":"2859","EMRI_I_ZK":"PALAJ"}},
{"type":"Feature","geometry":{"type":"Polygon","coordinates":[[[19.768755575309047,42.22391063648725],[19.7687496957712,42.223845789795696],[19.76871572459772,42.22377346333492],[19.768589239060557,42.22358584832733],[19.768544204767284,42.22353128369966],[19.768680506071068,42.2234631618462],[19.768800367795983,42.223519711193724],[19.768885594889895,42.22362811060612],[19.768903139191835,42.223727124112585],[19.76893536577065,42.2237959283012],[19.76890768404502,42.22383024236142],[19.768896635914945,42.22390357087748],[19.768755575309047,42.22391063648725]]]},"properties":{"SIPERFAQJA":842,"VOL":"1","FAQE":"237","NR_PAS":"71/13","PRONARET":"SHTET","KUFIZIMET":"PAVLIN PASHUK ASHTA","ZK":"2859","EMRI_I_ZK":"PALAJ"}},
{"type":"Feature","geometry":{"type":"Polygon","coordinates":[[[19.768755575309047,42.22391063648725],[19.768758324724235,42.22394096033583],[19.7687448732026,42.224280842906516],[19.768636144109916,42.22432094728625],[19.76865169512587,42.22439734989212],[19.768648910556585,42.22448733048025],[19.768558393886217,42.224615439463435],[19.768476058672555,42.224595764027306],[19.76852108653482,42.22433866641416],[19.76856201821013,42.224116900689516],[19.768544254558275,42.224012908615386],[19.76852115252605,42.223951258403375],[19.768400962180312,42.22381977934533],[19.768304208761318,42.22369830212577],[19.768263150418054,42.22358559995763],[19.768227340924465,42.22342635647576],[19.768358220687617,42.223378662925356],[19.76843635065689,42.223400604623315],[19.768544204767284,42.22353128369966],[19.768589239060557,42.22358584832733],[19.76871572459772,42.22377346333492],[19.7687496957712,42.223845789795696],[19.768755575309047,42.22391063648725]]]},"properties":{"SIPERFAQJA":2584,"VOL":"1","FAQE":"238","NR_PAS":"71/14","PRONARET":"SHTET","KUFIZIMET":"_","ZK":"2859","EMRI_I_ZK":"PALAJ"}},
{"type":"Feature","geometry":{"type":"Polygon","coordinates":[[[19.767595141528695,42.22375720380849],[19.76772327730293,42.2236547859787],[19.767670524384574,42.223588226853785],[19.76757586920945,42.22350681588099],[19.767495232882524,42.22345810235014],[19.76744660428639,42.223471130147885],[19.767204328405594,42.223268722413316],[19.767220639741755,42.22324806280061],[19.767382835220353,42.223301439793985],[19.7675808146546,42.22338365834974],[19.767680504121603,42.223410811943644],[19.767768593009258,42.22342061598884],[19.767905970503513,42.223418969054485],[19.7680045295,42.22340087977351],[19.768121287939465,42.22336742620287],[19.768171791229136,42.22337811663599],[19.768227340924465,42.22342635647576],[19.768263150418054,42.22358559995763],[19.768304208761318,42.22369830212577],[19.768400962180312,42.22381977934533],[19.76852115252605,42.223951258403375],[19.768544254558275,42.224012908615386],[19.76856201821013,42.224116900689516],[19.76852108653482,42.22433866641416],[19.768476058672555,42.224595764027306],[19.768406016056417,42.22461198592321],[19.768405276066485,42.22445990063023],[19.768382215738168,42.22438669983014],[19.768308782101418,42.224267194691585],[19.76825983016022,42.224177197114514],[19.768221285270805,42.224085676337744],[19.76816586177986,42.224002784422],[19.768076652351095,42.223944850836695],[19.76786553707688,42.2238575555509],[19.767655404176647,42.223773393269184],[19.767597881172954,42.223757939810255],[19.767595141528695,42.22375720380849]]]},"properties":{"SIPERFAQJA":4754,"VOL":"1","FAQE":"239","NR_PAS":"71/15","PRONARET":"SHTET","KUFIZIMET":"_","ZK":"2859","EMRI_I_ZK":"PALAJ"}},
{"type":"Feature","geometry":{"type":"Polygon","coordinates":[[[19.767509337966914,42.22385695651514],[19.76745190154052,42.22381693377297],[19.767494979462175,42.22378278152958],[19.767527674032433,42.22380556369728],[19.76751441929288,42.223816072085356],[19.76753916114593,42.223833312641304],[19.767547858795048,42.22383937331185],[19.767554055788157,42.22383339222485],[19.767587311859135,42.22380129478565],[19.767597881172954,42.223757939810255],[19.767655404176647,42.223773393269184],[19.76786553707688,42.2238575555509],[19.768076652351095,42.223944850836695],[19.76816586177986,42.224002784422],[19.768221285270805,42.224085676337744],[19.76825983016022,42.224177197114514],[19.768308782101418,42.224267194691585],[19.768382215738168,42.22438669983014],[19.768405276066485,42.22445990063023],[19.768406016056417,42.22461198592321],[19.768396352162252,42.224643922617375],[19.76819212670763,42.22462143663844],[19.76816192541864,42.224554680434764],[19.768083700711827,42.22447472630135],[19.767967001672456,42.22439945823352],[19.767843836680218,42.22433965976702],[19.767730303636377,42.22427511673109],[19.767658406344196,42.224217803835025],[19.767588229493107,42.22412833777862],[19.767546808114133,42.2240627496589],[19.767620177214102,42.22400942315478],[19.767509337966914,42.22385695651514]]]},"properties":{"SIPERFAQJA":3577,"VOL":"1","FAQE":"240","NR_PAS":"71/16","PRONARET":"SHTET","KUFIZIMET":"_","ZK":"2859","EMRI_I_ZK":"PALAJ"}},
{"type":"Feature","geometry":{"type":"Polygon","coordinates":[[[19.767509337966914,42.22385695651514],[19.767620177214102,42.22400942315478],[19.767546808114133,42.2240627496589],[19.767475519332997,42.22400403591532],[19.767508163092685,42.22397230461841],[19.767394067409644,42.223834575078214],[19.767317792208562,42.22381121836848],[19.767391696086918,42.223765131251085],[19.767513314371282,42.223759289717925],[19.76753535220439,42.223770271017095],[19.767595141528695,42.22375720380849],[19.767597881172954,42.223757939810255],[19.767587311859135,42.22380129478565],[19.767554055788157,42.22383339222485],[19.767547858795048,42.22383937331185],[19.76753916114593,42.223833312641304],[19.76751441929288,42.223816072085356],[19.767527674032433,42.22380556369728],[19.767494979462175,42.22378278152958],[19.767451901540518,42.22381693377297],[19.767509337966914,42.22385695651514]]]},"properties":{"SIPERFAQJA":313,"VOL":"1","FAQE":"241","NR_PAS":"71/17","PRONARET":"SHTET","KUFIZIMET":"_","ZK":"2859","EMRI_I_ZK":"PALAJ"}},
{"type":"Feature","geometry":{"type":"Polygon","coordinates":[[[19.767391696086918,42.223765131251085],[19.76718855237465,42.22369215742982],[19.766917713417573,42.223610655777],[19.76675714034926,42.22358892480179],[19.766673033837055,42.22356240956317],[19.76653918776449,42.223503686306266],[19.766458405120222,42.223477177674894],[19.7662915137381,42.22335909166408],[19.766258388062553,42.2233285635946],[19.766253210571158,42.223293301521714],[19.766277610314344,42.22326139035691],[19.76630542515108,42.223243920136966],[19.766454028960606,42.22320607611283],[19.76661124218952,42.22316497504178],[19.766706349321762,42.2231481571502],[19.76680600467763,42.22311021394816],[19.766872237962986,42.223113630241855],[19.766974846285592,42.22313352843813],[19.767091671761413,42.22319037300995],[19.767220639741755,42.22324806280061],[19.767204328405594,42.223268722413316],[19.76744660428639,42.223471130147885],[19.767495232882524,42.22345810235014],[19.76757586920945,42.22350681588099],[19.767670524384574,42.223588226853785],[19.76772327730293,42.2236547859787],[19.767595141528695,42.22375720380849],[19.76753535220439,42.223770271017095],[19.767513314371282,42.223759289717925],[19.767391696086918,42.223765131251085]]]},"properties":{"SIPERFAQJA":4637,"VOL":"1","FAQE":"242","NR_PAS":"71/18","PRONARET":"SHTET","KUFIZIMET":"TOM PRELË LUMI,KRISTJAN PEPË LUMI","ZK":"2859","EMRI_I_ZK":"PALAJ"}},
{"type":"Feature","geometry":{"type":"Polygon","coordinates":[[[19.767303128548527,42.223806728109],[19.767317792208566,42.22381121836848],[19.767394067409644,42.223834575078214],[19.767508163092685,42.22397230461841],[19.767475519332997,42.22400403591532],[19.767468527975733,42.22399827779547],[19.767279964610854,42.223857359129795],[19.767096077850294,42.22375217920526],[19.766960030356465,42.22371021840575],[19.766819083931185,42.22369325817725],[19.766662140292123,42.22366911932333],[19.766570875962504,42.22364987787195],[19.766375682279666,42.223569684471116],[19.76622852021447,42.22350030750292],[19.766154784337942,42.22348150376171],[19.766069957340285,42.22348092847957],[19.766170408650172,42.223428182526696],[19.766251953281508,42.2234133377158],[19.76632625911922,42.22346266650951],[19.766542254347666,42.22358876666425],[19.766698207402744,42.22363337808856],[19.767021051891476,42.22368374750845],[19.767303128548527,42.223806728109]]]},"properties":{"SIPERFAQJA":739,"VOL":"1","FAQE":"243","NR_PAS":"71/19","PRONARET":"SHTET","KUFIZIMET":"_","ZK":"2859","EMRI_I_ZK":"PALAJ"}},
{"type":"Feature","geometry":{"type":"Polygon","coordinates":[[[19.776201175537665,42.21983538939605],[19.775757247455203,42.219789206853584],[19.7751148829359,42.21976778030079],[19.775174728747636,42.220060891912446],[19.7752199064355,42.22018418668052],[19.7755269507434,42.22039942460562],[19.775834087662332,42.22050123797629],[19.775977417410424,42.22059040372649],[19.77620520548518,42.2206248845678],[19.776423036984234,42.22051371407456],[19.776588111481985,42.22087401537264],[19.776680372368816,42.2209821555668],[19.776745675243653,42.2210487859765],[19.77685016626664,42.22109935981363],[19.77724924639694,42.22112422178155],[19.77774380568088,42.221092394248984],[19.778126908127405,42.22108411593953],[19.77838581609653,42.221062153228225],[19.778408545158904,42.22112645671132],[19.77840751619533,42.22117983024384],[19.778394775364546,42.22135193829423],[19.778387647840397,42.221472864219734],[19.778385178424482,42.2216009516876],[19.778382983162555,42.2217148182128],[19.778386337966328,42.22178958322493],[19.77846127959742,42.22185935324954],[19.778272625582755,42.22181863613059],[19.777998946061444,42.22179924759253],[19.777651339072722,42.221903297023076],[19.777242705048575,42.22206722555523],[19.777287678027374,42.22225180079035],[19.77750926016514,42.22242262184089],[19.77776378964591,42.222356624796504],[19.77787195878551,42.22231388545524],[19.77809185645058,42.222409633615186],[19.778225608596102,42.2224469621974],[19.77834431626109,42.22243685860701],[19.778609091429445,42.22208847763502],[19.778570823236752,42.221954552707686],[19.778882111078506,42.22221664524051],[19.779098410603638,42.22243247691035],[19.779146803400426,42.22265719786649],[19.77915022745834,42.22272841662184],[19.779163560791854,42.22278194302962],[19.77926099376525,42.22295518782601],[19.77950193262484,42.22338480986767],[19.779622510806476,42.22360095420825],[19.779643802934103,42.22373997139238],[19.779645570816413,42.22389657864935],[19.779741438238236,42.224002846205536],[19.779938899310235,42.224095439465714],[19.780188181407407,42.2242123229838],[19.780068564018737,42.22424303637621],[19.77989721145023,42.22430477984244],[19.77968990731338,42.22436161230347],[19.77966477392281,42.224376108881046],[19.77964195759438,42.22439984860559],[19.779636625287452,42.224418237865535],[19.779592622243452,42.22451001763752],[19.779536917271695,42.224564771868984],[19.77944633772818,42.2246228459366],[19.779249800058416,42.22468532867358],[19.779153818752714,42.22472262139803],[19.779065239048908,42.224755455606584],[19.778907352531995,42.224737295909186],[19.778821997780632,42.22471853582773],[19.778668846708474,42.224713864868065],[19.77849954560551,42.22469494281886],[19.77834502547043,42.22466073493369],[19.77815667431624,42.224614428930245],[19.777978609671457,42.224574705854906],[19.77786533084569,42.22453948325255],[19.777812415831352,42.22450984663764],[19.77772586552063,42.22441232630261],[19.77764667455315,42.22431591377406],[19.77753065048783,42.22422380531069],[19.777414500659045,42.224167793383636],[19.77719108601584,42.22410295316772],[19.777298880405638,42.22385583229123],[19.777284069376282,42.22378872045593],[19.77713010416347,42.223712952990084],[19.77704001937321,42.223656875413326],[19.77682634929587,42.223444030081886],[19.776466720750232,42.22299522520725],[19.77635320690522,42.22278337755281],[19.776351918350947,42.222730770026395],[19.776357941697633,42.22262636051385],[19.77640489161669,42.22255394192013],[19.776563142850154,42.22236680403412],[19.776685037292545,42.222264029928496],[19.776763915426443,42.22216524525703],[19.776806462908446,42.22193171202536],[19.77672826072362,42.22162863512084],[19.77651035732886,42.22133650530974],[19.776163490426942,42.22105364680532],[19.775824396670256,42.22087627830912],[19.775767935512903,42.22083129023471],[19.77571551757871,42.22071057876242],[19.775674492919023,42.22057025558432],[19.77565391199001,42.22054320192021],[19.77559632949517,42.22050459813123],[19.775332751352632,42.22034927843399],[19.775150621949667,42.220205123621945],[19.77491332003684,42.22009861234711],[19.774533114918107,42.21996931688575],[19.774360937219,42.21991150539195],[19.774420434575315,42.219799900028235],[19.774547124913614,42.219562220836856],[19.774772081404826,42.219408017679484],[19.774933380373064,42.21938913408741],[19.77513281934766,42.21940774767031],[19.775640261614935,42.21956977237806],[19.776201175537665,42.21983538939605]],[[19.778607477620437,42.22224303588994],[19.77840067739981,42.22244460256225],[19.77846187773094,42.222475936420395],[19.778606723032187,42.2224831936772],[19.778758925862082,42.222372843064086],[19.77875968967401,42.22234927797658],[19.778706090749967,42.22224919123345],[19.778607477620437,42.22224303588994]]]},"properties":{"SIPERFAQJA":79073,"VOL":"2","FAQE":"3","NR_PAS":"72/1","PRONARET":"SHTET","KUFIZIMET":"_","ZK":"2859","EMRI_I_ZK":"PALAJ"}},
{"type":"Feature","geometry":{"type":"Polygon","coordinates":[[[19.778607477620437,42.22224303588994],[19.778706090749967,42.22224919123345],[19.77875968967401,42.22234927797658],[19.778758925862082,42.222372843064086],[19.778606723032187,42.2224831936772],[19.77846187773094,42.222475936420395],[19.77840067739981,42.22244460256225],[19.778607477620437,42.22224303588994]]]},"properties":{"SIPERFAQJA":474,"VOL":"2","FAQE":"4","NR_PAS":"72/2","PRONARET":"SHTET","KUFIZIMET":"DEDË MARK THANA,LULASH MARK THANA,GJIN MARK THANA","ZK":"2859","EMRI_I_ZK":"PALAJ"}},
{"type":"Feature","geometry":{"type":"Polygon","coordinates":[[[19.777651339072722,42.221903297023076],[19.777998946061444,42.22179924759253],[19.778272625582755,42.22181863613059],[19.778461279597416,42.22185935324954],[19.778494611029146,42.221890384465325],[19.778570823236752,42.221954552707686],[19.778609091429445,42.22208847763502],[19.77834431626109,42.22243685860701],[19.778225608596102,42.2224469621974],[19.77809185645058,42.222409633615186],[19.77787195878551,42.22231388545524],[19.77768635612203,42.22203608328161],[19.777651339072722,42.221903297023076]]]},"properties":{"SIPERFAQJA":3979,"VOL":"2","FAQE":"5","NR_PAS":"72/3","PRONARET":"SHTET","KUFIZIMET":"LAZER PAL GURI,PETRIT PAL GURI","ZK":"2859","EMRI_I_ZK":"PALAJ"}},
{"type":"Feature","geometry":{"type":"Polygon","coordinates":[[[19.777651339072722,42.221903297023076],[19.77768635612203,42.22203608328161],[19.77787195878551,42.22231388545524],[19.77776378964591,42.222356624796504],[19.77750926016514,42.22242262184089],[19.777287678027374,42.22225180079035],[19.777242705048575,42.22206722555523],[19.777651339072722,42.221903297023076]]]},"properties":{"SIPERFAQJA":1760,"VOL":"2","FAQE":"6","NR_PAS":"72/4","PRONARET":"SHTET","KUFIZIMET":"MARJAN LIN FUSHA,FATJON NDOC FUSHA","ZK":"2859","EMRI_I_ZK":"PALAJ"}},
{"type":"Feature","geometry":{"type":"Polygon","coordinates":[[[19.77577017576723,42.22007305102767],[19.775852657421947,42.220077551727634],[19.775934155216746,42.22013568116027],[19.776045070676805,42.220151296069474],[19.77636218138103,42.220136516445876],[19.776473554229952,42.220196925837996],[19.776455539980134,42.2202667906854],[19.776425582918186,42.22038186442937],[19.776423036984234,42.22051371407456],[19.77620520548518,42.2206248845678],[19.775977417410424,42.22059040372649],[19.775834087662332,42.22050123797629],[19.77577017576723,42.22007305102767]]]},"properties":{"SIPERFAQJA":2559,"VOL":"2","FAQE":"7","NR_PAS":"72/5","PRONARET":"SHTET","KUFIZIMET":"AGIM NIKOLLË TOKA","ZK":"2859","EMRI_I_ZK":"PALAJ"}},
{"type":"Feature","geometry":{"type":"Polygon","coordinates":[[[19.77577017576723,42.22007305102767],[19.775834087662332,42.22050123797629],[19.7755269507434,42.22039942460562],[19.7752199064355,42.22018418668052],[19.775174728747636,42.220060891912446],[19.7753771037351,42.22004338072924],[19.77577017576723,42.22007305102767]]]},"properties":{"SIPERFAQJA":1666,"VOL":"2","FAQE":"9","NR_PAS":"72/7","PRONARET":"SHTET","KUFIZIMET":"LEONARD ZEF TOKA,ALFRED ZEF TOKA","ZK":"2859","EMRI_I_ZK":"PALAJ"}},
{"type":"Feature","geometry":{"type":"Polygon","coordinates":[[[19.775757247455203,42.219789206853584],[19.776201175537665,42.21983538939605],[19.776474668030698,42.220139241051776],[19.776473554229952,42.220196925837996],[19.77636218138103,42.220136516445876],[19.776045070676805,42.220151296069474],[19.775934155216746,42.22013568116027],[19.775852657421947,42.220077551727634],[19.77577017576723,42.22007305102767],[19.77575758513497,42.21992741284309],[19.77574790473164,42.21987151639971],[19.775757247455203,42.219789206853584]]]},"properties":{"SIPERFAQJA":1675,"VOL":"2","FAQE":"8","NR_PAS":"72/6","PRONARET":"SHTET","KUFIZIMET":"AGIM NIKOLLË TOKA","ZK":"2859","EMRI_I_ZK":"PALAJ"}},
{"type":"Feature","geometry":{"type":"Polygon","coordinates":[[[19.77577017576723,42.22007305102767],[19.7753771037351,42.22004338072924],[19.775174728747636,42.220060891912446],[19.7751148829359,42.21976778030079],[19.775757247455203,42.219789206853584],[19.77574790473164,42.21987151639971],[19.77575758513497,42.21992741284309],[19.77577017576723,42.22007305102767]]]},"properties":{"SIPERFAQJA":1559,"VOL":"2","FAQE":"10","NR_PAS":"72/8","PRONARET":"SHTET","KUFIZIMET":"LEONARD ZEF TOKA,ALFRED ZEF TOKA","ZK":"2859","EMRI_I_ZK":"PALAJ"}},
{"type":"Feature","geometry":{"type":"Polygon","coordinates":[[[19.777118026596888,42.224081749472376],[19.777215005072502,42.223842526701084],[19.77720485553976,42.22379653679308],[19.777104712479627,42.22373824729775],[19.776961609752753,42.22366347965507],[19.776743660911514,42.22344637166278],[19.776355177593953,42.222949605792266],[19.776270359833234,42.22276513490789],[19.776275457860883,42.22265653625948],[19.776328614363965,42.222568715195955],[19.776528523282504,42.22234860583862],[19.77671709074447,42.2221349059091],[19.776732749494645,42.22195731994337],[19.776719703400257,42.22181989320807],[19.77665573821355,42.221628557973304],[19.776539364199877,42.22147754450632],[19.77642062930407,42.22133404117688],[19.776118065463816,42.22109449000323],[19.775773736298138,42.22090079236434],[19.775716901686426,42.22085163656402],[19.77566094252677,42.22072276988448],[19.77561391857797,42.22061732011509],[19.775578413449928,42.22057138236554],[19.775526948562494,42.220536879829616],[19.775305232685223,42.22037327231795],[19.775086753835353,42.2202369305728],[19.77490717181904,42.22016555699999],[19.774515416530505,42.219997997000746],[19.77434205049996,42.219946933080756],[19.774360937219,42.21991150539195],[19.774533114918107,42.21996931688575],[19.77491332003684,42.22009861234711],[19.775150621949667,42.220205123621945],[19.775332751352632,42.22034927843399],[19.77559632949517,42.22050459813123],[19.77565391199001,42.22054320192021],[19.775674492919023,42.22057025558432],[19.77571551757871,42.22071057876242],[19.775767935512903,42.22083129023471],[19.775824396670256,42.22087627830912],[19.776163490426942,42.22105364680532],[19.77651035732886,42.22133650530974],[19.77672826072362,42.22162863512084],[19.776806462908446,42.22193171202536],[19.776763915426443,42.22216524525703],[19.776685037292545,42.222264029928496],[19.776563142850154,42.22236680403412],[19.77640489161669,42.22255394192013],[19.776357941697633,42.22262636051385],[19.776351918350947,42.222730770026395],[19.77635320690522,42.22278337755281],[19.776466720750232,42.22299522520725],[19.77682634929587,42.223444030081886],[19.77704001937321,42.223656875413326],[19.77713010416347,42.223712952990084],[19.777284069376282,42.22378872045593],[19.777298880405638,42.22385583229123],[19.77719108601584,42.22410295316772],[19.777118026596888,42.224081749472376]]]},"properties":{"SIPERFAQJA":3169,"VOL":"2","FAQE":"11","NR_PAS":"72/9","PRONARET":"SHTET","KUFIZIMET":"_","ZK":"2859","EMRI_I_ZK":"PALAJ"}},
{"type":"Feature","geometry":{"type":"Polygon","coordinates":[[[19.77340880046246,42.222027970461504],[19.77369327086474,42.222033366189656],[19.77370456460831,42.222111382144796],[19.773821456047862,42.22225347176596],[19.773973507582422,42.222363093827624],[19.77411319195505,42.22250132371644],[19.77423217629939,42.22261536833588],[19.774400147928933,42.22268337459183],[19.774568627296535,42.22263948385026],[19.774666626262498,42.22267481573762],[19.774854048371736,42.22269340429012],[19.775008201244926,42.22270541977295],[19.775137897401304,42.22269656396531],[19.775355370562668,42.22264102731431],[19.7755209337144,42.22249937792833],[19.775612934354214,42.222448437731714],[19.775842133001564,42.22226100076693],[19.776136972082938,42.22223009300606],[19.776261683591862,42.222200354809964],[19.77633736561335,42.222139235963795],[19.776362142498876,42.22208062465211],[19.77615799915924,42.22201256498646],[19.77591629317349,42.22210191475825],[19.775733468035,42.222187591494446],[19.775437214976233,42.22238989171436],[19.775328481562862,42.22241700945342],[19.775133866978308,42.22245046599768],[19.774865746936108,42.22245905020344],[19.774744988081537,42.22241846800689],[19.774549171533465,42.22229704765998],[19.774505486733226,42.22226312362085],[19.77452333852674,42.22220665854234],[19.77452360694106,42.22220648076905],[19.774574816868686,42.22217256393076],[19.77476643016935,42.22227378981803],[19.7749406844656,42.22228694996788],[19.775246662546504,42.22214014256031],[19.775487047900114,42.222046735814516],[19.775699421963,42.22201638806409],[19.775773963860477,42.221921680498816],[19.7757312558448,42.22179854410437],[19.775633116578412,42.221734262109685],[19.77537490843943,42.22167416257108],[19.77518730062672,42.22164494864012],[19.77488963336929,42.221680518997964],[19.77483325445375,42.2215842258221],[19.77483339062908,42.22141425406186],[19.77484419335581,42.22127639399451],[19.774830710063096,42.221201043209994],[19.774772225088324,42.22121369519088],[19.774651690577826,42.22127473921325],[19.77447451658081,42.22131269141207],[19.774300975268073,42.2212957532725],[19.774043207373964,42.221279925472004],[19.773862700393423,42.2212885065481],[19.77388318954288,42.22137626557203],[19.77357075322561,42.22139868318509],[19.77356911706058,42.22130114984645],[19.773541750725457,42.22124068787337],[19.773472365676017,42.22115749032404],[19.7734872259079,42.22106151434016],[19.773491744098546,42.22101382249079],[19.773287471447542,42.22089691822018],[19.773155627009235,42.22081986903468],[19.773074314293332,42.22077396537814],[19.773281626958532,42.220726797143826],[19.77348710739987,42.22067750976819],[19.7737003745082,42.22058757822685],[19.773846713314306,42.22048199573011],[19.774293731334136,42.22003756992766],[19.77434205049996,42.219946933080756],[19.774515416530505,42.219997997000746],[19.77490717181904,42.22016555699999],[19.775086753835353,42.2202369305728],[19.775305232685223,42.22037327231795],[19.775526948562494,42.220536879829616],[19.775578413449928,42.22057138236554],[19.77561391857797,42.22061732011509],[19.77566094252677,42.22072276988448],[19.775716901686426,42.22085163656402],[19.775773736298138,42.22090079236434],[19.776118065463816,42.22109449000323],[19.77642062930407,42.22133404117688],[19.776539364199877,42.22147754450632],[19.77665573821355,42.221628557973304],[19.776719703400257,42.22181989320807],[19.776732749494645,42.22195731994337],[19.77671709074447,42.2221349059091],[19.776528523282504,42.22234860583862],[19.776328614363965,42.222568715195955],[19.776275457860883,42.22265653625948],[19.776270359833234,42.22276513490789],[19.776355177593953,42.222949605792266],[19.776743660911514,42.22344637166278],[19.776961609752753,42.22366347965507],[19.777104712479627,42.22373824729775],[19.77720485553976,42.22379653679308],[19.777215005072502,42.223842526701084],[19.777118026596888,42.224081749472376],[19.77707102432727,42.22406810819018],[19.77691662972444,42.22399889532971],[19.776813576893826,42.22398775654693],[19.776595643501608,42.22397858148244],[19.776332054959596,42.223969316989816],[19.77615097043934,42.2239514621032],[19.77602888481804,42.22390856356245],[19.77579298051334,42.22380383498756],[19.775667911141667,42.22377186882899],[19.77553093956611,42.223773788648856],[19.775242102480863,42.22382463411559],[19.775119826824223,42.22383533278157],[19.775056557987998,42.22381880096884],[19.774987506825205,42.22377163003722],[19.774827515639075,42.223620364308495],[19.774771680595816,42.22358415778784],[19.774715131284353,42.2235530835376],[19.77443848556918,42.22348909633063],[19.774060132734434,42.22345006703165],[19.773896765828194,42.2234202109949],[19.77374822049187,42.22336413176967],[19.773461259054866,42.22330230963316],[19.772902826446508,42.223122557220364],[19.7726395324543,42.22303233991194],[19.772366782595608,42.22294540761716],[19.77218923361562,42.22290858927498],[19.77219035976021,42.222571779825316],[19.772211980707862,42.22236685195391],[19.7722370071887,42.22221294221573],[19.772707584063628,42.222081347126526],[19.772864355423792,42.22214237266697],[19.772990460195437,42.222185135006086],[19.77340880046246,42.222027970461504]]]},"properties":{"SIPERFAQJA":82527,"VOL":"2","FAQE":"12","NR_PAS":"73/1","PRONARET":"SHTET","KUFIZIMET":"_","ZK":"2859","EMRI_I_ZK":"PALAJ"}},
{"type":"Feature","geometry":{"type":"Polygon","coordinates":[[[19.77340880046246,42.222027970461504],[19.773467274510836,42.22183501886156],[19.77350220457858,42.221719756678],[19.773537649152356,42.22169411353518],[19.77360900675105,42.22166630252929],[19.773891526399094,42.22167752259244],[19.774008033192857,42.221700164688166],[19.774146504071144,42.22174959909171],[19.774242376956337,42.22178644710047],[19.77437330825873,42.22185147543546],[19.774413886418202,42.22193993888685],[19.774447360484142,42.222050385448526],[19.774488425246663,42.222091071965544],[19.77450887568338,42.22213438067664],[19.774483624862157,42.22219946876533],[19.77452333852674,42.22220665854234],[19.774505486733226,42.22226312362085],[19.774549171533465,42.22229704765998],[19.774744988081537,42.22241846800689],[19.774865746936108,42.22245905020344],[19.775133866978308,42.22245046599768],[19.775328481562862,42.22241700945342],[19.775437214976233,42.22238989171436],[19.775733468035,42.222187591494446],[19.77591629317349,42.22210191475825],[19.77615799915924,42.22201256498646],[19.776362142498876,42.22208062465211],[19.77633736561335,42.222139235963795],[19.776261683591862,42.222200354809964],[19.776136972082938,42.22223009300606],[19.775842133001564,42.22226100076693],[19.775612934354214,42.222448437731714],[19.7755209337144,42.22249937792833],[19.775355370562668,42.22264102731431],[19.775137897401304,42.22269656396531],[19.775008201244926,42.22270541977295],[19.774854048371736,42.22269340429012],[19.774666626262498,42.22267481573762],[19.774568627296535,42.22263948385026],[19.774400147928933,42.22268337459183],[19.77423217629939,42.22261536833588],[19.77411319195505,42.22250132371644],[19.773973507582422,42.222363093827624],[19.773821456047862,42.22225347176596],[19.77370456460831,42.222111382144796],[19.77369327086474,42.222033366189656],[19.77340880046246,42.222027970461504]]]},"properties":{"SIPERFAQJA":9470,"VOL":"2","FAQE":"20","NR_PAS":"73/2","PRONARET":"SHTET","KUFIZIMET":"SUBJEKT I PAIDENTIFIKUAR","ZK":"2859","EMRI_I_ZK":"PALAJ"}},
{"type":"Feature","geometry":{"type":"Polygon","coordinates":[[[19.774574816868686,42.22217256393076],[19.774577428766463,42.22212474034107],[19.774544619793087,42.22210575075168],[19.77455645748104,42.22205722445025],[19.774475761151006,42.22193686629048],[19.774461732942697,42.22186578897911],[19.774545182442466,42.22187310705654],[19.774702587869683,42.221848774385414],[19.77486143983483,42.22171872339322],[19.77488963336929,42.221680518997964],[19.77518730062672,42.22164494864012],[19.77537490843943,42.22167416257108],[19.775633116578412,42.221734262109685],[19.7757312558448,42.22179854410437],[19.775773963860477,42.221921680498816],[19.775699421963,42.22201638806409],[19.775487047900114,42.222046735814516],[19.775246662546504,42.22214014256031],[19.7749406844656,42.22228694996788],[19.77476643016935,42.22227378981803],[19.774574816868686,42.22217256393076]]]},"properties":{"SIPERFAQJA":4858,"VOL":"2","FAQE":"21","NR_PAS":"73/3","PRONARET":"SHTET","KUFIZIMET":"SUBJEKT I PAIDENTIFIKUAR","ZK":"2859","EMRI_I_ZK":"PALAJ"}},
{"type":"Feature","geometry":{"type":"Polygon","coordinates":[[[19.773571452010433,42.22146550712235],[19.773815442331166,42.221469168057645],[19.774016441537498,42.22152441206243],[19.77430651882963,42.22164042317513],[19.77449991231311,42.22165496713361],[19.774704591929655,42.22165153931105],[19.77483325445375,42.2215842258221],[19.77488963336929,42.221680518997964],[19.77486143983483,42.22171872339322],[19.774702587869683,42.221848774385414],[19.774545182442466,42.22187310705654],[19.774461732942697,42.22186578897911],[19.77438649423679,42.221821403724185],[19.774170242657608,42.221710061651734],[19.773949216065944,42.22164330728187],[19.773745725209956,42.22162384774922],[19.77357623618809,42.22162146631133],[19.773571452010433,42.22146550712235]]]},"properties":{"SIPERFAQJA":1935,"VOL":"2","FAQE":"22","NR_PAS":"73/4","PRONARET":"SHTET","KUFIZIMET":"SUBJEKT I PAIDENTIFIKUAR","ZK":"2859","EMRI_I_ZK":"PALAJ"}},
{"type":"Feature","geometry":{"type":"Polygon","coordinates":[[[19.773571452010433,42.22146550712235],[19.77357075322561,42.22139868318509],[19.77388318954288,42.22137626557203],[19.77410611426225,42.221384599301366],[19.77427483932221,42.22148877399343],[19.77437592603013,42.221486125954904],[19.774699368078167,42.22140122410373],[19.77476823869793,42.221368165729544],[19.77483339062908,42.22141425406186],[19.77483325445375,42.2215842258221],[19.774704591929655,42.22165153931105],[19.77449991231311,42.22165496713361],[19.77430651882963,42.22164042317513],[19.774016441537498,42.22152441206243],[19.773815442331166,42.221469168057645],[19.773571452010433,42.22146550712235]]]},"properties":{"SIPERFAQJA":1810,"VOL":"2","FAQE":"23","NR_PAS":"73/5","PRONARET":"SHTET","KUFIZIMET":"SUBJEKT I PAIDENTIFIKUAR","ZK":"2859","EMRI_I_ZK":"PALAJ"}},
{"type":"Feature","geometry":{"type":"Polygon","coordinates":[[[19.77483339062908,42.22141425406186],[19.77476823869793,42.221368165729544],[19.774699368078167,42.22140122410373],[19.77437592603013,42.221486125954904],[19.77427483932221,42.22148877399343],[19.77410611426225,42.221384599301366],[19.77388318954288,42.22137626557203],[19.773862700393423,42.2212885065481],[19.774043207373964,42.221279925472004],[19.774300975268073,42.2212957532725],[19.77447451658081,42.22131269141207],[19.774651690577826,42.22127473921325],[19.774772225088324,42.22121369519088],[19.774830710063096,42.221201043209994],[19.77484419335581,42.22127639399451],[19.77483339062908,42.22141425406186]]]},"properties":{"SIPERFAQJA":1272,"VOL":"2","FAQE":"24","NR_PAS":"73/6","PRONARET":"SHTET","KUFIZIMET":"SUBJEKT I PAIDENTIFIKUAR","ZK":"2859","EMRI_I_ZK":"PALAJ"}},
{"type":"Feature","geometry":{"type":"Polygon","coordinates":[[[19.773537649152356,42.22169411353518],[19.77350220457858,42.221719756678],[19.773467274510836,42.22183501886156],[19.77340880046246,42.222027970461504],[19.772990460195437,42.222185135006086],[19.772864355423792,42.22214237266697],[19.772707584063628,42.222081347126526],[19.77253694037871,42.221770974838215],[19.772408439256434,42.221602593518504],[19.77229111469295,42.221503548826846],[19.772295779349268,42.221480453270075],[19.772327342874544,42.221414038921125],[19.772348634685375,42.221405667774846],[19.77246819028191,42.22151527153452],[19.77262884277078,42.22166255047672],[19.77277170885471,42.2217253523781],[19.77292306778556,42.221766914419426],[19.773077955623656,42.22176347001713],[19.773236343812655,42.221722520650026],[19.77346135868318,42.22162447097809],[19.773537649152356,42.22169411353518]]]},"properties":{"SIPERFAQJA":3457,"VOL":"2","FAQE":"17","NR_PAS":"73/14","PRONARET":"SHTET","KUFIZIMET":"MARK LULASH PRROCKA","ZK":"2859","EMRI_I_ZK":"PALAJ"}},
{"type":"Feature","geometry":{"type":"Polygon","coordinates":[[[19.772707584063628,42.222081347126526],[19.7722370071887,42.22221294221573],[19.7722516974576,42.222122598535314],[19.772258492697343,42.221892158372576],[19.772266923855497,42.22162332175913],[19.77229111469295,42.221503548826846],[19.772408439256434,42.221602593518504],[19.77253694037871,42.221770974838215],[19.772707584063628,42.222081347126526]]]},"properties":{"SIPERFAQJA":1693,"VOL":"2","FAQE":"18","NR_PAS":"73/15","PRONARET":"SHTET","KUFIZIMET":"MARK LULASH PRROCKA","ZK":"2859","EMRI_I_ZK":"PALAJ"}},
{"type":"Feature","geometry":{"type":"Polygon","coordinates":[[[19.773012694680663,42.221516132960346],[19.773210741806675,42.221505910989805],[19.773448606690184,42.22147073210746],[19.77346135868318,42.22162447097809],[19.773236343812655,42.221722520650026],[19.773077955623656,42.22176347001713],[19.77292306778556,42.221766914419426],[19.77277170885471,42.2217253523781],[19.77262884277078,42.22166255047672],[19.77246819028191,42.22151527153452],[19.772597916414735,42.22152638140878],[19.772807498749856,42.221526773982944],[19.773012694680663,42.221516132960346]]]},"properties":{"SIPERFAQJA":1698,"VOL":"2","FAQE":"16","NR_PAS":"73/13","PRONARET":"SHTET","KUFIZIMET":"LEKË FRAN KULLA, PLLUMB TOM KULLA","ZK":"2859","EMRI_I_ZK":"PALAJ"}},
{"type":"Feature","geometry":{"type":"Polygon","coordinates":[[[19.773012694680663,42.221516132960346],[19.772807498749856,42.221526773982944],[19.772597916414735,42.22152638140878],[19.77246819028191,42.22151527153452],[19.772348634685375,42.221405667774846],[19.772327342874544,42.221414038921125],[19.77231856422662,42.221366379571215],[19.772315716065457,42.22132870376652],[19.772347371033025,42.22123680647885],[19.7723713868137,42.221195306011566],[19.77249299390009,42.221263354886354],[19.772741015111365,42.22133918543357],[19.772879885874165,42.221363093037965],[19.772966981001947,42.221378086998016],[19.77300093545537,42.2213799313444],[19.773012694680663,42.221516132960346]]]},"properties":{"SIPERFAQJA":1258,"VOL":"2","FAQE":"15","NR_PAS":"73/12","PRONARET":"SHTET","KUFIZIMET":"SUBJEKT I PAIDENTIFIKUAR","ZK":"2859","EMRI_I_ZK":"PALAJ"}},
{"type":"Feature","geometry":{"type":"Polygon","coordinates":[[[19.772877671317325,42.221245426286075],[19.772879885874165,42.221363093037965],[19.772741015111365,42.22133918543357],[19.77249299390009,42.221263354886354],[19.7723713868137,42.221195306011566],[19.77239540256282,42.22115380553889],[19.772515283530876,42.221030569421316],[19.772556402561644,42.22099428912874],[19.772877671317325,42.221245426286075]]]},"properties":{"SIPERFAQJA":884,"VOL":"2","FAQE":"14","NR_PAS":"73/11","PRONARET":"SHTET","KUFIZIMET":"SUBJEKT I PAIDENTIFIKUAR","ZK":"2859","EMRI_I_ZK":"PALAJ"}},
{"type":"Feature","geometry":{"type":"Polygon","coordinates":[[[19.772925552199787,42.22119616735781],[19.772877671317325,42.221245426286075],[19.772556402561648,42.22099428912874],[19.772717616372972,42.22085204582679],[19.772818584588357,42.221093451756424],[19.772925552199787,42.22119616735781]]]},"properties":{"SIPERFAQJA":447,"VOL":"2","FAQE":"27","NR_PAS":"73/9","PRONARET":"SHTET","KUFIZIMET":"SUBJEKT I PAIDENTIFIKUAR","ZK":"2859","EMRI_I_ZK":"PALAJ"}},
{"type":"Feature","geometry":{"type":"Polygon","coordinates":[[[19.7733412859499,42.22119066214067],[19.773271192765847,42.22125759412621],[19.773109320162078,42.221262335957974],[19.772925552199787,42.22119616735781],[19.772818584588357,42.221093451756424],[19.772717616372972,42.22085204582679],[19.77284294767985,42.22082507421341],[19.772968266948308,42.22079809333141],[19.773099945833447,42.22091708424889],[19.773374109203175,42.22106417896297],[19.7733412859499,42.22119066214067]]]},"properties":{"SIPERFAQJA":1669,"VOL":"2","FAQE":"26","NR_PAS":"73/8","PRONARET":"SHTET","KUFIZIMET":"SUBJEKT I PAIDENTIFIKUAR","ZK":"2859","EMRI_I_ZK":"PALAJ"}},
{"type":"Feature","geometry":{"type":"Polygon","coordinates":[[[19.773012694680663,42.221516132960346],[19.77300093545537,42.2213799313444],[19.772966981001947,42.221378086998016],[19.772879885874165,42.221363093037965],[19.772877671317325,42.221245426286075],[19.772925552199787,42.22119616735781],[19.773109320162078,42.221262335957974],[19.773271192765847,42.22125759412621],[19.7733412859499,42.22119066214067],[19.773452593770195,42.221264473512264],[19.773448606690184,42.22147073210746],[19.773210741806675,42.221505910989805],[19.773012694680663,42.221516132960346]]]},"properties":{"SIPERFAQJA":1230,"VOL":"2","FAQE":"13","NR_PAS":"73/10","PRONARET":"SHTET","KUFIZIMET":"SUBJEKT I PAIDENTIFIKUAR","ZK":"2859","EMRI_I_ZK":"PALAJ"}},
{"type":"Feature","geometry":{"type":"Polygon","coordinates":[[[19.7722370071887,42.22221294221573],[19.772211980707862,42.22236685195391],[19.77219035976021,42.222571779825316],[19.77218923361562,42.22290858927498],[19.772187869927613,42.2229083064857],[19.772086562014024,42.22290985518132],[19.77205782136879,42.22291183216068],[19.772092042879713,42.222627559081],[19.77211615128606,42.22253913677819],[19.772174063441437,42.22224199606118],[19.772139716947596,42.22205187785266],[19.772173177429348,42.22191118304922],[19.77221119470303,42.22168656210671],[19.772220209731767,42.22164605058365],[19.77225482266606,42.22149050730227],[19.772256516329016,42.2214828963153],[19.772294327216525,42.22130516178153],[19.772321498025256,42.22123547569638],[19.772355856880534,42.22114735390288],[19.772385788556072,42.22109329723509],[19.77258600470394,42.220871264445805],[19.772717616372972,42.22085204582679],[19.772556402561648,42.22099428912874],[19.772515283530876,42.221030569421316],[19.77239540256282,42.22115380553889],[19.772371386813703,42.221195306011566],[19.772347371033025,42.22123680647885],[19.772315716065457,42.22132870376652],[19.77231856422662,42.221366379571215],[19.772327342874544,42.221414038921125],[19.772295779349268,42.221480453270075],[19.77229111469295,42.221503548826846],[19.772266923855497,42.22162332175913],[19.772258492697343,42.221892158372576],[19.7722516974576,42.222122598535314],[19.7722370071887,42.22221294221573]]]},"properties":{"SIPERFAQJA":1378,"VOL":"2","FAQE":"19","NR_PAS":"73/16","PRONARET":"SHTET","KUFIZIMET":"_","ZK":"2859","EMRI_I_ZK":"PALAJ"}},
{"type":"Feature","geometry":{"type":"Polygon","coordinates":[[[19.774461732942697,42.22186578897911],[19.774475761151006,42.22193686629048],[19.77455645748104,42.22205722445025],[19.774544619793087,42.22210575075168],[19.774577428766463,42.22212474034107],[19.774574816868686,42.22217256393076],[19.77452360694106,42.22220648076905],[19.77452333852674,42.22220665854234],[19.77448362486216,42.22219946876533],[19.77450887568338,42.22213438067664],[19.774488425246663,42.222091071965544],[19.774447360484142,42.222050385448526],[19.774413886418202,42.22193993888685],[19.77437330825873,42.22185147543546],[19.774242376956337,42.22178644710047],[19.774146504071144,42.22174959909171],[19.774008033192857,42.221700164688166],[19.773891526399094,42.22167752259244],[19.77360900675105,42.22166630252929],[19.773537649152356,42.22169411353518],[19.77346135868318,42.22162447097809],[19.773448606690184,42.22147073210746],[19.773452593770195,42.221264473512264],[19.7733412859499,42.22119066214067],[19.773374109203175,42.22106417896297],[19.773099945833447,42.22091708424889],[19.772968266948308,42.22079809333141],[19.773074314293332,42.22077396537814],[19.773155627009235,42.22081986903468],[19.773287471447542,42.22089691822018],[19.773491744098546,42.22101382249079],[19.7734872259079,42.22106151434016],[19.773472365676017,42.22115749032404],[19.773541750725457,42.22124068787337],[19.77356911706058,42.22130114984645],[19.77357075322561,42.22139868318509],[19.773571452010433,42.22146550712235],[19.77357623618809,42.22162146631133],[19.773745725209956,42.22162384774922],[19.773949216065944,42.22164330728187],[19.774170242657608,42.221710061651734],[19.77438649423679,42.221821403724185],[19.774461732942697,42.22186578897911]]]},"properties":{"SIPERFAQJA":1729,"VOL":"2","FAQE":"25","NR_PAS":"73/7","PRONARET":"SHTET","KUFIZIMET":"_","ZK":"2859","EMRI_I_ZK":"PALAJ"}},
{"type":"Feature","geometry":{"type":"Polygon","coordinates":[[[19.77205782136879,42.22291183216068],[19.77181869202605,42.22292828083825],[19.77159069550918,42.2229935767582],[19.771520690616583,42.223038214948815],[19.771344282512384,42.22312185833354],[19.77112596439801,42.22317178049241],[19.77091778408227,42.223221328121156],[19.770749526922778,42.22324838208659],[19.770640043712667,42.22325363014063],[19.770575164824443,42.22324692696982],[19.770444077365337,42.223192980048886],[19.77028808087572,42.22309296771461],[19.77013654221342,42.22298419925137],[19.770002656414803,42.22288861339594],[19.769799376316186,42.222811513127965],[19.76968654905307,42.22279866289591],[19.76962611150274,42.22278758526031],[19.769576106378246,42.22274694757102],[19.76953661012605,42.22265593302271],[19.769504366307498,42.22259889685789],[19.769482355693107,42.22256707994432],[19.76912732594039,42.22252933724808],[19.769151589926956,42.22246638092761],[19.769144688918303,42.222420163165495],[19.769003645264547,42.22232852188579],[19.7688547458017,42.22204627308717],[19.768810026011412,42.22187038165511],[19.769036041954493,42.22191856695253],[19.76911457671952,42.221964677619],[19.769150314256162,42.222006842086735],[19.76916710639718,42.22206440206118],[19.769255734121938,42.22210737440793],[19.76936427042038,42.222130042078085],[19.769524818809668,42.222135275487],[19.76964475649461,42.22213972563342],[19.769755171720767,42.222165202670475],[19.769910393004132,42.222186482565355],[19.76995782607477,42.22226828133461],[19.77008097740833,42.222221405782754],[19.770393901629937,42.222179224347805],[19.770526344317318,42.22216137111674],[19.77072363265913,42.222167495073684],[19.77073066947537,42.22218987298262],[19.770771368042602,42.22224251817509],[19.771115868604348,42.22221750813832],[19.771308206041844,42.22208589787423],[19.771492452351755,42.222017348131125],[19.77161197268467,42.22201758616323],[19.771912160223962,42.22206957909591],[19.77200397334651,42.22190272544066],[19.772139716947596,42.22205187785266],[19.772174063441437,42.22224199606118],[19.77211615128606,42.22253913677819],[19.772092042879713,42.222627559081],[19.77205782136879,42.22291183216068]]]},"properties":{"SIPERFAQJA":23924,"VOL":"2","FAQE":"28","NR_PAS":"74/1","PRONARET":"SHTET","KUFIZIMET":"_","ZK":"2859","EMRI_I_ZK":"PALAJ"}},
{"type":"Feature","geometry":{"type":"Polygon","coordinates":[[[19.76912732594039,42.22252933724808],[19.769482355693107,42.22256707994432],[19.769504366307498,42.22259889685789],[19.76953661012605,42.22265593302271],[19.769576106378246,42.22274694757102],[19.76962611150274,42.22278758526031],[19.76968654905307,42.22279866289591],[19.769799376316186,42.222811513127965],[19.770002656414803,42.22288861339594],[19.77013654221342,42.22298419925137],[19.77028808087572,42.22309296771461],[19.770444077365337,42.223192980048886],[19.770575164824443,42.22324692696982],[19.770640043712667,42.22325363014063],[19.770749526922778,42.22324838208659],[19.77091778408227,42.223221328121156],[19.77112596439801,42.22317178049241],[19.771344282512384,42.22312185833354],[19.771520690616583,42.223038214948815],[19.77159069550918,42.2229935767582],[19.77181869202605,42.22292828083825],[19.77205782136879,42.22291183216068],[19.772086562014024,42.22290985518132],[19.772187869927613,42.2229083064857],[19.77218923361562,42.22290858927498],[19.772366782595608,42.22294540761716],[19.7726395324543,42.22303233991194],[19.772902826446508,42.223122557220364],[19.773461259054866,42.22330230963316],[19.77374822049187,42.22336413176967],[19.773896765828194,42.2234202109949],[19.774060132734434,42.22345006703165],[19.77443848556918,42.22348909633063],[19.774715131284353,42.2235530835376],[19.774771680595816,42.22358415778784],[19.774827515639075,42.223620364308495],[19.774987506825205,42.22377163003722],[19.775056557987998,42.22381880096884],[19.775119826824223,42.22383533278157],[19.775242102480863,42.22382463411559],[19.77553093956611,42.223773788648856],[19.775667911141667,42.22377186882899],[19.77579298051334,42.22380383498756],[19.77602888481804,42.22390856356245],[19.77615097043934,42.2239514621032],[19.776332054959596,42.223969316989816],[19.776595643501608,42.22397858148244],[19.776813576893826,42.22398775654693],[19.77691662972444,42.22399889532971],[19.77707102432727,42.22406810819018],[19.777118026596888,42.224081749472376],[19.77719108601584,42.22410295316772],[19.777414500659045,42.224167793383636],[19.77753065048783,42.22422380531069],[19.77764667455315,42.22431591377406],[19.77772586552063,42.22441232630261],[19.777812415831352,42.22450984663764],[19.77786533084569,42.22453948325255],[19.777978609671457,42.224574705854906],[19.77815667431624,42.224614428930245],[19.77834502547043,42.22466073493369],[19.77849954560551,42.22469494281886],[19.778668846708474,42.224713864868065],[19.778821997780632,42.22471853582773],[19.778907352531995,42.224737295909186],[19.779065239048908,42.224755455606584],[19.779067267759466,42.22478454671514],[19.77897522430531,42.22479362870172],[19.77892866994363,42.22478988596392],[19.778818748734853,42.22475630207032],[19.778670703800643,42.22474697538702],[19.778544603715684,42.224754171003106],[19.77832916098729,42.224727654418906],[19.778050623672705,42.224655774687854],[19.777920437416178,42.22462114271814],[19.777807263832255,42.22457352224782],[19.777702145593413,42.22448631719201],[19.777599516423262,42.2243573564326],[19.77742600149555,42.22424893422037],[19.777210963047303,42.224178901457854],[19.776834492992155,42.22411168958706],[19.77649196353818,42.2240642499917],[19.776146451846962,42.22403203159548],[19.77597375573877,42.223999062365515],[19.775669319327594,42.22389517603745],[19.775522080213353,42.223850689587294],[19.7754305401905,42.22384779055593],[19.77520269987742,42.22389276895167],[19.775074043962615,42.22389599110263],[19.774996925938666,42.22387673019661],[19.774908279520975,42.223810540981454],[19.77476133171393,42.223695594557185],[19.774586242833692,42.2236014396265],[19.77436891108086,42.22354715770618],[19.774191205217765,42.223531172712235],[19.773840453988008,42.22350442304291],[19.773576350203182,42.22344831035603],[19.773142741892677,42.22331066937817],[19.77260223319172,42.22312975608699],[19.772360264400533,42.223083773490224],[19.77217802884713,42.22305741025518],[19.772002966183326,42.22306464615722],[19.771794296314063,42.223088065906545],[19.771608041000228,42.22315938835221],[19.771330572310745,42.22324984058894],[19.771158340115385,42.223280915261995],[19.7709263978041,42.2232858692914],[19.77079329276362,42.223290904830186],[19.77060498764698,42.22332953056404],[19.770466472416548,42.22331408601501],[19.77039512866789,42.22327819132421],[19.77027235634422,42.22317401520708],[19.770189555333655,42.22311652148092],[19.770138687396052,42.22308829653755],[19.77008927923713,42.22305899267012],[19.769980539637483,42.22295895822299],[19.769751131400998,42.222871023663494],[19.769579697985638,42.22283396208621],[19.769531501056065,42.22280982216001],[19.76947078447887,42.222713586373935],[19.769430348312373,42.22263791013833],[19.769385342792354,42.2226194608565],[19.76917888492407,42.22261796573225],[19.769005813107515,42.22263165640961],[19.768732268654745,42.222686181655774],[19.768538909469207,42.22269395542297],[19.768331239361068,42.22267195489982],[19.76814396364596,42.22263488834953],[19.76799742137552,42.22258279701036],[19.767885620017623,42.222565305910535],[19.767676355122845,42.22258214718664],[19.767503425473304,42.222594745643235],[19.767424998772203,42.22258811224089],[19.767317555961178,42.22257062942454],[19.76712867347489,42.222575641236624],[19.76688458880563,42.222579461823905],[19.766640347733198,42.22251181543103],[19.766684450218268,42.22250635258385],[19.766759786468423,42.22249884442795],[19.766900945911523,42.22242320961773],[19.767104351594437,42.222450079691114],[19.76724498275962,42.222467602567754],[19.767508923130038,42.22247998856501],[19.767912092832102,42.22249696510044],[19.76804403321308,42.22251123739424],[19.76837902130625,42.22261165137694],[19.768641206028303,42.2226139037829],[19.768805908446943,42.22259791336595],[19.769020481648027,42.222525988863886],[19.76912732594039,42.22252933724808]]]},"properties":{"SIPERFAQJA":10740,"VOL":"1","FAQE":"245","NR_PAS":"71/20","PRONARET":"SHTET","KUFIZIMET":"_","ZK":"2859","EMRI_I_ZK":"PALAJ"}},
{"type":"Feature","geometry":{"type":"Polygon","coordinates":[[[19.77200397334651,42.22190272544066],[19.771912160223962,42.22206957909591],[19.77161197268467,42.22201758616323],[19.771492452351755,42.222017348131125],[19.771308206041844,42.22208589787423],[19.771115868604348,42.22221750813832],[19.770771368042602,42.22224251817509],[19.77073066947537,42.22218987298262],[19.77102665873248,42.22209818519073],[19.77113230315397,42.22202130242417],[19.77126956046196,42.2219000951374],[19.771370410959037,42.22184422796428],[19.771532454629856,42.221827029540364],[19.77200397334651,42.22190272544066]]]},"properties":{"SIPERFAQJA":1837,"VOL":"2","FAQE":"41","NR_PAS":"74/7","PRONARET":"SHTET","KUFIZIMET":"SOKOL VATË KULLA","ZK":"2859","EMRI_I_ZK":"PALAJ"}},
{"type":"Feature","geometry":{"type":"Polygon","coordinates":[[[19.771732140172656,42.221659798795955],[19.771735910602096,42.2217081544813],[19.772056503960478,42.22178741171921],[19.77200397334651,42.22190272544066],[19.771532454629856,42.221827029540364],[19.771370410959037,42.22184422796428],[19.77126956046196,42.2219000951374],[19.77113230315397,42.22202130242417],[19.77102665873248,42.22209818519073],[19.77073066947537,42.22218987298262],[19.77072363265913,42.222167495073684],[19.770526344317318,42.22216137111674],[19.770515752109183,42.22193925873807],[19.770736056959056,42.2219360186481],[19.770964153412205,42.22186102210423],[19.771278743952518,42.221678179214365],[19.771337026423407,42.221644304699375],[19.77139130325878,42.22164324153659],[19.771732140172656,42.221659798795955]]]},"properties":{"SIPERFAQJA":2895,"VOL":"2","FAQE":"42","NR_PAS":"74/8","PRONARET":"SHTET","KUFIZIMET":"SOKOL VATË KULLA","ZK":"2859","EMRI_I_ZK":"PALAJ"}},
{"type":"Feature","geometry":{"type":"Polygon","coordinates":[[[19.771615922319754,42.22138699549573],[19.771707486561592,42.22149591063312],[19.771459986580666,42.22152011513099],[19.771337026423407,42.221644304699375],[19.771278743952518,42.221678179214365],[19.770964153412205,42.22186102210423],[19.770736056959056,42.2219360186481],[19.770515752109183,42.22193925873807],[19.770512782911638,42.221876996142655],[19.77050816842745,42.22154761797371],[19.770746282917955,42.22146699603328],[19.77071770486499,42.221433066361314],[19.770922885949446,42.221432776555126],[19.77110273432637,42.22141575360384],[19.771282067115017,42.2213568344756],[19.771353673524526,42.22139776866518],[19.771569995164487,42.22133236524074],[19.771615922319754,42.22138699549573]]]},"properties":{"SIPERFAQJA":3578,"VOL":"2","FAQE":"43","NR_PAS":"74/9","PRONARET":"SHTET","KUFIZIMET":"SOKOL VATË KULLA","ZK":"2859","EMRI_I_ZK":"PALAJ"}},
{"type":"Feature","geometry":{"type":"Polygon","coordinates":[[[19.77200397334651,42.22190272544066],[19.772056503960478,42.22178741171921],[19.771735910602096,42.2217081544813],[19.771732140172656,42.221659798795955],[19.772220209731767,42.22164605058365],[19.77221119470303,42.22168656210671],[19.772173177429348,42.22191118304922],[19.772139716947596,42.22205187785266],[19.77200397334651,42.22190272544066]]]},"properties":{"SIPERFAQJA":744,"VOL":"2","FAQE":"36","NR_PAS":"74/2","PRONARET":"SHTET","KUFIZIMET":"MARK LULASH PRROCKA","ZK":"2859","EMRI_I_ZK":"PALAJ"}},
{"type":"Feature","geometry":{"type":"Polygon","coordinates":[[[19.771725239651694,42.22154946137322],[19.771857184509955,42.221560067570536],[19.771986871285627,42.22155751974779],[19.772122919585957,42.221536282010305],[19.77225482266606,42.22149050730227],[19.772220209731767,42.22164605058365],[19.771732140172656,42.221659798795955],[19.771725239651694,42.22154946137322]]]},"properties":{"SIPERFAQJA":502,"VOL":"2","FAQE":"37","NR_PAS":"74/3","PRONARET":"SHTET","KUFIZIMET":"MARK LULASH PRROCKA","ZK":"2859","EMRI_I_ZK":"PALAJ"}},
{"type":"Feature","geometry":{"type":"Polygon","coordinates":[[[19.771615922319754,42.22138699549573],[19.772120056609317,42.221273389133614],[19.772321498025253,42.22123547569638],[19.772294327216525,42.22130516178153],[19.772256516329016,42.2214828963153],[19.77225482266606,42.22149050730227],[19.772122919585957,42.221536282010305],[19.771986871285627,42.22155751974779],[19.771857184509955,42.221560067570536],[19.771725239651694,42.22154946137322],[19.771720044095833,42.2215108477127],[19.771707486561592,42.22149591063312],[19.771615922319754,42.22138699549573]]]},"properties":{"SIPERFAQJA":1308,"VOL":"2","FAQE":"38","NR_PAS":"74/4","PRONARET":"SHTET","KUFIZIMET":"LEK FRAN KULLA, PLLUMB TOM KULLA","ZK":"2859","EMRI_I_ZK":"PALAJ"}},
{"type":"Feature","geometry":{"type":"Polygon","coordinates":[[[19.771615922319754,42.22138699549573],[19.771569995164487,42.22133236524074],[19.771353673524526,42.22139776866518],[19.771282067115017,42.2213568344756],[19.771314620198773,42.2213461392377],[19.771488365521783,42.22122783584964],[19.77173025023387,42.22113387534815],[19.771890513256462,42.22107622944841],[19.771983164186068,42.2210388531055],[19.77207259830744,42.22098747045697],[19.77213401926035,42.220946041618774],[19.772222708971185,42.220924313929245],[19.77258600470394,42.220871264445805],[19.772385788556072,42.22109329723509],[19.772355856880534,42.22114735390288],[19.772321498025256,42.22123547569638],[19.772120056609317,42.221273389133614],[19.771615922319754,42.22138699549573]]]},"properties":{"SIPERFAQJA":2415,"VOL":"2","FAQE":"39","NR_PAS":"74/5","PRONARET":"SHTET","KUFIZIMET":"LEK ZEF PREKË NIKË PETRIT FRAN KULLA, TOM KOLE KULLA 1/2 OB 2KT","ZK":"2859","EMRI_I_ZK":"PALAJ"}},
{"type":"Feature","geometry":{"type":"Polygon","coordinates":[[[19.771732140172656,42.221659798795955],[19.77139130325878,42.22164324153659],[19.771337026423407,42.221644304699375],[19.771459986580666,42.22152011513099],[19.771707486561592,42.22149591063312],[19.771720044095833,42.2215108477127],[19.771725239651694,42.22154946137322],[19.771732140172656,42.221659798795955]]]},"properties":{"SIPERFAQJA":426,"VOL":"2","FAQE":"40","NR_PAS":"74/6","PRONARET":"SHTET","KUFIZIMET":"SOKOL VATË KULLA","ZK":"2859","EMRI_I_ZK":"PALAJ"}},
{"type":"Feature","geometry":{"type":"Polygon","coordinates":[[[19.76998118361154,42.222028035282],[19.770329921789543,42.22213980746307],[19.770393901629937,42.222179224347805],[19.77008097740833,42.222221405782754],[19.76995782607477,42.22226828133461],[19.769910393004132,42.222186482565355],[19.76998118361154,42.222028035282]]]},"properties":{"SIPERFAQJA":519,"VOL":"2","FAQE":"31","NR_PAS":"74/12","PRONARET":"SHTET","KUFIZIMET":"JAKË MHILL RRASA ,GJON MHILL RRASA,MARTIN ZEF RRASA","ZK":"2859","EMRI_I_ZK":"PALAJ"}},
{"type":"Feature","geometry":{"type":"Polygon","coordinates":[[[19.76998118361154,42.222028035282],[19.770011862485678,42.22195936794018],[19.77002313601078,42.22194029871686],[19.77006022749892,42.22187755819211],[19.770110700691628,42.22189404349383],[19.770314328007135,42.22192419716964],[19.770515752109183,42.22193925873807],[19.770526344317318,42.22216137111674],[19.770393901629937,42.222179224347805],[19.770329921789543,42.22213980746307],[19.76998118361154,42.222028035282]]]},"properties":{"SIPERFAQJA":951,"VOL":"2","FAQE":"30","NR_PAS":"74/11","PRONARET":"SHTET","KUFIZIMET":"JAKË MHILL RRASA ,GJON MHILL RRASA,MARTIN ZEF RRASA","ZK":"2859","EMRI_I_ZK":"PALAJ"}},
{"type":"Feature","geometry":{"type":"Polygon","coordinates":[[[19.77071770486499,42.221433066361314],[19.770746282917955,42.22146699603328],[19.77050816842745,42.22154761797371],[19.770512782911638,42.221876996142655],[19.770515752109183,42.22193925873807],[19.770314328007135,42.22192419716964],[19.770110700691628,42.22189404349383],[19.77006022749892,42.22187755819211],[19.77001791380355,42.22185017103348],[19.770002482350304,42.22181709260557],[19.769991749882653,42.221657952967455],[19.76988717770476,42.22163334613517],[19.76985128851762,42.221618589794836],[19.76996597081088,42.22157510023615],[19.77006768283159,42.22150653914528],[19.770248701903515,42.22146728505839],[19.770453549752563,42.22145146742885],[19.77066534980437,42.22143314025097],[19.77071770486499,42.221433066361314]]]},"properties":{"SIPERFAQJA":2244,"VOL":"2","FAQE":"29","NR_PAS":"74/10","PRONARET":"SHTET","KUFIZIMET":"JAKË MHILL RRASA ,GJON MHILL RRASA,MARTIN ZEF RRASA","ZK":"2859","EMRI_I_ZK":"PALAJ"}},
{"type":"Feature","geometry":{"type":"Polygon","coordinates":[[[19.769887177704767,42.22163334613517],[19.769991749882653,42.221657952967455],[19.770002482350304,42.22181709260557],[19.77001791380355,42.22185017103348],[19.77006022749892,42.22187755819211],[19.77002313601078,42.22194029871686],[19.769783225203778,42.221895418337546],[19.769693110837782,42.22190337541213],[19.7696405360665,42.22192246085003],[19.76952858547416,42.22194030195903],[19.76944213565142,42.221941534859354],[19.76940264107148,42.22193106521435],[19.76931790500724,42.22187606915687],[19.769175256927987,42.22180574221216],[19.76910147733554,42.22177743311114],[19.76900356818291,42.22170141942746],[19.768952118868285,42.22168109822771],[19.76877279248989,42.221654042361926],[19.768671872753558,42.22145822051318],[19.76867280023163,42.22144042645284],[19.768737228647183,42.22144002068996],[19.76887143054623,42.2214500402455],[19.76897692016386,42.22148038629041],[19.769082960172735,42.22152358457107],[19.769209894323314,42.221563279473685],[19.769406743029673,42.22163244335259],[19.76946158630483,42.22164496164852],[19.769798189856807,42.22164744509557],[19.769887177704767,42.22163334613517]]]},"properties":{"SIPERFAQJA":3049,"VOL":"2","FAQE":"33","NR_PAS":"74/14","PRONARET":"SHTET","KUFIZIMET":"ALEKSANDER FRAN PLEPI,GJERGJ NIKOLL PLEPI","ZK":"2859","EMRI_I_ZK":"PALAJ"}},
{"type":"Feature","geometry":{"type":"Polygon","coordinates":[[[19.769910393004132,42.222186482565355],[19.769755171720767,42.222165202670475],[19.76964475649461,42.22213972563342],[19.769524818809668,42.222135275487],[19.76936427042038,42.222130042078085],[19.769255734121938,42.22210737440793],[19.76916710639718,42.22206440206118],[19.769150314256162,42.222006842086735],[19.76911457671952,42.221964677619],[19.769036041954493,42.22191856695253],[19.768810026011412,42.22187038165511],[19.76877279248989,42.221654042361926],[19.768952118868285,42.22168109822771],[19.76900356818291,42.22170141942746],[19.76910147733554,42.22177743311114],[19.769175256927987,42.22180574221216],[19.76931790500724,42.22187606915687],[19.76940264107148,42.22193106521435],[19.76944213565142,42.221941534859354],[19.76952858547416,42.22194030195903],[19.7696405360665,42.22192246085003],[19.769693110837782,42.22190337541213],[19.769783225203778,42.221895418337546],[19.77002313601078,42.22194029871686],[19.770011862485678,42.22195936794018],[19.76998118361154,42.222028035282],[19.769910393004132,42.222186482565355]]]},"properties":{"SIPERFAQJA":2457,"VOL":"2","FAQE":"32","NR_PAS":"74/13","PRONARET":"SHTET","KUFIZIMET":"ALEKSANDER FRAN PLEPI,GJERGJ NIKOLL PLEPI","ZK":"2859","EMRI_I_ZK":"PALAJ"}},
{"type":"Feature","geometry":{"type":"Polygon","coordinates":[[[19.768667563038267,42.222133339210004],[19.768674988315748,42.222060659419995],[19.768694728031114,42.2219321362209],[19.768718183022443,42.221831924726125],[19.76872786420482,42.221771850229246],[19.768632013226757,42.221609424882644],[19.76856257813246,42.221592429673386],[19.76853432040306,42.22156287581693],[19.768525533085448,42.2214215454124],[19.76855599272325,42.22140196806782],[19.768622727977885,42.22140070405118],[19.76867372770916,42.22142263239243],[19.76867280023163,42.22144042645284],[19.768671872753558,42.22145822051318],[19.76877279248989,42.221654042361926],[19.768810026011412,42.22187038165511],[19.7688547458017,42.22204627308717],[19.769003645264547,42.22232852188579],[19.769144688918303,42.222420163165495],[19.769151589926956,42.22246638092761],[19.76912732594039,42.22252933724808],[19.769020481648027,42.222525988863886],[19.76903233592476,42.22244865408345],[19.769003118942457,42.22240495724565],[19.768923703119864,42.22236732488925],[19.768801400608123,42.22227453606674],[19.768742626282574,42.22222121459262],[19.768713591174986,42.22219487320415],[19.768667563038267,42.222133339210004]]]},"properties":{"SIPERFAQJA":1487,"VOL":"2","FAQE":"35","NR_PAS":"74/16","PRONARET":"SHTET","KUFIZIMET":"_","ZK":"2859","EMRI_I_ZK":"PALAJ"}},
{"type":"Feature","geometry":{"type":"Polygon","coordinates":[[[19.768667563038267,42.222133339210004],[19.76858967268724,42.222136650848924],[19.768513527006107,42.22219745090452],[19.76850393370578,42.22222562777556],[19.768520486949505,42.222278736357],[19.768599287641194,42.22225526007116],[19.768625911552537,42.22230258405223],[19.768722018426246,42.222279142869205],[19.76869756367859,42.222230740828294],[19.768742626282574,42.22222121459262],[19.768801400608123,42.22227453606674],[19.768923703119864,42.22236732488925],[19.769003118942457,42.22240495724565],[19.76903233592476,42.22244865408345],[19.769020481648027,42.222525988863886],[19.768805908446943,42.22259791336595],[19.768641206028303,42.2226139037829],[19.76837902130625,42.22261165137694],[19.76804403321308,42.22251123739424],[19.767912092832102,42.22249696510044],[19.767508923130038,42.22247998856501],[19.76724498275962,42.222467602567754],[19.767104351594437,42.222450079691114],[19.766900945911523,42.22242320961773],[19.767270830247003,42.22222501976097],[19.767322288047378,42.22217983144186],[19.767364624587,42.22215088449541],[19.76741768991351,42.222135124377],[19.767468353383357,42.222130762517054],[19.7675234637549,42.22212318953872],[19.767580790098357,42.22211564034579],[19.767640423174214,42.2221015801395],[19.767676076888765,42.22207745859644],[19.76768999444776,42.22204003195594],[19.767702101123195,42.22198299654898],[19.76771592324712,42.221950475208615],[19.767740518182496,42.22192950270964],[19.767884871964164,42.22188494308775],[19.76794234485167,42.22186922107251],[19.76800654407648,42.22184704451336],[19.768074948489907,42.22183470774124],[19.768145607976738,42.22181913626613],[19.76820961671384,42.22180675220103],[19.768260648485512,42.221782804637094],[19.768298620559882,42.22175217202536],[19.768397439650183,42.221605737257775],[19.768428403832957,42.221534347321466],[19.768459241990747,42.22147504629957],[19.768495073428834,42.22144112274877],[19.768525533085448,42.2214215454124],[19.76853432040306,42.22156287581693],[19.76856257813246,42.221592429673386],[19.768632013226757,42.221609424882644],[19.76872786420482,42.221771850229246],[19.768718183022443,42.221831924726125],[19.768694728031114,42.2219321362209],[19.768674988315748,42.222060659419995],[19.768667563038267,42.222133339210004]],[[19.768866610488256,42.22237778720105],[19.768754450561154,42.222433753622006],[19.768632822506223,42.222468399747555],[19.768674176445515,42.22254238146832],[19.768747810648463,42.22252217492459],[19.768897983052735,42.222476411139986],[19.768866610488256,42.22237778720105]]]},"properties":{"SIPERFAQJA":9499,"VOL":"2","FAQE":"46","NR_PAS":"75/3","PRONARET":"SHTET","KUFIZIMET":"_","ZK":"2859","EMRI_I_ZK":"PALAJ"}},
{"type":"Feature","geometry":{"type":"Polygon","coordinates":[[[19.768866610488256,42.22237778720105],[19.768897983052735,42.222476411139986],[19.768747810648463,42.22252217492459],[19.768674176445515,42.22254238146832],[19.768632822506223,42.222468399747555],[19.768754450561154,42.222433753622006],[19.768866610488256,42.22237778720105]]]},"properties":{"SIPERFAQJA":195,"VOL":"2","FAQE":"44","NR_PAS":"75/1","PRONARET":"SHTET","KUFIZIMET":"ALEKSANDER FRAN PLEPI,GJERGJ NIKOLL PLEPI","ZK":"2859","EMRI_I_ZK":"PALAJ"}},
{"type":"Feature","geometry":{"type":"Polygon","coordinates":[[[19.768742626282574,42.22222121459262],[19.76869756367859,42.222230740828294],[19.768722018426246,42.222279142869205],[19.768625911552537,42.22230258405223],[19.768599287641194,42.22225526007116],[19.768520486949505,42.222278736357],[19.76850393370578,42.22222562777556],[19.768513527006107,42.22219745090452],[19.76858967268724,42.222136650848924],[19.768667563038267,42.222133339210004],[19.768713591174986,42.22219487320415],[19.768742626282574,42.22222121459262]]]},"properties":{"SIPERFAQJA":236,"VOL":"2","FAQE":"45","NR_PAS":"75/2","PRONARET":"SHTET","KUFIZIMET":"LEKË FRAN KULLA","ZK":"2859","EMRI_I_ZK":"PALAJ"}},
{"type":"Feature","geometry":{"type":"Polygon","coordinates":[[[19.771443017256896,42.23243220137688],[19.771523526114702,42.23242277400842],[19.77159634953936,42.23241424552987],[19.771751449326796,42.23242070497781],[19.77182731753843,42.23242632476281],[19.77201137821694,42.23239295218247],[19.772217975163965,42.2322837050663],[19.772382356317834,42.23221628109111],[19.772478728016072,42.23218464281678],[19.772541243537397,42.232164174221694],[19.77258587628044,42.232131982100384],[19.77272352078135,42.231973959152235],[19.77282960212,42.23185191409369],[19.772879877689327,42.23179480050202],[19.77291922697849,42.23176831326921],[19.77297903859342,42.23175357705534],[19.773155223498875,42.231743938786984],[19.773423932124643,42.231764313643986],[19.77355894506233,42.23198479555206],[19.77406775653354,42.23257109905585],[19.774515460885425,42.23301976642987],[19.774562144841155,42.23310380776178],[19.774357533562007,42.23329393108405],[19.774077516691246,42.23347629815206],[19.77399445030981,42.23351015955583],[19.773920458136796,42.23353583567899],[19.773793198116092,42.23355102156676],[19.77367510838899,42.23355306280465],[19.77348592718489,42.23354607943215],[19.773319103031955,42.23353436554137],[19.773168134545404,42.23350959646073],[19.77276948550165,42.23334788793646],[19.772619595494977,42.23326687352895],[19.772533494353215,42.2332278987954],[19.772394496076863,42.23310809218837],[19.772394757221402,42.23309461835503],[19.77239918899668,42.23308221544025],[19.772412029814383,42.23306783197692],[19.77243870631448,42.23306086156058],[19.772450174377752,42.23304542812074],[19.772442436500246,42.23301215336068],[19.772405489756196,42.232973380559315],[19.772340686709605,42.232931203726814],[19.772246630645252,42.232884563582644],[19.772160445275496,42.23286496988582],[19.771946745275134,42.23281626531338],[19.77186809714259,42.23279655405117],[19.77180638891234,42.232775970863685],[19.77173917081447,42.2327490449421],[19.771683321797507,42.232718045616714],[19.771621979393064,42.23267860616918],[19.771561381109663,42.232601427493755],[19.771529992123455,42.232546581594974],[19.771457042240073,42.23244608031272],[19.771443017256896,42.23243220137688]]]},"properties":{"SIPERFAQJA":27757,"VOL":"1","FAQE":"117","NR_PAS":"63/3","PRONARET":"SHTET","KUFIZIMET":"_","ZK":"2859","EMRI_I_ZK":"PALAJ"}},
{"type":"Feature","geometry":{"type":"Polygon","coordinates":[[[19.754419356238444,42.21314415136953],[19.75418218521259,42.21315136109501],[19.75405868422554,42.21313549859729],[19.753902994596608,42.2130999399955],[19.753740994064785,42.21305461697228],[19.753572848065343,42.21298988967697],[19.753436712869245,42.212954524942454],[19.75349448745175,42.212737878773204],[19.753685069839282,42.212432597288746],[19.753687168408884,42.212325869054204],[19.75368876737042,42.21224454930253],[19.753703747540428,42.212178634105534],[19.75371188709247,42.212112644574546],[19.753713585997808,42.21202623952161],[19.75371478496037,42.21196526095481],[19.753743258646804,42.211909647134355],[19.753805635131425,42.211869660829464],[19.754059020331912,42.21186224990544],[19.754188252435007,42.21190431776604],[19.754262224302092,42.211971208209754],[19.75439728643964,42.21206417598981],[19.754458352390863,42.212090253077584],[19.754677248239332,42.212097707388274],[19.754759359488773,42.212098598903744],[19.754875298488937,42.21212019413451],[19.754929436321234,42.21215128214363],[19.754927439746744,42.212252925132226],[19.754924844166844,42.21238506191463],[19.75492284756866,42.21248670489891],[19.75487325388809,42.21257258102528],[19.754803712974756,42.21262774027289],[19.754720502572045,42.21268276006561],[19.754630239606776,42.21274786698361],[19.754546330139956,42.2128384477314],[19.75448989481478,42.212924258394274],[19.754419356238444,42.21314415136953]]]},"properties":{"SIPERFAQJA":11787,"VOL":"2","FAQE":"48","NR_PAS":"76","PRONARET":"SHTET","KUFIZIMET":"_","ZK":"2859","EMRI_I_ZK":"PALAJ"}},
{"type":"Feature","geometry":{"type":"Polygon","coordinates":[[[19.780757499112468,42.21046164221979],[19.781250385948834,42.21059425648884],[19.78161645278934,42.21071608695278],[19.782087246237634,42.210842251234396],[19.782302191369148,42.21090592124263],[19.782498727203798,42.2109363383983],[19.782612698173686,42.21096117060942],[19.782809234340494,42.210991587236826],[19.782897248931995,42.21104446544451],[19.782939929581087,42.211139372162386],[19.78294175310401,42.21137551704181],[19.782674670895723,42.21170797927164],[19.782376970966737,42.21197872804778],[19.781779484319106,42.21229823645468],[19.781522560729044,42.21243245267092],[19.781304591321092,42.21252459062162],[19.781145463367057,42.212532343267114],[19.781005610385247,42.21253085697267],[19.78087293109696,42.212486946156616],[19.780742328920958,42.21233443361183],[19.780725234846525,42.21189978425679],[19.780688925484526,42.21180494446571],[19.780634600719633,42.21165325165897],[19.780560141691616,42.211558006234576],[19.78045970046517,42.21149082423938],[19.780391392124777,42.21140509668539],[19.780380314876382,42.21131996867258],[19.78028378089794,42.21104975959027],[19.780237201045342,42.21082730858479],[19.7801428545147,42.21038434740581],[19.780757499112468,42.21046164221979]]]},"properties":{"SIPERFAQJA":33528,"VOL":"1","FAQE":"59","NR_PAS":"77","PRONARET":"SHTET","KUFIZIMET":"_","ZK":"2859","EMRI_I_ZK":"PALAJ"}},
{"type":"Feature","geometry":{"type":"Polygon","coordinates":[[[19.740896305810104,42.18508495474215],[19.740899783036365,42.1851067519189],[19.740837931012784,42.185101733757186],[19.740774729543585,42.18510981736908],[19.740687950878584,42.18511471629134],[19.74054625557681,42.18510730894323],[19.7403229470698,42.18504338781976],[19.74007642274183,42.184958721601824],[19.739850756585337,42.184870944083954],[19.739545451878524,42.184765042258974],[19.739452033422054,42.184664277131176],[19.73940388377754,42.184561200663175],[19.73935581464159,42.1844534707732],[19.739357203469773,42.18438357273119],[19.739358222107548,42.18433230576602],[19.739358962656976,42.184295034610024],[19.739328267138706,42.184262063238705],[19.739291186053762,42.18423368496364],[19.739247546217573,42.18421922445085],[19.73919138100016,42.18420462624534],[19.739135111055564,42.184194690149],[19.739072665215055,42.18418001384418],[19.739028864352,42.184174878053796],[19.738929244849423,42.18413649457164],[19.73890452844471,42.18411756968271],[19.738886346344767,42.18408474477125],[19.73888690200475,42.184056789158],[19.738888013680143,42.184000859930066],[19.738914860309592,42.183912606634216],[19.73891064147453,42.18381001292633],[19.738893571115288,42.183721258784395],[19.73883796209579,42.18367870479677],[19.738704796343075,42.18364914381562],[19.73866115704484,42.18363468308545],[19.738617727346092,42.1836108980672],[19.73858064677911,42.183582528569126],[19.738549927802765,42.183549556729375],[19.738525489462926,42.183516662955896],[19.738507239411963,42.183488491520464],[19.738495060379904,42.1834697224295],[19.738470900371826,42.183422832837714],[19.738434561226565,42.183357183144246],[19.738410493648534,42.18330564927219],[19.738379960121875,42.18326336185125],[19.738342879862447,42.18323499227877],[19.73829945055592,42.183211207143636],[19.738261999870407,42.1832014686193],[19.73821808301394,42.183200985530206],[19.738180446910214,42.1832005715165],[19.73814891821841,42.18320955125442],[19.73810481608872,42.18321838365812],[19.73801645035618,42.183245382217216],[19.737965986794823,42.183258807866814],[19.737909439854768,42.18326284898491],[19.73789026763865,42.183250628714106],[19.73796621312445,42.183236475186284],[19.738011880263375,42.18322198848738],[19.738057571764067,42.18320749303573],[19.73808801203558,42.183198465338876],[19.738110975520577,42.183185601343204],[19.73815154577034,42.183174812553574],[19.738202147515175,42.18316599761547],[19.738229884461557,42.18316630272999],[19.738262667790103,42.18316666334757],[19.738315426131184,42.18317661526056],[19.738377916930776,42.18320540837222],[19.738394035295013,42.18321963853793],[19.738410141564803,42.183233868568294],[19.738434821164574,42.183272274543214],[19.738493069598082,42.18338721074563],[19.738512349072288,42.18343239920325],[19.738531653871178,42.1834757064161],[19.738541386224814,42.18349455662576],[19.738558422702326,42.1835247132619],[19.738580641291406,42.18354931833446],[19.738605439389666,42.18357020673472],[19.738668082142873,42.183597470935865],[19.73871064834948,42.18361293714473],[19.73873827385239,42.183618858463156],[19.738785949014822,42.18363062678376],[19.73883363629712,42.18364239521782],[19.738863741594724,42.18365022529094],[19.738893561319774,42.18367303235465],[19.738910733665758,42.18369758188255],[19.738920404931132,42.18371829490285],[19.738942189868997,42.183763510832165],[19.73894601776349,42.183826093191186],[19.738959556029968,42.18390681428471],[19.738958625098167,42.183953652990084],[19.738949560124787,42.18402849903038],[19.738936242530215,42.18406395745045],[19.738928206916885,42.18408822983421],[19.73893546059329,42.184103298721375],[19.738950290012106,42.18411845089541],[19.739034116828304,42.18414751422242],[19.739274020453564,42.184200862283525],[19.739353841876085,42.18422561417473],[19.739389444530616,42.18425285987328],[19.73939285343357,42.1842835508028],[19.739402133387472,42.18442388451488],[19.73942827797099,42.18452264103123],[19.73947060061353,42.184615597678075],[19.739529113298765,42.18470276357206],[19.739600331419144,42.184757254987275],[19.739779993950528,42.18480995803424],[19.73995262075981,42.184872576270145],[19.740275539289122,42.18499248026791],[19.740495073550356,42.18506053719388],[19.74066719996366,42.18508928151023],[19.740892635220884,42.185061922102186],[19.740896305810104,42.18508495474215]]]},"properties":{"SIPERFAQJA":1282,"VOL":"1","FAQE":"60","NR_PAS":"78","PRONARET":"SHTET","KUFIZIMET":"_","ZK":"2859","EMRI_I_ZK":"PALAJ"}},
{"type":"Feature","geometry":{"type":"Polygon","coordinates":[[[19.78174579780035,42.23828584632479],[19.781999304329542,42.238141175994095],[19.781925679928595,42.238347585436955],[19.781796221915627,42.238347339234636],[19.781692961891025,42.23832488022264],[19.78174579780035,42.23828584632479]]]},"properties":{"SIPERFAQJA":251,"VOL":"1","FAQE":"64","NR_PAS":"57/12","PRONARET":"SHTET","KUFIZIMET":"SUBJEKT I PAIDENTIFIKUAR","ZK":"2859","EMRI_I_ZK":"PALAJ"}},
{"type":"Feature","geometry":{"type":"Polygon","coordinates":[[[19.779432458138476,42.23087697740006],[19.7793958734636,42.230879603855165],[19.779353771276163,42.23088819420015],[19.77931703170279,42.23089885815105],[19.77923827291408,42.230799330954966],[19.779104256951086,42.23063499993131],[19.778990342430365,42.23053199894264],[19.77884075086384,42.23040860143885],[19.778695105058965,42.23030271003726],[19.778589866069883,42.23026101723311],[19.77849972144394,42.230259900090026],[19.778257971422,42.230315367698964],[19.77829525961053,42.23025032724915],[19.778438974063544,42.2302051083912],[19.778557094902425,42.23019402114796],[19.778678902813976,42.23021783002756],[19.77879173064404,42.23026802417977],[19.778913311247393,42.23035689587351],[19.77900691357064,42.23045891470442],[19.779134790766932,42.23056288566907],[19.779320957921186,42.230755171420135],[19.779432458138476,42.23087697740006]]]},"properties":{"SIPERFAQJA":935,"VOL":"1","FAQE":"116","NR_PAS":"63/2","PRONARET":"SHTET","KUFIZIMET":"_","ZK":"2859","EMRI_I_ZK":"PALAJ"}},
{"type":"Feature","geometry":{"type":"Polygon","coordinates":[[[19.78085713234268,42.22975002666264],[19.78088755563916,42.2296775988775],[19.780889719073276,42.229606407205026],[19.780872606523786,42.229565080940226],[19.780825046424845,42.22951606298871],[19.78067984780474,42.22941956991557],[19.780737111127127,42.22938577251238],[19.78088346744679,42.22931220938577],[19.781272545320686,42.229187411873916],[19.7813950844632,42.22915071236639],[19.7814961869614,42.22922903227274],[19.78164301806433,42.229358577562344],[19.781649896936333,42.2294072298124],[19.781470679291395,42.22938638894365],[19.781052260876297,42.22935424496298],[19.780930332943772,42.229350669249826],[19.78089441698255,42.229361938943846],[19.780865733475654,42.229382498044146],[19.78084478088711,42.229429288981855],[19.780869343294153,42.2294722976106],[19.78093485407155,42.22952123578676],[19.781054855810286,42.229620520133935],[19.7811453641967,42.229690037430785],[19.781230057245775,42.229770770217286],[19.781277039048053,42.2298387624894],[19.78128639102075,42.22991500330569],[19.781319422345952,42.230000376726075],[19.781107557955867,42.22979027875975],[19.780970152981066,42.22970052511322],[19.78085713234268,42.22975002666264]]]},"properties":{"SIPERFAQJA":1721,"VOL":"1","FAQE":"113","NR_PAS":"62/8","PRONARET":"SHTET","KUFIZIMET":"SUBJEKT I PAIDENTIFIKUAR","ZK":"2859","EMRI_I_ZK":"PALAJ"}},
{"type":"Feature","geometry":{"type":"Polygon","coordinates":[[[19.78085713234268,42.22975002666264],[19.780970152981066,42.22970052511322],[19.781107557955867,42.22979027875975],[19.781319422345952,42.230000376726075],[19.78147317449916,42.230143209961035],[19.781496689334432,42.23021634401477],[19.781515664291323,42.23026107908011],[19.78150591699631,42.23031404675515],[19.781432152701843,42.23043550099203],[19.78135534523993,42.23054633294967],[19.781253491703925,42.230692074678004],[19.7811308728961,42.2307982080953],[19.780984050979797,42.23087261802883],[19.780946712893304,42.23091182833237],[19.780962994746996,42.23085272700165],[19.780884445007302,42.23076871860451],[19.780742376496107,42.23075374971697],[19.780674710632976,42.23075691938531],[19.78066504328631,42.23075737094427],[19.7807566137463,42.23064128614905],[19.780817300915807,42.23060193220471],[19.780838102881052,42.23054782037348],[19.780837714942468,42.230419843309654],[19.7807866183241,42.23022182027277],[19.780600087591537,42.229957251035614],[19.78085713234268,42.22975002666264]]]},"properties":{"SIPERFAQJA":5686,"VOL":"1","FAQE":"129","NR_PAS":"64/2","PRONARET":"SHTET","KUFIZIMET":"SUBJEKT I PAIDENTIFIKUAR","ZK":"2859","EMRI_I_ZK":"PALAJ"}},
{"type":"Feature","geometry":{"type":"Polygon","coordinates":[[[19.775205278965238,42.22751482765663],[19.774861640836324,42.227325800594464],[19.77479999309947,42.22729188833999],[19.774977290510414,42.22726529604962],[19.77510434271104,42.22724106401395],[19.775178828979126,42.22723667644413],[19.77523978949133,42.227259463452945],[19.77529090010218,42.22730580570145],[19.775302925118737,42.22735751121071],[19.775261121399257,42.22744084559618],[19.775205278965238,42.22751482765663]]]},"properties":{"SIPERFAQJA":678,"VOL":"1","FAQE":"179","NR_PAS":"67/31","PRONARET":"SHTET","KUFIZIMET":"_","ZK":"2859","EMRI_I_ZK":"PALAJ"}},
{"type":"Feature","geometry":{"type":"Polygon","coordinates":[[[19.77693594826122,42.22576717120831],[19.77704610254514,42.22570189208967],[19.77704594964951,42.225702368729706],[19.777003266931796,42.225817061774244],[19.777010392540543,42.225863635573376],[19.77705629955459,42.22590641221479],[19.776976835930967,42.22591048019153],[19.77686586357541,42.226005109683065],[19.776668086026145,42.226266942683466],[19.776647301183946,42.226315856274084],[19.776632689258452,42.22638695468961],[19.776628256911955,42.22644587336234],[19.776610433776202,42.22651202219031],[19.776322940493632,42.226809330388754],[19.776159799821997,42.22703608043312],[19.776128906200032,42.22709471670965],[19.77608784497252,42.2271655237935],[19.776034093250946,42.22720917912462],[19.77596427364203,42.227228086299895],[19.775871441508784,42.22723938382089],[19.775778526663156,42.22725558671017],[19.775665715448888,42.227274043794],[19.77554624466797,42.22729487832938],[19.77550457403002,42.22731163258358],[19.775374460690454,42.22725001944781],[19.775310598030856,42.227230392773855],[19.77539773408881,42.22719621281132],[19.775391562311864,42.227169085577955],[19.775645721057074,42.227091913217976],[19.77583545478188,42.22699062759103],[19.775863924663234,42.22689717528342],[19.775822834418328,42.22685206927357],[19.775885670834196,42.22667526053213],[19.77586840098957,42.226132760724724],[19.77585257785636,42.22610672500039],[19.775893750154808,42.22611133749875],[19.775900056345307,42.22605356703165],[19.77594751872941,42.22600494106241],[19.776028549522696,42.225954114404914],[19.776109528143397,42.22591801646642],[19.77613716290722,42.225868218606294],[19.776160417391768,42.22576289561839],[19.77618369200599,42.225688025730115],[19.7762060878718,42.22568670249036],[19.776256399549816,42.2257502501915],[19.776314594428975,42.225837263768646],[19.776360977750336,42.225870777464294],[19.776395553711165,42.22588660398773],[19.776440425386376,42.22588652985163],[19.776519959507745,42.22587777196598],[19.776709185885963,42.22583914687059],[19.77693594826122,42.22576717120831]]]},"properties":{"SIPERFAQJA":9061,"VOL":"1","FAQE":"178","NR_PAS":"67/30","PRONARET":"SHTET","KUFIZIMET":"_","ZK":"2859","EMRI_I_ZK":"PALAJ"}},
{"type":"Feature","geometry":{"type":"Polygon","coordinates":[[[19.774635640269658,42.227201477950025],[19.77451338694046,42.227134226148856],[19.77409436800976,42.226843380629674],[19.773932470990346,42.22676198747134],[19.77370866169831,42.2267102703195],[19.77345205519408,42.22671154283506],[19.773613443625493,42.226678658117166],[19.77380154707523,42.22669354812155],[19.7740102593907,42.226753849978515],[19.7741480368946,42.22683397478699],[19.774239545027104,42.22686954460933],[19.77438728831538,42.22689615051538],[19.774469070513135,42.22691808990318],[19.774532471587346,42.22695541904101],[19.77457880806867,42.22702380485064],[19.77460415942463,42.2271100603522],[19.774635640269658,42.227201477950025]]]},"properties":{"SIPERFAQJA":746,"VOL":"1","FAQE":"180","NR_PAS":"67/32","PRONARET":"SHTET","KUFIZIMET":"_","ZK":"2859","EMRI_I_ZK":"PALAJ"}},
{"type":"Feature","geometry":{"type":"Polygon","coordinates":[[[19.774061866298556,42.225320628149916],[19.774060220585113,42.225344543090564],[19.774027777471062,42.22535924759796],[19.773932062064226,42.22536343482541],[19.77385259117549,42.22535397954166],[19.773626169084526,42.22530965757892],[19.7734979709707,42.22526760653235],[19.77339658011301,42.22521633999461],[19.77328162875403,42.225169489948904],[19.773080257438856,42.22509900559762],[19.772939372794756,42.2250425707409],[19.772957218929477,42.22503018140364],[19.77326298762361,42.22503658167192],[19.773552045851766,42.22502082156843],[19.77385609506153,42.22523936394418],[19.774020581831813,42.22532361229639],[19.774061866298556,42.225320628149916]]]},"properties":{"SIPERFAQJA":1399,"VOL":"1","FAQE":"181","NR_PAS":"67/33","PRONARET":"SHTET","KUFIZIMET":"_","ZK":"2859","EMRI_I_ZK":"PALAJ"}},
{"type":"Feature","geometry":{"type":"Polygon","coordinates":[[[19.766228094095297,42.22494675322963],[19.76607879500116,42.22500754072089],[19.766025233194863,42.22496135093839],[19.76597414664668,42.224909796169165],[19.765979415049287,42.22487169539643],[19.76603588954975,42.22485275483903],[19.766338519147705,42.22482669363952],[19.76642952081296,42.22483069012898],[19.766228094095297,42.22494675322963]]]},"properties":{"SIPERFAQJA":390,"VOL":"1","FAQE":"222","NR_PAS":"70/11","PRONARET":"SHTET","KUFIZIMET":"_","ZK":"2859","EMRI_I_ZK":"PALAJ"}},
{"type":"Feature","geometry":{"type":"Polygon","coordinates":[[[19.76985128851762,42.221618589794836],[19.769887177704767,42.22163334613517],[19.769798189856807,42.22164744509557],[19.76946158630483,42.22164496164852],[19.769406743029673,42.22163244335259],[19.769209894323314,42.221563279473685],[19.769082960172735,42.22152358457107],[19.76897692016386,42.22148038629041],[19.76887143054623,42.2214500402455],[19.768737228647183,42.22144002068996],[19.76867280023163,42.22144042645284],[19.76867372770916,42.22142263239243],[19.76884555168231,42.22142218134739],[19.768973664728062,42.22144418109914],[19.769081385099003,42.22148285042401],[19.76917890789439,42.22151776422337],[19.769370504622415,42.22158496186444],[19.769590563207,42.22163162387968],[19.769692103920832,42.22164052728502],[19.769797346556434,42.22163904548233],[19.76985128851762,42.221618589794836]]]},"properties":{"SIPERFAQJA":290,"VOL":"2","FAQE":"34","NR_PAS":"74/15","PRONARET":"SHTET","KUFIZIMET":"_","ZK":"2859","EMRI_I_ZK":"PALAJ"}}
]}