{"type":"FeatureCollection", "features": [
{"type":"Feature","geometry":{"type":"Polygon","coordinates":[[[19.52700146855715,40.54405645754199],[19.526916060131654,40.5441381075393],[19.526823792110548,40.54408193940736],[19.526894474992822,40.54401436705643],[19.5269378409282,40.54404076606126],[19.526952566507536,40.54402668847701],[19.52700146855715,40.54405645754199]]]},"properties":{"Zk_Numer":1552,"Zk_Emer":"DRITHAS","Nr_Pas":"146/79-ND","Vol":1,"Faqe":27,"Pronaret":"ARJAN SERJANAJ RAKIP","Kufizimet":"KUFIZIM DERI NE RREGULLIMIN E MARDHENIES  ME TRUALLIN ,SI DHE DERI NE PLOTESIMIN E DOKUMENTACIONIT TEKNIKO-LIGJOR. KJO PASURI POZICINOHET MBI PASURIN ME NR.146/79","Siperfaqe":107}},
{"type":"Feature","geometry":{"type":"Polygon","coordinates":[[[19.529652108507605,40.54209979715374],[19.529661718216456,40.54210833898662],[19.529623201438422,40.54213355801318],[19.529534792221423,40.54205497309153],[19.529651238168707,40.54197872957067],[19.529725425050998,40.542044672500964],[19.529724663287617,40.54205229151594],[19.529652108507605,40.54209979715374]]]},"properties":{"Zk_Numer":1552,"Zk_Emer":"DRITHAS","Nr_Pas":"138/13-ND","Vol":1,"Faqe":32,"Pronaret":"ERION BRAKAJ SHAQO","Kufizimet":"KUFIZIM DERI NE RREGULLIMIN E MARDHENIES  ME TRUALLIN ,SI DHE DERI NE PLOTESIMIN E DOKUMENTACIONIT TEKNIKO-LIGJOR. KJO NDERTESE BIE MBI PASURINE ME NR.138/13","Siperfaqe":138}},
{"type":"Feature","geometry":{"type":"Polygon","coordinates":[[[19.526104408648134,40.54476637319619],[19.526117035978537,40.54466416719784],[19.52623691101876,40.54467278598296],[19.52622428386871,40.54477499199529],[19.526104408648134,40.54476637319619]]]},"properties":{"Zk_Numer":1552,"Zk_Emer":"DRITHAS","Nr_Pas":"146/73-ND1","Vol":1,"Faqe":30,"Pronaret":"BRIÇE ALIRAJ SALI","Kufizimet":"KUFIZIM DERI NE RREGULLIMIN E MARDHENIES  ME TRUALLIN ,SI DHE DERI NE PLOTESIMIN E DOKUMENTACIONIT TEKNIKO-LIGJOR. KJO NDERTESE BIE MBI PASURINE ME NR.146/73","Siperfaqe":116}},
{"type":"Feature","geometry":{"type":"Polygon","coordinates":[[[19.526229331771066,40.544658713537686],[19.526205723825793,40.544658537733525],[19.526206011898363,40.544636025880564],[19.526229619835732,40.54463620168463],[19.526229331771066,40.544658713537686]]]},"properties":{"Zk_Numer":1552,"Zk_Emer":"DRITHAS","Nr_Pas":"146/73-ND2","Vol":1,"Faqe":31,"Pronaret":"BRIÇE ALIRAJ SALI","Kufizimet":"KUFIZIM DERI NE RREGULLIMIN E MARDHENIES  ME TRUALLIN ,SI DHE DERI NE PLOTESIMIN E DOKUMENTACIONIT TEKNIKO-LIGJOR. KJO NDERTESE BIE MBI PASURINE ME NR.146/73","Siperfaqe":5}},
{"type":"Feature","geometry":{"type":"Polygon","coordinates":[[[19.527937591018873,40.545933151569734],[19.527938245996758,40.54593316296822],[19.527938900054174,40.5459331917971],[19.527939552394255,40.545933238021256],[19.52794020222223,40.5459333015844],[19.52794084874638,40.54593338240904],[19.52794149117901,40.54593348039674],[19.52794212873743,40.5459335954281],[19.52794276064486,40.545933727362986],[19.527943386131422,40.54593387604064],[19.527944004435057,40.545934041279935],[19.52794461480246,40.545934222879545],[19.527945216489996,40.545934420618224],[19.527945808764592,40.545934634255055],[19.527946390904667,40.54593486352975],[19.527946962200957,40.54593510816297],[19.527947521957437,40.54593536785669],[19.52794806949213,40.545935642294495],[19.527948604137944,40.54593593114203],[19.5279491252435,40.545936234047375],[19.527949632173904,40.54593655064149],[19.52795012431155,40.54593688053864],[19.527950601056833,40.545937223336935],[19.527951061828922,40.54593757861867],[19.527951506066437,40.545937945951046],[19.527951933228135,40.54593832488649],[19.52795234279359,40.54593871496335],[19.52795273426381,40.545939115706354],[19.52795310716185,40.54593952662728],[19.527953461033384,40.54593994722547],[19.527953795447285,40.5459403769885],[19.527954109996106,40.54594081539276],[19.527954404296633,40.54594126190414],[19.527954677990298,40.5459417159786],[19.527954930743643,40.54594217706296],[19.527955162248738,40.545942644595435],[19.52795537222352,40.54594311800642],[19.52795556041217,40.545943596719134],[19.527955726585407,40.54594408015035],[19.527955870540776,40.54594456771105],[19.527955992102886,40.54594505880724],[19.527956091123638,40.5459455528406],[19.527956167482383,40.5459460492092],[19.527956221086097,40.54594654730833],[19.527956251869465,40.54594704653111],[19.52795625979498,40.5459475462693],[19.52795624485299,40.54594804591408],[19.527956207061703,40.545948544856685],[19.52795614646715,40.54594904248925],[19.52795606314317,40.54594953820545],[19.527955957191267,40.54595003140137],[19.52795582874053,40.545950521476115],[19.52795567794746,40.5459510078326],[19.52795550499577,40.54595148987826],[19.52795531009618,40.54595196702583],[19.527955093486142,40.54595243869395],[19.52795485542956,40.54595290430798],[19.527954596216468,40.54595336330064],[19.52795431616268,40.54595381511272],[19.527954015609396,40.545954259193735],[19.5279536949228,40.54595469500267],[19.52795335449359,40.545955122008536],[19.527952994736527,40.5459555396911],[19.527952616089923,40.54595594754149],[19.527952219015106,40.54595634506279],[19.527951803995837,40.545956731770694],[19.52795137153776,40.545957107194035],[19.52795092216776,40.54595747087546],[19.527950456433324,40.54595782237182],[19.52794997490188,40.54595816125491],[19.527949478160096,40.54595848711185],[19.52794896681317,40.54595879954563],[19.527948441484114,40.54595909817558],[19.527947902812947,40.545959382637896],[19.527947351455968,40.54595965258598],[19.52794678808491,40.54595990769096],[19.527946213386166,40.545960147642006],[19.527945628059907,40.545960372146794],[19.52794503281927,40.545960580931805],[19.527944428389464,40.54596077374265],[19.52794381550689,40.54596095034441],[19.527943194918254,40.54596111052195],[19.527942567379647,40.54596125408011],[19.527941933655633,40.54596138084397],[19.527941294518303,40.545961490659096],[19.527940650746345,40.54596158339171],[19.527940003124105,40.54596165892881],[19.527939352440605,40.545961717178386],[19.5279386994886,40.545961758069446],[19.527938045063625,40.545961781552194],[19.527937389962982,40.54596178759801],[19.527937276157633,40.54597799667055],[19.527809786489463,40.545977475707225],[19.527810193136816,40.545919573298924],[19.527937682695207,40.5459200942612],[19.527937591018873,40.545933151569734]]]},"properties":{"Zk_Numer":1552,"Zk_Emer":"DRITHAS","Nr_Pas":"131-ND","Vol":4,"Faqe":142,"Pronaret":"KOMUNITETI ORTODOKS","Kufizimet":"KUFIZIM DERI NE RREGULLIMIN E MARDHENIES  ME TRUALLIN ,SI DHE DERI NE PLOTESIMIN E DOKUMENTACIONIT TEKNIKO-LIGJOR. KJO NDERTESE BIE MBI PASURINE ME NR.131","Siperfaqe":73}},
{"type":"Feature","geometry":{"type":"Polygon","coordinates":[[[19.530398504483642,40.54196796402071],[19.53029561500304,40.54195706961417],[19.53031314109769,40.54186073714573],[19.53041603043403,40.54187163153604],[19.530398504483642,40.54196796402071]]]},"properties":{"Zk_Numer":1552,"Zk_Emer":"DRITHAS","Nr_Pas":"138/44-ND","Vol":1,"Faqe":37,"Pronaret":"SHAQO BRAKAJ SEJDI","Kufizimet":"KUFIZIM DERI NE RREGULLIMIN E MARDHENIES  ME TRUALLIN ,SI DHE DERI NE PLOTESIMIN E DOKUMENTACIONIT TEKNIKO-LIGJOR. KJO NDERTESE BIE MBI PASURINE ME NR.138/44","Siperfaqe":95}},
{"type":"Feature","geometry":{"type":"Polygon","coordinates":[[[19.530345759760422,40.54419822664348],[19.530327413450262,40.544293560143124],[19.530211584761712,40.54428786932683],[19.530231302931046,40.544185408109335],[19.530345759760422,40.54419822664348]]]},"properties":{"Zk_Numer":1552,"Zk_Emer":"DRITHAS","Nr_Pas":"126/1-ND2","Vol":1,"Faqe":35,"Pronaret":"MIKEL QATAJ SHAHIN","Kufizimet":"KUFIZIM DERI NE RREGULLIMIN E MARDHENIES  ME TRUALLIN ,SI DHE DERI NE PLOTESIMIN E DOKUMENTACIONIT TEKNIKO-LIGJOR. KJO NDERTESE BIE MBI PASURINE ME NR.126/1","Siperfaqe":109}},
{"type":"Feature","geometry":{"type":"Polygon","coordinates":[[[19.52960926826349,40.5442603144032],[19.529643732537203,40.544154717571004],[19.529755993321555,40.5441760261401],[19.529725831559354,40.544270374816236],[19.52960926826349,40.5442603144032]]]},"properties":{"Zk_Numer":1552,"Zk_Emer":"DRITHAS","Nr_Pas":"126/1-ND1","Vol":1,"Faqe":28,"Pronaret":"ADRIATIK QATAJ SHAHIN","Kufizimet":"KUFIZIM DERI NE RREGULLIMIN E MARDHENIES  ME TRUALLIN ,SI DHE DERI NE PLOTESIMIN E DOKUMENTACIONIT TEKNIKO-LIGJOR. KJO NDERTESE BIE MBI PASURINE ME NR.126/1 .","Siperfaqe":112}},
{"type":"Feature","geometry":{"type":"Polygon","coordinates":[[[19.53042139922031,40.544525142890755],[19.530426120959593,40.5445251620809],[19.530425916571293,40.54455442847963],[19.530352729581022,40.54455413101026],[19.530353201319393,40.54448659316755],[19.530421666499556,40.54448687144608],[19.53042139922031,40.544525142890755]]]},"properties":{"Zk_Numer":1552,"Zk_Emer":"DRITHAS","Nr_Pas":"126/4-ND2","Vol":1,"Faqe":33,"Pronaret":"KAJO LAMAJ MAMAN, ANGJELINA LAMAJ MEHMET","Kufizimet":"KUFIZIM DERI NE RREGULLIMIN E MARDHENIES  ME TRUALLIN ,SI DHE DERI NE PLOTESIMIN E DOKUMENTACIONIT TEKNIKO-LIGJOR. KJO NDERTESE BIE MBI PASURINE ME NR 126/4","Siperfaqe":45}},
{"type":"Feature","geometry":{"type":"Polygon","coordinates":[[[19.534591823824094,40.54268149960345],[19.534446634237703,40.54268091467454],[19.53444720158662,40.54259896868407],[19.534592390996092,40.54259955361129],[19.534591823824094,40.54268149960345]]]},"properties":{"Zk_Numer":1552,"Zk_Emer":"DRITHAS","Nr_Pas":"120/2-ND","Vol":1,"Faqe":36,"Pronaret":"NEVRUZ MURA HYSENJ","Kufizimet":"KUFIZIM DERI NE RREGULLIMIN E MARDHENIES  ME TRUALLIN ,SI DHE DERI NE PLOTESIMIN E DOKUMENTACIONIT TEKNIKO-LIGJOR. KJO NDERTESE BIE MBI PASURINE NR.120/2","Siperfaqe":112}},
{"type":"Feature","geometry":{"type":"Polygon","coordinates":[[[19.52955492779907,40.54445630594037],[19.529552372874885,40.54443478158884],[19.529584115152332,40.54443258890626],[19.529574108341766,40.54434828519733],[19.529677564510454,40.54434113862367],[19.529690126417368,40.54444696667326],[19.52955492779907,40.54445630594037]]]},"properties":{"Zk_Numer":1552,"Zk_Emer":"DRITHAS","Nr_Pas":"126/4-ND1","Vol":1,"Faqe":29,"Pronaret":"ASTRIT LAMAJ MAMAN","Kufizimet":"KUFIZIM DERI NE RREGULLIMIN E MARDHENIES  ME TRUALLIN ,SI DHE DERI NE PLOTESIMIN E DOKUMENTACIONIT TEKNIKO-LIGJOR. KJO NDERTESE BIE MBI PASURINE ME NR.126/4","Siperfaqe":110}},
{"type":"Feature","geometry":{"type":"Polygon","coordinates":[[[19.524302082894494,40.54471711226284],[19.524393574684737,40.54473496176508],[19.524364326880093,40.54482220560546],[19.52427283497935,40.544804356079716],[19.52428599655068,40.54476509636326],[19.524234532406116,40.54475505597923],[19.5242476939979,40.54471579624284],[19.524299131275995,40.544725831384866],[19.524302082894494,40.54471711226284]]]},"properties":{"Zk_Numer":1552,"Zk_Emer":"DRITHAS","Nr_Pas":"146/7-ND","Vol":1,"Faqe":153,"Pronaret":"JETO TAHIRAJ MIFTAR","Kufizimet":"KUFIZIM DERI NE RREGULLIMIN E MARDHENIES  ME TRUALLIN ,SI DHE DERI NE PLOTESIMIN E DOKUMENTACIONIT TEKNIKO-LIGJOR. KJO NDERTESE BIE MBI PASURINE NR.146/7","Siperfaqe":100}},
{"type":"Feature","geometry":{"type":"Polygon","coordinates":[[[19.527539923452913,40.54056824248224],[19.527484547054666,40.54046040026722],[19.527604154429767,40.540424475075284],[19.52765953099134,40.54053231723455],[19.527539923452913,40.54056824248224]]]},"properties":{"Zk_Numer":1552,"Zk_Emer":"DRITHAS","Nr_Pas":"159/1-ND","Vol":4,"Faqe":79,"Pronaret":"DINE GJATAJ BALIL","Kufizimet":"KUFIZIM DERI NE RREGULLIMIN E MARDHENIES  ME TRUALLIN ,SI DHE DERI NE PLOTESIMIN E DOKUMENTACIONIT TEKNIKO-LIGJOR. KJO NDERTESE BIE MBI PASURINE ME NR.159/1","Siperfaqe":140}},
{"type":"Feature","geometry":{"type":"Polygon","coordinates":[[[19.528221600962052,40.54853976808032],[19.528246894377183,40.548503112050696],[19.528302260705324,40.548525342228274],[19.528335252046542,40.54847752999104],[19.528385395142426,40.54849766294496],[19.528327110452715,40.54858213124917],[19.528221600962052,40.54853976808032]]]},"properties":{"Zk_Numer":null,"Zk_Emer":"","Nr_Pas":"","Vol":null,"Faqe":null,"Pronaret":"","Kufizimet":"","Siperfaqe":75}},
{"type":"Feature","geometry":{"type":"Polygon","coordinates":[[[19.530238447515355,40.54442971669979],[19.53022963011513,40.54451680751209],[19.53004720347486,40.5445060589372],[19.53005602110969,40.54441896813996],[19.53007367527531,40.54442000833574],[19.530080947514744,40.544348180871324],[19.530157448824568,40.544352688350045],[19.530158812352436,40.54433922069932],[19.530229428941603,40.544343381403095],[19.530220793344395,40.54442867652916],[19.530238447515355,40.54442971669979]]]},"properties":{"Zk_Numer":null,"Zk_Emer":"","Nr_Pas":"","Vol":null,"Faqe":null,"Pronaret":"","Kufizimet":"","Siperfaqe":259}},
{"type":"Feature","geometry":{"type":"Polygon","coordinates":[[[19.53029763426009,40.5468203164489],[19.530420192908046,40.546855683000835],[19.53037717215062,40.54694243651508],[19.53025461336803,40.546907069917275],[19.53029763426009,40.5468203164489]]]},"properties":{"Zk_Numer":null,"Zk_Emer":"","Nr_Pas":"","Vol":null,"Faqe":null,"Pronaret":"","Kufizimet":"","Siperfaqe":114}},
{"type":"Feature","geometry":{"type":"Polygon","coordinates":[[[19.52706527569125,40.54617394215461],[19.527026892713973,40.54625623872583],[19.52693791787772,40.54623209019783],[19.52697630094955,40.54614979365636],[19.52706527569125,40.54617394215461]]]},"properties":{"Zk_Numer":null,"Zk_Emer":"","Nr_Pas":"","Vol":null,"Faqe":null,"Pronaret":"","Kufizimet":"","Siperfaqe":78}},
{"type":"Feature","geometry":{"type":"Polygon","coordinates":[[[19.52480566018459,40.54273752895778],[19.52480744534323,40.54262587312713],[19.524933740643775,40.54262704821079],[19.524932733012218,40.542690079730114],[19.52490676572936,40.54268983813503],[19.524905988393147,40.54273846244918],[19.52480566018459,40.54273752895778]]]},"properties":{"Zk_Numer":null,"Zk_Emer":"","Nr_Pas":"","Vol":null,"Faqe":null,"Pronaret":"","Kufizimet":"","Siperfaqe":121}},
{"type":"Feature","geometry":{"type":"Polygon","coordinates":[[[19.533837083053346,40.544746057096006],[19.533671972933746,40.54474062136998],[19.533687394807988,40.54446801828647],[19.53394685253102,40.54447655999572],[19.53393921847622,40.544611512039026],[19.533844870016136,40.544608406023116],[19.533837083053346,40.544746057096006]]]},"properties":{"Zk_Numer":null,"Zk_Emer":"","Nr_Pas":"","Vol":null,"Faqe":null,"Pronaret":"","Kufizimet":"","Siperfaqe":544}},
{"type":"Feature","geometry":{"type":"Polygon","coordinates":[[[19.533513945721854,40.5446123266129],[19.533510256003428,40.544720352056494],[19.533556278140793,40.54472126683441],[19.533554464060586,40.54477437934428],[19.53345179921356,40.54477233865866],[19.533457303184136,40.544611200709525],[19.533513945721854,40.5446123266129]]]},"properties":{"Zk_Numer":null,"Zk_Emer":"","Nr_Pas":"","Vol":null,"Faqe":null,"Pronaret":"","Kufizimet":"","Siperfaqe":109}},
{"type":"Feature","geometry":{"type":"Polygon","coordinates":[[[19.529747462606906,40.54714984782303],[19.529725793908856,40.54719172983199],[19.529630357913497,40.54716299745393],[19.529730033927933,40.54697034025831],[19.52987278297034,40.5470133168503],[19.529848947536063,40.54705938708751],[19.529785163177742,40.54704018394241],[19.529730991530236,40.54714488897656],[19.529747462606906,40.54714984782303]]]},"properties":{"Zk_Numer":null,"Zk_Emer":"","Nr_Pas":"","Vol":null,"Faqe":null,"Pronaret":"","Kufizimet":"","Siperfaqe":205}},
{"type":"Feature","geometry":{"type":"Polygon","coordinates":[[[19.527013333191412,40.54640252959488],[19.527059152009976,40.54630218153559],[19.52716505750716,40.546330321036116],[19.527119238826664,40.54643066913774],[19.527013333191412,40.54640252959488]]]},"properties":{"Zk_Numer":null,"Zk_Emer":"","Nr_Pas":"","Vol":null,"Faqe":null,"Pronaret":"","Kufizimet":"","Siperfaqe":112}},
{"type":"Feature","geometry":{"type":"Polygon","coordinates":[[[19.52714014545401,40.546142042720206],[19.52727840205799,40.54616557953324],[19.527256032806612,40.546242043570274],[19.527117776053732,40.54621850672994],[19.52714014545401,40.546142042720206]]]},"properties":{"Zk_Numer":null,"Zk_Emer":"","Nr_Pas":"","Vol":null,"Faqe":null,"Pronaret":"","Kufizimet":"","Siperfaqe":104}},
{"type":"Feature","geometry":{"type":"Polygon","coordinates":[[[19.527241193226892,40.54074505419541],[19.52717712713898,40.54068382456963],[19.527257385891396,40.54063494841001],[19.527321452006692,40.54069617799196],[19.527241193226892,40.54074505419541]]]},"properties":{"Zk_Numer":null,"Zk_Emer":"","Nr_Pas":"","Vol":null,"Faqe":null,"Pronaret":"","Kufizimet":"","Siperfaqe":76}},
{"type":"Feature","geometry":{"type":"Polygon","coordinates":[[[19.525072340898273,40.542650781108286],[19.52507387229602,40.542603067994605],[19.525117534650324,40.54260388357277],[19.525119297163723,40.54254896847828],[19.52517948036174,40.542550092625355],[19.525176186573304,40.54265272083647],[19.525072340898273,40.542650781108286]]]},"properties":{"Zk_Numer":null,"Zk_Emer":"","Nr_Pas":"","Vol":null,"Faqe":null,"Pronaret":"","Kufizimet":"","Siperfaqe":78}},
{"type":"Feature","geometry":{"type":"Polygon","coordinates":[[[19.52510933769415,40.54250890755588],[19.525135877341164,40.54247276885785],[19.525201785251618,40.54250093803007],[19.52517524562861,40.542537076743194],[19.52510933769415,40.54250890755588]]]},"properties":{"Zk_Numer":null,"Zk_Emer":"","Nr_Pas":"","Vol":null,"Faqe":null,"Pronaret":"","Kufizimet":"","Siperfaqe":29}},
{"type":"Feature","geometry":{"type":"Polygon","coordinates":[[[19.533492675591752,40.547159596090424],[19.533573047573164,40.54712918195283],[19.533600327238226,40.54717113090274],[19.533618305180077,40.5471643277285],[19.533640863397277,40.54719901627485],[19.533542513397215,40.547236233623984],[19.533492675591752,40.547159596090424]]]},"properties":{"Zk_Numer":null,"Zk_Emer":"","Nr_Pas":"","Vol":null,"Faqe":null,"Pronaret":"","Kufizimet":"","Siperfaqe":80}},
{"type":"Feature","geometry":{"type":"Polygon","coordinates":[[[19.533794246179,40.54819410852647],[19.53392581441741,40.5481773107513],[19.533942573650844,40.54825369274662],[19.533811005266777,40.54827049053985],[19.533794246179,40.54819410852647]]]},"properties":{"Zk_Numer":null,"Zk_Emer":"","Nr_Pas":"","Vol":null,"Faqe":null,"Pronaret":"","Kufizimet":"","Siperfaqe":97}},
{"type":"Feature","geometry":{"type":"Polygon","coordinates":[[[19.533861473143197,40.5483814135309],[19.533956415923527,40.54836700842427],[19.53397599104202,40.5484420817617],[19.53388104815955,40.548456486883644],[19.533861473143197,40.5483814135309]]]},"properties":{"Zk_Numer":null,"Zk_Emer":"","Nr_Pas":"","Vol":null,"Faqe":null,"Pronaret":"","Kufizimet":"","Siperfaqe":70}},
{"type":"Feature","geometry":{"type":"Polygon","coordinates":[[[19.533380185010163,40.54806171162363],[19.533368002727517,40.54797847584335],[19.533456095002965,40.54797170412992],[19.53346236827673,40.54801919102558],[19.533472939356034,40.54801837841492],[19.533477673913513,40.54805421758063],[19.533380185010163,40.54806171162363]]]},"properties":{"Zk_Numer":null,"Zk_Emer":"","Nr_Pas":"","Vol":null,"Faqe":null,"Pronaret":"","Kufizimet":"","Siperfaqe":73}},
{"type":"Feature","geometry":{"type":"Polygon","coordinates":[[[19.53343419649368,40.54838570878115],[19.533423211711597,40.54829966620383],[19.533510158714304,40.54829320709136],[19.533516795416933,40.54834519114417],[19.53352737005941,40.54834440557141],[19.53353171825456,40.54837846408799],[19.53343419649368,40.54838570878115]]]},"properties":{"Zk_Numer":null,"Zk_Emer":"","Nr_Pas":"","Vol":null,"Faqe":null,"Pronaret":"","Kufizimet":"","Siperfaqe":74}},
{"type":"Feature","geometry":{"type":"Polygon","coordinates":[[[19.53147255711034,40.54057417372092],[19.531516071482887,40.54048660096089],[19.531657349854154,40.54052745906128],[19.53161383563813,40.54061503187476],[19.53147255711034,40.54057417372092]]]},"properties":{"Zk_Numer":null,"Zk_Emer":"","Nr_Pas":"","Vol":null,"Faqe":null,"Pronaret":"","Kufizimet":"","Siperfaqe":133}},
{"type":"Feature","geometry":{"type":"Polygon","coordinates":[[[19.533219638649797,40.53908491569863],[19.533181072135136,40.53905575733376],[19.533222614917435,40.53902377559076],[19.53318404843628,40.538994617226784],[19.533333602125623,40.53887948287441],[19.53341073512093,40.538937799490874],[19.533219638649797,40.53908491569863]]]},"properties":{"Zk_Numer":null,"Zk_Emer":"","Nr_Pas":"","Vol":null,"Faqe":null,"Pronaret":"","Kufizimet":"","Siperfaqe":189}},
{"type":"Feature","geometry":{"type":"Polygon","coordinates":[[[19.52743875357965,40.54356652056987],[19.52738777292438,40.543552259593305],[19.52743897780485,40.54344573046933],[19.52748995839064,40.543459991423155],[19.52743875357965,40.54356652056987]]]},"properties":{"Zk_Numer":null,"Zk_Emer":"","Nr_Pas":"","Vol":null,"Faqe":null,"Pronaret":"","Kufizimet":"","Siperfaqe":58}},
{"type":"Feature","geometry":{"type":"Polygon","coordinates":[[[19.52819076559984,40.5433512087834],[19.528275570072662,40.54335550222024],[19.528267362630654,40.54344984901291],[19.52818255803948,40.54344555556946],[19.52819076559984,40.5433512087834]]]},"properties":{"Zk_Numer":null,"Zk_Emer":"","Nr_Pas":"","Vol":null,"Faqe":null,"Pronaret":"","Kufizimet":"","Siperfaqe":76}},
{"type":"Feature","geometry":{"type":"Polygon","coordinates":[[[19.527907924520793,40.542864971271996],[19.527811700390952,40.54284029275862],[19.52784931579812,40.54275493552373],[19.52793099432394,40.54277588354248],[19.527908425146073,40.54282709790117],[19.52792297065213,40.542830828367094],[19.527907924520793,40.542864971271996]]]},"properties":{"Zk_Numer":null,"Zk_Emer":"","Nr_Pas":"","Vol":null,"Faqe":null,"Pronaret":"","Kufizimet":"","Siperfaqe":78}},
{"type":"Feature","geometry":{"type":"Polygon","coordinates":[[[19.524536700444212,40.54267269343413],[19.524474186148186,40.542674560405956],[19.524469799578252,40.54258907674763],[19.52458185336056,40.54258573026807],[19.524585085673863,40.542648718224456],[19.524535546061834,40.5426501977352],[19.524536700444212,40.54267269343413]]]},"properties":{"Zk_Numer":null,"Zk_Emer":"","Nr_Pas":"","Vol":null,"Faqe":null,"Pronaret":"","Kufizimet":"","Siperfaqe":80}},
{"type":"Feature","geometry":{"type":"Polygon","coordinates":[[[19.526399642050226,40.54255736262512],[19.526424577775675,40.542482290825774],[19.52648179031305,40.54249335068949],[19.526456854647133,40.54256842250137],[19.526399642050226,40.54255736262512]]]},"properties":{"Zk_Numer":null,"Zk_Emer":"","Nr_Pas":"","Vol":null,"Faqe":null,"Pronaret":"","Kufizimet":"","Siperfaqe":43}},
{"type":"Feature","geometry":{"type":"Polygon","coordinates":[[[19.52622698308674,40.542864074161486],[19.526174541808878,40.542931434683645],[19.52606087086306,40.542879932307265],[19.52611331221363,40.542812571836514],[19.52622698308674,40.542864074161486]]]},"properties":{"Zk_Numer":null,"Zk_Emer":"","Nr_Pas":"","Vol":null,"Faqe":null,"Pronaret":"","Kufizimet":"","Siperfaqe":97}},
{"type":"Feature","geometry":{"type":"Polygon","coordinates":[[[19.525453391627845,40.54368430556629],[19.525466183364763,40.54359659607113],[19.525589368961455,40.543607051441306],[19.52557657738297,40.54369476095083],[19.525453391627845,40.54368430556629]]]},"properties":{"Zk_Numer":null,"Zk_Emer":"","Nr_Pas":"","Vol":null,"Faqe":null,"Pronaret":"","Kufizimet":"","Siperfaqe":103}},
{"type":"Feature","geometry":{"type":"Polygon","coordinates":[[[19.52534595782951,40.54349894941483],[19.52524884935295,40.54350887349201],[19.525224555828444,40.5433705291587],[19.525321664108418,40.54336060510059],[19.52534595782951,40.54349894941483]]]},"properties":{"Zk_Numer":null,"Zk_Emer":"","Nr_Pas":"","Vol":null,"Faqe":null,"Pronaret":"","Kufizimet":"","Siperfaqe":129}},
{"type":"Feature","geometry":{"type":"Polygon","coordinates":[[[19.525608786241367,40.543129677530004],[19.52563772723343,40.543190639935325],[19.525684342282517,40.543177760893606],[19.525704842209528,40.54322094258475],[19.525601623090516,40.54324946045517],[19.525552182274264,40.54314531632716],[19.525608786241367,40.543129677530004]]]},"properties":{"Zk_Numer":null,"Zk_Emer":"","Nr_Pas":"","Vol":null,"Faqe":null,"Pronaret":"","Kufizimet":"","Siperfaqe":84}},
{"type":"Feature","geometry":{"type":"Polygon","coordinates":[[[19.525596065577183,40.54293326548984],[19.525417056349518,40.54292396034068],[19.5254262848041,40.54282064043791],[19.525605293758257,40.542829945571405],[19.525596065577183,40.54293326548984]]]},"properties":{"Zk_Numer":null,"Zk_Emer":"","Nr_Pas":"","Vol":null,"Faqe":null,"Pronaret":"","Kufizimet":"","Siperfaqe":175}},
{"type":"Feature","geometry":{"type":"Polygon","coordinates":[[[19.524573042135103,40.544149316525605],[19.524565395633168,40.544226540989044],[19.524424144555308,40.54421840151041],[19.524431791218365,40.544141177057135],[19.524573042135103,40.544149316525605]]]},"properties":{"Zk_Numer":null,"Zk_Emer":"","Nr_Pas":"","Vol":null,"Faqe":null,"Pronaret":"","Kufizimet":"","Siperfaqe":103}},
{"type":"Feature","geometry":{"type":"Polygon","coordinates":[[[19.524507455057357,40.54397319489513],[19.52449045886055,40.54410945800332],[19.524411724767578,40.54410374278867],[19.524415526589983,40.54407326288618],[19.52442727794099,40.54407411590628],[19.52443119157253,40.544042739535314],[19.524391236998817,40.544039839263554],[19.52439872883249,40.54397977592673],[19.524444559038596,40.54398310270472],[19.52444634812148,40.54396875922036],[19.524507455057357,40.54397319489513]]]},"properties":{"Zk_Numer":null,"Zk_Emer":"","Nr_Pas":"","Vol":null,"Faqe":null,"Pronaret":"","Kufizimet":"","Siperfaqe":112}},
{"type":"Feature","geometry":{"type":"Polygon","coordinates":[[[19.52463953807075,40.543836653984215],[19.52463877412373,40.543944714455286],[19.524583294212658,40.54394448618253],[19.524583396084388,40.54393007811996],[19.52453617914941,40.54392988382439],[19.524536841379614,40.5438362314174],[19.52463953807075,40.543836653984215]]]},"properties":{"Zk_Numer":null,"Zk_Emer":"","Nr_Pas":"","Vol":null,"Faqe":null,"Pronaret":"","Kufizimet":"","Siperfaqe":98}},
{"type":"Feature","geometry":{"type":"Polygon","coordinates":[[[19.524141510345476,40.54407313045196],[19.524053730523722,40.54416135968002],[19.52396534351633,40.544110183886744],[19.52405312338596,40.544021954725345],[19.524141510345476,40.54407313045196]]]},"properties":{"Zk_Numer":null,"Zk_Emer":"","Nr_Pas":"","Vol":null,"Faqe":null,"Pronaret":"","Kufizimet":"","Siperfaqe":116}},
{"type":"Feature","geometry":{"type":"Polygon","coordinates":[[[19.52368073194617,40.544388522553774],[19.523692424727784,40.54432612067479],[19.523780067427523,40.54433567773572],[19.523768374725417,40.544398079623896],[19.52368073194617,40.544388522553774]]]},"properties":{"Zk_Numer":null,"Zk_Emer":"","Nr_Pas":"","Vol":null,"Faqe":null,"Pronaret":"","Kufizimet":"","Siperfaqe":52}},
{"type":"Feature","geometry":{"type":"Polygon","coordinates":[[[19.52395267135835,40.5436460948067],[19.523864932327598,40.54356561305018],[19.52396107628135,40.543504614752585],[19.524049984796335,40.54358616915127],[19.52395267135835,40.5436460948067]]]},"properties":{"Zk_Numer":null,"Zk_Emer":"","Nr_Pas":"","Vol":null,"Faqe":null,"Pronaret":"","Kufizimet":"","Siperfaqe":124}},
{"type":"Feature","geometry":{"type":"Polygon","coordinates":[[[19.524138838500733,40.543885227359354],[19.524142875862413,40.54379417910704],[19.524248260312586,40.54379461309123],[19.52424759931933,40.54388803400393],[19.524138838500733,40.543885227359354]]]},"properties":{"Zk_Numer":null,"Zk_Emer":"","Nr_Pas":"","Vol":null,"Faqe":null,"Pronaret":"","Kufizimet":"","Siperfaqe":93}},
{"type":"Feature","geometry":{"type":"Polygon","coordinates":[[[19.524821538549798,40.54391272255623],[19.52488844929484,40.54382550281669],[19.524978455197072,40.54386568631409],[19.524911544527793,40.54395290610558],[19.524821538549798,40.54391272255623]]]},"properties":{"Zk_Numer":null,"Zk_Emer":"","Nr_Pas":"","Vol":null,"Faqe":null,"Pronaret":"","Kufizimet":"","Siperfaqe":99}},
{"type":"Feature","geometry":{"type":"Polygon","coordinates":[[[19.524188438039506,40.5441343526243],[19.524221819485998,40.544097968895734],[19.52434207405596,40.54416217729064],[19.524308692641984,40.544198561053726],[19.524188438039506,40.5441343526243]]]},"properties":{"Zk_Numer":null,"Zk_Emer":"","Nr_Pas":"","Vol":null,"Faqe":null,"Pronaret":"","Kufizimet":"","Siperfaqe":61}},
{"type":"Feature","geometry":{"type":"Polygon","coordinates":[[[19.523557761709448,40.54461177622548],[19.523646987889844,40.544540233916564],[19.523743883816106,40.5446105607584],[19.523654657644027,40.54468210314134],[19.523557761709448,40.54461177622548]]]},"properties":{"Zk_Numer":null,"Zk_Emer":"","Nr_Pas":"","Vol":null,"Faqe":null,"Pronaret":"","Kufizimet":"","Siperfaqe":124}},
{"type":"Feature","geometry":{"type":"Polygon","coordinates":[[[19.527480366937862,40.54710086457227],[19.527466088620493,40.54719722392779],[19.527382175961876,40.54718967383663],[19.527396454397703,40.54709331449202],[19.527480366937862,40.54710086457227]]]},"properties":{"Zk_Numer":null,"Zk_Emer":"","Nr_Pas":"","Vol":null,"Faqe":null,"Pronaret":"","Kufizimet":"","Siperfaqe":77}},
{"type":"Feature","geometry":{"type":"Polygon","coordinates":[[[19.527693584028604,40.54687411991532],[19.527694521480786,40.546947084097624],[19.527597866535185,40.546946046905425],[19.527596929187915,40.546873082722925],[19.527693584028604,40.54687411991532]]]},"properties":{"Zk_Numer":null,"Zk_Emer":"","Nr_Pas":"","Vol":null,"Faqe":null,"Pronaret":"","Kufizimet":"","Siperfaqe":66}},
{"type":"Feature","geometry":{"type":"Polygon","coordinates":[[[19.527425070931773,40.547522187202134],[19.527407741285003,40.54754805711962],[19.527306267252303,40.5475085023517],[19.527334068868704,40.54746699982624],[19.52729366928523,40.54745125195785],[19.52731928724184,40.5474130092032],[19.52735370246448,40.54742642435063],[19.527372795803252,40.547397921559984],[19.527448505368795,40.54742743329645],[19.527427881647373,40.547458220712876],[19.527458503389404,40.54747015710774],[19.527449536338796,40.54748354326119],[19.527476774768616,40.54749416082675],[19.527451182413824,40.54753236548375],[19.527425070931773,40.547522187202134]]]},"properties":{"Zk_Numer":null,"Zk_Emer":"","Nr_Pas":"","Vol":null,"Faqe":null,"Pronaret":"","Kufizimet":"","Siperfaqe":151}},
{"type":"Feature","geometry":{"type":"Polygon","coordinates":[[[19.527651455064195,40.547715694693565],[19.527505712870905,40.54766308626717],[19.52755743719174,40.54757926385054],[19.527703179245048,40.54763187221166],[19.527651455064195,40.547715694693565]]]},"properties":{"Zk_Numer":null,"Zk_Emer":"","Nr_Pas":"","Vol":null,"Faqe":null,"Pronaret":"","Kufizimet":"","Siperfaqe":141}},
{"type":"Feature","geometry":{"type":"Polygon","coordinates":[[[19.52717404330953,40.547676052401286],[19.527166881380403,40.547706888841965],[19.527127374684646,40.547701549551874],[19.527118383534095,40.547740261758605],[19.52704707284862,40.54773062415471],[19.527072929000948,40.54761929854931],[19.527144239572348,40.547628936136775],[19.527134536631277,40.54767071311371],[19.52717404330953,40.547676052401286]]]},"properties":{"Zk_Numer":null,"Zk_Emer":"","Nr_Pas":"","Vol":null,"Faqe":null,"Pronaret":"","Kufizimet":"","Siperfaqe":89}},
{"type":"Feature","geometry":{"type":"Polygon","coordinates":[[[19.52475663460997,40.54426139461591],[19.524801026659386,40.54428604982796],[19.52480950070829,40.5442771705275],[19.524843512380087,40.544296060483674],[19.52483218502461,40.54430792954893],[19.52486955606755,40.54432868526553],[19.52480104912091,40.54440046835695],[19.524707160738732,40.54434832307609],[19.524737419525025,40.54431714622455],[19.524715332988784,40.54430467131803],[19.52475663460997,40.54426139461591]]]},"properties":{"Zk_Numer":null,"Zk_Emer":"","Nr_Pas":"","Vol":null,"Faqe":null,"Pronaret":"","Kufizimet":"","Siperfaqe":117}},
{"type":"Feature","geometry":{"type":"Polygon","coordinates":[[[19.525162051112538,40.54453105876909],[19.525214207864632,40.54443086906337],[19.525260754299065,40.54444497045019],[19.52524692972844,40.54447152661217],[19.525284844605206,40.544483013024355],[19.525246512516482,40.544556646601826],[19.525162051112538,40.54453105876909]]]},"properties":{"Zk_Numer":null,"Zk_Emer":"","Nr_Pas":"","Vol":null,"Faqe":null,"Pronaret":"","Kufizimet":"","Siperfaqe":81}},
{"type":"Feature","geometry":{"type":"Polygon","coordinates":[[[19.525372817709627,40.54424072011426],[19.525410696838154,40.54426000165323],[19.52538032264646,40.54429472761567],[19.525274926947183,40.54424107817764],[19.525315986401527,40.54419413612632],[19.525383502935924,40.544228503991604],[19.525372817709627,40.54424072011426]]]},"properties":{"Zk_Numer":null,"Zk_Emer":"","Nr_Pas":"","Vol":null,"Faqe":null,"Pronaret":"","Kufizimet":"","Siperfaqe":61}},
{"type":"Feature","geometry":{"type":"Polygon","coordinates":[[[19.525214860099155,40.544022526553704],[19.525178094148696,40.543927002985505],[19.52529343323193,40.54390116801931],[19.525330199332835,40.54399669155208],[19.525214860099155,40.544022526553704]]]},"properties":{"Zk_Numer":null,"Zk_Emer":"","Nr_Pas":"","Vol":null,"Faqe":null,"Pronaret":"","Kufizimet":"","Siperfaqe":113}},
{"type":"Feature","geometry":{"type":"Polygon","coordinates":[[[19.525700082583516,40.54400075665928],[19.52576042236626,40.54400100434358],[19.525760601610095,40.54397559039899],[19.525823917789047,40.54397585026687],[19.525823206334234,40.54407673659924],[19.525699375967523,40.54407622833021],[19.525700082583516,40.54400075665928]]]},"properties":{"Zk_Numer":null,"Zk_Emer":"","Nr_Pas":"","Vol":null,"Faqe":null,"Pronaret":"","Kufizimet":"","Siperfaqe":103}},
{"type":"Feature","geometry":{"type":"Polygon","coordinates":[[[19.525574492436192,40.54408654298426],[19.525563799631374,40.54395916378577],[19.525607344942333,40.54395703647639],[19.525606145262124,40.54394274523728],[19.525660505372382,40.54394008957163],[19.52567109693986,40.544066260633365],[19.525615698041914,40.54406896704624],[19.525616999143107,40.544084466414255],[19.525574492436192,40.54408654298426]]]},"properties":{"Zk_Numer":null,"Zk_Emer":"","Nr_Pas":"","Vol":null,"Faqe":null,"Pronaret":"","Kufizimet":"","Siperfaqe":117}},
{"type":"Feature","geometry":{"type":"Polygon","coordinates":[[[19.52542901223655,40.544054227584404],[19.52542997462562,40.543917871185634],[19.525536554748584,40.54391830890613],[19.525535592575633,40.54405466530699],[19.52542901223655,40.544054227584404]]]},"properties":{"Zk_Numer":null,"Zk_Emer":"","Nr_Pas":"","Vol":null,"Faqe":null,"Pronaret":"","Kufizimet":"","Siperfaqe":137}},
{"type":"Feature","geometry":{"type":"Polygon","coordinates":[[[19.52547411063361,40.54450909807143],[19.525533230540518,40.544402859473315],[19.52562990552941,40.54443416733764],[19.52557078574677,40.54454040598537],[19.52547411063361,40.54450909807143]]]},"properties":{"Zk_Numer":null,"Zk_Emer":"","Nr_Pas":"","Vol":null,"Faqe":null,"Pronaret":"","Kufizimet":"","Siperfaqe":114}},
{"type":"Feature","geometry":{"type":"Polygon","coordinates":[[[19.525870464035616,40.54445021891556],[19.525766228777066,40.5444727605817],[19.52575821334367,40.544451190819714],[19.525729960449482,40.54445730070368],[19.525703390479073,40.54438579996547],[19.525835390132194,40.54435725405888],[19.525870464035616,40.54445021891556]]]},"properties":{"Zk_Numer":null,"Zk_Emer":"","Nr_Pas":"","Vol":null,"Faqe":null,"Pronaret":"","Kufizimet":"","Siperfaqe":119}},
{"type":"Feature","geometry":{"type":"Polygon","coordinates":[[[19.525489699791855,40.54349774873327],[19.525464039565005,40.54339957975975],[19.525556940861314,40.54338544751489],[19.525582601218805,40.54348361646876],[19.525489699791855,40.54349774873327]]]},"properties":{"Zk_Numer":null,"Zk_Emer":"","Nr_Pas":"","Vol":null,"Faqe":null,"Pronaret":"","Kufizimet":"","Siperfaqe":89}},
{"type":"Feature","geometry":{"type":"Polygon","coordinates":[[[19.526243710081495,40.54353108243328],[19.526143038427797,40.543481217229775],[19.526178883412147,40.54343883313098],[19.526279555029582,40.543488698303406],[19.526243710081495,40.54353108243328]]]},"properties":{"Zk_Numer":null,"Zk_Emer":"","Nr_Pas":"","Vol":null,"Faqe":null,"Pronaret":"","Kufizimet":"","Siperfaqe":57}},
{"type":"Feature","geometry":{"type":"Polygon","coordinates":[[[19.526179717799515,40.5436994903912],[19.526124043367215,40.54371165286437],[19.526087915567306,40.54361540855187],[19.52607581049633,40.543618052985856],[19.52603597891804,40.543511941441906],[19.526093024742828,40.54349947938653],[19.526131250610334,40.54360131308435],[19.526141984131687,40.543598968268476],[19.526179717799515,40.5436994903912]]]},"properties":{"Zk_Numer":null,"Zk_Emer":"","Nr_Pas":"","Vol":null,"Faqe":null,"Pronaret":"","Kufizimet":"","Siperfaqe":117}},
{"type":"Feature","geometry":{"type":"Polygon","coordinates":[[[19.526411838783556,40.54364086539146],[19.526496583359247,40.54367276706999],[19.52644597407255,40.54375100684811],[19.52640439227424,40.543735353591714],[19.52642448720375,40.5437042877502],[19.526381324367428,40.54368803929845],[19.526411838783556,40.54364086539146]]]},"properties":{"Zk_Numer":null,"Zk_Emer":"","Nr_Pas":"","Vol":null,"Faqe":null,"Pronaret":"","Kufizimet":"","Siperfaqe":62}},
{"type":"Feature","geometry":{"type":"Polygon","coordinates":[[[19.526047259746438,40.54413855160421],[19.526025221458312,40.54405750564293],[19.526151450984333,40.54403752992161],[19.526164138516034,40.544084188111235],[19.52615012342238,40.54408640599597],[19.526159474317986,40.54412079374575],[19.526047259746438,40.54413855160421]]]},"properties":{"Zk_Numer":null,"Zk_Emer":"","Nr_Pas":"","Vol":null,"Faqe":null,"Pronaret":"","Kufizimet":"","Siperfaqe":96}},
{"type":"Feature","geometry":{"type":"Polygon","coordinates":[[[19.526976454555072,40.54422810698182],[19.527019882161493,40.544144712404204],[19.527075763467487,40.54416184571178],[19.5270323359189,40.544245240310474],[19.526976454555072,40.54422810698182]]]},"properties":{"Zk_Numer":null,"Zk_Emer":"","Nr_Pas":"","Vol":null,"Faqe":null,"Pronaret":"","Kufizimet":"","Siperfaqe":51}},
{"type":"Feature","geometry":{"type":"Polygon","coordinates":[[[19.526708131785423,40.54398186866785],[19.526747188233745,40.543948122866325],[19.526847076606504,40.54401540229361],[19.52680668826299,40.54405029893073],[19.526708131785423,40.54398186866785]]]},"properties":{"Zk_Numer":null,"Zk_Emer":"","Nr_Pas":"","Vol":null,"Faqe":null,"Pronaret":"","Kufizimet":"","Siperfaqe":57}},
{"type":"Feature","geometry":{"type":"Polygon","coordinates":[[[19.52540818017932,40.54306097091379],[19.525393090114644,40.54299008369831],[19.525498023275585,40.54297708364754],[19.52551311344823,40.5430479708501],[19.52540818017932,40.54306097091379]]]},"properties":{"Zk_Numer":null,"Zk_Emer":"","Nr_Pas":"","Vol":null,"Faqe":null,"Pronaret":"","Kufizimet":"","Siperfaqe":72}},
{"type":"Feature","geometry":{"type":"Polygon","coordinates":[[[19.52526418871331,40.54319804725977],[19.52538870067353,40.543221355042974],[19.525356590764613,40.543321183592],[19.525232078631337,40.5432978757736],[19.52526418871331,40.54319804725977]]]},"properties":{"Zk_Numer":null,"Zk_Emer":"","Nr_Pas":"","Vol":null,"Faqe":null,"Pronaret":"","Kufizimet":"","Siperfaqe":124}},
{"type":"Feature","geometry":{"type":"Polygon","coordinates":[[[19.525125366576752,40.5430853830139],[19.525243240624203,40.5431142825939],[19.525207765106344,40.54319849230523],[19.52519168990265,40.543194551100974],[19.525187586753955,40.543204290895524],[19.525163583312178,40.54319840589706],[19.525160181381985,40.54320648117443],[19.52510173527726,40.543192151735845],[19.525098672398077,40.54319942217959],[19.525060720629245,40.54319011739076],[19.525073500610276,40.54315978121437],[19.525092102919366,40.54316434201945],[19.525125366576752,40.5430853830139]]]},"properties":{"Zk_Numer":null,"Zk_Emer":"","Nr_Pas":"","Vol":null,"Faqe":null,"Pronaret":"","Kufizimet":"","Siperfaqe":127}},
{"type":"Feature","geometry":{"type":"Polygon","coordinates":[[[19.524856560242966,40.54357340002955],[19.524710762303588,40.54352030176968],[19.524735808653194,40.54348027821195],[19.52488160652618,40.5435333764402],[19.524856560242966,40.54357340002955]]]},"properties":{"Zk_Numer":null,"Zk_Emer":"","Nr_Pas":"","Vol":null,"Faqe":null,"Pronaret":"","Kufizimet":"","Siperfaqe":67}},
{"type":"Feature","geometry":{"type":"Polygon","coordinates":[[[19.525075075695206,40.54360903112762],[19.525141214097744,40.543488506623916],[19.525194702238327,40.54350558851463],[19.52512856391427,40.543626113049044],[19.525075075695206,40.54360903112762]]]},"properties":{"Zk_Numer":null,"Zk_Emer":"","Nr_Pas":"","Vol":null,"Faqe":null,"Pronaret":"","Kufizimet":"","Siperfaqe":71}},
{"type":"Feature","geometry":{"type":"Polygon","coordinates":[[[19.528222570747214,40.54685811677804],[19.52825395343017,40.54674924571642],[19.528355462883855,40.54676627282393],[19.5283240803568,40.54687514391367],[19.528222570747214,40.54685811677804]]]},"properties":{"Zk_Numer":null,"Zk_Emer":"","Nr_Pas":"","Vol":null,"Faqe":null,"Pronaret":"","Kufizimet":"","Siperfaqe":109}},
{"type":"Feature","geometry":{"type":"Polygon","coordinates":[[[19.528238533175813,40.54700936496072],[19.528212433900876,40.54709941042703],[19.52812187766617,40.54708413684696],[19.52814797705607,40.54699409140154],[19.528238533175813,40.54700936496072]]]},"properties":{"Zk_Numer":null,"Zk_Emer":"","Nr_Pas":"","Vol":null,"Faqe":null,"Pronaret":"","Kufizimet":"","Siperfaqe":80}},
{"type":"Feature","geometry":{"type":"Polygon","coordinates":[[[19.526242037817674,40.542619719998115],[19.526204757096394,40.54260863638531],[19.52621616378095,40.54258630708506],[19.52615265064377,40.542567424501684],[19.52621358395836,40.54244814366262],[19.52628556603069,40.54246954406785],[19.52629406676703,40.54245290326431],[19.526322878386146,40.54246146899605],[19.526242037817674,40.542619719998115]]]},"properties":{"Zk_Numer":null,"Zk_Emer":"","Nr_Pas":"","Vol":null,"Faqe":null,"Pronaret":"","Kufizimet":"","Siperfaqe":144}},
{"type":"Feature","geometry":{"type":"Polygon","coordinates":[[[19.52677450238781,40.542532137854835],[19.526789410545874,40.54244946748411],[19.526900318300665,40.542461107360054],[19.526885410276098,40.54254377774568],[19.52677450238781,40.542532137854835]]]},"properties":{"Zk_Numer":null,"Zk_Emer":"","Nr_Pas":"","Vol":null,"Faqe":null,"Pronaret":"","Kufizimet":"","Siperfaqe":88}},
{"type":"Feature","geometry":{"type":"Polygon","coordinates":[[[19.526772326360618,40.54278876237825],[19.526752029184298,40.542781489493656],[19.52673505930347,40.54280905195384],[19.52668074657873,40.54278959059025],[19.52673049815973,40.54270878416504],[19.526782211564605,40.54272731413475],[19.52676858961805,40.54274943892416],[19.526791486057228,40.542757643176174],[19.526772326360618,40.54278876237825]]]},"properties":{"Zk_Numer":null,"Zk_Emer":"","Nr_Pas":"","Vol":null,"Faqe":null,"Pronaret":"","Kufizimet":"","Siperfaqe":57}},
{"type":"Feature","geometry":{"type":"Polygon","coordinates":[[[19.525883090017356,40.54272414616248],[19.5259512690485,40.54263861014761],[19.5260564449391,40.54268739995319],[19.525988265991078,40.542772936029856],[19.525883090017356,40.54272414616248]]]},"properties":{"Zk_Numer":null,"Zk_Emer":"","Nr_Pas":"","Vol":null,"Faqe":null,"Pronaret":"","Kufizimet":"","Siperfaqe":116}},
{"type":"Feature","geometry":{"type":"Polygon","coordinates":[[[19.526633618515202,40.542186009515305],[19.52666967533623,40.54210290319497],[19.526752964915236,40.54212393430504],[19.526716757967954,40.542207386883845],[19.526633618515202,40.542186009515305]]]},"properties":{"Zk_Numer":null,"Zk_Emer":"","Nr_Pas":"","Vol":null,"Faqe":null,"Pronaret":"","Kufizimet":"","Siperfaqe":72}},
{"type":"Feature","geometry":{"type":"Polygon","coordinates":[[[19.526886642939534,40.54259446417035],[19.52687414184836,40.54265173266137],[19.52682213276416,40.54264512534817],[19.526826722813308,40.542624098054866],[19.526784972745894,40.54261879404501],[19.52678130199457,40.542635609932624],[19.526739505648457,40.542630300027405],[19.52675117790413,40.54257682898676],[19.526792937797893,40.542582559709345],[19.526886642939534,40.54259446417035]]]},"properties":{"Zk_Numer":null,"Zk_Emer":"","Nr_Pas":"","Vol":null,"Faqe":null,"Pronaret":"","Kufizimet":"","Siperfaqe":65}},
{"type":"Feature","geometry":{"type":"Polygon","coordinates":[[[19.525812250232917,40.54244693261479],[19.525795279903075,40.5423875094421],[19.525892380207395,40.54237137062813],[19.52590935061925,40.542430793787176],[19.525812250232917,40.54244693261479]]]},"properties":{"Zk_Numer":null,"Zk_Emer":"","Nr_Pas":"","Vol":null,"Faqe":null,"Pronaret":"","Kufizimet":"","Siperfaqe":57}},
{"type":"Feature","geometry":{"type":"Polygon","coordinates":[[[19.525494465719415,40.5467917258164],[19.525498367216557,40.54676590628359],[19.52552152251008,40.546767942345895],[19.525528781243978,40.546719904950635],[19.525582767590322,40.54672465199178],[19.52557160742646,40.54679850892616],[19.525494465719415,40.5467917258164]]]},"properties":{"Zk_Numer":null,"Zk_Emer":"","Nr_Pas":"","Vol":null,"Faqe":null,"Pronaret":"","Kufizimet":"","Siperfaqe":44}},
{"type":"Feature","geometry":{"type":"Polygon","coordinates":[[[19.525612506936906,40.547375333701765],[19.5256362651208,40.547309758001425],[19.52568900420487,40.54732087668391],[19.525665246068282,40.54738645239524],[19.525612506936906,40.547375333701765]]]},"properties":{"Zk_Numer":null,"Zk_Emer":"","Nr_Pas":"","Vol":null,"Faqe":null,"Pronaret":"","Kufizimet":"","Siperfaqe":35}},
{"type":"Feature","geometry":{"type":"Polygon","coordinates":[[[19.52571319045861,40.547405939254695],[19.525720032690558,40.54736498180114],[19.52577963815504,40.54737077609034],[19.525772795958748,40.54741173354759],[19.52571319045861,40.547405939254695]]]},"properties":{"Zk_Numer":null,"Zk_Emer":"","Nr_Pas":"","Vol":null,"Faqe":null,"Pronaret":"","Kufizimet":"","Siperfaqe":23}},
{"type":"Feature","geometry":{"type":"Polygon","coordinates":[[[19.527959937735016,40.54810840731607],[19.52800488285225,40.54802904689683],[19.528145764820746,40.54807547429397],[19.528100819837718,40.548154834768134],[19.527959937735016,40.54810840731607]]]},"properties":{"Zk_Numer":null,"Zk_Emer":"","Nr_Pas":"","Vol":null,"Faqe":null,"Pronaret":"","Kufizimet":"","Siperfaqe":125}},
{"type":"Feature","geometry":{"type":"Polygon","coordinates":[[[19.529270801711842,40.545575533024454],[19.52930912494092,40.54546869714447],[19.529404768057784,40.54548866228907],[19.529399471378014,40.545503428229054],[19.52944843157714,40.54551364845338],[19.529415405229585,40.5456057184397],[19.529270801711842,40.545575533024454]]]},"properties":{"Zk_Numer":null,"Zk_Emer":"","Nr_Pas":"","Vol":null,"Faqe":null,"Pronaret":"","Kufizimet":"","Siperfaqe":149}},
{"type":"Feature","geometry":{"type":"Polygon","coordinates":[[[19.528438992875923,40.5476248723706],[19.52838051777631,40.54770310023227],[19.528356931140813,40.54769284081813],[19.52833821907422,40.54771787372343],[19.528275663234353,40.54769066393958],[19.5283528504829,40.547587403226146],[19.528438992875923,40.5476248723706]]]},"properties":{"Zk_Numer":null,"Zk_Emer":"","Nr_Pas":"","Vol":null,"Faqe":null,"Pronaret":"","Kufizimet":"","Siperfaqe":104}},
{"type":"Feature","geometry":{"type":"Polygon","coordinates":[[[19.529234098171585,40.547471922697895],[19.529248557399516,40.54738345647634],[19.529365700612484,40.547394597683386],[19.52935124153602,40.54748306392028],[19.529234098171585,40.547471922697895]]]},"properties":{"Zk_Numer":null,"Zk_Emer":"","Nr_Pas":"","Vol":null,"Faqe":null,"Pronaret":"","Kufizimet":"","Siperfaqe":99}},
{"type":"Feature","geometry":{"type":"Polygon","coordinates":[[[19.529381124725294,40.54721683941342],[19.529365160028515,40.547342322196144],[19.529347535324064,40.547341017375885],[19.529350500207062,40.5473177134314],[19.529274126522182,40.54731205918134],[19.529283021236868,40.54724214735306],[19.529318270591965,40.547244757010304],[19.529322375821714,40.54721249001076],[19.529381124725294,40.54721683941342]]]},"properties":{"Zk_Numer":null,"Zk_Emer":"","Nr_Pas":"","Vol":null,"Faqe":null,"Pronaret":"","Kufizimet":"","Siperfaqe":84}},
{"type":"Feature","geometry":{"type":"Polygon","coordinates":[[[19.529159394260045,40.54592173409757],[19.529262502145237,40.54595301940322],[19.52922367210671,40.54602749067596],[19.529120564126046,40.54599620533553],[19.529159394260045,40.54592173409757]]]},"properties":{"Zk_Numer":null,"Zk_Emer":"","Nr_Pas":"","Vol":null,"Faqe":null,"Pronaret":"","Kufizimet":"","Siperfaqe":84}},
{"type":"Feature","geometry":{"type":"Polygon","coordinates":[[[19.532911938991944,40.54460105137614],[19.532976532552365,40.54446469864745],[19.533087550683966,40.54449530460792],[19.533022957318096,40.54463165739905],[19.532911938991944,40.54460105137614]]]},"properties":{"Zk_Numer":null,"Zk_Emer":"","Nr_Pas":"","Vol":null,"Faqe":null,"Pronaret":"","Kufizimet":"","Siperfaqe":161}},
{"type":"Feature","geometry":{"type":"Polygon","coordinates":[[[19.52871796601906,40.547568834647294],[19.528761899670553,40.5475899722684],[19.5287392280766,40.547617392499454],[19.528764190396963,40.54762940250892],[19.528744667625787,40.547653014375015],[19.528719705300226,40.54764100436135],[19.52869703367172,40.54766842458369],[19.52865309998984,40.547647286938016],[19.52871796601906,40.547568834647294]]]},"properties":{"Zk_Numer":null,"Zk_Emer":"","Nr_Pas":"","Vol":null,"Faqe":null,"Pronaret":"","Kufizimet":"","Siperfaqe":53}},
{"type":"Feature","geometry":{"type":"Polygon","coordinates":[[[19.528830414697463,40.54717324358321],[19.528954309380623,40.54719200908556],[19.52893568705626,40.54726355428647],[19.528889371231404,40.54725653915328],[19.52889465906941,40.54723622385188],[19.52881708010728,40.54722447346591],[19.528830414697463,40.54717324358321]]]},"properties":{"Zk_Numer":null,"Zk_Emer":"","Nr_Pas":"","Vol":null,"Faqe":null,"Pronaret":"","Kufizimet":"","Siperfaqe":71}},
{"type":"Feature","geometry":{"type":"Polygon","coordinates":[[[19.529918863651236,40.546036137416536],[19.529898775178854,40.546081337758004],[19.529882005555294,40.5460770006877],[19.529857747729,40.546131582223246],[19.5297705456594,40.546109029400135],[19.52980996470818,40.5460203344319],[19.529851329737088,40.546031032559895],[19.529856257104804,40.546019945686005],[19.529918863651236,40.546036137416536]]]},"properties":{"Zk_Numer":null,"Zk_Emer":"","Nr_Pas":"","Vol":null,"Faqe":null,"Pronaret":"","Kufizimet":"","Siperfaqe":94}},
{"type":"Feature","geometry":{"type":"Polygon","coordinates":[[[19.527717006171986,40.54838884496357],[19.52775537482637,40.54830368232379],[19.527855853203484,40.548330023612955],[19.52781748466071,40.54841518628635],[19.527717006171986,40.54838884496357]]]},"properties":{"Zk_Numer":null,"Zk_Emer":"","Nr_Pas":"","Vol":null,"Faqe":null,"Pronaret":"","Kufizimet":"","Siperfaqe":90}},
{"type":"Feature","geometry":{"type":"Polygon","coordinates":[[[19.527948925551367,40.5483527833418],[19.52782891923495,40.54831493877822],[19.52787943300663,40.54822173180588],[19.527999439186125,40.54825957631682],[19.527948925551367,40.5483527833418]]]},"properties":{"Zk_Numer":null,"Zk_Emer":"","Nr_Pas":"","Vol":null,"Faqe":null,"Pronaret":"","Kufizimet":"","Siperfaqe":123}},
{"type":"Feature","geometry":{"type":"Polygon","coordinates":[[[19.529041039292775,40.547362725242465],[19.529064603025926,40.54728924855183],[19.52918041833865,40.54731086131974],[19.529156854724047,40.547384338034384],[19.529041039292775,40.547362725242465]]]},"properties":{"Zk_Numer":null,"Zk_Emer":"","Nr_Pas":"","Vol":null,"Faqe":null,"Pronaret":"","Kufizimet":"","Siperfaqe":85}},
{"type":"Feature","geometry":{"type":"Polygon","coordinates":[[[19.529124861027054,40.54720765194268],[19.529016179420626,40.54717249502236],[19.52906687579859,40.547081299151],[19.529175557285022,40.547116456023524],[19.529124861027054,40.54720765194268]]]},"properties":{"Zk_Numer":null,"Zk_Emer":"","Nr_Pas":"","Vol":null,"Faqe":null,"Pronaret":"","Kufizimet":"","Siperfaqe":110}},
{"type":"Feature","geometry":{"type":"Polygon","coordinates":[[[19.52958674155911,40.543264726285024],[19.52959329945354,40.54319015095073],[19.529707544205415,40.54319599758597],[19.529700986437,40.54327057292737],[19.52958674155911,40.543264726285024]]]},"properties":{"Zk_Numer":null,"Zk_Emer":"","Nr_Pas":"","Vol":null,"Faqe":null,"Pronaret":"","Kufizimet":"","Siperfaqe":81}},
{"type":"Feature","geometry":{"type":"Polygon","coordinates":[[[19.534363635277554,40.54473011592615],[19.53445216820962,40.544730472690205],[19.534452012334707,40.544752985316755],[19.534414238270855,40.5447528331056],[19.53441387661104,40.54480506239856],[19.534363117673767,40.544804857845],[19.534363635277554,40.54473011592615]]]},"properties":{"Zk_Numer":null,"Zk_Emer":"","Nr_Pas":"","Vol":null,"Faqe":null,"Pronaret":"","Kufizimet":"","Siperfaqe":44}},
{"type":"Feature","geometry":{"type":"Polygon","coordinates":[[[19.534503581574302,40.54488218529329],[19.534502135371774,40.54473810669851],[19.534790158117467,40.544736423894015],[19.53479160493723,40.544880502488624],[19.534503581574302,40.54488218529329]]]},"properties":{"Zk_Numer":null,"Zk_Emer":"","Nr_Pas":"","Vol":null,"Faqe":null,"Pronaret":"","Kufizimet":"","Siperfaqe":390}},
{"type":"Feature","geometry":{"type":"Polygon","coordinates":[[[19.528694416524637,40.54233752533023],[19.528666396201466,40.542392016098965],[19.528652110715402,40.54238774084981],[19.528637022824885,40.54241708202798],[19.528542518851626,40.54238879955375],[19.528585627174056,40.54230496764573],[19.528694416524637,40.54233752533023]]]},"properties":{"Zk_Numer":null,"Zk_Emer":"","Nr_Pas":"","Vol":null,"Faqe":null,"Pronaret":"","Kufizimet":"","Siperfaqe":94}},
{"type":"Feature","geometry":{"type":"Polygon","coordinates":[[[19.529351082512903,40.54274896776066],[19.529382592539772,40.542673456076145],[19.529478200616186,40.54269667487818],[19.52944669068531,40.542772186589005],[19.529351082512903,40.54274896776066]]]},"properties":{"Zk_Numer":null,"Zk_Emer":"","Nr_Pas":"","Vol":null,"Faqe":null,"Pronaret":"","Kufizimet":"","Siperfaqe":75}},
{"type":"Feature","geometry":{"type":"Polygon","coordinates":[[[19.530424180442484,40.542149954618594],[19.530487687159678,40.54207086016183],[19.53059639805177,40.542121660335326],[19.53053289141333,40.5422007548516],[19.530424180442484,40.542149954618594]]]},"properties":{"Zk_Numer":null,"Zk_Emer":"","Nr_Pas":"","Vol":null,"Faqe":null,"Pronaret":"","Kufizimet":"","Siperfaqe":111}},
{"type":"Feature","geometry":{"type":"Polygon","coordinates":[[[19.52957045681878,40.543655769122665],[19.529600494790003,40.543575216970524],[19.5296515872356,40.54358630487089],[19.529621549320378,40.54366685703646],[19.52957045681878,40.543655769122665]]]},"properties":{"Zk_Numer":null,"Zk_Emer":"","Nr_Pas":"","Vol":null,"Faqe":null,"Pronaret":"","Kufizimet":"","Siperfaqe":42}},
{"type":"Feature","geometry":{"type":"Polygon","coordinates":[[[19.532857870008918,40.54458326037055],[19.53287033542101,40.54455038852774],[19.532907756017973,40.5445586466289],[19.532895290622566,40.544591518475805],[19.532857870008918,40.54458326037055]]]},"properties":{"Zk_Numer":null,"Zk_Emer":"","Nr_Pas":"","Vol":null,"Faqe":null,"Pronaret":"","Kufizimet":"","Siperfaqe":13}},
{"type":"Feature","geometry":{"type":"Polygon","coordinates":[[[19.534426315278953,40.54288894837419],[19.534423142421932,40.54278271483151],[19.53453171300757,40.5427808276104],[19.534534886036084,40.542887061151085],[19.534426315278953,40.54288894837419]]]},"properties":{"Zk_Numer":null,"Zk_Emer":"","Nr_Pas":"","Vol":null,"Faqe":null,"Pronaret":"","Kufizimet":"","Siperfaqe":109}},
{"type":"Feature","geometry":{"type":"Polygon","coordinates":[[[19.529927057939176,40.54562411696677],[19.529983608504303,40.545637013631726],[19.529915984415876,40.54580957104176],[19.5298594337192,40.54579667434335],[19.529927057939176,40.54562411696677]]]},"properties":{"Zk_Numer":null,"Zk_Emer":"","Nr_Pas":"","Vol":null,"Faqe":null,"Pronaret":"","Kufizimet":"","Siperfaqe":100}},
{"type":"Feature","geometry":{"type":"Polygon","coordinates":[[[19.528681566118028,40.54686807121631],[19.528687875186595,40.546832373508195],[19.52880486595415,40.54684440533912],[19.528798556946445,40.54688010305391],[19.528681566118028,40.54686807121631]]]},"properties":{"Zk_Numer":null,"Zk_Emer":"","Nr_Pas":"","Vol":null,"Faqe":null,"Pronaret":"","Kufizimet":"","Siperfaqe":40}},
{"type":"Feature","geometry":{"type":"Polygon","coordinates":[[[19.528562312911966,40.546984716642726],[19.5285712156933,40.5469039551682],[19.528688849843064,40.546911501007976],[19.528679947201848,40.54699226249223],[19.528562312911966,40.546984716642726]]]},"properties":{"Zk_Numer":null,"Zk_Emer":"","Nr_Pas":"","Vol":null,"Faqe":null,"Pronaret":"","Kufizimet":"","Siperfaqe":90}},
{"type":"Feature","geometry":{"type":"Polygon","coordinates":[[[19.528728574985422,40.54749275223473],[19.52874917633832,40.54744864114901],[19.528821458827526,40.54746828514234],[19.528800857515794,40.547512396241025],[19.528728574985422,40.54749275223473]]]},"properties":{"Zk_Numer":null,"Zk_Emer":"","Nr_Pas":"","Vol":null,"Faqe":null,"Pronaret":"","Kufizimet":"","Siperfaqe":34}},
{"type":"Feature","geometry":{"type":"Polygon","coordinates":[[[19.527969982037053,40.54674671194268],[19.52806201458928,40.546762872103415],[19.528040830204127,40.546833077556556],[19.5279487975612,40.54681691737863],[19.527969982037053,40.54674671194268]]]},"properties":{"Zk_Numer":null,"Zk_Emer":"","Nr_Pas":"","Vol":null,"Faqe":null,"Pronaret":"","Kufizimet":"","Siperfaqe":64}},
{"type":"Feature","geometry":{"type":"Polygon","coordinates":[[[19.525800896187764,40.54698618284716],[19.52579668414291,40.54691421320457],[19.52589692619903,40.54691079926888],[19.52590113835104,40.546982768908464],[19.525800896187764,40.54698618284716]]]},"properties":{"Zk_Numer":null,"Zk_Emer":"","Nr_Pas":"","Vol":null,"Faqe":null,"Pronaret":"","Kufizimet":"","Siperfaqe":68}},
{"type":"Feature","geometry":{"type":"Polygon","coordinates":[[[19.52591021267171,40.54717304943791],[19.52580400402383,40.5471709358149],[19.525806928791646,40.54708541583553],[19.525913137304574,40.54708752945511],[19.52591021267171,40.54717304943791]]]},"properties":{"Zk_Numer":null,"Zk_Emer":"","Nr_Pas":"","Vol":null,"Faqe":null,"Pronaret":"","Kufizimet":"","Siperfaqe":85}},
{"type":"Feature","geometry":{"type":"Polygon","coordinates":[[[19.526027819514038,40.54790080304132],[19.525932435777825,40.54786940660206],[19.525989963960853,40.547767707131705],[19.52608534758055,40.54779910352336],[19.526027819514038,40.54790080304132]]]},"properties":{"Zk_Numer":null,"Zk_Emer":"","Nr_Pas":"","Vol":null,"Faqe":null,"Pronaret":"","Kufizimet":"","Siperfaqe":108}},
{"type":"Feature","geometry":{"type":"Polygon","coordinates":[[[19.525925306882822,40.54463275306542],[19.526006318442228,40.544645174484046],[19.526014227190615,40.54461515722144],[19.526097553362195,40.54462793347278],[19.526087318556012,40.54466677934943],[19.52605259929475,40.54466145591551],[19.526031664387205,40.54474091338022],[19.525902045714716,40.544721039110904],[19.525925306882822,40.54463275306542]]]},"properties":{"Zk_Numer":null,"Zk_Emer":"","Nr_Pas":"","Vol":null,"Faqe":null,"Pronaret":"","Kufizimet":"","Siperfaqe":139}},
{"type":"Feature","geometry":{"type":"Polygon","coordinates":[[[19.52627671750786,40.54422504161085],[19.526381260221125,40.54423947137792],[19.526360873756794,40.544325425924505],[19.526256330914613,40.54431099613849],[19.52627671750786,40.54422504161085]]]},"properties":{"Zk_Numer":null,"Zk_Emer":"","Nr_Pas":"","Vol":null,"Faqe":null,"Pronaret":"","Kufizimet":"","Siperfaqe":87}},
{"type":"Feature","geometry":{"type":"Polygon","coordinates":[[[19.52637219756595,40.54416238594857],[19.52627423068415,40.54416345580438],[19.52627191593465,40.544040097598135],[19.526373423601804,40.54403898907222],[19.526375451282405,40.544147040055115],[19.52640613969572,40.544146704901564],[19.526406646628942,40.544173717646906],[19.526372417231094,40.54417409147156],[19.52637219756595,40.54416238594857]]]},"properties":{"Zk_Numer":null,"Zk_Emer":"","Nr_Pas":"","Vol":null,"Faqe":null,"Pronaret":"","Kufizimet":"","Siperfaqe":126}},
{"type":"Feature","geometry":{"type":"Polygon","coordinates":[[[19.526030590019605,40.54392855185334],[19.526134545576944,40.54390163339022],[19.526172487612794,40.54398690658687],[19.526068531938147,40.5440138250831],[19.526030590019605,40.54392855185334]]]},"properties":{"Zk_Numer":null,"Zk_Emer":"","Nr_Pas":"","Vol":null,"Faqe":null,"Pronaret":"","Kufizimet":"","Siperfaqe":93}},
{"type":"Feature","geometry":{"type":"Polygon","coordinates":[[[19.52588311971303,40.5437587908229],[19.52585403624164,40.543647515998614],[19.52591423395956,40.543638359514865],[19.52590754013602,40.54361274864466],[19.525950373102102,40.543606233437515],[19.52596837723286,40.54367511783958],[19.525923228926533,40.543681985226335],[19.525941002226666,40.5437499864983],[19.52588311971303,40.5437587908229]]]},"properties":{"Zk_Numer":null,"Zk_Emer":"","Nr_Pas":"","Vol":null,"Faqe":null,"Pronaret":"","Kufizimet":"","Siperfaqe":93}},
{"type":"Feature","geometry":{"type":"Polygon","coordinates":[[[19.526072169593625,40.54430668323636],[19.526079067084613,40.54423212576334],[19.526187398678104,40.54423795809778],[19.526180501306516,40.544312515577865],[19.526072169593625,40.54430668323636]]]},"properties":{"Zk_Numer":null,"Zk_Emer":"","Nr_Pas":"","Vol":null,"Faqe":null,"Pronaret":"","Kufizimet":"","Siperfaqe":76}},
{"type":"Feature","geometry":{"type":"Polygon","coordinates":[[[19.526107120435096,40.54456677394124],[19.526054161048965,40.5445636218309],[19.52605691570882,40.544536688173906],[19.52598630323014,40.54453248532421],[19.52599153713087,40.5444813113788],[19.526115108881246,40.544488666331425],[19.526107120435096,40.54456677394124]]]},"properties":{"Zk_Numer":null,"Zk_Emer":"","Nr_Pas":"","Vol":null,"Faqe":null,"Pronaret":"","Kufizimet":"","Siperfaqe":73}},
{"type":"Feature","geometry":{"type":"Polygon","coordinates":[[[19.525026514890104,40.54465690764735],[19.525095004957915,40.54451973713976],[19.525245031623616,40.54456333056446],[19.52522780415245,40.54459783360232],[19.525139553110407,40.54457219042159],[19.525088290659262,40.54467485794135],[19.525026514890104,40.54465690764735]]]},"properties":{"Zk_Numer":null,"Zk_Emer":"","Nr_Pas":"","Vol":null,"Faqe":null,"Pronaret":"","Kufizimet":"","Siperfaqe":124}},
{"type":"Feature","geometry":{"type":"Polygon","coordinates":[[[19.525489931714237,40.54461858286243],[19.52547934084916,40.544651835061394],[19.525521782811573,40.54465970175864],[19.525507568765523,40.54470432971327],[19.525398596111796,40.544684131391634],[19.525423401121554,40.54460625125788],[19.525489931714237,40.54461858286243]]]},"properties":{"Zk_Numer":null,"Zk_Emer":"","Nr_Pas":"","Vol":null,"Faqe":null,"Pronaret":"","Kufizimet":"","Siperfaqe":70}},
{"type":"Feature","geometry":{"type":"Polygon","coordinates":[[[19.5262992683583,40.54470198220231],[19.526301168039716,40.54462094862728],[19.52641919445556,40.544622558771096],[19.5264172949163,40.54470359234884],[19.5262992683583,40.54470198220231]]]},"properties":{"Zk_Numer":null,"Zk_Emer":"","Nr_Pas":"","Vol":null,"Faqe":null,"Pronaret":"","Kufizimet":"","Siperfaqe":90}},
{"type":"Feature","geometry":{"type":"Polygon","coordinates":[[[19.52675062899397,40.5441210542733],[19.526786359719154,40.54423026883509],[19.52672680336743,40.544241608000924],[19.526691072733314,40.54413239342142],[19.52675062899397,40.5441210542733]]]},"properties":{"Zk_Numer":null,"Zk_Emer":"","Nr_Pas":"","Vol":null,"Faqe":null,"Pronaret":"","Kufizimet":"","Siperfaqe":65}},
{"type":"Feature","geometry":{"type":"Polygon","coordinates":[[[19.525103039486655,40.54403284790356],[19.525130003898873,40.54406565459796],[19.525084999008033,40.54408718152121],[19.52509879475702,40.54410396634443],[19.525043788731878,40.54413027701073],[19.525003028609206,40.54408068546378],[19.525103039486655,40.54403284790356]]]},"properties":{"Zk_Numer":null,"Zk_Emer":"","Nr_Pas":"","Vol":null,"Faqe":null,"Pronaret":"","Kufizimet":"","Siperfaqe":55}},
{"type":"Feature","geometry":{"type":"Polygon","coordinates":[[[19.524948566883044,40.5442867233579],[19.524821506526568,40.54422949157506],[19.5248875263072,40.54414419367946],[19.525014586560086,40.54420142538994],[19.524948566883044,40.5442867233579]]]},"properties":{"Zk_Numer":null,"Zk_Emer":"","Nr_Pas":"","Vol":null,"Faqe":null,"Pronaret":"","Kufizimet":"","Siperfaqe":137}},
{"type":"Feature","geometry":{"type":"Polygon","coordinates":[[[19.5280736705743,40.547560096452756],[19.528080281123586,40.54756203677384],[19.528106565010695,40.54750992905097],[19.52814292301478,40.5475206008019],[19.52814546661227,40.54751555811789],[19.528197249240943,40.547530757257476],[19.52816545428576,40.547593790817515],[19.528070703035596,40.54756597958217],[19.5280736705743,40.547560096452756]]]},"properties":{"Zk_Numer":null,"Zk_Emer":"","Nr_Pas":"","Vol":null,"Faqe":null,"Pronaret":"","Kufizimet":"","Siperfaqe":58}},
{"type":"Feature","geometry":{"type":"Polygon","coordinates":[[[19.52577616757484,40.54753238810868],[19.525768657719553,40.5475652110468],[19.525722140727016,40.547559017851796],[19.52572965060426,40.547526194916784],[19.525686607759276,40.54752128509561],[19.525695508142938,40.547479508928774],[19.525850481805495,40.54749872145608],[19.525841581515362,40.54754049763524],[19.52577616757484,40.54753238810868]]]},"properties":{"Zk_Numer":null,"Zk_Emer":"","Nr_Pas":"","Vol":null,"Faqe":null,"Pronaret":"","Kufizimet":"","Siperfaqe":77}},
{"type":"Feature","geometry":{"type":"Polygon","coordinates":[[[19.52592171645691,40.54739354320597],[19.525833750787683,40.54738587884712],[19.52583977920749,40.54734561737663],[19.525927744824816,40.54735328173064],[19.52592171645691,40.54739354320597]]]},"properties":{"Zk_Numer":null,"Zk_Emer":"","Nr_Pas":"","Vol":null,"Faqe":null,"Pronaret":"","Kufizimet":"","Siperfaqe":34}},
{"type":"Feature","geometry":{"type":"Polygon","coordinates":[[[19.527773261709598,40.54663019274389],[19.52778351275908,40.546554954615324],[19.52787744573728,40.5465624020543],[19.527867194791614,40.546637640191676],[19.527773261709598,40.54663019274389]]]},"properties":{"Zk_Numer":null,"Zk_Emer":"","Nr_Pas":"","Vol":null,"Faqe":null,"Pronaret":"","Kufizimet":"","Siperfaqe":67}},
{"type":"Feature","geometry":{"type":"Polygon","coordinates":[[[19.526168609046746,40.54725897588298],[19.526178961339618,40.54717560099276],[19.52627298037083,40.547182394079805],[19.526268193883478,40.54722094376467],[19.52633518249327,40.54722578379553],[19.52632961684735,40.5472706090133],[19.526168609046746,40.54725897588298]]]},"properties":{"Zk_Numer":null,"Zk_Emer":"","Nr_Pas":"","Vol":null,"Faqe":null,"Pronaret":"","Kufizimet":"","Siperfaqe":103}},
{"type":"Feature","geometry":{"type":"Polygon","coordinates":[[[19.52748052801504,40.547826042678345],[19.527466636989168,40.54782106629717],[19.52749373525241,40.54777705064871],[19.527507626271255,40.547782027026614],[19.52753121176151,40.54774371710193],[19.527586775833125,40.547763622585606],[19.527564194004718,40.54780030231172],[19.52760159293348,40.54781370022576],[19.527556429233847,40.54788705967825],[19.52746346613168,40.54785375623331],[19.52748052801504,40.547826042678345]]]},"properties":{"Zk_Numer":null,"Zk_Emer":"","Nr_Pas":"","Vol":null,"Faqe":null,"Pronaret":"","Kufizimet":"","Siperfaqe":109}},
{"type":"Feature","geometry":{"type":"Polygon","coordinates":[[[19.527985985000605,40.547554865232364],[19.52788757317913,40.54753245327364],[19.52792911079134,40.54742631860218],[19.52796191467753,40.547433789252445],[19.527971708067916,40.54740876562533],[19.528012430130044,40.54741803951962],[19.52800263675339,40.54744306315021],[19.528027522472012,40.54744873052514],[19.527985985000605,40.547554865232364]]]},"properties":{"Zk_Numer":null,"Zk_Emer":"","Nr_Pas":"","Vol":null,"Faqe":null,"Pronaret":"","Kufizimet":"","Siperfaqe":117}},
{"type":"Feature","geometry":{"type":"Polygon","coordinates":[[[19.52800606670875,40.54725298059586],[19.527972936667652,40.54732523205986],[19.527850363742683,40.547292526417706],[19.527883493898702,40.54722027498909],[19.52800606670875,40.54725298059586]]]},"properties":{"Zk_Numer":null,"Zk_Emer":"","Nr_Pas":"","Vol":null,"Faqe":null,"Pronaret":"","Kufizimet":"","Siperfaqe":93}},
{"type":"Feature","geometry":{"type":"Polygon","coordinates":[[[19.52762010933776,40.54717484834544],[19.527617703895036,40.54707220583711],[19.527719210332187,40.54707082153986],[19.527721615929874,40.54717346404698],[19.52762010933776,40.54717484834544]]]},"properties":{"Zk_Numer":null,"Zk_Emer":"","Nr_Pas":"","Vol":null,"Faqe":null,"Pronaret":"","Kufizimet":"","Siperfaqe":98}},
{"type":"Feature","geometry":{"type":"Polygon","coordinates":[[[19.527575127375812,40.546692633857525],[19.52744361725521,40.54663406322919],[19.527495399325144,40.54656640532364],[19.527626909359658,40.54662497589324],[19.527575127375812,40.546692633857525]]]},"properties":{"Zk_Numer":null,"Zk_Emer":"","Nr_Pas":"","Vol":null,"Faqe":null,"Pronaret":"","Kufizimet":"","Siperfaqe":112}},
{"type":"Feature","geometry":{"type":"Polygon","coordinates":[[[19.527012308400483,40.54735158426606],[19.527060676768624,40.54726943842854],[19.527190977034184,40.547314083296186],[19.527142608792083,40.54739622918834],[19.527012308400483,40.54735158426606]]]},"properties":{"Zk_Numer":null,"Zk_Emer":"","Nr_Pas":"","Vol":null,"Faqe":null,"Pronaret":"","Kufizimet":"","Siperfaqe":121}},
{"type":"Feature","geometry":{"type":"Polygon","coordinates":[[[19.526678846064737,40.54719488114216],[19.52678148303165,40.54719769722204],[19.52677779145365,40.54727599154534],[19.526675154367428,40.54727317546156],[19.526678846064737,40.54719488114216]]]},"properties":{"Zk_Numer":null,"Zk_Emer":"","Nr_Pas":"","Vol":null,"Faqe":null,"Pronaret":"","Kufizimet":"","Siperfaqe":76}},
{"type":"Feature","geometry":{"type":"Polygon","coordinates":[[[19.526529259537067,40.54755301752257],[19.526584931502217,40.54756107119378],[19.526578772844655,40.54758584412911],[19.5266089285088,40.547590206524816],[19.52659573139277,40.54764329138819],[19.526587612553563,40.54764211689687],[19.526577274793002,40.54768370003762],[19.526520442892842,40.54767547857713],[19.52653100064011,40.547633010694014],[19.526510123631798,40.547629990560615],[19.526529259537067,40.54755301752257]]]},"properties":{"Zk_Numer":null,"Zk_Emer":"","Nr_Pas":"","Vol":null,"Faqe":null,"Pronaret":"","Kufizimet":"","Siperfaqe":81}},
{"type":"Feature","geometry":{"type":"Polygon","coordinates":[[[19.526174460781448,40.54751722242493],[19.526198223895207,40.54739792250981],[19.52624957655306,40.54740387467183],[19.526243724472852,40.54743325450511],[19.52627173502935,40.54743650113081],[19.526263754927772,40.547476564541036],[19.52623691146215,40.54747345318962],[19.5262269806361,40.5475233098743],[19.526174460781448,40.54751722242493]]]},"properties":{"Zk_Numer":null,"Zk_Emer":"","Nr_Pas":"","Vol":null,"Faqe":null,"Pronaret":"","Kufizimet":"","Siperfaqe":70}},
{"type":"Feature","geometry":{"type":"Polygon","coordinates":[[[19.527886717482165,40.547061355164544],[19.52790285721612,40.54698580789101],[19.52800189275138,40.546998119709734],[19.527985753125492,40.54707366699754],[19.527886717482165,40.547061355164544]]]},"properties":{"Zk_Numer":null,"Zk_Emer":"","Nr_Pas":"","Vol":null,"Faqe":null,"Pronaret":"","Kufizimet":"","Siperfaqe":72}},
{"type":"Feature","geometry":{"type":"Polygon","coordinates":[[[19.524771409595065,40.54457070642649],[19.524771982408502,40.54448966108063],[19.524884123567226,40.544490122277466],[19.524883550888944,40.54457116762463],[19.524771409595065,40.54457070642649]]]},"properties":{"Zk_Numer":null,"Zk_Emer":"","Nr_Pas":"","Vol":null,"Faqe":null,"Pronaret":"","Kufizimet":"","Siperfaqe":85}},
{"type":"Feature","geometry":{"type":"Polygon","coordinates":[[[19.527074718038772,40.5471571047267],[19.52709888445003,40.54708746198682],[19.52725636901909,40.5471192619424],[19.5272322027589,40.547188904715696],[19.527074718038772,40.5471571047267]]]},"properties":{"Zk_Numer":null,"Zk_Emer":"","Nr_Pas":"","Vol":null,"Faqe":null,"Pronaret":"","Kufizimet":"","Siperfaqe":110}},
{"type":"Feature","geometry":{"type":"Polygon","coordinates":[[[19.527072708455943,40.546858446073145],[19.527080998297578,40.54682298484386],[19.527173970896925,40.54683563231252],[19.527165681102648,40.54687109354865],[19.527072708455943,40.546858446073145]]]},"properties":{"Zk_Numer":null,"Zk_Emer":"","Nr_Pas":"","Vol":null,"Faqe":null,"Pronaret":"","Kufizimet":"","Siperfaqe":32}},
{"type":"Feature","geometry":{"type":"Polygon","coordinates":[[[19.527489645337543,40.547012899024224],[19.527396791999216,40.54699975058814],[19.527418337521027,40.54691121146734],[19.52751119074161,40.546924359885644],[19.527489645337543,40.547012899024224]]]},"properties":{"Zk_Numer":null,"Zk_Emer":"","Nr_Pas":"","Vol":null,"Faqe":null,"Pronaret":"","Kufizimet":"","Siperfaqe":80}},
{"type":"Feature","geometry":{"type":"Polygon","coordinates":[[[19.526255488943185,40.54448455539638],[19.52626188217193,40.54441267931013],[19.526325480188675,40.54441597135592],[19.526319087027534,40.544487847446035],[19.526255488943185,40.54448455539638]]]},"properties":{"Zk_Numer":null,"Zk_Emer":"","Nr_Pas":"","Vol":null,"Faqe":null,"Pronaret":"","Kufizimet":"","Siperfaqe":43}},
{"type":"Feature","geometry":{"type":"Polygon","coordinates":[[[19.52568591707064,40.54471884918182],[19.525716509605033,40.5446459497561],[19.525826685943997,40.544672856702256],[19.525796093516256,40.54474575615741],[19.52568591707064,40.54471884918182]]]},"properties":{"Zk_Numer":null,"Zk_Emer":"","Nr_Pas":"","Vol":null,"Faqe":null,"Pronaret":"","Kufizimet":"","Siperfaqe":83}},
{"type":"Feature","geometry":{"type":"Polygon","coordinates":[[[19.524060073720875,40.54471362152954],[19.52417664576746,40.544763085064716],[19.524113527207255,40.54484965184199],[19.523996955058237,40.544800188243315],[19.524060073720875,40.54471362152954]]]},"properties":{"Zk_Numer":null,"Zk_Emer":"","Nr_Pas":"","Vol":null,"Faqe":null,"Pronaret":"","Kufizimet":"","Siperfaqe":124}},
{"type":"Feature","geometry":{"type":"Polygon","coordinates":[[[19.52474667008525,40.54332468264555],[19.524680148851854,40.54329374501979],[19.524723775249072,40.543239153330404],[19.52469555415248,40.54322602827616],[19.524745325042044,40.54316374760731],[19.52477354612244,40.543176872649454],[19.524780305122803,40.543168414777455],[19.52484682627945,40.54319935234578],[19.52474667008525,40.54332468264555]]]},"properties":{"Zk_Numer":null,"Zk_Emer":"","Nr_Pas":"","Vol":null,"Faqe":null,"Pronaret":"","Kufizimet":"","Siperfaqe":130}},
{"type":"Feature","geometry":{"type":"Polygon","coordinates":[[[19.52489155965471,40.54292586050516],[19.52492892132298,40.542947885636785],[19.524959957801645,40.54291724560956],[19.52503561524151,40.54296184644411],[19.524999526325843,40.54299747440538],[19.524968702905888,40.542979303691425],[19.524910960550905,40.54303630838982],[19.52482876481868,40.54298785307181],[19.52489155965471,40.54292586050516]]]},"properties":{"Zk_Numer":null,"Zk_Emer":"","Nr_Pas":"","Vol":null,"Faqe":null,"Pronaret":"","Kufizimet":"","Siperfaqe":114}},
{"type":"Feature","geometry":{"type":"Polygon","coordinates":[[[19.52457996886214,40.54306859899809],[19.524673703676367,40.543009524668214],[19.524699265222395,40.54303312923304],[19.524765698542517,40.54299126095719],[19.52480028184961,40.543023196516316],[19.524670145247853,40.543105212455735],[19.524637817391884,40.543075359614896],[19.52460778582778,40.543094286340626],[19.52457996886214,40.54306859899809]]]},"properties":{"Zk_Numer":null,"Zk_Emer":"","Nr_Pas":"","Vol":null,"Faqe":null,"Pronaret":"","Kufizimet":"","Siperfaqe":102}},
{"type":"Feature","geometry":{"type":"Polygon","coordinates":[[[19.525845607008755,40.5425318470202],[19.52592164072332,40.54251222047009],[19.525956826083632,40.542591550415],[19.525888619299472,40.54260915660741],[19.525883322584104,40.542597214462866],[19.525875495575058,40.542599234842655],[19.525845607008755,40.5425318470202]]]},"properties":{"Zk_Numer":null,"Zk_Emer":"","Nr_Pas":"","Vol":null,"Faqe":null,"Pronaret":"","Kufizimet":"","Siperfaqe":62}},
{"type":"Feature","geometry":{"type":"Polygon","coordinates":[[[19.52438271022393,40.54345598239694],[19.524286154313526,40.54342675740086],[19.52431227425624,40.543376534896026],[19.524408830106303,40.54340575987018],[19.52438271022393,40.54345598239694]]]},"properties":{"Zk_Numer":null,"Zk_Emer":"","Nr_Pas":"","Vol":null,"Faqe":null,"Pronaret":"","Kufizimet":"","Siperfaqe":53}},
{"type":"Feature","geometry":{"type":"Polygon","coordinates":[[[19.524228512279898,40.54325114501884],[19.52423997140946,40.54316151862649],[19.5243222110456,40.54316763789932],[19.52431705449001,40.54320796978013],[19.524352300074018,40.54321059230941],[19.524345997634008,40.54325988683169],[19.524228512279898,40.54325114501884]]]},"properties":{"Zk_Numer":null,"Zk_Emer":"","Nr_Pas":"","Vol":null,"Faqe":null,"Pronaret":"","Kufizimet":"","Siperfaqe":86}},
{"type":"Feature","geometry":{"type":"Polygon","coordinates":[[[19.52747249429526,40.54292556333456],[19.52737761941888,40.54289329414694],[19.527422802792813,40.54281598144981],[19.5275176775825,40.542848250600265],[19.52747249429526,40.54292556333456]]]},"properties":{"Zk_Numer":null,"Zk_Emer":"","Nr_Pas":"","Vol":null,"Faqe":null,"Pronaret":"","Kufizimet":"","Siperfaqe":83}},
{"type":"Feature","geometry":{"type":"Polygon","coordinates":[[[19.528674421002563,40.543023386426015],[19.52867110718459,40.543077358299676],[19.528655778453068,40.54307681055861],[19.528653569229725,40.543112791807026],[19.528547447193027,40.543108999695406],[19.528552970388173,40.54301904657964],[19.528674421002563,40.543023386426015]]]},"properties":{"Zk_Numer":null,"Zk_Emer":"","Nr_Pas":"","Vol":null,"Faqe":null,"Pronaret":"","Kufizimet":"","Siperfaqe":98}},
{"type":"Feature","geometry":{"type":"Polygon","coordinates":[[[19.52722331855258,40.54329628649076],[19.527209174290075,40.54336751521582],[19.527150818539642,40.54336077128325],[19.527164962862393,40.54328954256558],[19.52722331855258,40.54329628649076]]]},"properties":{"Zk_Numer":null,"Zk_Emer":"","Nr_Pas":"","Vol":null,"Faqe":null,"Pronaret":"","Kufizimet":"","Siperfaqe":40}},
{"type":"Feature","geometry":{"type":"Polygon","coordinates":[[[19.528506079487297,40.54335910005128],[19.528635322789793,40.54336864414547],[19.528631455859017,40.543399119292516],[19.528619706461043,40.543398251653144],[19.528611176442205,40.54346547624023],[19.52849368236354,40.5434567997716],[19.528506079487297,40.54335910005128]]]},"properties":{"Zk_Numer":null,"Zk_Emer":"","Nr_Pas":"","Vol":null,"Faqe":null,"Pronaret":"","Kufizimet":"","Siperfaqe":112}},
{"type":"Feature","geometry":{"type":"Polygon","coordinates":[[[19.52847510145755,40.54353025934234],[19.5286165968708,40.54353534023226],[19.528614210326587,40.54357401965513],[19.528548179092994,40.54357164859315],[19.528543960940684,40.54364001222071],[19.52846849660336,40.543637302386266],[19.52847510145755,40.54353025934234]]]},"properties":{"Zk_Numer":null,"Zk_Emer":"","Nr_Pas":"","Vol":null,"Faqe":null,"Pronaret":"","Kufizimet":"","Siperfaqe":100}},
{"type":"Feature","geometry":{"type":"Polygon","coordinates":[[[19.527938664132048,40.54362117523604],[19.527939220464987,40.54354193084851],[19.5280584425975,40.54354241789241],[19.52805788640506,40.54362166228129],[19.527938664132048,40.54362117523604]]]},"properties":{"Zk_Numer":null,"Zk_Emer":"","Nr_Pas":"","Vol":null,"Faqe":null,"Pronaret":"","Kufizimet":"","Siperfaqe":89}},
{"type":"Feature","geometry":{"type":"Polygon","coordinates":[[[19.527045515314388,40.54363663804052],[19.526992843226015,40.54360768146988],[19.5271101661359,40.54348348286793],[19.52716283817854,40.54351243938545],[19.527045515314388,40.54363663804052]]]},"properties":{"Zk_Numer":null,"Zk_Emer":"","Nr_Pas":"","Vol":null,"Faqe":null,"Pronaret":"","Kufizimet":"","Siperfaqe":93}},
{"type":"Feature","geometry":{"type":"Polygon","coordinates":[[[19.527767324045563,40.54353848332405],[19.5276516737589,40.54354056687848],[19.52764885902569,40.54344963998101],[19.527764509155976,40.5434475564285],[19.527767324045563,40.54353848332405]]]},"properties":{"Zk_Numer":null,"Zk_Emer":"","Nr_Pas":"","Vol":null,"Faqe":null,"Pronaret":"","Kufizimet":"","Siperfaqe":99}},
{"type":"Feature","geometry":{"type":"Polygon","coordinates":[[[19.527813576426656,40.543695080987234],[19.527710957186144,40.543698148665726],[19.527706288919454,40.54360726616775],[19.5278089080214,40.543604198492574],[19.527813576426656,40.543695080987234]]]},"properties":{"Zk_Numer":null,"Zk_Emer":"","Nr_Pas":"","Vol":null,"Faqe":null,"Pronaret":"","Kufizimet":"","Siperfaqe":88}},
{"type":"Feature","geometry":{"type":"Polygon","coordinates":[[[19.527394445296398,40.543808173457926],[19.527430156706433,40.543675503900346],[19.527487186984683,40.54364987180419],[19.527583623175747,40.5436649785625],[19.52753898427597,40.5438308155689],[19.527394445296398,40.543808173457926]]]},"properties":{"Zk_Numer":null,"Zk_Emer":"","Nr_Pas":"","Vol":null,"Faqe":null,"Pronaret":"","Kufizimet":"","Siperfaqe":227}},
{"type":"Feature","geometry":{"type":"Polygon","coordinates":[[[19.52753413089592,40.543387991200774],[19.5275343367965,40.54330964635103],[19.527699596659193,40.54330989899775],[19.52769939095116,40.54338824384886],[19.52753413089592,40.543387991200774]]]},"properties":{"Zk_Numer":null,"Zk_Emer":"","Nr_Pas":"","Vol":null,"Faqe":null,"Pronaret":"","Kufizimet":"","Siperfaqe":122}},
{"type":"Feature","geometry":{"type":"Polygon","coordinates":[[[19.52762322438013,40.54326657029639],[19.527626396018434,40.54323875931106],[19.52758876444931,40.543236261698134],[19.527595312370938,40.54317884547187],[19.527734078679067,40.54318805535044],[19.527724359278043,40.54327328257345],[19.52762322438013,40.54326657029639]]]},"properties":{"Zk_Numer":null,"Zk_Emer":"","Nr_Pas":"","Vol":null,"Faqe":null,"Pronaret":"","Kufizimet":"","Siperfaqe":102}},
{"type":"Feature","geometry":{"type":"Polygon","coordinates":[[[19.527240734314905,40.54316637013128],[19.527271369357152,40.54308501165687],[19.5273802856961,40.54310887953014],[19.52734965077421,40.54319023803377],[19.527240734314905,40.54316637013128]]]},"properties":{"Zk_Numer":null,"Zk_Emer":"","Nr_Pas":"","Vol":null,"Faqe":null,"Pronaret":"","Kufizimet":"","Siperfaqe":90}},
{"type":"Feature","geometry":{"type":"Polygon","coordinates":[[[19.526259396893643,40.54296083405958],[19.52631239606457,40.54297850650255],[19.526298213080718,40.54300326067246],[19.526333906426263,40.54301516251255],[19.52631830514348,40.54304239210207],[19.52630208088866,40.54303698217392],[19.526292625556376,40.54305348495299],[19.526220157235983,40.543029320573616],[19.526259396893643,40.54296083405958]]]},"properties":{"Zk_Numer":null,"Zk_Emer":"","Nr_Pas":"","Vol":null,"Faqe":null,"Pronaret":"","Kufizimet":"","Siperfaqe":55}},
{"type":"Feature","geometry":{"type":"Polygon","coordinates":[[[19.52792534800521,40.54262203950365],[19.52799273210434,40.542549201583995],[19.528105569198257,40.54260995406995],[19.5280381851592,40.542682792055004],[19.52792534800521,40.54262203950365]]]},"properties":{"Zk_Numer":null,"Zk_Emer":"","Nr_Pas":"","Vol":null,"Faqe":null,"Pronaret":"","Kufizimet":"","Siperfaqe":116}},
{"type":"Feature","geometry":{"type":"Polygon","coordinates":[[[19.5283939680914,40.54266844949467],[19.52843469352078,40.54258392696244],[19.52855435101898,40.54261748099139],[19.528513625718883,40.54270200356602],[19.5283939680914,40.54266844949467]]]},"properties":{"Zk_Numer":null,"Zk_Emer":"","Nr_Pas":"","Vol":null,"Faqe":null,"Pronaret":"","Kufizimet":"","Siperfaqe":108}},
{"type":"Feature","geometry":{"type":"Polygon","coordinates":[[[19.52767041360494,40.54295952368276],[19.5277705433754,40.54297228038785],[19.527751099397573,40.54306110205099],[19.52765096949886,40.54304834532852],[19.52767041360494,40.54295952368276]]]},"properties":{"Zk_Numer":null,"Zk_Emer":"","Nr_Pas":"","Vol":null,"Faqe":null,"Pronaret":"","Kufizimet":"","Siperfaqe":86}},
{"type":"Feature","geometry":{"type":"Polygon","coordinates":[[[19.527631635014785,40.542547671972194],[19.52760766186005,40.54260611231003],[19.527635825409256,40.54261283608077],[19.527624191373757,40.542641196833735],[19.527483373631352,40.542607577897286],[19.52751898096277,40.542520776844405],[19.527631635014785,40.542547671972194]]]},"properties":{"Zk_Numer":null,"Zk_Emer":"","Nr_Pas":"","Vol":null,"Faqe":null,"Pronaret":"","Kufizimet":"","Siperfaqe":109}},
{"type":"Feature","geometry":{"type":"Polygon","coordinates":[[[19.52774644994744,40.542440848078456],[19.527770693396086,40.542409938057574],[19.527801081454726,40.54242380922681],[19.527828961382824,40.542388262688846],[19.527867452928966,40.54240583281587],[19.52787533203007,40.54239578705124],[19.52793914700029,40.54242491643989],[19.527878538515843,40.542502191571195],[19.52774644994744,40.542440848078456]]]},"properties":{"Zk_Numer":null,"Zk_Emer":"","Nr_Pas":"","Vol":null,"Faqe":null,"Pronaret":"","Kufizimet":"","Siperfaqe":108}},
{"type":"Feature","geometry":{"type":"Polygon","coordinates":[[[19.527872160982785,40.54223416898897],[19.527899838936655,40.542199581566074],[19.527980439273414,40.542237119469654],[19.527952761345183,40.54227170691178],[19.527872160982785,40.54223416898897]]]},"properties":{"Zk_Numer":null,"Zk_Emer":"","Nr_Pas":"","Vol":null,"Faqe":null,"Pronaret":"","Kufizimet":"","Siperfaqe":36}},
{"type":"Feature","geometry":{"type":"Polygon","coordinates":[[[19.52709756959923,40.54242429271285],[19.52720500174592,40.54243640040655],[19.52718775072352,40.5425254852984],[19.527080318437918,40.54251337758807],[19.52709756959923,40.54242429271285]]]},"properties":{"Zk_Numer":null,"Zk_Emer":"","Nr_Pas":"","Vol":null,"Faqe":null,"Pronaret":"","Kufizimet":"","Siperfaqe":92}},
{"type":"Feature","geometry":{"type":"Polygon","coordinates":[[[19.527401955686585,40.542327269352256],[19.52729101306385,40.54229651208504],[19.527332942863385,40.542208490317634],[19.52744388536084,40.542239247544344],[19.527401955686585,40.542327269352256]]]},"properties":{"Zk_Numer":null,"Zk_Emer":"","Nr_Pas":"","Vol":null,"Faqe":null,"Pronaret":"","Kufizimet":"","Siperfaqe":104}},
{"type":"Feature","geometry":{"type":"Polygon","coordinates":[[[19.52728257470828,40.542075711674286],[19.52729698528444,40.54198724087509],[19.527417639241353,40.54199867863286],[19.52740322882119,40.542087149447816],[19.52728257470828,40.542075711674286]]]},"properties":{"Zk_Numer":null,"Zk_Emer":"","Nr_Pas":"","Vol":null,"Faqe":null,"Pronaret":"","Kufizimet":"","Siperfaqe":102}},
{"type":"Feature","geometry":{"type":"Polygon","coordinates":[[[19.52695622611987,40.542204835572086],[19.526970381281984,40.542125033652816],[19.527089695399756,40.54213735184354],[19.527081147111687,40.542185540521736],[19.52706594039724,40.54218397056192],[19.527060399826514,40.5422152039631],[19.52695622611987,40.542204835572086]]]},"properties":{"Zk_Numer":null,"Zk_Emer":"","Nr_Pas":"","Vol":null,"Faqe":null,"Pronaret":"","Kufizimet":"","Siperfaqe":86}},
{"type":"Feature","geometry":{"type":"Polygon","coordinates":[[[19.52671124871233,40.54244798759754],[19.526583144739362,40.542431817851345],[19.526591815697326,40.542391838115805],[19.5267199195964,40.54240800785209],[19.52671124871233,40.54244798759754]]]},"properties":{"Zk_Numer":null,"Zk_Emer":"","Nr_Pas":"","Vol":null,"Faqe":null,"Pronaret":"","Kufizimet":"","Siperfaqe":49}},
{"type":"Feature","geometry":{"type":"Polygon","coordinates":[[[19.526551638081767,40.54189646482698],[19.526434622910614,40.54186529642853],[19.526457190875174,40.54181598563658],[19.52648839489012,40.541824297214916],[19.526509017292984,40.54177923734329],[19.526594828324054,40.54180209412496],[19.526551638081767,40.54189646482698]]]},"properties":{"Zk_Numer":null,"Zk_Emer":"","Nr_Pas":"","Vol":null,"Faqe":null,"Pronaret":"","Kufizimet":"","Siperfaqe":102}},
{"type":"Feature","geometry":{"type":"Polygon","coordinates":[[[19.52627271668493,40.54179094873153],[19.52616865963487,40.541737941229016],[19.526225687690637,40.541672786374946],[19.526329744685814,40.54172579382638],[19.52627271668493,40.54179094873153]]]},"properties":{"Zk_Numer":null,"Zk_Emer":"","Nr_Pas":"","Vol":null,"Faqe":null,"Pronaret":"","Kufizimet":"","Siperfaqe":92}},
{"type":"Feature","geometry":{"type":"Polygon","coordinates":[[[19.526611747452804,40.541562828858225],[19.526669629882598,40.54148955728715],[19.52675253137362,40.5415276726392],[19.526694649000547,40.54160094425166],[19.526611747452804,40.541562828858225]]]},"properties":{"Zk_Numer":null,"Zk_Emer":"","Nr_Pas":"","Vol":null,"Faqe":null,"Pronaret":"","Kufizimet":"","Siperfaqe":78}},
{"type":"Feature","geometry":{"type":"Polygon","coordinates":[[[19.526464028672965,40.54167550751779],[19.526545629500365,40.541616828075774],[19.526618498459,40.54167580414652],[19.52653689762263,40.54173448363935],[19.526464028672965,40.54167550751779]]]},"properties":{"Zk_Numer":null,"Zk_Emer":"","Nr_Pas":"","Vol":null,"Faqe":null,"Pronaret":"","Kufizimet":"","Siperfaqe":85}},
{"type":"Feature","geometry":{"type":"Polygon","coordinates":[[[19.525808256551965,40.54172839141174],[19.52586256092553,40.541669453663694],[19.525944645261276,40.54171347119185],[19.525890340923358,40.54177240897823],[19.525808256551965,40.54172839141174]]]},"properties":{"Zk_Numer":null,"Zk_Emer":"","Nr_Pas":"","Vol":null,"Faqe":null,"Pronaret":"","Kufizimet":"","Siperfaqe":68}},
{"type":"Feature","geometry":{"type":"Polygon","coordinates":[[[19.526261658407403,40.541940982375884],[19.526189642257197,40.54201004581616],[19.526089875695916,40.541949499366474],[19.52616189188253,40.541880435987885],[19.526261658407403,40.541940982375884]]]},"properties":{"Zk_Numer":null,"Zk_Emer":"","Nr_Pas":"","Vol":null,"Faqe":null,"Pronaret":"","Kufizimet":"","Siperfaqe":106}},
{"type":"Feature","geometry":{"type":"Polygon","coordinates":[[[19.525922313953657,40.54216828238509],[19.52596397113114,40.54206499895539],[19.526076792048666,40.54209148194484],[19.526035135027282,40.54219476541562],[19.525922313953657,40.54216828238509]]]},"properties":{"Zk_Numer":null,"Zk_Emer":"","Nr_Pas":"","Vol":null,"Faqe":null,"Pronaret":"","Kufizimet":"","Siperfaqe":120}},
{"type":"Feature","geometry":{"type":"Polygon","coordinates":[[[19.526527791690015,40.54239839193677],[19.52640972800014,40.54238037668686],[19.526440288243524,40.54226381711577],[19.526558351737528,40.542281832333735],[19.526527791690015,40.54239839193677]]]},"properties":{"Zk_Numer":null,"Zk_Emer":"","Nr_Pas":"","Vol":null,"Faqe":null,"Pronaret":"","Kufizimet":"","Siperfaqe":135}},
{"type":"Feature","geometry":{"type":"Polygon","coordinates":[[[19.526022867383055,40.542375139851565],[19.52602334026021,40.542308052277605],[19.526172070051754,40.542308662308926],[19.526171740093574,40.54235548853613],[19.52609383395748,40.54235516901927],[19.52609367529738,40.54237768162811],[19.526022867383055,40.542375139851565]]]},"properties":{"Zk_Numer":null,"Zk_Emer":"","Nr_Pas":"","Vol":null,"Faqe":null,"Pronaret":"","Kufizimet":"","Siperfaqe":80}},
{"type":"Feature","geometry":{"type":"Polygon","coordinates":[[[19.526274778788586,40.54293444966446],[19.52634566844103,40.542836755117996],[19.526401436779622,40.54286030609811],[19.526330547182717,40.54295800067871],[19.526274778788586,40.54293444966446]]]},"properties":{"Zk_Numer":null,"Zk_Emer":"","Nr_Pas":"","Vol":null,"Faqe":null,"Pronaret":"","Kufizimet":"","Siperfaqe":67}},
{"type":"Feature","geometry":{"type":"Polygon","coordinates":[[[19.525503539620804,40.541734919709654],[19.525611760160622,40.54175360586937],[19.52559456234368,40.54181157381508],[19.525486341715663,40.54179288763895],[19.525503539620804,40.541734919709654]]]},"properties":{"Zk_Numer":null,"Zk_Emer":"","Nr_Pas":"","Vol":null,"Faqe":null,"Pronaret":"","Kufizimet":"","Siperfaqe":62}},
{"type":"Feature","geometry":{"type":"Polygon","coordinates":[[[19.525687222743674,40.54174098116562],[19.52556434519238,40.541696969974076],[19.52558340800292,40.54166599432366],[19.525706285510477,40.54171000549492],[19.525687222743674,40.54174098116562]]]},"properties":{"Zk_Numer":null,"Zk_Emer":"","Nr_Pas":"","Vol":null,"Faqe":null,"Pronaret":"","Kufizimet":"","Siperfaqe":44}},
{"type":"Feature","geometry":{"type":"Polygon","coordinates":[[[19.52531951212616,40.54184263773727],[19.525227114647667,40.54181280027022],[19.525260704213732,40.54175226262364],[19.525353101624457,40.541782100063756],[19.52531951212616,40.54184263773727]]]},"properties":{"Zk_Numer":null,"Zk_Emer":"","Nr_Pas":"","Vol":null,"Faqe":null,"Pronaret":"","Kufizimet":"","Siperfaqe":62}},
{"type":"Feature","geometry":{"type":"Polygon","coordinates":[[[19.52492101915635,40.54229715831581],[19.524771106993846,40.542297320295546],[19.524770954946142,40.542215373304586],[19.524827614591917,40.54221531210645],[19.524827644680993,40.542231521401526],[19.524864237377795,40.542231481863],[19.52486427249198,40.54225039270724],[19.524920932167614,40.542250331463514],[19.52492101915635,40.54229715831581]]]},"properties":{"Zk_Numer":null,"Zk_Emer":"","Nr_Pas":"","Vol":null,"Faqe":null,"Pronaret":"","Kufizimet":"","Siperfaqe":91}},
{"type":"Feature","geometry":{"type":"Polygon","coordinates":[[[19.525679111486717,40.54147933446772],[19.525708263690756,40.54157030929678],[19.52570023725528,40.54157180622099],[19.525710889037775,40.54160504702254],[19.525652410684213,40.54161595317292],[19.525641758929,40.54158271236619],[19.525617679612743,40.54158720312323],[19.525588527524384,40.54149622827224],[19.525679111486717,40.54147933446772]]]},"properties":{"Zk_Numer":null,"Zk_Emer":"","Nr_Pas":"","Vol":null,"Faqe":null,"Pronaret":"","Kufizimet":"","Siperfaqe":102}},
{"type":"Feature","geometry":{"type":"Polygon","coordinates":[[[19.524678006108683,40.544446378803784],[19.524728949335245,40.54446911715294],[19.5247110652867,40.54449243465896],[19.524746725573905,40.54450835149558],[19.524718111083157,40.544545659507925],[19.52468245078311,40.54452974266251],[19.524655028520588,40.54456549615885],[19.524604085246633,40.544542757777215],[19.524678006108683,40.544446378803784]]]},"properties":{"Zk_Numer":null,"Zk_Emer":"","Nr_Pas":"","Vol":null,"Faqe":null,"Pronaret":"","Kufizimet":"","Siperfaqe":79}},
{"type":"Feature","geometry":{"type":"Polygon","coordinates":[[[19.52385760940152,40.544483050032966],[19.523904898431464,40.54445180089853],[19.523959000792154,40.54449944692096],[19.523921526463184,40.54452421040491],[19.52385760940152,40.544483050032966]]]},"properties":{"Zk_Numer":null,"Zk_Emer":"","Nr_Pas":"","Vol":null,"Faqe":null,"Pronaret":"","Kufizimet":"","Siperfaqe":33}},
{"type":"Feature","geometry":{"type":"Polygon","coordinates":[[[19.524004927415767,40.54438799240233],[19.524063809944995,40.54438489417113],[19.52407477562594,40.544506175801025],[19.5240158929909,40.54450927403714],[19.524004927415767,40.54438799240233]]]},"properties":{"Zk_Numer":null,"Zk_Emer":"","Nr_Pas":"","Vol":null,"Faqe":null,"Pronaret":"","Kufizimet":"","Siperfaqe":67}},
{"type":"Feature","geometry":{"type":"Polygon","coordinates":[[[19.524135516846066,40.54460674230072],[19.524205203115244,40.54453405636902],[19.524262371786048,40.54456595276812],[19.524192685544946,40.54463863873407],[19.524135516846066,40.54460674230072]]]},"properties":{"Zk_Numer":null,"Zk_Emer":"","Nr_Pas":"","Vol":null,"Faqe":null,"Pronaret":"","Kufizimet":"","Siperfaqe":60}},
{"type":"Feature","geometry":{"type":"Polygon","coordinates":[[[19.526722996951616,40.54199475786989],[19.526842634142692,40.54202835180559],[19.526803899439276,40.542108635336334],[19.52668426212549,40.54207504136028],[19.526722996951616,40.54199475786989]]]},"properties":{"Zk_Numer":null,"Zk_Emer":"","Nr_Pas":"","Vol":null,"Faqe":null,"Pronaret":"","Kufizimet":"","Siperfaqe":103}},
{"type":"Feature","geometry":{"type":"Polygon","coordinates":[[[19.526511178382115,40.544556532068434],[19.526487626839327,40.5444617908959],[19.526589289700357,40.54444708361486],[19.52661284138164,40.544541824767684],[19.526511178382115,40.544556532068434]]]},"properties":{"Zk_Numer":null,"Zk_Emer":"","Nr_Pas":"","Vol":null,"Faqe":null,"Pronaret":"","Kufizimet":"","Siperfaqe":94}},
{"type":"Feature","geometry":{"type":"Polygon","coordinates":[[[19.528893330328287,40.54245680887628],[19.52894677700817,40.542351385715804],[19.52907543144365,40.542392822444285],[19.529021984931347,40.54249824566447],[19.528893330328287,40.54245680887628]]]},"properties":{"Zk_Numer":null,"Zk_Emer":"","Nr_Pas":"","Vol":null,"Faqe":null,"Pronaret":"","Kufizimet":"","Siperfaqe":148}},
{"type":"Feature","geometry":{"type":"Polygon","coordinates":[[[19.528992313396326,40.547534678624935],[19.529028508239065,40.547435848529965],[19.52913464327931,40.54745846705589],[19.529098448579774,40.54755729718455],[19.528992313396326,40.547534678624935]]]},"properties":{"Zk_Numer":null,"Zk_Emer":"","Nr_Pas":"","Vol":null,"Faqe":null,"Pronaret":"","Kufizimet":"","Siperfaqe":106}},
{"type":"Feature","geometry":{"type":"Polygon","coordinates":[[[19.528555680475737,40.54711903643596],[19.52866065318962,40.54713618037264],[19.528639585979892,40.547211243629015],[19.52853461315456,40.547194099672765],[19.528555680475737,40.54711903643596]]]},"properties":{"Zk_Numer":null,"Zk_Emer":"","Nr_Pas":"","Vol":null,"Faqe":null,"Pronaret":"","Kufizimet":"","Siperfaqe":78}},
{"type":"Feature","geometry":{"type":"Polygon","coordinates":[[[19.52843012420648,40.547548325011086],[19.528455139842098,40.54750836399857],[19.528418379035163,40.5474949731248],[19.52844285611353,40.54745587240794],[19.52847814902458,40.54746872856924],[19.528495545834012,40.54744093811809],[19.5285559831298,40.54746295359487],[19.528489093694905,40.54756980581757],[19.52843012420648,40.547548325011086]]]},"properties":{"Zk_Numer":null,"Zk_Emer":"","Nr_Pas":"","Vol":null,"Faqe":null,"Pronaret":"","Kufizimet":"","Siperfaqe":90}},
{"type":"Feature","geometry":{"type":"Polygon","coordinates":[[[19.526824460564104,40.54819108882889],[19.526853883846773,40.548074486620344],[19.52696425014918,40.54809069202857],[19.526934827050294,40.54820729426593],[19.526824460564104,40.54819108882889]]]},"properties":{"Zk_Numer":null,"Zk_Emer":"","Nr_Pas":"","Vol":null,"Faqe":null,"Pronaret":"","Kufizimet":"","Siperfaqe":126}},
{"type":"Feature","geometry":{"type":"Polygon","coordinates":[[[19.52754182341789,40.54234785997453],[19.527570982050037,40.542276975703544],[19.527675386076897,40.542301970537466],[19.52764622754346,40.54237285483505],[19.52754182341789,40.54234785997453]]]},"properties":{"Zk_Numer":null,"Zk_Emer":"","Nr_Pas":"","Vol":null,"Faqe":null,"Pronaret":"","Kufizimet":"","Siperfaqe":76}},
{"type":"Feature","geometry":{"type":"Polygon","coordinates":[[[19.526649830743843,40.54322147767961],[19.52671872169265,40.54313439147648],[19.526777302911018,40.54316044267967],[19.52670841201073,40.543247528917625],[19.526649830743843,40.54322147767961]]]},"properties":{"Zk_Numer":null,"Zk_Emer":"","Nr_Pas":"","Vol":null,"Faqe":null,"Pronaret":"","Kufizimet":"","Siperfaqe":65}},
{"type":"Feature","geometry":{"type":"Polygon","coordinates":[[[19.52687508149809,40.54339764075403],[19.526971683227917,40.543327532747966],[19.527019161776998,40.54336446482021],[19.52692256004286,40.54343457286552],[19.52687508149809,40.54339764075403]]]},"properties":{"Zk_Numer":null,"Zk_Emer":"","Nr_Pas":"","Vol":null,"Faqe":null,"Pronaret":"","Kufizimet":"","Siperfaqe":65}},
{"type":"Feature","geometry":{"type":"Polygon","coordinates":[[[19.52802825646827,40.543450095279226],[19.527925304540435,40.54345024975298],[19.52792508733945,40.54336597995322],[19.528028039138253,40.54336582547894],[19.52802825646827,40.543450095279226]]]},"properties":{"Zk_Numer":null,"Zk_Emer":"","Nr_Pas":"","Vol":null,"Faqe":null,"Pronaret":"","Kufizimet":"","Siperfaqe":82}},
{"type":"Feature","geometry":{"type":"Polygon","coordinates":[[[19.526449957897547,40.543013864899926],[19.52649730009176,40.54292901886359],[19.526552243076093,40.54294665427626],[19.526504900938363,40.54303150033518],[19.526449957897547,40.543013864899926]]]},"properties":{"Zk_Numer":null,"Zk_Emer":"","Nr_Pas":"","Vol":null,"Faqe":null,"Pronaret":"","Kufizimet":"","Siperfaqe":52}},
{"type":"Feature","geometry":{"type":"Polygon","coordinates":[[[19.525054648200083,40.54147909357308],[19.525107393928575,40.54141760837869],[19.5251756494601,40.54145513724866],[19.525122903763943,40.541516622474],[19.525054648200083,40.54147909357308]]]},"properties":{"Zk_Numer":null,"Zk_Emer":"","Nr_Pas":"","Vol":null,"Faqe":null,"Pronaret":"","Kufizimet":"","Siperfaqe":58}},
{"type":"Feature","geometry":{"type":"Polygon","coordinates":[[[19.525528974646843,40.5421696259827],[19.525417301125156,40.542301089212096],[19.525366914933514,40.54227617909719],[19.52544196446634,40.54218783015416],[19.525400536343604,40.54216734874423],[19.525437160403804,40.542124234519385],[19.525528974646843,40.5421696259827]]]},"properties":{"Zk_Numer":null,"Zk_Emer":"","Nr_Pas":"","Vol":null,"Faqe":null,"Pronaret":"","Kufizimet":"","Siperfaqe":112}},
{"type":"Feature","geometry":{"type":"Polygon","coordinates":[[[19.525178419513896,40.542436084466615],[19.525096202738233,40.54239660867768],[19.52515475434209,40.54232563716867],[19.525236971066153,40.54236511291614],[19.525178419513896,40.542436084466615]]]},"properties":{"Zk_Numer":null,"Zk_Emer":"","Nr_Pas":"","Vol":null,"Faqe":null,"Pronaret":"","Kufizimet":"","Siperfaqe":77}},
{"type":"Feature","geometry":{"type":"Polygon","coordinates":[[[19.52535256119377,40.54251833878247],[19.52527464325424,40.54247742323323],[19.525348004667396,40.54239611557329],[19.525425922558313,40.542437031073376],[19.52535256119377,40.54251833878247]]]},"properties":{"Zk_Numer":null,"Zk_Emer":"","Nr_Pas":"","Vol":null,"Faqe":null,"Pronaret":"","Kufizimet":"","Siperfaqe":88}},
{"type":"Feature","geometry":{"type":"Polygon","coordinates":[[[19.52489354414079,40.54247994430723],[19.524924108093217,40.54248851188132],[19.524942849531623,40.54244686099426],[19.52499431020104,40.542460337221826],[19.52494448090241,40.542571077692386],[19.52489132001068,40.5425571562168],[19.5249090874001,40.54251767014273],[19.52488022358308,40.542509547790495],[19.52489354414079,40.54247994430723]]]},"properties":{"Zk_Numer":null,"Zk_Emer":"","Nr_Pas":"","Vol":null,"Faqe":null,"Pronaret":"","Kufizimet":"","Siperfaqe":70}},
{"type":"Feature","geometry":{"type":"Polygon","coordinates":[[[19.525058878224637,40.54277712501749],[19.525086644610226,40.54278499717821],[19.525050459943717,40.54285927518698],[19.524910911546723,40.542819711161805],[19.524926782526247,40.54278713219734],[19.524937818110036,40.54279026095542],[19.524958649323768,40.54274749986281],[19.524983894085334,40.54275465713605],[19.524984430845375,40.54275366578786],[19.524985012629735,40.54275268933433],[19.524985638729596,40.54275172896507],[19.524986308382157,40.54275078585019],[19.52498702077154,40.5427498611387],[19.524987775029814,40.542748955957244],[19.524988570238026,40.54274807140863],[19.52498940542734,40.54274720857053],[19.524990279580205,40.54274636849421],[19.5249911916316,40.54274555220314],[19.524992140470328,40.54274476069186],[19.524993124940373,40.5427439949247],[19.524994143842317,40.54274325583465],[19.52499519593478,40.542742544322145],[19.52499627993595,40.54274186125406],[19.524997394525144,40.54274120746262],[19.524998538344402,40.542740583744354],[19.524999710000156,40.54273999085918],[19.525000908064932,40.54273942952942],[19.525002131079066,40.54273890043899],[19.525003377552512,40.54273840423249],[19.525004645966625,40.54273794151445],[19.52500593477605,40.54273751284866],[19.52500724241057,40.542737118757366],[19.525008567277034,40.54273675972069],[19.525009907761298,40.54273643617608],[19.52501126223019,40.54273614851773],[19.5250126290335,40.542735897096094],[19.525014006505995,40.54273568221749],[19.525015392969433,40.54273550414373],[19.52501678673463,40.54273536309175],[19.52501818610349,40.54273525923341],[19.525019589371116,40.54273519269524],[19.52502099482783,40.542735163558326],[19.52502240076131,40.542735171858126],[19.525023805458645,40.54273521758457],[19.525025207208426,40.54273530068191],[19.525026604302838,40.54273542104895],[19.525027995039743,40.542735578538995],[19.525029377724746,40.54273577296021],[19.525030750673256,40.542736004075685],[19.52503211221255,40.54273627160386],[19.525033460683808,40.5427365752188],[19.52503479444412,40.54273691455059],[19.525036111868513,40.5427372891858],[19.525037411351907,40.542737698668006],[19.525038691311085,40.542738142498315],[19.525039950186617,40.54273862013598],[19.525041186444753,40.54273913099909],[19.525042398579306,40.54273967446523],[19.52504358511348,40.54274024987226],[19.525044744601665,40.54274085651916],[19.525045875631207,40.5427414936668],[19.52504697682412,40.542742160538936],[19.52504804683877,40.54274285632308],[19.525049084371506,40.54274358017152],[19.52505008815826,40.54274433120235],[19.52505105697607,40.542745108500576],[19.52505198964458,40.54274591111918],[19.525052885027478,40.54274673808029],[19.52505374203388,40.54274758837639],[19.525054559619647,40.542748460971495],[19.525055336788682,40.542749354802524],[19.525056072594126,40.542750268780466],[19.525056766139503,40.54275120179178],[19.52505741657984,40.54275215269972],[19.52505802312268,40.54275312034577],[19.52505858502903,40.54275410355101],[19.525059101614296,40.54275510111754],[19.525059572249106,40.542756111829995],[19.52505999636005,40.542757134456956],[19.525060373430417,40.54275816775254],[19.525060703000804,40.5427592104578],[19.525060984669675,40.542760261302384],[19.525061218093864,40.542761319006004],[19.525061402988968,40.542762382279996],[19.525061539129727,40.542763449828946],[19.52506162635027,40.54276452035218],[19.525061664544324,40.54276559254545],[19.52506165366536,40.542766665102434],[19.52506159372663,40.542767736716435],[19.525061484801157,40.54276880608181],[19.52506132702164,40.54276987189572],[19.525061120580315,40.54277093285962],[19.525060865728694,40.5427719876809],[19.525060562777274,40.54277303507444],[19.525060212095152,40.54277407376412],[19.52505981410958,40.54277510248446],[19.52505936930543,40.542776119982136],[19.525058878224637,40.54277712501749]]]},"properties":{"Zk_Numer":null,"Zk_Emer":"","Nr_Pas":"","Vol":null,"Faqe":null,"Pronaret":"","Kufizimet":"","Siperfaqe":125}},
{"type":"Feature","geometry":{"type":"Polygon","coordinates":[[[19.533636617807748,40.54481379389599],[19.53363839824878,40.54477100743958],[19.53360349112399,40.54477008196168],[19.533605052564003,40.544738586363614],[19.533671972929426,40.54474062144641],[19.533837074063484,40.544746056876605],[19.533834696372395,40.54479104620592],[19.533896030288417,40.54479293257868],[19.533894508590507,40.54482172575017],[19.533636617807748,40.54481379389599]]]},"properties":{"Zk_Numer":null,"Zk_Emer":"","Nr_Pas":"","Vol":null,"Faqe":null,"Pronaret":"","Kufizimet":"","Siperfaqe":164}},
{"type":"Feature","geometry":{"type":"Polygon","coordinates":[[[19.5213784970031,40.54479472498558],[19.521357302011225,40.54475193526899],[19.521405351939755,40.54473808457413],[19.52145321025507,40.54483470357993],[19.521453210255075,40.54483470357993],[19.521472399426926,40.54482917217207],[19.52148649608022,40.54485763120015],[19.52159252642019,40.54482706716595],[19.521614536608354,40.5448715022406],[19.52147477691923,40.54491178898716],[19.521448085944822,40.54485790391382],[19.521400157035163,40.54487171971908],[19.52138833133056,40.54484784533166],[19.521371238411223,40.5448527724652],[19.52134698510929,40.544803808474285],[19.5213784970031,40.54479472498558]]]},"properties":{"Zk_Numer":null,"Zk_Emer":"","Nr_Pas":"","Vol":null,"Faqe":null,"Pronaret":"","Kufizimet":"","Siperfaqe":154}},
{"type":"Feature","geometry":{"type":"Polygon","coordinates":[[[19.527357665695316,40.547920469928286],[19.52727053737736,40.54788435112928],[19.527328032644288,40.54780364583509],[19.527415160889404,40.54783976459084],[19.527357665695316,40.547920469928286]]]},"properties":{"Zk_Numer":null,"Zk_Emer":"","Nr_Pas":"","Vol":null,"Faqe":null,"Pronaret":"","Kufizimet":"","Siperfaqe":86}},
{"type":"Feature","geometry":{"type":"Polygon","coordinates":[[[19.526983750351004,40.54761433240324],[19.526931284027736,40.54760364940569],[19.52693645962898,40.547588858476765],[19.526887415047756,40.5475788721772],[19.526897766263286,40.54754929032295],[19.52688065769891,40.54754580672675],[19.52689496672657,40.54750491416383],[19.52691207528136,40.54750839775787],[19.52692455760185,40.54747272551849],[19.527026068347382,40.54749339478014],[19.526983750351004,40.54761433240324]]]},"properties":{"Zk_Numer":null,"Zk_Emer":"","Nr_Pas":"","Vol":null,"Faqe":null,"Pronaret":"","Kufizimet":"","Siperfaqe":123}},
{"type":"Feature","geometry":{"type":"Polygon","coordinates":[[[19.52992787627969,40.54659974628035],[19.529840655376265,40.54654597151474],[19.529935635748643,40.5464563241555],[19.530033873995386,40.54651689143836],[19.52997080114929,40.54657642295003],[19.529959783763733,40.54656963035574],[19.52992787627969,40.54659974628035]]]},"properties":{"Zk_Numer":null,"Zk_Emer":"","Nr_Pas":"","Vol":null,"Faqe":null,"Pronaret":"","Kufizimet":"","Siperfaqe":132}},
{"type":"Feature","geometry":{"type":"Polygon","coordinates":[[[19.527752123289986,40.546756716792714],[19.527786949828297,40.546653798391766],[19.527859388330427,40.54666664661822],[19.527835327258245,40.546745587397126],[19.527858323639457,40.5467496661946],[19.527850837968767,40.546774225548226],[19.527752123289986,40.546756716792714]]]},"properties":{"Zk_Numer":null,"Zk_Emer":"","Nr_Pas":"","Vol":null,"Faqe":null,"Pronaret":"","Kufizimet":"","Siperfaqe":82}},
{"type":"Feature","geometry":{"type":"Polygon","coordinates":[[[19.529107878589365,40.5437230501256],[19.52912825221267,40.543608836566555],[19.529279137752457,40.54362450026917],[19.52926990607698,40.54367625330141],[19.529260548825025,40.54367528191394],[19.52924940711982,40.543737742467485],[19.529107878589365,40.5437230501256]]]},"properties":{"Zk_Numer":null,"Zk_Emer":"","Nr_Pas":"","Vol":null,"Faqe":null,"Pronaret":"","Kufizimet":"","Siperfaqe":160}},
{"type":"Feature","geometry":{"type":"Polygon","coordinates":[[[19.528387609205698,40.54283004724251],[19.528349542499768,40.54289695903421],[19.528362536543323,40.54290126129206],[19.52832869941667,40.542960738432534],[19.528235575408505,40.542929905525035],[19.52829620033653,40.54282334235628],[19.528347093614236,40.54284019288126],[19.528358372637175,40.54282036716661],[19.528387609205698,40.54283004724251]]]},"properties":{"Zk_Numer":null,"Zk_Emer":"","Nr_Pas":"","Vol":null,"Faqe":null,"Pronaret":"","Kufizimet":"","Siperfaqe":111}},
{"type":"Feature","geometry":{"type":"Polygon","coordinates":[[[19.525712560323928,40.54347933007748],[19.525718163911947,40.54339749458966],[19.52572641568069,40.543397823420975],[19.525729125097822,40.54335825461294],[19.525751522743146,40.543359147151534],[19.52575429372096,40.54331867905141],[19.5258073407464,40.543320792939866],[19.525804569800393,40.54336126104141],[19.525780993330063,40.543360321537804],[19.52577268042825,40.54348172583833],[19.525712560323928,40.54347933007748]]]},"properties":{"Zk_Numer":null,"Zk_Emer":"","Nr_Pas":"","Vol":null,"Faqe":null,"Pronaret":"","Kufizimet":"","Siperfaqe":86}},
{"type":"Feature","geometry":{"type":"Polygon","coordinates":[[[19.524968967593413,40.54326191821297],[19.52497943213149,40.54323367134618],[19.52501124540283,40.5432405303698],[19.525022658659665,40.543209722564086],[19.525093706526633,40.54322504063074],[19.525071828801117,40.543284095319784],[19.524968967593413,40.54326191821297]]]},"properties":{"Zk_Numer":null,"Zk_Emer":"","Nr_Pas":"","Vol":null,"Faqe":null,"Pronaret":"","Kufizimet":"","Siperfaqe":52}},
{"type":"Feature","geometry":{"type":"Polygon","coordinates":[[[19.52532382529452,40.54485792107057],[19.525297262223102,40.54484669784236],[19.525269975618897,40.54488428098889],[19.525191187055132,40.544850991776585],[19.525218070963085,40.54481396334248],[19.525239885211906,40.5448232732691],[19.52528940946085,40.5447557433081],[19.525336004207343,40.54477562907391],[19.525309409054685,40.544811893577055],[19.525346097358,40.54482755143951],[19.52532382529452,40.54485792107057]]]},"properties":{"Zk_Numer":null,"Zk_Emer":"","Nr_Pas":"","Vol":null,"Faqe":null,"Pronaret":"","Kufizimet":"","Siperfaqe":88}},
{"type":"Feature","geometry":{"type":"Polygon","coordinates":[[[19.524577286213603,40.544833817786454],[19.524542781223857,40.544900878157144],[19.524469158966916,40.54487883320942],[19.524486842814472,40.544844464782194],[19.524509918432102,40.544851374394156],[19.524526739626573,40.544818682469426],[19.524577286213603,40.544833817786454]]]},"properties":{"Zk_Numer":null,"Zk_Emer":"","Nr_Pas":"","Vol":null,"Faqe":null,"Pronaret":"","Kufizimet":"","Siperfaqe":45}},
{"type":"Feature","geometry":{"type":"Polygon","coordinates":[[[19.53433018686494,40.5444405523086],[19.534327633697387,40.54440357396361],[19.534314641206915,40.54440352159768],[19.5343137398946,40.54438155143956],[19.534323572046347,40.544381591068024],[19.534323794674805,40.54434944583043],[19.534418604665085,40.54434982791869],[19.534419386025757,40.544439840244635],[19.53433018686494,40.5444405523086]]]},"properties":{"Zk_Numer":null,"Zk_Emer":"","Nr_Pas":"","Vol":null,"Faqe":null,"Pronaret":"","Kufizimet":"","Siperfaqe":81}},
{"type":"Feature","geometry":{"type":"Polygon","coordinates":[[[19.526746809503607,40.546585548830585],[19.52668963968871,40.54650459115636],[19.526721415639628,40.54649153338954],[19.526737136694624,40.546513795845115],[19.526775817899036,40.54649790046601],[19.52679447748636,40.546524324109406],[19.52675994238966,40.54653851571894],[19.526782731602044,40.546570787271875],[19.526746809503607,40.546585548830585]]]},"properties":{"Zk_Numer":null,"Zk_Emer":"","Nr_Pas":"","Vol":null,"Faqe":null,"Pronaret":"","Kufizimet":"","Siperfaqe":45}},
{"type":"Feature","geometry":{"type":"Polygon","coordinates":[[[19.534469039040403,40.54415945027863],[19.534467428849343,40.544186128144794],[19.534352391863262,40.54418208739054],[19.534356426886568,40.544115236422336],[19.53442247006859,40.54411550256838],[19.53442217716412,40.544157804236555],[19.534469039040403,40.54415945027863]]]},"properties":{"Zk_Numer":null,"Zk_Emer":"","Nr_Pas":"","Vol":null,"Faqe":null,"Pronaret":"","Kufizimet":"","Siperfaqe":55}},
{"type":"Feature","geometry":{"type":"Polygon","coordinates":[[[19.525494474298924,40.542599151079735],[19.525740608493386,40.542529695355945],[19.525775406050297,40.54260146222159],[19.525529271627644,40.54267091801738],[19.525494474298924,40.542599151079735]]]},"properties":{"Zk_Numer":null,"Zk_Emer":"","Nr_Pas":"","Vol":null,"Faqe":null,"Pronaret":"","Kufizimet":"","Siperfaqe":189}}
]}