{"type":"FeatureCollection", "features": [
{"type":"Feature","geometry":{"type":"Polygon","coordinates":[[[19.640596324250918,40.152658079673614],[19.640579100701316,40.15260110602949],[19.640561863314904,40.152544090912045],[19.640642541399785,40.1525294365017],[19.640659993825206,40.152586414449765],[19.640677464872585,40.1526434275756],[19.640596324250918,40.152658079673614]]]},"properties":{"OBJECTID":12891,"id":2632820,"cze_id":1481,"Tipi":"Ndertese","upn":"1481-122-N","label":"122","legal_area":0,"active":2,"descriptio":"","registrati":"2016-08-10 00:00:00","su_last_mo":"2022-05-13 11:07:46","volume":3,"page":11,"property_n":"122","pronari":"PRIVAT","Lloji_pasu":"TRUALL","id_bau":15481617,"id_sut":2632820,"InspireId":"ASHK_N_2632820","Zona_Kadas":1481,"Numri_i_pa":"122","Emri_I_Sis":"Agjencia Shteterore e Kadastres","Fillimi_i_":"10.08.2016","Përfundim":"13.05.2022","Shape_Leng":40.1622933585,"Shape_Area":92.0645008921}},
{"type":"Feature","geometry":{"type":"Polygon","coordinates":[[[19.640893259852607,40.15223758098768],[19.640790690835455,40.15223626949693],[19.640792360851606,40.15215252401778],[19.640839763971865,40.1521530808276],[19.640840266524535,40.15212786037443],[19.640908345702176,40.152128659602624],[19.64090789731202,40.15215117754401],[19.64089498561876,40.15215102582915],[19.640893259852607,40.15223758098768]]]},"properties":{"OBJECTID":12897,"id":2632920,"cze_id":1481,"Tipi":"Ndertese","upn":"1481-147/1-N","label":"147/1","legal_area":0,"active":2,"descriptio":"","registrati":"2016-08-10 00:00:00","su_last_mo":"2022-05-13 11:07:41","volume":1,"page":214,"property_n":"147/1","pronari":"PRIVAT","Lloji_pasu":"TRUALL","id_bau":20680429,"id_sut":2632920,"InspireId":"ASHK_N_2632920","Zona_Kadas":1481,"Numri_i_pa":"147/1","Emri_I_Sis":"Agjencia Shteterore e Kadastres","Fillimi_i_":"10.08.2016","Përfundim":"13.05.2022","Shape_Leng":43.8953230421,"Shape_Area":97.258211313}},
{"type":"Feature","geometry":{"type":"Polygon","coordinates":[[[19.63914980578163,40.152176853769106],[19.63921061605976,40.15215335225316],[19.63927134177936,40.15224587205253],[19.639210532612793,40.15226937360337],[19.63914980578163,40.152176853769106]]]},"properties":{"OBJECTID":12898,"id":2632838,"cze_id":1481,"Tipi":"Ndertese","upn":"1481-154-N","label":"154","legal_area":0,"active":2,"descriptio":"","registrati":"2016-08-10 00:00:00","su_last_mo":"2022-05-13 11:07:45","volume":10001,"page":79,"property_n":"154","pronari":"PRIVAT","Lloji_pasu":"TRUALL","id_bau":15411776,"id_sut":2632838,"InspireId":"ASHK_N_2632838","Zona_Kadas":1481,"Numri_i_pa":"154","Emri_I_Sis":"Agjencia Shteterore e Kadastres","Fillimi_i_":"10.08.2016","Përfundim":"13.05.2022","Shape_Leng":34.6081539369,"Shape_Area":66.7313529406}},
{"type":"Feature","geometry":{"type":"Polygon","coordinates":[[[19.63914980578163,40.152176853769106],[19.63921061605976,40.15215335225316],[19.63927134177936,40.15224587205253],[19.639210532612793,40.15226937360337],[19.63914980578163,40.152176853769106]]]},"properties":{"OBJECTID":12899,"id":2632838,"cze_id":1481,"Tipi":"Ndertese","upn":"1481-154-N","label":"154","legal_area":0,"active":2,"descriptio":"","registrati":"2016-08-10 00:00:00","su_last_mo":"2022-05-13 11:07:45","volume":10001,"page":89,"property_n":"154","pronari":"PRIVAT","Lloji_pasu":"TRUALL","id_bau":15411793,"id_sut":2632838,"InspireId":"ASHK_N_2632838","Zona_Kadas":1481,"Numri_i_pa":"154","Emri_I_Sis":"Agjencia Shteterore e Kadastres","Fillimi_i_":"10.08.2016","Përfundim":"13.05.2022","Shape_Leng":34.6081539369,"Shape_Area":66.7313529406}},
{"type":"Feature","geometry":{"type":"Polygon","coordinates":[[[19.63914980578163,40.152176853769106],[19.63921061605976,40.15215335225316],[19.63927134177936,40.15224587205253],[19.639210532612793,40.15226937360337],[19.63914980578163,40.152176853769106]]]},"properties":{"OBJECTID":12900,"id":2632838,"cze_id":1481,"Tipi":"Ndertese","upn":"1481-154-N","label":"154","legal_area":0,"active":2,"descriptio":"","registrati":"2016-08-10 00:00:00","su_last_mo":"2022-05-13 11:07:45","volume":10001,"page":90,"property_n":"154","pronari":"PRIVAT","Lloji_pasu":"TRUALL","id_bau":15411794,"id_sut":2632838,"InspireId":"ASHK_N_2632838","Zona_Kadas":1481,"Numri_i_pa":"154","Emri_I_Sis":"Agjencia Shteterore e Kadastres","Fillimi_i_":"10.08.2016","Përfundim":"13.05.2022","Shape_Leng":34.6081539369,"Shape_Area":66.7313529406}},
{"type":"Feature","geometry":{"type":"Polygon","coordinates":[[[19.63914980578163,40.152176853769106],[19.63921061605976,40.15215335225316],[19.63927134177936,40.15224587205253],[19.639210532612793,40.15226937360337],[19.63914980578163,40.152176853769106]]]},"properties":{"OBJECTID":12901,"id":2632838,"cze_id":1481,"Tipi":"Ndertese","upn":"1481-154-N","label":"154","legal_area":0,"active":2,"descriptio":"","registrati":"2016-08-10 00:00:00","su_last_mo":"2022-05-13 11:07:45","volume":10001,"page":102,"property_n":"154","pronari":"PRIVAT","Lloji_pasu":"TRUALL","id_bau":15411807,"id_sut":2632838,"InspireId":"ASHK_N_2632838","Zona_Kadas":1481,"Numri_i_pa":"154","Emri_I_Sis":"Agjencia Shteterore e Kadastres","Fillimi_i_":"10.08.2016","Përfundim":"13.05.2022","Shape_Leng":34.6081539369,"Shape_Area":66.7313529406}},
{"type":"Feature","geometry":{"type":"Polygon","coordinates":[[[19.63914980578163,40.152176853769106],[19.63921061605976,40.15215335225316],[19.63927134177936,40.15224587205253],[19.639210532612793,40.15226937360337],[19.63914980578163,40.152176853769106]]]},"properties":{"OBJECTID":12902,"id":2632838,"cze_id":1481,"Tipi":"Ndertese","upn":"1481-154-N","label":"154","legal_area":0,"active":2,"descriptio":"","registrati":"2016-08-10 00:00:00","su_last_mo":"2022-05-13 11:07:45","volume":10001,"page":103,"property_n":"154","pronari":"PRIVAT","Lloji_pasu":"TRUALL","id_bau":15411808,"id_sut":2632838,"InspireId":"ASHK_N_2632838","Zona_Kadas":1481,"Numri_i_pa":"154","Emri_I_Sis":"Agjencia Shteterore e Kadastres","Fillimi_i_":"10.08.2016","Përfundim":"13.05.2022","Shape_Leng":34.6081539369,"Shape_Area":66.7313529406}},
{"type":"Feature","geometry":{"type":"Polygon","coordinates":[[[19.6395365301514,40.15203261878265],[19.63953482376702,40.15208143912823],[19.639425028764755,40.15207726076103],[19.639429678979727,40.15200531334579],[19.639467247715515,40.152013025926706],[19.6394937844088,40.152014035257366],[19.639493084132468,40.1520317189255],[19.6395365301514,40.15203261878265]]]},"properties":{"OBJECTID":12903,"id":2632569,"cze_id":1481,"Tipi":"Ndertese","upn":"1481-166/1-N","label":"166/1","legal_area":0,"active":2,"descriptio":"","registrati":"2016-08-10 00:00:00","su_last_mo":"2022-05-13 11:49:28","volume":3,"page":56,"property_n":"166/1","pronari":"PRIVAT","Lloji_pasu":"TRUALL","id_bau":15481699,"id_sut":2632569,"InspireId":"ASHK_N_2632569","Zona_Kadas":1481,"Numri_i_pa":"166/1","Emri_I_Sis":"Agjencia Shteterore e Kadastres","Fillimi_i_":"10.08.2016","Përfundim":"13.05.2022","Shape_Leng":34.0333976393,"Shape_Area":61.8036631599}},
{"type":"Feature","geometry":{"type":"Polygon","coordinates":[[[19.64118186184956,40.152122053272855],[19.641184147131238,40.1520459692373],[19.64129678826212,40.152044798925594],[19.64129834677381,40.152122227748556],[19.64118186184956,40.152122053272855]]]},"properties":{"OBJECTID":12904,"id":2632787,"cze_id":1481,"Tipi":"Ndertese","upn":"1481-169-N","label":"169","legal_area":0,"active":2,"descriptio":"","registrati":"2016-08-10 00:00:00","su_last_mo":"2022-05-13 11:07:47","volume":1,"page":226,"property_n":"169","pronari":"PRIVAT","Lloji_pasu":"TRUALL","id_bau":16252612,"id_sut":2632787,"InspireId":"ASHK_N_2632787","Zona_Kadas":1481,"Numri_i_pa":"169","Emri_I_Sis":"Agjencia Shteterore e Kadastres","Fillimi_i_":"10.08.2016","Përfundim":"13.05.2022","Shape_Leng":36.5727620199,"Shape_Area":83.1937558642}},
{"type":"Feature","geometry":{"type":"Polygon","coordinates":[[[19.64195460844573,40.15010391455973],[19.642043935073943,40.15005977885862],[19.642087697639532,40.150111934213506],[19.642131377825443,40.15009035230418],[19.642161874747412,40.15012669814109],[19.642080297669278,40.15016699884332],[19.642053128273435,40.15013461957844],[19.642001697319433,40.15016003203589],[19.64195460844573,40.15010391455973]]]},"properties":{"OBJECTID":13069,"id":2632922,"cze_id":1481,"Tipi":"Ndertese","upn":"1481-262-N","label":"262","legal_area":0,"active":2,"descriptio":"","registrati":"2016-08-10 00:00:00","su_last_mo":"2022-05-13 11:07:41","volume":2,"page":104,"property_n":"262","pronari":"PRIVAT","Lloji_pasu":"TRUALL","id_bau":15406747,"id_sut":2632922,"InspireId":"ASHK_N_2632922","Zona_Kadas":1481,"Numri_i_pa":"262","Emri_I_Sis":"Agjencia Shteterore e Kadastres","Fillimi_i_":"10.08.2016","Përfundim":"13.05.2022","Shape_Leng":50.3337427898,"Shape_Area":104.75988316}},
{"type":"Feature","geometry":{"type":"Polygon","coordinates":[[[19.64195460844573,40.15010391455973],[19.642043935073943,40.15005977885862],[19.642087697639532,40.150111934213506],[19.642131377825443,40.15009035230418],[19.642161874747412,40.15012669814109],[19.642080297669278,40.15016699884332],[19.642053128273435,40.15013461957844],[19.642001697319433,40.15016003203589],[19.64195460844573,40.15010391455973]]]},"properties":{"OBJECTID":13070,"id":2632922,"cze_id":1481,"Tipi":"Ndertese","upn":"1481-262-N","label":"262","legal_area":0,"active":2,"descriptio":"","registrati":"2016-08-10 00:00:00","su_last_mo":"2022-05-13 11:07:41","volume":5,"page":104,"property_n":"262","pronari":"PRIVAT","Lloji_pasu":"TRUALL","id_bau":15412045,"id_sut":2632922,"InspireId":"ASHK_N_2632922","Zona_Kadas":1481,"Numri_i_pa":"262","Emri_I_Sis":"Agjencia Shteterore e Kadastres","Fillimi_i_":"10.08.2016","Përfundim":"13.05.2022","Shape_Leng":50.3337427898,"Shape_Area":104.75988316}},
{"type":"Feature","geometry":{"type":"Polygon","coordinates":[[[19.646420909661057,40.138027041895626],[19.646503781034404,40.13806925003201],[19.646480121801414,40.138096612647765],[19.64636898257223,40.13804000681451],[19.646380472225218,40.13802671849088],[19.646408741233035,40.13804111617175],[19.646420909661057,40.138027041895626]]]},"properties":{"OBJECTID":13149,"id":2930035,"cze_id":1481,"Tipi":"Ndertese","upn":"1481-143/10-N","label":"143/10","legal_area":0,"active":2,"descriptio":"","registrati":"2022-04-19 16:12:31","su_last_mo":"2022-05-13 09:52:05","volume":5,"page":142,"property_n":"143/10-ND","pronari":"PRIVAT","Lloji_pasu":"NDERTESE","id_bau":38272994,"id_sut":2930035,"InspireId":"ASHK_N_2930035","Zona_Kadas":1481,"Numri_i_pa":"143/10-ND","Emri_I_Sis":"Agjencia Shteterore e Kadastres","Fillimi_i_":"19.04.2022","Përfundim":"13.05.2022","Shape_Leng":30.0277281567,"Shape_Area":36.0278640122}},
{"type":"Feature","geometry":{"type":"Polygon","coordinates":[[[19.63914980578163,40.152176853769106],[19.63921061605976,40.15215335225316],[19.63927134177936,40.15224587205253],[19.639210532612793,40.15226937360337],[19.63914980578163,40.152176853769106]]]},"properties":{"OBJECTID":13151,"id":2632838,"cze_id":1481,"Tipi":"Ndertese","upn":"1481-154-N","label":"154","legal_area":0,"active":2,"descriptio":"","registrati":"2016-08-10 00:00:00","su_last_mo":"2022-05-13 11:07:45","volume":10001,"page":80,"property_n":"154","pronari":"PRIVAT","Lloji_pasu":"TRUALL","id_bau":15411777,"id_sut":2632838,"InspireId":"ASHK_N_2632838","Zona_Kadas":1481,"Numri_i_pa":"154","Emri_I_Sis":"Agjencia Shteterore e Kadastres","Fillimi_i_":"10.08.2016","Përfundim":"13.05.2022","Shape_Leng":34.6081539369,"Shape_Area":66.7313529406}},
{"type":"Feature","geometry":{"type":"Polygon","coordinates":[[[19.63914980578163,40.152176853769106],[19.63921061605976,40.15215335225316],[19.63927134177936,40.15224587205253],[19.639210532612793,40.15226937360337],[19.63914980578163,40.152176853769106]]]},"properties":{"OBJECTID":13152,"id":2632838,"cze_id":1481,"Tipi":"Ndertese","upn":"1481-154-N","label":"154","legal_area":0,"active":2,"descriptio":"","registrati":"2016-08-10 00:00:00","su_last_mo":"2022-05-13 11:07:45","volume":10001,"page":87,"property_n":"154","pronari":"PRIVAT","Lloji_pasu":"TRUALL","id_bau":15411791,"id_sut":2632838,"InspireId":"ASHK_N_2632838","Zona_Kadas":1481,"Numri_i_pa":"154","Emri_I_Sis":"Agjencia Shteterore e Kadastres","Fillimi_i_":"10.08.2016","Përfundim":"13.05.2022","Shape_Leng":34.6081539369,"Shape_Area":66.7313529406}},
{"type":"Feature","geometry":{"type":"Polygon","coordinates":[[[19.63914980578163,40.152176853769106],[19.63921061605976,40.15215335225316],[19.63927134177936,40.15224587205253],[19.639210532612793,40.15226937360337],[19.63914980578163,40.152176853769106]]]},"properties":{"OBJECTID":13153,"id":2632838,"cze_id":1481,"Tipi":"Ndertese","upn":"1481-154-N","label":"154","legal_area":0,"active":2,"descriptio":"","registrati":"2016-08-10 00:00:00","su_last_mo":"2022-05-13 11:07:45","volume":10001,"page":88,"property_n":"154","pronari":"PRIVAT","Lloji_pasu":"TRUALL","id_bau":15411792,"id_sut":2632838,"InspireId":"ASHK_N_2632838","Zona_Kadas":1481,"Numri_i_pa":"154","Emri_I_Sis":"Agjencia Shteterore e Kadastres","Fillimi_i_":"10.08.2016","Përfundim":"13.05.2022","Shape_Leng":34.6081539369,"Shape_Area":66.7313529406}},
{"type":"Feature","geometry":{"type":"Polygon","coordinates":[[[19.63914980578163,40.152176853769106],[19.63921061605976,40.15215335225316],[19.63927134177936,40.15224587205253],[19.639210532612793,40.15226937360337],[19.63914980578163,40.152176853769106]]]},"properties":{"OBJECTID":13154,"id":2632838,"cze_id":1481,"Tipi":"Ndertese","upn":"1481-154-N","label":"154","legal_area":0,"active":2,"descriptio":"","registrati":"2016-08-10 00:00:00","su_last_mo":"2022-05-13 11:07:45","volume":10001,"page":104,"property_n":"154","pronari":"PRIVAT","Lloji_pasu":"TRUALL","id_bau":15411809,"id_sut":2632838,"InspireId":"ASHK_N_2632838","Zona_Kadas":1481,"Numri_i_pa":"154","Emri_I_Sis":"Agjencia Shteterore e Kadastres","Fillimi_i_":"10.08.2016","Përfundim":"13.05.2022","Shape_Leng":34.6081539369,"Shape_Area":66.7313529406}},
{"type":"Feature","geometry":{"type":"Polygon","coordinates":[[[19.63914980578163,40.152176853769106],[19.63921061605976,40.15215335225316],[19.63927134177936,40.15224587205253],[19.639210532612793,40.15226937360337],[19.63914980578163,40.152176853769106]]]},"properties":{"OBJECTID":13155,"id":2632838,"cze_id":1481,"Tipi":"Ndertese","upn":"1481-154-N","label":"154","legal_area":0,"active":2,"descriptio":"","registrati":"2016-08-10 00:00:00","su_last_mo":"2022-05-13 11:07:45","volume":10001,"page":105,"property_n":"154","pronari":"PRIVAT","Lloji_pasu":"TRUALL","id_bau":15411810,"id_sut":2632838,"InspireId":"ASHK_N_2632838","Zona_Kadas":1481,"Numri_i_pa":"154","Emri_I_Sis":"Agjencia Shteterore e Kadastres","Fillimi_i_":"10.08.2016","Përfundim":"13.05.2022","Shape_Leng":34.6081539369,"Shape_Area":66.7313529406}},
{"type":"Feature","geometry":{"type":"Polygon","coordinates":[[[19.6395365301514,40.15203261878265],[19.63960691199828,40.15203406806686],[19.639602945258755,40.152147493532695],[19.63953256446854,40.152146044249236],[19.63953329743353,40.152125061810295],[19.63953482376702,40.15208143912823],[19.6395365301514,40.15203261878265]]]},"properties":{"OBJECTID":13156,"id":2632570,"cze_id":1481,"Tipi":"Ndertese","upn":"1481-166-N","label":"166","legal_area":0,"active":2,"descriptio":"","registrati":"2016-08-10 00:00:00","su_last_mo":"2022-05-13 11:49:28","volume":3,"page":57,"property_n":"166","pronari":"PRIVAT","Lloji_pasu":"TRUALL","id_bau":15481701,"id_sut":2632570,"InspireId":"ASHK_N_2632570","Zona_Kadas":1481,"Numri_i_pa":"166","Emri_I_Sis":"Agjencia Shteterore e Kadastres","Fillimi_i_":"10.08.2016","Përfundim":"13.05.2022","Shape_Leng":37.1963425166,"Shape_Area":75.58243566}},
{"type":"Feature","geometry":{"type":"Polygon","coordinates":[[[19.638998283850867,40.151908011031075],[19.63913228466551,40.1518701183816],[19.639147993937147,40.15186567607941],[19.63915551392665,40.151881336512965],[19.639165604284532,40.15188190110766],[19.63917215864132,40.15188575625756],[19.639176265031633,40.151891558966895],[19.639176052080327,40.151894984159725],[19.639171561515568,40.15189923537597],[19.6391690958612,40.15190097664466],[19.639165267921324,40.15190332336975],[19.639173292992705,40.1519180199401],[19.639016757223327,40.15196228523086],[19.63899754171653,40.15192227141128],[19.638991600495345,40.151909901253546],[19.638998283850867,40.151908011031075]]]},"properties":{"OBJECTID":13157,"id":2632606,"cze_id":1481,"Tipi":"Ndertese","upn":"1481-181-N","label":"181","legal_area":0,"active":2,"descriptio":"","registrati":"2016-08-10 00:00:00","su_last_mo":"2022-05-13 11:49:26","volume":3,"page":64,"property_n":"181","pronari":"PRIVAT","Lloji_pasu":"TRUALL","id_bau":15481716,"id_sut":2632606,"InspireId":"ASHK_N_2632606","Zona_Kadas":1481,"Numri_i_pa":"181","Emri_I_Sis":"Agjencia Shteterore e Kadastres","Fillimi_i_":"10.08.2016","Përfundim":"13.05.2022","Shape_Leng":42.227995275,"Shape_Area":90.3420953952}},
{"type":"Feature","geometry":{"type":"Polygon","coordinates":[[[19.64102108866774,40.15243741819627],[19.64101621557165,40.15248714284633],[19.640944340070863,40.15248284661427],[19.64094938569123,40.15243313240874],[19.64102108866774,40.15243741819627]]]},"properties":{"OBJECTID":13768,"id":2632664,"cze_id":1481,"Tipi":"Ndertese","upn":"1481-133/3-N","label":"133/3","legal_area":0,"active":2,"descriptio":"","registrati":"2016-08-10 00:00:00","su_last_mo":"2022-05-13 11:49:23","volume":3,"page":25,"property_n":"133/3","pronari":"PRIVAT","Lloji_pasu":"TRUALL","id_bau":15481637,"id_sut":2632664,"InspireId":"ASHK_N_2632664","Zona_Kadas":1481,"Numri_i_pa":"133/3","Emri_I_Sis":"Agjencia Shteterore e Kadastres","Fillimi_i_":"10.08.2016","Përfundim":"13.05.2022","Shape_Leng":23.3444888073,"Shape_Area":33.9707516305}},
{"type":"Feature","geometry":{"type":"Polygon","coordinates":[[[19.64382515125477,40.15117160177862],[19.643874962732497,40.1512517916148],[19.643758394105713,40.15129442647814],[19.64370858625552,40.1512142366037],[19.64382515125477,40.15117160177862]]]},"properties":{"OBJECTID":13549,"id":2632938,"cze_id":1481,"Tipi":"Ndertese","upn":"1481-223-N","label":"223","legal_area":0,"active":2,"descriptio":"","registrati":"2016-08-10 00:00:00","su_last_mo":"2022-05-13 16:08:08","volume":1003,"page":83,"property_n":"223","pronari":"PRIVAT","Lloji_pasu":"TRUALL","id_bau":6705383,"id_sut":2632938,"InspireId":"ASHK_N_2632938","Zona_Kadas":1481,"Numri_i_pa":"223","Emri_I_Sis":"Agjencia Shteterore e Kadastres","Fillimi_i_":"10.08.2016","Përfundim":"13.05.2022","Shape_Leng":41.7333429505,"Shape_Area":108.530253897}},
{"type":"Feature","geometry":{"type":"Polygon","coordinates":[[[19.640952091155153,40.14786002352895],[19.640896339120967,40.14782773727324],[19.640973410867375,40.14774936071967],[19.641029162879256,40.14778164603801],[19.640952091155153,40.14786002352895]]]},"properties":{"OBJECTID":13550,"id":2633005,"cze_id":1481,"Tipi":"Ndertese","upn":"1481-341-N","label":"341","legal_area":0,"active":2,"descriptio":"","registrati":"2016-08-10 00:00:00","su_last_mo":"2022-05-13 16:08:03","volume":4,"page":31,"property_n":"341","pronari":"PRIVAT","Lloji_pasu":"TRUALL","id_bau":15482068,"id_sut":2633005,"InspireId":"ASHK_N_2633005","Zona_Kadas":1481,"Numri_i_pa":"341","Emri_I_Sis":"Agjencia Shteterore e Kadastres","Fillimi_i_":"10.08.2016","Përfundim":"13.05.2022","Shape_Leng":33.7085600658,"Shape_Area":64.8880612584}},
{"type":"Feature","geometry":{"type":"Polygon","coordinates":[[[19.64204623364059,40.153752325309135],[19.642013615932132,40.15372640537445],[19.642068921583302,40.15369293649586],[19.64209800112528,40.153721227547486],[19.64204623364059,40.153752325309135]]]},"properties":{"OBJECTID":13814,"id":2632556,"cze_id":1481,"Tipi":"Ndertese","upn":"1481-50/1-N","label":"50/1","legal_area":0,"active":2,"descriptio":"","registrati":"2016-08-10 00:00:00","su_last_mo":"2022-05-13 11:49:28","volume":2,"page":191,"property_n":"50/1","pronari":"PRIVAT","Lloji_pasu":"TRUALL","id_bau":15482118,"id_sut":2632556,"InspireId":"ASHK_N_2632556","Zona_Kadas":1481,"Numri_i_pa":"50/1","Emri_I_Sis":"Agjencia Shteterore e Kadastres","Fillimi_i_":"10.08.2016","Përfundim":"13.05.2022","Shape_Leng":19.6047775236,"Shape_Area":23.1509885751}},
{"type":"Feature","geometry":{"type":"Polygon","coordinates":[[[19.640756848659432,40.15293569028233],[19.640762212504153,40.15298955698264],[19.640702141636318,40.15299275052971],[19.64069714294651,40.15293886514672],[19.640756848659432,40.15293569028233]]]},"properties":{"OBJECTID":13816,"id":2632519,"cze_id":1481,"Tipi":"Ndertese","upn":"1481-96-N","label":"96","legal_area":0,"active":2,"descriptio":"","registrati":"2016-08-10 00:00:00","su_last_mo":"2022-05-13 11:49:31","volume":2,"page":233,"property_n":"96","pronari":"PRIVAT","Lloji_pasu":"TRUALL","id_bau":15482186,"id_sut":2632519,"InspireId":"ASHK_N_2632519","Zona_Kadas":1481,"Numri_i_pa":"96","Emri_I_Sis":"Agjencia Shteterore e Kadastres","Fillimi_i_":"10.08.2016","Përfundim":"13.05.2022","Shape_Leng":22.2271543332,"Shape_Area":30.6822718573}},
{"type":"Feature","geometry":{"type":"Polygon","coordinates":[[[19.640893259852607,40.15223758098768],[19.640790690835455,40.15223626949693],[19.640792360851606,40.15215252401778],[19.640839763971865,40.1521530808276],[19.640840266524535,40.15212786037443],[19.640908345702176,40.152128659602624],[19.64090789731202,40.15215117754401],[19.64089498561876,40.15215102582915],[19.640893259852607,40.15223758098768]]]},"properties":{"OBJECTID":13817,"id":2632920,"cze_id":1481,"Tipi":"Ndertese","upn":"1481-147/1-N","label":"147/1","legal_area":0,"active":2,"descriptio":"","registrati":"2016-08-10 00:00:00","su_last_mo":"2022-05-13 11:07:41","volume":1103,"page":219,"property_n":"app_147/1","pronari":"PRIVAT","Lloji_pasu":"TRUALL","id_bau":6707373,"id_sut":2632920,"InspireId":"ASHK_N_2632920","Zona_Kadas":1481,"Numri_i_pa":"app_147/1","Emri_I_Sis":"Agjencia Shteterore e Kadastres","Fillimi_i_":"10.08.2016","Përfundim":"13.05.2022","Shape_Leng":43.8953230421,"Shape_Area":97.258211313}},
{"type":"Feature","geometry":{"type":"Polygon","coordinates":[[[19.64188718470241,40.14951925508113],[19.641874452373635,40.14954694408006],[19.641872736932257,40.14955067263564],[19.64189925203159,40.14955785311527],[19.641887537117846,40.149583326199235],[19.641863746766443,40.14957688362492],[19.641846525762997,40.149614330177954],[19.641777681405927,40.14959568567674],[19.641774029643724,40.149594697235756],[19.641817413425116,40.149500360073525],[19.641821054630118,40.14950134667934],[19.64188718470241,40.14951925508113]]]},"properties":{"OBJECTID":13818,"id":2632873,"cze_id":1481,"Tipi":"Ndertese","upn":"1481-290-N","label":"290","legal_area":0,"active":2,"descriptio":"","registrati":"2016-08-10 00:00:00","su_last_mo":"2022-05-13 11:07:43","volume":103,"page":176,"property_n":"app_290","pronari":"PRIVAT","Lloji_pasu":"TRUALL","id_bau":15481867,"id_sut":2632873,"InspireId":"ASHK_N_2632873","Zona_Kadas":1481,"Numri_i_pa":"app_290","Emri_I_Sis":"Agjencia Shteterore e Kadastres","Fillimi_i_":"10.08.2016","Përfundim":"13.05.2022","Shape_Leng":39.617070764,"Shape_Area":78.3030883171}},
{"type":"Feature","geometry":{"type":"Polygon","coordinates":[[[19.641421532891524,40.146858418270924],[19.6413344459666,40.14679673796294],[19.641414821089867,40.14672990613915],[19.641501908003043,40.146791586387344],[19.641421532891524,40.146858418270924]]]},"properties":{"OBJECTID":13828,"id":2632973,"cze_id":1481,"Tipi":"Ndertese","upn":"1481-356-N","label":"356","legal_area":0,"active":2,"descriptio":"","registrati":"2016-08-10 00:00:00","su_last_mo":"2022-05-13 16:08:03","volume":4,"page":60,"property_n":"356","pronari":"PRIVAT","Lloji_pasu":"TRUALL","id_bau":15482101,"id_sut":2632973,"InspireId":"ASHK_N_2632973","Zona_Kadas":1481,"Numri_i_pa":"356","Emri_I_Sis":"Agjencia Shteterore e Kadastres","Fillimi_i_":"10.08.2016","Përfundim":"13.05.2022","Shape_Leng":40.3934261222,"Shape_Area":101.976804615}},
{"type":"Feature","geometry":{"type":"Polygon","coordinates":[[[19.64176786525906,40.15314838777377],[19.641773706997032,40.15315680027371],[19.641814491092234,40.153220851430795],[19.64175487423303,40.15324125275738],[19.641711580203744,40.153172417068085],[19.641709702774456,40.15316943029608],[19.64176786525906,40.15314838777377]]]},"properties":{"OBJECTID":13829,"id":2632737,"cze_id":1481,"Tipi":"Ndertese","upn":"1481-76-N","label":"76","legal_area":0,"active":2,"descriptio":"","registrati":"2016-08-10 00:00:00","su_last_mo":"2022-05-13 11:07:49","volume":5,"page":198,"property_n":"76","pronari":"PRIVAT","Lloji_pasu":"TRUALL","id_bau":15411860,"id_sut":2632737,"InspireId":"ASHK_N_2632737","Zona_Kadas":1481,"Numri_i_pa":"76","Emri_I_Sis":"Agjencia Shteterore e Kadastres","Fillimi_i_":"10.08.2016","Përfundim":"13.05.2022","Shape_Leng":28.8700566151,"Shape_Area":49.3402527737}},
{"type":"Feature","geometry":{"type":"Polygon","coordinates":[[[19.641656021716006,40.14901464071426],[19.641705290297782,40.14903990532351],[19.64163976969411,40.1491151453029],[19.641590499909075,40.149089880662345],[19.641656021716006,40.14901464071426]]]},"properties":{"OBJECTID":13830,"id":2632987,"cze_id":1481,"Tipi":"Ndertese","upn":"1481-307-N","label":"307","legal_area":0,"active":2,"descriptio":"","registrati":"2016-08-10 00:00:00","su_last_mo":"2022-05-13 16:08:03","volume":1103,"page":111,"property_n":"app_307","pronari":"PRIVAT","Lloji_pasu":"TRUALL","id_bau":6705750,"id_sut":2632987,"InspireId":"ASHK_N_2632987","Zona_Kadas":1481,"Numri_i_pa":"app_307","Emri_I_Sis":"Agjencia Shteterore e Kadastres","Fillimi_i_":"10.08.2016","Përfundim":"13.05.2022","Shape_Leng":30.1950413915,"Shape_Area":50.7360913539}},
{"type":"Feature","geometry":{"type":"Polygon","coordinates":[[[19.63935905234761,40.1513332247537],[19.639292931444835,40.15130783101083],[19.6392743389427,40.1513006899269],[19.639302646579846,40.151257288458744],[19.639386800085333,40.15128960808078],[19.639360390043908,40.15133127463254],[19.63935905234761,40.1513332247537]]]},"properties":{"OBJECTID":13962,"id":2632998,"cze_id":1481,"Tipi":"Ndertese","upn":"1481-213/1-N","label":"213/1","legal_area":0,"active":2,"descriptio":"","registrati":"2016-08-10 00:00:00","su_last_mo":"2022-05-13 16:08:03","volume":3,"page":93,"property_n":"213/1","pronari":"PRIVAT","Lloji_pasu":"TRUALL","id_bau":15481755,"id_sut":2632998,"InspireId":"ASHK_N_2632998","Zona_Kadas":1481,"Numri_i_pa":"213/1","Emri_I_Sis":"Agjencia Shteterore e Kadastres","Fillimi_i_":"10.08.2016","Përfundim":"13.05.2022","Shape_Leng":26.8686805496,"Shape_Area":43.375923955}},
{"type":"Feature","geometry":{"type":"Polygon","coordinates":[[[19.643369547556702,40.15103417477038],[19.643309768797085,40.15096617686583],[19.643420067488925,40.150903368764446],[19.643482079360332,40.150970537737635],[19.643369547556702,40.15103417477038]]]},"properties":{"OBJECTID":13964,"id":2632964,"cze_id":1481,"Tipi":"Ndertese","upn":"1481-236-N","label":"236","legal_area":0,"active":2,"descriptio":"","registrati":"2016-08-10 00:00:00","su_last_mo":"2022-05-13 16:08:03","volume":1,"page":70,"property_n":"236","pronari":"PRIVAT","Lloji_pasu":"TRUALL","id_bau":2960732,"id_sut":2632964,"InspireId":"ASHK_N_2632964","Zona_Kadas":1481,"Numri_i_pa":"236","Emri_I_Sis":"Agjencia Shteterore e Kadastres","Fillimi_i_":"10.08.2016","Përfundim":"13.05.2022","Shape_Leng":41.8622227913,"Shape_Area":107.666682923}},
{"type":"Feature","geometry":{"type":"Polygon","coordinates":[[[19.643369547556702,40.15103417477038],[19.643309768797085,40.15096617686583],[19.643420067488925,40.150903368764446],[19.643482079360332,40.150970537737635],[19.643369547556702,40.15103417477038]]]},"properties":{"OBJECTID":13965,"id":2632964,"cze_id":1481,"Tipi":"Ndertese","upn":"1481-236-N","label":"236","legal_area":0,"active":2,"descriptio":"","registrati":"2016-08-10 00:00:00","su_last_mo":"2022-05-13 16:08:03","volume":100,"page":50,"property_n":"236","pronari":"PRIVAT","Lloji_pasu":"TRUALL","id_bau":15411788,"id_sut":2632964,"InspireId":"ASHK_N_2632964","Zona_Kadas":1481,"Numri_i_pa":"236","Emri_I_Sis":"Agjencia Shteterore e Kadastres","Fillimi_i_":"10.08.2016","Përfundim":"13.05.2022","Shape_Leng":41.8622227913,"Shape_Area":107.666682923}},
{"type":"Feature","geometry":{"type":"Polygon","coordinates":[[[19.639119905058568,40.15262602955257],[19.639090853684767,40.15262843545248],[19.63898912453739,40.15266833702136],[19.638939598374385,40.152595223759434],[19.63899867240594,40.15257166200704],[19.638994507819103,40.15256421102535],[19.639064136427375,40.15253977524711],[19.639072255846372,40.15253710237855],[19.639088672283357,40.15256405606296],[19.639060279269415,40.15257423792652],[19.639068404373845,40.152586233035144],[19.63909447266265,40.1525768841773],[19.639119905058568,40.15262602955257]]]},"properties":{"OBJECTID":14003,"id":2632528,"cze_id":1481,"Tipi":"Ndertese","upn":"1481-119-N","label":"119","legal_area":0,"active":2,"descriptio":"","registrati":"2016-08-10 00:00:00","su_last_mo":"2022-05-13 11:49:30","volume":3,"page":5,"property_n":"119","pronari":"PRIVAT","Lloji_pasu":"TRUALL","id_bau":15481610,"id_sut":2632528,"InspireId":"ASHK_N_2632528","Zona_Kadas":1481,"Numri_i_pa":"119","Emri_I_Sis":"Agjencia Shteterore e Kadastres","Fillimi_i_":"10.08.2016","Përfundim":"13.05.2022","Shape_Leng":51.0216397104,"Shape_Area":118.395270466}},
{"type":"Feature","geometry":{"type":"Polygon","coordinates":[[[19.64045288176613,40.141921761608614],[19.64035281373104,40.141803826890694],[19.64048523559969,40.14173764720255],[19.640585302590154,40.14185558270492],[19.64045288176613,40.141921761608614]]]},"properties":{"OBJECTID":14009,"id":2929944,"cze_id":1481,"Tipi":"Ndertese","upn":"1481-123/229-ND","label":"123/229-ND","legal_area":0,"active":2,"descriptio":"","registrati":"2022-04-19 16:12:31","su_last_mo":"2022-05-13 09:52:10","volume":4,"page":212,"property_n":"123/229-ND","pronari":"PRIVAT","Lloji_pasu":"NDERTESE","id_bau":38273704,"id_sut":2929944,"InspireId":"ASHK_N_2929944","Zona_Kadas":1481,"Numri_i_pa":"123/229-ND","Emri_I_Sis":"Agjencia Shteterore e Kadastres","Fillimi_i_":"19.04.2022","Përfundim":"13.05.2022","Shape_Leng":58.1870450741,"Shape_Area":210.441058458}},
{"type":"Feature","geometry":{"type":"Polygon","coordinates":[[[19.63929599832242,40.15209514634337],[19.639322635972913,40.15208373234541],[19.63933923394257,40.152106541131616],[19.639312596281126,40.1521179560339],[19.63929599832242,40.15209514634337]]]},"properties":{"OBJECTID":14011,"id":2632815,"cze_id":1481,"Tipi":"Ndertese","upn":"1481-155/1-N","label":"155/1","legal_area":0,"active":2,"descriptio":"","registrati":"2016-08-10 00:00:00","su_last_mo":"2022-05-13 11:07:46","volume":103,"page":46,"property_n":"155/1-0","pronari":"PRIVAT","Lloji_pasu":"TRUALL","id_bau":15481674,"id_sut":2632815,"InspireId":"ASHK_N_2632815","Zona_Kadas":1481,"Numri_i_pa":"155/1-0","Emri_I_Sis":"Agjencia Shteterore e Kadastres","Fillimi_i_":"10.08.2016","Përfundim":"13.05.2022","Shape_Leng":11.0007644166,"Shape_Area":7.54086619957}},
{"type":"Feature","geometry":{"type":"Polygon","coordinates":[[[19.641028252325004,40.15208660714163],[19.64098591900713,40.152086795608156],[19.640985461489414,40.15202635268009],[19.641059005134206,40.15202602500836],[19.64105944511269,40.15208646788186],[19.641028252325004,40.15208660714163]]]},"properties":{"OBJECTID":14013,"id":2632762,"cze_id":1481,"Tipi":"Ndertese","upn":"1481-173-N","label":"173","legal_area":0,"active":2,"descriptio":"","registrati":"2016-08-10 00:00:00","su_last_mo":"2022-05-13 11:07:48","volume":5,"page":235,"property_n":"173","pronari":"PRIVAT","Lloji_pasu":"TRUALL","id_bau":15411835,"id_sut":2632762,"InspireId":"ASHK_N_2632762","Zona_Kadas":1481,"Numri_i_pa":"173","Emri_I_Sis":"Agjencia Shteterore e Kadastres","Fillimi_i_":"10.08.2016","Përfundim":"13.05.2022","Shape_Leng":25.9545439985,"Shape_Area":42.0527517697}},
{"type":"Feature","geometry":{"type":"Polygon","coordinates":[[[19.64064179665883,40.151649974348416],[19.640613337872175,40.15171550234759],[19.640610144003173,40.1517146855034],[19.640544235448182,40.151697830758465],[19.640549226647096,40.15168675634734],[19.640573655381385,40.151632548919686],[19.64064179665883,40.151649974348416]]]},"properties":{"OBJECTID":14014,"id":2632681,"cze_id":1481,"Tipi":"Ndertese","upn":"1481-196-N","label":"196","legal_area":0,"active":2,"descriptio":"","registrati":"2016-08-10 00:00:00","su_last_mo":"2022-05-13 11:49:22","volume":5,"page":10,"property_n":"196","pronari":"PRIVAT","Lloji_pasu":"TRUALL","id_bau":15411750,"id_sut":2632681,"InspireId":"ASHK_N_2632681","Zona_Kadas":1481,"Numri_i_pa":"196","Emri_I_Sis":"Agjencia Shteterore e Kadastres","Fillimi_i_":"10.08.2016","Përfundim":"13.05.2022","Shape_Leng":27.6658037828,"Shape_Area":47.2681263868}},
{"type":"Feature","geometry":{"type":"Polygon","coordinates":[[[19.6384408591156,40.15147434827116],[19.638522268588453,40.15138733134976],[19.63864761785787,40.151456384713306],[19.638564289256898,40.15154545178598],[19.638564096858893,40.15154565832188],[19.63845514305985,40.15148261348545],[19.6384408591156,40.15147434827116]]]},"properties":{"OBJECTID":14015,"id":2632613,"cze_id":1481,"Tipi":"Ndertese","upn":"1481-208-N","label":"208","legal_area":0,"active":2,"descriptio":"","registrati":"2016-08-10 00:00:00","su_last_mo":"2022-05-13 11:49:26","volume":3,"page":84,"property_n":"208","pronari":"PRIVAT","Lloji_pasu":"TRUALL","id_bau":15481744,"id_sut":2632613,"InspireId":"ASHK_N_2632613","Zona_Kadas":1481,"Numri_i_pa":"208","Emri_I_Sis":"Agjencia Shteterore e Kadastres","Fillimi_i_":"10.08.2016","Përfundim":"13.05.2022","Shape_Leng":50.3963845718,"Shape_Area":158.411976177}},
{"type":"Feature","geometry":{"type":"Polygon","coordinates":[[[19.6397499670621,40.152683058228014],[19.63976217343027,40.15263257383289],[19.639819924186302,40.15264061926175],[19.63980772027801,40.1526910901617],[19.639804215017904,40.152690781161816],[19.6397499670621,40.152683058228014]]]},"properties":{"OBJECTID":14135,"id":2632586,"cze_id":1481,"Tipi":"Ndertese","upn":"1481-118/1-N","label":"118/1","legal_area":0,"active":2,"descriptio":"","registrati":"2016-08-10 00:00:00","su_last_mo":"2022-05-13 11:49:27","volume":3,"page":2,"property_n":"118/1","pronari":"PRIVAT","Lloji_pasu":"TRUALL","id_bau":15481607,"id_sut":2632586,"InspireId":"ASHK_N_2632586","Zona_Kadas":1481,"Numri_i_pa":"118/1","Emri_I_Sis":"Agjencia Shteterore e Kadastres","Fillimi_i_":"10.08.2016","Përfundim":"13.05.2022","Shape_Leng":21.4039967718,"Shape_Area":28.5575599626}},
{"type":"Feature","geometry":{"type":"Polygon","coordinates":[[[19.64063773373537,40.153346939406696],[19.640593772271323,40.153308734900655],[19.640603216485204,40.15330233578102],[19.640699329914625,40.153237214980535],[19.640745932956264,40.15327771604933],[19.640640374139103,40.153349233305995],[19.64063773373537,40.153346939406696]]]},"properties":{"OBJECTID":14149,"id":2632581,"cze_id":1481,"Tipi":"Ndertese","upn":"1481-69-N","label":"69","legal_area":0,"active":2,"descriptio":"","registrati":"2016-08-10 00:00:00","su_last_mo":"2022-05-13 11:49:27","volume":2,"page":206,"property_n":"69","pronari":"PRIVAT","Lloji_pasu":"TRUALL","id_bau":15482148,"id_sut":2632581,"InspireId":"ASHK_N_2632581","Zona_Kadas":1481,"Numri_i_pa":"69","Emri_I_Sis":"Agjencia Shteterore e Kadastres","Fillimi_i_":"10.08.2016","Përfundim":"13.05.2022","Shape_Leng":35.9946276897,"Shape_Area":71.979085249}},
{"type":"Feature","geometry":{"type":"Polygon","coordinates":[[[19.64115379863111,40.15214147225603],[19.641145798488555,40.152246828570064],[19.641075663862754,40.15224184345739],[19.641083892043838,40.15217367424717],[19.641088568457974,40.15217400755203],[19.641093008313085,40.152137231182394],[19.641150733781966,40.15214133487381],[19.64115379863111,40.15214147225603]]]},"properties":{"OBJECTID":14150,"id":2632730,"cze_id":1481,"Tipi":"Ndertese","upn":"1481-157-N","label":"157","legal_area":0,"active":2,"descriptio":"","registrati":"2016-08-10 00:00:00","su_last_mo":"2022-05-13 11:07:50","volume":1103,"page":60,"property_n":"app_157","pronari":"PRIVAT","Lloji_pasu":"TRUALL","id_bau":6705328,"id_sut":2632730,"InspireId":"ASHK_N_2632730","Zona_Kadas":1481,"Numri_i_pa":"app_157","Emri_I_Sis":"Agjencia Shteterore e Kadastres","Fillimi_i_":"10.08.2016","Përfundim":"13.05.2022","Shape_Leng":35.024114828,"Shape_Area":66.2532441862}},
{"type":"Feature","geometry":{"type":"Polygon","coordinates":[[[19.63883164191767,40.152626233129794],[19.63878169391846,40.15265316086328],[19.638662780530474,40.15252241009743],[19.63867433157295,40.15251622394452],[19.63864544372379,40.15248445994098],[19.638662771450605,40.15247518116762],[19.6386533666063,40.15246483822754],[19.63867317778494,40.152454229821664],[19.638678468905354,40.15245151843563],[19.63883164191767,40.152626233129794]]]},"properties":{"OBJECTID":14282,"id":2632840,"cze_id":1481,"Tipi":"Ndertese","upn":"1481-133/2-N","label":"133/2","legal_area":0,"active":2,"descriptio":"","registrati":"2016-08-10 00:00:00","su_last_mo":"2022-05-13 11:07:45","volume":3,"page":24,"property_n":"133/2","pronari":"PRIVAT","Lloji_pasu":"TRUALL","id_bau":15481636,"id_sut":2632840,"InspireId":"ASHK_N_2632840","Zona_Kadas":1481,"Numri_i_pa":"133/2","Emri_I_Sis":"Agjencia Shteterore e Kadastres","Fillimi_i_":"10.08.2016","Përfundim":"13.05.2022","Shape_Leng":57.5893340613,"Shape_Area":117.005368447}},
{"type":"Feature","geometry":{"type":"Polygon","coordinates":[[[19.642163392152295,40.14982055507054],[19.64219218074638,40.14983107560521],[19.642236481693892,40.14984659912629],[19.64217279186348,40.14995893779826],[19.642105513841983,40.14993537388736],[19.642124911109388,40.14990276120498],[19.642055451903826,40.14987843402519],[19.642106228488267,40.149799663855745],[19.642163392152295,40.14982055507054]]]},"properties":{"OBJECTID":14424,"id":2632686,"cze_id":1481,"Tipi":"Ndertese","upn":"1481-276-N","label":"276","legal_area":0,"active":2,"descriptio":"","registrati":"2016-08-10 00:00:00","su_last_mo":"2022-05-13 11:49:22","volume":1003,"page":229,"property_n":"276","pronari":"PRIVAT","Lloji_pasu":"TRUALL","id_bau":6707383,"id_sut":2632686,"InspireId":"ASHK_N_2632686","Zona_Kadas":1481,"Numri_i_pa":"276","Emri_I_Sis":"Agjencia Shteterore e Kadastres","Fillimi_i_":"10.08.2016","Përfundim":"13.05.2022","Shape_Leng":52.4110351428,"Shape_Area":145.748038497}},
{"type":"Feature","geometry":{"type":"Polygon","coordinates":[[[19.641320497098757,40.15389918352069],[19.641347856532764,40.15386174146016],[19.641409220054165,40.153887837963055],[19.641383040632885,40.15392408050039],[19.641410828211235,40.15393421176937],[19.64137761046283,40.15396906720986],[19.64129889285892,40.1539333751513],[19.641296559281844,40.153932316930494],[19.641320497098757,40.15389918352069]]]},"properties":{"OBJECTID":14425,"id":2632636,"cze_id":1481,"Tipi":"Ndertese","upn":"1481-33-N","label":"33","legal_area":0,"active":2,"descriptio":"","registrati":"2016-08-10 00:00:00","su_last_mo":"2022-05-13 11:49:24","volume":1,"page":187,"property_n":"33","pronari":"PRIVAT","Lloji_pasu":"TRUALL","id_bau":16047388,"id_sut":2632636,"InspireId":"ASHK_N_2632636","Zona_Kadas":1481,"Numri_i_pa":"33","Emri_I_Sis":"Agjencia Shteterore e Kadastres","Fillimi_i_":"10.08.2016","Përfundim":"13.05.2022","Shape_Leng":34.9892260345,"Shape_Area":65.0395125569}},
{"type":"Feature","geometry":{"type":"Polygon","coordinates":[[[19.640985316814916,40.14683384125322],[19.64092868117162,40.146802587051404],[19.641006698851747,40.14672285799949],[19.641061329999427,40.14675434100528],[19.640985316814916,40.14683384125322]]]},"properties":{"OBJECTID":14426,"id":2632972,"cze_id":1481,"Tipi":"Ndertese","upn":"1481-356/6-N","label":"356/6","legal_area":0,"active":2,"descriptio":"","registrati":"2016-08-10 00:00:00","su_last_mo":"2022-05-13 16:08:03","volume":4,"page":57,"property_n":"356/6","pronari":"PRIVAT","Lloji_pasu":"TRUALL","id_bau":15482097,"id_sut":2632972,"InspireId":"ASHK_N_2632972","Zona_Kadas":1481,"Numri_i_pa":"356/6","Emri_I_Sis":"Agjencia Shteterore e Kadastres","Fillimi_i_":"10.08.2016","Përfundim":"13.05.2022","Shape_Leng":33.7861818057,"Shape_Area":64.7669749459}},
{"type":"Feature","geometry":{"type":"Polygon","coordinates":[[[19.65331225583645,40.14228226223231],[19.65331371874062,40.14221216250368],[19.653314000997188,40.142198649922136],[19.65348879255617,40.14220404439828],[19.653489266716118,40.142259927731],[19.6534418754328,40.142258833984364],[19.653441528623407,40.142285287021025],[19.65331225583645,40.14228226223231]]]},"properties":{"OBJECTID":14492,"id":2930020,"cze_id":1481,"Tipi":"Ndertese","upn":"1481-137/2-N","label":"137/2","legal_area":0,"active":2,"descriptio":"","registrati":"2022-04-19 16:12:31","su_last_mo":"2022-05-13 09:52:06","volume":4,"page":141,"property_n":"137/2-ND","pronari":"PRIVAT","Lloji_pasu":"NDERTESE","id_bau":38272966,"id_sut":2930020,"InspireId":"ASHK_N_2930020","Zona_Kadas":1481,"Numri_i_pa":"137/2-ND","Emri_I_Sis":"Agjencia Shteterore e Kadastres","Fillimi_i_":"19.04.2022","Përfundim":"13.05.2022","Shape_Leng":48.3972653863,"Shape_Area":126.301125935}},
{"type":"Feature","geometry":{"type":"Polygon","coordinates":[[[19.63903446047123,40.15225137227493],[19.639019056689243,40.15225972228656],[19.639031578531032,40.152273880820516],[19.638965916739952,40.15230947198722],[19.638963712168866,40.15231066560419],[19.63892645398864,40.15226911224157],[19.63894237009323,40.15226064946446],[19.638900503896927,40.15221028923431],[19.638953180694493,40.15218438762569],[19.63898031051377,40.15221591462056],[19.638997832635557,40.15220691738761],[19.63903446047123,40.15225137227493]]]},"properties":{"OBJECTID":14494,"id":2632604,"cze_id":1481,"Tipi":"Ndertese","upn":"1481-146-N","label":"146","legal_area":0,"active":2,"descriptio":"","registrati":"2016-08-10 00:00:00","su_last_mo":"2022-05-13 11:49:26","volume":3,"page":41,"property_n":"146","pronari":"PRIVAT","Lloji_pasu":"TRUALL","id_bau":15481657,"id_sut":2632604,"InspireId":"ASHK_N_2632604","Zona_Kadas":1481,"Numri_i_pa":"146","Emri_I_Sis":"Agjencia Shteterore e Kadastres","Fillimi_i_":"10.08.2016","Përfundim":"13.05.2022","Shape_Leng":41.6322122799,"Shape_Area":84.6899046049}},
{"type":"Feature","geometry":{"type":"Polygon","coordinates":[[[19.63858281596792,40.14295346576186],[19.638486626062946,40.14300505146424],[19.638402605076667,40.14291277538804],[19.63849879374054,40.1428611897507],[19.63858281596792,40.14295346576186]]]},"properties":{"OBJECTID":14514,"id":2929970,"cze_id":1481,"Tipi":"Ndertese","upn":"1481-123/410-ND","label":"123/410-ND","legal_area":0,"active":2,"descriptio":"","registrati":"2022-04-19 16:12:31","su_last_mo":"2022-05-13 09:52:08","volume":8,"page":149,"property_n":"123/410/1","pronari":"PRIVAT","Lloji_pasu":"TRUALL","id_bau":53231342,"id_sut":2929970,"InspireId":"ASHK_N_2929970","Zona_Kadas":1481,"Numri_i_pa":"123/410/1","Emri_I_Sis":"Agjencia Shteterore e Kadastres","Fillimi_i_":"19.04.2022","Përfundim":"13.05.2022","Shape_Leng":45.0000178672,"Shape_Area":125.000026497}},
{"type":"Feature","geometry":{"type":"Polygon","coordinates":[[[19.64600182155912,40.13806888566934],[19.645973337652293,40.13804956007472],[19.645986937703228,40.138037751616096],[19.645974892845363,40.138029580616426],[19.645989162400127,40.13801719151899],[19.645989658644407,40.138016759849585],[19.64603036396659,40.138044376754316],[19.646025849481866,40.13804829585543],[19.64600199695054,40.13806900508408],[19.64600182155912,40.13806888566934]]]},"properties":{"OBJECTID":14523,"id":2930052,"cze_id":1481,"Tipi":"Ndertese","upn":"1481-143/18-N","label":"143/18","legal_area":0,"active":2,"descriptio":"","registrati":"2022-04-19 16:12:31","su_last_mo":"2022-05-13 09:52:04","volume":4,"page":193,"property_n":"143/18-ND","pronari":"PRIVAT","Lloji_pasu":"NDERTESE","id_bau":38273003,"id_sut":2930052,"InspireId":"ASHK_N_2930052","Zona_Kadas":1481,"Numri_i_pa":"143/18-ND","Emri_I_Sis":"Agjencia Shteterore e Kadastres","Fillimi_i_":"19.04.2022","Përfundim":"13.05.2022","Shape_Leng":16.5601588651,"Shape_Area":14.5019823978}},
{"type":"Feature","geometry":{"type":"Polygon","coordinates":[[[19.640923609121522,40.154445150957535],[19.640950642284178,40.15442784703946],[19.640965657284045,40.154441442114866],[19.640938765280097,40.15445890858084],[19.640923609121522,40.154445150957535]]]},"properties":{"OBJECTID":14525,"id":2632554,"cze_id":1481,"Tipi":"Ndertese","upn":"1481-15/1-N","label":"15/1","legal_area":0,"active":2,"descriptio":"","registrati":"2016-08-10 00:00:00","su_last_mo":"2022-05-13 11:49:28","volume":2,"page":175,"property_n":"15/1","pronari":"PRIVAT","Lloji_pasu":"TRUALL","id_bau":15481658,"id_sut":2632554,"InspireId":"ASHK_N_2632554","Zona_Kadas":1481,"Numri_i_pa":"15/1","Emri_I_Sis":"Agjencia Shteterore e Kadastres","Fillimi_i_":"10.08.2016","Përfundim":"13.05.2022","Shape_Leng":9.98043496873,"Shape_Area":5.96987919635}},
{"type":"Feature","geometry":{"type":"Polygon","coordinates":[[[19.641902251483998,40.15091840425639],[19.64192194164434,40.150955017529334],[19.64187504146232,40.15097058694239],[19.641855350149182,40.150933973658006],[19.641902251483998,40.15091840425639]]]},"properties":{"OBJECTID":14526,"id":2632504,"cze_id":1481,"Tipi":"Ndertese","upn":"1481-237-N","label":"237","legal_area":0,"active":2,"descriptio":"","registrati":"2016-08-10 00:00:00","su_last_mo":"2022-05-13 11:49:32","volume":5,"page":91,"property_n":"237","pronari":"PRIVAT","Lloji_pasu":"TRUALL","id_bau":15412017,"id_sut":2632504,"InspireId":"ASHK_N_2632504","Zona_Kadas":1481,"Numri_i_pa":"237","Emri_I_Sis":"Agjencia Shteterore e Kadastres","Fillimi_i_":"10.08.2016","Përfundim":"13.05.2022","Shape_Leng":17.5045175897,"Shape_Area":19.1472913085}},
{"type":"Feature","geometry":{"type":"Polygon","coordinates":[[[19.641973765574896,40.14937698856299],[19.641949305335373,40.14942996510069],[19.641848598259543,40.149401407446135],[19.64187263255454,40.14934954724888],[19.64191894728193,40.14936211506794],[19.641973765574896,40.14937698856299]]]},"properties":{"OBJECTID":14528,"id":2632790,"cze_id":1481,"Tipi":"Ndertese","upn":"1481-296/1-N","label":"296/1","legal_area":0,"active":2,"descriptio":"","registrati":"2016-08-10 00:00:00","su_last_mo":"2022-05-13 11:07:47","volume":3,"page":184,"property_n":"296/1","pronari":"PRIVAT","Lloji_pasu":"TRUALL","id_bau":15481877,"id_sut":2632790,"InspireId":"ASHK_N_2632790","Zona_Kadas":1481,"Numri_i_pa":"296/1","Emri_I_Sis":"Agjencia Shteterore e Kadastres","Fillimi_i_":"10.08.2016","Përfundim":"13.05.2022","Shape_Leng":30.6410631496,"Shape_Area":56.474720412}},
{"type":"Feature","geometry":{"type":"Polygon","coordinates":[[[19.639050220619055,40.15271464865481],[19.639017707551,40.15267880546568],[19.639067785975445,40.152652057254976],[19.63910959399757,40.15264008899653],[19.639135778117577,40.15266895175295],[19.639050220619055,40.15271464865481]]]},"properties":{"OBJECTID":14563,"id":2632821,"cze_id":1481,"Tipi":"Ndertese","upn":"1481-113/1-N","label":"113/1","legal_area":0,"active":2,"descriptio":"","registrati":"2016-08-10 00:00:00","su_last_mo":"2022-05-13 11:07:46","volume":2,"page":246,"property_n":"113/1","pronari":"PRIVAT","Lloji_pasu":"TRUALL","id_bau":15481601,"id_sut":2632821,"InspireId":"ASHK_N_2632821","Zona_Kadas":1481,"Numri_i_pa":"113/1","Emri_I_Sis":"Agjencia Shteterore e Kadastres","Fillimi_i_":"10.08.2016","Përfundim":"13.05.2022","Shape_Leng":26.6369703638,"Shape_Area":41.3312680956}},
{"type":"Feature","geometry":{"type":"Polygon","coordinates":[[[19.63858281596792,40.14295346576186],[19.638486626062946,40.14300505146424],[19.638402605076667,40.14291277538804],[19.63849879374054,40.1428611897507],[19.63858281596792,40.14295346576186]]]},"properties":{"OBJECTID":14564,"id":2929969,"cze_id":1481,"Tipi":"Ndertese","upn":"1481-123/410-ND","label":"123/410-ND","legal_area":0,"active":2,"descriptio":"","registrati":"2022-04-19 16:12:31","su_last_mo":"2022-05-13 09:52:08","volume":4,"page":168,"property_n":"123/410-ND","pronari":"PRIVAT","Lloji_pasu":"NDERTESE","id_bau":38272708,"id_sut":2929969,"InspireId":"ASHK_N_2929969","Zona_Kadas":1481,"Numri_i_pa":"123/410-ND","Emri_I_Sis":"Agjencia Shteterore e Kadastres","Fillimi_i_":"19.04.2022","Përfundim":"13.05.2022","Shape_Leng":45.0000178672,"Shape_Area":125.000026497}},
{"type":"Feature","geometry":{"type":"Polygon","coordinates":[[[19.640105707513406,40.152567474589326],[19.640032758505665,40.15250552388938],[19.640128140301332,40.15243793095205],[19.64020109168586,40.15249987889825],[19.640105707513406,40.152567474589326]]]},"properties":{"OBJECTID":14566,"id":2632921,"cze_id":1481,"Tipi":"Ndertese","upn":"1481-129-N","label":"129","legal_area":0,"active":2,"descriptio":"","registrati":"2016-08-10 00:00:00","su_last_mo":"2022-05-13 11:07:41","volume":1003,"page":168,"property_n":"129","pronari":"PRIVAT","Lloji_pasu":"TRUALL","id_bau":6707322,"id_sut":2632921,"InspireId":"ASHK_N_2632921","Zona_Kadas":1481,"Numri_i_pa":"129","Emri_I_Sis":"Agjencia Shteterore e Kadastres","Fillimi_i_":"10.08.2016","Përfundim":"13.05.2022","Shape_Leng":40.6674922551,"Shape_Area":102.556765502}},
{"type":"Feature","geometry":{"type":"Polygon","coordinates":[[[19.639282585142986,40.15254029294745],[19.639248168286784,40.15256036261554],[19.639206972413575,40.15251876555605],[19.63931399138319,40.152456360041036],[19.639277043661355,40.152419072067175],[19.639320415609227,40.15239364113476],[19.639367815738705,40.15243783947796],[19.63935927176291,40.152443343410276],[19.639378049131086,40.15246063834173],[19.639348389577627,40.15247974301042],[19.639363132796614,40.15249332304126],[19.639285564861133,40.15253855507915],[19.639282585142986,40.15254029294745]]]},"properties":{"OBJECTID":14567,"id":2632839,"cze_id":1481,"Tipi":"Ndertese","upn":"1481-131-N","label":"131","legal_area":0,"active":2,"descriptio":"","registrati":"2016-08-10 00:00:00","su_last_mo":"2022-05-13 11:07:45","volume":3,"page":22,"property_n":"131","pronari":"PRIVAT","Lloji_pasu":"TRUALL","id_bau":15481634,"id_sut":2632839,"InspireId":"ASHK_N_2632839","Zona_Kadas":1481,"Numri_i_pa":"131","Emri_I_Sis":"Agjencia Shteterore e Kadastres","Fillimi_i_":"10.08.2016","Përfundim":"13.05.2022","Shape_Leng":54.4772061946,"Shape_Area":108.890027065}},
{"type":"Feature","geometry":{"type":"Polygon","coordinates":[[[19.64104008660699,40.15434985473184],[19.641057403331484,40.15433489192792],[19.641115030565327,40.15428510115707],[19.641160828029967,40.15431204023048],[19.64112063942604,40.15434734410137],[19.641146771291726,40.15436768932825],[19.64111180130484,40.154403132749735],[19.64104008660699,40.15434985473184]]]},"properties":{"OBJECTID":14570,"id":2632553,"cze_id":1481,"Tipi":"Ndertese","upn":"1481-15-N","label":"15","legal_area":0,"active":2,"descriptio":"","registrati":"2016-08-10 00:00:00","su_last_mo":"2022-05-13 11:49:28","volume":2,"page":179,"property_n":"15","pronari":"PRIVAT","Lloji_pasu":"TRUALL","id_bau":15481665,"id_sut":2632553,"InspireId":"ASHK_N_2632553","Zona_Kadas":1481,"Numri_i_pa":"15","Emri_I_Sis":"Agjencia Shteterore e Kadastres","Fillimi_i_":"10.08.2016","Përfundim":"13.05.2022","Shape_Leng":36.3509444314,"Shape_Area":65.453677229}},
{"type":"Feature","geometry":{"type":"Polygon","coordinates":[[[19.64337235169336,40.15136441117329],[19.64348686769207,40.15133193447617],[19.64352749992618,40.15141637941938],[19.643413180410985,40.151448739684],[19.64337235169336,40.15136441117329]]]},"properties":{"OBJECTID":14571,"id":2632940,"cze_id":1481,"Tipi":"Ndertese","upn":"1481-216-N","label":"216","legal_area":0,"active":2,"descriptio":"","registrati":"2016-08-10 00:00:00","su_last_mo":"2022-05-13 16:08:07","volume":1,"page":118,"property_n":"216","pronari":"PRIVAT","Lloji_pasu":"TRUALL","id_bau":6707372,"id_sut":2632940,"InspireId":"ASHK_N_2632940","Zona_Kadas":1481,"Numri_i_pa":"216","Emri_I_Sis":"Agjencia Shteterore e Kadastres","Fillimi_i_":"10.08.2016","Përfundim":"13.05.2022","Shape_Leng":40.7693282918,"Shape_Area":103.843489058}},
{"type":"Feature","geometry":{"type":"Polygon","coordinates":[[[19.64167423928004,40.15215220873559],[19.64162258633361,40.1521393775385],[19.641641728471036,40.152091160483565],[19.641740370411338,40.15201024571951],[19.641780663508573,40.152039168644556],[19.641690843184822,40.15211284835667],[19.64167423928004,40.15215220873559]]]},"properties":{"OBJECTID":14620,"id":2632721,"cze_id":1481,"Tipi":"Ndertese","upn":"1481-170-N","label":"170","legal_area":0,"active":2,"descriptio":"","registrati":"2016-08-10 00:00:00","su_last_mo":"2022-05-13 11:07:50","volume":50,"page":233,"property_n":"170","pronari":"PRIVAT","Lloji_pasu":"TRUALL","id_bau":15411833,"id_sut":2632721,"InspireId":"ASHK_N_2632721","Zona_Kadas":1481,"Numri_i_pa":"170","Emri_I_Sis":"Agjencia Shteterore e Kadastres","Fillimi_i_":"10.08.2016","Përfundim":"13.05.2022","Shape_Leng":43.0237424222,"Shape_Area":79.045068614}},
{"type":"Feature","geometry":{"type":"Polygon","coordinates":[[[19.640001462790718,40.15194607360791],[19.63997605235445,40.15193626099469],[19.639957393054782,40.151929054970495],[19.63999695387636,40.15187378788793],[19.640005960335376,40.15187758397032],[19.64004016755814,40.151892001638224],[19.640001462790718,40.15194607360791]]]},"properties":{"OBJECTID":14621,"id":2632671,"cze_id":1481,"Tipi":"Ndertese","upn":"1481-179/1-N","label":"179/1","legal_area":0,"active":2,"descriptio":"","registrati":"2016-08-10 00:00:00","su_last_mo":"2022-05-13 11:49:23","volume":1004,"page":128,"property_n":"179/1","pronari":"PRIVAT","Lloji_pasu":"TRUALL","id_bau":15411765,"id_sut":2632671,"InspireId":"ASHK_N_2632671","Zona_Kadas":1481,"Numri_i_pa":"179/1","Emri_I_Sis":"Agjencia Shteterore e Kadastres","Fillimi_i_":"10.08.2016","Përfundim":"13.05.2022","Shape_Leng":22.2563666869,"Shape_Area":29.0952217798}},
{"type":"Feature","geometry":{"type":"Polygon","coordinates":[[[19.63823628489359,40.15143072581369],[19.638256750216165,40.151446095330854],[19.638215846659886,40.151476167133524],[19.638196272062295,40.15146014656162],[19.63823628489359,40.15143072581369]]]},"properties":{"OBJECTID":14663,"id":2632853,"cze_id":1481,"Tipi":"Ndertese","upn":"1481-212-N","label":"212","legal_area":0,"active":2,"descriptio":"","registrati":"2016-08-10 00:00:00","su_last_mo":"2022-05-13 11:07:44","volume":3,"page":92,"property_n":"212","pronari":"PRIVAT","Lloji_pasu":"TRUALL","id_bau":15481754,"id_sut":2632853,"InspireId":"ASHK_N_2632853","Zona_Kadas":1481,"Numri_i_pa":"212","Emri_I_Sis":"Agjencia Shteterore e Kadastres","Fillimi_i_":"10.08.2016","Përfundim":"13.05.2022","Shape_Leng":14.4269335047,"Shape_Area":11.6420793403}},
{"type":"Feature","geometry":{"type":"Polygon","coordinates":[[[19.643727495537675,40.15138522379701],[19.643862696848984,40.15136193788315],[19.64388437227385,40.15143483192524],[19.643749280403707,40.15145848474214],[19.643727495537675,40.15138522379701]]]},"properties":{"OBJECTID":14665,"id":2632939,"cze_id":1481,"Tipi":"Ndertese","upn":"1481-215-N","label":"215","legal_area":0,"active":2,"descriptio":"","registrati":"2016-08-10 00:00:00","su_last_mo":"2022-05-13 16:08:07","volume":1003,"page":128,"property_n":"215","pronari":"PRIVAT","Lloji_pasu":"TRUALL","id_bau":6707274,"id_sut":2632939,"InspireId":"ASHK_N_2632939","Zona_Kadas":1481,"Numri_i_pa":"215","Emri_I_Sis":"Agjencia Shteterore e Kadastres","Fillimi_i_":"10.08.2016","Përfundim":"13.05.2022","Shape_Leng":40.2590085502,"Shape_Area":98.2652162205}},
{"type":"Feature","geometry":{"type":"Polygon","coordinates":[[[19.641640118868935,40.15063532393273],[19.64161590693498,40.1505935839467],[19.64166605123337,40.15057771036935],[19.641690025244554,40.15061827703621],[19.641640118868935,40.15063532393273]]]},"properties":{"OBJECTID":14667,"id":2632654,"cze_id":1481,"Tipi":"Ndertese","upn":"1481-244/1-N","label":"244/1","legal_area":0,"active":2,"descriptio":"","registrati":"2016-08-10 00:00:00","su_last_mo":"2022-05-13 11:49:24","volume":1,"page":59,"property_n":"244/1","pronari":"PRIVAT","Lloji_pasu":"TRUALL","id_bau":10698512,"id_sut":2632654,"InspireId":"ASHK_N_2632654","Zona_Kadas":1481,"Numri_i_pa":"244/1","Emri_I_Sis":"Agjencia Shteterore e Kadastres","Fillimi_i_":"10.08.2016","Përfundim":"13.05.2022","Shape_Leng":19.295744157,"Shape_Area":23.2301289952}},
{"type":"Feature","geometry":{"type":"Polygon","coordinates":[[[19.6405722218322,40.15411166636591],[19.640532792466658,40.154091755242],[19.640571437250784,40.15404075485178],[19.64058903227597,40.15401753274328],[19.640636211334122,40.154041916828334],[19.640647491935464,40.15404897736193],[19.640625586541095,40.15407409806032],[19.64068811094114,40.154109734024246],[19.64064081592801,40.1541463035257],[19.6405722218322,40.15411166636591]]]},"properties":{"OBJECTID":14668,"id":2632653,"cze_id":1481,"Tipi":"Ndertese","upn":"1481-27-N","label":"27","legal_area":0,"active":2,"descriptio":"","registrati":"2016-08-10 00:00:00","su_last_mo":"2022-05-13 11:49:24","volume":2,"page":31,"property_n":"27","pronari":"PRIVAT","Lloji_pasu":"TRUALL","id_bau":2957564,"id_sut":2632653,"InspireId":"ASHK_N_2632653","Zona_Kadas":1481,"Numri_i_pa":"27","Emri_I_Sis":"Agjencia Shteterore e Kadastres","Fillimi_i_":"10.08.2016","Përfundim":"13.05.2022","Shape_Leng":42.3513769516,"Shape_Area":90.1179452575}},
{"type":"Feature","geometry":{"type":"Polygon","coordinates":[[[19.64111459903754,40.149602805042704],[19.641163880085482,40.149564190817664],[19.641205377792204,40.14959537727508],[19.64115609674022,40.14963399241819],[19.64111459903754,40.149602805042704]]]},"properties":{"OBJECTID":14698,"id":2632621,"cze_id":1481,"Tipi":"Ndertese","upn":"1481-287/1-N","label":"287/1","legal_area":0,"active":2,"descriptio":"","registrati":"2016-08-10 00:00:00","su_last_mo":"2022-05-13 11:49:25","volume":3,"page":169,"property_n":"287/1","pronari":"PRIVAT","Lloji_pasu":"TRUALL","id_bau":15481857,"id_sut":2632621,"InspireId":"ASHK_N_2632621","Zona_Kadas":1481,"Numri_i_pa":"287/1","Emri_I_Sis":"Agjencia Shteterore e Kadastres","Fillimi_i_":"10.08.2016","Përfundim":"13.05.2022","Shape_Leng":21.9013901753,"Shape_Area":29.7026416033}},
{"type":"Feature","geometry":{"type":"Polygon","coordinates":[[[19.641028096321815,40.153223464028116],[19.641022412119003,40.153205878538905],[19.64101932056247,40.15319631546413],[19.64094172601645,40.153220804264954],[19.640919456419166,40.15318300036198],[19.6410113211217,40.15315056755768],[19.641031337023584,40.15316368370553],[19.641071327691808,40.15319639653052],[19.64106588303131,40.153197514400645],[19.641073030625552,40.15321491169695],[19.64105087539888,40.15321912804162],[19.641028096321815,40.153223464028116]]]},"properties":{"OBJECTID":14701,"id":2632521,"cze_id":1481,"Tipi":"Ndertese","upn":"1481-62/3-N","label":"62/3","legal_area":0,"active":2,"descriptio":"","registrati":"2016-08-10 00:00:00","su_last_mo":"2022-05-13 11:49:30","volume":1,"page":126,"property_n":"62/3","pronari":"PRIVAT","Lloji_pasu":"TRUALL","id_bau":3704802,"id_sut":2632521,"InspireId":"ASHK_N_2632521","Zona_Kadas":1481,"Numri_i_pa":"62/3","Emri_I_Sis":"Agjencia Shteterore e Kadastres","Fillimi_i_":"10.08.2016","Përfundim":"13.05.2022","Shape_Leng":37.150559043,"Shape_Area":59.6256296537}},
{"type":"Feature","geometry":{"type":"Polygon","coordinates":[[[19.641196473163465,40.1529382070118],[19.64119001021799,40.15293946582744],[19.641131834289943,40.15295079872507],[19.64104817810601,40.15296792807856],[19.641036416955654,40.15291685411148],[19.641143076023738,40.15289542457803],[19.641173054805407,40.15289008690515],[19.641178586761363,40.15288910258815],[19.641183324094065,40.15290195522189],[19.641184689527954,40.152905658188665],[19.641196473163465,40.1529382070118]]]},"properties":{"OBJECTID":14702,"id":2632704,"cze_id":1481,"Tipi":"Ndertese","upn":"1481-99-N","label":"99","legal_area":0,"active":2,"descriptio":"","registrati":"2016-08-10 00:00:00","su_last_mo":"2022-05-13 11:49:21","volume":5,"page":207,"property_n":"99","pronari":"PRIVAT","Lloji_pasu":"TRUALL","id_bau":15411716,"id_sut":2632704,"InspireId":"ASHK_N_2632704","Zona_Kadas":1481,"Numri_i_pa":"99","Emri_I_Sis":"Agjencia Shteterore e Kadastres","Fillimi_i_":"10.08.2016","Përfundim":"13.05.2022","Shape_Leng":36.9801523699,"Shape_Area":73.0267622439}},
{"type":"Feature","geometry":{"type":"Polygon","coordinates":[[[19.64438078192003,40.15105705281164],[19.644341330365208,40.151032519260355],[19.644370541523717,40.151004487948384],[19.64445485684368,40.15092357638265],[19.644519447305726,40.15096255604007],[19.644498402697792,40.15098309070613],[19.644526084849073,40.150999797041024],[19.64451302162214,40.15101254266265],[19.644535897719898,40.15102633252876],[19.644487471482435,40.15107403418959],[19.644461174739924,40.151057898572645],[19.64443021198933,40.151087610439525],[19.64441637888209,40.15107919064211],[19.64438078192003,40.15105705281164]]]},"properties":{"OBJECTID":15311,"id":2632487,"cze_id":1481,"Tipi":"Ndertese","upn":"1481-235-ND","label":"235-ND","legal_area":0,"active":2,"descriptio":"","registrati":"2016-08-10 00:00:00","su_last_mo":"2022-05-13 11:49:33","volume":5,"page":89,"property_n":"235","pronari":"PRIVAT","Lloji_pasu":"TRUALL","id_bau":15411787,"id_sut":2632487,"InspireId":"ASHK_N_2632487","Zona_Kadas":1481,"Numri_i_pa":"235","Emri_I_Sis":"Agjencia Shteterore e Kadastres","Fillimi_i_":"10.08.2016","Përfundim":"13.05.2022","Shape_Leng":56.2140373686,"Shape_Area":163.049349726}},
{"type":"Feature","geometry":{"type":"Polygon","coordinates":[[[19.642125284354062,40.149678022842146],[19.642173671824935,40.14960137876257],[19.64230985611284,40.149648089119204],[19.642297803769544,40.1496687817521],[19.642331261152364,40.149680378474315],[19.642296371420795,40.14973577878656],[19.642125284354062,40.149678022842146]]]},"properties":{"OBJECTID":15312,"id":2632923,"cze_id":1481,"Tipi":"Ndertese","upn":"1481-281/1-N","label":"281/1","legal_area":0,"active":2,"descriptio":"","registrati":"2016-08-10 00:00:00","su_last_mo":"2022-05-13 11:07:41","volume":1003,"page":213,"property_n":"281/1/1003","pronari":"PRIVAT","Lloji_pasu":"TRUALL","id_bau":6707367,"id_sut":2632923,"InspireId":"ASHK_N_2632923","Zona_Kadas":1481,"Numri_i_pa":"281/1/1003","Emri_I_Sis":"Agjencia Shteterore e Kadastres","Fillimi_i_":"10.08.2016","Përfundim":"13.05.2022","Shape_Leng":50.5704756722,"Shape_Area":141.73008486}},
{"type":"Feature","geometry":{"type":"Polygon","coordinates":[[[19.63914980578163,40.152176853769106],[19.63921061605976,40.15215335225316],[19.63927134177936,40.15224587205253],[19.639210532612793,40.15226937360337],[19.63914980578163,40.152176853769106]]]},"properties":{"OBJECTID":14783,"id":2632838,"cze_id":1481,"Tipi":"Ndertese","upn":"1481-154-N","label":"154","legal_area":0,"active":2,"descriptio":"","registrati":"2016-08-10 00:00:00","su_last_mo":"2022-05-13 11:07:45","volume":10001,"page":95,"property_n":"154","pronari":"PRIVAT","Lloji_pasu":"TRUALL","id_bau":15411799,"id_sut":2632838,"InspireId":"ASHK_N_2632838","Zona_Kadas":1481,"Numri_i_pa":"154","Emri_I_Sis":"Agjencia Shteterore e Kadastres","Fillimi_i_":"10.08.2016","Përfundim":"13.05.2022","Shape_Leng":34.6081539369,"Shape_Area":66.7313529406}},
{"type":"Feature","geometry":{"type":"Polygon","coordinates":[[[19.63914980578163,40.152176853769106],[19.63921061605976,40.15215335225316],[19.63927134177936,40.15224587205253],[19.639210532612793,40.15226937360337],[19.63914980578163,40.152176853769106]]]},"properties":{"OBJECTID":14784,"id":2632838,"cze_id":1481,"Tipi":"Ndertese","upn":"1481-154-N","label":"154","legal_area":0,"active":2,"descriptio":"","registrati":"2016-08-10 00:00:00","su_last_mo":"2022-05-13 11:07:45","volume":10001,"page":97,"property_n":"154","pronari":"PRIVAT","Lloji_pasu":"TRUALL","id_bau":15411801,"id_sut":2632838,"InspireId":"ASHK_N_2632838","Zona_Kadas":1481,"Numri_i_pa":"154","Emri_I_Sis":"Agjencia Shteterore e Kadastres","Fillimi_i_":"10.08.2016","Përfundim":"13.05.2022","Shape_Leng":34.6081539369,"Shape_Area":66.7313529406}},
{"type":"Feature","geometry":{"type":"Polygon","coordinates":[[[19.6387957851421,40.15213027274428],[19.63876776749169,40.152144285029905],[19.638745020871852,40.15211750517723],[19.63877303968948,40.15210349290067],[19.6387957851421,40.15213027274428]]]},"properties":{"OBJECTID":14788,"id":2632603,"cze_id":1481,"Tipi":"Ndertese","upn":"1481-163-N","label":"163","legal_area":0,"active":2,"descriptio":"","registrati":"2016-08-10 00:00:00","su_last_mo":"2022-05-13 11:49:26","volume":103,"page":52,"property_n":"app_163","pronari":"PRIVAT","Lloji_pasu":"TRUALL","id_bau":15481693,"id_sut":2632603,"InspireId":"ASHK_N_2632603","Zona_Kadas":1481,"Numri_i_pa":"app_163","Emri_I_Sis":"Agjencia Shteterore e Kadastres","Fillimi_i_":"10.08.2016","Përfundim":"13.05.2022","Shape_Leng":12.7979942616,"Shape_Area":10.1143382527}},
{"type":"Feature","geometry":{"type":"Polygon","coordinates":[[[19.64115609674022,40.14963399241819],[19.641106815637144,40.14967260663923],[19.641065317933766,40.14964141924631],[19.64111459903754,40.149602805042704],[19.64115609674022,40.14963399241819]]]},"properties":{"OBJECTID":14789,"id":2632622,"cze_id":1481,"Tipi":"Ndertese","upn":"1481-287-N","label":"287","legal_area":0,"active":2,"descriptio":"","registrati":"2016-08-10 00:00:00","su_last_mo":"2022-05-13 11:49:25","volume":103,"page":170,"property_n":"app_287","pronari":"PRIVAT","Lloji_pasu":"TRUALL","id_bau":15481859,"id_sut":2632622,"InspireId":"ASHK_N_2632622","Zona_Kadas":1481,"Numri_i_pa":"app_287","Emri_I_Sis":"Agjencia Shteterore e Kadastres","Fillimi_i_":"10.08.2016","Përfundim":"13.05.2022","Shape_Leng":21.9013881302,"Shape_Area":29.7026732015}},
{"type":"Feature","geometry":{"type":"Polygon","coordinates":[[[19.640334351223025,40.14961139756579],[19.64046266197356,40.14955166520027],[19.64045170201102,40.149537802556054],[19.640492852176642,40.14951864591033],[19.64054974271263,40.14959032064368],[19.640371940857197,40.14967255114017],[19.64033187418874,40.14962154766658],[19.640334351223025,40.14961139756579]]]},"properties":{"OBJECTID":14790,"id":2632803,"cze_id":1481,"Tipi":"Ndertese","upn":"1481-288-N","label":"288","legal_area":0,"active":2,"descriptio":"","registrati":"2016-08-10 00:00:00","su_last_mo":"2022-05-13 11:07:46","volume":103,"page":172,"property_n":"app_288","pronari":"PRIVAT","Lloji_pasu":"TRUALL","id_bau":15481861,"id_sut":2632803,"InspireId":"ASHK_N_2632803","Zona_Kadas":1481,"Numri_i_pa":"app_288","Emri_I_Sis":"Agjencia Shteterore e Kadastres","Fillimi_i_":"10.08.2016","Përfundim":"13.05.2022","Shape_Leng":53.4563645895,"Shape_Area":139.468227068}},
{"type":"Feature","geometry":{"type":"Polygon","coordinates":[[[19.641353615261444,40.15363850231314],[19.641418546507072,40.153588959154874],[19.641488079200176,40.153642615642745],[19.64142314677974,40.153692158835895],[19.641353615261444,40.15363850231314]]]},"properties":{"OBJECTID":14808,"id":2632753,"cze_id":1481,"Tipi":"Ndertese","upn":"1481-47/5-N","label":"47/5","legal_area":0,"active":2,"descriptio":"","registrati":"2016-08-10 00:00:00","su_last_mo":"2022-05-13 11:07:49","volume":1,"page":202,"property_n":"47/5","pronari":"PRIVAT","Lloji_pasu":"TRUALL","id_bau":31872438,"id_sut":2632753,"InspireId":"ASHK_N_2632753","Zona_Kadas":1481,"Numri_i_pa":"47/5","Emri_I_Sis":"Agjencia Shteterore e Kadastres","Fillimi_i_":"10.08.2016","Përfundim":"13.05.2022","Shape_Leng":32.4081416718,"Shape_Area":65.5529413264}},
{"type":"Feature","geometry":{"type":"Polygon","coordinates":[[[19.641003884040806,40.15339879205593],[19.641061476140116,40.153357314567536],[19.641069196653056,40.15335105145986],[19.641061173829588,40.15331753804113],[19.641101522116575,40.15330619135273],[19.64111121775728,40.153326489248556],[19.641153699365034,40.15335625041617],[19.641054628041786,40.15343952468199],[19.641053743862294,40.153440270333874],[19.6410416840285,40.15343030661368],[19.641003884040806,40.15339879205593]]]},"properties":{"OBJECTID":14809,"id":2632739,"cze_id":1481,"Tipi":"Ndertese","upn":"1481-62-N","label":"62","legal_area":0,"active":2,"descriptio":"","registrati":"2016-08-10 00:00:00","su_last_mo":"2022-05-13 11:07:49","volume":5,"page":148,"property_n":"62","pronari":"PRIVAT","Lloji_pasu":"TRUALL","id_bau":15412189,"id_sut":2632739,"InspireId":"ASHK_N_2632739","Zona_Kadas":1481,"Numri_i_pa":"62","Emri_I_Sis":"Agjencia Shteterore e Kadastres","Fillimi_i_":"10.08.2016","Përfundim":"13.05.2022","Shape_Leng":41.3317187584,"Shape_Area":82.7830804039}},
{"type":"Feature","geometry":{"type":"Polygon","coordinates":[[[19.64114793613561,40.15321653347268],[19.641170432896832,40.15321231636659],[19.64120156252173,40.15325572324649],[19.641114860854433,40.15327832331832],[19.641091207455624,40.15322489977786],[19.64114793613561,40.15321653347268]]]},"properties":{"OBJECTID":14853,"id":2632503,"cze_id":1481,"Tipi":"Ndertese","upn":"1481-62/1-N","label":"62/1","legal_area":0,"active":2,"descriptio":"","registrati":"2016-08-10 00:00:00","su_last_mo":"2022-05-13 11:49:32","volume":1003,"page":5,"property_n":"62/1","pronari":"PRIVAT","Lloji_pasu":"TRUALL","id_bau":6705129,"id_sut":2632503,"InspireId":"ASHK_N_2632503","Zona_Kadas":1481,"Numri_i_pa":"62/1","Emri_I_Sis":"Agjencia Shteterore e Kadastres","Fillimi_i_":"10.08.2016","Përfundim":"13.05.2022","Shape_Leng":26.4635704765,"Shape_Area":42.3191887925}},
{"type":"Feature","geometry":{"type":"Polygon","coordinates":[[[19.64253080629712,40.14809285801871],[19.64246815908711,40.14814328788702],[19.642403613324905,40.148096067676526],[19.642407660480284,40.14809281011844],[19.642533608918626,40.14799142017996],[19.642576075136933,40.14802248576263],[19.64251366844189,40.14807272367161],[19.642535750330964,40.14808887734619],[19.64253080629712,40.14809285801871]]]},"properties":{"OBJECTID":14857,"id":2633007,"cze_id":1481,"Tipi":"Ndertese","upn":"1481-335-N","label":"335","legal_area":0,"active":2,"descriptio":"","registrati":"2016-08-10 00:00:00","su_last_mo":"2022-05-13 16:08:03","volume":4,"page":19,"property_n":"335","pronari":"PRIVAT","Lloji_pasu":"TRUALL","id_bau":15482052,"id_sut":2633007,"InspireId":"ASHK_N_2633007","Zona_Kadas":1481,"Numri_i_pa":"335","Emri_I_Sis":"Agjencia Shteterore e Kadastres","Fillimi_i_":"10.08.2016","Përfundim":"13.05.2022","Shape_Leng":47.3052325015,"Shape_Area":101.955578344}},
{"type":"Feature","geometry":{"type":"Polygon","coordinates":[[[19.642228636676435,40.14786533721444],[19.642201062960762,40.14784643050786],[19.642217324539107,40.14783246391015],[19.642164826943457,40.1477964670658],[19.642198289646277,40.147767728948395],[19.64221368786873,40.14777828825767],[19.642267699992335,40.147734081068556],[19.64233089177484,40.147777352574],[19.642228636676435,40.14786533721444]]]},"properties":{"OBJECTID":14858,"id":2633004,"cze_id":1481,"Tipi":"Ndertese","upn":"1481-343-N","label":"343","legal_area":0,"active":2,"descriptio":"","registrati":"2016-08-10 00:00:00","su_last_mo":"2022-05-13 16:08:03","volume":4,"page":33,"property_n":"343","pronari":"PRIVAT","Lloji_pasu":"TRUALL","id_bau":15482070,"id_sut":2633004,"InspireId":"ASHK_N_2633004","Zona_Kadas":1481,"Numri_i_pa":"343","Emri_I_Sis":"Agjencia Shteterore e Kadastres","Fillimi_i_":"10.08.2016","Përfundim":"13.05.2022","Shape_Leng":44.3047239459,"Shape_Area":94.8157001213}},
{"type":"Feature","geometry":{"type":"Polygon","coordinates":[[[19.641527147518545,40.15373811839361],[19.641467549456035,40.15369212791781],[19.641511667726512,40.15365846345926],[19.641571266963346,40.15370445391624],[19.641527147518545,40.15373811839361]]]},"properties":{"OBJECTID":14859,"id":2632754,"cze_id":1481,"Tipi":"Ndertese","upn":"1481-47/4-N","label":"47/4","legal_area":0,"active":2,"descriptio":"","registrati":"2016-08-10 00:00:00","su_last_mo":"2022-05-13 11:07:49","volume":1,"page":138,"property_n":"47/4","pronari":"PRIVAT","Lloji_pasu":"TRUALL","id_bau":14023773,"id_sut":2632754,"InspireId":"ASHK_N_2632754","Zona_Kadas":1481,"Numri_i_pa":"47/4","Emri_I_Sis":"Agjencia Shteterore e Kadastres","Fillimi_i_":"10.08.2016","Përfundim":"13.05.2022","Shape_Leng":25.0060014485,"Shape_Area":38.178356351}},
{"type":"Feature","geometry":{"type":"Polygon","coordinates":[[[19.641527147518545,40.15373811839361],[19.641467549456035,40.15369212791781],[19.641511667726512,40.15365846345926],[19.641571266963346,40.15370445391624],[19.641527147518545,40.15373811839361]]]},"properties":{"OBJECTID":14860,"id":2632754,"cze_id":1481,"Tipi":"Ndertese","upn":"1481-47/4-N","label":"47/4","legal_area":0,"active":2,"descriptio":"","registrati":"2016-08-10 00:00:00","su_last_mo":"2022-05-13 11:07:49","volume":1003,"page":126,"property_n":"47/4","pronari":"PRIVAT","Lloji_pasu":"TRUALL","id_bau":6707271,"id_sut":2632754,"InspireId":"ASHK_N_2632754","Zona_Kadas":1481,"Numri_i_pa":"47/4","Emri_I_Sis":"Agjencia Shteterore e Kadastres","Fillimi_i_":"10.08.2016","Përfundim":"13.05.2022","Shape_Leng":25.0060014485,"Shape_Area":38.178356351}},
{"type":"Feature","geometry":{"type":"Polygon","coordinates":[[[19.641905126633127,40.15299802244501],[19.64180934867307,40.152998678137486],[19.641808171980344,40.1529422874665],[19.64182930183845,40.1529424347806],[19.641829748227234,40.15290460224726],[19.641841486772645,40.15290468358556],[19.6418421147961,40.15287315936753],[19.64190759875401,40.15287392746702],[19.641905126633127,40.15299802244501]]]},"properties":{"OBJECTID":14861,"id":2632786,"cze_id":1481,"Tipi":"Ndertese","upn":"1481-97/2-N","label":"97/2","legal_area":0,"active":2,"descriptio":"","registrati":"2016-08-10 00:00:00","su_last_mo":"2022-05-13 11:07:47","volume":2,"page":127,"property_n":"97/2","pronari":"PRIVAT","Lloji_pasu":"TRUALL","id_bau":15557291,"id_sut":2632786,"InspireId":"ASHK_N_2632786","Zona_Kadas":1481,"Numri_i_pa":"97/2","Emri_I_Sis":"Agjencia Shteterore e Kadastres","Fillimi_i_":"10.08.2016","Përfundim":"13.05.2022","Shape_Leng":44.2869786154,"Shape_Area":98.1197293494}},
{"type":"Feature","geometry":{"type":"Polygon","coordinates":[[[19.64059330649039,40.14970262839212],[19.640623663384662,40.14974531347852],[19.640494913607068,40.149799234027796],[19.64046455677464,40.1497565480077],[19.64059330649039,40.14970262839212]]]},"properties":{"OBJECTID":14862,"id":2632804,"cze_id":1481,"Tipi":"Ndertese","upn":"1481-283-N","label":"283","legal_area":0,"active":2,"descriptio":"","registrati":"2016-08-10 00:00:00","su_last_mo":"2022-05-13 11:07:46","volume":103,"page":163,"property_n":"app_283","pronari":"PRIVAT","Lloji_pasu":"TRUALL","id_bau":15481851,"id_sut":2632804,"InspireId":"ASHK_N_2632804","Zona_Kadas":1481,"Numri_i_pa":"app_283","Emri_I_Sis":"Agjencia Shteterore e Kadastres","Fillimi_i_":"10.08.2016","Përfundim":"13.05.2022","Shape_Leng":35.7951699398,"Shape_Area":67.4843293402}},
{"type":"Feature","geometry":{"type":"Polygon","coordinates":[[[19.64098610220284,40.149594988534616],[19.64089981683049,40.14954520635042],[19.64095094035498,40.14949302688495],[19.640931244925557,40.14948166246392],[19.64096788692285,40.14944426455631],[19.641071460583976,40.14950786855401],[19.64098610220284,40.149594988534616]]]},"properties":{"OBJECTID":14863,"id":2632872,"cze_id":1481,"Tipi":"Ndertese","upn":"1481-291-N","label":"291","legal_area":0,"active":2,"descriptio":"","registrati":"2016-08-10 00:00:00","su_last_mo":"2022-05-13 11:07:43","volume":103,"page":178,"property_n":"app_291","pronari":"PRIVAT","Lloji_pasu":"TRUALL","id_bau":15481869,"id_sut":2632872,"InspireId":"ASHK_N_2632872","Zona_Kadas":1481,"Numri_i_pa":"app_291","Emri_I_Sis":"Agjencia Shteterore e Kadastres","Fillimi_i_":"10.08.2016","Përfundim":"13.05.2022","Shape_Leng":47.1486746037,"Shape_Area":123.449331911}},
{"type":"Feature","geometry":{"type":"Polygon","coordinates":[[[19.640356752277395,40.151095685634715],[19.640329678576254,40.15107840201358],[19.640358958764054,40.151051395004366],[19.640386031293126,40.15106867771451],[19.640356752277395,40.151095685634715]]]},"properties":{"OBJECTID":14941,"id":2632888,"cze_id":1481,"Tipi":"Ndertese","upn":"1481-225/1-N","label":"225/1","legal_area":0,"active":2,"descriptio":"","registrati":"2016-08-10 00:00:00","su_last_mo":"2022-05-13 11:07:43","volume":3,"page":111,"property_n":"225/1","pronari":"PRIVAT","Lloji_pasu":"TRUALL","id_bau":15481774,"id_sut":2632888,"InspireId":"ASHK_N_2632888","Zona_Kadas":1481,"Numri_i_pa":"225/1","Emri_I_Sis":"Agjencia Shteterore e Kadastres","Fillimi_i_":"10.08.2016","Përfundim":"13.05.2022","Shape_Leng":13.8033083024,"Shape_Area":11.7056060602}},
{"type":"Feature","geometry":{"type":"Polygon","coordinates":[[[19.64438078192003,40.15105705281164],[19.644341330365208,40.151032519260355],[19.644370541523717,40.151004487948384],[19.64445485684368,40.15092357638265],[19.644519447305726,40.15096255604007],[19.644498402697792,40.15098309070613],[19.644526084849073,40.150999797041024],[19.64451302162214,40.15101254266265],[19.644535897719898,40.15102633252876],[19.644487471482435,40.15107403418959],[19.644461174739924,40.151057898572645],[19.64443021198933,40.151087610439525],[19.64441637888209,40.15107919064211],[19.64438078192003,40.15105705281164]]]},"properties":{"OBJECTID":14942,"id":2632487,"cze_id":1481,"Tipi":"Ndertese","upn":"1481-235-ND","label":"235-ND","legal_area":0,"active":2,"descriptio":"","registrati":"2016-08-10 00:00:00","su_last_mo":"2022-05-13 11:49:33","volume":2,"page":159,"property_n":"235/ND","pronari":"PRIVAT","Lloji_pasu":"NDERTESE","id_bau":10678865,"id_sut":2632487,"InspireId":"ASHK_N_2632487","Zona_Kadas":1481,"Numri_i_pa":"235/ND","Emri_I_Sis":"Agjencia Shteterore e Kadastres","Fillimi_i_":"10.08.2016","Përfundim":"13.05.2022","Shape_Leng":56.2140373686,"Shape_Area":163.049349726}},
{"type":"Feature","geometry":{"type":"Polygon","coordinates":[[[19.641326286936497,40.15326378720504],[19.641311733683988,40.15316714361966],[19.6412814131109,40.1531698316252],[19.641279257298102,40.1531555145238],[19.64137941434462,40.15314572731046],[19.641396258484214,40.153257583594616],[19.641326286936497,40.15326378720504]]]},"properties":{"OBJECTID":14945,"id":2632955,"cze_id":1481,"Tipi":"Ndertese","upn":"1481-75-N","label":"75","legal_area":0,"active":2,"descriptio":"","registrati":"2016-08-10 00:00:00","su_last_mo":"2022-05-13 16:08:04","volume":5,"page":197,"property_n":"75","pronari":"PRIVAT","Lloji_pasu":"TRUALL","id_bau":15411667,"id_sut":2632955,"InspireId":"ASHK_N_2632955","Zona_Kadas":1481,"Numri_i_pa":"75","Emri_I_Sis":"Agjencia Shteterore e Kadastres","Fillimi_i_":"10.08.2016","Përfundim":"13.05.2022","Shape_Leng":42.1107431749,"Shape_Area":79.0285596231}},
{"type":"Feature","geometry":{"type":"Polygon","coordinates":[[[19.64139363270679,40.15314271923496],[19.641280109378474,40.15314346903023],[19.641285091246452,40.15309133562515],[19.641351998972333,40.15309212105805],[19.64135279452872,40.153052219145984],[19.641398559946754,40.15305275624585],[19.64139363270679,40.15314271923496]]]},"properties":{"OBJECTID":14946,"id":2632706,"cze_id":1481,"Tipi":"Ndertese","upn":"1481-86-N","label":"86","legal_area":0,"active":2,"descriptio":"","registrati":"2016-08-10 00:00:00","su_last_mo":"2022-05-13 11:49:21","volume":5,"page":203,"property_n":"86","pronari":"PRIVAT","Lloji_pasu":"TRUALL","id_bau":15411701,"id_sut":2632706,"InspireId":"ASHK_N_2632706","Zona_Kadas":1481,"Numri_i_pa":"86","Emri_I_Sis":"Agjencia Shteterore e Kadastres","Fillimi_i_":"10.08.2016","Përfundim":"13.05.2022","Shape_Leng":39.5080428158,"Shape_Area":71.3765531057}},
{"type":"Feature","geometry":{"type":"Polygon","coordinates":[[[19.64060911423877,40.15310148942849],[19.640606886941818,40.153140170189694],[19.640559993261533,40.153138580083734],[19.640562220585032,40.15309989932355],[19.64060911423877,40.15310148942849]]]},"properties":{"OBJECTID":14947,"id":2632856,"cze_id":1481,"Tipi":"Ndertese","upn":"1481-88-N","label":"88","legal_area":0,"active":2,"descriptio":"","registrati":"2016-08-10 00:00:00","su_last_mo":"2022-05-13 11:07:44","volume":2,"page":228,"property_n":"88","pronari":"PRIVAT","Lloji_pasu":"TRUALL","id_bau":15482178,"id_sut":2632856,"InspireId":"ASHK_N_2632856","Zona_Kadas":1481,"Numri_i_pa":"88","Emri_I_Sis":"Agjencia Shteterore e Kadastres","Fillimi_i_":"10.08.2016","Përfundim":"13.05.2022","Shape_Leng":16.5973515756,"Shape_Area":17.1945289177}},
{"type":"Feature","geometry":{"type":"Polygon","coordinates":[[[19.641149205646613,40.152462453732255],[19.641091050573753,40.15246856323543],[19.641071307812176,40.15235789479597],[19.64113411536986,40.152351298091006],[19.641149205646613,40.152462453732255]]]},"properties":{"OBJECTID":15165,"id":2632733,"cze_id":1481,"Tipi":"Ndertese","upn":"1481-134-N","label":"134","legal_area":0,"active":2,"descriptio":"","registrati":"2016-08-10 00:00:00","su_last_mo":"2022-05-13 11:07:50","volume":5,"page":217,"property_n":"134","pronari":"PRIVAT","Lloji_pasu":"TRUALL","id_bau":15411737,"id_sut":2632733,"InspireId":"ASHK_N_2632733","Zona_Kadas":1481,"Numri_i_pa":"134","Emri_I_Sis":"Agjencia Shteterore e Kadastres","Fillimi_i_":"10.08.2016","Përfundim":"13.05.2022","Shape_Leng":35.2151844268,"Shape_Area":64.5124409039}},
{"type":"Feature","geometry":{"type":"Polygon","coordinates":[[[19.640645347647688,40.152416308202206],[19.640616909777833,40.15240833615298],[19.640609707119456,40.15242346627747],[19.640574657254504,40.152413642790314],[19.640581241600696,40.15239981120526],[19.640573137748145,40.1523975417731],[19.64061487971927,40.15230985089548],[19.640686477075477,40.152329918556234],[19.640660173047667,40.15238516937243],[19.640645347647688,40.152416308202206]]]},"properties":{"OBJECTID":15166,"id":2632533,"cze_id":1481,"Tipi":"Ndertese","upn":"1481-138-N","label":"138","legal_area":0,"active":2,"descriptio":"","registrati":"2016-08-10 00:00:00","su_last_mo":"2022-05-13 11:49:30","volume":5,"page":219,"property_n":"138","pronari":"PRIVAT","Lloji_pasu":"TRUALL","id_bau":15411739,"id_sut":2632533,"InspireId":"ASHK_N_2632533","Zona_Kadas":1481,"Numri_i_pa":"138","Emri_I_Sis":"Agjencia Shteterore e Kadastres","Fillimi_i_":"10.08.2016","Përfundim":"13.05.2022","Shape_Leng":36.9914700221,"Shape_Area":72.124295932}},
{"type":"Feature","geometry":{"type":"Polygon","coordinates":[[[19.64022745092477,40.15436059753309],[19.640200167051642,40.154407808289434],[19.640160144679477,40.154390832030046],[19.64014253165925,40.15443476134569],[19.640073931196554,40.15442311060297],[19.640095813177684,40.15436980228419],[19.6401290478537,40.1543207836445],[19.64022745092477,40.15436059753309]]]},"properties":{"OBJECTID":15167,"id":2632740,"cze_id":1481,"Tipi":"Ndertese","upn":"1481-14-N","label":"14","legal_area":0,"active":2,"descriptio":"","registrati":"2016-08-10 00:00:00","su_last_mo":"2022-05-13 11:07:49","volume":5,"page":116,"property_n":"14","pronari":"PRIVAT","Lloji_pasu":"TRUALL","id_bau":15412237,"id_sut":2632740,"InspireId":"ASHK_N_2632740","Zona_Kadas":1481,"Numri_i_pa":"14","Emri_I_Sis":"Agjencia Shteterore e Kadastres","Fillimi_i_":"10.08.2016","Përfundim":"13.05.2022","Shape_Leng":42.5405003557,"Shape_Area":89.7271070209}},
{"type":"Feature","geometry":{"type":"Polygon","coordinates":[[[19.639292312021205,40.15223776899857],[19.63926273965978,40.1521927147635],[19.639328793931753,40.152167187877495],[19.6393583639835,40.15221224118816],[19.639292312021205,40.15223776899857]]]},"properties":{"OBJECTID":15169,"id":2633001,"cze_id":1481,"Tipi":"Ndertese","upn":"1481-154-N","label":"154","legal_area":0,"active":2,"descriptio":"","registrati":"2016-08-10 00:00:00","su_last_mo":"2022-05-13 16:08:03","volume":3,"page":45,"property_n":"154","pronari":"PRIVAT","Lloji_pasu":"TRUALL","id_bau":15481672,"id_sut":2633001,"InspireId":"ASHK_N_2633001","Zona_Kadas":1481,"Numri_i_pa":"154","Emri_I_Sis":"Agjencia Shteterore e Kadastres","Fillimi_i_":"10.08.2016","Përfundim":"13.05.2022","Shape_Leng":23.8058923567,"Shape_Area":35.297478699}},
{"type":"Feature","geometry":{"type":"Polygon","coordinates":[[[19.639292312021205,40.15223776899857],[19.63926273965978,40.1521927147635],[19.639328793931753,40.152167187877495],[19.6393583639835,40.15221224118816],[19.639292312021205,40.15223776899857]]]},"properties":{"OBJECTID":15170,"id":2633001,"cze_id":1481,"Tipi":"Ndertese","upn":"1481-154-N","label":"154","legal_area":0,"active":2,"descriptio":"","registrati":"2016-08-10 00:00:00","su_last_mo":"2022-05-13 16:08:03","volume":5,"page":170,"property_n":"154","pronari":"PRIVAT","Lloji_pasu":"TRUALL","id_bau":2282893,"id_sut":2633001,"InspireId":"ASHK_N_2633001","Zona_Kadas":1481,"Numri_i_pa":"154","Emri_I_Sis":"Agjencia Shteterore e Kadastres","Fillimi_i_":"10.08.2016","Përfundim":"13.05.2022","Shape_Leng":23.8058923567,"Shape_Area":35.297478699}},
{"type":"Feature","geometry":{"type":"Polygon","coordinates":[[[19.639292312021205,40.15223776899857],[19.63926273965978,40.1521927147635],[19.639328793931753,40.152167187877495],[19.6393583639835,40.15221224118816],[19.639292312021205,40.15223776899857]]]},"properties":{"OBJECTID":15171,"id":2633001,"cze_id":1481,"Tipi":"Ndertese","upn":"1481-154-N","label":"154","legal_area":0,"active":2,"descriptio":"","registrati":"2016-08-10 00:00:00","su_last_mo":"2022-05-13 16:08:03","volume":10001,"page":99,"property_n":"154","pronari":"PRIVAT","Lloji_pasu":"TRUALL","id_bau":15411803,"id_sut":2633001,"InspireId":"ASHK_N_2633001","Zona_Kadas":1481,"Numri_i_pa":"154","Emri_I_Sis":"Agjencia Shteterore e Kadastres","Fillimi_i_":"10.08.2016","Përfundim":"13.05.2022","Shape_Leng":23.8058923567,"Shape_Area":35.297478699}},
{"type":"Feature","geometry":{"type":"Polygon","coordinates":[[[19.639292312021205,40.15223776899857],[19.63926273965978,40.1521927147635],[19.639328793931753,40.152167187877495],[19.6393583639835,40.15221224118816],[19.639292312021205,40.15223776899857]]]},"properties":{"OBJECTID":15172,"id":2633001,"cze_id":1481,"Tipi":"Ndertese","upn":"1481-154-N","label":"154","legal_area":0,"active":2,"descriptio":"","registrati":"2016-08-10 00:00:00","su_last_mo":"2022-05-13 16:08:03","volume":10001,"page":100,"property_n":"154","pronari":"PRIVAT","Lloji_pasu":"TRUALL","id_bau":15411805,"id_sut":2633001,"InspireId":"ASHK_N_2633001","Zona_Kadas":1481,"Numri_i_pa":"154","Emri_I_Sis":"Agjencia Shteterore e Kadastres","Fillimi_i_":"10.08.2016","Përfundim":"13.05.2022","Shape_Leng":23.8058923567,"Shape_Area":35.297478699}},
{"type":"Feature","geometry":{"type":"Polygon","coordinates":[[[19.639562717574872,40.15188479048111],[19.639578226529483,40.151927785341755],[19.639515459893094,40.151941116867256],[19.639499950975168,40.15189812199847],[19.639562717574872,40.15188479048111]]]},"properties":{"OBJECTID":15215,"id":2632722,"cze_id":1481,"Tipi":"Ndertese","upn":"1481-180-N","label":"180","legal_area":0,"active":2,"descriptio":"","registrati":"2016-08-10 00:00:00","su_last_mo":"2022-05-13 11:07:50","volume":1003,"page":67,"property_n":"180","pronari":"PRIVAT","Lloji_pasu":"TRUALL","id_bau":6705355,"id_sut":2632722,"InspireId":"ASHK_N_2632722","Zona_Kadas":1481,"Numri_i_pa":"180","Emri_I_Sis":"Agjencia Shteterore e Kadastres","Fillimi_i_":"10.08.2016","Përfundim":"13.05.2022","Shape_Leng":21.0055008342,"Shape_Area":27.4882769984}},
{"type":"Feature","geometry":{"type":"Polygon","coordinates":[[[19.641640118868935,40.15063532393273],[19.64161590693498,40.1505935839467],[19.64166605123337,40.15057771036935],[19.641690025244554,40.15061827703621],[19.641640118868935,40.15063532393273]]]},"properties":{"OBJECTID":15216,"id":2632654,"cze_id":1481,"Tipi":"Ndertese","upn":"1481-244/1-N","label":"244/1","legal_area":0,"active":2,"descriptio":"","registrati":"2016-08-10 00:00:00","su_last_mo":"2022-05-13 11:49:24","volume":5,"page":160,"property_n":"244/1","pronari":"PRIVAT","Lloji_pasu":"TRUALL","id_bau":15412833,"id_sut":2632654,"InspireId":"ASHK_N_2632654","Zona_Kadas":1481,"Numri_i_pa":"244/1","Emri_I_Sis":"Agjencia Shteterore e Kadastres","Fillimi_i_":"10.08.2016","Përfundim":"13.05.2022","Shape_Leng":19.295744157,"Shape_Area":23.2301289952}},
{"type":"Feature","geometry":{"type":"Polygon","coordinates":[[[19.640690726544147,40.149528891019074],[19.640662559420896,40.14951564594286],[19.64067762503689,40.14949714947177],[19.640705637414598,40.14951058408946],[19.640690726544147,40.149528891019074]]]},"properties":{"OBJECTID":15217,"id":2632990,"cze_id":1481,"Tipi":"Ndertese","upn":"1481-285/1-N","label":"285/1","legal_area":0,"active":2,"descriptio":"","registrati":"2016-08-10 00:00:00","su_last_mo":"2022-05-13 16:08:03","volume":3,"page":165,"property_n":"285/1","pronari":"PRIVAT","Lloji_pasu":"TRUALL","id_bau":15481853,"id_sut":2632990,"InspireId":"ASHK_N_2632990","Zona_Kadas":1481,"Numri_i_pa":"285/1","Emri_I_Sis":"Agjencia Shteterore e Kadastres","Fillimi_i_":"10.08.2016","Përfundim":"13.05.2022","Shape_Leng":10.4487371027,"Shape_Area":6.78232956929}},
{"type":"Feature","geometry":{"type":"Polygon","coordinates":[[[19.63885143156644,40.15230971117156],[19.638889368931707,40.15235088482462],[19.63885628038913,40.15236878448754],[19.63881834420292,40.152327611728055],[19.63885143156644,40.15230971117156]]]},"properties":{"OBJECTID":15281,"id":2632605,"cze_id":1481,"Tipi":"Ndertese","upn":"1481-146/1-N","label":"146/1","legal_area":0,"active":2,"descriptio":"","registrati":"2016-08-10 00:00:00","su_last_mo":"2022-05-13 11:49:26","volume":3,"page":38,"property_n":"146/1","pronari":"PRIVAT","Lloji_pasu":"TRUALL","id_bau":15481654,"id_sut":2632605,"InspireId":"ASHK_N_2632605","Zona_Kadas":1481,"Numri_i_pa":"146/1","Emri_I_Sis":"Agjencia Shteterore e Kadastres","Fillimi_i_":"10.08.2016","Përfundim":"13.05.2022","Shape_Leng":18.0971253958,"Shape_Area":19.3138605463}},
{"type":"Feature","geometry":{"type":"Polygon","coordinates":[[[19.63914980578163,40.152176853769106],[19.63921061605976,40.15215335225316],[19.63927134177936,40.15224587205253],[19.639210532612793,40.15226937360337],[19.63914980578163,40.152176853769106]]]},"properties":{"OBJECTID":15283,"id":2632838,"cze_id":1481,"Tipi":"Ndertese","upn":"1481-154-N","label":"154","legal_area":0,"active":2,"descriptio":"","registrati":"2016-08-10 00:00:00","su_last_mo":"2022-05-13 11:07:45","volume":10001,"page":86,"property_n":"154","pronari":"PRIVAT","Lloji_pasu":"TRUALL","id_bau":15411789,"id_sut":2632838,"InspireId":"ASHK_N_2632838","Zona_Kadas":1481,"Numri_i_pa":"154","Emri_I_Sis":"Agjencia Shteterore e Kadastres","Fillimi_i_":"10.08.2016","Përfundim":"13.05.2022","Shape_Leng":34.6081539369,"Shape_Area":66.7313529406}},
{"type":"Feature","geometry":{"type":"Polygon","coordinates":[[[19.63914980578163,40.152176853769106],[19.63921061605976,40.15215335225316],[19.63927134177936,40.15224587205253],[19.639210532612793,40.15226937360337],[19.63914980578163,40.152176853769106]]]},"properties":{"OBJECTID":15284,"id":2632838,"cze_id":1481,"Tipi":"Ndertese","upn":"1481-154-N","label":"154","legal_area":0,"active":2,"descriptio":"","registrati":"2016-08-10 00:00:00","su_last_mo":"2022-05-13 11:07:45","volume":10001,"page":92,"property_n":"154","pronari":"PRIVAT","Lloji_pasu":"TRUALL","id_bau":15411796,"id_sut":2632838,"InspireId":"ASHK_N_2632838","Zona_Kadas":1481,"Numri_i_pa":"154","Emri_I_Sis":"Agjencia Shteterore e Kadastres","Fillimi_i_":"10.08.2016","Përfundim":"13.05.2022","Shape_Leng":34.6081539369,"Shape_Area":66.7313529406}},
{"type":"Feature","geometry":{"type":"Polygon","coordinates":[[[19.63914980578163,40.152176853769106],[19.63921061605976,40.15215335225316],[19.63927134177936,40.15224587205253],[19.639210532612793,40.15226937360337],[19.63914980578163,40.152176853769106]]]},"properties":{"OBJECTID":15285,"id":2632838,"cze_id":1481,"Tipi":"Ndertese","upn":"1481-154-N","label":"154","legal_area":0,"active":2,"descriptio":"","registrati":"2016-08-10 00:00:00","su_last_mo":"2022-05-13 11:07:45","volume":10001,"page":94,"property_n":"154","pronari":"PRIVAT","Lloji_pasu":"TRUALL","id_bau":15411798,"id_sut":2632838,"InspireId":"ASHK_N_2632838","Zona_Kadas":1481,"Numri_i_pa":"154","Emri_I_Sis":"Agjencia Shteterore e Kadastres","Fillimi_i_":"10.08.2016","Përfundim":"13.05.2022","Shape_Leng":34.6081539369,"Shape_Area":66.7313529406}},
{"type":"Feature","geometry":{"type":"Polygon","coordinates":[[[19.640256719761734,40.15225335406421],[19.640190217479677,40.1522230469158],[19.640291557789627,40.1521024229152],[19.640364530165137,40.15213609850629],[19.640256719761734,40.15225335406421]]]},"properties":{"OBJECTID":15287,"id":2632502,"cze_id":1481,"Tipi":"Ndertese","upn":"1481-159/3-N","label":"159/3","legal_area":0,"active":2,"descriptio":"","registrati":"2016-08-10 00:00:00","su_last_mo":"2022-05-13 11:49:32","volume":2,"page":169,"property_n":"159/3","pronari":"PRIVAT","Lloji_pasu":"TRUALL","id_bau":15481688,"id_sut":2632502,"InspireId":"ASHK_N_2632502","Zona_Kadas":1481,"Numri_i_pa":"159/3","Emri_I_Sis":"Agjencia Shteterore e Kadastres","Fillimi_i_":"10.08.2016","Përfundim":"13.05.2022","Shape_Leng":45.7159847604,"Shape_Area":110.127247028}},
{"type":"Feature","geometry":{"type":"Polygon","coordinates":[[[19.64027784437147,40.15200174713417],[19.640306659711165,40.15196994123912],[19.64032786650911,40.15198125371942],[19.640365392855287,40.15193983491728],[19.64043479128879,40.15197685857743],[19.64037037723496,40.1520511087774],[19.64027784437147,40.15200174713417]]]},"properties":{"OBJECTID":15288,"id":2632937,"cze_id":1481,"Tipi":"Ndertese","upn":"1481-176-N","label":"176","legal_area":0,"active":2,"descriptio":"","registrati":"2016-08-10 00:00:00","su_last_mo":"2022-05-13 16:08:08","volume":2,"page":73,"property_n":"176","pronari":"PRIVAT","Lloji_pasu":"TRUALL","id_bau":6705427,"id_sut":2632937,"InspireId":"ASHK_N_2632937","Zona_Kadas":1481,"Numri_i_pa":"176","Emri_I_Sis":"Agjencia Shteterore e Kadastres","Fillimi_i_":"10.08.2016","Përfundim":"13.05.2022","Shape_Leng":38.8117471551,"Shape_Area":81.7712572958}},
{"type":"Feature","geometry":{"type":"Polygon","coordinates":[[[19.641388017699835,40.15424772125815],[19.641439284467896,40.15427959980047],[19.64141119267639,40.15430541115716],[19.641360808078293,40.15427272300014],[19.641388017699835,40.15424772125815]]]},"properties":{"OBJECTID":15289,"id":2632506,"cze_id":1481,"Tipi":"Ndertese","upn":"1481-18/1-N","label":"18/1","legal_area":0,"active":2,"descriptio":"","registrati":"2016-08-10 00:00:00","su_last_mo":"2022-05-13 11:49:32","volume":2,"page":181,"property_n":"18/1","pronari":"PRIVAT","Lloji_pasu":"TRUALL","id_bau":15481713,"id_sut":2632506,"InspireId":"ASHK_N_2632506","Zona_Kadas":1481,"Numri_i_pa":"18/1","Emri_I_Sis":"Agjencia Shteterore e Kadastres","Fillimi_i_":"10.08.2016","Përfundim":"13.05.2022","Shape_Leng":18.5948444501,"Shape_Area":20.6619743394}},
{"type":"Feature","geometry":{"type":"Polygon","coordinates":[[[19.64439039502724,40.151435124406675],[19.644333302955733,40.151386618720544],[19.64444369861541,40.15131754451825],[19.64445771124164,40.1513298094963],[19.644495946073025,40.151305923373286],[19.64453226297333,40.151340153843336],[19.64449584615433,40.15136290360734],[19.644528456172935,40.15139364100385],[19.644420835177165,40.15146087218651],[19.64439039502724,40.151435124406675]]]},"properties":{"OBJECTID":15291,"id":2632906,"cze_id":1481,"Tipi":"Ndertese","upn":"1481-218-N","label":"218","legal_area":0,"active":2,"descriptio":"","registrati":"2016-08-10 00:00:00","su_last_mo":"2022-05-13 11:07:42","volume":5,"page":52,"property_n":"218","pronari":"PRIVAT","Lloji_pasu":"TRUALL","id_bau":15411764,"id_sut":2632906,"InspireId":"ASHK_N_2632906","Zona_Kadas":1481,"Numri_i_pa":"218","Emri_I_Sis":"Agjencia Shteterore e Kadastres","Fillimi_i_":"10.08.2016","Përfundim":"13.05.2022","Shape_Leng":54.3949383054,"Shape_Area":153.775521713}},
{"type":"Feature","geometry":{"type":"Polygon","coordinates":[[[19.6397499670621,40.152683058228014],[19.639669169811384,40.15267155572075],[19.63968139732496,40.152615526448436],[19.63969337063713,40.1526051528495],[19.639751588861262,40.15255470624717],[19.63978423388435,40.15257607621068],[19.63976217343027,40.15263257383289],[19.6397499670621,40.152683058228014]]]},"properties":{"OBJECTID":15393,"id":2632587,"cze_id":1481,"Tipi":"Ndertese","upn":"1481-118-N","label":"118","legal_area":0,"active":2,"descriptio":"","registrati":"2016-08-10 00:00:00","su_last_mo":"2022-05-13 11:49:26","volume":3,"page":4,"property_n":"118","pronari":"PRIVAT","Lloji_pasu":"TRUALL","id_bau":15481609,"id_sut":2632587,"InspireId":"ASHK_N_2632587","Zona_Kadas":1481,"Numri_i_pa":"118","Emri_I_Sis":"Agjencia Shteterore e Kadastres","Fillimi_i_":"10.08.2016","Përfundim":"13.05.2022","Shape_Leng":38.2372095324,"Shape_Area":82.2104037463}},
{"type":"Feature","geometry":{"type":"Polygon","coordinates":[[[19.63914980578163,40.152176853769106],[19.63921061605976,40.15215335225316],[19.63927134177936,40.15224587205253],[19.639210532612793,40.15226937360337],[19.63914980578163,40.152176853769106]]]},"properties":{"OBJECTID":15402,"id":2632838,"cze_id":1481,"Tipi":"Ndertese","upn":"1481-154-N","label":"154","legal_area":0,"active":2,"descriptio":"","registrati":"2016-08-10 00:00:00","su_last_mo":"2022-05-13 11:07:45","volume":1003,"page":57,"property_n":"154","pronari":"PRIVAT","Lloji_pasu":"TRUALL","id_bau":6705323,"id_sut":2632838,"InspireId":"ASHK_N_2632838","Zona_Kadas":1481,"Numri_i_pa":"154","Emri_I_Sis":"Agjencia Shteterore e Kadastres","Fillimi_i_":"10.08.2016","Përfundim":"13.05.2022","Shape_Leng":34.6081539369,"Shape_Area":66.7313529406}},
{"type":"Feature","geometry":{"type":"Polygon","coordinates":[[[19.63914980578163,40.152176853769106],[19.63921061605976,40.15215335225316],[19.63927134177936,40.15224587205253],[19.639210532612793,40.15226937360337],[19.63914980578163,40.152176853769106]]]},"properties":{"OBJECTID":15403,"id":2632838,"cze_id":1481,"Tipi":"Ndertese","upn":"1481-154-N","label":"154","legal_area":0,"active":2,"descriptio":"","registrati":"2016-08-10 00:00:00","su_last_mo":"2022-05-13 11:07:45","volume":10001,"page":75,"property_n":"154","pronari":"PRIVAT","Lloji_pasu":"TRUALL","id_bau":15411766,"id_sut":2632838,"InspireId":"ASHK_N_2632838","Zona_Kadas":1481,"Numri_i_pa":"154","Emri_I_Sis":"Agjencia Shteterore e Kadastres","Fillimi_i_":"10.08.2016","Përfundim":"13.05.2022","Shape_Leng":34.6081539369,"Shape_Area":66.7313529406}},
{"type":"Feature","geometry":{"type":"Polygon","coordinates":[[[19.63914980578163,40.152176853769106],[19.63921061605976,40.15215335225316],[19.63927134177936,40.15224587205253],[19.639210532612793,40.15226937360337],[19.63914980578163,40.152176853769106]]]},"properties":{"OBJECTID":15404,"id":2632838,"cze_id":1481,"Tipi":"Ndertese","upn":"1481-154-N","label":"154","legal_area":0,"active":2,"descriptio":"","registrati":"2016-08-10 00:00:00","su_last_mo":"2022-05-13 11:07:45","volume":10001,"page":96,"property_n":"154","pronari":"PRIVAT","Lloji_pasu":"TRUALL","id_bau":15411800,"id_sut":2632838,"InspireId":"ASHK_N_2632838","Zona_Kadas":1481,"Numri_i_pa":"154","Emri_I_Sis":"Agjencia Shteterore e Kadastres","Fillimi_i_":"10.08.2016","Përfundim":"13.05.2022","Shape_Leng":34.6081539369,"Shape_Area":66.7313529406}},
{"type":"Feature","geometry":{"type":"Polygon","coordinates":[[[19.63914980578163,40.152176853769106],[19.63921061605976,40.15215335225316],[19.63927134177936,40.15224587205253],[19.639210532612793,40.15226937360337],[19.63914980578163,40.152176853769106]]]},"properties":{"OBJECTID":15405,"id":2632838,"cze_id":1481,"Tipi":"Ndertese","upn":"1481-154-N","label":"154","legal_area":0,"active":2,"descriptio":"","registrati":"2016-08-10 00:00:00","su_last_mo":"2022-05-13 11:07:45","volume":10001,"page":98,"property_n":"154","pronari":"PRIVAT","Lloji_pasu":"TRUALL","id_bau":15411802,"id_sut":2632838,"InspireId":"ASHK_N_2632838","Zona_Kadas":1481,"Numri_i_pa":"154","Emri_I_Sis":"Agjencia Shteterore e Kadastres","Fillimi_i_":"10.08.2016","Përfundim":"13.05.2022","Shape_Leng":34.6081539369,"Shape_Area":66.7313529406}},
{"type":"Feature","geometry":{"type":"Polygon","coordinates":[[[19.640950642284178,40.15442784703946],[19.640923609121522,40.154445150957535],[19.640851651562862,40.154376947446316],[19.641003080177132,40.15428188483951],[19.641027453105405,40.1543099409195],[19.64099755523011,40.15432966037015],[19.64100895366982,40.15433909969926],[19.640936728125702,40.15438752578119],[19.640968533269078,40.15441639563989],[19.640950642284178,40.15442784703946]]]},"properties":{"OBJECTID":15406,"id":2632555,"cze_id":1481,"Tipi":"Ndertese","upn":"1481-16-N","label":"16","legal_area":0,"active":2,"descriptio":"","registrati":"2016-08-10 00:00:00","su_last_mo":"2022-05-13 11:49:28","volume":2,"page":180,"property_n":"16","pronari":"PRIVAT","Lloji_pasu":"TRUALL","id_bau":15481690,"id_sut":2632555,"InspireId":"ASHK_N_2632555","Zona_Kadas":1481,"Numri_i_pa":"16","Emri_I_Sis":"Agjencia Shteterore e Kadastres","Fillimi_i_":"10.08.2016","Përfundim":"13.05.2022","Shape_Leng":52.2999558786,"Shape_Area":104.455374873}},
{"type":"Feature","geometry":{"type":"Polygon","coordinates":[[[19.639844910277585,40.151244154353776],[19.63989583867777,40.15122176098756],[19.639916265667264,40.15124911518854],[19.63998043403348,40.15122090009384],[19.640016620693732,40.151269357344255],[19.63990152620047,40.15131996675718],[19.639844910277585,40.151244154353776]]]},"properties":{"OBJECTID":15408,"id":2632956,"cze_id":1481,"Tipi":"Ndertese","upn":"1481-221-N","label":"221","legal_area":0,"active":2,"descriptio":"","registrati":"2016-08-10 00:00:00","su_last_mo":"2022-05-13 16:08:04","volume":5,"page":58,"property_n":"221","pronari":"PRIVAT","Lloji_pasu":"TRUALL","id_bau":15411768,"id_sut":2632956,"InspireId":"ASHK_N_2632956","Zona_Kadas":1481,"Numri_i_pa":"221","Emri_I_Sis":"Agjencia Shteterore e Kadastres","Fillimi_i_":"10.08.2016","Përfundim":"13.05.2022","Shape_Leng":42.0101909349,"Shape_Area":87.6030372836}},
{"type":"Feature","geometry":{"type":"Polygon","coordinates":[[[19.642596264344768,40.15103806954277],[19.642471591822375,40.15106360645111],[19.642455341405444,40.15101689113012],[19.642453398999216,40.15101130505604],[19.642556295137183,40.150989945444984],[19.64254744230989,40.15096467448519],[19.642568743632093,40.15096020575133],[19.642596264344768,40.15103806954277]]]},"properties":{"OBJECTID":15409,"id":2632773,"cze_id":1481,"Tipi":"Ndertese","upn":"1481-232-N","label":"232","legal_area":0,"active":2,"descriptio":"","registrati":"2016-08-10 00:00:00","su_last_mo":"2022-05-13 11:07:48","volume":5,"page":87,"property_n":"232","pronari":"PRIVAT","Lloji_pasu":"TRUALL","id_bau":15411732,"id_sut":2632773,"InspireId":"ASHK_N_2632773","Zona_Kadas":1481,"Numri_i_pa":"232","Emri_I_Sis":"Agjencia Shteterore e Kadastres","Fillimi_i_":"10.08.2016","Përfundim":"13.05.2022","Shape_Leng":39.8337447763,"Shape_Area":71.6984938372}},
{"type":"Feature","geometry":{"type":"Polygon","coordinates":[[[19.642276252444884,40.15076747344418],[19.642245561528714,40.150719272530715],[19.642292982832153,40.15070141076501],[19.642323641151243,40.15074978988291],[19.642276252444884,40.15076747344418]]]},"properties":{"OBJECTID":15411,"id":2632688,"cze_id":1481,"Tipi":"Ndertese","upn":"1481-241/1-N","label":"241/1","legal_area":0,"active":2,"descriptio":"","registrati":"2016-08-10 00:00:00","su_last_mo":"2022-05-13 11:49:22","volume":5,"page":162,"property_n":"241/1","pronari":"PRIVAT","Lloji_pasu":"TRUALL","id_bau":15412102,"id_sut":2632688,"InspireId":"ASHK_N_2632688","Zona_Kadas":1481,"Numri_i_pa":"241/1","Emri_I_Sis":"Agjencia Shteterore e Kadastres","Fillimi_i_":"10.08.2016","Përfundim":"13.05.2022","Shape_Leng":20.9214145516,"Shape_Area":26.8165912961}},
{"type":"Feature","geometry":{"type":"Polygon","coordinates":[[[19.640276524057686,40.1485880643349],[19.640238892584666,40.14864886178292],[19.640173537360283,40.14862825126417],[19.640210646538183,40.148565470007725],[19.640276524057686,40.1485880643349]]]},"properties":{"OBJECTID":15523,"id":2632801,"cze_id":1481,"Tipi":"Ndertese","upn":"1481-318-N","label":"318","legal_area":0,"active":2,"descriptio":"","registrati":"2016-08-10 00:00:00","su_last_mo":"2022-05-13 11:07:47","volume":3,"page":227,"property_n":"270-T","pronari":"PRIVAT","Lloji_pasu":"TRUALL","id_bau":15482004,"id_sut":2632801,"InspireId":"ASHK_N_2632801","Zona_Kadas":1481,"Numri_i_pa":"270-T","Emri_I_Sis":"Agjencia Shteterore e Kadastres","Fillimi_i_":"10.08.2016","Përfundim":"13.05.2022","Shape_Leng":27.297806813,"Shape_Area":45.9990609057}},
{"type":"Feature","geometry":{"type":"Polygon","coordinates":[[[19.640683809234606,40.14857923049259],[19.64071624417516,40.14854617217325],[19.64075787412564,40.148571258584],[19.64072692003675,40.14860413688767],[19.640683809234606,40.14857923049259]]]},"properties":{"OBJECTID":15524,"id":2632842,"cze_id":1481,"Tipi":"Ndertese","upn":"1481-317/3-N","label":"317/3","legal_area":0,"active":2,"descriptio":"","registrati":"2016-08-10 00:00:00","su_last_mo":"2022-05-13 11:07:45","volume":3,"page":220,"property_n":"317/3","pronari":"PRIVAT","Lloji_pasu":"TRUALL","id_bau":15481997,"id_sut":2632842,"InspireId":"ASHK_N_2632842","Zona_Kadas":1481,"Numri_i_pa":"317/3","Emri_I_Sis":"Agjencia Shteterore e Kadastres","Fillimi_i_":"10.08.2016","Përfundim":"13.05.2022","Shape_Leng":18.2071245822,"Shape_Area":20.7125616099}},
{"type":"Feature","geometry":{"type":"Polygon","coordinates":[[[19.641178652727223,40.15216427214191],[19.64117870926905,40.15212654376782],[19.641243248901063,40.15212664017524],[19.64124314945241,40.15216449990309],[19.641178652727223,40.15216427214191]]]},"properties":{"OBJECTID":15541,"id":2632711,"cze_id":1481,"Tipi":"Ndertese","upn":"1481-169/1-N","label":"169/1","legal_area":0,"active":2,"descriptio":"","registrati":"2016-08-10 00:00:00","su_last_mo":"2022-05-13 11:49:21","volume":3,"page":58,"property_n":"169/1","pronari":"PRIVAT","Lloji_pasu":"TRUALL","id_bau":15481702,"id_sut":2632711,"InspireId":"ASHK_N_2632711","Zona_Kadas":1481,"Numri_i_pa":"169/1","Emri_I_Sis":"Agjencia Shteterore e Kadastres","Fillimi_i_":"10.08.2016","Përfundim":"13.05.2022","Shape_Leng":19.3878389652,"Shape_Area":23.0700124366}},
{"type":"Feature","geometry":{"type":"Polygon","coordinates":[[[19.64044322456106,40.15147442669849],[19.640527951729457,40.1513914109954],[19.640584219524236,40.15142522641914],[19.640499491208086,40.151508242159395],[19.64044322456106,40.15147442669849]]]},"properties":{"OBJECTID":15542,"id":2632928,"cze_id":1481,"Tipi":"Ndertese","upn":"1481-211-N","label":"211","legal_area":0,"active":2,"descriptio":"","registrati":"2016-08-10 00:00:00","su_last_mo":"2022-05-13 11:07:41","volume":5,"page":40,"property_n":"211","pronari":"PRIVAT","Lloji_pasu":"TRUALL","id_bau":15411759,"id_sut":2632928,"InspireId":"ASHK_N_2632928","Zona_Kadas":1481,"Numri_i_pa":"211","Emri_I_Sis":"Agjencia Shteterore e Kadastres","Fillimi_i_":"10.08.2016","Përfundim":"13.05.2022","Shape_Leng":35.5963553711,"Shape_Area":71.3009211231}},
{"type":"Feature","geometry":{"type":"Polygon","coordinates":[[[19.640529399928127,40.15416220979599],[19.640560503337287,40.154125329808906],[19.640628528871908,40.15415494170414],[19.64061049126183,40.15419576903433],[19.640529399928127,40.15416220979599]]]},"properties":{"OBJECTID":15543,"id":2632647,"cze_id":1481,"Tipi":"Ndertese","upn":"1481-22/1-N","label":"22/1","legal_area":0,"active":2,"descriptio":"","registrati":"2016-08-10 00:00:00","su_last_mo":"2022-05-13 11:49:24","volume":5,"page":166,"property_n":"22/1","pronari":"PRIVAT","Lloji_pasu":"TRUALL","id_bau":15412145,"id_sut":2632647,"InspireId":"ASHK_N_2632647","Zona_Kadas":1481,"Numri_i_pa":"22/1","Emri_I_Sis":"Agjencia Shteterore e Kadastres","Fillimi_i_":"10.08.2016","Përfundim":"13.05.2022","Shape_Leng":24.1783127182,"Shape_Area":34.7489280885}},
{"type":"Feature","geometry":{"type":"Polygon","coordinates":[[[19.639503954398595,40.153109637486736],[19.639497299045573,40.153092228117394],[19.639612189751045,40.15306636408538],[19.63962805318482,40.15310785424274],[19.639513161246327,40.15313371738579],[19.639503954398595,40.153109637486736]]]},"properties":{"OBJECTID":15547,"id":2633013,"cze_id":1481,"Tipi":"Ndertese","upn":"1481-81-N","label":"81","legal_area":0,"active":2,"descriptio":"","registrati":"2016-08-10 00:00:00","su_last_mo":"2022-05-13 16:08:03","volume":2,"page":220,"property_n":"81","pronari":"PRIVAT","Lloji_pasu":"TRUALL","id_bau":15482170,"id_sut":2633013,"InspireId":"ASHK_N_2633013","Zona_Kadas":1481,"Numri_i_pa":"81","Emri_I_Sis":"Agjencia Shteterore e Kadastres","Fillimi_i_":"10.08.2016","Përfundim":"13.05.2022","Shape_Leng":30.0057712097,"Shape_Area":48.9801173398}},
{"type":"Feature","geometry":{"type":"Polygon","coordinates":[[[19.637761155998472,40.143880827049905],[19.637798127495962,40.143853618662064],[19.63786799295708,40.14380220428927],[19.637942503165505,40.14377022031085],[19.637980327888613,40.14382211734094],[19.63778094997693,40.14390770236313],[19.637761155998472,40.143880827049905]]]},"properties":{"OBJECTID":15506,"id":2929947,"cze_id":1481,"Tipi":"Ndertese","upn":"1481-123/249-ND","label":"123/249-ND","legal_area":0,"active":2,"descriptio":"","registrati":"2022-04-19 16:12:31","su_last_mo":"2022-05-13 09:52:09","volume":4,"page":181,"property_n":"123/249-ND","pronari":"PRIVAT","Lloji_pasu":"NDERTESE","id_bau":38273726,"id_sut":2929947,"InspireId":"ASHK_N_2929947","Zona_Kadas":1481,"Numri_i_pa":"123/249-ND","Emri_I_Sis":"Agjencia Shteterore e Kadastres","Fillimi_i_":"19.04.2022","Përfundim":"13.05.2022","Shape_Leng":49.3866526787,"Shape_Area":109.234873206}},
{"type":"Feature","geometry":{"type":"Polygon","coordinates":[[[19.636566748094218,40.144966616379264],[19.636546502399376,40.14498335702412],[19.63653459009455,40.144983547485324],[19.636534904952043,40.14499515172919],[19.636479751564003,40.144996032298785],[19.636479436720695,40.144984427154206],[19.63646693643121,40.14498462656979],[19.636447886808142,40.14496851367358],[19.63639478963496,40.144969361032054],[19.636349034664576,40.1449700909308],[19.63634731377944,40.14490658012661],[19.636394049863124,40.144905833496075],[19.636393776428324,40.14489570905803],[19.636439574772936,40.1448949783771],[19.636439284574397,40.14488425499135],[19.636566335259964,40.144882227605336],[19.636566625483276,40.14489295009028],[19.63661298599113,40.14489221029798],[19.636613259458464,40.14490233473567],[19.636663292042403,40.144901574024985],[19.636664530881923,40.144965088716],[19.636566748094218,40.144966616379264]]]},"properties":{"OBJECTID":15507,"id":2929956,"cze_id":1481,"Tipi":"Ndertese","upn":"1481-123/299-ND","label":"123/299-ND","legal_area":0,"active":2,"descriptio":"","registrati":"2022-04-19 16:12:31","su_last_mo":"2022-05-13 09:52:09","volume":4,"page":197,"property_n":"123/299-ND","pronari":"PRIVAT","Lloji_pasu":"NDERTESE","id_bau":38273780,"id_sut":2929956,"InspireId":"ASHK_N_2929956","Zona_Kadas":1481,"Numri_i_pa":"123/299-ND","Emri_I_Sis":"Agjencia Shteterore e Kadastres","Fillimi_i_":"19.04.2022","Përfundim":"13.05.2022","Shape_Leng":76.7401269625,"Shape_Area":245.206836042}},
{"type":"Feature","geometry":{"type":"Polygon","coordinates":[[[19.64050003509931,40.15236468364859],[19.640505130246467,40.15235460652],[19.64045793498553,40.15234086913755],[19.640513448141277,40.152228574522134],[19.640590057692165,40.15225138119664],[19.640528491427347,40.152373155613006],[19.64050003509931,40.15236468364859]]]},"properties":{"OBJECTID":15508,"id":2632667,"cze_id":1481,"Tipi":"Ndertese","upn":"1481-145-N","label":"145","legal_area":0,"active":2,"descriptio":"","registrati":"2016-08-10 00:00:00","su_last_mo":"2022-05-13 11:49:23","volume":5,"page":221,"property_n":"145","pronari":"PRIVAT","Lloji_pasu":"TRUALL","id_bau":15411742,"id_sut":2632667,"InspireId":"ASHK_N_2632667","Zona_Kadas":1481,"Numri_i_pa":"145","Emri_I_Sis":"Agjencia Shteterore e Kadastres","Fillimi_i_":"10.08.2016","Përfundim":"13.05.2022","Shape_Leng":42.9429602991,"Shape_Area":95.6703455918}},
{"type":"Feature","geometry":{"type":"Polygon","coordinates":[[[19.642020183549498,40.14899746160778],[19.64212791340652,40.14905208598733],[19.64207808034319,40.149109960817995],[19.642102565663777,40.149122375531896],[19.642068938963394,40.14916142850667],[19.6419038152377,40.149083143620004],[19.64193320883475,40.149049454147324],[19.641962589055872,40.14906435075282],[19.642020183549498,40.14899746160778]]]},"properties":{"OBJECTID":15549,"id":2632833,"cze_id":1481,"Tipi":"Ndertese","upn":"1481-304-N","label":"304","legal_area":0,"active":2,"descriptio":"","registrati":"2016-08-10 00:00:00","su_last_mo":"2022-05-13 11:07:45","volume":103,"page":201,"property_n":"app_304","pronari":"PRIVAT","Lloji_pasu":"TRUALL","id_bau":15481938,"id_sut":2632833,"InspireId":"ASHK_N_2632833","Zona_Kadas":1481,"Numri_i_pa":"app_304","Emri_I_Sis":"Agjencia Shteterore e Kadastres","Fillimi_i_":"10.08.2016","Përfundim":"13.05.2022","Shape_Leng":59.3463367238,"Shape_Area":171.137324471}},
{"type":"Feature","geometry":{"type":"Polygon","coordinates":[[[19.64106552204917,40.15046568986707],[19.640995204562095,40.15050425503612],[19.640927407544176,40.150431462397364],[19.640969361210402,40.150408452636896],[19.640953927344892,40.150391882495356],[19.640982289951367,40.150376327127404],[19.64106552204917,40.15046568986707]]]},"properties":{"OBJECTID":15608,"id":2632933,"cze_id":1481,"Tipi":"Ndertese","upn":"1481-249-N","label":"249","legal_area":0,"active":2,"descriptio":"","registrati":"2016-08-10 00:00:00","su_last_mo":"2022-05-13 11:07:41","volume":1003,"page":182,"property_n":"249","pronari":"PRIVAT","Lloji_pasu":"TRUALL","id_bau":6707336,"id_sut":2632933,"InspireId":"ASHK_N_2632933","Zona_Kadas":1481,"Numri_i_pa":"249","Emri_I_Sis":"Agjencia Shteterore e Kadastres","Fillimi_i_":"10.08.2016","Përfundim":"13.05.2022","Shape_Leng":39.1220671828,"Shape_Area":79.8837344005}},
{"type":"Feature","geometry":{"type":"Polygon","coordinates":[[[19.641282585594883,40.14873205075774],[19.641279076235193,40.14879502380658],[19.641164188529295,40.14879125369461],[19.64116564258814,40.148765164399066],[19.64115626369524,40.148764856151104],[19.6411588218018,40.148718976128116],[19.641210403933094,40.14872066877404],[19.64120990241867,40.14872966505174],[19.641282585594883,40.14873205075774]]]},"properties":{"OBJECTID":15698,"id":2632620,"cze_id":1481,"Tipi":"Ndertese","upn":"1481-312/2-N","label":"312/2","legal_area":0,"active":2,"descriptio":"","registrati":"2016-08-10 00:00:00","su_last_mo":"2022-05-13 11:49:25","volume":3,"page":213,"property_n":"312/2","pronari":"PRIVAT","Lloji_pasu":"TRUALL","id_bau":15481990,"id_sut":2632620,"InspireId":"ASHK_N_2632620","Zona_Kadas":1481,"Numri_i_pa":"312/2","Emri_I_Sis":"Agjencia Shteterore e Kadastres","Fillimi_i_":"10.08.2016","Përfundim":"13.05.2022","Shape_Leng":37.1939588396,"Shape_Area":76.255556662}},
{"type":"Feature","geometry":{"type":"Polygon","coordinates":[[[19.638677271238944,40.15219405314539],[19.638605641234847,40.1522378542041],[19.63853869588481,40.152174594725125],[19.63854689391818,40.15216948603425],[19.638519819654636,40.15214390302586],[19.63856718968536,40.152114387156686],[19.638615283287415,40.15215981458158],[19.638630789138148,40.15215014827496],[19.638677271238944,40.15219405314539]]]},"properties":{"OBJECTID":15699,"id":2632837,"cze_id":1481,"Tipi":"Ndertese","upn":"1481-156-N","label":"156","legal_area":0,"active":2,"descriptio":"","registrati":"2016-08-10 00:00:00","su_last_mo":"2022-05-13 11:07:45","volume":103,"page":49,"property_n":"app_156","pronari":"PRIVAT","Lloji_pasu":"TRUALL","id_bau":15481681,"id_sut":2632837,"InspireId":"ASHK_N_2632837","Zona_Kadas":1481,"Numri_i_pa":"app_156","Emri_I_Sis":"Agjencia Shteterore e Kadastres","Fillimi_i_":"10.08.2016","Përfundim":"13.05.2022","Shape_Leng":41.0934575892,"Shape_Area":85.0788597145}},
{"type":"Feature","geometry":{"type":"Polygon","coordinates":[[[19.639292312021205,40.15223776899857],[19.63926273965978,40.1521927147635],[19.639328793931753,40.152167187877495],[19.6393583639835,40.15221224118816],[19.639292312021205,40.15223776899857]]]},"properties":{"OBJECTID":15725,"id":2633001,"cze_id":1481,"Tipi":"Ndertese","upn":"1481-154-N","label":"154","legal_area":0,"active":2,"descriptio":"","registrati":"2016-08-10 00:00:00","su_last_mo":"2022-05-13 16:08:03","volume":10001,"page":82,"property_n":"154","pronari":"PRIVAT","Lloji_pasu":"TRUALL","id_bau":15411781,"id_sut":2633001,"InspireId":"ASHK_N_2633001","Zona_Kadas":1481,"Numri_i_pa":"154","Emri_I_Sis":"Agjencia Shteterore e Kadastres","Fillimi_i_":"10.08.2016","Përfundim":"13.05.2022","Shape_Leng":23.8058923567,"Shape_Area":35.297478699}},
{"type":"Feature","geometry":{"type":"Polygon","coordinates":[[[19.639292312021205,40.15223776899857],[19.63926273965978,40.1521927147635],[19.639328793931753,40.152167187877495],[19.6393583639835,40.15221224118816],[19.639292312021205,40.15223776899857]]]},"properties":{"OBJECTID":15726,"id":2633001,"cze_id":1481,"Tipi":"Ndertese","upn":"1481-154-N","label":"154","legal_area":0,"active":2,"descriptio":"","registrati":"2016-08-10 00:00:00","su_last_mo":"2022-05-13 16:08:03","volume":10001,"page":91,"property_n":"154","pronari":"PRIVAT","Lloji_pasu":"TRUALL","id_bau":15411795,"id_sut":2633001,"InspireId":"ASHK_N_2633001","Zona_Kadas":1481,"Numri_i_pa":"154","Emri_I_Sis":"Agjencia Shteterore e Kadastres","Fillimi_i_":"10.08.2016","Përfundim":"13.05.2022","Shape_Leng":23.8058923567,"Shape_Area":35.297478699}},
{"type":"Feature","geometry":{"type":"Polygon","coordinates":[[[19.639292312021205,40.15223776899857],[19.63926273965978,40.1521927147635],[19.639328793931753,40.152167187877495],[19.6393583639835,40.15221224118816],[19.639292312021205,40.15223776899857]]]},"properties":{"OBJECTID":15727,"id":2633001,"cze_id":1481,"Tipi":"Ndertese","upn":"1481-154-N","label":"154","legal_area":0,"active":2,"descriptio":"","registrati":"2016-08-10 00:00:00","su_last_mo":"2022-05-13 16:08:03","volume":10001,"page":101,"property_n":"154","pronari":"PRIVAT","Lloji_pasu":"TRUALL","id_bau":15411806,"id_sut":2633001,"InspireId":"ASHK_N_2633001","Zona_Kadas":1481,"Numri_i_pa":"154","Emri_I_Sis":"Agjencia Shteterore e Kadastres","Fillimi_i_":"10.08.2016","Përfundim":"13.05.2022","Shape_Leng":23.8058923567,"Shape_Area":35.297478699}},
{"type":"Feature","geometry":{"type":"Polygon","coordinates":[[[19.63825473721545,40.1518463081528],[19.638247838395145,40.15184522840358],[19.63826235876697,40.15179456136446],[19.638356769930162,40.151812527701075],[19.638341102326123,40.15186088294859],[19.638332669023928,40.151859459788795],[19.63825473721545,40.1518463081528]]]},"properties":{"OBJECTID":15728,"id":2632542,"cze_id":1481,"Tipi":"Ndertese","upn":"1481-186-N","label":"186","legal_area":0,"active":2,"descriptio":"","registrati":"2016-08-10 00:00:00","su_last_mo":"2022-05-13 11:49:29","volume":3,"page":69,"property_n":"186","pronari":"PRIVAT","Lloji_pasu":"TRUALL","id_bau":15481723,"id_sut":2632542,"InspireId":"ASHK_N_2632542","Zona_Kadas":1481,"Numri_i_pa":"186","Emri_I_Sis":"Agjencia Shteterore e Kadastres","Fillimi_i_":"10.08.2016","Përfundim":"13.05.2022","Shape_Leng":27.7157952492,"Shape_Area":46.3224906781}},
{"type":"Feature","geometry":{"type":"Polygon","coordinates":[[[19.641374342496874,40.149839809337855],[19.641329042644454,40.14976656785682],[19.641411229431114,40.14973663359961],[19.641423812668716,40.149756978248206],[19.6414688857348,40.14974056310282],[19.641501601267436,40.149793460788274],[19.641374342496874,40.149839809337855]]]},"properties":{"OBJECTID":15730,"id":2632869,"cze_id":1481,"Tipi":"Ndertese","upn":"1481-282-N","label":"282","legal_area":0,"active":2,"descriptio":"","registrati":"2016-08-10 00:00:00","su_last_mo":"2022-05-13 11:07:44","volume":3,"page":161,"property_n":"282","pronari":"PRIVAT","Lloji_pasu":"TRUALL","id_bau":15481848,"id_sut":2632869,"InspireId":"ASHK_N_2632869","Zona_Kadas":1481,"Numri_i_pa":"282","Emri_I_Sis":"Agjencia Shteterore e Kadastres","Fillimi_i_":"10.08.2016","Përfundim":"13.05.2022","Shape_Leng":42.0100611073,"Shape_Area":97.422229055}},
{"type":"Feature","geometry":{"type":"Polygon","coordinates":[[[19.641149205646613,40.152462453732255],[19.64116242078685,40.15253653064375],[19.641057742016446,40.1525475257599],[19.64104962286699,40.152502008932395],[19.641096146476645,40.152497122428215],[19.641091050573753,40.15246856323543],[19.641149205646613,40.152462453732255]]]},"properties":{"OBJECTID":15737,"id":2632676,"cze_id":1481,"Tipi":"Ndertese","upn":"1481-132-N","label":"132","legal_area":0,"active":2,"descriptio":"","registrati":"2016-08-10 00:00:00","su_last_mo":"2022-05-13 11:49:23","volume":5,"page":216,"property_n":"132","pronari":"PRIVAT","Lloji_pasu":"TRUALL","id_bau":15411736,"id_sut":2632676,"InspireId":"ASHK_N_2632676","Zona_Kadas":1481,"Numri_i_pa":"132","Emri_I_Sis":"Agjencia Shteterore e Kadastres","Fillimi_i_":"10.08.2016","Përfundim":"13.05.2022","Shape_Leng":34.6087194481,"Shape_Area":61.9307955218}},
{"type":"Feature","geometry":{"type":"Polygon","coordinates":[[[19.639292312021205,40.15223776899857],[19.63926273965978,40.1521927147635],[19.639328793931753,40.152167187877495],[19.6393583639835,40.15221224118816],[19.639292312021205,40.15223776899857]]]},"properties":{"OBJECTID":15784,"id":2633001,"cze_id":1481,"Tipi":"Ndertese","upn":"1481-154-N","label":"154","legal_area":0,"active":2,"descriptio":"","registrati":"2016-08-10 00:00:00","su_last_mo":"2022-05-13 16:08:03","volume":10001,"page":81,"property_n":"154","pronari":"PRIVAT","Lloji_pasu":"TRUALL","id_bau":15411779,"id_sut":2633001,"InspireId":"ASHK_N_2633001","Zona_Kadas":1481,"Numri_i_pa":"154","Emri_I_Sis":"Agjencia Shteterore e Kadastres","Fillimi_i_":"10.08.2016","Përfundim":"13.05.2022","Shape_Leng":23.8058923567,"Shape_Area":35.297478699}},
{"type":"Feature","geometry":{"type":"Polygon","coordinates":[[[19.639292312021205,40.15223776899857],[19.63926273965978,40.1521927147635],[19.639328793931753,40.152167187877495],[19.6393583639835,40.15221224118816],[19.639292312021205,40.15223776899857]]]},"properties":{"OBJECTID":15785,"id":2633001,"cze_id":1481,"Tipi":"Ndertese","upn":"1481-154-N","label":"154","legal_area":0,"active":2,"descriptio":"","registrati":"2016-08-10 00:00:00","su_last_mo":"2022-05-13 16:08:03","volume":10001,"page":93,"property_n":"154","pronari":"PRIVAT","Lloji_pasu":"TRUALL","id_bau":15411797,"id_sut":2633001,"InspireId":"ASHK_N_2633001","Zona_Kadas":1481,"Numri_i_pa":"154","Emri_I_Sis":"Agjencia Shteterore e Kadastres","Fillimi_i_":"10.08.2016","Përfundim":"13.05.2022","Shape_Leng":23.8058923567,"Shape_Area":35.297478699}},
{"type":"Feature","geometry":{"type":"Polygon","coordinates":[[[19.638987303524363,40.1518514312552],[19.63896769082588,40.15186360826773],[19.638994747883785,40.15188979181472],[19.638932139562257,40.15192795467216],[19.638905200048757,40.151902403693676],[19.63893256788758,40.15188541288743],[19.63892614510094,40.15187932106082],[19.63886121195349,40.15181773503691],[19.63885876078931,40.15181541016601],[19.63890447075188,40.15178703273259],[19.63891349757978,40.15178142857182],[19.638987303524363,40.1518514312552]]]},"properties":{"OBJECTID":15786,"id":2632844,"cze_id":1481,"Tipi":"Ndertese","upn":"1481-184-N","label":"184","legal_area":0,"active":2,"descriptio":"","registrati":"2016-08-10 00:00:00","su_last_mo":"2022-05-13 11:07:45","volume":3,"page":68,"property_n":"184","pronari":"PRIVAT","Lloji_pasu":"TRUALL","id_bau":15481721,"id_sut":2632844,"InspireId":"ASHK_N_2632844","Zona_Kadas":1481,"Numri_i_pa":"184","Emri_I_Sis":"Agjencia Shteterore e Kadastres","Fillimi_i_":"10.08.2016","Përfundim":"13.05.2022","Shape_Leng":45.3177503055,"Shape_Area":85.1181038914}},
{"type":"Feature","geometry":{"type":"Polygon","coordinates":[[[19.641786213788887,40.15196341980978],[19.64170075064831,40.15190166199155],[19.641797326704047,40.151822967049924],[19.641882789834515,40.15188472479768],[19.641786213788887,40.15196341980978]]]},"properties":{"OBJECTID":15787,"id":2632640,"cze_id":1481,"Tipi":"Ndertese","upn":"1481-192/1-N","label":"192/1","legal_area":0,"active":2,"descriptio":"","registrati":"2016-08-10 00:00:00","su_last_mo":"2022-05-13 11:49:24","volume":41,"page":144,"property_n":"192/1","pronari":"PRIVAT","Lloji_pasu":"TRUALL","id_bau":15411772,"id_sut":2632640,"InspireId":"ASHK_N_2632640","Zona_Kadas":1481,"Numri_i_pa":"192/1","Emri_I_Sis":"Agjencia Shteterore e Kadastres","Fillimi_i_":"10.08.2016","Përfundim":"13.05.2022","Shape_Leng":44.0109347873,"Shape_Area":120.059854701}},
{"type":"Feature","geometry":{"type":"Polygon","coordinates":[[[19.640946541342945,40.15158322119778],[19.64103796033097,40.15162901791144],[19.64100523267925,40.151667487959486],[19.64098852068756,40.15165911556584],[19.640969268833658,40.151681744520964],[19.640942727699038,40.151668449621916],[19.640923475832075,40.15169107766874],[19.640855650490085,40.15165709958146],[19.640883884701637,40.1516239111285],[19.64090354529778,40.151633759747725],[19.640946541342945,40.15158322119778]]]},"properties":{"OBJECTID":15788,"id":2632908,"cze_id":1481,"Tipi":"Ndertese","upn":"1481-197/1-N","label":"197/1","legal_area":0,"active":2,"descriptio":"","registrati":"2016-08-10 00:00:00","su_last_mo":"2022-05-13 11:07:42","volume":2,"page":22,"property_n":"197/1","pronari":"PRIVAT","Lloji_pasu":"TRUALL","id_bau":2960734,"id_sut":2632908,"InspireId":"ASHK_N_2632908","Zona_Kadas":1481,"Numri_i_pa":"197/1","Emri_I_Sis":"Agjencia Shteterore e Kadastres","Fillimi_i_":"10.08.2016","Përfundim":"13.05.2022","Shape_Leng":44.8111286843,"Shape_Area":93.7768747137}},
{"type":"Feature","geometry":{"type":"Polygon","coordinates":[[[19.64067989848609,40.151529794044215],[19.64064860139592,40.15152483101764],[19.640648453638516,40.151524808044265],[19.64066270111556,40.15147190097723],[19.64067365149148,40.15147361906751],[19.640676071290525,40.15146453418687],[19.64069687560955,40.15146779584899],[19.64067989848609,40.151529794044215]]]},"properties":{"OBJECTID":15789,"id":2632708,"cze_id":1481,"Tipi":"Ndertese","upn":"1481-205-N","label":"205","legal_area":0,"active":2,"descriptio":"","registrati":"2016-08-10 00:00:00","su_last_mo":"2022-05-13 11:49:21","volume":5,"page":31,"property_n":"205","pronari":"PRIVAT","Lloji_pasu":"TRUALL","id_bau":15411754,"id_sut":2632708,"InspireId":"ASHK_N_2632708","Zona_Kadas":1481,"Numri_i_pa":"205","Emri_I_Sis":"Agjencia Shteterore e Kadastres","Fillimi_i_":"10.08.2016","Përfundim":"13.05.2022","Shape_Leng":19.5605251072,"Shape_Area":18.3403151447}},
{"type":"Feature","geometry":{"type":"Polygon","coordinates":[[[19.640683809234606,40.14857923049259],[19.64072692003675,40.14860413688767],[19.640680694201706,40.14865323612002],[19.640622281788033,40.14861948792267],[19.640669747861487,40.1485711067328],[19.640683809234606,40.14857923049259]]]},"properties":{"OBJECTID":15799,"id":2632535,"cze_id":1481,"Tipi":"Ndertese","upn":"1481-317/2-N","label":"317/2","legal_area":0,"active":2,"descriptio":"","registrati":"2016-08-10 00:00:00","su_last_mo":"2022-05-13 11:49:29","volume":3,"page":219,"property_n":"317/2","pronari":"PRIVAT","Lloji_pasu":"TRUALL","id_bau":15481996,"id_sut":2632535,"InspireId":"ASHK_N_2632535","Zona_Kadas":1481,"Numri_i_pa":"317/2","Emri_I_Sis":"Agjencia Shteterore e Kadastres","Fillimi_i_":"10.08.2016","Përfundim":"13.05.2022","Shape_Leng":25.7785582616,"Shape_Area":41.4506241645}},
{"type":"Feature","geometry":{"type":"Polygon","coordinates":[[[19.64136042554983,40.1539929175216],[19.641402681540132,40.154027961674686],[19.641309985796422,40.15409635828562],[19.64126943944171,40.154062733326406],[19.641288224814602,40.15404723017828],[19.641314756070738,40.15402533519758],[19.64136042554983,40.1539929175216]]]},"properties":{"OBJECTID":15817,"id":2632638,"cze_id":1481,"Tipi":"Ndertese","upn":"1481-33/1-N","label":"33/1","legal_area":0,"active":2,"descriptio":"","registrati":"2016-08-10 00:00:00","su_last_mo":"2022-05-13 11:49:24","volume":1003,"page":194,"property_n":"33/1","pronari":"PRIVAT","Lloji_pasu":"TRUALL","id_bau":6707348,"id_sut":2632638,"InspireId":"ASHK_N_2632638","Zona_Kadas":1481,"Numri_i_pa":"33/1","Emri_I_Sis":"Agjencia Shteterore e Kadastres","Fillimi_i_":"10.08.2016","Përfundim":"13.05.2022","Shape_Leng":32.3162283163,"Shape_Area":58.0311543448}},
{"type":"Feature","geometry":{"type":"Polygon","coordinates":[[[19.641406841135723,40.15375928086536],[19.64144530437055,40.15372701915477],[19.64149333467694,40.153760734769854],[19.641470345394698,40.15378001733252],[19.64145371496664,40.153793966456206],[19.641406841135723,40.15375928086536]]]},"properties":{"OBJECTID":15819,"id":2632670,"cze_id":1481,"Tipi":"Ndertese","upn":"1481-47-N","label":"47","legal_area":0,"active":2,"descriptio":"","registrati":"2016-08-10 00:00:00","su_last_mo":"2022-05-13 11:49:23","volume":1,"page":195,"property_n":"47","pronari":"PRIVAT","Lloji_pasu":"TRUALL","id_bau":15560506,"id_sut":2632670,"InspireId":"ASHK_N_2632670","Zona_Kadas":1481,"Numri_i_pa":"47","Emri_I_Sis":"Agjencia Shteterore e Kadastres","Fillimi_i_":"10.08.2016","Përfundim":"13.05.2022","Shape_Leng":20.9511012651,"Shape_Area":27.3336903503}},
{"type":"Feature","geometry":{"type":"Polygon","coordinates":[[[19.64106588303131,40.153197514400645],[19.641071327691808,40.15319639653052],[19.64111363300365,40.15319697705326],[19.641146901696747,40.153207028110195],[19.64114793613561,40.15321653347268],[19.641091207455624,40.15322489977786],[19.641080739167677,40.15321359460792],[19.64106588303131,40.153197514400645]]]},"properties":{"OBJECTID":15820,"id":2632505,"cze_id":1481,"Tipi":"Ndertese","upn":"1481-62/2-N","label":"62/2","legal_area":0,"active":2,"descriptio":"","registrati":"2016-08-10 00:00:00","su_last_mo":"2022-05-13 11:49:32","volume":1003,"page":4,"property_n":"62/2","pronari":"PRIVAT","Lloji_pasu":"TRUALL","id_bau":6705125,"id_sut":2632505,"InspireId":"ASHK_N_2632505","Zona_Kadas":1481,"Numri_i_pa":"62/2","Emri_I_Sis":"Agjencia Shteterore e Kadastres","Fillimi_i_":"10.08.2016","Përfundim":"13.05.2022","Shape_Leng":16.8414872923,"Shape_Area":14.5429797957}},
{"type":"Feature","geometry":{"type":"Polygon","coordinates":[[[19.641042699802906,40.153141071718075],[19.641109065184434,40.15307499738622],[19.641114277691507,40.15307784680733],[19.641163736873597,40.1531048782864],[19.641135620799282,40.15313626777979],[19.641181149053615,40.1531586859389],[19.64115018232913,40.153196280693685],[19.64110548685242,40.153175520393596],[19.641048750627466,40.15314252331873],[19.641042699802906,40.153141071718075]]]},"properties":{"OBJECTID":15821,"id":2632520,"cze_id":1481,"Tipi":"Ndertese","upn":"1481-79-N","label":"79","legal_area":0,"active":2,"descriptio":"","registrati":"2016-08-10 00:00:00","su_last_mo":"2022-05-13 11:49:31","volume":5,"page":199,"property_n":"79","pronari":"PRIVAT","Lloji_pasu":"TRUALL","id_bau":15411685,"id_sut":2632520,"InspireId":"ASHK_N_2632520","Zona_Kadas":1481,"Numri_i_pa":"79","Emri_I_Sis":"Agjencia Shteterore e Kadastres","Fillimi_i_":"10.08.2016","Përfundim":"13.05.2022","Shape_Leng":39.8165052333,"Shape_Area":78.2810166654}},
{"type":"Feature","geometry":{"type":"Polygon","coordinates":[[[19.639866887697043,40.15409962594474],[19.639791995601097,40.15408840126026],[19.639811123422998,40.154013253153536],[19.639766500575064,40.15399716033802],[19.639886339951342,40.15380149834542],[19.639912901330675,40.15381107769925],[19.639937868308223,40.153770314350496],[19.640017553637524,40.15379905056088],[19.63997960420673,40.15386101044347],[19.639950917789427,40.153850665297604],[19.639895991293546,40.15394034394441],[19.6399512391923,40.15396026664776],[19.63991928128052,40.15401244398663],[19.63989484600409,40.15400363134683],[19.639887354353146,40.154015860614074],[19.639903293112518,40.154021607332226],[19.639866887697043,40.15409962594474]]]},"properties":{"OBJECTID":15836,"id":2633003,"cze_id":1481,"Tipi":"Ndertese","upn":"1481-35-N","label":"35","legal_area":0,"active":2,"descriptio":"","registrati":"2016-08-10 00:00:00","su_last_mo":"2022-05-13 16:08:03","volume":2,"page":187,"property_n":"35","pronari":"PRIVAT","Lloji_pasu":"TRUALL","id_bau":15482080,"id_sut":2633003,"InspireId":"ASHK_N_2633003","Zona_Kadas":1481,"Numri_i_pa":"35","Emri_I_Sis":"Agjencia Shteterore e Kadastres","Fillimi_i_":"10.08.2016","Përfundim":"13.05.2022","Shape_Leng":105.625302095,"Shape_Area":322.194465863}},
{"type":"Feature","geometry":{"type":"Polygon","coordinates":[[[19.63997381646789,40.14706215798178],[19.63993741562847,40.147038019658396],[19.640031430283052,40.14695452609255],[19.64006783111163,40.14697866438669],[19.640138885671547,40.147025780049034],[19.64004487221304,40.147109275506054],[19.63997381646789,40.14706215798178]]]},"properties":{"OBJECTID":15837,"id":2632867,"cze_id":1481,"Tipi":"Ndertese","upn":"1481-353-N","label":"353","legal_area":0,"active":2,"descriptio":"","registrati":"2016-08-10 00:00:00","su_last_mo":"2022-05-13 11:07:44","volume":4,"page":48,"property_n":"353","pronari":"PRIVAT","Lloji_pasu":"TRUALL","id_bau":15482087,"id_sut":2632867,"InspireId":"ASHK_N_2632867","Zona_Kadas":1481,"Numri_i_pa":"353","Emri_I_Sis":"Agjencia Shteterore e Kadastres","Fillimi_i_":"10.08.2016","Përfundim":"13.05.2022","Shape_Leng":48.7082092706,"Shape_Area":148.2746881}},
{"type":"Feature","geometry":{"type":"Polygon","coordinates":[[[19.639320808916743,40.15308005366001],[19.639373103039105,40.15309508892831],[19.639347522874086,40.15314747420362],[19.639345690887794,40.15315122577158],[19.639329687100343,40.15318399893618],[19.639275289118018,40.15316685691163],[19.639291766358404,40.15313311258892],[19.639294271480228,40.15313390210727],[19.639320808916743,40.15308005366001]]]},"properties":{"OBJECTID":15838,"id":2632508,"cze_id":1481,"Tipi":"Ndertese","upn":"1481-80-N","label":"80","legal_area":0,"active":2,"descriptio":"","registrati":"2016-08-10 00:00:00","su_last_mo":"2022-05-13 11:49:32","volume":2,"page":217,"property_n":"80","pronari":"PRIVAT","Lloji_pasu":"TRUALL","id_bau":15482166,"id_sut":2632508,"InspireId":"ASHK_N_2632508","Zona_Kadas":1481,"Numri_i_pa":"80","Emri_I_Sis":"Agjencia Shteterore e Kadastres","Fillimi_i_":"10.08.2016","Përfundim":"13.05.2022","Shape_Leng":30.9360262757,"Shape_Area":50.873300551}},
{"type":"Feature","geometry":{"type":"Polygon","coordinates":[[[19.639018647092204,40.152123610769365],[19.639002696283242,40.15207346554982],[19.638986209244877,40.1520215273761],[19.639027645411453,40.152015216412856],[19.639025104079668,40.15199821970149],[19.63905242405786,40.15199581382408],[19.639065986931747,40.152036789860226],[19.639080092760587,40.152079404865184],[19.639088518592303,40.15210486297685],[19.639018647092204,40.152123610769365]]]},"properties":{"OBJECTID":15839,"id":2632565,"cze_id":1481,"Tipi":"Ndertese","upn":"1481-164-N","label":"164","legal_area":0,"active":2,"descriptio":"","registrati":"2016-08-10 00:00:00","su_last_mo":"2022-05-13 11:49:28","volume":103,"page":55,"property_n":"app_164","pronari":"PRIVAT","Lloji_pasu":"TRUALL","id_bau":15481698,"id_sut":2632565,"InspireId":"ASHK_N_2632565","Zona_Kadas":1481,"Numri_i_pa":"app_164","Emri_I_Sis":"Agjencia Shteterore e Kadastres","Fillimi_i_":"10.08.2016","Përfundim":"13.05.2022","Shape_Leng":38.309546878,"Shape_Area":74.3370158548}},
{"type":"Feature","geometry":{"type":"Polygon","coordinates":[[[19.639764078747973,40.152542298006956],[19.639691009549253,40.15258821525364],[19.63965077279859,40.15255051460016],[19.639684308733525,40.15252943971096],[19.639643919042324,40.15248626387353],[19.639691601444532,40.15245999875834],[19.63976692021705,40.15254051196473],[19.639764078747973,40.152542298006956]]]},"properties":{"OBJECTID":15910,"id":2632845,"cze_id":1481,"Tipi":"Ndertese","upn":"1481-124-N","label":"124","legal_area":0,"active":2,"descriptio":"","registrati":"2016-08-10 00:00:00","su_last_mo":"2022-05-13 11:07:45","volume":3,"page":14,"property_n":"124","pronari":"PRIVAT","Lloji_pasu":"TRUALL","id_bau":15481622,"id_sut":2632845,"InspireId":"ASHK_N_2632845","Zona_Kadas":1481,"Numri_i_pa":"124","Emri_I_Sis":"Agjencia Shteterore e Kadastres","Fillimi_i_":"10.08.2016","Përfundim":"13.05.2022","Shape_Leng":39.3720494438,"Shape_Area":74.886859786}},
{"type":"Feature","geometry":{"type":"Polygon","coordinates":[[[19.63882675420214,40.152408333802285],[19.63887661625245,40.15245964120138],[19.638818309554647,40.15249300643982],[19.638768466063787,40.15244174410349],[19.63882675420214,40.152408333802285]]]},"properties":{"OBJECTID":15911,"id":2633015,"cze_id":1481,"Tipi":"Ndertese","upn":"1481-133-N","label":"133","legal_area":0,"active":2,"descriptio":"","registrati":"2016-08-10 00:00:00","su_last_mo":"2022-05-13 16:08:03","volume":1,"page":144,"property_n":"133","pronari":"PRIVAT","Lloji_pasu":"TRUALL","id_bau":16727838,"id_sut":2633015,"InspireId":"ASHK_N_2633015","Zona_Kadas":1481,"Numri_i_pa":"133","Emri_I_Sis":"Agjencia Shteterore e Kadastres","Fillimi_i_":"10.08.2016","Përfundim":"13.05.2022","Shape_Leng":26.6050345221,"Shape_Area":44.0339643261}},
{"type":"Feature","geometry":{"type":"Polygon","coordinates":[[[19.641028096321815,40.153223464028116],[19.641022412119003,40.153205878538905],[19.64101932056247,40.15319631546413],[19.64094172601645,40.153220804264954],[19.640919456419166,40.15318300036198],[19.6410113211217,40.15315056755768],[19.641031337023584,40.15316368370553],[19.641071327691808,40.15319639653052],[19.64106588303131,40.153197514400645],[19.641073030625552,40.15321491169695],[19.64105087539888,40.15321912804162],[19.641028096321815,40.153223464028116]]]},"properties":{"OBJECTID":16000,"id":2632521,"cze_id":1481,"Tipi":"Ndertese","upn":"1481-62/3-N","label":"62/3","legal_area":0,"active":2,"descriptio":"","registrati":"2016-08-10 00:00:00","su_last_mo":"2022-05-13 11:49:30","volume":1003,"page":3,"property_n":"62/3","pronari":"PRIVAT","Lloji_pasu":"TRUALL","id_bau":6705123,"id_sut":2632521,"InspireId":"ASHK_N_2632521","Zona_Kadas":1481,"Numri_i_pa":"62/3","Emri_I_Sis":"Agjencia Shteterore e Kadastres","Fillimi_i_":"10.08.2016","Përfundim":"13.05.2022","Shape_Leng":37.150559043,"Shape_Area":59.6256296537}},
{"type":"Feature","geometry":{"type":"Polygon","coordinates":[[[19.63951708183882,40.152234364950296],[19.639444924168036,40.15227040177322],[19.639412965143805,40.152241201391135],[19.63940051737238,40.15222922346486],[19.63945560386525,40.152199701542486],[19.639471958083934,40.15219093655662],[19.63951708183882,40.152234364950296]]]},"properties":{"OBJECTID":16002,"id":2632571,"cze_id":1481,"Tipi":"Ndertese","upn":"1481-155/2-N","label":"155/2","legal_area":0,"active":2,"descriptio":"","registrati":"2016-08-10 00:00:00","su_last_mo":"2022-05-13 11:49:27","volume":103,"page":47,"property_n":"app_155/2","pronari":"PRIVAT","Lloji_pasu":"TRUALL","id_bau":15481675,"id_sut":2632571,"InspireId":"ASHK_N_2632571","Zona_Kadas":1481,"Numri_i_pa":"app_155/2","Emri_I_Sis":"Agjencia Shteterore e Kadastres","Fillimi_i_":"10.08.2016","Përfundim":"13.05.2022","Shape_Leng":26.8630414562,"Shape_Area":44.5668415926}},
{"type":"Feature","geometry":{"type":"Polygon","coordinates":[[[19.640979763129025,40.14983468796764],[19.640937092258223,40.14978669361829],[19.640978258578002,40.14976514037161],[19.640992614815836,40.14978128749394],[19.641060009610293,40.14974600222871],[19.641088325440148,40.149777851229395],[19.640979763129025,40.14983468796764]]]},"properties":{"OBJECTID":16003,"id":2632871,"cze_id":1481,"Tipi":"Ndertese","upn":"1481-279-N","label":"279","legal_area":0,"active":2,"descriptio":"","registrati":"2016-08-10 00:00:00","su_last_mo":"2022-05-13 11:07:43","volume":103,"page":157,"property_n":"app_279","pronari":"PRIVAT","Lloji_pasu":"TRUALL","id_bau":15481843,"id_sut":2632871,"InspireId":"ASHK_N_2632871","Zona_Kadas":1481,"Numri_i_pa":"app_279","Emri_I_Sis":"Agjencia Shteterore e Kadastres","Fillimi_i_":"10.08.2016","Përfundim":"13.05.2022","Shape_Leng":35.2993900168,"Shape_Area":57.1563256456}},
{"type":"Feature","geometry":{"type":"Polygon","coordinates":[[[19.641576634761567,40.15284280386971],[19.641501046092753,40.15286761356347],[19.64148121499346,40.15283408342487],[19.64145601049284,40.15278277514825],[19.64149884589141,40.15277177824626],[19.641476751001335,40.15272348488007],[19.641536589443977,40.15270484413922],[19.6415806314667,40.152781557000004],[19.641584974151655,40.152789121014166],[19.64155259449822,40.1527997477497],[19.641576634761567,40.15284280386971]]]},"properties":{"OBJECTID":16419,"id":2632699,"cze_id":1481,"Tipi":"Ndertese","upn":"1481-108/1-N","label":"108/1","legal_area":0,"active":2,"descriptio":"","registrati":"2016-08-10 00:00:00","su_last_mo":"2022-05-13 11:49:22","volume":1003,"page":156,"property_n":"108/1","pronari":"PRIVAT","Lloji_pasu":"TRUALL","id_bau":6707308,"id_sut":2632699,"InspireId":"ASHK_N_2632699","Zona_Kadas":1481,"Numri_i_pa":"108/1","Emri_I_Sis":"Agjencia Shteterore e Kadastres","Fillimi_i_":"10.08.2016","Përfundim":"13.05.2022","Shape_Leng":50.6442873078,"Shape_Area":115.61389698}},
{"type":"Feature","geometry":{"type":"Polygon","coordinates":[[[19.640645347647688,40.152416308202206],[19.640616909777833,40.15240833615298],[19.640609707119456,40.15242346627747],[19.640574657254504,40.152413642790314],[19.640581241600696,40.15239981120526],[19.640573137748145,40.1523975417731],[19.64061487971927,40.15230985089548],[19.640686477075477,40.152329918556234],[19.640660173047667,40.15238516937243],[19.640645347647688,40.152416308202206]]]},"properties":{"OBJECTID":16426,"id":2632533,"cze_id":1481,"Tipi":"Ndertese","upn":"1481-138-N","label":"138","legal_area":0,"active":2,"descriptio":"","registrati":"2016-08-10 00:00:00","su_last_mo":"2022-05-13 11:49:30","volume":1,"page":210,"property_n":"138","pronari":"PRIVAT","Lloji_pasu":"TRUALL","id_bau":6703332,"id_sut":2632533,"InspireId":"ASHK_N_2632533","Zona_Kadas":1481,"Numri_i_pa":"138","Emri_I_Sis":"Agjencia Shteterore e Kadastres","Fillimi_i_":"10.08.2016","Përfundim":"13.05.2022","Shape_Leng":36.9914700221,"Shape_Area":72.124295932}},
{"type":"Feature","geometry":{"type":"Polygon","coordinates":[[[19.63823507843893,40.151913818241006],[19.638312639736583,40.15192824307217],[19.638343991991434,40.15193409308578],[19.638404447684476,40.15194537449403],[19.638387088474275,40.15200021954193],[19.638386979919005,40.15203927612597],[19.638342413020627,40.1520330768491],[19.63834542180259,40.15199244878229],[19.638217248778602,40.15197015317606],[19.63823507843893,40.151913818241006]]]},"properties":{"OBJECTID":16207,"id":2632610,"cze_id":1481,"Tipi":"Ndertese","upn":"1481-177-N","label":"177","legal_area":0,"active":2,"descriptio":"","registrati":"2016-08-10 00:00:00","su_last_mo":"2022-05-13 11:49:26","volume":3,"page":62,"property_n":"177","pronari":"PRIVAT","Lloji_pasu":"TRUALL","id_bau":15481710,"id_sut":2632610,"InspireId":"ASHK_N_2632610","Zona_Kadas":1481,"Numri_i_pa":"177","Emri_I_Sis":"Agjencia Shteterore e Kadastres","Fillimi_i_":"10.08.2016","Përfundim":"13.05.2022","Shape_Leng":51.4673323724,"Shape_Area":110.391063616}},
{"type":"Feature","geometry":{"type":"Polygon","coordinates":[[[19.640946541342945,40.15158322119778],[19.64103796033097,40.15162901791144],[19.64100523267925,40.151667487959486],[19.64098852068756,40.15165911556584],[19.640969268833658,40.151681744520964],[19.640942727699038,40.151668449621916],[19.640923475832075,40.15169107766874],[19.640855650490085,40.15165709958146],[19.640883884701637,40.1516239111285],[19.64090354529778,40.151633759747725],[19.640946541342945,40.15158322119778]]]},"properties":{"OBJECTID":16208,"id":2632908,"cze_id":1481,"Tipi":"Ndertese","upn":"1481-197/1-N","label":"197/1","legal_area":0,"active":2,"descriptio":"","registrati":"2016-08-10 00:00:00","su_last_mo":"2022-05-13 11:07:42","volume":6,"page":70,"property_n":"197/1","pronari":"PRIVAT","Lloji_pasu":"TRUALL","id_bau":15411782,"id_sut":2632908,"InspireId":"ASHK_N_2632908","Zona_Kadas":1481,"Numri_i_pa":"197/1","Emri_I_Sis":"Agjencia Shteterore e Kadastres","Fillimi_i_":"10.08.2016","Përfundim":"13.05.2022","Shape_Leng":44.8111286843,"Shape_Area":93.7768747137}},
{"type":"Feature","geometry":{"type":"Polygon","coordinates":[[[19.64067989848609,40.151529794044215],[19.64064860139592,40.15152483101764],[19.640648453638516,40.151524808044265],[19.64066270111556,40.15147190097723],[19.64067365149148,40.15147361906751],[19.640676071290525,40.15146453418687],[19.64069687560955,40.15146779584899],[19.64067989848609,40.151529794044215]]]},"properties":{"OBJECTID":16209,"id":2632708,"cze_id":1481,"Tipi":"Ndertese","upn":"1481-205-N","label":"205","legal_area":0,"active":2,"descriptio":"","registrati":"2016-08-10 00:00:00","su_last_mo":"2022-05-13 11:49:21","volume":2,"page":33,"property_n":"205","pronari":"PRIVAT","Lloji_pasu":"TRUALL","id_bau":2961296,"id_sut":2632708,"InspireId":"ASHK_N_2632708","Zona_Kadas":1481,"Numri_i_pa":"205","Emri_I_Sis":"Agjencia Shteterore e Kadastres","Fillimi_i_":"10.08.2016","Përfundim":"13.05.2022","Shape_Leng":19.5605251072,"Shape_Area":18.3403151447}},
{"type":"Feature","geometry":{"type":"Polygon","coordinates":[[[19.64024437010397,40.148388523463254],[19.640187739152154,40.14835064055091],[19.640240704650967,40.14830361400453],[19.640265570370932,40.14832010727751],[19.640296658674867,40.14829250519075],[19.6403614647755,40.148335515304105],[19.64027704749274,40.148410085227844],[19.64024437010397,40.148388523463254]]]},"properties":{"OBJECTID":16220,"id":2632798,"cze_id":1481,"Tipi":"Ndertese","upn":"1481-324-N","label":"324","legal_area":0,"active":2,"descriptio":"","registrati":"2016-08-10 00:00:00","su_last_mo":"2022-05-13 11:07:47","volume":3,"page":245,"property_n":"324","pronari":"PRIVAT","Lloji_pasu":"TRUALL","id_bau":15482024,"id_sut":2632798,"InspireId":"ASHK_N_2632798","Zona_Kadas":1481,"Numri_i_pa":"324","Emri_I_Sis":"Agjencia Shteterore e Kadastres","Fillimi_i_":"10.08.2016","Përfundim":"13.05.2022","Shape_Leng":42.0963524661,"Shape_Area":99.3028641434}},
{"type":"Feature","geometry":{"type":"Polygon","coordinates":[[[19.64144530437055,40.15372701915477],[19.641406841135723,40.15375928086536],[19.64136125834716,40.153727282120336],[19.641399788237408,40.15369506746197],[19.64144530437055,40.15372701915477]]]},"properties":{"OBJECTID":16221,"id":2632662,"cze_id":1481,"Tipi":"Ndertese","upn":"1481-47/3-N","label":"47/3","legal_area":0,"active":2,"descriptio":"","registrati":"2016-08-10 00:00:00","su_last_mo":"2022-05-13 11:49:23","volume":1003,"page":149,"property_n":"47/3","pronari":"PRIVAT","Lloji_pasu":"TRUALL","id_bau":6707299,"id_sut":2632662,"InspireId":"ASHK_N_2632662","Zona_Kadas":1481,"Numri_i_pa":"47/3","Emri_I_Sis":"Agjencia Shteterore e Kadastres","Fillimi_i_":"10.08.2016","Përfundim":"13.05.2022","Shape_Leng":20.2303926949,"Shape_Area":25.5383098676}},
{"type":"Feature","geometry":{"type":"Polygon","coordinates":[[[19.639565833393494,40.152373706076574],[19.639455145987764,40.15240480839601],[19.639411258750215,40.152318411129514],[19.639444186479338,40.15230714187395],[19.639465449841374,40.152347257456235],[19.639533090945005,40.15232528643381],[19.639538933146035,40.152333989940274],[19.639565833393494,40.152373706076574]]]},"properties":{"OBJECTID":16222,"id":2632596,"cze_id":1481,"Tipi":"Ndertese","upn":"1481-139/1-N","label":"139/1","legal_area":0,"active":2,"descriptio":"","registrati":"2016-08-10 00:00:00","su_last_mo":"2022-05-13 11:49:26","volume":103,"page":31,"property_n":"app_139/1","pronari":"PRIVAT","Lloji_pasu":"TRUALL","id_bau":15481647,"id_sut":2632596,"InspireId":"ASHK_N_2632596","Zona_Kadas":1481,"Numri_i_pa":"app_139/1","Emri_I_Sis":"Agjencia Shteterore e Kadastres","Fillimi_i_":"10.08.2016","Përfundim":"13.05.2022","Shape_Leng":40.5363712402,"Shape_Area":71.0460271033}},
{"type":"Feature","geometry":{"type":"Polygon","coordinates":[[[19.64066141491926,40.14915557786944],[19.640513086255766,40.14913241892151],[19.640531801704633,40.149061829954626],[19.640600792299118,40.149072601760935],[19.640593773155235,40.14909907273809],[19.64067311228043,40.149111459863875],[19.64066141491926,40.14915557786944]]]},"properties":{"OBJECTID":16223,"id":2632864,"cze_id":1481,"Tipi":"Ndertese","upn":"1481-303-N","label":"303","legal_area":0,"active":2,"descriptio":"","registrati":"2016-08-10 00:00:00","su_last_mo":"2022-05-13 11:07:44","volume":103,"page":199,"property_n":"app_303","pronari":"PRIVAT","Lloji_pasu":"TRUALL","id_bau":15481920,"id_sut":2632864,"InspireId":"ASHK_N_2632864","Zona_Kadas":1481,"Numri_i_pa":"app_303","Emri_I_Sis":"Agjencia Shteterore e Kadastres","Fillimi_i_":"10.08.2016","Përfundim":"13.05.2022","Shape_Leng":41.7932220817,"Shape_Area":82.4727847677}},
{"type":"Feature","geometry":{"type":"Polygon","coordinates":[[[19.640854763554735,40.153022863417206],[19.640988075713707,40.15297243384034],[19.64102885916919,40.15303822882121],[19.640895546906275,40.1530886593446],[19.640854763554735,40.153022863417206]]]},"properties":{"OBJECTID":16224,"id":2632594,"cze_id":1481,"Tipi":"Ndertese","upn":"1481-90-N","label":"90","legal_area":0,"active":2,"descriptio":"","registrati":"2016-08-10 00:00:00","su_last_mo":"2022-05-13 11:49:26","volume":1103,"page":28,"property_n":"app_90","pronari":"PRIVAT","Lloji_pasu":"TRUALL","id_bau":6705202,"id_sut":2632594,"InspireId":"ASHK_N_2632594","Zona_Kadas":1481,"Numri_i_pa":"app_90","Emri_I_Sis":"Agjencia Shteterore e Kadastres","Fillimi_i_":"10.08.2016","Përfundim":"13.05.2022","Shape_Leng":41.5083074663,"Shape_Area":102.443543421}},
{"type":"Feature","geometry":{"type":"Polygon","coordinates":[[[19.641180839628397,40.15156094181066],[19.64123135899299,40.151594611222244],[19.641205187203507,40.151617733916005],[19.641154667825397,40.15158406629428],[19.641180839628397,40.15156094181066]]]},"properties":{"OBJECTID":16328,"id":2632913,"cze_id":1481,"Tipi":"Ndertese","upn":"1481-201-N","label":"201","legal_area":0,"active":2,"descriptio":"","registrati":"2016-08-10 00:00:00","su_last_mo":"2022-05-13 11:07:41","volume":5,"page":14,"property_n":"201","pronari":"PRIVAT","Lloji_pasu":"TRUALL","id_bau":15411749,"id_sut":2632913,"InspireId":"ASHK_N_2632913","Zona_Kadas":1481,"Numri_i_pa":"201","Emri_I_Sis":"Agjencia Shteterore e Kadastres","Fillimi_i_":"10.08.2016","Përfundim":"13.05.2022","Shape_Leng":18.2043391483,"Shape_Area":19.3892349208}},
{"type":"Feature","geometry":{"type":"Polygon","coordinates":[[[19.638522268588453,40.15138733134976],[19.63858251114544,40.15132293695142],[19.63870786153209,40.15139199025394],[19.63864761785787,40.151456384713306],[19.638522268588453,40.15138733134976]]]},"properties":{"OBJECTID":16329,"id":2632611,"cze_id":1481,"Tipi":"Ndertese","upn":"1481-208/3-N","label":"208/3","legal_area":0,"active":2,"descriptio":"","registrati":"2016-08-10 00:00:00","su_last_mo":"2022-05-13 11:49:26","volume":3,"page":83,"property_n":"208/3","pronari":"PRIVAT","Lloji_pasu":"TRUALL","id_bau":15481743,"id_sut":2632611,"InspireId":"ASHK_N_2632611","Zona_Kadas":1481,"Numri_i_pa":"208/3","Emri_I_Sis":"Agjencia Shteterore e Kadastres","Fillimi_i_":"10.08.2016","Përfundim":"13.05.2022","Shape_Leng":43.8997040714,"Shape_Area":115.72733851}},
{"type":"Feature","geometry":{"type":"Polygon","coordinates":[[[19.640201380231996,40.151080501682706],[19.640131778900383,40.15103675431858],[19.64016253954955,40.15100743743506],[19.6401530690437,40.151001525329235],[19.64018629141005,40.150969640392304],[19.64022579134662,40.15099427817551],[19.640245490262235,40.15097567998488],[19.64028739413513,40.151001814797],[19.640201380231996,40.151080501682706]]]},"properties":{"OBJECTID":16330,"id":2632930,"cze_id":1481,"Tipi":"Ndertese","upn":"1481-230-N","label":"230","legal_area":0,"active":2,"descriptio":"","registrati":"2016-08-10 00:00:00","su_last_mo":"2022-05-13 11:07:41","volume":1,"page":52,"property_n":"230","pronari":"PRIVAT","Lloji_pasu":"TRUALL","id_bau":3113930,"id_sut":2632930,"InspireId":"ASHK_N_2632930","Zona_Kadas":1481,"Numri_i_pa":"230","Emri_I_Sis":"Agjencia Shteterore e Kadastres","Fillimi_i_":"10.08.2016","Përfundim":"13.05.2022","Shape_Leng":40.4222122326,"Shape_Area":84.6072431969}},
{"type":"Feature","geometry":{"type":"Polygon","coordinates":[[[19.643744395289936,40.15004567549116],[19.643678785590375,40.15000457946813],[19.643612849591886,40.149963280670526],[19.64366734231226,40.14991103562736],[19.643735611426937,40.1499509879804],[19.64374670979376,40.14994052210552],[19.643781304306454,40.149963892664765],[19.643773621019186,40.14997101433791],[19.643810951560845,40.14999432485996],[19.64375174380024,40.15005029382795],[19.643744395289936,40.15004567549116]]]},"properties":{"OBJECTID":16331,"id":2632547,"cze_id":1481,"Tipi":"Ndertese","upn":"1481-271-N","label":"271","legal_area":0,"active":2,"descriptio":"","registrati":"2016-08-10 00:00:00","su_last_mo":"2022-05-13 11:49:29","volume":2,"page":116,"property_n":"271","pronari":"PRIVAT","Lloji_pasu":"TRUALL","id_bau":15343178,"id_sut":2632547,"InspireId":"ASHK_N_2632547","Zona_Kadas":1481,"Numri_i_pa":"271","Emri_I_Sis":"Agjencia Shteterore e Kadastres","Fillimi_i_":"10.08.2016","Përfundim":"13.05.2022","Shape_Leng":48.5818271592,"Shape_Area":123.461183805}},
{"type":"Feature","geometry":{"type":"Polygon","coordinates":[[[19.64121255957295,40.15400625022992],[19.641252659801598,40.154041448964044],[19.641195209476795,40.15407998474447],[19.641155033318096,40.15404471911151],[19.64121255957295,40.15400625022992]]]},"properties":{"OBJECTID":16332,"id":2632745,"cze_id":1481,"Tipi":"Ndertese","upn":"1481-28-N","label":"28","legal_area":0,"active":2,"descriptio":"","registrati":"2016-08-10 00:00:00","su_last_mo":"2022-05-13 11:07:49","volume":1003,"page":10,"property_n":"28","pronari":"PRIVAT","Lloji_pasu":"TRUALL","id_bau":6705140,"id_sut":2632745,"InspireId":"ASHK_N_2632745","Zona_Kadas":1481,"Numri_i_pa":"28","Emri_I_Sis":"Agjencia Shteterore e Kadastres","Fillimi_i_":"10.08.2016","Përfundim":"13.05.2022","Shape_Leng":23.3954258212,"Shape_Area":33.7831343091}},
{"type":"Feature","geometry":{"type":"Polygon","coordinates":[[[19.642347602831187,40.149273075155406],[19.642436342596476,40.14930411888719],[19.642381961363526,40.1493956629037],[19.642293244928897,40.14936462820861],[19.642347602831187,40.149273075155406]]]},"properties":{"OBJECTID":16333,"id":2632915,"cze_id":1481,"Tipi":"Ndertese","upn":"1481-295/1-N","label":"295/1","legal_area":0,"active":2,"descriptio":"","registrati":"2016-08-10 00:00:00","su_last_mo":"2022-05-13 11:07:41","volume":2,"page":144,"property_n":"295/1","pronari":"PRIVAT","Lloji_pasu":"TRUALL","id_bau":21732407,"id_sut":2632915,"InspireId":"ASHK_N_2632915","Zona_Kadas":1481,"Numri_i_pa":"295/1","Emri_I_Sis":"Agjencia Shteterore e Kadastres","Fillimi_i_":"10.08.2016","Përfundim":"13.05.2022","Shape_Leng":38.9604996394,"Shape_Area":92.8217007916}},
{"type":"Feature","geometry":{"type":"Polygon","coordinates":[[[19.64242679725644,40.150313997902835],[19.642521465056127,40.15025462677758],[19.642588984820485,40.15031567389258],[19.64249531703392,40.150375470538116],[19.64242679725644,40.150313997902835]]]},"properties":{"OBJECTID":16362,"id":2632944,"cze_id":1481,"Tipi":"Ndertese","upn":"1481-255-N","label":"255","legal_area":0,"active":2,"descriptio":"","registrati":"2016-08-10 00:00:00","su_last_mo":"2022-05-13 16:08:07","volume":1003,"page":210,"property_n":"255","pronari":"PRIVAT","Lloji_pasu":"TRUALL","id_bau":6707364,"id_sut":2632944,"InspireId":"ASHK_N_2632944","Zona_Kadas":1481,"Numri_i_pa":"255","Emri_I_Sis":"Agjencia Shteterore e Kadastres","Fillimi_i_":"10.08.2016","Përfundim":"13.05.2022","Shape_Leng":38.6726994514,"Shape_Area":92.9251482248}},
{"type":"Feature","geometry":{"type":"Polygon","coordinates":[[[19.64176713697682,40.15364372156458],[19.641774870413936,40.153628514661584],[19.641840611045385,40.15359932807134],[19.641858903588766,40.15362732284458],[19.64182645911284,40.15365446542813],[19.641808139670687,40.15366979268942],[19.64176713697682,40.15364372156458]]]},"properties":{"OBJECTID":16386,"id":2632540,"cze_id":1481,"Tipi":"Ndertese","upn":"1481-51-N","label":"51","legal_area":0,"active":2,"descriptio":"","registrati":"2016-08-10 00:00:00","su_last_mo":"2022-05-13 11:49:29","volume":1,"page":205,"property_n":"51","pronari":"PRIVAT","Lloji_pasu":"TRUALL","id_bau":3449921,"id_sut":2632540,"InspireId":"ASHK_N_2632540","Zona_Kadas":1481,"Numri_i_pa":"51","Emri_I_Sis":"Agjencia Shteterore e Kadastres","Fillimi_i_":"10.08.2016","Përfundim":"13.05.2022","Shape_Leng":22.6972889874,"Shape_Area":31.730593494}},
{"type":"Feature","geometry":{"type":"Polygon","coordinates":[[[19.641715284758696,40.153493940226596],[19.64175506590012,40.153463433241804],[19.6418328412854,40.1535231507991],[19.641793027153465,40.15355368202425],[19.641715284758696,40.153493940226596]]]},"properties":{"OBJECTID":16387,"id":2632899,"cze_id":1481,"Tipi":"Ndertese","upn":"1481-54-N","label":"54","legal_area":0,"active":2,"descriptio":"","registrati":"2016-08-10 00:00:00","su_last_mo":"2022-05-13 11:07:42","volume":1,"page":206,"property_n":"54","pronari":"PRIVAT","Lloji_pasu":"TRUALL","id_bau":15570018,"id_sut":2632899,"InspireId":"ASHK_N_2632899","Zona_Kadas":1481,"Numri_i_pa":"54","Emri_I_Sis":"Agjencia Shteterore e Kadastres","Fillimi_i_":"10.08.2016","Përfundim":"13.05.2022","Shape_Leng":28.3370619689,"Shape_Area":44.9413608571}},
{"type":"Feature","geometry":{"type":"Polygon","coordinates":[[[19.639912117190654,40.15341799167133],[19.63983687440419,40.153393531711636],[19.63983006606956,40.15335062790108],[19.63979586705533,40.15335474260116],[19.63977475737586,40.153251457271864],[19.639844315625442,40.15324308738761],[19.639865424234223,40.15334637270115],[19.639868607461445,40.15334699500459],[19.639870941916396,40.15334832343484],[19.639872577637448,40.153350172035836],[19.639878476138513,40.153364462076965],[19.6399116539679,40.15341725354581],[19.639912117190654,40.15341799167133]]]},"properties":{"OBJECTID":16388,"id":2632574,"cze_id":1481,"Tipi":"Ndertese","upn":"1481-66-N","label":"66","legal_area":0,"active":2,"descriptio":"","registrati":"2016-08-10 00:00:00","su_last_mo":"2022-05-13 11:49:27","volume":2,"page":203,"property_n":"66","pronari":"PRIVAT","Lloji_pasu":"TRUALL","id_bau":15482144,"id_sut":2632574,"InspireId":"ASHK_N_2632574","Zona_Kadas":1481,"Numri_i_pa":"66","Emri_I_Sis":"Agjencia Shteterore e Kadastres","Fillimi_i_":"10.08.2016","Përfundim":"13.05.2022","Shape_Leng":52.9669139581,"Shape_Area":97.8938969412}},
{"type":"Feature","geometry":{"type":"Polygon","coordinates":[[[19.640420716855274,40.154169538193635],[19.640424181572605,40.15416553230872],[19.640399026688158,40.15415271800799],[19.64043060820648,40.15411621598843],[19.640514929203984,40.1541591640966],[19.640483051872454,40.15420102104603],[19.640428018680243,40.154173257801745],[19.640420716855274,40.154169538193635]]]},"properties":{"OBJECTID":16431,"id":2632633,"cze_id":1481,"Tipi":"Ndertese","upn":"1481-21-N","label":"21","legal_area":0,"active":2,"descriptio":"","registrati":"2016-08-10 00:00:00","su_last_mo":"2022-05-13 11:49:25","volume":1,"page":160,"property_n":"21","pronari":"PRIVAT","Lloji_pasu":"TRUALL","id_bau":19037766,"id_sut":2632633,"InspireId":"ASHK_N_2632633","Zona_Kadas":1481,"Numri_i_pa":"21","Emri_I_Sis":"Agjencia Shteterore e Kadastres","Fillimi_i_":"10.08.2016","Përfundim":"13.05.2022","Shape_Leng":28.3360499623,"Shape_Area":45.948664903}},
{"type":"Feature","geometry":{"type":"Polygon","coordinates":[[[19.640032421179384,40.14840821821016],[19.639983800150222,40.148388098191774],[19.64001219828847,40.148347688579975],[19.64006081695025,40.14836780857919],[19.640032421179384,40.14840821821016]]]},"properties":{"OBJECTID":16623,"id":2632978,"cze_id":1481,"Tipi":"Ndertese","upn":"1481-323/1-N","label":"323/1","legal_area":0,"active":2,"descriptio":"","registrati":"2016-08-10 00:00:00","su_last_mo":"2022-05-13 16:08:03","volume":3,"page":237,"property_n":"323/1","pronari":"PRIVAT","Lloji_pasu":"TRUALL","id_bau":15482015,"id_sut":2632978,"InspireId":"ASHK_N_2632978","Zona_Kadas":1481,"Numri_i_pa":"323/1","Emri_I_Sis":"Agjencia Shteterore e Kadastres","Fillimi_i_":"10.08.2016","Përfundim":"13.05.2022","Shape_Leng":19.6095206611,"Shape_Area":23.9951098676}},
{"type":"Feature","geometry":{"type":"Polygon","coordinates":[[[19.639996690183224,40.14813368450967],[19.639869300565202,40.14809831653993],[19.639914864620224,40.14800167232289],[19.64004225407257,40.148037042043605],[19.639996690183224,40.14813368450967]]]},"properties":{"OBJECTID":16624,"id":2633010,"cze_id":1481,"Tipi":"Ndertese","upn":"1481-334-N","label":"334","legal_area":0,"active":2,"descriptio":"","registrati":"2016-08-10 00:00:00","su_last_mo":"2022-05-13 16:08:03","volume":4,"page":16,"property_n":"334","pronari":"PRIVAT","Lloji_pasu":"TRUALL","id_bau":15482049,"id_sut":2633010,"InspireId":"ASHK_N_2633010","Zona_Kadas":1481,"Numri_i_pa":"334","Emri_I_Sis":"Agjencia Shteterore e Kadastres","Fillimi_i_":"10.08.2016","Përfundim":"13.05.2022","Shape_Leng":45.9107927882,"Shape_Area":131.733227472}},
{"type":"Feature","geometry":{"type":"Polygon","coordinates":[[[19.640321197572348,40.14805590357139],[19.64025535252121,40.14801523625296],[19.64029165339448,40.1479819117759],[19.64027819028738,40.14797320173862],[19.64030088946646,40.14795254058159],[19.64031423912205,40.147961177315764],[19.640344170612842,40.14793369950538],[19.64040965864032,40.14797463314152],[19.640390644933767,40.14799210055182],[19.640405479281426,40.14800160915798],[19.64035426262176,40.14804866282846],[19.640339429444655,40.14803915421945],[19.640321197572348,40.14805590357139]]]},"properties":{"OBJECTID":16625,"id":2632876,"cze_id":1481,"Tipi":"Ndertese","upn":"1481-336-N","label":"336","legal_area":0,"active":2,"descriptio":"","registrati":"2016-08-10 00:00:00","su_last_mo":"2022-05-13 11:07:43","volume":4,"page":21,"property_n":"336","pronari":"PRIVAT","Lloji_pasu":"TRUALL","id_bau":15482054,"id_sut":2632876,"InspireId":"ASHK_N_2632876","Zona_Kadas":1481,"Numri_i_pa":"336","Emri_I_Sis":"Agjencia Shteterore e Kadastres","Fillimi_i_":"10.08.2016","Përfundim":"13.05.2022","Shape_Leng":44.2399609232,"Shape_Area":100.490620214}},
{"type":"Feature","geometry":{"type":"Polygon","coordinates":[[[19.641120622329716,40.153805436610604],[19.641028962307473,40.153777437646006],[19.64107324075211,40.15371696680322],[19.641152065732868,40.15375091940332],[19.641140572556434,40.15376662885087],[19.641214277908457,40.15379837710117],[19.64119765465513,40.15383236170046],[19.64114341128632,40.1538128614799],[19.641120622329716,40.153805436610604]]]},"properties":{"OBJECTID":16626,"id":2632742,"cze_id":1481,"Tipi":"Ndertese","upn":"1481-46/2-N","label":"46/2","legal_area":0,"active":2,"descriptio":"","registrati":"2016-08-10 00:00:00","su_last_mo":"2022-05-13 11:07:49","volume":2,"page":190,"property_n":"46/2","pronari":"PRIVAT","Lloji_pasu":"TRUALL","id_bau":15482113,"id_sut":2632742,"InspireId":"ASHK_N_2632742","Zona_Kadas":1481,"Numri_i_pa":"46/2","Emri_I_Sis":"Agjencia Shteterore e Kadastres","Fillimi_i_":"10.08.2016","Përfundim":"13.05.2022","Shape_Leng":44.255658873,"Shape_Area":87.6659283337}},
{"type":"Feature","geometry":{"type":"Polygon","coordinates":[[[19.64084051554312,40.1534086963031],[19.640901887258984,40.15335178814992],[19.640936254747313,40.15337361342478],[19.640928771260985,40.1533805527033],[19.640999315947262,40.15342534808749],[19.640945427747045,40.153475316112136],[19.64084051554312,40.1534086963031]]]},"properties":{"OBJECTID":16627,"id":2632901,"cze_id":1481,"Tipi":"Ndertese","upn":"1481-59-N","label":"59","legal_area":0,"active":2,"descriptio":"","registrati":"2016-08-10 00:00:00","su_last_mo":"2022-05-13 11:07:42","volume":5,"page":146,"property_n":"59","pronari":"PRIVAT","Lloji_pasu":"TRUALL","id_bau":15412191,"id_sut":2632901,"InspireId":"ASHK_N_2632901","Zona_Kadas":1481,"Numri_i_pa":"59","Emri_I_Sis":"Agjencia Shteterore e Kadastres","Fillimi_i_":"10.08.2016","Përfundim":"13.05.2022","Shape_Leng":39.6096336365,"Shape_Area":87.3626911527}},
{"type":"Feature","geometry":{"type":"Polygon","coordinates":[[[19.63969018829481,40.1509082461463],[19.639756208926165,40.150987004909695],[19.639668341285972,40.151030376970624],[19.63960231954126,40.150951618154345],[19.63969018829481,40.1509082461463]]]},"properties":{"OBJECTID":16470,"id":2633008,"cze_id":1481,"Tipi":"Ndertese","upn":"1481-234-N","label":"234","legal_area":0,"active":2,"descriptio":"","registrati":"2016-08-10 00:00:00","su_last_mo":"2022-05-13 16:08:03","volume":3,"page":115,"property_n":"234","pronari":"PRIVAT","Lloji_pasu":"TRUALL","id_bau":15481779,"id_sut":2633008,"InspireId":"ASHK_N_2633008","Zona_Kadas":1481,"Numri_i_pa":"234","Emri_I_Sis":"Agjencia Shteterore e Kadastres","Fillimi_i_":"10.08.2016","Përfundim":"13.05.2022","Shape_Leng":38.6009433116,"Shape_Area":92.5673909816}},
{"type":"Feature","geometry":{"type":"Polygon","coordinates":[[[19.64106552204917,40.15046568986707],[19.640995204562095,40.15050425503612],[19.640927407544176,40.150431462397364],[19.640969361210402,40.150408452636896],[19.640953927344892,40.150391882495356],[19.640982289951367,40.150376327127404],[19.64106552204917,40.15046568986707]]]},"properties":{"OBJECTID":16471,"id":2632933,"cze_id":1481,"Tipi":"Ndertese","upn":"1481-249-N","label":"249","legal_area":0,"active":2,"descriptio":"","registrati":"2016-08-10 00:00:00","su_last_mo":"2022-05-13 11:07:41","volume":1,"page":46,"property_n":"249--","pronari":"PRIVAT","Lloji_pasu":"TRUALL","id_bau":15553284,"id_sut":2632933,"InspireId":"ASHK_N_2632933","Zona_Kadas":1481,"Numri_i_pa":"249--","Emri_I_Sis":"Agjencia Shteterore e Kadastres","Fillimi_i_":"10.08.2016","Përfundim":"13.05.2022","Shape_Leng":39.1220671828,"Shape_Area":79.8837344005}},
{"type":"Feature","geometry":{"type":"Polygon","coordinates":[[[19.641225659693752,40.15239579908678],[19.641228105234667,40.15231824758365],[19.64130831281502,40.1523217841325],[19.641306068053314,40.152399113812855],[19.641225659693752,40.15239579908678]]]},"properties":{"OBJECTID":16707,"id":2632642,"cze_id":1481,"Tipi":"Ndertese","upn":"1481-140-N","label":"140","legal_area":0,"active":2,"descriptio":"","registrati":"2016-08-10 00:00:00","su_last_mo":"2022-05-13 11:49:24","volume":5,"page":220,"property_n":"140","pronari":"PRIVAT","Lloji_pasu":"TRUALL","id_bau":15411740,"id_sut":2632642,"InspireId":"ASHK_N_2632642","Zona_Kadas":1481,"Numri_i_pa":"140","Emri_I_Sis":"Agjencia Shteterore e Kadastres","Fillimi_i_":"10.08.2016","Përfundim":"13.05.2022","Shape_Leng":30.9088700466,"Shape_Area":58.9151035903}},
{"type":"Feature","geometry":{"type":"Polygon","coordinates":[[[19.64221979829889,40.1484075718445],[19.642250531532515,40.148384424273516],[19.642236148400908,40.14837317825143],[19.64235631816505,40.148282667842686],[19.642420428694447,40.148332792950306],[19.642386765257026,40.14835814877934],[19.642371969525996,40.14834657998786],[19.64225472995209,40.14843488400371],[19.64221979829889,40.1484075718445]]]},"properties":{"OBJECTID":16739,"id":2632979,"cze_id":1481,"Tipi":"Ndertese","upn":"1481-325-N","label":"325","legal_area":0,"active":2,"descriptio":"","registrati":"2016-08-10 00:00:00","su_last_mo":"2022-05-13 16:08:03","volume":3,"page":247,"property_n":"325","pronari":"PRIVAT","Lloji_pasu":"TRUALL","id_bau":15482028,"id_sut":2632979,"InspireId":"ASHK_N_2632979","Zona_Kadas":1481,"Numri_i_pa":"325","Emri_I_Sis":"Agjencia Shteterore e Kadastres","Fillimi_i_":"10.08.2016","Përfundim":"13.05.2022","Shape_Leng":51.6319690416,"Shape_Area":108.898274401}},
{"type":"Feature","geometry":{"type":"Polygon","coordinates":[[[19.640907387167083,40.153829757079954],[19.64091415460625,40.153814602175686],[19.640971931779106,40.15382988247505],[19.640961845907956,40.15387164501685],[19.64089564267586,40.15385372596153],[19.640907387167083,40.153829757079954]]]},"properties":{"OBJECTID":16741,"id":2632679,"cze_id":1481,"Tipi":"Ndertese","upn":"1481-39-N","label":"39","legal_area":0,"active":2,"descriptio":"","registrati":"2016-08-10 00:00:00","su_last_mo":"2022-05-13 11:49:23","volume":5,"page":132,"property_n":"39","pronari":"PRIVAT","Lloji_pasu":"TRUALL","id_bau":15412219,"id_sut":2632679,"InspireId":"ASHK_N_2632679","Zona_Kadas":1481,"Numri_i_pa":"39","Emri_I_Sis":"Agjencia Shteterore e Kadastres","Fillimi_i_":"10.08.2016","Përfundim":"13.05.2022","Shape_Leng":20.5267476183,"Shape_Area":25.8900211771}},
{"type":"Feature","geometry":{"type":"Polygon","coordinates":[[[19.639926088313256,40.15319914329634],[19.63991725754538,40.153196494209595],[19.63991230021747,40.153158670099295],[19.639999661070853,40.153182650745684],[19.640008989995003,40.153159416531366],[19.640065058134464,40.153175475486684],[19.640070187563207,40.153164931077605],[19.640103168209823,40.15317437724099],[19.640081008321165,40.15321993150392],[19.640097499241808,40.15322465503738],[19.640086496417307,40.15324727345371],[19.639985841300778,40.15321707167162],[19.639946128623873,40.15320515582994],[19.639926088313256,40.15319914329634]]]},"properties":{"OBJECTID":16742,"id":2632511,"cze_id":1481,"Tipi":"Ndertese","upn":"1481-74-N","label":"74","legal_area":0,"active":2,"descriptio":"","registrati":"2016-08-10 00:00:00","su_last_mo":"2022-05-13 11:49:32","volume":2,"page":211,"property_n":"74","pronari":"PRIVAT","Lloji_pasu":"TRUALL","id_bau":15482158,"id_sut":2632511,"InspireId":"ASHK_N_2632511","Zona_Kadas":1481,"Numri_i_pa":"74","Emri_I_Sis":"Agjencia Shteterore e Kadastres","Fillimi_i_":"10.08.2016","Përfundim":"13.05.2022","Shape_Leng":49.2372193802,"Shape_Area":88.6455237058}},
{"type":"Feature","geometry":{"type":"Polygon","coordinates":[[[19.64045359743648,40.1534578422947],[19.640490438591616,40.15349063920072],[19.64039297191155,40.15355187226493],[19.64038985839971,40.15355382858997],[19.640354122997252,40.153520338027775],[19.64045359743648,40.1534578422947]]]},"properties":{"OBJECTID":16776,"id":2632576,"cze_id":1481,"Tipi":"Ndertese","upn":"1481-55/1-N","label":"55/1","legal_area":0,"active":2,"descriptio":"","registrati":"2016-08-10 00:00:00","su_last_mo":"2022-05-13 11:49:27","volume":2,"page":195,"property_n":"55/1","pronari":"PRIVAT","Lloji_pasu":"TRUALL","id_bau":15482128,"id_sut":2632576,"InspireId":"ASHK_N_2632576","Zona_Kadas":1481,"Numri_i_pa":"55/1","Emri_I_Sis":"Agjencia Shteterore e Kadastres","Fillimi_i_":"10.08.2016","Përfundim":"13.05.2022","Shape_Leng":31.6438512254,"Shape_Area":52.9403737327}},
{"type":"Feature","geometry":{"type":"Polygon","coordinates":[[[19.64102108866774,40.15243741819627],[19.64094938569123,40.15243313240874],[19.640955053962024,40.1523772825911],[19.641026751171836,40.15238354425852],[19.64102108866774,40.15243741819627]]]},"properties":{"OBJECTID":16778,"id":2632665,"cze_id":1481,"Tipi":"Ndertese","upn":"1481-134/2-N","label":"134/2","legal_area":0,"active":2,"descriptio":"","registrati":"2016-08-10 00:00:00","su_last_mo":"2022-05-13 11:49:23","volume":1104,"page":74,"property_n":"app_134/2","pronari":"PRIVAT","Lloji_pasu":"TRUALL","id_bau":15411751,"id_sut":2632665,"InspireId":"ASHK_N_2632665","Zona_Kadas":1481,"Numri_i_pa":"app_134/2","Emri_I_Sis":"Agjencia Shteterore e Kadastres","Fillimi_i_":"10.08.2016","Përfundim":"13.05.2022","Shape_Leng":24.4981151096,"Shape_Area":37.4985958411}},
{"type":"Feature","geometry":{"type":"Polygon","coordinates":[[[19.64100604791976,40.152303299367965],[19.641034646163867,40.15230555485371],[19.641030626863866,40.15233556186459],[19.640980432977862,40.15233160304511],[19.64098445229495,40.15230159693663],[19.64100604791976,40.152303299367965]]]},"properties":{"OBJECTID":16781,"id":2632710,"cze_id":1481,"Tipi":"Ndertese","upn":"1481-134/1-N","label":"134/1","legal_area":0,"active":2,"descriptio":"","registrati":"2016-08-10 00:00:00","su_last_mo":"2022-05-13 11:49:21","volume":101,"page":215,"property_n":"app_134/1","pronari":"PRIVAT","Lloji_pasu":"TRUALL","id_bau":3131608,"id_sut":2632710,"InspireId":"ASHK_N_2632710","Zona_Kadas":1481,"Numri_i_pa":"app_134/1","Emri_I_Sis":"Agjencia Shteterore e Kadastres","Fillimi_i_":"10.08.2016","Përfundim":"13.05.2022","Shape_Leng":15.2974657547,"Shape_Area":14.4003354543}},
{"type":"Feature","geometry":{"type":"Polygon","coordinates":[[[19.640861567696895,40.14969319844285],[19.64069886778236,40.14976944590301],[19.64064711361347,40.149703600515906],[19.640809551904646,40.14962753963941],[19.640861567696895,40.14969319844285]]]},"properties":{"OBJECTID":16782,"id":2632835,"cze_id":1481,"Tipi":"Ndertese","upn":"1481-285-N","label":"285","legal_area":0,"active":2,"descriptio":"","registrati":"2016-08-10 00:00:00","su_last_mo":"2022-05-13 11:07:45","volume":103,"page":166,"property_n":"app_285","pronari":"PRIVAT","Lloji_pasu":"TRUALL","id_bau":15481854,"id_sut":2632835,"InspireId":"ASHK_N_2632835","Zona_Kadas":1481,"Numri_i_pa":"app_285","Emri_I_Sis":"Agjencia Shteterore e Kadastres","Fillimi_i_":"10.08.2016","Përfundim":"13.05.2022","Shape_Leng":49.5290237934,"Shape_Area":138.519803498}},
{"type":"Feature","geometry":{"type":"Polygon","coordinates":[[[19.63882675420214,40.152408333802285],[19.63887661625245,40.15245964120138],[19.638818309554647,40.15249300643982],[19.638768466063787,40.15244174410349],[19.63882675420214,40.152408333802285]]]},"properties":{"OBJECTID":16845,"id":2633015,"cze_id":1481,"Tipi":"Ndertese","upn":"1481-133-N","label":"133","legal_area":0,"active":2,"descriptio":"","registrati":"2016-08-10 00:00:00","su_last_mo":"2022-05-13 16:08:03","volume":1003,"page":50,"property_n":"133","pronari":"PRIVAT","Lloji_pasu":"TRUALL","id_bau":6705286,"id_sut":2633015,"InspireId":"ASHK_N_2633015","Zona_Kadas":1481,"Numri_i_pa":"133","Emri_I_Sis":"Agjencia Shteterore e Kadastres","Fillimi_i_":"10.08.2016","Përfundim":"13.05.2022","Shape_Leng":26.6050345221,"Shape_Area":44.0339643261}},
{"type":"Feature","geometry":{"type":"Polygon","coordinates":[[[19.642063315561764,40.15177466400131],[19.64206342887378,40.15177476521801],[19.642109461015654,40.15180571409269],[19.64206306246877,40.151846349539355],[19.642017529704347,40.15181573631037],[19.642063315561764,40.15177466400131]]]},"properties":{"OBJECTID":16936,"id":2632696,"cze_id":1481,"Tipi":"Ndertese","upn":"1481-192-N","label":"192","legal_area":0,"active":2,"descriptio":"","registrati":"2016-08-10 00:00:00","su_last_mo":"2022-05-13 11:49:22","volume":5,"page":6,"property_n":"192","pronari":"PRIVAT","Lloji_pasu":"TRUALL","id_bau":15411748,"id_sut":2632696,"InspireId":"ASHK_N_2632696","Zona_Kadas":1481,"Numri_i_pa":"192","Emri_I_Sis":"Agjencia Shteterore e Kadastres","Fillimi_i_":"10.08.2016","Përfundim":"13.05.2022","Shape_Leng":22.3882898869,"Shape_Area":31.1575954695}},
{"type":"Feature","geometry":{"type":"Polygon","coordinates":[[[19.64187511880305,40.15131047830883],[19.64184269042993,40.15125969532216],[19.64190130715867,40.15123765447017],[19.64192410893819,40.15122908198874],[19.64192820714346,40.151227541138155],[19.641960515976233,40.151277406927605],[19.64187511880305,40.15131047830883]]]},"properties":{"OBJECTID":16937,"id":2632728,"cze_id":1481,"Tipi":"Ndertese","upn":"1481-219-N","label":"219","legal_area":0,"active":2,"descriptio":"","registrati":"2016-08-10 00:00:00","su_last_mo":"2022-05-13 11:07:50","volume":1003,"page":80,"property_n":"219","pronari":"PRIVAT","Lloji_pasu":"TRUALL","id_bau":6705379,"id_sut":2632728,"InspireId":"ASHK_N_2632728","Zona_Kadas":1481,"Numri_i_pa":"219","Emri_I_Sis":"Agjencia Shteterore e Kadastres","Fillimi_i_":"10.08.2016","Përfundim":"13.05.2022","Shape_Leng":28.7278514731,"Shape_Area":50.6763935759}},
{"type":"Feature","geometry":{"type":"Polygon","coordinates":[[[19.6411051981443,40.15031728247314],[19.641086117549897,40.15029809112651],[19.64111192512213,40.150282981706084],[19.64113100571963,40.15030217304854],[19.6411051981443,40.15031728247314]]]},"properties":{"OBJECTID":16987,"id":2632494,"cze_id":1481,"Tipi":"Ndertese","upn":"1481-249/2-N","label":"249/2","legal_area":0,"active":2,"descriptio":"","registrati":"2016-08-10 00:00:00","su_last_mo":"2022-05-13 11:49:33","volume":3,"page":125,"property_n":"249/2","pronari":"PRIVAT","Lloji_pasu":"TRUALL","id_bau":15481795,"id_sut":2632494,"InspireId":"ASHK_N_2632494","Zona_Kadas":1481,"Numri_i_pa":"249/2","Emri_I_Sis":"Agjencia Shteterore e Kadastres","Fillimi_i_":"10.08.2016","Përfundim":"13.05.2022","Shape_Leng":10.8925803312,"Shape_Area":7.41368872179}},
{"type":"Feature","geometry":{"type":"Polygon","coordinates":[[[19.64428590431267,40.15041434468328],[19.644361795514506,40.150339815020594],[19.64442234680029,40.15037544743225],[19.644347904585747,40.15045141532939],[19.64428590431267,40.15041434468328]]]},"properties":{"OBJECTID":16988,"id":2632764,"cze_id":1481,"Tipi":"Ndertese","upn":"1481-251-N","label":"251","legal_area":0,"active":2,"descriptio":"","registrati":"2016-08-10 00:00:00","su_last_mo":"2022-05-13 11:07:48","volume":5,"page":100,"property_n":"251","pronari":"PRIVAT","Lloji_pasu":"TRUALL","id_bau":15412037,"id_sut":2632764,"InspireId":"ASHK_N_2632764","Zona_Kadas":1481,"Numri_i_pa":"251","Emri_I_Sis":"Agjencia Shteterore e Kadastres","Fillimi_i_":"10.08.2016","Përfundim":"13.05.2022","Shape_Leng":34.255649322,"Shape_Area":69.4776703551}},
{"type":"Feature","geometry":{"type":"Polygon","coordinates":[[[19.64200509832917,40.148527541015184],[19.642088248255728,40.14857894907155],[19.64199990945067,40.1486630922476],[19.641916759489046,40.1486116841284],[19.64200509832917,40.148527541015184]]]},"properties":{"OBJECTID":16990,"id":2632981,"cze_id":1481,"Tipi":"Ndertese","upn":"1481-319-N","label":"319","legal_area":0,"active":2,"descriptio":"","registrati":"2016-08-10 00:00:00","su_last_mo":"2022-05-13 16:08:03","volume":3,"page":229,"property_n":"319","pronari":"PRIVAT","Lloji_pasu":"TRUALL","id_bau":15482006,"id_sut":2632981,"InspireId":"ASHK_N_2632981","Zona_Kadas":1481,"Numri_i_pa":"319","Emri_I_Sis":"Agjencia Shteterore e Kadastres","Fillimi_i_":"10.08.2016","Përfundim":"13.05.2022","Shape_Leng":42.1933788527,"Shape_Area":109.165745661}},
{"type":"Feature","geometry":{"type":"Polygon","coordinates":[[[19.638812631688747,40.15487566390329],[19.63877157392016,40.15485585877644],[19.638797535073294,40.15482414793922],[19.63883859993931,40.1548439404708],[19.638812631688747,40.15487566390329]]]},"properties":{"OBJECTID":16993,"id":2632828,"cze_id":1481,"Tipi":"Ndertese","upn":"1481-6-N","label":"6","legal_area":0,"active":2,"descriptio":"","registrati":"2016-08-10 00:00:00","su_last_mo":"2022-05-13 11:07:45","volume":2,"page":170,"property_n":"6","pronari":"PRIVAT","Lloji_pasu":"TRUALL","id_bau":15482138,"id_sut":2632828,"InspireId":"ASHK_N_2632828","Zona_Kadas":1481,"Numri_i_pa":"6","Emri_I_Sis":"Agjencia Shteterore e Kadastres","Fillimi_i_":"10.08.2016","Përfundim":"13.05.2022","Shape_Leng":16.5818046487,"Shape_Area":17.1845810985}},
{"type":"Feature","geometry":{"type":"Polygon","coordinates":[[[19.639419111490408,40.15273721046109],[19.639410395451517,40.152743729730005],[19.639376835686996,40.1527688301155],[19.639333816547587,40.15274349933909],[19.63937808395619,40.15270746038861],[19.639419111490408,40.15273721046109]]]},"properties":{"OBJECTID":17406,"id":2632823,"cze_id":1481,"Tipi":"Ndertese","upn":"1481-110-N","label":"110","legal_area":0,"active":2,"descriptio":"","registrati":"2016-08-10 00:00:00","su_last_mo":"2022-05-13 11:07:46","volume":2,"page":243,"property_n":"110","pronari":"PRIVAT","Lloji_pasu":"TRUALL","id_bau":15481597,"id_sut":2632823,"InspireId":"ASHK_N_2632823","Zona_Kadas":1481,"Numri_i_pa":"110","Emri_I_Sis":"Agjencia Shteterore e Kadastres","Fillimi_i_":"10.08.2016","Përfundim":"13.05.2022","Shape_Leng":19.9590929074,"Shape_Area":24.7248018608}},
{"type":"Feature","geometry":{"type":"Polygon","coordinates":[[[19.640420424744587,40.151664840376085],[19.6405166000529,40.15169999104764],[19.64047416051409,40.15176955889762],[19.6403788283816,40.15173496647577],[19.640420424744587,40.151664840376085]]]},"properties":{"OBJECTID":17413,"id":2632770,"cze_id":1481,"Tipi":"Ndertese","upn":"1481-196/1-N","label":"196/1","legal_area":0,"active":2,"descriptio":"","registrati":"2016-08-10 00:00:00","su_last_mo":"2022-05-13 11:07:48","volume":50,"page":52,"property_n":"196/1","pronari":"PRIVAT","Lloji_pasu":"TRUALL","id_bau":15411778,"id_sut":2632770,"InspireId":"ASHK_N_2632770","Zona_Kadas":1481,"Numri_i_pa":"196/1","Emri_I_Sis":"Agjencia Shteterore e Kadastres","Fillimi_i_":"10.08.2016","Përfundim":"13.05.2022","Shape_Leng":35.1465503619,"Shape_Area":77.139754333}},
{"type":"Feature","geometry":{"type":"Polygon","coordinates":[[[19.64072509551462,40.14990087704404],[19.640741618845112,40.14991757127688],[19.640811679064598,40.149876736864286],[19.640860925758837,40.14992649250125],[19.64074909162387,40.149991673679494],[19.64068246243087,40.14992435652107],[19.64072509551462,40.14990087704404]]]},"properties":{"OBJECTID":17420,"id":2632870,"cze_id":1481,"Tipi":"Ndertese","upn":"1481-273-N","label":"273","legal_area":0,"active":2,"descriptio":"","registrati":"2016-08-10 00:00:00","su_last_mo":"2022-05-13 11:07:43","volume":3,"page":152,"property_n":"273","pronari":"PRIVAT","Lloji_pasu":"TRUALL","id_bau":15481838,"id_sut":2632870,"InspireId":"ASHK_N_2632870","Zona_Kadas":1481,"Numri_i_pa":"273","Emri_I_Sis":"Agjencia Shteterore e Kadastres","Fillimi_i_":"10.08.2016","Përfundim":"13.05.2022","Shape_Leng":42.5857916454,"Shape_Area":93.6918715487}},
{"type":"Feature","geometry":{"type":"Polygon","coordinates":[[[19.64136767922727,40.153983930456576],[19.64141575606048,40.15395660946482],[19.641451146399266,40.15399492940952],[19.641408853703066,40.15402131099812],[19.64136767922727,40.153983930456576]]]},"properties":{"OBJECTID":17421,"id":2632552,"cze_id":1481,"Tipi":"Ndertese","upn":"1481-33/2-N","label":"33/2","legal_area":0,"active":2,"descriptio":"","registrati":"2016-08-10 00:00:00","su_last_mo":"2022-05-13 11:49:28","volume":1003,"page":195,"property_n":"33/2","pronari":"PRIVAT","Lloji_pasu":"TRUALL","id_bau":6707349,"id_sut":2632552,"InspireId":"ASHK_N_2632552","Zona_Kadas":1481,"Numri_i_pa":"33/2","Emri_I_Sis":"Agjencia Shteterore e Kadastres","Fillimi_i_":"10.08.2016","Përfundim":"13.05.2022","Shape_Leng":20.3910414172,"Shape_Area":25.9054666047}},
{"type":"Feature","geometry":{"type":"Polygon","coordinates":[[[19.641132799721465,40.153512576315414],[19.641103576373943,40.15349809606877],[19.641103894077848,40.15349771880444],[19.64112105251627,40.15347733032594],[19.64116125339004,40.1534295622804],[19.641216818032348,40.15345708816893],[19.64116337632491,40.153520589988],[19.641159137499006,40.153525627377334],[19.641132799721465,40.153512576315414]]]},"properties":{"OBJECTID":17422,"id":2632637,"cze_id":1481,"Tipi":"Ndertese","upn":"1481-56/1-N","label":"56/1","legal_area":0,"active":2,"descriptio":"","registrati":"2016-08-10 00:00:00","su_last_mo":"2022-05-13 11:49:24","volume":2,"page":197,"property_n":"56/1","pronari":"PRIVAT","Lloji_pasu":"TRUALL","id_bau":15482131,"id_sut":2632637,"InspireId":"ASHK_N_2632637","Zona_Kadas":1481,"Numri_i_pa":"56/1","Emri_I_Sis":"Agjencia Shteterore e Kadastres","Fillimi_i_":"10.08.2016","Përfundim":"13.05.2022","Shape_Leng":29.3886179805,"Shape_Area":51.0497249444}},
{"type":"Feature","geometry":{"type":"Polygon","coordinates":[[[19.641140265835816,40.149200279628836],[19.641060807782136,40.14918414148201],[19.641092932361722,40.14909100169646],[19.641172389145954,40.14910713891684],[19.641140265835816,40.149200279628836]]]},"properties":{"OBJECTID":17423,"id":2632988,"cze_id":1481,"Tipi":"Ndertese","upn":"1481-302-N","label":"302","legal_area":0,"active":2,"descriptio":"","registrati":"2016-08-10 00:00:00","su_last_mo":"2022-05-13 16:08:03","volume":103,"page":197,"property_n":"app_302","pronari":"PRIVAT","Lloji_pasu":"TRUALL","id_bau":15481906,"id_sut":2632988,"InspireId":"ASHK_N_2632988","Zona_Kadas":1481,"Numri_i_pa":"app_302","Emri_I_Sis":"Agjencia Shteterore e Kadastres","Fillimi_i_":"10.08.2016","Përfundim":"13.05.2022","Shape_Leng":35.4037234563,"Shape_Area":74.9262833934}},
{"type":"Feature","geometry":{"type":"Polygon","coordinates":[[[19.641174524272213,40.154438610560796],[19.64125471617743,40.154385822224526],[19.641304401671434,40.15443026099767],[19.641224212094528,40.15448305027573],[19.641220708687733,40.154479917065416],[19.641174524272213,40.154438610560796]]]},"properties":{"OBJECTID":17469,"id":2632562,"cze_id":1481,"Tipi":"Ndertese","upn":"1481-10/1-N","label":"10/1","legal_area":0,"active":2,"descriptio":"","registrati":"2016-08-10 00:00:00","su_last_mo":"2022-05-13 11:49:28","volume":2,"page":173,"property_n":"10/1","pronari":"PRIVAT","Lloji_pasu":"TRUALL","id_bau":15481571,"id_sut":2632562,"InspireId":"ASHK_N_2632562","Zona_Kadas":1481,"Numri_i_pa":"10/1","Emri_I_Sis":"Agjencia Shteterore e Kadastres","Fillimi_i_":"10.08.2016","Përfundim":"13.05.2022","Shape_Leng":31.007711341,"Shape_Area":58.5291198858}},
{"type":"Feature","geometry":{"type":"Polygon","coordinates":[[[19.643779235953627,40.15101376033564],[19.643749472491052,40.150990213716625],[19.64376224845979,40.15098081030017],[19.643726696447636,40.15095236645194],[19.64382609612314,40.15087928107975],[19.64392132790459,40.150954322314206],[19.64382489428302,40.151030496019274],[19.643792121491977,40.1510042761996],[19.643779235953627,40.15101376033564]]]},"properties":{"OBJECTID":17611,"id":2632488,"cze_id":1481,"Tipi":"Ndertese","upn":"1481-238-ND","label":"238-ND","legal_area":0,"active":2,"descriptio":"","registrati":"2016-08-10 00:00:00","su_last_mo":"2022-05-13 11:49:33","volume":2,"page":168,"property_n":"238/ND","pronari":"PRIVAT","Lloji_pasu":"NDERTESE","id_bau":15407708,"id_sut":2632488,"InspireId":"ASHK_N_2632488","Zona_Kadas":1481,"Numri_i_pa":"238/ND","Emri_I_Sis":"Agjencia Shteterore e Kadastres","Fillimi_i_":"10.08.2016","Përfundim":"13.05.2022","Shape_Leng":50.23546055,"Shape_Area":144.762276985}},
{"type":"Feature","geometry":{"type":"Polygon","coordinates":[[[19.639602945258755,40.152147493532695],[19.639612228730737,40.15220346637071],[19.639564251019262,40.15220836126172],[19.63952414160511,40.15216527811335],[19.63953256446854,40.152146044249236],[19.639602945258755,40.152147493532695]]]},"properties":{"OBJECTID":17478,"id":2632531,"cze_id":1481,"Tipi":"Ndertese","upn":"1481-139/4-N","label":"139/4","legal_area":0,"active":2,"descriptio":"","registrati":"2016-08-10 00:00:00","su_last_mo":"2022-05-13 11:49:30","volume":3,"page":33,"property_n":"139/4","pronari":"PRIVAT","Lloji_pasu":"TRUALL","id_bau":15481649,"id_sut":2632531,"InspireId":"ASHK_N_2632531","Zona_Kadas":1481,"Numri_i_pa":"139/4","Emri_I_Sis":"Agjencia Shteterore e Kadastres","Fillimi_i_":"10.08.2016","Përfundim":"13.05.2022","Shape_Leng":24.5204388619,"Shape_Area":38.8151021422}},
{"type":"Feature","geometry":{"type":"Polygon","coordinates":[[[19.638302714641405,40.151654045392945],[19.638191805599945,40.15163059598713],[19.63821472514018,40.15156676420687],[19.63832563408602,40.15159021359057],[19.638302714641405,40.151654045392945]]]},"properties":{"OBJECTID":17479,"id":2632614,"cze_id":1481,"Tipi":"Ndertese","upn":"1481-195/1-N","label":"195/1","legal_area":0,"active":2,"descriptio":"","registrati":"2016-08-10 00:00:00","su_last_mo":"2022-05-13 11:49:26","volume":3,"page":76,"property_n":"195/1","pronari":"PRIVAT","Lloji_pasu":"TRUALL","id_bau":15481732,"id_sut":2632614,"InspireId":"ASHK_N_2632614","Zona_Kadas":1481,"Numri_i_pa":"195/1","Emri_I_Sis":"Agjencia Shteterore e Kadastres","Fillimi_i_":"10.08.2016","Përfundim":"13.05.2022","Shape_Leng":34.3083012782,"Shape_Area":72.0652166113}},
{"type":"Feature","geometry":{"type":"Polygon","coordinates":[[[19.638997832635557,40.15220691738761],[19.63897078553493,40.15217594812183],[19.639034753697675,40.15215829869165],[19.639048647387952,40.15218822278062],[19.638997832635557,40.15220691738761]]]},"properties":{"OBJECTID":17530,"id":2632530,"cze_id":1481,"Tipi":"Ndertese","upn":"1481-164/2-N","label":"164/2","legal_area":0,"active":2,"descriptio":"","registrati":"2016-08-10 00:00:00","su_last_mo":"2022-05-13 11:49:30","volume":3,"page":54,"property_n":"164/2","pronari":"PRIVAT","Lloji_pasu":"TRUALL","id_bau":15481696,"id_sut":2632530,"InspireId":"ASHK_N_2632530","Zona_Kadas":1481,"Numri_i_pa":"164/2","Emri_I_Sis":"Agjencia Shteterore e Kadastres","Fillimi_i_":"10.08.2016","Përfundim":"13.05.2022","Shape_Leng":18.2605176042,"Shape_Area":20.0514695036}},
{"type":"Feature","geometry":{"type":"Polygon","coordinates":[[[19.638759824494887,40.15150204726061],[19.638854163377324,40.151543801235974],[19.63885057207824,40.15155132800046],[19.638863307960303,40.151560054843436],[19.638831367296895,40.15158931456248],[19.63884913204476,40.15160073545627],[19.638808694030015,40.1516377813123],[19.638842572009995,40.151659557954765],[19.638806527859003,40.15168556633466],[19.638778915673733,40.15170548958156],[19.638663428981385,40.15166413966595],[19.638759824494887,40.15150204726061]]]},"properties":{"OBJECTID":17532,"id":2632813,"cze_id":1481,"Tipi":"Ndertese","upn":"1481-193-N","label":"193","legal_area":0,"active":2,"descriptio":"","registrati":"2016-08-10 00:00:00","su_last_mo":"2022-05-13 11:07:46","volume":3,"page":73,"property_n":"193","pronari":"PRIVAT","Lloji_pasu":"TRUALL","id_bau":15481728,"id_sut":2632813,"InspireId":"ASHK_N_2632813","Zona_Kadas":1481,"Numri_i_pa":"193","Emri_I_Sis":"Agjencia Shteterore e Kadastres","Fillimi_i_":"10.08.2016","Përfundim":"13.05.2022","Shape_Leng":65.0565109022,"Shape_Area":215.097326545}},
{"type":"Feature","geometry":{"type":"Polygon","coordinates":[[[19.63831711539915,40.1512006669022],[19.638366123214468,40.15116186390397],[19.638416965473073,40.15120116335933],[19.638367961164636,40.15123996909155],[19.63831711539915,40.1512006669022]]]},"properties":{"OBJECTID":17533,"id":2632862,"cze_id":1481,"Tipi":"Ndertese","upn":"1481-222-N","label":"222","legal_area":0,"active":2,"descriptio":"","registrati":"2016-08-10 00:00:00","su_last_mo":"2022-05-13 11:07:44","volume":3,"page":108,"property_n":"222","pronari":"PRIVAT","Lloji_pasu":"TRUALL","id_bau":15481771,"id_sut":2632862,"InspireId":"ASHK_N_2632862","Zona_Kadas":1481,"Numri_i_pa":"222","Emri_I_Sis":"Agjencia Shteterore e Kadastres","Fillimi_i_":"10.08.2016","Përfundim":"13.05.2022","Shape_Leng":24.2985339109,"Shape_Area":36.8887210278}},
{"type":"Feature","geometry":{"type":"Polygon","coordinates":[[[19.643744395289936,40.15004567549116],[19.643678785590375,40.15000457946813],[19.643612849591886,40.149963280670526],[19.64366734231226,40.14991103562736],[19.643735611426937,40.1499509879804],[19.64374670979376,40.14994052210552],[19.643781304306454,40.149963892664765],[19.643773621019186,40.14997101433791],[19.643810951560845,40.14999432485996],[19.64375174380024,40.15005029382795],[19.643744395289936,40.15004567549116]]]},"properties":{"OBJECTID":17534,"id":2632547,"cze_id":1481,"Tipi":"Ndertese","upn":"1481-271-N","label":"271","legal_area":0,"active":2,"descriptio":"","registrati":"2016-08-10 00:00:00","su_last_mo":"2022-05-13 11:49:29","volume":5,"page":242,"property_n":"271","pronari":"PRIVAT","Lloji_pasu":"TRUALL","id_bau":15411940,"id_sut":2632547,"InspireId":"ASHK_N_2632547","Zona_Kadas":1481,"Numri_i_pa":"271","Emri_I_Sis":"Agjencia Shteterore e Kadastres","Fillimi_i_":"10.08.2016","Përfundim":"13.05.2022","Shape_Leng":48.5818271592,"Shape_Area":123.461183805}},
{"type":"Feature","geometry":{"type":"Polygon","coordinates":[[[19.640731918857128,40.149239992230996],[19.640653031401804,40.149228719680906],[19.640662509200798,40.14919156358247],[19.640766895933233,40.14920652121153],[19.640760451452604,40.14923307773622],[19.64073449571584,40.149229369618936],[19.640731918857128,40.149239992230996]]]},"properties":{"OBJECTID":17536,"id":2632545,"cze_id":1481,"Tipi":"Ndertese","upn":"1481-298/2-N","label":"298/2","legal_area":0,"active":2,"descriptio":"","registrati":"2016-08-10 00:00:00","su_last_mo":"2022-05-13 11:49:29","volume":3,"page":191,"property_n":"298/2","pronari":"PRIVAT","Lloji_pasu":"TRUALL","id_bau":15482457,"id_sut":2632545,"InspireId":"ASHK_N_2632545","Zona_Kadas":1481,"Numri_i_pa":"298/2","Emri_I_Sis":"Agjencia Shteterore e Kadastres","Fillimi_i_":"10.08.2016","Përfundim":"13.05.2022","Shape_Leng":26.5388358809,"Shape_Area":35.4000129684}},
{"type":"Feature","geometry":{"type":"Polygon","coordinates":[[[19.64088644569118,40.14851816121829],[19.640853785806705,40.14847963699725],[19.640942308575365,40.14843544470241],[19.641006320953743,40.14851095352032],[19.640930585122376,40.14854876157957],[19.640899231503376,40.14851177783491],[19.64088644569118,40.14851816121829]]]},"properties":{"OBJECTID":17542,"id":2632847,"cze_id":1481,"Tipi":"Ndertese","upn":"1481-322-N","label":"322","legal_area":0,"active":2,"descriptio":"","registrati":"2016-08-10 00:00:00","su_last_mo":"2022-05-13 11:07:44","volume":3,"page":236,"property_n":"322","pronari":"PRIVAT","Lloji_pasu":"TRUALL","id_bau":15482014,"id_sut":2632847,"InspireId":"ASHK_N_2632847","Zona_Kadas":1481,"Numri_i_pa":"322","Emri_I_Sis":"Agjencia Shteterore e Kadastres","Fillimi_i_":"10.08.2016","Përfundim":"13.05.2022","Shape_Leng":38.0021084574,"Shape_Area":83.6400843285}},
{"type":"Feature","geometry":{"type":"Polygon","coordinates":[[[19.641000345556844,40.147527999003856],[19.640924802817118,40.147470727467244],[19.640960262873563,40.147443183783324],[19.640977791745634,40.14745647235877],[19.641033043953726,40.14741355473606],[19.64101551508654,40.14740026526833],[19.641039429253897,40.14738168900303],[19.64109452083771,40.14742345639866],[19.641070605497006,40.14744203267154],[19.64109105665172,40.14745753674281],[19.641000345556844,40.147527999003856]]]},"properties":{"OBJECTID":17543,"id":2632881,"cze_id":1481,"Tipi":"Ndertese","upn":"1481-350-N","label":"350","legal_area":0,"active":2,"descriptio":"","registrati":"2016-08-10 00:00:00","su_last_mo":"2022-05-13 11:07:43","volume":4,"page":43,"property_n":"350","pronari":"PRIVAT","Lloji_pasu":"TRUALL","id_bau":15482082,"id_sut":2632881,"InspireId":"ASHK_N_2632881","Zona_Kadas":1481,"Numri_i_pa":"350","Emri_I_Sis":"Agjencia Shteterore e Kadastres","Fillimi_i_":"10.08.2016","Përfundim":"13.05.2022","Shape_Leng":50.0920245507,"Shape_Area":104.586875196}},
{"type":"Feature","geometry":{"type":"Polygon","coordinates":[[[19.640536937714646,40.15468391958556],[19.640579680904427,40.15465437953774],[19.640601680392567,40.15467312071217],[19.640558937200446,40.154702660768],[19.640536937714646,40.15468391958556]]]},"properties":{"OBJECTID":17544,"id":2632564,"cze_id":1481,"Tipi":"Ndertese","upn":"1481-9/1-N","label":"9/1","legal_area":0,"active":2,"descriptio":"","registrati":"2016-08-10 00:00:00","su_last_mo":"2022-05-13 11:49:28","volume":2,"page":172,"property_n":"9/1","pronari":"PRIVAT","Lloji_pasu":"TRUALL","id_bau":15482182,"id_sut":2632564,"InspireId":"ASHK_N_2632564","Zona_Kadas":1481,"Numri_i_pa":"9/1","Emri_I_Sis":"Agjencia Shteterore e Kadastres","Fillimi_i_":"10.08.2016","Përfundim":"13.05.2022","Shape_Leng":15.4037924388,"Shape_Area":13.7267813395}},
{"type":"Feature","geometry":{"type":"Polygon","coordinates":[[[19.641016004104348,40.1529236380384],[19.640856095017313,40.152929406704274],[19.640854357391625,40.15287760730866],[19.640859676627695,40.15287779221752],[19.640858308162475,40.1528604083286],[19.640983209219026,40.15285461848073],[19.640984595513846,40.152878206608996],[19.640998488491572,40.15287791916516],[19.641012382638095,40.1528776326239],[19.641016004104348,40.1529236380384]]]},"properties":{"OBJECTID":17599,"id":2632705,"cze_id":1481,"Tipi":"Ndertese","upn":"1481-102-N","label":"102","legal_area":0,"active":2,"descriptio":"","registrati":"2016-08-10 00:00:00","su_last_mo":"2022-05-13 11:49:21","volume":5,"page":208,"property_n":"102","pronari":"PRIVAT","Lloji_pasu":"TRUALL","id_bau":15411720,"id_sut":2632705,"InspireId":"ASHK_N_2632705","Zona_Kadas":1481,"Numri_i_pa":"102","Emri_I_Sis":"Agjencia Shteterore e Kadastres","Fillimi_i_":"10.08.2016","Përfundim":"13.05.2022","Shape_Leng":42.5505705016,"Shape_Area":97.3347396766}},
{"type":"Feature","geometry":{"type":"Polygon","coordinates":[[[19.64136767922727,40.153983930456576],[19.64141575606048,40.15395660946482],[19.641451146399266,40.15399492940952],[19.641408853703066,40.15402131099812],[19.64136767922727,40.153983930456576]]]},"properties":{"OBJECTID":17671,"id":2632552,"cze_id":1481,"Tipi":"Ndertese","upn":"1481-33/2-N","label":"33/2","legal_area":0,"active":2,"descriptio":"","registrati":"2016-08-10 00:00:00","su_last_mo":"2022-05-13 11:49:28","volume":2,"page":84,"property_n":"33/2","pronari":"PRIVAT","Lloji_pasu":"TRUALL","id_bau":16306358,"id_sut":2632552,"InspireId":"ASHK_N_2632552","Zona_Kadas":1481,"Numri_i_pa":"33/2","Emri_I_Sis":"Agjencia Shteterore e Kadastres","Fillimi_i_":"10.08.2016","Përfundim":"13.05.2022","Shape_Leng":20.3910414172,"Shape_Area":25.9054666047}},
{"type":"Feature","geometry":{"type":"Polygon","coordinates":[[[19.641980894369244,40.14793471877168],[19.641908745788438,40.147887228015215],[19.64194411687802,40.147855584253485],[19.64196238148473,40.14786760691812],[19.642017232669023,40.14781853473139],[19.642071115455906,40.14785400187192],[19.641980894369244,40.14793471877168]]]},"properties":{"OBJECTID":17672,"id":2633006,"cze_id":1481,"Tipi":"Ndertese","upn":"1481-339-N","label":"339","legal_area":0,"active":2,"descriptio":"","registrati":"2016-08-10 00:00:00","su_last_mo":"2022-05-13 16:08:03","volume":4,"page":27,"property_n":"339","pronari":"PRIVAT","Lloji_pasu":"TRUALL","id_bau":15482062,"id_sut":2633006,"InspireId":"ASHK_N_2633006","Zona_Kadas":1481,"Numri_i_pa":"339","Emri_I_Sis":"Agjencia Shteterore e Kadastres","Fillimi_i_":"10.08.2016","Përfundim":"13.05.2022","Shape_Leng":39.8152727592,"Shape_Area":80.9199117874}},
{"type":"Feature","geometry":{"type":"Polygon","coordinates":[[[19.638018210043366,40.15150592108464],[19.638022281058408,40.15147591884029],[19.638066631573963,40.15147947252186],[19.638062560578202,40.15150947476783],[19.63804797141433,40.151508306126225],[19.63804357186371,40.15154072633772],[19.63805816103444,40.151541894979914],[19.63805384696713,40.15157368864594],[19.63803925778968,40.151572520003185],[19.63803504140676,40.1516035971015],[19.638049629412375,40.15160476664171],[19.638045290913098,40.15163673944875],[19.637956592027056,40.15162963295952],[19.637973860682102,40.15150236828873],[19.638018210043366,40.15150592108464]]]},"properties":{"OBJECTID":17777,"id":2632848,"cze_id":1481,"Tipi":"Ndertese","upn":"1481-200-N","label":"200","legal_area":0,"active":2,"descriptio":"","registrati":"2016-08-10 00:00:00","su_last_mo":"2022-05-13 11:07:44","volume":3,"page":79,"property_n":"200","pronari":"PRIVAT","Lloji_pasu":"TRUALL","id_bau":15481735,"id_sut":2632848,"InspireId":"ASHK_N_2632848","Zona_Kadas":1481,"Numri_i_pa":"200","Emri_I_Sis":"Agjencia Shteterore e Kadastres","Fillimi_i_":"10.08.2016","Përfundim":"13.05.2022","Shape_Leng":55.3110037924,"Shape_Area":111.827779523}},
{"type":"Feature","geometry":{"type":"Polygon","coordinates":[[[19.641440672724254,40.151118397206396],[19.64148792482028,40.151158478522206],[19.641383457465604,40.15123099682366],[19.641336205381382,40.151190915465776],[19.641440672724254,40.151118397206396]]]},"properties":{"OBJECTID":17778,"id":2632914,"cze_id":1481,"Tipi":"Ndertese","upn":"1481-226-N","label":"226","legal_area":0,"active":2,"descriptio":"","registrati":"2016-08-10 00:00:00","su_last_mo":"2022-05-13 11:07:41","volume":5,"page":82,"property_n":"226","pronari":"PRIVAT","Lloji_pasu":"TRUALL","id_bau":15411693,"id_sut":2632914,"InspireId":"ASHK_N_2632914","Zona_Kadas":1481,"Numri_i_pa":"226","Emri_I_Sis":"Agjencia Shteterore e Kadastres","Fillimi_i_":"10.08.2016","Përfundim":"13.05.2022","Shape_Leng":36.0090273276,"Shape_Area":72.0359660258}},
{"type":"Feature","geometry":{"type":"Polygon","coordinates":[[[19.640637165806265,40.15018510797982],[19.640617749195858,40.15016245453233],[19.640639317758428,40.150151569353014],[19.64065873437296,40.15017422279696],[19.640637165806265,40.15018510797982]]]},"properties":{"OBJECTID":17779,"id":2632995,"cze_id":1481,"Tipi":"Ndertese","upn":"1481-259/1-N","label":"259/1","legal_area":0,"active":2,"descriptio":"","registrati":"2016-08-10 00:00:00","su_last_mo":"2022-05-13 16:08:03","volume":3,"page":129,"property_n":"259/1","pronari":"PRIVAT","Lloji_pasu":"TRUALL","id_bau":15481800,"id_sut":2632995,"InspireId":"ASHK_N_2632995","Zona_Kadas":1481,"Numri_i_pa":"259/1","Emri_I_Sis":"Agjencia Shteterore e Kadastres","Fillimi_i_":"10.08.2016","Përfundim":"13.05.2022","Shape_Leng":10.4207337658,"Shape_Area":6.62251628922}},
{"type":"Feature","geometry":{"type":"Polygon","coordinates":[[[19.642497115594203,40.15013428094697],[19.642426651432697,40.15007011223356],[19.642468299124086,40.150044437027184],[19.642490877408367,40.150064523328965],[19.642556081515554,40.150022566038515],[19.64260449325061,40.15006484703329],[19.642497115594203,40.15013428094697]]]},"properties":{"OBJECTID":17780,"id":2632946,"cze_id":1481,"Tipi":"Ndertese","upn":"1481-264/5-N","label":"264/5","legal_area":0,"active":2,"descriptio":"","registrati":"2016-08-10 00:00:00","su_last_mo":"2022-05-13 16:08:07","volume":2,"page":164,"property_n":"264/5+1-1","pronari":"PRIVAT","Lloji_pasu":"APARTAMENT","id_bau":14721298,"id_sut":2632946,"InspireId":"ASHK_N_2632946","Zona_Kadas":1481,"Numri_i_pa":"264/5+1-1","Emri_I_Sis":"Agjencia Shteterore e Kadastres","Fillimi_i_":"10.08.2016","Përfundim":"13.05.2022","Shape_Leng":42.2800915785,"Shape_Area":88.1941439416}},
{"type":"Feature","geometry":{"type":"Polygon","coordinates":[[[19.640731918857128,40.149239992230996],[19.64075787459779,40.149243700348855],[19.64075143010528,40.14927025777339],[19.640725474359634,40.14926654875349],[19.640722682757996,40.14927805688309],[19.640643337896005,40.14926671986569],[19.640653031401804,40.149228719680906],[19.640731918857128,40.149239992230996]]]},"properties":{"OBJECTID":17782,"id":2632544,"cze_id":1481,"Tipi":"Ndertese","upn":"1481-298/1-N","label":"298/1","legal_area":0,"active":2,"descriptio":"","registrati":"2016-08-10 00:00:00","su_last_mo":"2022-05-13 11:49:29","volume":3,"page":190,"property_n":"298/1","pronari":"PRIVAT","Lloji_pasu":"TRUALL","id_bau":15481886,"id_sut":2632544,"InspireId":"ASHK_N_2632544","Zona_Kadas":1481,"Numri_i_pa":"298/1","Emri_I_Sis":"Agjencia Shteterore e Kadastres","Fillimi_i_":"10.08.2016","Përfundim":"13.05.2022","Shape_Leng":26.8128013735,"Shape_Area":36.2295266675}},
{"type":"Feature","geometry":{"type":"Polygon","coordinates":[[[19.642747550243275,40.14885803464642],[19.642692967070563,40.148796097215204],[19.642669343676634,40.148771493047576],[19.642705078438297,40.14875355991873],[19.642719108623663,40.14876948157618],[19.64275703305906,40.14874980083073],[19.642819505207072,40.14882068745004],[19.642747550243275,40.14885803464642]]]},"properties":{"OBJECTID":17783,"id":2632765,"cze_id":1481,"Tipi":"Ndertese","upn":"1481-314/1-N","label":"314/1","legal_area":0,"active":2,"descriptio":"","registrati":"2016-08-10 00:00:00","su_last_mo":"2022-05-13 11:07:48","volume":6,"page":46,"property_n":"314/1","pronari":"PRIVAT","Lloji_pasu":"TRUALL","id_bau":6707306,"id_sut":2632765,"InspireId":"ASHK_N_2632765","Zona_Kadas":1481,"Numri_i_pa":"314/1","Emri_I_Sis":"Agjencia Shteterore e Kadastres","Fillimi_i_":"10.08.2016","Përfundim":"13.05.2022","Shape_Leng":38.2736382099,"Shape_Area":78.1346330761}},
{"type":"Feature","geometry":{"type":"Polygon","coordinates":[[[19.641793230754843,40.148444855236995],[19.64172209100344,40.14840988213939],[19.641759753630733,40.14836476994291],[19.641830892185894,40.14839974211332],[19.641793230754843,40.148444855236995]]]},"properties":{"OBJECTID":17784,"id":2632980,"cze_id":1481,"Tipi":"Ndertese","upn":"1481-328/1-N","label":"328/1","legal_area":0,"active":2,"descriptio":"","registrati":"2016-08-10 00:00:00","su_last_mo":"2022-05-13 16:08:03","volume":4,"page":3,"property_n":"328/1","pronari":"PRIVAT","Lloji_pasu":"TRUALL","id_bau":15482035,"id_sut":2632980,"InspireId":"ASHK_N_2632980","Zona_Kadas":1481,"Numri_i_pa":"328/1","Emri_I_Sis":"Agjencia Shteterore e Kadastres","Fillimi_i_":"10.08.2016","Përfundim":"13.05.2022","Shape_Leng":26.2960365909,"Shape_Area":42.827043007}},
{"type":"Feature","geometry":{"type":"Polygon","coordinates":[[[19.641399788237408,40.15369506746197],[19.64136125834716,40.153727282120336],[19.641320995099843,40.153712385883935],[19.641346637535804,40.153674019899086],[19.641399788237408,40.15369506746197]]]},"properties":{"OBJECTID":17785,"id":2632663,"cze_id":1481,"Tipi":"Ndertese","upn":"1481-47/1-N","label":"47/1","legal_area":0,"active":2,"descriptio":"","registrati":"2016-08-10 00:00:00","su_last_mo":"2022-05-13 11:49:23","volume":1,"page":197,"property_n":"47/1","pronari":"PRIVAT","Lloji_pasu":"TRUALL","id_bau":31872437,"id_sut":2632663,"InspireId":"ASHK_N_2632663","Zona_Kadas":1481,"Numri_i_pa":"47/1","Emri_I_Sis":"Agjencia Shteterore e Kadastres","Fillimi_i_":"10.08.2016","Përfundim":"13.05.2022","Shape_Leng":18.5474586232,"Shape_Area":21.0499539602}},
{"type":"Feature","geometry":{"type":"Polygon","coordinates":[[[19.639226482246904,40.15511000224026],[19.63917722652972,40.15514774030016],[19.639131528917062,40.15511262337616],[19.639180784633893,40.155074885335466],[19.639226482246904,40.15511000224026]]]},"properties":{"OBJECTID":17786,"id":2632829,"cze_id":1481,"Tipi":"Ndertese","upn":"1481-5-N","label":"5","legal_area":0,"active":2,"descriptio":"","registrati":"2016-08-10 00:00:00","su_last_mo":"2022-05-13 11:07:45","volume":2,"page":169,"property_n":"5","pronari":"PRIVAT","Lloji_pasu":"TRUALL","id_bau":15482117,"id_sut":2632829,"InspireId":"ASHK_N_2632829","Zona_Kadas":1481,"Numri_i_pa":"5","Emri_I_Sis":"Agjencia Shteterore e Kadastres","Fillimi_i_":"10.08.2016","Përfundim":"13.05.2022","Shape_Leng":22.8818181534,"Shape_Area":32.6794654203}},
{"type":"Feature","geometry":{"type":"Polygon","coordinates":[[[19.641016004104348,40.1529236380384],[19.640856095017313,40.152929406704274],[19.640854357391625,40.15287760730866],[19.640859676627695,40.15287779221752],[19.640858308162475,40.1528604083286],[19.640983209219026,40.15285461848073],[19.640984595513846,40.152878206608996],[19.640998488491572,40.15287791916516],[19.641012382638095,40.1528776326239],[19.641016004104348,40.1529236380384]]]},"properties":{"OBJECTID":18068,"id":2632705,"cze_id":1481,"Tipi":"Ndertese","upn":"1481-102-N","label":"102","legal_area":0,"active":2,"descriptio":"","registrati":"2016-08-10 00:00:00","su_last_mo":"2022-05-13 11:49:21","volume":1,"page":186,"property_n":"102","pronari":"PRIVAT","Lloji_pasu":"TRUALL","id_bau":6704201,"id_sut":2632705,"InspireId":"ASHK_N_2632705","Zona_Kadas":1481,"Numri_i_pa":"102","Emri_I_Sis":"Agjencia Shteterore e Kadastres","Fillimi_i_":"10.08.2016","Përfundim":"13.05.2022","Shape_Leng":42.5505705016,"Shape_Area":97.3347396766}},
{"type":"Feature","geometry":{"type":"Polygon","coordinates":[[[19.64067315915472,40.15452620640077],[19.64063712244538,40.154569350037875],[19.640564677253522,40.154532225194146],[19.640599933275325,40.15449335156841],[19.64067315915472,40.15452620640077]]]},"properties":{"OBJECTID":18069,"id":2632755,"cze_id":1481,"Tipi":"Ndertese","upn":"1481-11-N","label":"11","legal_area":0,"active":2,"descriptio":"","registrati":"2016-08-10 00:00:00","su_last_mo":"2022-05-13 11:07:49","volume":5,"page":113,"property_n":"11","pronari":"PRIVAT","Lloji_pasu":"TRUALL","id_bau":15412240,"id_sut":2632755,"InspireId":"ASHK_N_2632755","Zona_Kadas":1481,"Numri_i_pa":"11","Emri_I_Sis":"Agjencia Shteterore e Kadastres","Fillimi_i_":"10.08.2016","Përfundim":"13.05.2022","Shape_Leng":25.598726895,"Shape_Area":40.0581519876}},
{"type":"Feature","geometry":{"type":"Polygon","coordinates":[[[19.641010248111318,40.152633482431476],[19.64109629821971,40.15262726580556],[19.641101251039107,40.152667625024996],[19.641016401596705,40.15267538989389],[19.641010248111318,40.152633482431476]]]},"properties":{"OBJECTID":18070,"id":2632720,"cze_id":1481,"Tipi":"Ndertese","upn":"1481-120/1-N","label":"120/1","legal_area":0,"active":2,"descriptio":"","registrati":"2016-08-10 00:00:00","su_last_mo":"2022-05-13 11:07:50","volume":6,"page":30,"property_n":"120/1","pronari":"PRIVAT","Lloji_pasu":"TRUALL","id_bau":15412197,"id_sut":2632720,"InspireId":"ASHK_N_2632720","Zona_Kadas":1481,"Numri_i_pa":"120/1","Emri_I_Sis":"Agjencia Shteterore e Kadastres","Fillimi_i_":"10.08.2016","Përfundim":"13.05.2022","Shape_Leng":23.8291124907,"Shape_Area":33.621119911}},
{"type":"Feature","geometry":{"type":"Polygon","coordinates":[[[19.640462499825254,40.15210106796702],[19.640489918509903,40.15206124331172],[19.640565752497164,40.152091986323526],[19.640538333848927,40.152131810096115],[19.640462499825254,40.15210106796702]]]},"properties":{"OBJECTID":18074,"id":2632887,"cze_id":1481,"Tipi":"Ndertese","upn":"1481-167-N","label":"167","legal_area":0,"active":2,"descriptio":"","registrati":"2016-08-10 00:00:00","su_last_mo":"2022-05-13 11:07:43","volume":50,"page":232,"property_n":"167","pronari":"PRIVAT","Lloji_pasu":"TRUALL","id_bau":15411829,"id_sut":2632887,"InspireId":"ASHK_N_2632887","Zona_Kadas":1481,"Numri_i_pa":"167","Emri_I_Sis":"Agjencia Shteterore e Kadastres","Fillimi_i_":"10.08.2016","Përfundim":"13.05.2022","Shape_Leng":24.6179282063,"Shape_Area":36.547650375}},
{"type":"Feature","geometry":{"type":"Polygon","coordinates":[[[19.64118186184956,40.152122053272855],[19.641184147131238,40.1520459692373],[19.64129678826212,40.152044798925594],[19.64129834677381,40.152122227748556],[19.64118186184956,40.152122053272855]]]},"properties":{"OBJECTID":18075,"id":2632787,"cze_id":1481,"Tipi":"Ndertese","upn":"1481-169-N","label":"169","legal_area":0,"active":2,"descriptio":"","registrati":"2016-08-10 00:00:00","su_last_mo":"2022-05-13 11:07:47","volume":1003,"page":64,"property_n":"169","pronari":"PRIVAT","Lloji_pasu":"TRUALL","id_bau":6705351,"id_sut":2632787,"InspireId":"ASHK_N_2632787","Zona_Kadas":1481,"Numri_i_pa":"169","Emri_I_Sis":"Agjencia Shteterore e Kadastres","Fillimi_i_":"10.08.2016","Përfundim":"13.05.2022","Shape_Leng":36.5727620199,"Shape_Area":83.1937558642}},
{"type":"Feature","geometry":{"type":"Polygon","coordinates":[[[19.641195949631957,40.15001456984474],[19.64115736738831,40.1499672393757],[19.641238157494282,40.149928458887516],[19.641276738603608,40.149975788425884],[19.641195949631957,40.15001456984474]]]},"properties":{"OBJECTID":18078,"id":2632806,"cze_id":1481,"Tipi":"Ndertese","upn":"1481-263-N","label":"263","legal_area":0,"active":2,"descriptio":"","registrati":"2016-08-10 00:00:00","su_last_mo":"2022-05-13 11:07:46","volume":3,"page":141,"property_n":"263","pronari":"PRIVAT","Lloji_pasu":"TRUALL","id_bau":15481821,"id_sut":2632806,"InspireId":"ASHK_N_2632806","Zona_Kadas":1481,"Numri_i_pa":"263","Emri_I_Sis":"Agjencia Shteterore e Kadastres","Fillimi_i_":"10.08.2016","Përfundim":"13.05.2022","Shape_Leng":28.637564753,"Shape_Area":50.3344845378}},
{"type":"Feature","geometry":{"type":"Polygon","coordinates":[[[19.63982879064563,40.148476547087434],[19.639784431396997,40.14846477883838],[19.63980743464582,40.14841371738407],[19.639851793865336,40.14842548562427],[19.63982879064563,40.148476547087434]]]},"properties":{"OBJECTID":19966,"id":2632874,"cze_id":1481,"Tipi":"Ndertese","upn":"1481-323/3-N","label":"323/3","legal_area":0,"active":2,"descriptio":"","registrati":"2016-08-10 00:00:00","su_last_mo":"2022-05-13 11:07:43","volume":3,"page":239,"property_n":"323/3","pronari":"PRIVAT","Lloji_pasu":"TRUALL","id_bau":15482017,"id_sut":2632874,"InspireId":"ASHK_N_2632874","Zona_Kadas":1481,"Numri_i_pa":"323/3","Emri_I_Sis":"Agjencia Shteterore e Kadastres","Fillimi_i_":"10.08.2016","Përfundim":"13.05.2022","Shape_Leng":19.9967793484,"Shape_Area":23.9922332064}},
{"type":"Feature","geometry":{"type":"Polygon","coordinates":[[[19.640656624575882,40.14717387755704],[19.640647802301007,40.14716330062225],[19.640583041142502,40.14708566476552],[19.64062759694084,40.14706377812496],[19.64063645301899,40.147074395693075],[19.640677464853137,40.1470542496902],[19.640686955345004,40.14706562842378],[19.640727965990276,40.147045481498665],[19.640763406721664,40.147087967097534],[19.640783171362028,40.14707825876796],[19.640804530130143,40.147104116232235],[19.640656624575882,40.14717387755704]]]},"properties":{"OBJECTID":19967,"id":2632974,"cze_id":1481,"Tipi":"Ndertese","upn":"1481-352-N","label":"352","legal_area":0,"active":2,"descriptio":"","registrati":"2016-08-10 00:00:00","su_last_mo":"2022-05-13 16:08:03","volume":4,"page":47,"property_n":"352","pronari":"PRIVAT","Lloji_pasu":"TRUALL","id_bau":15482086,"id_sut":2632974,"InspireId":"ASHK_N_2632974","Zona_Kadas":1481,"Numri_i_pa":"352","Emri_I_Sis":"Agjencia Shteterore e Kadastres","Fillimi_i_":"10.08.2016","Përfundim":"13.05.2022","Shape_Leng":53.1302521021,"Shape_Area":139.333758582}},
{"type":"Feature","geometry":{"type":"Polygon","coordinates":[[[19.641494253997795,40.153020977039006],[19.64142394862182,40.15302018386882],[19.641428961665902,40.15297571279839],[19.641496452993668,40.152982225024815],[19.641494253997795,40.153020977039006]]]},"properties":{"OBJECTID":19968,"id":2632735,"cze_id":1481,"Tipi":"Ndertese","upn":"1481-91/1-N","label":"91/1","legal_area":0,"active":2,"descriptio":"","registrati":"2016-08-10 00:00:00","su_last_mo":"2022-05-13 11:07:50","volume":6,"page":41,"property_n":"91/1","pronari":"PRIVAT","Lloji_pasu":"TRUALL","id_bau":15411943,"id_sut":2632735,"InspireId":"ASHK_N_2632735","Zona_Kadas":1481,"Numri_i_pa":"91/1","Emri_I_Sis":"Agjencia Shteterore e Kadastres","Fillimi_i_":"10.08.2016","Përfundim":"13.05.2022","Shape_Leng":21.0502672417,"Shape_Area":27.2488387399}},
{"type":"Feature","geometry":{"type":"Polygon","coordinates":[[[19.63968741070091,40.15238574982956],[19.639705261914568,40.152433734039],[19.63967686495679,40.15244424565897],[19.63958579659318,40.152477957829134],[19.63953078873185,40.152390902784504],[19.639598993606434,40.152365526535064],[19.639626168738396,40.15240853518052],[19.63968741070091,40.15238574982956]]]},"properties":{"OBJECTID":18617,"id":2633014,"cze_id":1481,"Tipi":"Ndertese","upn":"1481-136-N","label":"136","legal_area":0,"active":2,"descriptio":"","registrati":"2016-08-10 00:00:00","su_last_mo":"2022-05-13 16:08:03","volume":3,"page":28,"property_n":"136","pronari":"PRIVAT","Lloji_pasu":"TRUALL","id_bau":15481643,"id_sut":2633014,"InspireId":"ASHK_N_2633014","Zona_Kadas":1481,"Numri_i_pa":"136","Emri_I_Sis":"Agjencia Shteterore e Kadastres","Fillimi_i_":"10.08.2016","Përfundim":"13.05.2022","Shape_Leng":45.1503018706,"Shape_Area":98.4416829175}},
{"type":"Feature","geometry":{"type":"Polygon","coordinates":[[[19.64143244154202,40.1520727799193],[19.641441877079497,40.15201866097176],[19.641508185219752,40.15202546852443],[19.641511298909077,40.152007610395295],[19.641532377976688,40.15200977313355],[19.641529265466403,40.15202763126689],[19.64151995642896,40.152026674837145],[19.641511089523792,40.15207756872612],[19.64150177695893,40.152076612283985],[19.64149352737922,40.15212393362808],[19.64142748899353,40.152122945634815],[19.64143244154202,40.1520727799193]]]},"properties":{"OBJECTID":18654,"id":2632697,"cze_id":1481,"Tipi":"Ndertese","upn":"1481-172-N","label":"172","legal_area":0,"active":2,"descriptio":"","registrati":"2016-08-10 00:00:00","su_last_mo":"2022-05-13 11:49:22","volume":50,"page":234,"property_n":"172","pronari":"PRIVAT","Lloji_pasu":"TRUALL","id_bau":15411834,"id_sut":2632697,"InspireId":"ASHK_N_2632697","Zona_Kadas":1481,"Numri_i_pa":"172","Emri_I_Sis":"Agjencia Shteterore e Kadastres","Fillimi_i_":"10.08.2016","Përfundim":"13.05.2022","Shape_Leng":41.394004412,"Shape_Area":74.3277218519}},
{"type":"Feature","geometry":{"type":"Polygon","coordinates":[[[19.640163857033038,40.150246957063345],[19.640132532822125,40.150214340190466],[19.64020337949616,40.150174274998],[19.64018806464033,40.150158327433886],[19.640231515950763,40.15013375466017],[19.640278156207025,40.150182321766444],[19.640163857033038,40.150246957063345]]]},"properties":{"OBJECTID":18656,"id":2632882,"cze_id":1481,"Tipi":"Ndertese","upn":"1481-260-N","label":"260","legal_area":0,"active":2,"descriptio":"","registrati":"2016-08-10 00:00:00","su_last_mo":"2022-05-13 11:07:43","volume":3,"page":134,"property_n":"260","pronari":"PRIVAT","Lloji_pasu":"TRUALL","id_bau":15481807,"id_sut":2632882,"InspireId":"ASHK_N_2632882","Zona_Kadas":1481,"Numri_i_pa":"260","Emri_I_Sis":"Agjencia Shteterore e Kadastres","Fillimi_i_":"10.08.2016","Përfundim":"13.05.2022","Shape_Leng":37.59363755,"Shape_Area":64.5472112326}},
{"type":"Feature","geometry":{"type":"Polygon","coordinates":[[[19.6397393675219,40.152194437288145],[19.639765793099674,40.15213452288645],[19.639899992855717,40.152168076724664],[19.63987356855606,40.15222799116076],[19.6397393675219,40.152194437288145]]]},"properties":{"OBJECTID":18698,"id":2632948,"cze_id":1481,"Tipi":"Ndertese","upn":"1481-160-N","label":"160","legal_area":0,"active":2,"descriptio":"","registrati":"2016-08-10 00:00:00","su_last_mo":"2022-05-13 16:08:07","volume":105,"page":229,"property_n":"app_160","pronari":"PRIVAT","Lloji_pasu":"TRUALL","id_bau":15411817,"id_sut":2632948,"InspireId":"ASHK_N_2632948","Zona_Kadas":1481,"Numri_i_pa":"app_160","Emri_I_Sis":"Agjencia Shteterore e Kadastres","Fillimi_i_":"10.08.2016","Përfundim":"13.05.2022","Shape_Leng":38.0994550821,"Shape_Area":84.4607664228}},
{"type":"Feature","geometry":{"type":"Polygon","coordinates":[[[19.641266081117198,40.15340278014082],[19.641231662466694,40.153385747761064],[19.64125063945773,40.15336346014324],[19.641284713291746,40.153380891312494],[19.641266081117198,40.15340278014082]]]},"properties":{"OBJECTID":19293,"id":2632678,"cze_id":1481,"Tipi":"Ndertese","upn":"1481-68-N","label":"68","legal_area":0,"active":2,"descriptio":"","registrati":"2016-08-10 00:00:00","su_last_mo":"2022-05-13 11:49:23","volume":5,"page":152,"property_n":"68","pronari":"PRIVAT","Lloji_pasu":"TRUALL","id_bau":15412179,"id_sut":2632678,"InspireId":"ASHK_N_2632678","Zona_Kadas":1481,"Numri_i_pa":"68","Emri_I_Sis":"Agjencia Shteterore e Kadastres","Fillimi_i_":"10.08.2016","Përfundim":"13.05.2022","Shape_Leng":12.8380155875,"Shape_Area":10.2222606404}},
{"type":"Feature","geometry":{"type":"Polygon","coordinates":[[[19.641485853104154,40.15379632825454],[19.641532979429,40.15382720238515],[19.64157574059116,40.15378847777316],[19.641618672423636,40.15381797448714],[19.641524412720262,40.15388680772288],[19.641442242941107,40.15383423156532],[19.641485853104154,40.15379632825454]]]},"properties":{"OBJECTID":19084,"id":2632672,"cze_id":1481,"Tipi":"Ndertese","upn":"1481-41-N","label":"41","legal_area":0,"active":2,"descriptio":"","registrati":"2016-08-10 00:00:00","su_last_mo":"2022-05-13 11:49:23","volume":1,"page":193,"property_n":"41","pronari":"PRIVAT","Lloji_pasu":"TRUALL","id_bau":15569958,"id_sut":2632672,"InspireId":"ASHK_N_2632672","Zona_Kadas":1481,"Numri_i_pa":"41","Emri_I_Sis":"Agjencia Shteterore e Kadastres","Fillimi_i_":"10.08.2016","Përfundim":"13.05.2022","Shape_Leng":41.6425157106,"Shape_Area":77.7367087163}},
{"type":"Feature","geometry":{"type":"Polygon","coordinates":[[[19.641417927217372,40.15307361451781],[19.641480592643234,40.15307117702555],[19.641481825446093,40.15308693761801],[19.641544024469336,40.15308883049982],[19.641544167942875,40.153081632503934],[19.641568615064813,40.15308191891944],[19.641578820720387,40.15302843997393],[19.64163689807602,40.15303496620723],[19.64161928321718,40.15312727651135],[19.641544531175903,40.153118134663444],[19.641412140512955,40.15312928116467],[19.641417927217372,40.15307361451781]]]},"properties":{"OBJECTID":19085,"id":2632736,"cze_id":1481,"Tipi":"Ndertese","upn":"1481-84-N","label":"84","legal_area":0,"active":2,"descriptio":"","registrati":"2016-08-10 00:00:00","su_last_mo":"2022-05-13 11:07:49","volume":5,"page":201,"property_n":"84","pronari":"PRIVAT","Lloji_pasu":"TRUALL","id_bau":15411690,"id_sut":2632736,"InspireId":"ASHK_N_2632736","Zona_Kadas":1481,"Numri_i_pa":"84","Emri_I_Sis":"Agjencia Shteterore e Kadastres","Fillimi_i_":"10.08.2016","Përfundim":"13.05.2022","Shape_Leng":60.6460372666,"Shape_Area":112.357123733}},
{"type":"Feature","geometry":{"type":"Polygon","coordinates":[[[19.639951018661357,40.14931757192558],[19.639884082348505,40.14924912580365],[19.63993102708227,40.14922209097238],[19.639948641582624,40.14924010357948],[19.640019058037463,40.14919955083368],[19.640068378706292,40.149249986990306],[19.639951018661357,40.14931757192558]]]},"properties":{"OBJECTID":19086,"id":2632989,"cze_id":1481,"Tipi":"Ndertese","upn":"1481-297-N","label":"297","legal_area":0,"active":2,"descriptio":"","registrati":"2016-08-10 00:00:00","su_last_mo":"2022-05-13 16:08:03","volume":103,"page":189,"property_n":"app_297","pronari":"PRIVAT","Lloji_pasu":"TRUALL","id_bau":15481885,"id_sut":2632989,"InspireId":"ASHK_N_2632989","Zona_Kadas":1481,"Numri_i_pa":"app_297","Emri_I_Sis":"Agjencia Shteterore e Kadastres","Fillimi_i_":"10.08.2016","Përfundim":"13.05.2022","Shape_Leng":44.0105739421,"Shape_Area":100.047956191}},
{"type":"Feature","geometry":{"type":"Polygon","coordinates":[[[19.642928925549356,40.14925875306147],[19.64288766815857,40.14923915950107],[19.642814914566742,40.149203500351476],[19.642842788478593,40.14917172782733],[19.642854702024756,40.1491774869443],[19.642897810357997,40.14912487752607],[19.642957648792276,40.14915374955506],[19.642945130997706,40.14916902825446],[19.64298573395384,40.14918830997267],[19.642928925549356,40.14925875306147]]]},"properties":{"OBJECTID":19087,"id":2632639,"cze_id":1481,"Tipi":"Ndertese","upn":"1481-301-N","label":"301","legal_area":0,"active":2,"descriptio":"","registrati":"2016-08-10 00:00:00","su_last_mo":"2022-05-13 11:49:24","volume":105,"page":249,"property_n":"app_301","pronari":"PRIVAT","Lloji_pasu":"TRUALL","id_bau":15412008,"id_sut":2632639,"InspireId":"ASHK_N_2632639","Zona_Kadas":1481,"Numri_i_pa":"app_301","Emri_I_Sis":"Agjencia Shteterore e Kadastres","Fillimi_i_":"10.08.2016","Përfundim":"13.05.2022","Shape_Leng":45.1374430092,"Shape_Area":110.460670981}},
{"type":"Feature","geometry":{"type":"Polygon","coordinates":[[[19.639212004954263,40.152712632090356],[19.63926903922098,40.15277823696531],[19.639151615622353,40.152838344119196],[19.63909459542663,40.1527727536405],[19.639212004954263,40.152712632090356]]]},"properties":{"OBJECTID":18990,"id":2632822,"cze_id":1481,"Tipi":"Ndertese","upn":"1481-111-N","label":"111","legal_area":0,"active":2,"descriptio":"","registrati":"2016-08-10 00:00:00","su_last_mo":"2022-05-13 11:07:46","volume":2,"page":244,"property_n":"111","pronari":"PRIVAT","Lloji_pasu":"TRUALL","id_bau":15481599,"id_sut":2632822,"InspireId":"ASHK_N_2632822","Zona_Kadas":1481,"Numri_i_pa":"111","Emri_I_Sis":"Agjencia Shteterore e Kadastres","Fillimi_i_":"10.08.2016","Përfundim":"13.05.2022","Shape_Leng":41.5652530373,"Shape_Area":105.304589112}},
{"type":"Feature","geometry":{"type":"Polygon","coordinates":[[[19.63992351472707,40.152752630284375],[19.63983375852893,40.15283760758268],[19.639783322177465,40.152809731341506],[19.639827290103266,40.15276080740374],[19.639760952404604,40.15274394187419],[19.63978005092458,40.15270270729619],[19.63986379097889,40.152727024411234],[19.639868419233483,40.15272181626656],[19.63992351472707,40.152752630284375]]]},"properties":{"OBJECTID":18991,"id":2632589,"cze_id":1481,"Tipi":"Ndertese","upn":"1481-112-N","label":"112","legal_area":0,"active":2,"descriptio":"","registrati":"2016-08-10 00:00:00","su_last_mo":"2022-05-13 11:49:26","volume":2,"page":245,"property_n":"112","pronari":"PRIVAT","Lloji_pasu":"TRUALL","id_bau":15481600,"id_sut":2632589,"InspireId":"ASHK_N_2632589","Zona_Kadas":1481,"Numri_i_pa":"112","Emri_I_Sis":"Agjencia Shteterore e Kadastres","Fillimi_i_":"10.08.2016","Përfundim":"13.05.2022","Shape_Leng":48.992226412,"Shape_Area":100.722148281}},
{"type":"Feature","geometry":{"type":"Polygon","coordinates":[[[19.641174524272213,40.154438610560796],[19.641220708687733,40.154479917065416],[19.641224212094528,40.15448305027573],[19.64115296051053,40.15452995390487],[19.641117155474653,40.15449792953197],[19.641071732348287,40.15452783161598],[19.64103645547718,40.15449469932501],[19.641080860994535,40.154465468644425],[19.641103293727454,40.1544855331374],[19.64111110707961,40.15448038615052],[19.641174524272213,40.154438610560796]]]},"properties":{"OBJECTID":19133,"id":2632563,"cze_id":1481,"Tipi":"Ndertese","upn":"1481-10-N","label":"10","legal_area":0,"active":2,"descriptio":"","registrati":"2016-08-10 00:00:00","su_last_mo":"2022-05-13 11:49:28","volume":2,"page":174,"property_n":"10","pronari":"PRIVAT","Lloji_pasu":"TRUALL","id_bau":15481576,"id_sut":2632563,"InspireId":"ASHK_N_2632563","Zona_Kadas":1481,"Numri_i_pa":"10","Emri_I_Sis":"Agjencia Shteterore e Kadastres","Fillimi_i_":"10.08.2016","Përfundim":"13.05.2022","Shape_Leng":44.9545884411,"Shape_Area":75.939572326}},
{"type":"Feature","geometry":{"type":"Polygon","coordinates":[[[19.6384408591156,40.15147434827116],[19.63845514305985,40.15148261348545],[19.638564096858893,40.15154565832188],[19.63851062446795,40.151602813260844],[19.638392649543377,40.151533444156506],[19.638388084246714,40.15153075874036],[19.6384408591156,40.15147434827116]]]},"properties":{"OBJECTID":19141,"id":2632612,"cze_id":1481,"Tipi":"Ndertese","upn":"1481-208/2-N","label":"208/2","legal_area":0,"active":2,"descriptio":"","registrati":"2016-08-10 00:00:00","su_last_mo":"2022-05-13 11:49:26","volume":3,"page":82,"property_n":"208/2","pronari":"PRIVAT","Lloji_pasu":"TRUALL","id_bau":15481742,"id_sut":2632612,"InspireId":"ASHK_N_2632612","Zona_Kadas":1481,"Numri_i_pa":"208/2","Emri_I_Sis":"Agjencia Shteterore e Kadastres","Fillimi_i_":"10.08.2016","Përfundim":"13.05.2022","Shape_Leng":41.8287760387,"Shape_Area":102.048496937}},
{"type":"Feature","geometry":{"type":"Polygon","coordinates":[[[19.640577237065344,40.15342460880337],[19.640640961244962,40.15343246162516],[19.640645989168902,40.153415331740256],[19.640703293117387,40.15342523596687],[19.640692462870497,40.15346213027457],[19.64063465115672,40.153452138009854],[19.640624872035104,40.15348644456726],[19.640553255969674,40.15347660034391],[19.640553361349763,40.15347620260894],[19.640567171044957,40.153423612122445],[19.640577237065344,40.15342460880337]]]},"properties":{"OBJECTID":19207,"id":2632578,"cze_id":1481,"Tipi":"Ndertese","upn":"1481-60-N","label":"60","legal_area":0,"active":2,"descriptio":"","registrati":"2016-08-10 00:00:00","su_last_mo":"2022-05-13 11:49:27","volume":2,"page":201,"property_n":"60","pronari":"PRIVAT","Lloji_pasu":"TRUALL","id_bau":15482142,"id_sut":2632578,"InspireId":"ASHK_N_2632578","Zona_Kadas":1481,"Numri_i_pa":"60","Emri_I_Sis":"Agjencia Shteterore e Kadastres","Fillimi_i_":"10.08.2016","Përfundim":"13.05.2022","Shape_Leng":38.6674169672,"Shape_Area":59.1420427269}},
{"type":"Feature","geometry":{"type":"Polygon","coordinates":[[[19.640356296388994,40.15457545054461],[19.64039864618746,40.15460669845269],[19.640345077405954,40.15464524766178],[19.640304940194735,40.1546124089559],[19.640355979464523,40.15457567831085],[19.640356296388994,40.15457545054461]]]},"properties":{"OBJECTID":19208,"id":2632497,"cze_id":1481,"Tipi":"Ndertese","upn":"1481-8-N","label":"8","legal_area":0,"active":2,"descriptio":"","registrati":"2016-08-10 00:00:00","su_last_mo":"2022-05-13 11:49:32","volume":1,"page":151,"property_n":"8","pronari":"PRIVAT","Lloji_pasu":"TRUALL","id_bau":19030666,"id_sut":2632497,"InspireId":"ASHK_N_2632497","Zona_Kadas":1481,"Numri_i_pa":"8","Emri_I_Sis":"Agjencia Shteterore e Kadastres","Fillimi_i_":"10.08.2016","Përfundim":"13.05.2022","Shape_Leng":22.2612388788,"Shape_Area":30.6355315752}},
{"type":"Feature","geometry":{"type":"Polygon","coordinates":[[[19.641473638125518,40.149263481164894],[19.641416429107768,40.14921094891236],[19.641448393058162,40.149190451313466],[19.641452155054367,40.14919390593144],[19.641494954975574,40.14916645866814],[19.64154840084078,40.149215536264],[19.641473638125518,40.149263481164894]]]},"properties":{"OBJECTID":19209,"id":2632846,"cze_id":1481,"Tipi":"Ndertese","upn":"1481-299-N","label":"299","legal_area":0,"active":2,"descriptio":"","registrati":"2016-08-10 00:00:00","su_last_mo":"2022-05-13 11:07:44","volume":103,"page":194,"property_n":"app_299","pronari":"PRIVAT","Lloji_pasu":"TRUALL","id_bau":15481891,"id_sut":2632846,"InspireId":"ASHK_N_2632846","Zona_Kadas":1481,"Numri_i_pa":"app_299","Emri_I_Sis":"Agjencia Shteterore e Kadastres","Fillimi_i_":"10.08.2016","Përfundim":"13.05.2022","Shape_Leng":31.8078630883,"Shape_Area":60.7350949989}},
{"type":"Feature","geometry":{"type":"Polygon","coordinates":[[[19.639546571511886,40.152491788621646],[19.639554866718374,40.152498262689726],[19.639507614059728,40.152534244684304],[19.63945140804159,40.15249333676523],[19.63947976551359,40.15247321214722],[19.639522691453845,40.15249905591833],[19.639546571511886,40.152491788621646]]]},"properties":{"OBJECTID":19215,"id":2632597,"cze_id":1481,"Tipi":"Ndertese","upn":"1481-124/1-N","label":"124/1","legal_area":0,"active":2,"descriptio":"","registrati":"2016-08-10 00:00:00","su_last_mo":"2022-05-13 11:49:26","volume":3,"page":13,"property_n":"124/1","pronari":"PRIVAT","Lloji_pasu":"TRUALL","id_bau":15481620,"id_sut":2632597,"InspireId":"ASHK_N_2632597","Zona_Kadas":1481,"Numri_i_pa":"124/1","Emri_I_Sis":"Agjencia Shteterore e Kadastres","Fillimi_i_":"10.08.2016","Përfundim":"13.05.2022","Shape_Leng":23.4097198181,"Shape_Area":26.1430218885}},
{"type":"Feature","geometry":{"type":"Polygon","coordinates":[[[19.640440563046976,40.15429988047998],[19.640502462077535,40.154316801183],[19.640468421631617,40.15435530570916],[19.640442916587613,40.15434833878076],[19.640433361508272,40.15436549152037],[19.640406030697385,40.154358654003325],[19.640432800458804,40.15431052930088],[19.640440563046976,40.15429988047998]]]},"properties":{"OBJECTID":19216,"id":2632680,"cze_id":1481,"Tipi":"Ndertese","upn":"1481-13/1-N","label":"13/1","legal_area":0,"active":2,"descriptio":"","registrati":"2016-08-10 00:00:00","su_last_mo":"2022-05-13 11:49:23","volume":1004,"page":70,"property_n":"13/1","pronari":"PRIVAT","Lloji_pasu":"TRUALL","id_bau":6706363,"id_sut":2632680,"InspireId":"ASHK_N_2632680","Zona_Kadas":1481,"Numri_i_pa":"13/1","Emri_I_Sis":"Agjencia Shteterore e Kadastres","Fillimi_i_":"10.08.2016","Përfundim":"13.05.2022","Shape_Leng":24.7572770389,"Shape_Area":31.2832389132}},
{"type":"Feature","geometry":{"type":"Polygon","coordinates":[[[19.638991609826256,40.15150005663055],[19.638931965901953,40.151470509525986],[19.638994720894917,40.151395919927054],[19.639054363608032,40.151425466995846],[19.638991609826256,40.15150005663055]]]},"properties":{"OBJECTID":19219,"id":2632999,"cze_id":1481,"Tipi":"Ndertese","upn":"1481-210-N","label":"210","legal_area":0,"active":2,"descriptio":"","registrati":"2016-08-10 00:00:00","su_last_mo":"2022-05-13 16:08:03","volume":3,"page":87,"property_n":"210","pronari":"PRIVAT","Lloji_pasu":"TRUALL","id_bau":15481747,"id_sut":2632999,"InspireId":"ASHK_N_2632999","Zona_Kadas":1481,"Numri_i_pa":"210","Emri_I_Sis":"Agjencia Shteterore e Kadastres","Fillimi_i_":"10.08.2016","Përfundim":"13.05.2022","Shape_Leng":31.8148179435,"Shape_Area":59.633539678}},
{"type":"Feature","geometry":{"type":"Polygon","coordinates":[[[19.64226682190786,40.15000810173575],[19.642291753650714,40.14998246681079],[19.642372275985515,40.15003668989647],[19.642332962277973,40.1500715961561],[19.642298928416217,40.15003785926459],[19.64226682190786,40.15000810173575]]]},"properties":{"OBJECTID":19220,"id":2632646,"cze_id":1481,"Tipi":"Ndertese","upn":"1481-264/1-N","label":"264/1","legal_area":0,"active":2,"descriptio":"","registrati":"2016-08-10 00:00:00","su_last_mo":"2022-05-13 11:49:24","volume":5,"page":154,"property_n":"264/1","pronari":"PRIVAT","Lloji_pasu":"TRUALL","id_bau":15412030,"id_sut":2632646,"InspireId":"ASHK_N_2632646","Zona_Kadas":1481,"Numri_i_pa":"264/1","Emri_I_Sis":"Agjencia Shteterore e Kadastres","Fillimi_i_":"10.08.2016","Përfundim":"13.05.2022","Shape_Leng":26.830206183,"Shape_Area":38.5576808479}},
{"type":"Feature","geometry":{"type":"Polygon","coordinates":[[[19.642497115594203,40.15013428094697],[19.642426651432697,40.15007011223356],[19.642468299124086,40.150044437027184],[19.642490877408367,40.150064523328965],[19.642556081515554,40.150022566038515],[19.64260449325061,40.15006484703329],[19.642497115594203,40.15013428094697]]]},"properties":{"OBJECTID":19221,"id":2632946,"cze_id":1481,"Tipi":"Ndertese","upn":"1481-264/5-N","label":"264/5","legal_area":0,"active":2,"descriptio":"","registrati":"2016-08-10 00:00:00","su_last_mo":"2022-05-13 16:08:07","volume":2,"page":163,"property_n":"264/5","pronari":"PRIVAT","Lloji_pasu":"TRUALL","id_bau":14721295,"id_sut":2632946,"InspireId":"ASHK_N_2632946","Zona_Kadas":1481,"Numri_i_pa":"264/5","Emri_I_Sis":"Agjencia Shteterore e Kadastres","Fillimi_i_":"10.08.2016","Përfundim":"13.05.2022","Shape_Leng":42.2800915785,"Shape_Area":88.1941439416}},
{"type":"Feature","geometry":{"type":"Polygon","coordinates":[[[19.64048178862603,40.1529818322468],[19.64045868768533,40.15286626847057],[19.640530161087376,40.152857858189435],[19.64054383152971,40.152924935368915],[19.64054586453918,40.15293491034416],[19.640553702548146,40.15297336928359],[19.64048178862603,40.1529818322468]]]},"properties":{"OBJECTID":19257,"id":2633012,"cze_id":1481,"Tipi":"Ndertese","upn":"1481-100-N","label":"100","legal_area":0,"active":2,"descriptio":"","registrati":"2016-08-10 00:00:00","su_last_mo":"2022-05-13 16:08:03","volume":2,"page":234,"property_n":"100","pronari":"PRIVAT","Lloji_pasu":"TRUALL","id_bau":15481578,"id_sut":2633012,"InspireId":"ASHK_N_2633012","Zona_Kadas":1481,"Numri_i_pa":"100","Emri_I_Sis":"Agjencia Shteterore e Kadastres","Fillimi_i_":"10.08.2016","Përfundim":"13.05.2022","Shape_Leng":38.3242703604,"Shape_Area":80.2294387442}},
{"type":"Feature","geometry":{"type":"Polygon","coordinates":[[[19.64076763765445,40.15263016423789],[19.64080311235659,40.15262509317475],[19.64083266351656,40.152746809033154],[19.64072364815633,40.152762394226926],[19.640712579001843,40.15271680608374],[19.640762184691734,40.15270971471886],[19.64074370164732,40.15263358698091],[19.64076763765445,40.15263016423789]]]},"properties":{"OBJECTID":19258,"id":2632595,"cze_id":1481,"Tipi":"Ndertese","upn":"1481-114-N","label":"114","legal_area":0,"active":2,"descriptio":"","registrati":"2016-08-10 00:00:00","su_last_mo":"2022-05-13 11:49:26","volume":2,"page":248,"property_n":"114","pronari":"PRIVAT","Lloji_pasu":"TRUALL","id_bau":15481603,"id_sut":2632595,"InspireId":"ASHK_N_2632595","Zona_Kadas":1481,"Numri_i_pa":"114","Emri_I_Sis":"Agjencia Shteterore e Kadastres","Fillimi_i_":"10.08.2016","Përfundim":"13.05.2022","Shape_Leng":46.3923936035,"Shape_Area":92.9270112665}},
{"type":"Feature","geometry":{"type":"Polygon","coordinates":[[[19.6407685064508,40.15224696816763],[19.640869461427606,40.152246328490435],[19.640869466939186,40.152246841845624],[19.640869945989678,40.15229136775548],[19.640853157457578,40.15233827441257],[19.640780666418973,40.15233656357392],[19.640769113165934,40.15225143519064],[19.6407685064508,40.15224696816763]]]},"properties":{"OBJECTID":19261,"id":2632731,"cze_id":1481,"Tipi":"Ndertese","upn":"1481-147-N","label":"147","legal_area":0,"active":2,"descriptio":"","registrati":"2016-08-10 00:00:00","su_last_mo":"2022-05-13 11:07:50","volume":1,"page":213,"property_n":"147","pronari":"PRIVAT","Lloji_pasu":"TRUALL","id_bau":6707377,"id_sut":2632731,"InspireId":"ASHK_N_2632731","Zona_Kadas":1481,"Numri_i_pa":"147","Emri_I_Sis":"Agjencia Shteterore e Kadastres","Fillimi_i_":"10.08.2016","Përfundim":"13.05.2022","Shape_Leng":35.1866309524,"Shape_Area":78.1712336221}},
{"type":"Feature","geometry":{"type":"Polygon","coordinates":[[[19.641562370321694,40.15218149291953],[19.6415985134665,40.15219790282799],[19.641573484591976,40.15223153996264],[19.641533726033007,40.152214120096446],[19.641509279836075,40.15224697640543],[19.64144917258384,40.152220618165],[19.64149484685541,40.152169412264605],[19.641548687224777,40.152196133834146],[19.641562370321694,40.15218149291953]]]},"properties":{"OBJECTID":19262,"id":2632712,"cze_id":1481,"Tipi":"Ndertese","upn":"1481-161/1-N","label":"161/1","legal_area":0,"active":2,"descriptio":"","registrati":"2016-08-10 00:00:00","su_last_mo":"2022-05-13 11:49:21","volume":1,"page":222,"property_n":"161/1","pronari":"PRIVAT","Lloji_pasu":"TRUALL","id_bau":31479847,"id_sut":2632712,"InspireId":"ASHK_N_2632712","Zona_Kadas":1481,"Numri_i_pa":"161/1","Emri_I_Sis":"Agjencia Shteterore e Kadastres","Fillimi_i_":"10.08.2016","Përfundim":"13.05.2022","Shape_Leng":36.2340673654,"Shape_Area":54.2591585248}},
{"type":"Feature","geometry":{"type":"Polygon","coordinates":[[[19.642147086628224,40.15157744353172],[19.64213315974915,40.151657809059834],[19.642010972888958,40.15164534090991],[19.642020567011105,40.15158997778098],[19.642040349853005,40.15159199592695],[19.64204380839524,40.151554024998],[19.64209845806139,40.15155776387483],[19.642096927146206,40.15157395541235],[19.642147086628224,40.15157744353172]]]},"properties":{"OBJECTID":19284,"id":2632965,"cze_id":1481,"Tipi":"Ndertese","upn":"1481-199-N","label":"199","legal_area":0,"active":2,"descriptio":"","registrati":"2016-08-10 00:00:00","su_last_mo":"2022-05-13 16:08:03","volume":10101,"page":81,"property_n":"199","pronari":"PRIVAT","Lloji_pasu":"TRUALL","id_bau":28466487,"id_sut":2632965,"InspireId":"ASHK_N_2632965","Zona_Kadas":1481,"Numri_i_pa":"199","Emri_I_Sis":"Agjencia Shteterore e Kadastres","Fillimi_i_":"10.08.2016","Përfundim":"13.05.2022","Shape_Leng":42.4023876691,"Shape_Area":96.754138924}},
{"type":"Feature","geometry":{"type":"Polygon","coordinates":[[[19.642761009780646,40.15102742946886],[19.64279712547247,40.151017206574444],[19.642790352329975,40.151003116611065],[19.64284022367369,40.1509898416974],[19.64288352201502,40.1510732720196],[19.642792083792134,40.15109915492394],[19.642761009780646,40.15102742946886]]]},"properties":{"OBJECTID":19287,"id":2632778,"cze_id":1481,"Tipi":"Ndertese","upn":"1481-229-N","label":"229","legal_area":0,"active":2,"descriptio":"","registrati":"2016-08-10 00:00:00","su_last_mo":"2022-05-13 11:07:48","volume":5,"page":84,"property_n":"229","pronari":"PRIVAT","Lloji_pasu":"TRUALL","id_bau":15411704,"id_sut":2632778,"InspireId":"ASHK_N_2632778","Zona_Kadas":1481,"Numri_i_pa":"229","Emri_I_Sis":"Agjencia Shteterore e Kadastres","Fillimi_i_":"10.08.2016","Përfundim":"13.05.2022","Shape_Leng":36.1140920416,"Shape_Area":74.9514913509}},
{"type":"Feature","geometry":{"type":"Polygon","coordinates":[[[19.63969018829481,40.1509082461463],[19.639778055763262,40.15086487406712],[19.639844076454875,40.150943632781264],[19.639756208926165,40.150987004909695],[19.63969018829481,40.1509082461463]]]},"properties":{"OBJECTID":19288,"id":2632997,"cze_id":1481,"Tipi":"Ndertese","upn":"1481-234/1-N","label":"234/1","legal_area":0,"active":2,"descriptio":"","registrati":"2016-08-10 00:00:00","su_last_mo":"2022-05-13 16:08:03","volume":3,"page":114,"property_n":"234/1","pronari":"PRIVAT","Lloji_pasu":"TRUALL","id_bau":15481778,"id_sut":2632997,"InspireId":"ASHK_N_2632997","Zona_Kadas":1481,"Numri_i_pa":"234/1","Emri_I_Sis":"Agjencia Shteterore e Kadastres","Fillimi_i_":"10.08.2016","Përfundim":"13.05.2022","Shape_Leng":38.6008049931,"Shape_Area":92.5667125663}},
{"type":"Feature","geometry":{"type":"Polygon","coordinates":[[[19.644347904585747,40.15045141532939],[19.64434743506379,40.150451879494135],[19.64428729964209,40.150511101527805],[19.644292853501003,40.150514421965404],[19.644243070857645,40.1505634531407],[19.644176398842774,40.15052358975279],[19.64417532131015,40.15052294341794],[19.644208204517543,40.15049065011191],[19.64428569669243,40.1504145484802],[19.64428590431267,40.15041434468328],[19.644347904585747,40.15045141532939]]]},"properties":{"OBJECTID":19289,"id":2632763,"cze_id":1481,"Tipi":"Ndertese","upn":"1481-251/1-N","label":"251/1","legal_area":0,"active":2,"descriptio":"","registrati":"2016-08-10 00:00:00","su_last_mo":"2022-05-13 11:07:48","volume":5,"page":157,"property_n":"251/1","pronari":"PRIVAT","Lloji_pasu":"TRUALL","id_bau":15412079,"id_sut":2632763,"InspireId":"ASHK_N_2632763","Zona_Kadas":1481,"Numri_i_pa":"251/1","Emri_I_Sis":"Agjencia Shteterore e Kadastres","Fillimi_i_":"10.08.2016","Përfundim":"13.05.2022","Shape_Leng":45.2223701819,"Shape_Area":106.793313706}},
{"type":"Feature","geometry":{"type":"Polygon","coordinates":[[[19.643902018894263,40.14798392234679],[19.643919537862875,40.1480316077276],[19.64382124402316,40.148052872850904],[19.643803723939776,40.148005188352656],[19.643902018894263,40.14798392234679]]]},"properties":{"OBJECTID":19407,"id":2632797,"cze_id":1481,"Tipi":"Ndertese","upn":"1481-337-N","label":"337","legal_area":0,"active":2,"descriptio":"","registrati":"2016-08-10 00:00:00","su_last_mo":"2022-05-13 11:07:47","volume":4,"page":23,"property_n":"337","pronari":"PRIVAT","Lloji_pasu":"TRUALL","id_bau":15482056,"id_sut":2632797,"InspireId":"ASHK_N_2632797","Zona_Kadas":1481,"Numri_i_pa":"337","Emri_I_Sis":"Agjencia Shteterore e Kadastres","Fillimi_i_":"10.08.2016","Përfundim":"13.05.2022","Shape_Leng":28.4069374814,"Shape_Area":47.8732350801}},
{"type":"Feature","geometry":{"type":"Polygon","coordinates":[[[19.640773278552704,40.146979281623],[19.64075317424699,40.14695233382262],[19.64087397672211,40.14689912589229],[19.640955139072158,40.14700764427801],[19.640834185902417,40.14706091846842],[19.640773278552704,40.146979281623]]]},"properties":{"OBJECTID":19408,"id":2632629,"cze_id":1481,"Tipi":"Ndertese","upn":"1481-354-N","label":"354","legal_area":0,"active":2,"descriptio":"","registrati":"2016-08-10 00:00:00","su_last_mo":"2022-05-13 11:49:25","volume":4,"page":51,"property_n":"354","pronari":"PRIVAT","Lloji_pasu":"TRUALL","id_bau":15482090,"id_sut":2632629,"InspireId":"ASHK_N_2632629","Zona_Kadas":1481,"Numri_i_pa":"354","Emri_I_Sis":"Agjencia Shteterore e Kadastres","Fillimi_i_":"10.08.2016","Përfundim":"13.05.2022","Shape_Leng":51.5391472789,"Shape_Area":165.000665958}},
{"type":"Feature","geometry":{"type":"Polygon","coordinates":[[[19.64056076548418,40.15328886082989],[19.640496907906734,40.15330076926137],[19.640483910618,40.15325827135304],[19.640473187446666,40.153223206793605],[19.64053716379477,40.15321168689924],[19.64056076548418,40.15328886082989]]]},"properties":{"OBJECTID":19409,"id":2632580,"cze_id":1481,"Tipi":"Ndertese","upn":"1481-70/1-N","label":"70/1","legal_area":0,"active":2,"descriptio":"","registrati":"2016-08-10 00:00:00","su_last_mo":"2022-05-13 11:49:27","volume":2,"page":207,"property_n":"70/1","pronari":"PRIVAT","Lloji_pasu":"TRUALL","id_bau":15482154,"id_sut":2632580,"InspireId":"ASHK_N_2632580","Zona_Kadas":1481,"Numri_i_pa":"70/1","Emri_I_Sis":"Agjencia Shteterore e Kadastres","Fillimi_i_":"10.08.2016","Përfundim":"13.05.2022","Shape_Leng":28.8468703089,"Shape_Area":49.4079724588}},
{"type":"Feature","geometry":{"type":"Polygon","coordinates":[[[19.640722682757996,40.14927805688309],[19.64074863851261,40.14928176500307],[19.640742194012798,40.14930832242689],[19.640716238253198,40.14930461340489],[19.640713017172466,40.14931789166921],[19.640633337591996,40.14930592409151],[19.640643337896005,40.14926671986569],[19.640722682757996,40.14927805688309]]]},"properties":{"OBJECTID":19410,"id":2632546,"cze_id":1481,"Tipi":"Ndertese","upn":"1481-298-N","label":"298","legal_area":0,"active":2,"descriptio":"","registrati":"2016-08-10 00:00:00","su_last_mo":"2022-05-13 11:49:29","volume":103,"page":192,"property_n":"app_298","pronari":"PRIVAT","Lloji_pasu":"TRUALL","id_bau":15481888,"id_sut":2632546,"InspireId":"ASHK_N_2632546","Zona_Kadas":1481,"Numri_i_pa":"app_298","Emri_I_Sis":"Agjencia Shteterore e Kadastres","Fillimi_i_":"10.08.2016","Përfundim":"13.05.2022","Shape_Leng":27.2297269788,"Shape_Area":37.5624645442}},
{"type":"Feature","geometry":{"type":"Polygon","coordinates":[[[19.641501046092753,40.15286761356347],[19.641576634761567,40.15284280386971],[19.64159459259886,40.15287502233395],[19.64151903800263,40.152899819536444],[19.641501046092753,40.15286761356347]]]},"properties":{"OBJECTID":19426,"id":2632644,"cze_id":1481,"Tipi":"Ndertese","upn":"1481-108-N","label":"108","legal_area":0,"active":2,"descriptio":"","registrati":"2016-08-10 00:00:00","su_last_mo":"2022-05-13 11:49:24","volume":10,"page":156,"property_n":"108","pronari":"PRIVAT","Lloji_pasu":"TRUALL","id_bau":15411724,"id_sut":2632644,"InspireId":"ASHK_N_2632644","Zona_Kadas":1481,"Numri_i_pa":"108","Emri_I_Sis":"Agjencia Shteterore e Kadastres","Fillimi_i_":"10.08.2016","Përfundim":"13.05.2022","Shape_Leng":21.7884118114,"Shape_Area":27.249176806}},
{"type":"Feature","geometry":{"type":"Polygon","coordinates":[[[19.639135778117577,40.15266895175295],[19.639153316378522,40.15265958440384],[19.6391901877032,40.152700231389694],[19.639069679553984,40.1527645958598],[19.63903280826692,40.15272394883618],[19.639050220619055,40.15271464865481],[19.639135778117577,40.15266895175295]]]},"properties":{"OBJECTID":19427,"id":2632527,"cze_id":1481,"Tipi":"Ndertese","upn":"1481-113-N","label":"113","legal_area":0,"active":2,"descriptio":"","registrati":"2016-08-10 00:00:00","su_last_mo":"2022-05-13 11:49:30","volume":2,"page":247,"property_n":"113","pronari":"PRIVAT","Lloji_pasu":"TRUALL","id_bau":15481602,"id_sut":2632527,"InspireId":"ASHK_N_2632527","Zona_Kadas":1481,"Numri_i_pa":"113","Emri_I_Sis":"Agjencia Shteterore e Kadastres","Fillimi_i_":"10.08.2016","Përfundim":"13.05.2022","Shape_Leng":36.0187960244,"Shape_Area":68.7956049594}},
{"type":"Feature","geometry":{"type":"Polygon","coordinates":[[[19.640432727294527,40.15159598769963],[19.64035857680155,40.15155035851834],[19.640415680011934,40.151497654823785],[19.64048743030404,40.15154285593991],[19.640432727294527,40.15159598769963]]]},"properties":{"OBJECTID":19511,"id":2632929,"cze_id":1481,"Tipi":"Ndertese","upn":"1481-196/2-N","label":"196/2","legal_area":0,"active":2,"descriptio":"","registrati":"2016-08-10 00:00:00","su_last_mo":"2022-05-13 11:07:41","volume":41,"page":149,"property_n":"196/2","pronari":"PRIVAT","Lloji_pasu":"TRUALL","id_bau":15411780,"id_sut":2632929,"InspireId":"ASHK_N_2632929","Zona_Kadas":1481,"Numri_i_pa":"196/2","Emri_I_Sis":"Agjencia Shteterore e Kadastres","Fillimi_i_":"10.08.2016","Përfundim":"13.05.2022","Shape_Leng":31.1378805391,"Shape_Area":60.5439409623}},
{"type":"Feature","geometry":{"type":"Polygon","coordinates":[[[19.642147086628224,40.15157744353172],[19.64213315974915,40.151657809059834],[19.642010972888958,40.15164534090991],[19.642020567011105,40.15158997778098],[19.642040349853005,40.15159199592695],[19.64204380839524,40.151554024998],[19.64209845806139,40.15155776387483],[19.642096927146206,40.15157395541235],[19.642147086628224,40.15157744353172]]]},"properties":{"OBJECTID":19512,"id":2632965,"cze_id":1481,"Tipi":"Ndertese","upn":"1481-199-N","label":"199","legal_area":0,"active":2,"descriptio":"","registrati":"2016-08-10 00:00:00","su_last_mo":"2022-05-13 16:08:03","volume":10101,"page":82,"property_n":"199","pronari":"PRIVAT","Lloji_pasu":"TRUALL","id_bau":28466488,"id_sut":2632965,"InspireId":"ASHK_N_2632965","Zona_Kadas":1481,"Numri_i_pa":"199","Emri_I_Sis":"Agjencia Shteterore e Kadastres","Fillimi_i_":"10.08.2016","Përfundim":"13.05.2022","Shape_Leng":42.4023876691,"Shape_Area":96.754138924}},
{"type":"Feature","geometry":{"type":"Polygon","coordinates":[[[19.640440563046976,40.15429988047998],[19.640502462077535,40.154316801183],[19.640468421631617,40.15435530570916],[19.640442916587613,40.15434833878076],[19.640433361508272,40.15436549152037],[19.640406030697385,40.154358654003325],[19.640432800458804,40.15431052930088],[19.640440563046976,40.15429988047998]]]},"properties":{"OBJECTID":19663,"id":2632680,"cze_id":1481,"Tipi":"Ndertese","upn":"1481-13/1-N","label":"13/1","legal_area":0,"active":2,"descriptio":"","registrati":"2016-08-10 00:00:00","su_last_mo":"2022-05-13 11:49:23","volume":2,"page":29,"property_n":"13/1","pronari":"PRIVAT","Lloji_pasu":"TRUALL","id_bau":15497331,"id_sut":2632680,"InspireId":"ASHK_N_2632680","Zona_Kadas":1481,"Numri_i_pa":"13/1","Emri_I_Sis":"Agjencia Shteterore e Kadastres","Fillimi_i_":"10.08.2016","Përfundim":"13.05.2022","Shape_Leng":24.7572770389,"Shape_Area":31.2832389132}},
{"type":"Feature","geometry":{"type":"Polygon","coordinates":[[[19.640393719835807,40.151151665148035],[19.640298870247967,40.15124535286435],[19.640259028836837,40.15121844815333],[19.64027497227836,40.15120405847146],[19.64024939996814,40.15118782328361],[19.64032525285865,40.1511084293579],[19.640393719835807,40.151151665148035]]]},"properties":{"OBJECTID":19693,"id":2632931,"cze_id":1481,"Tipi":"Ndertese","upn":"1481-225-N","label":"225","legal_area":0,"active":2,"descriptio":"","registrati":"2016-08-10 00:00:00","su_last_mo":"2022-05-13 11:07:41","volume":1,"page":53,"property_n":"225","pronari":"PRIVAT","Lloji_pasu":"TRUALL","id_bau":23888767,"id_sut":2632931,"InspireId":"ASHK_N_2632931","Zona_Kadas":1481,"Numri_i_pa":"225","Emri_I_Sis":"Agjencia Shteterore e Kadastres","Fillimi_i_":"10.08.2016","Përfundim":"13.05.2022","Shape_Leng":41.1070800974,"Shape_Area":90.5488423794}},
{"type":"Feature","geometry":{"type":"Polygon","coordinates":[[[19.641440672724254,40.151118397206396],[19.64148792482028,40.151158478522206],[19.641383457465604,40.15123099682366],[19.641336205381382,40.151190915465776],[19.641440672724254,40.151118397206396]]]},"properties":{"OBJECTID":19694,"id":2632914,"cze_id":1481,"Tipi":"Ndertese","upn":"1481-226-N","label":"226","legal_area":0,"active":2,"descriptio":"","registrati":"2016-08-10 00:00:00","su_last_mo":"2022-05-13 11:07:41","volume":10001,"page":77,"property_n":"226","pronari":"PRIVAT","Lloji_pasu":"TRUALL","id_bau":15411771,"id_sut":2632914,"InspireId":"ASHK_N_2632914","Zona_Kadas":1481,"Numri_i_pa":"226","Emri_I_Sis":"Agjencia Shteterore e Kadastres","Fillimi_i_":"10.08.2016","Përfundim":"13.05.2022","Shape_Leng":36.0090273276,"Shape_Area":72.0359660258}},
{"type":"Feature","geometry":{"type":"Polygon","coordinates":[[[19.64062616710131,40.14870753211367],[19.640584606902213,40.14874891779186],[19.64053679606735,40.1487212949733],[19.640578357456704,40.14867990841518],[19.64062616710131,40.14870753211367]]]},"properties":{"OBJECTID":19696,"id":2632631,"cze_id":1481,"Tipi":"Ndertese","upn":"1481-317/1-N","label":"317/1","legal_area":0,"active":2,"descriptio":"","registrati":"2016-08-10 00:00:00","su_last_mo":"2022-05-13 11:49:25","volume":3,"page":218,"property_n":"317/1","pronari":"PRIVAT","Lloji_pasu":"TRUALL","id_bau":15481995,"id_sut":2632631,"InspireId":"ASHK_N_2632631","Zona_Kadas":1481,"Numri_i_pa":"317/1","Emri_I_Sis":"Agjencia Shteterore e Kadastres","Fillimi_i_":"10.08.2016","Përfundim":"13.05.2022","Shape_Leng":21.8022967583,"Shape_Area":29.5836205048}},
{"type":"Feature","geometry":{"type":"Polygon","coordinates":[[[19.64052181563959,40.1531500458967],[19.640444987588104,40.15314912291062],[19.64044561619381,40.15311761131241],[19.64044654144165,40.153071244452946],[19.640459916879028,40.15307140126032],[19.640461030462568,40.15301558055967],[19.640487313050198,40.15301588911321],[19.640487713489602,40.15299581523755],[19.640521066957245,40.15299620697687],[19.64052067264674,40.1530160106938],[19.640546720515363,40.15301631670397],[19.64054613338808,40.15304575796876],[19.640519819104885,40.15304544842958],[19.640519287758387,40.15307209892952],[19.64052339416119,40.153072146800824],[19.64052181563959,40.1531500458967]]]},"properties":{"OBJECTID":19697,"id":2632512,"cze_id":1481,"Tipi":"Ndertese","upn":"1481-85/1-N","label":"85/1","legal_area":0,"active":2,"descriptio":"","registrati":"2016-08-10 00:00:00","su_last_mo":"2022-05-13 11:49:31","volume":2,"page":224,"property_n":"85/1","pronari":"PRIVAT","Lloji_pasu":"TRUALL","id_bau":15482174,"id_sut":2632512,"InspireId":"ASHK_N_2632512","Zona_Kadas":1481,"Numri_i_pa":"85/1","Emri_I_Sis":"Agjencia Shteterore e Kadastres","Fillimi_i_":"10.08.2016","Përfundim":"13.05.2022","Shape_Leng":51.7363283716,"Shape_Area":101.665969499}},
{"type":"Feature","geometry":{"type":"Polygon","coordinates":[[[19.642147086628224,40.15157744353172],[19.64213315974915,40.151657809059834],[19.642010972888958,40.15164534090991],[19.642020567011105,40.15158997778098],[19.642040349853005,40.15159199592695],[19.64204380839524,40.151554024998],[19.64209845806139,40.15155776387483],[19.642096927146206,40.15157395541235],[19.642147086628224,40.15157744353172]]]},"properties":{"OBJECTID":19733,"id":2632965,"cze_id":1481,"Tipi":"Ndertese","upn":"1481-199-N","label":"199","legal_area":0,"active":2,"descriptio":"","registrati":"2016-08-10 00:00:00","su_last_mo":"2022-05-13 16:08:03","volume":1,"page":91,"property_n":"199","pronari":"PRIVAT","Lloji_pasu":"TRUALL","id_bau":28465710,"id_sut":2632965,"InspireId":"ASHK_N_2632965","Zona_Kadas":1481,"Numri_i_pa":"199","Emri_I_Sis":"Agjencia Shteterore e Kadastres","Fillimi_i_":"10.08.2016","Përfundim":"13.05.2022","Shape_Leng":42.4023876691,"Shape_Area":96.754138924}},
{"type":"Feature","geometry":{"type":"Polygon","coordinates":[[[19.64226682190786,40.15000810173575],[19.642291753650714,40.14998246681079],[19.642372275985515,40.15003668989647],[19.642332962277973,40.1500715961561],[19.642298928416217,40.15003785926459],[19.64226682190786,40.15000810173575]]]},"properties":{"OBJECTID":19735,"id":2632646,"cze_id":1481,"Tipi":"Ndertese","upn":"1481-264/1-N","label":"264/1","legal_area":0,"active":2,"descriptio":"","registrati":"2016-08-10 00:00:00","su_last_mo":"2022-05-13 11:49:24","volume":2,"page":67,"property_n":"264/1","pronari":"PRIVAT","Lloji_pasu":"TRUALL","id_bau":13824904,"id_sut":2632646,"InspireId":"ASHK_N_2632646","Zona_Kadas":1481,"Numri_i_pa":"264/1","Emri_I_Sis":"Agjencia Shteterore e Kadastres","Fillimi_i_":"10.08.2016","Përfundim":"13.05.2022","Shape_Leng":26.830206183,"Shape_Area":38.5576808479}},
{"type":"Feature","geometry":{"type":"Polygon","coordinates":[[[19.640684279141755,40.147734125561165],[19.640597173619227,40.14768368316034],[19.64063392736791,40.14764630820749],[19.640668300851623,40.147666213532126],[19.640714949143685,40.14761877540076],[19.640811233351652,40.14767453267087],[19.640760344547616,40.14772628323754],[19.64071679233363,40.14770106207559],[19.640684279141755,40.147734125561165]]]},"properties":{"OBJECTID":19765,"id":2632878,"cze_id":1481,"Tipi":"Ndertese","upn":"1481-345-N","label":"345","legal_area":0,"active":2,"descriptio":"","registrati":"2016-08-10 00:00:00","su_last_mo":"2022-05-13 11:07:43","volume":4,"page":36,"property_n":"345","pronari":"PRIVAT","Lloji_pasu":"TRUALL","id_bau":15482073,"id_sut":2632878,"InspireId":"ASHK_N_2632878","Zona_Kadas":1481,"Numri_i_pa":"345","Emri_I_Sis":"Agjencia Shteterore e Kadastres","Fillimi_i_":"10.08.2016","Përfundim":"13.05.2022","Shape_Leng":51.4917706504,"Shape_Area":118.959784246}},
{"type":"Feature","geometry":{"type":"Polygon","coordinates":[[[19.64136125834716,40.153727282120336],[19.641406841135723,40.15375928086536],[19.641359517866082,40.15379620991242],[19.641318280026482,40.153767781049375],[19.64136125834716,40.153727282120336]]]},"properties":{"OBJECTID":19766,"id":2632661,"cze_id":1481,"Tipi":"Ndertese","upn":"1481-47/2-N","label":"47/2","legal_area":0,"active":2,"descriptio":"","registrati":"2016-08-10 00:00:00","su_last_mo":"2022-05-13 11:49:23","volume":1003,"page":150,"property_n":"47/2","pronari":"PRIVAT","Lloji_pasu":"TRUALL","id_bau":6707300,"id_sut":2632661,"InspireId":"ASHK_N_2632661","Zona_Kadas":1481,"Numri_i_pa":"47/2","Emri_I_Sis":"Agjencia Shteterore e Kadastres","Fillimi_i_":"10.08.2016","Përfundim":"13.05.2022","Shape_Leng":21.5373915958,"Shape_Area":28.8060313648}},
{"type":"Feature","geometry":{"type":"Polygon","coordinates":[[[19.64035469199786,40.14648367961687],[19.640256936018233,40.146420328080126],[19.64032698891032,40.14635666745251],[19.640413086756705,40.14641246186877],[19.640381670462077,40.146441012204406],[19.64039332857138,40.14644856926946],[19.64035469199786,40.14648367961687]]]},"properties":{"OBJECTID":20763,"id":2632971,"cze_id":1481,"Tipi":"Ndertese","upn":"1481-358-N","label":"358","legal_area":0,"active":2,"descriptio":"","registrati":"2016-08-10 00:00:00","su_last_mo":"2022-05-13 16:08:03","volume":4,"page":64,"property_n":"358","pronari":"PRIVAT","Lloji_pasu":"TRUALL","id_bau":15482105,"id_sut":2632971,"InspireId":"ASHK_N_2632971","Zona_Kadas":1481,"Numri_i_pa":"358","Emri_I_Sis":"Agjencia Shteterore e Kadastres","Fillimi_i_":"10.08.2016","Përfundim":"13.05.2022","Shape_Leng":40.3099246276,"Shape_Area":95.4797919226}},
{"type":"Feature","geometry":{"type":"Polygon","coordinates":[[[19.641353615261444,40.15363850231314],[19.641418546507072,40.153588959154874],[19.641488079200176,40.153642615642745],[19.64142314677974,40.153692158835895],[19.641353615261444,40.15363850231314]]]},"properties":{"OBJECTID":20764,"id":2632753,"cze_id":1481,"Tipi":"Ndertese","upn":"1481-47/5-N","label":"47/5","legal_area":0,"active":2,"descriptio":"","registrati":"2016-08-10 00:00:00","su_last_mo":"2022-05-13 11:07:49","volume":6,"page":47,"property_n":"47/5/1006","pronari":"PRIVAT","Lloji_pasu":"TRUALL","id_bau":6705135,"id_sut":2632753,"InspireId":"ASHK_N_2632753","Zona_Kadas":1481,"Numri_i_pa":"47/5/1006","Emri_I_Sis":"Agjencia Shteterore e Kadastres","Fillimi_i_":"10.08.2016","Përfundim":"13.05.2022","Shape_Leng":32.4081416718,"Shape_Area":65.5529413264}},
{"type":"Feature","geometry":{"type":"Polygon","coordinates":[[[19.64114793613561,40.15321653347268],[19.641170432896832,40.15321231636659],[19.64120156252173,40.15325572324649],[19.641114860854433,40.15327832331832],[19.641091207455624,40.15322489977786],[19.64114793613561,40.15321653347268]]]},"properties":{"OBJECTID":20765,"id":2632503,"cze_id":1481,"Tipi":"Ndertese","upn":"1481-62/1-N","label":"62/1","legal_area":0,"active":2,"descriptio":"","registrati":"2016-08-10 00:00:00","su_last_mo":"2022-05-13 11:49:32","volume":1,"page":124,"property_n":"62/1","pronari":"PRIVAT","Lloji_pasu":"TRUALL","id_bau":16970953,"id_sut":2632503,"InspireId":"ASHK_N_2632503","Zona_Kadas":1481,"Numri_i_pa":"62/1","Emri_I_Sis":"Agjencia Shteterore e Kadastres","Fillimi_i_":"10.08.2016","Përfundim":"13.05.2022","Shape_Leng":26.4635704765,"Shape_Area":42.3191887925}},
{"type":"Feature","geometry":{"type":"Polygon","coordinates":[[[19.64078733473051,40.15245269863131],[19.640921756011284,40.15243927883682],[19.64092257149602,40.15244355197816],[19.64093080284826,40.15248668889527],[19.640798930327108,40.152504180983144],[19.640788254488037,40.15245678207191],[19.64078733473051,40.15245269863131]]]},"properties":{"OBJECTID":20260,"id":2632732,"cze_id":1481,"Tipi":"Ndertese","upn":"1481-135-N","label":"135","legal_area":0,"active":2,"descriptio":"","registrati":"2016-08-10 00:00:00","su_last_mo":"2022-05-13 11:07:50","volume":5,"page":218,"property_n":"135","pronari":"PRIVAT","Lloji_pasu":"TRUALL","id_bau":15411738,"id_sut":2632732,"InspireId":"ASHK_N_2632732","Zona_Kadas":1481,"Numri_i_pa":"135","Emri_I_Sis":"Agjencia Shteterore e Kadastres","Fillimi_i_":"10.08.2016","Përfundim":"13.05.2022","Shape_Leng":34.0744106211,"Shape_Area":63.7969349128}},
{"type":"Feature","geometry":{"type":"Polygon","coordinates":[[[19.642063315561764,40.15177466400131],[19.642017529704347,40.15181573631037],[19.641970390062834,40.15178404368732],[19.642016788621998,40.15174340827739],[19.642063315561764,40.15177466400131]]]},"properties":{"OBJECTID":20381,"id":2632695,"cze_id":1481,"Tipi":"Ndertese","upn":"1481-192/2-N","label":"192/2","legal_area":0,"active":2,"descriptio":"","registrati":"2016-08-10 00:00:00","su_last_mo":"2022-05-13 11:49:22","volume":50,"page":51,"property_n":"192/2","pronari":"PRIVAT","Lloji_pasu":"TRUALL","id_bau":15411774,"id_sut":2632695,"InspireId":"ASHK_N_2632695","Zona_Kadas":1481,"Numri_i_pa":"192/2","Emri_I_Sis":"Agjencia Shteterore e Kadastres","Fillimi_i_":"10.08.2016","Përfundim":"13.05.2022","Shape_Leng":22.6096036066,"Shape_Area":31.8275184265}},
{"type":"Feature","geometry":{"type":"Polygon","coordinates":[[[19.642147086628224,40.15157744353172],[19.64213315974915,40.151657809059834],[19.642010972888958,40.15164534090991],[19.642020567011105,40.15158997778098],[19.642040349853005,40.15159199592695],[19.64204380839524,40.151554024998],[19.64209845806139,40.15155776387483],[19.642096927146206,40.15157395541235],[19.642147086628224,40.15157744353172]]]},"properties":{"OBJECTID":20382,"id":2632965,"cze_id":1481,"Tipi":"Ndertese","upn":"1481-199-N","label":"199","legal_area":0,"active":2,"descriptio":"","registrati":"2016-08-10 00:00:00","su_last_mo":"2022-05-13 16:08:03","volume":10101,"page":80,"property_n":"199","pronari":"PRIVAT","Lloji_pasu":"TRUALL","id_bau":28466486,"id_sut":2632965,"InspireId":"ASHK_N_2632965","Zona_Kadas":1481,"Numri_i_pa":"199","Emri_I_Sis":"Agjencia Shteterore e Kadastres","Fillimi_i_":"10.08.2016","Përfundim":"13.05.2022","Shape_Leng":42.4023876691,"Shape_Area":96.754138924}},
{"type":"Feature","geometry":{"type":"Polygon","coordinates":[[[19.640393719835807,40.151151665148035],[19.640298870247967,40.15124535286435],[19.640259028836837,40.15121844815333],[19.64027497227836,40.15120405847146],[19.64024939996814,40.15118782328361],[19.64032525285865,40.1511084293579],[19.640393719835807,40.151151665148035]]]},"properties":{"OBJECTID":20383,"id":2632931,"cze_id":1481,"Tipi":"Ndertese","upn":"1481-225-N","label":"225","legal_area":0,"active":2,"descriptio":"","registrati":"2016-08-10 00:00:00","su_last_mo":"2022-05-13 11:07:41","volume":30,"page":81,"property_n":"225","pronari":"PRIVAT","Lloji_pasu":"TRUALL","id_bau":15411691,"id_sut":2632931,"InspireId":"ASHK_N_2632931","Zona_Kadas":1481,"Numri_i_pa":"225","Emri_I_Sis":"Agjencia Shteterore e Kadastres","Fillimi_i_":"10.08.2016","Përfundim":"13.05.2022","Shape_Leng":41.1070800974,"Shape_Area":90.5488423794}},
{"type":"Feature","geometry":{"type":"Polygon","coordinates":[[[19.642497115594203,40.15013428094697],[19.642426651432697,40.15007011223356],[19.642468299124086,40.150044437027184],[19.642490877408367,40.150064523328965],[19.642556081515554,40.150022566038515],[19.64260449325061,40.15006484703329],[19.642497115594203,40.15013428094697]]]},"properties":{"OBJECTID":20448,"id":2632946,"cze_id":1481,"Tipi":"Ndertese","upn":"1481-264/5-N","label":"264/5","legal_area":0,"active":2,"descriptio":"","registrati":"2016-08-10 00:00:00","su_last_mo":"2022-05-13 16:08:07","volume":2,"page":165,"property_n":"264/5+1-2","pronari":"PRIVAT","Lloji_pasu":"APARTAMENT","id_bau":14721299,"id_sut":2632946,"InspireId":"ASHK_N_2632946","Zona_Kadas":1481,"Numri_i_pa":"264/5+1-2","Emri_I_Sis":"Agjencia Shteterore e Kadastres","Fillimi_i_":"10.08.2016","Përfundim":"13.05.2022","Shape_Leng":42.2800915785,"Shape_Area":88.1941439416}},
{"type":"Feature","geometry":{"type":"Polygon","coordinates":[[[19.643341541216834,40.15000654830967],[19.643385259637224,40.15002940403074],[19.643349565447334,40.15007157246158],[19.643311836781788,40.15011519357573],[19.64324259948962,40.150080854992986],[19.643271633364623,40.15004723612527],[19.643295594802023,40.15005916985592],[19.643341541216834,40.15000654830967]]]},"properties":{"OBJECTID":20449,"id":2632963,"cze_id":1481,"Tipi":"Ndertese","upn":"1481-266-N","label":"266","legal_area":0,"active":2,"descriptio":"","registrati":"2016-08-10 00:00:00","su_last_mo":"2022-05-13 16:08:03","volume":5,"page":239,"property_n":"266","pronari":"PRIVAT","Lloji_pasu":"TRUALL","id_bau":15411909,"id_sut":2632963,"InspireId":"ASHK_N_2632963","Zona_Kadas":1481,"Numri_i_pa":"266","Emri_I_Sis":"Agjencia Shteterore e Kadastres","Fillimi_i_":"10.08.2016","Përfundim":"13.05.2022","Shape_Leng":36.8744535512,"Shape_Area":63.2238726018}},
{"type":"Feature","geometry":{"type":"Polygon","coordinates":[[[19.640089422533112,40.14870010759715],[19.640039412663477,40.148690263563005],[19.64006127807254,40.14862484846323],[19.640111289071065,40.14863469249148],[19.640089422533112,40.14870010759715]]]},"properties":{"OBJECTID":20452,"id":2632865,"cze_id":1481,"Tipi":"Ndertese","upn":"1481-318/1-N","label":"318/1","legal_area":0,"active":2,"descriptio":"","registrati":"2016-08-10 00:00:00","su_last_mo":"2022-05-13 11:07:44","volume":3,"page":224,"property_n":"318/1","pronari":"PRIVAT","Lloji_pasu":"TRUALL","id_bau":15482001,"id_sut":2632865,"InspireId":"ASHK_N_2632865","Zona_Kadas":1481,"Numri_i_pa":"318/1","Emri_I_Sis":"Agjencia Shteterore e Kadastres","Fillimi_i_":"10.08.2016","Përfundim":"13.05.2022","Shape_Leng":23.7961668469,"Shape_Area":32.9894430804}},
{"type":"Feature","geometry":{"type":"Polygon","coordinates":[[[19.641399788237408,40.15369506746197],[19.64136125834716,40.153727282120336],[19.641320995099843,40.153712385883935],[19.641346637535804,40.153674019899086],[19.641399788237408,40.15369506746197]]]},"properties":{"OBJECTID":20453,"id":2632663,"cze_id":1481,"Tipi":"Ndertese","upn":"1481-47/1-N","label":"47/1","legal_area":0,"active":2,"descriptio":"","registrati":"2016-08-10 00:00:00","su_last_mo":"2022-05-13 11:49:23","volume":1003,"page":151,"property_n":"47/1/1006","pronari":"PRIVAT","Lloji_pasu":"TRUALL","id_bau":6707303,"id_sut":2632663,"InspireId":"ASHK_N_2632663","Zona_Kadas":1481,"Numri_i_pa":"47/1/1006","Emri_I_Sis":"Agjencia Shteterore e Kadastres","Fillimi_i_":"10.08.2016","Përfundim":"13.05.2022","Shape_Leng":18.5474586232,"Shape_Area":21.0499539602}},
{"type":"Feature","geometry":{"type":"Polygon","coordinates":[[[19.640356296388994,40.15457545054461],[19.64039864618746,40.15460669845269],[19.640345077405954,40.15464524766178],[19.640304940194735,40.1546124089559],[19.640355979464523,40.15457567831085],[19.640356296388994,40.15457545054461]]]},"properties":{"OBJECTID":20454,"id":2632497,"cze_id":1481,"Tipi":"Ndertese","upn":"1481-8-N","label":"8","legal_area":0,"active":2,"descriptio":"","registrati":"2016-08-10 00:00:00","su_last_mo":"2022-05-13 11:49:32","volume":5,"page":111,"property_n":"8","pronari":"PRIVAT","Lloji_pasu":"TRUALL","id_bau":15412242,"id_sut":2632497,"InspireId":"ASHK_N_2632497","Zona_Kadas":1481,"Numri_i_pa":"8","Emri_I_Sis":"Agjencia Shteterore e Kadastres","Fillimi_i_":"10.08.2016","Përfundim":"13.05.2022","Shape_Leng":22.2612388788,"Shape_Area":30.6355315752}},
{"type":"Feature","geometry":{"type":"Polygon","coordinates":[[[19.639018647092204,40.152123610769365],[19.638961467829365,40.15213895242443],[19.63893841226773,40.152089382137184],[19.639002696283242,40.15207346554982],[19.639018647092204,40.152123610769365]]]},"properties":{"OBJECTID":20501,"id":2632566,"cze_id":1481,"Tipi":"Ndertese","upn":"1481-164/1-N","label":"164/1","legal_area":0,"active":2,"descriptio":"","registrati":"2016-08-10 00:00:00","su_last_mo":"2022-05-13 11:49:28","volume":3,"page":53,"property_n":"164/1","pronari":"PRIVAT","Lloji_pasu":"TRUALL","id_bau":15481695,"id_sut":2632566,"InspireId":"ASHK_N_2632566","Zona_Kadas":1481,"Numri_i_pa":"164/1","Emri_I_Sis":"Agjencia Shteterore e Kadastres","Fillimi_i_":"10.08.2016","Përfundim":"13.05.2022","Shape_Leng":22.4924170615,"Shape_Area":31.5314935063}},
{"type":"Feature","geometry":{"type":"Polygon","coordinates":[[[19.640771518867936,40.15205456938812],[19.640697210799928,40.15204605428273],[19.640712298055508,40.151968543813375],[19.640786604867447,40.1519770589052],[19.640771518867936,40.15205456938812]]]},"properties":{"OBJECTID":20503,"id":2632884,"cze_id":1481,"Tipi":"Ndertese","upn":"1481-175-N","label":"175","legal_area":0,"active":2,"descriptio":"","registrati":"2016-08-10 00:00:00","su_last_mo":"2022-05-13 11:07:43","volume":1,"page":231,"property_n":"175","pronari":"PRIVAT","Lloji_pasu":"TRUALL","id_bau":3126580,"id_sut":2632884,"InspireId":"ASHK_N_2632884","Zona_Kadas":1481,"Numri_i_pa":"175","Emri_I_Sis":"Agjencia Shteterore e Kadastres","Fillimi_i_":"10.08.2016","Përfundim":"13.05.2022","Shape_Leng":30.2074561407,"Shape_Area":55.7075177029}},
{"type":"Feature","geometry":{"type":"Polygon","coordinates":[[[19.63941972646356,40.151786270703674],[19.63930036336553,40.15184329825699],[19.639257989841965,40.15179077694972],[19.63937875559095,40.15173371057929],[19.639384713648848,40.15174135445695],[19.63941972646356,40.151786270703674]]]},"properties":{"OBJECTID":20504,"id":2632891,"cze_id":1481,"Tipi":"Ndertese","upn":"1481-191-N","label":"191","legal_area":0,"active":2,"descriptio":"","registrati":"2016-08-10 00:00:00","su_last_mo":"2022-05-13 11:07:42","volume":6,"page":66,"property_n":"191","pronari":"PRIVAT","Lloji_pasu":"TRUALL","id_bau":15412273,"id_sut":2632891,"InspireId":"ASHK_N_2632891","Zona_Kadas":1481,"Numri_i_pa":"191","Emri_I_Sis":"Agjencia Shteterore e Kadastres","Fillimi_i_":"10.08.2016","Përfundim":"13.05.2022","Shape_Leng":37.7246969898,"Shape_Area":82.174839617}},
{"type":"Feature","geometry":{"type":"Polygon","coordinates":[[[19.63881735463102,40.151330866342455],[19.638755224848943,40.15137270952447],[19.63869330081163,40.15131856898772],[19.638755415272406,40.15127673569726],[19.63881735463102,40.151330866342455]]]},"properties":{"OBJECTID":20505,"id":2632616,"cze_id":1481,"Tipi":"Ndertese","upn":"1481-220/1-N","label":"220/1","legal_area":0,"active":2,"descriptio":"","registrati":"2016-08-10 00:00:00","su_last_mo":"2022-05-13 11:49:25","volume":3,"page":101,"property_n":"220/1","pronari":"PRIVAT","Lloji_pasu":"TRUALL","id_bau":15481765,"id_sut":2632616,"InspireId":"ASHK_N_2632616","Zona_Kadas":1481,"Numri_i_pa":"220/1","Emri_I_Sis":"Agjencia Shteterore e Kadastres","Fillimi_i_":"10.08.2016","Përfundim":"13.05.2022","Shape_Leng":30.0829810673,"Shape_Area":56.3331071652}},
{"type":"Feature","geometry":{"type":"Polygon","coordinates":[[[19.642657277800467,40.15060520391043],[19.642647849860968,40.150609277919294],[19.64264380343565,40.15061102609189],[19.642557367458732,40.150648377997975],[19.642548462247156,40.150636242030174],[19.642525957504755,40.15064596561058],[19.642502919581265,40.15061456824616],[19.642525420790985,40.15060484555988],[19.642520813208343,40.1505985659072],[19.642579117064027,40.15057337166569],[19.642554348652446,40.15053962022202],[19.642582458365435,40.15052747332824],[19.64258654242761,40.15052570906327],[19.64259628560686,40.15052149824151],[19.642657277800467,40.15060520391043]]]},"properties":{"OBJECTID":20664,"id":2632777,"cze_id":1481,"Tipi":"Ndertese","upn":"1481-247/1-N","label":"247/1","legal_area":0,"active":2,"descriptio":"","registrati":"2016-08-10 00:00:00","su_last_mo":"2022-05-13 11:07:48","volume":6,"page":67,"property_n":"247/1","pronari":"PRIVAT","Lloji_pasu":"TRUALL","id_bau":15412348,"id_sut":2632777,"InspireId":"ASHK_N_2632777","Zona_Kadas":1481,"Numri_i_pa":"247/1","Emri_I_Sis":"Agjencia Shteterore e Kadastres","Fillimi_i_":"10.08.2016","Përfundim":"13.05.2022","Shape_Leng":45.271006376,"Shape_Area":88.493088442}},
{"type":"Feature","geometry":{"type":"Polygon","coordinates":[[[19.640978466022744,40.15185750308973],[19.640910417067634,40.151944835146274],[19.64083617678129,40.15191077231262],[19.6409004622984,40.15182827111792],[19.64090422815359,40.15182343850555],[19.640978466022744,40.15185750308973]]]},"properties":{"OBJECTID":20731,"id":2632691,"cze_id":1481,"Tipi":"Ndertese","upn":"1481-189/1-N","label":"189/1","legal_area":0,"active":2,"descriptio":"","registrati":"2016-08-10 00:00:00","su_last_mo":"2022-05-13 11:49:22","volume":4,"page":143,"property_n":"189/1","pronari":"PRIVAT","Lloji_pasu":"TRUALL","id_bau":15411769,"id_sut":2632691,"InspireId":"ASHK_N_2632691","Zona_Kadas":1481,"Numri_i_pa":"189/1","Emri_I_Sis":"Agjencia Shteterore e Kadastres","Fillimi_i_":"10.08.2016","Përfundim":"13.05.2022","Shape_Leng":37.3375002922,"Shape_Area":83.2725253009}},
{"type":"Feature","geometry":{"type":"Polygon","coordinates":[[[19.64119149263586,40.152732267374574],[19.641179336326495,40.15264542964414],[19.64124623476187,40.152639644381715],[19.64125897941941,40.152726432594264],[19.64119149263586,40.152732267374574]]]},"properties":{"OBJECTID":20791,"id":2632893,"cze_id":1481,"Tipi":"Ndertese","upn":"1481-115-N","label":"115","legal_area":0,"active":2,"descriptio":"","registrati":"2016-08-10 00:00:00","su_last_mo":"2022-05-13 11:07:42","volume":5,"page":211,"property_n":"115","pronari":"PRIVAT","Lloji_pasu":"TRUALL","id_bau":15411728,"id_sut":2632893,"InspireId":"ASHK_N_2632893","Zona_Kadas":1481,"Numri_i_pa":"115","Emri_I_Sis":"Agjencia Shteterore e Kadastres","Fillimi_i_":"10.08.2016","Përfundim":"13.05.2022","Shape_Leng":30.918354769,"Shape_Area":55.8721442992}},
{"type":"Feature","geometry":{"type":"Polygon","coordinates":[[[19.6406951394505,40.152427756152164],[19.640696334773732,40.15239179647643],[19.640698044633965,40.15234037881551],[19.640763764760155,40.15234166523458],[19.640760471846924,40.152440722062714],[19.640694751630082,40.152439434740806],[19.6406951394505,40.152427756152164]]]},"properties":{"OBJECTID":20797,"id":2632725,"cze_id":1481,"Tipi":"Ndertese","upn":"1481-138/1-N","label":"138/1","legal_area":0,"active":2,"descriptio":"","registrati":"2016-08-10 00:00:00","su_last_mo":"2022-05-13 11:07:50","volume":1004,"page":101,"property_n":"138/1","pronari":"PRIVAT","Lloji_pasu":"TRUALL","id_bau":15411755,"id_sut":2632725,"InspireId":"ASHK_N_2632725","Zona_Kadas":1481,"Numri_i_pa":"138/1","Emri_I_Sis":"Agjencia Shteterore e Kadastres","Fillimi_i_":"10.08.2016","Përfundim":"13.05.2022","Shape_Leng":33.2083486773,"Shape_Area":61.631748784}},
{"type":"Feature","geometry":{"type":"Polygon","coordinates":[[[19.641033829360655,40.15287131570801],[19.64102545063689,40.1528242715714],[19.64108491199799,40.1528182201865],[19.641093046506946,40.15286528967915],[19.641033829360655,40.15287131570801]]]},"properties":{"OBJECTID":20851,"id":2632952,"cze_id":1481,"Tipi":"Ndertese","upn":"1481-105-N","label":"105","legal_area":0,"active":2,"descriptio":"","registrati":"2016-08-10 00:00:00","su_last_mo":"2022-05-13 16:08:06","volume":5,"page":209,"property_n":"105","pronari":"PRIVAT","Lloji_pasu":"TRUALL","id_bau":15411722,"id_sut":2632952,"InspireId":"ASHK_N_2632952","Zona_Kadas":1481,"Numri_i_pa":"105","Emri_I_Sis":"Agjencia Shteterore e Kadastres","Fillimi_i_":"10.08.2016","Përfundim":"13.05.2022","Shape_Leng":20.7450212665,"Shape_Area":26.8897360727}},
{"type":"Feature","geometry":{"type":"Polygon","coordinates":[[[19.63885140631183,40.15252586063673],[19.63891779162802,40.152487999596495],[19.638984766614513,40.1525564256485],[19.63893222971975,40.15258821398195],[19.638878152671193,40.15253296777759],[19.63886267182864,40.15254189120534],[19.638848577376418,40.15252749179356],[19.63885140631183,40.15252586063673]]]},"properties":{"OBJECTID":20853,"id":2632602,"cze_id":1481,"Tipi":"Ndertese","upn":"1481-125-N","label":"125","legal_area":0,"active":2,"descriptio":"","registrati":"2016-08-10 00:00:00","su_last_mo":"2022-05-13 11:49:26","volume":3,"page":17,"property_n":"125","pronari":"PRIVAT","Lloji_pasu":"TRUALL","id_bau":15481628,"id_sut":2632602,"InspireId":"ASHK_N_2632602","Zona_Kadas":1481,"Numri_i_pa":"125","Emri_I_Sis":"Agjencia Shteterore e Kadastres","Fillimi_i_":"10.08.2016","Përfundim":"13.05.2022","Shape_Leng":33.8735374636,"Shape_Area":57.9129323101}},
{"type":"Feature","geometry":{"type":"Polygon","coordinates":[[[19.63936545986829,40.15157430199874],[19.63940680012586,40.15164398895992],[19.639312780897914,40.15167683166547],[19.63927143955294,40.15160714286665],[19.63936545986829,40.15157430199874]]]},"properties":{"OBJECTID":20854,"id":2632909,"cze_id":1481,"Tipi":"Ndertese","upn":"1481-191/3-N","label":"191/3","legal_area":0,"active":2,"descriptio":"","registrati":"2016-08-10 00:00:00","su_last_mo":"2022-05-13 11:07:42","volume":1003,"page":236,"property_n":"191/3","pronari":"PRIVAT","Lloji_pasu":"TRUALL","id_bau":6707391,"id_sut":2632909,"InspireId":"ASHK_N_2632909","Zona_Kadas":1481,"Numri_i_pa":"191/3","Emri_I_Sis":"Agjencia Shteterore e Kadastres","Fillimi_i_":"10.08.2016","Përfundim":"13.05.2022","Shape_Leng":34.6081317821,"Shape_Area":74.835188678}},
{"type":"Feature","geometry":{"type":"Polygon","coordinates":[[[19.64141898844476,40.152316613483514],[19.64133600047481,40.15230549260985],[19.641358040855625,40.15221193431185],[19.641441028710776,40.15222305607],[19.64141898844476,40.152316613483514]]]},"properties":{"OBJECTID":20938,"id":2632941,"cze_id":1481,"Tipi":"Ndertese","upn":"1481-151-N","label":"151","legal_area":0,"active":2,"descriptio":"","registrati":"2016-08-10 00:00:00","su_last_mo":"2022-05-13 16:08:07","volume":5,"page":226,"property_n":"151","pronari":"PRIVAT","Lloji_pasu":"TRUALL","id_bau":15411790,"id_sut":2632941,"InspireId":"ASHK_N_2632941","Zona_Kadas":1481,"Numri_i_pa":"151","Emri_I_Sis":"Agjencia Shteterore e Kadastres","Fillimi_i_":"10.08.2016","Përfundim":"13.05.2022","Shape_Leng":35.4698521876,"Shape_Area":75.7762687919}},
{"type":"Feature","geometry":{"type":"Polygon","coordinates":[[[19.639048647387952,40.15218822278062],[19.639048817898146,40.15218816027063],[19.639118522912117,40.152162517000356],[19.639137506562935,40.152189595757434],[19.63914905379455,40.15220606486531],[19.63909607930153,40.152225691202965],[19.639130524277324,40.152273683090264],[19.6390756736925,40.15230139269875],[19.639046391439788,40.152265852278326],[19.63903446047123,40.15225137227493],[19.638997832635557,40.15220691738761],[19.639048647387952,40.15218822278062]]]},"properties":{"OBJECTID":20939,"id":2632816,"cze_id":1481,"Tipi":"Ndertese","upn":"1481-152-N","label":"152","legal_area":0,"active":2,"descriptio":"","registrati":"2016-08-10 00:00:00","su_last_mo":"2022-05-13 11:07:46","volume":3,"page":42,"property_n":"152","pronari":"PRIVAT","Lloji_pasu":"TRUALL","id_bau":15481667,"id_sut":2632816,"InspireId":"ASHK_N_2632816","Zona_Kadas":1481,"Numri_i_pa":"152","Emri_I_Sis":"Agjencia Shteterore e Kadastres","Fillimi_i_":"10.08.2016","Përfundim":"13.05.2022","Shape_Leng":45.9976136273,"Shape_Area":99.0641883909}},
{"type":"Feature","geometry":{"type":"Polygon","coordinates":[[[19.63836584364659,40.151865139872704],[19.638385877364488,40.151801924960665],[19.63844633177874,40.151813205442586],[19.638404447684476,40.15194537449403],[19.638343991991434,40.15193409308578],[19.63836584364659,40.151865139872704]]]},"properties":{"OBJECTID":20940,"id":2632609,"cze_id":1481,"Tipi":"Ndertese","upn":"1481-182/1-N","label":"182/1","legal_area":0,"active":2,"descriptio":"","registrati":"2016-08-10 00:00:00","su_last_mo":"2022-05-13 11:49:26","volume":3,"page":65,"property_n":"182/1","pronari":"PRIVAT","Lloji_pasu":"TRUALL","id_bau":15481717,"id_sut":2632609,"InspireId":"ASHK_N_2632609","Zona_Kadas":1481,"Numri_i_pa":"182/1","Emri_I_Sis":"Agjencia Shteterore e Kadastres","Fillimi_i_":"10.08.2016","Përfundim":"13.05.2022","Shape_Leng":40.8095003377,"Shape_Area":80.0672506004}},
{"type":"Feature","geometry":{"type":"Polygon","coordinates":[[[19.64060422857771,40.150598761791876],[19.64063043777194,40.15058208939563],[19.64062452405896,40.15057649006512],[19.640681069049176,40.15054132805658],[19.640706070377206,40.15056500118114],[19.64073602809846,40.15054721194828],[19.640783210586452,40.15059188726554],[19.6407549908321,40.15060970711897],[19.640760137654247,40.15061473849099],[19.640678161504518,40.150664577848424],[19.64060422857771,40.150598761791876]]]},"properties":{"OBJECTID":20944,"id":2632784,"cze_id":1481,"Tipi":"Ndertese","upn":"1481-243-N","label":"243","legal_area":0,"active":2,"descriptio":"","registrati":"2016-08-10 00:00:00","su_last_mo":"2022-05-13 11:07:47","volume":5,"page":94,"property_n":"243","pronari":"PRIVAT","Lloji_pasu":"TRUALL","id_bau":15412022,"id_sut":2632784,"InspireId":"ASHK_N_2632784","Zona_Kadas":1481,"Numri_i_pa":"243","Emri_I_Sis":"Agjencia Shteterore e Kadastres","Fillimi_i_":"10.08.2016","Përfundim":"13.05.2022","Shape_Leng":45.2830697089,"Shape_Area":112.841110788}},
{"type":"Feature","geometry":{"type":"Polygon","coordinates":[[[19.64347569192141,40.15063485700149],[19.643403614621754,40.15059610767247],[19.643428226812166,40.15056914854928],[19.643457808435514,40.15058364733061],[19.643510727818366,40.15053524305716],[19.643550123994327,40.15056060436768],[19.64352637467693,40.15058280923864],[19.643557384556313,40.15059889293286],[19.64353246197772,40.15062618975102],[19.6435016974152,40.150609650204565],[19.64347569192141,40.15063485700149]]]},"properties":{"OBJECTID":20945,"id":2632927,"cze_id":1481,"Tipi":"Ndertese","upn":"1481-246-N","label":"246","legal_area":0,"active":2,"descriptio":"","registrati":"2016-08-10 00:00:00","su_last_mo":"2022-05-13 11:07:41","volume":5,"page":97,"property_n":"246","pronari":"PRIVAT","Lloji_pasu":"TRUALL","id_bau":15412029,"id_sut":2632927,"InspireId":"ASHK_N_2632927","Zona_Kadas":1481,"Numri_i_pa":"246","Emri_I_Sis":"Agjencia Shteterore e Kadastres","Fillimi_i_":"10.08.2016","Përfundim":"13.05.2022","Shape_Leng":42.3922236733,"Shape_Area":70.9004915438}},
{"type":"Feature","geometry":{"type":"Polygon","coordinates":[[[19.64136056907942,40.14889547448146],[19.641302891402677,40.14887321147309],[19.641377790199485,40.148758941977675],[19.64143546780457,40.14878120494887],[19.64136056907942,40.14889547448146]]]},"properties":{"OBJECTID":20955,"id":2632984,"cze_id":1481,"Tipi":"Ndertese","upn":"1481-312/1-N","label":"312/1","legal_area":0,"active":2,"descriptio":"","registrati":"2016-08-10 00:00:00","su_last_mo":"2022-05-13 16:08:03","volume":3,"page":212,"property_n":"312/1","pronari":"PRIVAT","Lloji_pasu":"TRUALL","id_bau":15481989,"id_sut":2632984,"InspireId":"ASHK_N_2632984","Zona_Kadas":1481,"Numri_i_pa":"312/1","Emri_I_Sis":"Agjencia Shteterore e Kadastres","Fillimi_i_":"10.08.2016","Përfundim":"13.05.2022","Shape_Leng":39.4086944185,"Shape_Area":78.1357521543}},
{"type":"Feature","geometry":{"type":"Polygon","coordinates":[[[19.641266081117198,40.15340278014082],[19.641271151083057,40.153405289589614],[19.64122917525589,40.15345158240647],[19.641168134287877,40.15342137559948],[19.641154577311198,40.15341466649744],[19.641196553165898,40.153368373707444],[19.641231662466694,40.153385747761064],[19.641266081117198,40.15340278014082]]]},"properties":{"OBJECTID":20958,"id":2632677,"cze_id":1481,"Tipi":"Ndertese","upn":"1481-61-N","label":"61","legal_area":0,"active":2,"descriptio":"","registrati":"2016-08-10 00:00:00","su_last_mo":"2022-05-13 11:49:23","volume":50,"page":52,"property_n":"61","pronari":"PRIVAT","Lloji_pasu":"TRUALL","id_bau":15412190,"id_sut":2632677,"InspireId":"ASHK_N_2632677","Zona_Kadas":1481,"Numri_i_pa":"61","Emri_I_Sis":"Agjencia Shteterore e Kadastres","Fillimi_i_":"10.08.2016","Përfundim":"13.05.2022","Shape_Leng":27.6505200979,"Shape_Area":47.3323901215}},
{"type":"Feature","geometry":{"type":"Polygon","coordinates":[[[19.640083115668883,40.15315111563906],[19.640015168066718,40.15314810087485],[19.640020722571297,40.15307438749512],[19.640088670100297,40.15307740225579],[19.640083115668883,40.15315111563906]]]},"properties":{"OBJECTID":20959,"id":2633002,"cze_id":1481,"Tipi":"Ndertese","upn":"1481-82-N","label":"82","legal_area":0,"active":2,"descriptio":"","registrati":"2016-08-10 00:00:00","su_last_mo":"2022-05-13 16:08:03","volume":2,"page":221,"property_n":"82","pronari":"PRIVAT","Lloji_pasu":"TRUALL","id_bau":15482171,"id_sut":2633002,"InspireId":"ASHK_N_2633002","Zona_Kadas":1481,"Numri_i_pa":"82","Emri_I_Sis":"Agjencia Shteterore e Kadastres","Fillimi_i_":"10.08.2016","Përfundim":"13.05.2022","Shape_Leng":27.9955642017,"Shape_Area":47.5448849642}},
{"type":"Feature","geometry":{"type":"Polygon","coordinates":[[[19.641765930704043,40.15214348740666],[19.641830644009072,40.152176881655286],[19.64175511384187,40.15226353453129],[19.64169255732962,40.152229533610836],[19.641765930704043,40.15214348740666]]]},"properties":{"OBJECTID":20960,"id":2632959,"cze_id":1481,"Tipi":"Ndertese","upn":"1481-158-N","label":"158","legal_area":0,"active":2,"descriptio":"","registrati":"2016-08-10 00:00:00","su_last_mo":"2022-05-13 16:08:04","volume":105,"page":227,"property_n":"app_158","pronari":"PRIVAT","Lloji_pasu":"TRUALL","id_bau":15411804,"id_sut":2632959,"InspireId":"ASHK_N_2632959","Zona_Kadas":1481,"Numri_i_pa":"app_158","Emri_I_Sis":"Agjencia Shteterore e Kadastres","Fillimi_i_":"10.08.2016","Përfundim":"13.05.2022","Shape_Leng":36.1702629063,"Shape_Area":75.7233639923}},
{"type":"Feature","geometry":{"type":"Polygon","coordinates":[[[19.640194490129414,40.14964345198198],[19.64011041485471,40.149587281863724],[19.640149367268716,40.14955294891219],[19.640171491521254,40.1495677306605],[19.640237370707403,40.14950966605301],[19.64029932053392,40.14955105435643],[19.640194490129414,40.14964345198198]]]},"properties":{"OBJECTID":20961,"id":2632991,"cze_id":1481,"Tipi":"Ndertese","upn":"1481-289-N","label":"289","legal_area":0,"active":2,"descriptio":"","registrati":"2016-08-10 00:00:00","su_last_mo":"2022-05-13 16:08:03","volume":103,"page":174,"property_n":"app_289","pronari":"PRIVAT","Lloji_pasu":"TRUALL","id_bau":15481864,"id_sut":2632991,"InspireId":"ASHK_N_2632991","Zona_Kadas":1481,"Numri_i_pa":"app_289","Emri_I_Sis":"Agjencia Shteterore e Kadastres","Fillimi_i_":"10.08.2016","Përfundim":"13.05.2022","Shape_Leng":46.2036903683,"Shape_Area":107.843478781}},
{"type":"Feature","geometry":{"type":"Polygon","coordinates":[[[19.641480592643234,40.15307117702555],[19.641417927217372,40.15307361451781],[19.64142394862182,40.15302018386882],[19.641494253997795,40.153020977039006],[19.641520594419898,40.153022787726236],[19.641519890496077,40.15306938853438],[19.641480592643234,40.15307117702555]]]},"properties":{"OBJECTID":20962,"id":2632734,"cze_id":1481,"Tipi":"Ndertese","upn":"1481-91-N","label":"91","legal_area":0,"active":2,"descriptio":"","registrati":"2016-08-10 00:00:00","su_last_mo":"2022-05-13 11:07:50","volume":105,"page":202,"property_n":"app_91","pronari":"PRIVAT","Lloji_pasu":"TRUALL","id_bau":15411697,"id_sut":2632734,"InspireId":"ASHK_N_2632734","Zona_Kadas":1481,"Numri_i_pa":"app_91","Emri_I_Sis":"Agjencia Shteterore e Kadastres","Fillimi_i_":"10.08.2016","Përfundim":"13.05.2022","Shape_Leng":28.0745067438,"Shape_Area":47.5451081527}},
{"type":"Feature","geometry":{"type":"Polygon","coordinates":[[[19.64429099521507,40.14995454969284],[19.64437833763235,40.14993049473234],[19.64441891454514,40.15003460457427],[19.644347304961588,40.15005448230233],[19.644329796642857,40.15002035006685],[19.644319489570304,40.15002312735928],[19.64429099521507,40.14995454969284]]]},"properties":{"OBJECTID":21013,"id":2632702,"cze_id":1481,"Tipi":"Ndertese","upn":"1481-270/1-N","label":"270/1","legal_area":0,"active":2,"descriptio":"","registrati":"2016-08-10 00:00:00","su_last_mo":"2022-05-13 11:49:21","volume":1,"page":32,"property_n":"270/1","pronari":"PRIVAT","Lloji_pasu":"TRUALL","id_bau":32325420,"id_sut":2632702,"InspireId":"ASHK_N_2632702","Zona_Kadas":1481,"Numri_i_pa":"270/1","Emri_I_Sis":"Agjencia Shteterore e Kadastres","Fillimi_i_":"10.08.2016","Përfundim":"13.05.2022","Shape_Leng":39.4582091417,"Shape_Area":89.6859420879}},
{"type":"Feature","geometry":{"type":"Polygon","coordinates":[[[19.641488157906267,40.1534138238494],[19.64136278752335,40.15333885301229],[19.641462608528794,40.153246830640434],[19.641527563159734,40.15329007918835],[19.641481814478727,40.153333869377846],[19.641533779937493,40.15336912997123],[19.641488157906267,40.1534138238494]]]},"properties":{"OBJECTID":21052,"id":2632954,"cze_id":1481,"Tipi":"Ndertese","upn":"1481-63-N","label":"63","legal_area":0,"active":2,"descriptio":"","registrati":"2016-08-10 00:00:00","su_last_mo":"2022-05-13 16:08:04","volume":5,"page":149,"property_n":"63","pronari":"PRIVAT","Lloji_pasu":"TRUALL","id_bau":15412188,"id_sut":2632954,"InspireId":"ASHK_N_2632954","Zona_Kadas":1481,"Numri_i_pa":"63","Emri_I_Sis":"Agjencia Shteterore e Kadastres","Fillimi_i_":"10.08.2016","Përfundim":"13.05.2022","Shape_Leng":52.6109831555,"Shape_Area":136.03906926}},
{"type":"Feature","geometry":{"type":"Polygon","coordinates":[[[19.64105087539888,40.15321912804162],[19.641063313242384,40.15325760390578],[19.64102238630591,40.153265394146594],[19.640968646480594,40.15327562397838],[19.640963154076623,40.1532766687476],[19.6409507186431,40.15323819107916],[19.641028096321815,40.153223464028116],[19.64105087539888,40.15321912804162]]]},"properties":{"OBJECTID":21053,"id":2632522,"cze_id":1481,"Tipi":"Ndertese","upn":"1481-73-N","label":"73","legal_area":0,"active":2,"descriptio":"","registrati":"2016-08-10 00:00:00","su_last_mo":"2022-05-13 11:49:30","volume":5,"page":196,"property_n":"73","pronari":"PRIVAT","Lloji_pasu":"TRUALL","id_bau":15411663,"id_sut":2632522,"InspireId":"ASHK_N_2632522","Zona_Kadas":1481,"Numri_i_pa":"73","Emri_I_Sis":"Agjencia Shteterore e Kadastres","Fillimi_i_":"10.08.2016","Përfundim":"13.05.2022","Shape_Leng":26.3886187825,"Shape_Area":38.7031352204}},
{"type":"Feature","geometry":{"type":"Polygon","coordinates":[[[19.640593751296358,40.15446955853209],[19.64055726891601,40.154504843990004],[19.64047841675842,40.154456795726546],[19.640468455732556,40.154467909634285],[19.640439448923324,40.154452601349035],[19.640485000190196,40.15440178094131],[19.640554169200488,40.15443828236192],[19.64054955410172,40.15444276379482],[19.640593751296358,40.15446955853209]]]},"properties":{"OBJECTID":21101,"id":2632526,"cze_id":1481,"Tipi":"Ndertese","upn":"1481-12/1-N","label":"12/1","legal_area":0,"active":2,"descriptio":"","registrati":"2016-08-10 00:00:00","su_last_mo":"2022-05-13 11:49:30","volume":1,"page":155,"property_n":"12/1","pronari":"PRIVAT","Lloji_pasu":"TRUALL","id_bau":2922078,"id_sut":2632526,"InspireId":"ASHK_N_2632526","Zona_Kadas":1481,"Numri_i_pa":"12/1","Emri_I_Sis":"Agjencia Shteterore e Kadastres","Fillimi_i_":"10.08.2016","Përfundim":"13.05.2022","Shape_Leng":37.5125803636,"Shape_Area":66.2606067878}},
{"type":"Feature","geometry":{"type":"Polygon","coordinates":[[[19.641010248111318,40.152633482431476],[19.641000388498608,40.152566335164074],[19.641144342229733,40.15255317071378],[19.641154736897686,40.15262304572268],[19.641126148639167,40.15262511044255],[19.641105991619806,40.15262656636939],[19.64109629821971,40.15262726580556],[19.641010248111318,40.152633482431476]]]},"properties":{"OBJECTID":21102,"id":2632719,"cze_id":1481,"Tipi":"Ndertese","upn":"1481-120-N","label":"120","legal_area":0,"active":2,"descriptio":"","registrati":"2016-08-10 00:00:00","su_last_mo":"2022-05-13 11:07:50","volume":5,"page":212,"property_n":"120","pronari":"PRIVAT","Lloji_pasu":"TRUALL","id_bau":15411731,"id_sut":2632719,"InspireId":"ASHK_N_2632719","Zona_Kadas":1481,"Numri_i_pa":"120","Emri_I_Sis":"Agjencia Shteterore e Kadastres","Fillimi_i_":"10.08.2016","Përfundim":"13.05.2022","Shape_Leng":40.0301672397,"Shape_Area":94.6119785794}},
{"type":"Feature","geometry":{"type":"Polygon","coordinates":[[[19.639120103177834,40.14671417142138],[19.639215450191465,40.14679574803257],[19.639125391967124,40.14685773627656],[19.639030046144445,40.14677616049642],[19.639120103177834,40.14671417142138]]]},"properties":{"OBJECTID":21103,"id":2929906,"cze_id":1481,"Tipi":"Ndertese","upn":"1481-120/2/ND","label":"120/2/ND","legal_area":0,"active":2,"descriptio":"","registrati":"2022-04-19 16:12:31","su_last_mo":"2022-05-13 09:52:12","volume":7,"page":45,"property_n":"120/2/ND+1-3","pronari":"PRIVAT","Lloji_pasu":"APARTAMENT","id_bau":38273258,"id_sut":2929906,"InspireId":"ASHK_N_2929906","Zona_Kadas":1481,"Numri_i_pa":"120/2/ND+1-3","Emri_I_Sis":"Agjencia Shteterore e Kadastres","Fillimi_i_":"19.04.2022","Përfundim":"13.05.2022","Shape_Leng":44.9531292084,"Shape_Area":125.434695294}},
{"type":"Feature","geometry":{"type":"Polygon","coordinates":[[[19.639120103177834,40.14671417142138],[19.639215450191465,40.14679574803257],[19.639125391967124,40.14685773627656],[19.639030046144445,40.14677616049642],[19.639120103177834,40.14671417142138]]]},"properties":{"OBJECTID":21104,"id":2929906,"cze_id":1481,"Tipi":"Ndertese","upn":"1481-120/2/ND","label":"120/2/ND","legal_area":0,"active":2,"descriptio":"","registrati":"2022-04-19 16:12:31","su_last_mo":"2022-05-13 09:52:12","volume":7,"page":52,"property_n":"120/2/ND+3-2","pronari":"PRIVAT","Lloji_pasu":"APARTAMENT","id_bau":38273265,"id_sut":2929906,"InspireId":"ASHK_N_2929906","Zona_Kadas":1481,"Numri_i_pa":"120/2/ND+3-2","Emri_I_Sis":"Agjencia Shteterore e Kadastres","Fillimi_i_":"19.04.2022","Përfundim":"13.05.2022","Shape_Leng":44.9531292084,"Shape_Area":125.434695294}},
{"type":"Feature","geometry":{"type":"Polygon","coordinates":[[[19.646360130158083,40.14394688409834],[19.646240516375997,40.14400533387666],[19.64614321718014,40.14388975689454],[19.646233913777632,40.14384546718416],[19.64630401909476,40.14392760301322],[19.646332536534274,40.14391356879014],[19.646360130158083,40.14394688409834]]]},"properties":{"OBJECTID":21109,"id":2930008,"cze_id":1481,"Tipi":"Ndertese","upn":"1481-126/8-N","label":"126/8","legal_area":0,"active":2,"descriptio":"","registrati":"2022-04-19 16:12:31","su_last_mo":"2025-04-29 11:08:24","volume":8,"page":135,"property_n":"126/8-ND","pronari":"PRIVAT","Lloji_pasu":"NDERTESE","id_bau":53018266,"id_sut":2930008,"InspireId":"ASHK_N_2930008","Zona_Kadas":1481,"Numri_i_pa":"126/8-ND","Emri_I_Sis":"Agjencia Shteterore e Kadastres","Fillimi_i_":"19.04.2022","Përfundim":"29.04.2025","Shape_Leng":54.6963231109,"Shape_Area":153.194116284}},
{"type":"Feature","geometry":{"type":"Polygon","coordinates":[[[19.63954038117132,40.15198083945943],[19.63957874945385,40.151929660203194],[19.63957885229248,40.15192952183194],[19.6395854335542,40.15192074352123],[19.639687359078167,40.1519699953528],[19.639647653720445,40.15202124073006],[19.63954038117132,40.15198083945943]]]},"properties":{"OBJECTID":21124,"id":2632675,"cze_id":1481,"Tipi":"Ndertese","upn":"1481-166/2-N","label":"166/2","legal_area":0,"active":2,"descriptio":"","registrati":"2016-08-10 00:00:00","su_last_mo":"2022-05-13 11:49:23","volume":1004,"page":115,"property_n":"166/2","pronari":"PRIVAT","Lloji_pasu":"TRUALL","id_bau":15411763,"id_sut":2632675,"InspireId":"ASHK_N_2632675","Zona_Kadas":1481,"Numri_i_pa":"166/2","Emri_I_Sis":"Agjencia Shteterore e Kadastres","Fillimi_i_":"10.08.2016","Përfundim":"13.05.2022","Shape_Leng":34.763131004,"Shape_Area":73.0659649003}},
{"type":"Feature","geometry":{"type":"Polygon","coordinates":[[[19.642394907886448,40.14860716738422],[19.642397314017824,40.14860868150815],[19.642366507223485,40.148637118076905],[19.642327653817006,40.1486123902505],[19.642287936923175,40.14864913877445],[19.64220210089437,40.148594508343116],[19.642274024403278,40.14853027506136],[19.64236559554539,40.148588521925305],[19.64236943796311,40.14859096629607],[19.642394907886448,40.14860716738422]]]},"properties":{"OBJECTID":21218,"id":2632791,"cze_id":1481,"Tipi":"Ndertese","upn":"1481-321/1-N","label":"321/1","legal_area":0,"active":2,"descriptio":"","registrati":"2016-08-10 00:00:00","su_last_mo":"2022-05-13 11:07:47","volume":3,"page":232,"property_n":"321/1","pronari":"PRIVAT","Lloji_pasu":"TRUALL","id_bau":15482009,"id_sut":2632791,"InspireId":"ASHK_N_2632791","Zona_Kadas":1481,"Numri_i_pa":"321/1","Emri_I_Sis":"Agjencia Shteterore e Kadastres","Fillimi_i_":"10.08.2016","Përfundim":"13.05.2022","Shape_Leng":46.2587161452,"Shape_Area":106.2468321}},
{"type":"Feature","geometry":{"type":"Polygon","coordinates":[[[19.64192542418267,40.153653874514596],[19.641889081017904,40.1536814166304],[19.64185443886349,40.153657274464344],[19.641893077950836,40.15362768070432],[19.64192542418267,40.153653874514596]]]},"properties":{"OBJECTID":21219,"id":2632852,"cze_id":1481,"Tipi":"Ndertese","upn":"1481-51/1-N","label":"51/1","legal_area":0,"active":2,"descriptio":"","registrati":"2016-08-10 00:00:00","su_last_mo":"2022-05-13 11:07:44","volume":2,"page":193,"property_n":"51/1","pronari":"PRIVAT","Lloji_pasu":"TRUALL","id_bau":15482126,"id_sut":2632852,"InspireId":"ASHK_N_2632852","Zona_Kadas":1481,"Numri_i_pa":"51/1","Emri_I_Sis":"Agjencia Shteterore e Kadastres","Fillimi_i_":"10.08.2016","Përfundim":"13.05.2022","Shape_Leng":16.997842668,"Shape_Area":17.9797560554}},
{"type":"Feature","geometry":{"type":"Polygon","coordinates":[[[19.64039864618746,40.15460669845269],[19.640356296388994,40.15457545054461],[19.640403735877587,40.154541615811006],[19.64043628734572,40.15456670023947],[19.64045433480004,40.154580573173824],[19.640409638463368,40.15461480820459],[19.64039864618746,40.15460669845269]]]},"properties":{"OBJECTID":21220,"id":2632498,"cze_id":1481,"Tipi":"Ndertese","upn":"1481-8/1-N","label":"8/1","legal_area":0,"active":2,"descriptio":"","registrati":"2016-08-10 00:00:00","su_last_mo":"2022-05-13 11:49:32","volume":2,"page":27,"property_n":"8/1","pronari":"PRIVAT","Lloji_pasu":"TRUALL","id_bau":31845287,"id_sut":2632498,"InspireId":"ASHK_N_2632498","Zona_Kadas":1481,"Numri_i_pa":"8/1","Emri_I_Sis":"Agjencia Shteterore e Kadastres","Fillimi_i_":"10.08.2016","Përfundim":"13.05.2022","Shape_Leng":23.3115201835,"Shape_Area":33.7953586971}},
{"type":"Feature","geometry":{"type":"Polygon","coordinates":[[[19.64039864618746,40.15460669845269],[19.640356296388994,40.15457545054461],[19.640403735877587,40.154541615811006],[19.64043628734572,40.15456670023947],[19.64045433480004,40.154580573173824],[19.640409638463368,40.15461480820459],[19.64039864618746,40.15460669845269]]]},"properties":{"OBJECTID":21221,"id":2632498,"cze_id":1481,"Tipi":"Ndertese","upn":"1481-8/1-N","label":"8/1","legal_area":0,"active":2,"descriptio":"","registrati":"2016-08-10 00:00:00","su_last_mo":"2022-05-13 11:49:32","volume":6,"page":36,"property_n":"8/1/10000","pronari":"PRIVAT","Lloji_pasu":"TRUALL","id_bau":15411932,"id_sut":2632498,"InspireId":"ASHK_N_2632498","Zona_Kadas":1481,"Numri_i_pa":"8/1/10000","Emri_I_Sis":"Agjencia Shteterore e Kadastres","Fillimi_i_":"10.08.2016","Përfundim":"13.05.2022","Shape_Leng":23.3115201835,"Shape_Area":33.7953586971}},
{"type":"Feature","geometry":{"type":"Polygon","coordinates":[[[19.641702018765674,40.15293225155625],[19.64170259266209,40.15290344606214],[19.64171785285668,40.15290362476675],[19.641718139841682,40.15288921436468],[19.64174631069513,40.15288954468558],[19.64174544983801,40.152932760582175],[19.641702018765674,40.15293225155625]]]},"properties":{"OBJECTID":21222,"id":2632934,"cze_id":1481,"Tipi":"Ndertese","upn":"1481-95-N","label":"95","legal_area":0,"active":2,"descriptio":"","registrati":"2016-08-10 00:00:00","su_last_mo":"2022-05-13 16:08:08","volume":5,"page":204,"property_n":"95","pronari":"PRIVAT","Lloji_pasu":"TRUALL","id_bau":15411702,"id_sut":2632934,"InspireId":"ASHK_N_2632934","Zona_Kadas":1481,"Numri_i_pa":"95","Emri_I_Sis":"Agjencia Shteterore e Kadastres","Fillimi_i_":"10.08.2016","Përfundim":"13.05.2022","Shape_Leng":17.0002752353,"Shape_Area":15.6805486002}},
{"type":"Feature","geometry":{"type":"Polygon","coordinates":[[[19.640399026688158,40.15415271800799],[19.640424181572605,40.15416553230872],[19.640420716855274,40.154169538193635],[19.6403376604511,40.15426554821366],[19.640279002363044,40.154235667152996],[19.640280342670835,40.15423411779415],[19.64036527069984,40.15413552172156],[19.640399026688158,40.15415271800799]]]},"properties":{"OBJECTID":21231,"id":2632758,"cze_id":1481,"Tipi":"Ndertese","upn":"1481-21/1-N","label":"21/1","legal_area":0,"active":2,"descriptio":"","registrati":"2016-08-10 00:00:00","su_last_mo":"2022-05-13 11:07:49","volume":5,"page":169,"property_n":"21/1","pronari":"PRIVAT","Lloji_pasu":"TROTUARE","id_bau":15412163,"id_sut":2632758,"InspireId":"ASHK_N_2632758","Zona_Kadas":1481,"Numri_i_pa":"21/1","Emri_I_Sis":"Agjencia Shteterore e Kadastres","Fillimi_i_":"10.08.2016","Përfundim":"13.05.2022","Shape_Leng":38.6830955104,"Shape_Area":80.1337588313}},
{"type":"Feature","geometry":{"type":"Polygon","coordinates":[[[19.64189032094937,40.151210358634344],[19.641782391282394,40.151243196353214],[19.641759198713086,40.1512504185089],[19.641746811017583,40.15122428189029],[19.641693565486467,40.151236588560565],[19.641674266364266,40.15119592198956],[19.641798647273138,40.15116053975267],[19.64179538368696,40.15115378331243],[19.64184051273829,40.15114094535731],[19.64185765038741,40.151176420500164],[19.641871959573002,40.15117234994514],[19.64189032094937,40.151210358634344]]]},"properties":{"OBJECTID":21232,"id":2632960,"cze_id":1481,"Tipi":"Ndertese","upn":"1481-224-N","label":"224","legal_area":0,"active":2,"descriptio":"","registrati":"2016-08-10 00:00:00","su_last_mo":"2022-05-13 16:08:04","volume":1003,"page":84,"property_n":"224","pronari":"PRIVAT","Lloji_pasu":"TRUALL","id_bau":6705385,"id_sut":2632960,"InspireId":"ASHK_N_2632960","Zona_Kadas":1481,"Numri_i_pa":"224","Emri_I_Sis":"Agjencia Shteterore e Kadastres","Fillimi_i_":"10.08.2016","Përfundim":"13.05.2022","Shape_Leng":50.8638230871,"Shape_Area":118.730523537}},
{"type":"Feature","geometry":{"type":"Polygon","coordinates":[[[19.642128563514856,40.15037008955411],[19.642065061547388,40.150411411540084],[19.642017315354238,40.15036711685179],[19.6420797462504,40.150326155420785],[19.642128563514856,40.15037008955411]]]},"properties":{"OBJECTID":21234,"id":2632651,"cze_id":1481,"Tipi":"Ndertese","upn":"1481-254-N","label":"254","legal_area":0,"active":2,"descriptio":"","registrati":"2016-08-10 00:00:00","su_last_mo":"2022-05-13 11:49:24","volume":1,"page":43,"property_n":"254","pronari":"PRIVAT","Lloji_pasu":"TRUALL","id_bau":15412038,"id_sut":2632651,"InspireId":"ASHK_N_2632651","Zona_Kadas":1481,"Numri_i_pa":"254","Emri_I_Sis":"Agjencia Shteterore e Kadastres","Fillimi_i_":"10.08.2016","Përfundim":"13.05.2022","Shape_Leng":26.887233101,"Shape_Area":45.074804282}},
{"type":"Feature","geometry":{"type":"Polygon","coordinates":[[[19.64429099521507,40.14995454969284],[19.64437833763235,40.14993049473234],[19.64441891454514,40.15003460457427],[19.644347304961588,40.15005448230233],[19.644329796642857,40.15002035006685],[19.644319489570304,40.15002312735928],[19.64429099521507,40.14995454969284]]]},"properties":{"OBJECTID":21326,"id":2632702,"cze_id":1481,"Tipi":"Ndertese","upn":"1481-270/1-N","label":"270/1","legal_area":0,"active":2,"descriptio":"","registrati":"2016-08-10 00:00:00","su_last_mo":"2022-05-13 11:49:21","volume":1003,"page":241,"property_n":"270/1","pronari":"PRIVAT","Lloji_pasu":"TRUALL","id_bau":6707396,"id_sut":2632702,"InspireId":"ASHK_N_2632702","Zona_Kadas":1481,"Numri_i_pa":"270/1","Emri_I_Sis":"Agjencia Shteterore e Kadastres","Fillimi_i_":"10.08.2016","Përfundim":"13.05.2022","Shape_Leng":39.4582091417,"Shape_Area":89.6859420879}},
{"type":"Feature","geometry":{"type":"Polygon","coordinates":[[[19.64102238630591,40.153265394146594],[19.641051824822778,40.153364045401354],[19.641051088208513,40.153364182709836],[19.64099610528451,40.153374433016616],[19.640968646480594,40.15327562397838],[19.64102238630591,40.153265394146594]]]},"properties":{"OBJECTID":21330,"id":2632523,"cze_id":1481,"Tipi":"Ndertese","upn":"1481-64-N","label":"64","legal_area":0,"active":2,"descriptio":"","registrati":"2016-08-10 00:00:00","su_last_mo":"2022-05-13 11:49:30","volume":5,"page":150,"property_n":"64","pronari":"PRIVAT","Lloji_pasu":"TRUALL","id_bau":15412186,"id_sut":2632523,"InspireId":"ASHK_N_2632523","Zona_Kadas":1481,"Numri_i_pa":"64","Emri_I_Sis":"Agjencia Shteterore e Kadastres","Fillimi_i_":"10.08.2016","Përfundim":"13.05.2022","Shape_Leng":32.0591668811,"Shape_Area":53.8962968863}},
{"type":"Feature","geometry":{"type":"Polygon","coordinates":[[[19.640622281788033,40.14861948792267],[19.640680694201706,40.14865323612002],[19.64062616710131,40.14870753211367],[19.640578357456704,40.14867990841518],[19.640566358833237,40.148672976226806],[19.640591935320394,40.14864750757146],[19.640500462733485,40.1485946586725],[19.640529386466078,40.148565816891754],[19.640622281788033,40.14861948792267]]]},"properties":{"OBJECTID":21545,"id":2632534,"cze_id":1481,"Tipi":"Ndertese","upn":"1481-317-N","label":"317","legal_area":0,"active":2,"descriptio":"","registrati":"2016-08-10 00:00:00","su_last_mo":"2022-05-13 11:49:30","volume":3,"page":223,"property_n":"317","pronari":"PRIVAT","Lloji_pasu":"TRUALL","id_bau":15482000,"id_sut":2632534,"InspireId":"ASHK_N_2632534","Zona_Kadas":1481,"Numri_i_pa":"317","Emri_I_Sis":"Agjencia Shteterore e Kadastres","Fillimi_i_":"10.08.2016","Përfundim":"13.05.2022","Shape_Leng":47.4970954953,"Shape_Area":87.9825498071}},
{"type":"Feature","geometry":{"type":"Polygon","coordinates":[[[19.640971619686713,40.153880009408354],[19.641071467296957,40.15390669281479],[19.641055638700788,40.15394911570966],[19.641040507508514,40.15394579154648],[19.641010784993377,40.15400423523797],[19.64094616900378,40.15398865997231],[19.640968938834924,40.153930410882225],[19.640953565827317,40.15392687251738],[19.640971619686713,40.153880009408354]]]},"properties":{"OBJECTID":21546,"id":2632759,"cze_id":1481,"Tipi":"Ndertese","upn":"1481-32/1-N","label":"32/1","legal_area":0,"active":2,"descriptio":"","registrati":"2016-08-10 00:00:00","su_last_mo":"2022-05-13 11:07:48","volume":1003,"page":153,"property_n":"32/1","pronari":"PRIVAT","Lloji_pasu":"TRUALL","id_bau":6707305,"id_sut":2632759,"InspireId":"ASHK_N_2632759","Zona_Kadas":1481,"Numri_i_pa":"32/1","Emri_I_Sis":"Agjencia Shteterore e Kadastres","Fillimi_i_":"10.08.2016","Përfundim":"13.05.2022","Shape_Leng":41.5325176836,"Shape_Area":88.0595017429}},
{"type":"Feature","geometry":{"type":"Polygon","coordinates":[[[19.6403717438284,40.146633202362615],[19.640376854598568,40.14663321373176],[19.64037794907487,40.14663329908482],[19.64037903870031,40.14663341414241],[19.640380122310866,40.146633557099705],[19.64038119872348,40.14663372975424],[19.640382267942933,40.14663393120545],[19.64038332645334,40.14663416054181],[19.640384374254715,40.146634417763295],[19.640385408995247,40.14663470376322],[19.640386430684423,40.14663501674045],[19.640387436975185,40.146635356687646],[19.64038842787227,40.146635722704254],[19.640389402197407,40.14663611568722],[19.640390357608265,40.146636534728664],[19.640391292936066,40.14663697892437],[19.64039220818555,40.14663744737375],[19.64039310100966,40.146637940069496],[19.640393971413122,40.146638456111084],[19.640394817048893,40.1466389954912],[19.640395639095246,40.14663955731288],[19.64039643403632,40.14664014066465],[19.64039720187687,40.146640744645914],[19.640397942621643,40.14664136835609],[19.6403986550971,40.14664201179156],[19.640399336960925,40.146642674044436],[19.640399989391398,40.14664335421778],[19.640400610046196,40.146644051403726],[19.64040119775653,40.14664476469807],[19.640401753705437,40.14664549230328],[19.640402276714617,40.146646235116265],[19.640402765615313,40.146646992232846],[19.640403219248213,40.14664776094765],[19.64040363761332,40.146648541260646],[19.640404020715383,40.14664933227125],[19.6404043685544,40.14665013397949],[19.640404678797545,40.14665094367632],[19.640404952618354,40.146651761365376],[19.640405188852778,40.1466525852419],[19.640405387496088,40.146653416206426],[19.640405548567262,40.14665425065665],[19.6404127345184,40.146649969933186],[19.640441208690692,40.14667330088016],[19.64038854058424,40.146711156807605],[19.6403821208039,40.146705897214964],[19.640348708588355,40.1467299122544],[19.640320234424394,40.14670658128492],[19.64034507889437,40.14668872402257],[19.64031941266697,40.14666769378554],[19.640318653184973,40.14666773015207],[19.640317892633945,40.14666774670219],[19.640317131018623,40.14666774253533],[19.640316371854873,40.14666771856302],[19.640315612800375,40.14666767387739],[19.64031485619746,40.1466676093863],[19.64031410321964,40.146667525093385],[19.640313355040465,40.14666742100232],[19.640312611659947,40.14666729711308],[19.640311874256355,40.14666715252873],[19.64031114281544,40.14666698995103],[19.640310420872076,40.14666680668916],[19.640309706064922,40.14666660543758],[19.640309001919356,40.1466663853066],[19.640308307261833,40.146666146292645],[19.640307624439416,40.146665888402985],[19.640306953442625,40.14666561343875],[19.640306295449726,40.146665320503025],[19.64030565045599,40.146665010496385],[19.640305020808473,40.14666468342613],[19.640304405333644,40.14666433928863],[19.64030380636907,40.14666397989229],[19.640303222745978,40.14666360433291],[19.640302657980214,40.146663213522004],[19.640302110893504,40.1466628083565],[19.64030158149058,40.14666238793585],[19.640301072104286,40.14666195496903],[19.64030058157056,40.14666150765128],[19.64030011222225,40.14666104869161],[19.640299664068838,40.14666057628887],[19.640299237096073,40.14666009314478],[19.640298832477505,40.146659599263],[19.64029845021787,40.146659093742976],[19.640298090302917,40.146658579286395],[19.640297755084482,40.146658055],[19.640297442205984,40.146657522677664],[19.64029715401449,40.146656982326654],[19.640296890505244,40.14665643484756],[19.640296652851806,40.14665588024403],[19.640296438702325,40.146655319409355],[19.640296250394385,40.14665475415197],[19.640296087932747,40.14665418357131],[19.640295951307888,40.146653609468544],[19.640295840524562,40.146653030943064],[19.64029575674207,40.14665245070029],[19.64029569761332,40.14665186873289],[19.640295665485397,40.14665128504818],[19.640295660348784,40.14665070144729],[19.64029567985643,40.146650117922974],[19.64029572752418,40.14664953538673],[19.640295799831424,40.14664895382761],[19.64029589911572,40.146648375054085],[19.64029602420356,40.14664779906247],[19.640296175090185,40.14664722675338],[19.640296351770832,40.146646659027404],[19.64029655424551,40.14664609588451],[19.64029678133593,40.14664553822163],[19.640297034206124,40.14664498784358],[19.640297311687313,40.14664444384615],[19.64029761259645,40.14664390802684],[19.64029793810708,40.146643380389285],[19.640298287045663,40.14664286092986],[19.640298659402703,40.1466423514497],[19.640299053999897,40.14664185284575],[19.64029947201555,40.1466413642211],[19.640299909919555,40.146640887365905],[19.640300370058966,40.14664042228754],[19.640300851255503,40.146639969882884],[19.640301352335644,40.14663953014829],[19.640301872121082,40.14663910398073],[19.640302411780628,40.1466386922844],[19.64030297014072,40.14663829505566],[19.640303544849555,40.14663791318779],[19.640304137085415,40.14663754578387],[19.640304744491726,40.14663719463776],[19.640305368237275,40.146636860653686],[19.64030600715327,40.14663654292741],[19.640306658887905,40.14663624235226],[19.6403073246147,40.14663595893184],[19.640308001981843,40.14663569355945],[19.640308692162876,40.14663544623873],[19.640309391632435,40.146635217859355],[19.640310101568804,40.14663500752437],[19.640310820793704,40.14663481613069],[19.640311548128835,40.146634644575265],[19.640312282405436,40.14663449195389],[19.640313023618752,40.146634359167095],[19.64031350864676,40.14661004013255],[19.640372190934755,40.14661072942777],[19.6403717438284,40.146633202362615]]]},"properties":{"OBJECTID":21547,"id":2632866,"cze_id":1481,"Tipi":"Ndertese","upn":"1481-357-N","label":"357","legal_area":0,"active":2,"descriptio":"","registrati":"2016-08-10 00:00:00","su_last_mo":"2022-05-13 11:07:44","volume":4,"page":62,"property_n":"357","pronari":"PRIVAT","Lloji_pasu":"TRUALL","id_bau":15482103,"id_sut":2632866,"InspireId":"ASHK_N_2632866","Zona_Kadas":1481,"Numri_i_pa":"357","Emri_I_Sis":"Agjencia Shteterore e Kadastres","Fillimi_i_":"10.08.2016","Përfundim":"13.05.2022","Shape_Leng":44.7535195875,"Shape_Area":87.8365113361}},
{"type":"Feature","geometry":{"type":"Polygon","coordinates":[[[19.64123882201966,40.1534575372963],[19.6412394954706,40.153456690123676],[19.6412784802741,40.15340759349717],[19.641342277878888,40.15343742152952],[19.64130262433865,40.15348736716607],[19.64123882201966,40.1534575372963]]]},"properties":{"OBJECTID":21548,"id":2632741,"cze_id":1481,"Tipi":"Ndertese","upn":"1481-57-N","label":"57","legal_area":0,"active":2,"descriptio":"","registrati":"2016-08-10 00:00:00","su_last_mo":"2022-05-13 11:07:49","volume":5,"page":144,"property_n":"57","pronari":"PRIVAT","Lloji_pasu":"TRUALL","id_bau":15412193,"id_sut":2632741,"InspireId":"ASHK_N_2632741","Zona_Kadas":1481,"Numri_i_pa":"57","Emri_I_Sis":"Agjencia Shteterore e Kadastres","Fillimi_i_":"10.08.2016","Përfundim":"13.05.2022","Shape_Leng":25.7191576529,"Shape_Area":41.3378893434}},
{"type":"Feature","geometry":{"type":"Polygon","coordinates":[[[19.641266081117198,40.15340278014082],[19.641271151083057,40.153405289589614],[19.64122917525589,40.15345158240647],[19.641168134287877,40.15342137559948],[19.641154577311198,40.15341466649744],[19.641196553165898,40.153368373707444],[19.641231662466694,40.153385747761064],[19.641266081117198,40.15340278014082]]]},"properties":{"OBJECTID":21549,"id":2632677,"cze_id":1481,"Tipi":"Ndertese","upn":"1481-61-N","label":"61","legal_area":0,"active":2,"descriptio":"","registrati":"2016-08-10 00:00:00","su_last_mo":"2022-05-13 11:49:23","volume":1,"page":239,"property_n":"61","pronari":"PRIVAT","Lloji_pasu":"TRUALL","id_bau":3709353,"id_sut":2632677,"InspireId":"ASHK_N_2632677","Zona_Kadas":1481,"Numri_i_pa":"61","Emri_I_Sis":"Agjencia Shteterore e Kadastres","Fillimi_i_":"10.08.2016","Përfundim":"13.05.2022","Shape_Leng":27.6505200979,"Shape_Area":47.3323901215}},
{"type":"Feature","geometry":{"type":"Polygon","coordinates":[[[19.638768466063787,40.15244174410349],[19.638718309960534,40.15239013224047],[19.638776655458205,40.15235674645914],[19.638782601637644,40.15236286382461],[19.638825890428727,40.15233809295269],[19.638869739736055,40.152383208035225],[19.63882675420214,40.152408333802285],[19.638768466063787,40.15244174410349]]]},"properties":{"OBJECTID":21551,"id":2633016,"cze_id":1481,"Tipi":"Ndertese","upn":"1481-133/1-N","label":"133/1","legal_area":0,"active":2,"descriptio":"","registrati":"2016-08-10 00:00:00","su_last_mo":"2022-05-13 16:08:03","volume":103,"page":23,"property_n":"app_133/1","pronari":"PRIVAT","Lloji_pasu":"TRUALL","id_bau":15481635,"id_sut":2633016,"InspireId":"ASHK_N_2633016","Zona_Kadas":1481,"Numri_i_pa":"app_133/1","Emri_I_Sis":"Agjencia Shteterore e Kadastres","Fillimi_i_":"10.08.2016","Përfundim":"13.05.2022","Shape_Leng":35.8512427704,"Shape_Area":73.1807331306}},
{"type":"Feature","geometry":{"type":"Polygon","coordinates":[[[19.64115286770782,40.1477636708496],[19.641096560240143,40.147821306362744],[19.641053825996757,40.14779672098043],[19.641110133484684,40.1477390845873],[19.64115286770782,40.1477636708496]]]},"properties":{"OBJECTID":23059,"id":2632796,"cze_id":1481,"Tipi":"Ndertese","upn":"1481-341/1-N","label":"341/1","legal_area":0,"active":2,"descriptio":"","registrati":"2016-08-10 00:00:00","su_last_mo":"2022-05-13 11:07:47","volume":4,"page":30,"property_n":"341/1","pronari":"PRIVAT","Lloji_pasu":"TRUALL","id_bau":15482067,"id_sut":2632796,"InspireId":"ASHK_N_2632796","Zona_Kadas":1481,"Numri_i_pa":"341/1","Emri_I_Sis":"Agjencia Shteterore e Kadastres","Fillimi_i_":"10.08.2016","Përfundim":"13.05.2022","Shape_Leng":25.0995242537,"Shape_Area":36.4027479877}},
{"type":"Feature","geometry":{"type":"Polygon","coordinates":[[[19.64097968964887,40.15354774176151],[19.641011027139683,40.15350821102898],[19.641111861928664,40.15355528418455],[19.641080526864236,40.153594806846286],[19.64097968964887,40.15354774176151]]]},"properties":{"OBJECTID":23060,"id":2632896,"cze_id":1481,"Tipi":"Ndertese","upn":"1481-52-N","label":"52","legal_area":0,"active":2,"descriptio":"","registrati":"2016-08-10 00:00:00","su_last_mo":"2022-05-13 11:07:42","volume":1,"page":201,"property_n":"52","pronari":"PRIVAT","Lloji_pasu":"TRUALL","id_bau":15343206,"id_sut":2632896,"InspireId":"ASHK_N_2632896","Zona_Kadas":1481,"Numri_i_pa":"52","Emri_I_Sis":"Agjencia Shteterore e Kadastres","Fillimi_i_":"10.08.2016","Përfundim":"13.05.2022","Shape_Leng":30.3874187429,"Shape_Area":51.6628461969}},
{"type":"Feature","geometry":{"type":"Polygon","coordinates":[[[19.63914314051844,40.15262459347162],[19.639105819858234,40.15252605494782],[19.63918266800573,40.1525101810223],[19.63919510108012,40.152521168273275],[19.639214442893632,40.152544685386076],[19.63922486258377,40.152561548133896],[19.639190813789227,40.15257083342909],[19.639181723161517,40.15255521133392],[19.63916678211601,40.15256038731543],[19.639194987410804,40.15260940532562],[19.63914314051844,40.15262459347162]]]},"properties":{"OBJECTID":22589,"id":2632819,"cze_id":1481,"Tipi":"Ndertese","upn":"1481-121-N","label":"121","legal_area":0,"active":2,"descriptio":"","registrati":"2016-08-10 00:00:00","su_last_mo":"2022-05-13 11:07:46","volume":3,"page":9,"property_n":"121","pronari":"PRIVAT","Lloji_pasu":"TRUALL","id_bau":15481615,"id_sut":2632819,"InspireId":"ASHK_N_2632819","Zona_Kadas":1481,"Numri_i_pa":"121","Emri_I_Sis":"Agjencia Shteterore e Kadastres","Fillimi_i_":"10.08.2016","Përfundim":"13.05.2022","Shape_Leng":42.004850095,"Shape_Area":69.9674710098}},
{"type":"Feature","geometry":{"type":"Polygon","coordinates":[[[19.64130740304777,40.15432179479087],[19.64135353463804,40.154351724791184],[19.64132124590059,40.15438150915019],[19.64133870667771,40.15439269816463],[19.64130930212499,40.15441971852834],[19.641245724506295,40.15437847074582],[19.64130740304777,40.15432179479087]]]},"properties":{"OBJECTID":22591,"id":2632551,"cze_id":1481,"Tipi":"Ndertese","upn":"1481-18-N","label":"18","legal_area":0,"active":2,"descriptio":"","registrati":"2016-08-10 00:00:00","su_last_mo":"2022-05-13 11:49:28","volume":2,"page":182,"property_n":"18","pronari":"PRIVAT","Lloji_pasu":"TRUALL","id_bau":15481715,"id_sut":2632551,"InspireId":"ASHK_N_2632551","Zona_Kadas":1481,"Numri_i_pa":"18","Emri_I_Sis":"Agjencia Shteterore e Kadastres","Fillimi_i_":"10.08.2016","Përfundim":"13.05.2022","Shape_Leng":30.5887111868,"Shape_Area":49.8145570234}},
{"type":"Feature","geometry":{"type":"Polygon","coordinates":[[[19.638302714641405,40.151654045392945],[19.638279795163015,40.15171787538876],[19.638168884847527,40.1516944268577],[19.638191805599945,40.15163059598713],[19.638302714641405,40.151654045392945]]]},"properties":{"OBJECTID":22592,"id":2632615,"cze_id":1481,"Tipi":"Ndertese","upn":"1481-195-N","label":"195","legal_area":0,"active":2,"descriptio":"","registrati":"2016-08-10 00:00:00","su_last_mo":"2022-05-13 11:49:26","volume":3,"page":78,"property_n":"195","pronari":"PRIVAT","Lloji_pasu":"TRUALL","id_bau":15481734,"id_sut":2632615,"InspireId":"ASHK_N_2632615","Zona_Kadas":1481,"Numri_i_pa":"195","Emri_I_Sis":"Agjencia Shteterore e Kadastres","Fillimi_i_":"10.08.2016","Përfundim":"13.05.2022","Shape_Leng":34.3081082534,"Shape_Area":72.0641843782}},
{"type":"Feature","geometry":{"type":"Polygon","coordinates":[[[19.642609775347594,40.14902750110102],[19.642694869068816,40.14905754993439],[19.642644035282242,40.14914232085262],[19.642558943801745,40.1491122764921],[19.642609775347594,40.14902750110102]]]},"properties":{"OBJECTID":21794,"id":2632683,"cze_id":1481,"Tipi":"Ndertese","upn":"1481-305-N","label":"305","legal_area":0,"active":2,"descriptio":"","registrati":"2016-08-10 00:00:00","su_last_mo":"2022-05-13 11:49:22","volume":4,"page":138,"property_n":"199/1","pronari":"PRIVAT","Lloji_pasu":"TRUALL","id_bau":6705829,"id_sut":2632683,"InspireId":"ASHK_N_2632683","Zona_Kadas":1481,"Numri_i_pa":"199/1","Emri_I_Sis":"Agjencia Shteterore e Kadastres","Fillimi_i_":"10.08.2016","Përfundim":"13.05.2022","Shape_Leng":36.686484781,"Shape_Area":82.70203733}},
{"type":"Feature","geometry":{"type":"Polygon","coordinates":[[[19.641565534021918,40.15417250941801],[19.64158723240823,40.15412821247794],[19.641649191729385,40.15414351258866],[19.641629714433,40.154189958024176],[19.641565534021918,40.15417250941801]]]},"properties":{"OBJECTID":21796,"id":2632560,"cze_id":1481,"Tipi":"Ndertese","upn":"1481-24-N","label":"24","legal_area":0,"active":2,"descriptio":"","registrati":"2016-08-10 00:00:00","su_last_mo":"2022-05-13 11:49:28","volume":2,"page":183,"property_n":"24","pronari":"PRIVAT","Lloji_pasu":"TRUALL","id_bau":15481786,"id_sut":2632560,"InspireId":"ASHK_N_2632560","Zona_Kadas":1481,"Numri_i_pa":"24","Emri_I_Sis":"Agjencia Shteterore e Kadastres","Fillimi_i_":"10.08.2016","Përfundim":"13.05.2022","Shape_Leng":22.0194662875,"Shape_Area":30.2619166929}},
{"type":"Feature","geometry":{"type":"Polygon","coordinates":[[[19.64060422857771,40.150598761791876],[19.640678161504518,40.150664577848424],[19.640604328117718,40.1507094666419],[19.64057869272162,40.150724812437616],[19.64054296048822,40.15069098240526],[19.640549347163955,40.15068701080099],[19.640508697411466,40.150648519331675],[19.640573453100913,40.1506082530864],[19.640579363305854,40.150613849706815],[19.64060422857771,40.150598761791876]]]},"properties":{"OBJECTID":21797,"id":2632783,"cze_id":1481,"Tipi":"Ndertese","upn":"1481-243/1-N","label":"243/1","legal_area":0,"active":2,"descriptio":"","registrati":"2016-08-10 00:00:00","su_last_mo":"2022-05-13 11:07:47","volume":1,"page":49,"property_n":"243/1","pronari":"PRIVAT","Lloji_pasu":"TRUALL","id_bau":15412089,"id_sut":2632783,"InspireId":"ASHK_N_2632783","Zona_Kadas":1481,"Numri_i_pa":"243/1","Emri_I_Sis":"Agjencia Shteterore e Kadastres","Fillimi_i_":"10.08.2016","Përfundim":"13.05.2022","Shape_Leng":42.0849786436,"Shape_Area":104.717336497}},
{"type":"Feature","geometry":{"type":"Polygon","coordinates":[[[19.64060422857771,40.150598761791876],[19.640678161504518,40.150664577848424],[19.640604328117718,40.1507094666419],[19.64057869272162,40.150724812437616],[19.64054296048822,40.15069098240526],[19.640549347163955,40.15068701080099],[19.640508697411466,40.150648519331675],[19.640573453100913,40.1506082530864],[19.640579363305854,40.150613849706815],[19.64060422857771,40.150598761791876]]]},"properties":{"OBJECTID":21798,"id":2632783,"cze_id":1481,"Tipi":"Ndertese","upn":"1481-243/1-N","label":"243/1","legal_area":0,"active":2,"descriptio":"","registrati":"2016-08-10 00:00:00","su_last_mo":"2022-05-13 11:07:47","volume":2,"page":122,"property_n":"243/1+1-3","pronari":"PRIVAT","Lloji_pasu":"APARTAMENT","id_bau":32109245,"id_sut":2632783,"InspireId":"ASHK_N_2632783","Zona_Kadas":1481,"Numri_i_pa":"243/1+1-3","Emri_I_Sis":"Agjencia Shteterore e Kadastres","Fillimi_i_":"10.08.2016","Përfundim":"13.05.2022","Shape_Leng":42.0849786436,"Shape_Area":104.717336497}},
{"type":"Feature","geometry":{"type":"Polygon","coordinates":[[[19.641033829360655,40.15287131570801],[19.64102545063689,40.1528242715714],[19.64108491199799,40.1528182201865],[19.641093046506946,40.15286528967915],[19.641033829360655,40.15287131570801]]]},"properties":{"OBJECTID":21808,"id":2632952,"cze_id":1481,"Tipi":"Ndertese","upn":"1481-105-N","label":"105","legal_area":0,"active":2,"descriptio":"","registrati":"2016-08-10 00:00:00","su_last_mo":"2022-05-13 16:08:06","volume":1,"page":185,"property_n":"105","pronari":"PRIVAT","Lloji_pasu":"TRUALL","id_bau":14575221,"id_sut":2632952,"InspireId":"ASHK_N_2632952","Zona_Kadas":1481,"Numri_i_pa":"105","Emri_I_Sis":"Agjencia Shteterore e Kadastres","Fillimi_i_":"10.08.2016","Përfundim":"13.05.2022","Shape_Leng":20.7450212665,"Shape_Area":26.8897360727}},
{"type":"Feature","geometry":{"type":"Polygon","coordinates":[[[19.640771518867936,40.15205456938812],[19.640697210799928,40.15204605428273],[19.640712298055508,40.151968543813375],[19.640786604867447,40.1519770589052],[19.640771518867936,40.15205456938812]]]},"properties":{"OBJECTID":21816,"id":2632884,"cze_id":1481,"Tipi":"Ndertese","upn":"1481-175-N","label":"175","legal_area":0,"active":2,"descriptio":"","registrati":"2016-08-10 00:00:00","su_last_mo":"2022-05-13 11:07:43","volume":5,"page":236,"property_n":"175","pronari":"PRIVAT","Lloji_pasu":"TRUALL","id_bau":15411838,"id_sut":2632884,"InspireId":"ASHK_N_2632884","Zona_Kadas":1481,"Numri_i_pa":"175","Emri_I_Sis":"Agjencia Shteterore e Kadastres","Fillimi_i_":"10.08.2016","Përfundim":"13.05.2022","Shape_Leng":30.2074561407,"Shape_Area":55.7075177029}},
{"type":"Feature","geometry":{"type":"Polygon","coordinates":[[[19.641772261059337,40.15154108127435],[19.641717745319927,40.151510074495036],[19.641761849957103,40.15146441488248],[19.64181636686345,40.151495419843684],[19.641772261059337,40.15154108127435]]]},"properties":{"OBJECTID":21817,"id":2632709,"cze_id":1481,"Tipi":"Ndertese","upn":"1481-207-N","label":"207","legal_area":0,"active":2,"descriptio":"","registrati":"2016-08-10 00:00:00","su_last_mo":"2022-05-13 11:49:21","volume":5,"page":35,"property_n":"207","pronari":"PRIVAT","Lloji_pasu":"TRUALL","id_bau":15411756,"id_sut":2632709,"InspireId":"ASHK_N_2632709","Zona_Kadas":1481,"Numri_i_pa":"207","Emri_I_Sis":"Agjencia Shteterore e Kadastres","Fillimi_i_":"10.08.2016","Përfundim":"13.05.2022","Shape_Leng":24.1857553132,"Shape_Area":36.4894375017}},
{"type":"Feature","geometry":{"type":"Polygon","coordinates":[[[19.64046528908831,40.150267594754055],[19.64051466607397,40.15023854811287],[19.640516993535588,40.15023717833101],[19.640552704859722,40.150272923871036],[19.640500895332703,40.15030323461417],[19.64046528908831,40.150267594754055]]]},"properties":{"OBJECTID":21818,"id":2632809,"cze_id":1481,"Tipi":"Ndertese","upn":"1481-259-N","label":"259","legal_area":0,"active":2,"descriptio":"","registrati":"2016-08-10 00:00:00","su_last_mo":"2022-05-13 11:07:46","volume":3,"page":132,"property_n":"259","pronari":"PRIVAT","Lloji_pasu":"TRUALL","id_bau":15481805,"id_sut":2632809,"InspireId":"ASHK_N_2632809","Zona_Kadas":1481,"Numri_i_pa":"259","Emri_I_Sis":"Agjencia Shteterore e Kadastres","Fillimi_i_":"10.08.2016","Përfundim":"13.05.2022","Shape_Leng":21.0903124262,"Shape_Area":27.7222419838}},
{"type":"Feature","geometry":{"type":"Polygon","coordinates":[[[19.642857281946682,40.14991484329784],[19.642903771782308,40.14985329601652],[19.642918318065856,40.14985946400944],[19.64294305612732,40.14982705498185],[19.64301494342681,40.149859074780615],[19.64294370714185,40.149953526439695],[19.642857281946682,40.14991484329784]]]},"properties":{"OBJECTID":21819,"id":2632966,"cze_id":1481,"Tipi":"Ndertese","upn":"1481-278-N","label":"278","legal_area":0,"active":2,"descriptio":"","registrati":"2016-08-10 00:00:00","su_last_mo":"2022-05-13 16:08:03","volume":5,"page":244,"property_n":"278","pronari":"PRIVAT","Lloji_pasu":"TRUALL","id_bau":15411963,"id_sut":2632966,"InspireId":"ASHK_N_2632966","Zona_Kadas":1481,"Numri_i_pa":"278","Emri_I_Sis":"Agjencia Shteterore e Kadastres","Fillimi_i_":"10.08.2016","Përfundim":"13.05.2022","Shape_Leng":41.2111934836,"Shape_Area":97.2150083054}},
{"type":"Feature","geometry":{"type":"Polygon","coordinates":[[[19.64388894541606,40.14842390597882],[19.643830693870896,40.14841301696192],[19.643838894855556,40.14838718253621],[19.643809012879526,40.14838159610071],[19.64382317403159,40.14833697831255],[19.643859230527653,40.148343628423454],[19.643866327781232,40.148321268694126],[19.64392104904022,40.14833149750939],[19.643912301604164,40.14835905309676],[19.643941618465842,40.148364533299116],[19.643928203180252,40.14840679474002],[19.64389627176494,40.14840082467627],[19.64388894541606,40.14842390597882]]]},"properties":{"OBJECTID":22050,"id":2632977,"cze_id":1481,"Tipi":"Ndertese","upn":"1481-326-N","label":"326","legal_area":0,"active":2,"descriptio":"","registrati":"2016-08-10 00:00:00","su_last_mo":"2022-05-13 16:08:03","volume":3,"page":249,"property_n":"326","pronari":"PRIVAT","Lloji_pasu":"TRUALL","id_bau":15482030,"id_sut":2632977,"InspireId":"ASHK_N_2632977","Zona_Kadas":1481,"Numri_i_pa":"326","Emri_I_Sis":"Agjencia Shteterore e Kadastres","Fillimi_i_":"10.08.2016","Përfundim":"13.05.2022","Shape_Leng":42.283991129,"Shape_Area":80.4827214721}},
{"type":"Feature","geometry":{"type":"Polygon","coordinates":[[[19.641475282340515,40.1535373228236],[19.641517966855098,40.153497521784914],[19.641592560280962,40.153541380116735],[19.641547802302338,40.153583113740645],[19.641475282340515,40.1535373228236]]]},"properties":{"OBJECTID":22053,"id":2632752,"cze_id":1481,"Tipi":"Ndertese","upn":"1481-54/1-N","label":"54/1","legal_area":0,"active":2,"descriptio":"","registrati":"2016-08-10 00:00:00","su_last_mo":"2022-05-13 11:07:49","volume":1,"page":203,"property_n":"54/1","pronari":"PRIVAT","Lloji_pasu":"TRUALL","id_bau":2959346,"id_sut":2632752,"InspireId":"ASHK_N_2632752","Zona_Kadas":1481,"Numri_i_pa":"54/1","Emri_I_Sis":"Agjencia Shteterore e Kadastres","Fillimi_i_":"10.08.2016","Përfundim":"13.05.2022","Shape_Leng":27.7338527798,"Shape_Area":46.9117282353}},
{"type":"Feature","geometry":{"type":"Polygon","coordinates":[[[19.640354122997252,40.153520338027775],[19.640292791979913,40.153462859905034],[19.640294035500553,40.15346207845092],[19.640360889941537,40.153420077120494],[19.640414042168445,40.153469891880746],[19.640445166623074,40.15345033759241],[19.64045359743648,40.1534578422947],[19.640354122997252,40.153520338027775]]]},"properties":{"OBJECTID":22054,"id":2632577,"cze_id":1481,"Tipi":"Ndertese","upn":"1481-55-N","label":"55","legal_area":0,"active":2,"descriptio":"","registrati":"2016-08-10 00:00:00","su_last_mo":"2022-05-13 11:49:27","volume":2,"page":196,"property_n":"55","pronari":"PRIVAT","Lloji_pasu":"TRUALL","id_bau":15482130,"id_sut":2632577,"InspireId":"ASHK_N_2632577","Zona_Kadas":1481,"Numri_i_pa":"55","Emri_I_Sis":"Agjencia Shteterore e Kadastres","Fillimi_i_":"10.08.2016","Përfundim":"13.05.2022","Shape_Leng":38.3780114485,"Shape_Area":65.6401079604}},
{"type":"Feature","geometry":{"type":"Polygon","coordinates":[[[19.64113422504564,40.14936735794611],[19.64115772644839,40.14930602380263],[19.641203902100408,40.14931644266026],[19.641210544340854,40.14929910970293],[19.641306271621122,40.14932071071147],[19.64130852343765,40.14932121841678],[19.641295607883034,40.149354920949236],[19.641253939340537,40.1493455184523],[19.641236709020475,40.14939048304224],[19.64113422504564,40.14936735794611]]]},"properties":{"OBJECTID":21997,"id":2632623,"cze_id":1481,"Tipi":"Ndertese","upn":"1481-294/2-N","label":"294/2","legal_area":0,"active":2,"descriptio":"","registrati":"2016-08-10 00:00:00","su_last_mo":"2022-05-13 11:49:25","volume":3,"page":181,"property_n":"294/2","pronari":"PRIVAT","Lloji_pasu":"TRUALL","id_bau":15481873,"id_sut":2632623,"InspireId":"ASHK_N_2632623","Zona_Kadas":1481,"Numri_i_pa":"294/2","Emri_I_Sis":"Agjencia Shteterore e Kadastres","Fillimi_i_":"10.08.2016","Përfundim":"13.05.2022","Shape_Leng":43.8161143598,"Shape_Area":89.0843526479}},
{"type":"Feature","geometry":{"type":"Polygon","coordinates":[[[19.64017582680079,40.152914557717324],[19.640209653356603,40.15295673493028],[19.64016966800363,40.152975602388175],[19.640135842646526,40.152933423366235],[19.64017582680079,40.152914557717324]]]},"properties":{"OBJECTID":22237,"id":2632515,"cze_id":1481,"Tipi":"Ndertese","upn":"1481-89/1-N","label":"89/1","legal_area":0,"active":2,"descriptio":"","registrati":"2016-08-10 00:00:00","su_last_mo":"2022-05-13 11:49:31","volume":2,"page":229,"property_n":"89/1","pronari":"PRIVAT","Lloji_pasu":"TRUALL","id_bau":15482179,"id_sut":2632515,"InspireId":"ASHK_N_2632515","Zona_Kadas":1481,"Numri_i_pa":"89/1","Emri_I_Sis":"Agjencia Shteterore e Kadastres","Fillimi_i_":"10.08.2016","Përfundim":"13.05.2022","Shape_Leng":18.9971897608,"Shape_Area":21.9935158314}},
{"type":"Feature","geometry":{"type":"Polygon","coordinates":[[[19.642958414298306,40.15165903901761],[19.642932108972893,40.151585179502895],[19.643048744252333,40.15156071965275],[19.643075050863953,40.151634580046],[19.642958414298306,40.15165903901761]]]},"properties":{"OBJECTID":22287,"id":2632849,"cze_id":1481,"Tipi":"Ndertese","upn":"1481-203-N","label":"203","legal_area":0,"active":2,"descriptio":"","registrati":"2016-08-10 00:00:00","su_last_mo":"2022-05-13 11:07:44","volume":3,"page":81,"property_n":"203","pronari":"PRIVAT","Lloji_pasu":"TRUALL","id_bau":15481741,"id_sut":2632849,"InspireId":"ASHK_N_2632849","Zona_Kadas":1481,"Numri_i_pa":"203","Emri_I_Sis":"Agjencia Shteterore e Kadastres","Fillimi_i_":"10.08.2016","Përfundim":"13.05.2022","Shape_Leng":37.6091448753,"Shape_Area":87.5926428132}},
{"type":"Feature","geometry":{"type":"Polygon","coordinates":[[[19.642761009780646,40.15102742946886],[19.642792083792134,40.15109915492394],[19.642785544107017,40.15110098727053],[19.642683859208326,40.15112948532285],[19.64265916678969,40.15107760249308],[19.6427168798957,40.15106151496291],[19.64270793492207,40.15104261723052],[19.642761009780646,40.15102742946886]]]},"properties":{"OBJECTID":22288,"id":2632685,"cze_id":1481,"Tipi":"Ndertese","upn":"1481-229/1-N","label":"229/1","legal_area":0,"active":2,"descriptio":"","registrati":"2016-08-10 00:00:00","su_last_mo":"2022-05-13 11:49:22","volume":5,"page":164,"property_n":"229/1","pronari":"PRIVAT","Lloji_pasu":"TRUALL","id_bau":15412117,"id_sut":2632685,"InspireId":"ASHK_N_2632685","Zona_Kadas":1481,"Numri_i_pa":"229/1","Emri_I_Sis":"Agjencia Shteterore e Kadastres","Fillimi_i_":"10.08.2016","Përfundim":"13.05.2022","Shape_Leng":36.6342021642,"Shape_Area":71.4761470739}},
{"type":"Feature","geometry":{"type":"Polygon","coordinates":[[[19.641593995198647,40.15236038916899],[19.64159556876598,40.15235330186852],[19.641668240281895,40.152363556682644],[19.641672394279073,40.152364143215145],[19.64164912368016,40.15246094350144],[19.641574035122648,40.15245031555296],[19.641593995198647,40.15236038916899]]]},"properties":{"OBJECTID":22297,"id":2632652,"cze_id":1481,"Tipi":"Ndertese","upn":"1481-137-N","label":"137","legal_area":0,"active":2,"descriptio":"","registrati":"2016-08-10 00:00:00","su_last_mo":"2022-05-13 11:49:24","volume":1,"page":221,"property_n":"137","pronari":"PRIVAT","Lloji_pasu":"TRUALL","id_bau":15487704,"id_sut":2632652,"InspireId":"ASHK_N_2632652","Zona_Kadas":1481,"Numri_i_pa":"137","Emri_I_Sis":"Agjencia Shteterore e Kadastres","Fillimi_i_":"10.08.2016","Përfundim":"13.05.2022","Shape_Leng":35.018849976,"Shape_Area":71.9159320334}},
{"type":"Feature","geometry":{"type":"Polygon","coordinates":[[[19.641593995198647,40.15236038916899],[19.64159556876598,40.15235330186852],[19.641668240281895,40.152363556682644],[19.641672394279073,40.152364143215145],[19.64164912368016,40.15246094350144],[19.641574035122648,40.15245031555296],[19.641593995198647,40.15236038916899]]]},"properties":{"OBJECTID":22298,"id":2632652,"cze_id":1481,"Tipi":"Ndertese","upn":"1481-137-N","label":"137","legal_area":0,"active":2,"descriptio":"","registrati":"2016-08-10 00:00:00","su_last_mo":"2022-05-13 11:49:24","volume":1003,"page":211,"property_n":"137","pronari":"PRIVAT","Lloji_pasu":"TRUALL","id_bau":6707365,"id_sut":2632652,"InspireId":"ASHK_N_2632652","Zona_Kadas":1481,"Numri_i_pa":"137","Emri_I_Sis":"Agjencia Shteterore e Kadastres","Fillimi_i_":"10.08.2016","Përfundim":"13.05.2022","Shape_Leng":35.018849976,"Shape_Area":71.9159320334}},
{"type":"Feature","geometry":{"type":"Polygon","coordinates":[[[19.63936545986829,40.15157430199874],[19.63940680012586,40.15164398895992],[19.639312780897914,40.15167683166547],[19.63927143955294,40.15160714286665],[19.63936545986829,40.15157430199874]]]},"properties":{"OBJECTID":22299,"id":2632909,"cze_id":1481,"Tipi":"Ndertese","upn":"1481-191/3-N","label":"191/3","legal_area":0,"active":2,"descriptio":"","registrati":"2016-08-10 00:00:00","su_last_mo":"2022-05-13 11:07:42","volume":2,"page":76,"property_n":"191/3","pronari":"PRIVAT","Lloji_pasu":"TRUALL","id_bau":15487861,"id_sut":2632909,"InspireId":"ASHK_N_2632909","Zona_Kadas":1481,"Numri_i_pa":"191/3","Emri_I_Sis":"Agjencia Shteterore e Kadastres","Fillimi_i_":"10.08.2016","Përfundim":"13.05.2022","Shape_Leng":34.6081317821,"Shape_Area":74.835188678}},
{"type":"Feature","geometry":{"type":"Polygon","coordinates":[[[19.64240995512714,40.15131468346651],[19.642429713470467,40.15140394104311],[19.6423360648219,40.151416147554386],[19.642318494046624,40.151336773526154],[19.642316306597877,40.151326889962476],[19.64240995512714,40.15131468346651]]]},"properties":{"OBJECTID":22300,"id":2632491,"cze_id":1481,"Tipi":"Ndertese","upn":"1481-217/1-N","label":"217/1","legal_area":0,"active":2,"descriptio":"","registrati":"2016-08-10 00:00:00","su_last_mo":"2022-05-13 11:49:33","volume":30,"page":168,"property_n":"217/1","pronari":"PRIVAT","Lloji_pasu":"TRUALL","id_bau":15412157,"id_sut":2632491,"InspireId":"ASHK_N_2632491","Zona_Kadas":1481,"Numri_i_pa":"217/1","Emri_I_Sis":"Agjencia Shteterore e Kadastres","Fillimi_i_":"10.08.2016","Përfundim":"13.05.2022","Shape_Leng":36.2934792174,"Shape_Area":81.3664835889}},
{"type":"Feature","geometry":{"type":"Polygon","coordinates":[[[19.642657277800467,40.15060520391043],[19.642647849860968,40.150609277919294],[19.64264380343565,40.15061102609189],[19.642557367458732,40.150648377997975],[19.642548462247156,40.150636242030174],[19.642525957504755,40.15064596561058],[19.642502919581265,40.15061456824616],[19.642525420790985,40.15060484555988],[19.642520813208343,40.1505985659072],[19.642579117064027,40.15057337166569],[19.642554348652446,40.15053962022202],[19.642582458365435,40.15052747332824],[19.64258654242761,40.15052570906327],[19.64259628560686,40.15052149824151],[19.642657277800467,40.15060520391043]]]},"properties":{"OBJECTID":22302,"id":2632777,"cze_id":1481,"Tipi":"Ndertese","upn":"1481-247/1-N","label":"247/1","legal_area":0,"active":2,"descriptio":"","registrati":"2016-08-10 00:00:00","su_last_mo":"2022-05-13 11:07:48","volume":5,"page":158,"property_n":"247/1","pronari":"PRIVAT","Lloji_pasu":"TRUALL","id_bau":15412832,"id_sut":2632777,"InspireId":"ASHK_N_2632777","Zona_Kadas":1481,"Numri_i_pa":"247/1","Emri_I_Sis":"Agjencia Shteterore e Kadastres","Fillimi_i_":"10.08.2016","Përfundim":"13.05.2022","Shape_Leng":45.271006376,"Shape_Area":88.493088442}},
{"type":"Feature","geometry":{"type":"Polygon","coordinates":[[[19.641757216369164,40.148742962827676],[19.64173645516227,40.148732760613264],[19.641764084065002,40.148699654709894],[19.64189175920581,40.14876239952565],[19.641863472506333,40.14879629414599],[19.64185102231899,40.14879017573137],[19.641789639682486,40.14886372827673],[19.64169517467089,40.14881730310517],[19.641757216369164,40.148742962827676]]]},"properties":{"OBJECTID":22348,"id":2632983,"cze_id":1481,"Tipi":"Ndertese","upn":"1481-315/2-N","label":"315/2","legal_area":0,"active":2,"descriptio":"","registrati":"2016-08-10 00:00:00","su_last_mo":"2022-05-13 16:08:03","volume":3,"page":217,"property_n":"315/2","pronari":"PRIVAT","Lloji_pasu":"TRUALL","id_bau":15481994,"id_sut":2632983,"InspireId":"ASHK_N_2632983","Zona_Kadas":1481,"Numri_i_pa":"315/2","Emri_I_Sis":"Agjencia Shteterore e Kadastres","Fillimi_i_":"10.08.2016","Përfundim":"13.05.2022","Shape_Leng":54.1731046066,"Shape_Area":150.220587221}},
{"type":"Feature","geometry":{"type":"Polygon","coordinates":[[[19.641725379047163,40.14687559286342],[19.641627064510722,40.14679200621117],[19.641814408607644,40.14666223837816],[19.64191272319372,40.14674582397283],[19.641725379047163,40.14687559286342]]]},"properties":{"OBJECTID":22349,"id":2632794,"cze_id":1481,"Tipi":"Ndertese","upn":"1481-356/2-N","label":"356/2","legal_area":0,"active":2,"descriptio":"","registrati":"2016-08-10 00:00:00","su_last_mo":"2022-05-13 11:07:47","volume":4,"page":53,"property_n":"356/2","pronari":"PRIVAT","Lloji_pasu":"TRUALL","id_bau":15482092,"id_sut":2632794,"InspireId":"ASHK_N_2632794","Zona_Kadas":1481,"Numri_i_pa":"356/2","Emri_I_Sis":"Agjencia Shteterore e Kadastres","Fillimi_i_":"10.08.2016","Përfundim":"13.05.2022","Shape_Leng":68.0165302964,"Shape_Area":268.880641375}},
{"type":"Feature","geometry":{"type":"Polygon","coordinates":[[[19.641808139670687,40.15366979268942],[19.641760933142155,40.15375715186402],[19.64172392371981,40.153703298979536],[19.641744724886916,40.15368585761303],[19.64169384717608,40.15365013127277],[19.641729518640826,40.15362601929963],[19.641757715676338,40.15363773049209],[19.64176713697682,40.15364372156458],[19.641808139670687,40.15366979268942]]]},"properties":{"OBJECTID":22351,"id":2632717,"cze_id":1481,"Tipi":"Ndertese","upn":"1481-50-N","label":"50","legal_area":0,"active":2,"descriptio":"","registrati":"2016-08-10 00:00:00","su_last_mo":"2022-05-13 11:49:21","volume":1,"page":204,"property_n":"50","pronari":"PRIVAT","Lloji_pasu":"TRUALL","id_bau":4039968,"id_sut":2632717,"InspireId":"ASHK_N_2632717","Zona_Kadas":1481,"Numri_i_pa":"50","Emri_I_Sis":"Agjencia Shteterore e Kadastres","Fillimi_i_":"10.08.2016","Përfundim":"13.05.2022","Shape_Leng":38.1245926074,"Shape_Area":63.3914840742}},
{"type":"Feature","geometry":{"type":"Polygon","coordinates":[[[19.640782626508496,40.15303624851656],[19.64083177431981,40.15303234740375],[19.640846227682545,40.15313957541053],[19.64084685797524,40.15314424784079],[19.64076774196916,40.15315009853709],[19.64075380152382,40.15304667531647],[19.640752716063357,40.15303862244848],[19.640782626508496,40.15303624851656]]]},"properties":{"OBJECTID":22353,"id":2632583,"cze_id":1481,"Tipi":"Ndertese","upn":"1481-87-N","label":"87","legal_area":0,"active":2,"descriptio":"","registrati":"2016-08-10 00:00:00","su_last_mo":"2022-05-13 11:49:27","volume":2,"page":227,"property_n":"87","pronari":"PRIVAT","Lloji_pasu":"TRUALL","id_bau":15482177,"id_sut":2632583,"InspireId":"ASHK_N_2632583","Zona_Kadas":1481,"Numri_i_pa":"87","Emri_I_Sis":"Agjencia Shteterore e Kadastres","Fillimi_i_":"10.08.2016","Përfundim":"13.05.2022","Shape_Leng":38.4800212143,"Shape_Area":84.4326802578}},
{"type":"Feature","geometry":{"type":"Polygon","coordinates":[[[19.64126805739419,40.14887979317439],[19.641281071926056,40.14893367548429],[19.641165979233282,40.14895164236802],[19.641154541879374,40.148897132716286],[19.64126805739419,40.14887979317439]]]},"properties":{"OBJECTID":22355,"id":2632626,"cze_id":1481,"Tipi":"Ndertese","upn":"1481-312-N","label":"312","legal_area":0,"active":2,"descriptio":"","registrati":"2016-08-10 00:00:00","su_last_mo":"2022-05-13 11:49:25","volume":103,"page":215,"property_n":"app_312","pronari":"PRIVAT","Lloji_pasu":"TRUALL","id_bau":15481992,"id_sut":2632626,"InspireId":"ASHK_N_2632626","Zona_Kadas":1481,"Numri_i_pa":"app_312","Emri_I_Sis":"Agjencia Shteterore e Kadastres","Fillimi_i_":"10.08.2016","Përfundim":"13.05.2022","Shape_Leng":32.0856902297,"Shape_Area":60.6544187793}},
{"type":"Feature","geometry":{"type":"Polygon","coordinates":[[[19.641657525607126,40.15264299107721],[19.641657575448818,40.15264311010975],[19.641684538577586,40.15270707441684],[19.641630095442288,40.15272058774451],[19.64160334132478,40.15265616657057],[19.64165662308331,40.152643210730716],[19.641657525607126,40.15264299107721]]]},"properties":{"OBJECTID":22363,"id":2632892,"cze_id":1481,"Tipi":"Ndertese","upn":"1481-108/2-N","label":"108/2","legal_area":0,"active":2,"descriptio":"","registrati":"2016-08-10 00:00:00","su_last_mo":"2022-05-13 11:07:42","volume":2,"page":242,"property_n":"108/2","pronari":"PRIVAT","Lloji_pasu":"TRUALL","id_bau":15481595,"id_sut":2632892,"InspireId":"ASHK_N_2632892","Zona_Kadas":1481,"Numri_i_pa":"108/2","Emri_I_Sis":"Agjencia Shteterore e Kadastres","Fillimi_i_":"10.08.2016","Përfundim":"13.05.2022","Shape_Leng":24.7048429511,"Shape_Area":36.4106946786}},
{"type":"Feature","geometry":{"type":"Polygon","coordinates":[[[19.63929589812097,40.15261546189197],[19.63933694985305,40.15258204627342],[19.639388512476692,40.152624806716275],[19.639396484200088,40.152631418479494],[19.639359128343372,40.15266616049555],[19.63929589812097,40.15261546189197]]]},"properties":{"OBJECTID":22364,"id":2632592,"cze_id":1481,"Tipi":"Ndertese","upn":"1481-117-N","label":"117","legal_area":0,"active":2,"descriptio":"","registrati":"2016-08-10 00:00:00","su_last_mo":"2022-05-13 11:49:26","volume":3,"page":1,"property_n":"117","pronari":"PRIVAT","Lloji_pasu":"TRUALL","id_bau":15481606,"id_sut":2632592,"InspireId":"ASHK_N_2632592","Zona_Kadas":1481,"Numri_i_pa":"117","Emri_I_Sis":"Agjencia Shteterore e Kadastres","Fillimi_i_":"10.08.2016","Përfundim":"13.05.2022","Shape_Leng":25.3615578105,"Shape_Area":38.3495687496}},
{"type":"Feature","geometry":{"type":"Polygon","coordinates":[[[19.640554169200488,40.15443828236192],[19.640616704247822,40.15437754956269],[19.640661699509998,40.15440390365956],[19.64061500590808,40.154449023441494],[19.640593751296358,40.15446955853209],[19.64054955410172,40.15444276379482],[19.640554169200488,40.15443828236192]]]},"properties":{"OBJECTID":22365,"id":2632524,"cze_id":1481,"Tipi":"Ndertese","upn":"1481-12-N","label":"12","legal_area":0,"active":2,"descriptio":"","registrati":"2016-08-10 00:00:00","su_last_mo":"2022-05-13 11:49:30","volume":5,"page":114,"property_n":"12","pronari":"PRIVAT","Lloji_pasu":"TRUALL","id_bau":15412239,"id_sut":2632524,"InspireId":"ASHK_N_2632524","Zona_Kadas":1481,"Numri_i_pa":"12","Emri_I_Sis":"Agjencia Shteterore e Kadastres","Fillimi_i_":"10.08.2016","Përfundim":"13.05.2022","Shape_Leng":28.1602899795,"Shape_Area":44.5910511245}},
{"type":"Feature","geometry":{"type":"Polygon","coordinates":[[[19.638491916511917,40.1517325537509],[19.638427263648303,40.151711167235234],[19.638416486226124,40.151707601455485],[19.638465696997837,40.151619956281394],[19.63854113430895,40.15164489685926],[19.638491916511917,40.1517325537509]]]},"properties":{"OBJECTID":22376,"id":2632860,"cze_id":1481,"Tipi":"Ndertese","upn":"1481-194-N","label":"194","legal_area":0,"active":2,"descriptio":"","registrati":"2016-08-10 00:00:00","su_last_mo":"2022-05-13 11:07:44","volume":3,"page":75,"property_n":"194","pronari":"PRIVAT","Lloji_pasu":"TRUALL","id_bau":15481731,"id_sut":2632860,"InspireId":"ASHK_N_2632860","Zona_Kadas":1481,"Numri_i_pa":"194","Emri_I_Sis":"Agjencia Shteterore e Kadastres","Fillimi_i_":"10.08.2016","Përfundim":"13.05.2022","Shape_Leng":35.1929331624,"Shape_Area":74.1714440861}},
{"type":"Feature","geometry":{"type":"Polygon","coordinates":[[[19.64119149263586,40.152732267374574],[19.641179336326495,40.15264542964414],[19.64124623476187,40.152639644381715],[19.64125897941941,40.152726432594264],[19.64119149263586,40.152732267374574]]]},"properties":{"OBJECTID":22426,"id":2632893,"cze_id":1481,"Tipi":"Ndertese","upn":"1481-115-N","label":"115","legal_area":0,"active":2,"descriptio":"","registrati":"2016-08-10 00:00:00","su_last_mo":"2022-05-13 11:07:42","volume":2,"page":35,"property_n":"115","pronari":"PRIVAT","Lloji_pasu":"TRUALL","id_bau":3115946,"id_sut":2632893,"InspireId":"ASHK_N_2632893","Zona_Kadas":1481,"Numri_i_pa":"115","Emri_I_Sis":"Agjencia Shteterore e Kadastres","Fillimi_i_":"10.08.2016","Përfundim":"13.05.2022","Shape_Leng":30.918354769,"Shape_Area":55.8721442992}},
{"type":"Feature","geometry":{"type":"Polygon","coordinates":[[[19.639120103177834,40.14671417142138],[19.639215450191465,40.14679574803257],[19.639125391967124,40.14685773627656],[19.639030046144445,40.14677616049642],[19.639120103177834,40.14671417142138]]]},"properties":{"OBJECTID":22427,"id":2929905,"cze_id":1481,"Tipi":"Ndertese","upn":"1481-120/2/ND","label":"120/2/ND","legal_area":0,"active":2,"descriptio":"","registrati":"2022-04-19 16:12:31","su_last_mo":"2022-05-13 09:52:12","volume":7,"page":48,"property_n":"120/2/ND+2-2","pronari":"PRIVAT","Lloji_pasu":"APARTAMENT","id_bau":38273261,"id_sut":2929905,"InspireId":"ASHK_N_2929905","Zona_Kadas":1481,"Numri_i_pa":"120/2/ND+2-2","Emri_I_Sis":"Agjencia Shteterore e Kadastres","Fillimi_i_":"19.04.2022","Përfundim":"13.05.2022","Shape_Leng":44.9531292084,"Shape_Area":125.434695294}},
{"type":"Feature","geometry":{"type":"Polygon","coordinates":[[[19.639120103177834,40.14671417142138],[19.639215450191465,40.14679574803257],[19.639125391967124,40.14685773627656],[19.639030046144445,40.14677616049642],[19.639120103177834,40.14671417142138]]]},"properties":{"OBJECTID":22428,"id":2929905,"cze_id":1481,"Tipi":"Ndertese","upn":"1481-120/2/ND","label":"120/2/ND","legal_area":0,"active":2,"descriptio":"","registrati":"2022-04-19 16:12:31","su_last_mo":"2022-05-13 09:52:12","volume":7,"page":49,"property_n":"120/2/ND+2-3","pronari":"PRIVAT","Lloji_pasu":"APARTAMENT","id_bau":38273262,"id_sut":2929905,"InspireId":"ASHK_N_2929905","Zona_Kadas":1481,"Numri_i_pa":"120/2/ND+2-3","Emri_I_Sis":"Agjencia Shteterore e Kadastres","Fillimi_i_":"19.04.2022","Përfundim":"13.05.2022","Shape_Leng":44.9531292084,"Shape_Area":125.434695294}},
{"type":"Feature","geometry":{"type":"Polygon","coordinates":[[[19.640001462790718,40.15194607360791],[19.64004016755814,40.151892001638224],[19.640060746234262,40.15190067527809],[19.640061108040424,40.15190016936878],[19.64008843957327,40.15186198721845],[19.6400974472095,40.151865783297374],[19.640163551228053,40.15189364595351],[19.640096093813522,40.151987884215615],[19.640095732002393,40.151988391025625],[19.640058436686925,40.15197267142398],[19.640049430212432,40.151968875345666],[19.64003908332522,40.1519833292228],[19.63999870233701,40.1519663085591],[19.639993689114117,40.1519641954916],[19.64000359638025,40.151947870620305],[19.640004074695558,40.15194708228714],[19.640001462790718,40.15194607360791]]]},"properties":{"OBJECTID":22437,"id":2632668,"cze_id":1481,"Tipi":"Ndertese","upn":"1481-179-N","label":"179","legal_area":0,"active":2,"descriptio":"","registrati":"2016-08-10 00:00:00","su_last_mo":"2022-05-13 11:49:23","volume":5,"page":237,"property_n":"179","pronari":"PRIVAT","Lloji_pasu":"TRUALL","id_bau":15411841,"id_sut":2632668,"InspireId":"ASHK_N_2632668","Zona_Kadas":1481,"Numri_i_pa":"179","Emri_I_Sis":"Agjencia Shteterore e Kadastres","Fillimi_i_":"10.08.2016","Përfundim":"13.05.2022","Shape_Leng":46.1471986232,"Shape_Area":109.976121334}},
{"type":"Feature","geometry":{"type":"Polygon","coordinates":[[[19.63825473721545,40.1518463081528],[19.638332669023928,40.151859459788795],[19.638341102326123,40.15186088294859],[19.63836584364659,40.151865139872704],[19.638343991991434,40.15193409308578],[19.638312639736583,40.15192824307217],[19.63823507843893,40.151913818241006],[19.63825473721545,40.1518463081528]]]},"properties":{"OBJECTID":22438,"id":2632543,"cze_id":1481,"Tipi":"Ndertese","upn":"1481-182-N","label":"182","legal_area":0,"active":2,"descriptio":"","registrati":"2016-08-10 00:00:00","su_last_mo":"2022-05-13 11:49:29","volume":3,"page":66,"property_n":"182","pronari":"PRIVAT","Lloji_pasu":"TRUALL","id_bau":15481719,"id_sut":2632543,"InspireId":"ASHK_N_2632543","Zona_Kadas":1481,"Numri_i_pa":"182","Emri_I_Sis":"Agjencia Shteterore e Kadastres","Fillimi_i_":"10.08.2016","Përfundim":"13.05.2022","Shape_Leng":34.8049774046,"Shape_Area":74.8825361508}},
{"type":"Feature","geometry":{"type":"Polygon","coordinates":[[[19.643118197367258,40.150515684354595],[19.643183403957025,40.1505542244661],[19.643148834120336,40.15058487500352],[19.64316836222615,40.150597844288534],[19.643142242925464,40.15062100361089],[19.64312271364445,40.1506080343179],[19.643088146100364,40.15063868484391],[19.643002044485016,40.1505815046217],[19.6430350803758,40.150552215599724],[19.64305904457332,40.15056813181115],[19.643118197367258,40.150515684354595]]]},"properties":{"OBJECTID":22444,"id":2632961,"cze_id":1481,"Tipi":"Ndertese","upn":"1481-239/1-N","label":"239/1","legal_area":0,"active":2,"descriptio":"","registrati":"2016-08-10 00:00:00","su_last_mo":"2022-05-13 16:08:03","volume":5,"page":163,"property_n":"239/1","pronari":"PRIVAT","Lloji_pasu":"TRUALL","id_bau":15412109,"id_sut":2632961,"InspireId":"ASHK_N_2632961","Zona_Kadas":1481,"Numri_i_pa":"239/1","Emri_I_Sis":"Agjencia Shteterore e Kadastres","Fillimi_i_":"10.08.2016","Përfundim":"13.05.2022","Shape_Leng":48.223263621,"Shape_Area":104.540767781}},
{"type":"Feature","geometry":{"type":"Polygon","coordinates":[[[19.642128563514856,40.15037008955411],[19.6420797462504,40.150326155420785],[19.64219705541196,40.150249187600416],[19.642245312195364,40.150293699935474],[19.642128563514856,40.15037008955411]]]},"properties":{"OBJECTID":22445,"id":2632657,"cze_id":1481,"Tipi":"Ndertese","upn":"1481-254/1-N","label":"254/1","legal_area":0,"active":2,"descriptio":"","registrati":"2016-08-10 00:00:00","su_last_mo":"2022-05-13 11:49:24","volume":1,"page":42,"property_n":"254/1","pronari":"PRIVAT","Lloji_pasu":"TRUALL","id_bau":15483323,"id_sut":2632657,"InspireId":"ASHK_N_2632657","Zona_Kadas":1481,"Numri_i_pa":"254/1","Emri_I_Sis":"Agjencia Shteterore e Kadastres","Fillimi_i_":"10.08.2016","Përfundim":"13.05.2022","Shape_Leng":39.0646582527,"Shape_Area":84.1787849126}},
{"type":"Feature","geometry":{"type":"Polygon","coordinates":[[[19.641791018967155,40.14819902232066],[19.64176625333606,40.14822417854428],[19.641680705352087,40.148174544208494],[19.64171577755529,40.14813863348074],[19.641754877818894,40.14816073344427],[19.641743735838826,40.14817234995538],[19.641791018967155,40.14819902232066]]]},"properties":{"OBJECTID":22617,"id":2632627,"cze_id":1481,"Tipi":"Ndertese","upn":"1481-332-N","label":"332","legal_area":0,"active":2,"descriptio":"","registrati":"2016-08-10 00:00:00","su_last_mo":"2022-05-13 11:49:25","volume":4,"page":12,"property_n":"332","pronari":"PRIVAT","Lloji_pasu":"TRUALL","id_bau":15482045,"id_sut":2632627,"InspireId":"ASHK_N_2632627","Zona_Kadas":1481,"Numri_i_pa":"332","Emri_I_Sis":"Agjencia Shteterore e Kadastres","Fillimi_i_":"10.08.2016","Përfundim":"13.05.2022","Shape_Leng":28.3623832776,"Shape_Area":38.0979871229}},
{"type":"Feature","geometry":{"type":"Polygon","coordinates":[[[19.640464533884757,40.14818098637571],[19.64036855095789,40.148121649897064],[19.640400585130756,40.148091136397404],[19.64041155403745,40.14809791590733],[19.64044322017728,40.148067752484444],[19.640461503633798,40.14807905406802],[19.640507160992023,40.14803556385248],[19.64057389034953,40.14807681735742],[19.640464533884757,40.14818098637571]]]},"properties":{"OBJECTID":22618,"id":2632877,"cze_id":1481,"Tipi":"Ndertese","upn":"1481-333-N","label":"333","legal_area":0,"active":2,"descriptio":"","registrati":"2016-08-10 00:00:00","su_last_mo":"2022-05-13 11:07:43","volume":4,"page":14,"property_n":"333","pronari":"PRIVAT","Lloji_pasu":"TRUALL","id_bau":15482047,"id_sut":2632877,"InspireId":"ASHK_N_2632877","Zona_Kadas":1481,"Numri_i_pa":"333","Emri_I_Sis":"Agjencia Shteterore e Kadastres","Fillimi_i_":"10.08.2016","Përfundim":"13.05.2022","Shape_Leng":50.711239484,"Shape_Area":130.985772885}},
{"type":"Feature","geometry":{"type":"Polygon","coordinates":[[[19.640921756011284,40.15243927883682],[19.64078733473051,40.15245269863131],[19.64079388816298,40.15235405898517],[19.64086620960931,40.152371481937784],[19.640936465550652,40.1523862137723],[19.640932712893576,40.152438677895425],[19.640921756011284,40.15243927883682]]]},"properties":{"OBJECTID":22620,"id":2632666,"cze_id":1481,"Tipi":"Ndertese","upn":"1481-135/1-N","label":"135/1","legal_area":0,"active":2,"descriptio":"","registrati":"2016-08-10 00:00:00","su_last_mo":"2022-05-13 11:49:23","volume":1104,"page":98,"property_n":"app_135/1","pronari":"PRIVAT","Lloji_pasu":"TRUALL","id_bau":15411753,"id_sut":2632666,"InspireId":"ASHK_N_2632666","Zona_Kadas":1481,"Numri_i_pa":"app_135/1","Emri_I_Sis":"Agjencia Shteterore e Kadastres","Fillimi_i_":"10.08.2016","Përfundim":"13.05.2022","Shape_Leng":41.951488303,"Shape_Area":102.293287035}},
{"type":"Feature","geometry":{"type":"Polygon","coordinates":[[[19.64142748899353,40.152122945634815],[19.64131457173175,40.15212192227381],[19.641323020006553,40.15207857407456],[19.64132651402234,40.152070529991946],[19.64143244154202,40.1520727799193],[19.64142748899353,40.152122945634815]]]},"properties":{"OBJECTID":22621,"id":2632716,"cze_id":1481,"Tipi":"Ndertese","upn":"1481-165-N","label":"165","legal_area":0,"active":2,"descriptio":"","registrati":"2016-08-10 00:00:00","su_last_mo":"2022-05-13 11:49:21","volume":105,"page":231,"property_n":"app_165","pronari":"PRIVAT","Lloji_pasu":"TRUALL","id_bau":15411823,"id_sut":2632716,"InspireId":"ASHK_N_2632716","Zona_Kadas":1481,"Numri_i_pa":"app_165","Emri_I_Sis":"Agjencia Shteterore e Kadastres","Fillimi_i_":"10.08.2016","Përfundim":"13.05.2022","Shape_Leng":30.0454906004,"Shape_Area":53.0949222225}},
{"type":"Feature","geometry":{"type":"Polygon","coordinates":[[[19.642747550243275,40.14885803464642],[19.64275722300118,40.14886901030386],[19.642663201558218,40.14891697581311],[19.642578370496462,40.14881714886647],[19.64266571242365,40.14877331545086],[19.642669343676634,40.148771493047576],[19.642692967070563,40.148796097215204],[19.642747550243275,40.14885803464642]]]},"properties":{"OBJECTID":22622,"id":2632727,"cze_id":1481,"Tipi":"Ndertese","upn":"1481-314-N","label":"314","legal_area":0,"active":2,"descriptio":"","registrati":"2016-08-10 00:00:00","su_last_mo":"2022-05-13 11:07:50","volume":106,"page":1,"property_n":"app_314","pronari":"PRIVAT","Lloji_pasu":"TRUALL","id_bau":15412021,"id_sut":2632727,"InspireId":"ASHK_N_2632727","Zona_Kadas":1481,"Numri_i_pa":"app_314","Emri_I_Sis":"Agjencia Shteterore e Kadastres","Fillimi_i_":"10.08.2016","Përfundim":"13.05.2022","Shape_Leng":45.2830951262,"Shape_Area":125.270329928}},
{"type":"Feature","geometry":{"type":"Polygon","coordinates":[[[19.63930518954731,40.15291260007899],[19.63920231734996,40.15286127180276],[19.639249449522623,40.15282772746526],[19.639343458315686,40.15287393253867],[19.63930518954731,40.15291260007899]]]},"properties":{"OBJECTID":22586,"id":2632590,"cze_id":1481,"Tipi":"Ndertese","upn":"1481-103-N","label":"103","legal_area":0,"active":2,"descriptio":"","registrati":"2016-08-10 00:00:00","su_last_mo":"2022-05-13 11:49:26","volume":2,"page":237,"property_n":"103","pronari":"PRIVAT","Lloji_pasu":"TRUALL","id_bau":15481583,"id_sut":2632590,"InspireId":"ASHK_N_2632590","Zona_Kadas":1481,"Numri_i_pa":"103","Emri_I_Sis":"Agjencia Shteterore e Kadastres","Fillimi_i_":"10.08.2016","Përfundim":"13.05.2022","Shape_Leng":30.8360417221,"Shape_Area":53.3281366097}},
{"type":"Feature","geometry":{"type":"Polygon","coordinates":[[[19.639522540782774,40.15142427045827],[19.639553643958195,40.15141682661296],[19.63953846440335,40.1513794803911],[19.639620549073125,40.15135983547619],[19.6396137240975,40.15134234722895],[19.63966822350353,40.15132982297115],[19.639697908883154,40.15140588578721],[19.639531279871132,40.15144576870679],[19.639522540782774,40.15142427045827]]]},"properties":{"OBJECTID":22629,"id":2632958,"cze_id":1481,"Tipi":"Ndertese","upn":"1481-214-N","label":"214","legal_area":0,"active":2,"descriptio":"","registrati":"2016-08-10 00:00:00","su_last_mo":"2022-05-13 16:08:04","volume":5,"page":42,"property_n":"214","pronari":"PRIVAT","Lloji_pasu":"TRUALL","id_bau":15411760,"id_sut":2632958,"InspireId":"ASHK_N_2632958","Zona_Kadas":1481,"Numri_i_pa":"214","Emri_I_Sis":"Agjencia Shteterore e Kadastres","Fillimi_i_":"10.08.2016","Përfundim":"13.05.2022","Shape_Leng":47.5104282952,"Shape_Area":99.6909767961}},
{"type":"Feature","geometry":{"type":"Polygon","coordinates":[[[19.64204420950083,40.153808348539926],[19.642009567231703,40.15378420551971],[19.64204823106583,40.15375459377321],[19.642048347736583,40.153754726521036],[19.642080553849716,40.15378080547911],[19.64204420950083,40.153808348539926]]]},"properties":{"OBJECTID":22640,"id":2632558,"cze_id":1481,"Tipi":"Ndertese","upn":"1481-50/2-N","label":"50/2","legal_area":0,"active":2,"descriptio":"","registrati":"2016-08-10 00:00:00","su_last_mo":"2022-05-13 11:49:28","volume":2,"page":192,"property_n":"50/2","pronari":"PRIVAT","Lloji_pasu":"TRUALL","id_bau":15482119,"id_sut":2632558,"InspireId":"ASHK_N_2632558","Zona_Kadas":1481,"Numri_i_pa":"50/2","Emri_I_Sis":"Agjencia Shteterore e Kadastres","Fillimi_i_":"10.08.2016","Përfundim":"13.05.2022","Shape_Leng":17.0012565582,"Shape_Area":17.9801506035}},
{"type":"Feature","geometry":{"type":"Polygon","coordinates":[[[19.640877190695356,40.14900954235919],[19.640811966031336,40.14897273272778],[19.64088426597042,40.14889729179397],[19.640949490601926,40.14893410138498],[19.640877190695356,40.14900954235919]]]},"properties":{"OBJECTID":22641,"id":2632985,"cze_id":1481,"Tipi":"Ndertese","upn":"1481-310-N","label":"310","legal_area":0,"active":2,"descriptio":"","registrati":"2016-08-10 00:00:00","su_last_mo":"2022-05-13 16:08:03","volume":103,"page":209,"property_n":"app_310","pronari":"PRIVAT","Lloji_pasu":"TRUALL","id_bau":15481983,"id_sut":2632985,"InspireId":"ASHK_N_2632985","Zona_Kadas":1481,"Numri_i_pa":"app_310","Emri_I_Sis":"Agjencia Shteterore e Kadastres","Fillimi_i_":"10.08.2016","Përfundim":"13.05.2022","Shape_Leng":34.5943609885,"Shape_Area":71.736566298}},
{"type":"Feature","geometry":{"type":"Polygon","coordinates":[[[19.639357258498727,40.1522656978531],[19.639381707092287,40.152307366087356],[19.639401491421104,40.15234108286418],[19.63932711854625,40.152370750924746],[19.63930503372605,40.15233795187863],[19.63926901694348,40.15235231941811],[19.639239971528735,40.15230504505647],[19.639353720135393,40.152259669970206],[19.639357258498727,40.1522656978531]]]},"properties":{"OBJECTID":22992,"id":2632573,"cze_id":1481,"Tipi":"Ndertese","upn":"1481-142-N","label":"142","legal_area":0,"active":2,"descriptio":"","registrati":"2016-08-10 00:00:00","su_last_mo":"2022-05-13 11:49:27","volume":3,"page":36,"property_n":"142","pronari":"PRIVAT","Lloji_pasu":"TRUALL","id_bau":15481652,"id_sut":2632573,"InspireId":"ASHK_N_2632573","Zona_Kadas":1481,"Numri_i_pa":"142","Emri_I_Sis":"Agjencia Shteterore e Kadastres","Fillimi_i_":"10.08.2016","Përfundim":"13.05.2022","Shape_Leng":41.3409872084,"Shape_Area":92.7809003655}},
{"type":"Feature","geometry":{"type":"Polygon","coordinates":[[[19.64149225626852,40.15087240134618],[19.641545349269673,40.15085423503475],[19.641554268883556,40.15086784449439],[19.641586188532692,40.150857255055364],[19.64160822488616,40.15089671431409],[19.64152361821127,40.150926372835244],[19.64149225626852,40.15087240134618]]]},"properties":{"OBJECTID":22996,"id":2632916,"cze_id":1481,"Tipi":"Ndertese","upn":"1481-244/5-N","label":"244/5","legal_area":0,"active":2,"descriptio":"","registrati":"2016-08-10 00:00:00","su_last_mo":"2022-05-13 11:07:41","volume":2,"page":146,"property_n":"244/5","pronari":"PRIVAT","Lloji_pasu":"TRUALL","id_bau":29035178,"id_sut":2632916,"InspireId":"ASHK_N_2632916","Zona_Kadas":1481,"Numri_i_pa":"244/5","Emri_I_Sis":"Agjencia Shteterore e Kadastres","Fillimi_i_":"10.08.2016","Përfundim":"13.05.2022","Shape_Leng":28.8620470983,"Shape_Area":46.8811051514}},
{"type":"Feature","geometry":{"type":"Polygon","coordinates":[[[19.640971619686713,40.153880009408354],[19.641071467296957,40.15390669281479],[19.641055638700788,40.15394911570966],[19.641040507508514,40.15394579154648],[19.641010784993377,40.15400423523797],[19.64094616900378,40.15398865997231],[19.640968938834924,40.153930410882225],[19.640953565827317,40.15392687251738],[19.640971619686713,40.153880009408354]]]},"properties":{"OBJECTID":22999,"id":2632759,"cze_id":1481,"Tipi":"Ndertese","upn":"1481-32/1-N","label":"32/1","legal_area":0,"active":2,"descriptio":"","registrati":"2016-08-10 00:00:00","su_last_mo":"2022-05-13 11:07:48","volume":1,"page":180,"property_n":"32/1","pronari":"PRIVAT","Lloji_pasu":"TRUALL","id_bau":3113905,"id_sut":2632759,"InspireId":"ASHK_N_2632759","Zona_Kadas":1481,"Numri_i_pa":"32/1","Emri_I_Sis":"Agjencia Shteterore e Kadastres","Fillimi_i_":"10.08.2016","Përfundim":"13.05.2022","Shape_Leng":41.5325176836,"Shape_Area":88.0595017429}},
{"type":"Feature","geometry":{"type":"Polygon","coordinates":[[[19.640054446983775,40.14857986689061],[19.64001759383401,40.148610793993214],[19.639954043582698,40.14856619894692],[19.6400171500102,40.14851323940343],[19.640080701427507,40.148557834419115],[19.640054446983775,40.14857986689061]]]},"properties":{"OBJECTID":23000,"id":2632541,"cze_id":1481,"Tipi":"Ndertese","upn":"1481-323/2-N","label":"323/2","legal_area":0,"active":2,"descriptio":"","registrati":"2016-08-10 00:00:00","su_last_mo":"2022-05-13 11:49:29","volume":3,"page":238,"property_n":"323/2","pronari":"PRIVAT","Lloji_pasu":"TRUALL","id_bau":15482016,"id_sut":2632541,"InspireId":"ASHK_N_2632541","Zona_Kadas":1481,"Numri_i_pa":"323/2","Emri_I_Sis":"Agjencia Shteterore e Kadastres","Fillimi_i_":"10.08.2016","Përfundim":"13.05.2022","Shape_Leng":30.612611982,"Shape_Area":58.4712820006}},
{"type":"Feature","geometry":{"type":"Polygon","coordinates":[[[19.640639744796484,40.1519250478719],[19.640651630489227,40.151892055502394],[19.640674258889586,40.151896855638796],[19.64068583250044,40.151864729568416],[19.64072543394257,40.151873131599146],[19.64071917846333,40.15189049544005],[19.64077462169594,40.15190225628575],[19.6407580444473,40.15194827290103],[19.640639744796484,40.1519250478719]]]},"properties":{"OBJECTID":23001,"id":2632766,"cze_id":1481,"Tipi":"Ndertese","upn":"1481-175/2-N","label":"175/2","legal_area":0,"active":2,"descriptio":"","registrati":"2016-08-10 00:00:00","su_last_mo":"2022-05-13 11:07:48","volume":4,"page":200,"property_n":"383/4/ND-N3","pronari":"PRIVAT","Lloji_pasu":"NJESI","id_bau":6705918,"id_sut":2632766,"InspireId":"ASHK_N_2632766","Zona_Kadas":1481,"Numri_i_pa":"383/4/ND-N3","Emri_I_Sis":"Agjencia Shteterore e Kadastres","Fillimi_i_":"10.08.2016","Përfundim":"13.05.2022","Shape_Leng":35.6104107143,"Shape_Area":59.7885548111}},
{"type":"Feature","geometry":{"type":"Polygon","coordinates":[[[19.641475282340515,40.1535373228236],[19.641517966855098,40.153497521784914],[19.641592560280962,40.153541380116735],[19.641547802302338,40.153583113740645],[19.641475282340515,40.1535373228236]]]},"properties":{"OBJECTID":23003,"id":2632752,"cze_id":1481,"Tipi":"Ndertese","upn":"1481-54/1-N","label":"54/1","legal_area":0,"active":2,"descriptio":"","registrati":"2016-08-10 00:00:00","su_last_mo":"2022-05-13 11:07:49","volume":1003,"page":6,"property_n":"54/1","pronari":"PRIVAT","Lloji_pasu":"TRUALL","id_bau":6705131,"id_sut":2632752,"InspireId":"ASHK_N_2632752","Zona_Kadas":1481,"Numri_i_pa":"54/1","Emri_I_Sis":"Agjencia Shteterore e Kadastres","Fillimi_i_":"10.08.2016","Përfundim":"13.05.2022","Shape_Leng":27.7338527798,"Shape_Area":46.9117282353}},
{"type":"Feature","geometry":{"type":"Polygon","coordinates":[[[19.63866510277281,40.154745004040834],[19.638710575632594,40.15471280924909],[19.638745890215652,40.154742176085044],[19.63870041500539,40.154774370883146],[19.63866510277281,40.154745004040834]]]},"properties":{"OBJECTID":23004,"id":2632827,"cze_id":1481,"Tipi":"Ndertese","upn":"1481-7-N","label":"7","legal_area":0,"active":2,"descriptio":"","registrati":"2016-08-10 00:00:00","su_last_mo":"2022-05-13 11:07:45","volume":2,"page":171,"property_n":"7","pronari":"PRIVAT","Lloji_pasu":"TRUALL","id_bau":15482152,"id_sut":2632827,"InspireId":"ASHK_N_2632827","Zona_Kadas":1481,"Numri_i_pa":"7","Emri_I_Sis":"Agjencia Shteterore e Kadastres","Fillimi_i_":"10.08.2016","Përfundim":"13.05.2022","Shape_Leng":19.4172347185,"Shape_Area":23.3900643391}},
{"type":"Feature","geometry":{"type":"Polygon","coordinates":[[[19.640727570760337,40.152925833415146],[19.64072624299489,40.152892491142524],[19.640775505339004,40.15289133631691],[19.64077278252066,40.152822935033015],[19.64082321861708,40.15282175320819],[19.640827268121782,40.152923497659785],[19.640727570760337,40.152925833415146]]]},"properties":{"OBJECTID":23046,"id":2632858,"cze_id":1481,"Tipi":"Ndertese","upn":"1481-104-N","label":"104","legal_area":0,"active":2,"descriptio":"","registrati":"2016-08-10 00:00:00","su_last_mo":"2022-05-13 11:07:44","volume":2,"page":238,"property_n":"104","pronari":"PRIVAT","Lloji_pasu":"TRUALL","id_bau":15481585,"id_sut":2632858,"InspireId":"ASHK_N_2632858","Zona_Kadas":1481,"Numri_i_pa":"104","Emri_I_Sis":"Agjencia Shteterore e Kadastres","Fillimi_i_":"10.08.2016","Përfundim":"13.05.2022","Shape_Leng":39.6028690084,"Shape_Area":64.1491682123}},
{"type":"Feature","geometry":{"type":"Polygon","coordinates":[[[19.640593751296358,40.15446955853209],[19.64055726891601,40.154504843990004],[19.64047841675842,40.154456795726546],[19.640468455732556,40.154467909634285],[19.640439448923324,40.154452601349035],[19.640485000190196,40.15440178094131],[19.640554169200488,40.15443828236192],[19.64054955410172,40.15444276379482],[19.640593751296358,40.15446955853209]]]},"properties":{"OBJECTID":23047,"id":2632526,"cze_id":1481,"Tipi":"Ndertese","upn":"1481-12/1-N","label":"12/1","legal_area":0,"active":2,"descriptio":"","registrati":"2016-08-10 00:00:00","su_last_mo":"2022-05-13 11:49:30","volume":6,"page":29,"property_n":"12/1","pronari":"PRIVAT","Lloji_pasu":"TRUALL","id_bau":15412194,"id_sut":2632526,"InspireId":"ASHK_N_2632526","Zona_Kadas":1481,"Numri_i_pa":"12/1","Emri_I_Sis":"Agjencia Shteterore e Kadastres","Fillimi_i_":"10.08.2016","Përfundim":"13.05.2022","Shape_Leng":37.5125803636,"Shape_Area":66.2606067878}},
{"type":"Feature","geometry":{"type":"Polygon","coordinates":[[[19.640201380231996,40.151080501682706],[19.640131778900383,40.15103675431858],[19.64016253954955,40.15100743743506],[19.6401530690437,40.151001525329235],[19.64018629141005,40.150969640392304],[19.64022579134662,40.15099427817551],[19.640245490262235,40.15097567998488],[19.64028739413513,40.151001814797],[19.640201380231996,40.151080501682706]]]},"properties":{"OBJECTID":23056,"id":2632930,"cze_id":1481,"Tipi":"Ndertese","upn":"1481-230-N","label":"230","legal_area":0,"active":2,"descriptio":"","registrati":"2016-08-10 00:00:00","su_last_mo":"2022-05-13 11:07:41","volume":5,"page":85,"property_n":"230","pronari":"PRIVAT","Lloji_pasu":"TRUALL","id_bau":15411707,"id_sut":2632930,"InspireId":"ASHK_N_2632930","Zona_Kadas":1481,"Numri_i_pa":"230","Emri_I_Sis":"Agjencia Shteterore e Kadastres","Fillimi_i_":"10.08.2016","Përfundim":"13.05.2022","Shape_Leng":40.4222122326,"Shape_Area":84.6072431969}},
{"type":"Feature","geometry":{"type":"Polygon","coordinates":[[[19.643892812568474,40.15023156151698],[19.644025672383968,40.15028338580802],[19.64397754078338,40.15035381194258],[19.64384459964542,40.15030023659293],[19.643892812568474,40.15023156151698]]]},"properties":{"OBJECTID":23058,"id":2632945,"cze_id":1481,"Tipi":"Ndertese","upn":"1481-258-N","label":"258","legal_area":0,"active":2,"descriptio":"","registrati":"2016-08-10 00:00:00","su_last_mo":"2022-05-13 16:08:07","volume":1003,"page":215,"property_n":"258","pronari":"PRIVAT","Lloji_pasu":"TRUALL","id_bau":6707369,"id_sut":2632945,"InspireId":"ASHK_N_2632945","Zona_Kadas":1481,"Numri_i_pa":"258","Emri_I_Sis":"Agjencia Shteterore e Kadastres","Fillimi_i_":"10.08.2016","Përfundim":"13.05.2022","Shape_Leng":42.9858803479,"Shape_Area":111.473019028}},
{"type":"Feature","geometry":{"type":"Polygon","coordinates":[[[19.63954819806547,40.1529626777637],[19.63952570743311,40.153044093405796],[19.639390194125447,40.153022051829396],[19.6394055330296,40.152966520400945],[19.639495129736634,40.15298109359166],[19.639500273793793,40.15296246913266],[19.63954819806547,40.1529626777637]]]},"properties":{"OBJECTID":23074,"id":2632584,"cze_id":1481,"Tipi":"Ndertese","upn":"1481-94-N","label":"94","legal_area":0,"active":2,"descriptio":"","registrati":"2016-08-10 00:00:00","su_last_mo":"2022-05-13 11:49:27","volume":2,"page":231,"property_n":"94","pronari":"PRIVAT","Lloji_pasu":"TRUALL","id_bau":15482183,"id_sut":2632584,"InspireId":"ASHK_N_2632584","Zona_Kadas":1481,"Numri_i_pa":"94","Emri_I_Sis":"Agjencia Shteterore e Kadastres","Fillimi_i_":"10.08.2016","Përfundim":"13.05.2022","Shape_Leng":41.3481054466,"Shape_Area":84.4974033881}},
{"type":"Feature","geometry":{"type":"Polygon","coordinates":[[[19.639538933146035,40.152333989940274],[19.639590388774078,40.15231816007637],[19.639561276484784,40.152265957541125],[19.639619236435813,40.15224390950173],[19.63967193883135,40.15233415083561],[19.639565833393494,40.152373706076574],[19.639538933146035,40.152333989940274]]]},"properties":{"OBJECTID":23098,"id":2632817,"cze_id":1481,"Tipi":"Ndertese","upn":"1481-139-N","label":"139","legal_area":0,"active":2,"descriptio":"","registrati":"2016-08-10 00:00:00","su_last_mo":"2022-05-13 11:07:46","volume":3,"page":34,"property_n":"139","pronari":"PRIVAT","Lloji_pasu":"TRUALL","id_bau":15481650,"id_sut":2632817,"InspireId":"ASHK_N_2632817","Zona_Kadas":1481,"Numri_i_pa":"139","Emri_I_Sis":"Agjencia Shteterore e Kadastres","Fillimi_i_":"10.08.2016","Përfundim":"13.05.2022","Shape_Leng":42.5421427545,"Shape_Area":83.1429228394}},
{"type":"Feature","geometry":{"type":"Polygon","coordinates":[[[19.638807298069665,40.15215541539164],[19.638887454436876,40.15223481852077],[19.63887261149408,40.15224364037151],[19.63882112210811,40.15227424133927],[19.63874097283337,40.15219483458456],[19.638807298069665,40.15215541539164]]]},"properties":{"OBJECTID":23101,"id":2632492,"cze_id":1481,"Tipi":"Ndertese","upn":"1481-153-N","label":"153","legal_area":0,"active":2,"descriptio":"","registrati":"2016-08-10 00:00:00","su_last_mo":"2022-05-13 11:49:33","volume":3,"page":43,"property_n":"153","pronari":"PRIVAT","Lloji_pasu":"TRUALL","id_bau":15481668,"id_sut":2632492,"InspireId":"ASHK_N_2632492","Zona_Kadas":1481,"Numri_i_pa":"153","Emri_I_Sis":"Agjencia Shteterore e Kadastres","Fillimi_i_":"10.08.2016","Përfundim":"13.05.2022","Shape_Leng":36.6021464873,"Shape_Area":79.7240768426}},
{"type":"Feature","geometry":{"type":"Polygon","coordinates":[[[19.63980772027801,40.1526910901617],[19.639819924186302,40.15264061926175],[19.639876951587965,40.152645850760656],[19.63986599727129,40.15269639669985],[19.639865974425096,40.15269650019701],[19.63980772027801,40.1526910901617]]]},"properties":{"OBJECTID":23120,"id":2632585,"cze_id":1481,"Tipi":"Ndertese","upn":"1481-118/2-N","label":"118/2","legal_area":0,"active":2,"descriptio":"","registrati":"2016-08-10 00:00:00","su_last_mo":"2022-05-13 11:49:27","volume":3,"page":3,"property_n":"118/2","pronari":"PRIVAT","Lloji_pasu":"TRUALL","id_bau":15481608,"id_sut":2632585,"InspireId":"ASHK_N_2632585","Zona_Kadas":1481,"Numri_i_pa":"118/2","Emri_I_Sis":"Agjencia Shteterore e Kadastres","Fillimi_i_":"10.08.2016","Përfundim":"13.05.2022","Shape_Leng":21.2944899825,"Shape_Area":28.156000017}},
{"type":"Feature","geometry":{"type":"Polygon","coordinates":[[[19.640978466022744,40.15185750308973],[19.64090422815359,40.15182343850555],[19.64096098299126,40.15175060160319],[19.64096474765473,40.15174577078626],[19.64096851114404,40.15174093996559],[19.641042751312824,40.15177500271489],[19.640978466022744,40.15185750308973]]]},"properties":{"OBJECTID":23126,"id":2632692,"cze_id":1481,"Tipi":"Ndertese","upn":"1481-189-N","label":"189","legal_area":0,"active":2,"descriptio":"","registrati":"2016-08-10 00:00:00","su_last_mo":"2022-05-13 11:49:22","volume":2,"page":21,"property_n":"189","pronari":"PRIVAT","Lloji_pasu":"TRUALL","id_bau":2960730,"id_sut":2632692,"InspireId":"ASHK_N_2632692","Zona_Kadas":1481,"Numri_i_pa":"189","Emri_I_Sis":"Agjencia Shteterore e Kadastres","Fillimi_i_":"10.08.2016","Përfundim":"13.05.2022","Shape_Leng":36.0868785452,"Shape_Area":78.6636779994}},
{"type":"Feature","geometry":{"type":"Polygon","coordinates":[[[19.64187511880305,40.15131047830883],[19.641909878828418,40.15136491499882],[19.64182163564737,40.15139638528983],[19.641789567481883,40.15134361039026],[19.64187511880305,40.15131047830883]]]},"properties":{"OBJECTID":23144,"id":2632694,"cze_id":1481,"Tipi":"Ndertese","upn":"1481-219/1-N","label":"219/1","legal_area":0,"active":2,"descriptio":"","registrati":"2016-08-10 00:00:00","su_last_mo":"2022-05-13 11:49:22","volume":5,"page":167,"property_n":"219/1","pronari":"PRIVAT","Lloji_pasu":"TRUALL","id_bau":15412152,"id_sut":2632694,"InspireId":"ASHK_N_2632694","Zona_Kadas":1481,"Numri_i_pa":"219/1","Emri_I_Sis":"Agjencia Shteterore e Kadastres","Fillimi_i_":"10.08.2016","Përfundim":"13.05.2022","Shape_Leng":29.653433464,"Shape_Area":54.2835850402}},
{"type":"Feature","geometry":{"type":"Polygon","coordinates":[[[19.64060422857771,40.150598761791876],[19.640678161504518,40.150664577848424],[19.640604328117718,40.1507094666419],[19.64057869272162,40.150724812437616],[19.64054296048822,40.15069098240526],[19.640549347163955,40.15068701080099],[19.640508697411466,40.150648519331675],[19.640573453100913,40.1506082530864],[19.640579363305854,40.150613849706815],[19.64060422857771,40.150598761791876]]]},"properties":{"OBJECTID":23146,"id":2632783,"cze_id":1481,"Tipi":"Ndertese","upn":"1481-243/1-N","label":"243/1","legal_area":0,"active":2,"descriptio":"","registrati":"2016-08-10 00:00:00","su_last_mo":"2022-05-13 11:07:47","volume":2,"page":121,"property_n":"243/1+1-2","pronari":"PRIVAT","Lloji_pasu":"APARTAMENT","id_bau":32109244,"id_sut":2632783,"InspireId":"ASHK_N_2632783","Zona_Kadas":1481,"Numri_i_pa":"243/1+1-2","Emri_I_Sis":"Agjencia Shteterore e Kadastres","Fillimi_i_":"10.08.2016","Përfundim":"13.05.2022","Shape_Leng":42.0849786436,"Shape_Area":104.717336497}},
{"type":"Feature","geometry":{"type":"Polygon","coordinates":[[[19.640547420234164,40.15008499143723],[19.640512400725225,40.15005227583754],[19.64061145195646,40.149988699699975],[19.640664350260217,40.15003812542777],[19.640602657444592,40.1500769954085],[19.64058552375395,40.150060983712855],[19.640547420234164,40.15008499143723]]]},"properties":{"OBJECTID":23147,"id":2632994,"cze_id":1481,"Tipi":"Ndertese","upn":"1481-265-N","label":"265","legal_area":0,"active":2,"descriptio":"","registrati":"2016-08-10 00:00:00","su_last_mo":"2022-05-13 16:08:03","volume":3,"page":143,"property_n":"265","pronari":"PRIVAT","Lloji_pasu":"TRUALL","id_bau":15481825,"id_sut":2632994,"InspireId":"ASHK_N_2632994","Zona_Kadas":1481,"Numri_i_pa":"265","Emri_I_Sis":"Agjencia Shteterore e Kadastres","Fillimi_i_":"10.08.2016","Përfundim":"13.05.2022","Shape_Leng":36.1090070273,"Shape_Area":67.9218139933}},
{"type":"Feature","geometry":{"type":"Polygon","coordinates":[[[19.64016281654676,40.15169416317746],[19.640091408204228,40.15165022735715],[19.64014309350982,40.15160076440422],[19.640214501834325,40.15164470019294],[19.64016281654676,40.15169416317746]]]},"properties":{"OBJECTID":23148,"id":2632885,"cze_id":1481,"Tipi":"Ndertese","upn":"1481-179/3-N","label":"179/3","legal_area":0,"active":2,"descriptio":"","registrati":"2016-08-10 00:00:00","su_last_mo":"2022-05-13 11:07:43","volume":4,"page":142,"property_n":"270/1/ND","pronari":"PRIVAT","Lloji_pasu":"NDERTESE","id_bau":15411767,"id_sut":2632885,"InspireId":"ASHK_N_2632885","Zona_Kadas":1481,"Numri_i_pa":"270/1/ND","Emri_I_Sis":"Agjencia Shteterore e Kadastres","Fillimi_i_":"10.08.2016","Përfundim":"13.05.2022","Shape_Leng":29.6772034984,"Shape_Area":54.9020496449}},
{"type":"Feature","geometry":{"type":"Polygon","coordinates":[[[19.64022053271525,40.15395190322091],[19.640415175717212,40.15383065761247],[19.64044380785534,40.15385776070728],[19.64045802878366,40.15385519224456],[19.640468594331953,40.15385450727788],[19.64048103251319,40.153860160193],[19.640488242239424,40.15386976578662],[19.64048799669576,40.153881608721235],[19.640483836282783,40.15388734248721],[19.64047906485159,40.15389098407982],[19.640508911869738,40.15392096742397],[19.640310045294694,40.15404410121984],[19.64022053271525,40.15395190322091]]]},"properties":{"OBJECTID":23150,"id":2632953,"cze_id":1481,"Tipi":"Ndertese","upn":"1481-34-N","label":"34","legal_area":0,"active":2,"descriptio":"","registrati":"2016-08-10 00:00:00","su_last_mo":"2022-05-13 16:08:06","volume":999,"page":9999,"property_n":"34","pronari":"PRIVAT","Lloji_pasu":"TRUALL","id_bau":6705141,"id_sut":2632953,"InspireId":"ASHK_N_2632953","Zona_Kadas":1481,"Numri_i_pa":"34","Emri_I_Sis":"Agjencia Shteterore e Kadastres","Fillimi_i_":"10.08.2016","Përfundim":"13.05.2022","Shape_Leng":71.1909780125,"Shape_Area":284.383063145}},
{"type":"Feature","geometry":{"type":"Polygon","coordinates":[[[19.641944267600735,40.1476762332545],[19.641873860226973,40.147630658018116],[19.641959728707903,40.147552538560916],[19.64203013605917,40.14759811374561],[19.641944267600735,40.1476762332545]]]},"properties":{"OBJECTID":23151,"id":2632883,"cze_id":1481,"Tipi":"Ndertese","upn":"1481-348-N","label":"348","legal_area":0,"active":2,"descriptio":"","registrati":"2016-08-10 00:00:00","su_last_mo":"2022-05-13 11:07:43","volume":4,"page":39,"property_n":"348","pronari":"PRIVAT","Lloji_pasu":"TRUALL","id_bau":15482076,"id_sut":2632883,"InspireId":"ASHK_N_2632883","Zona_Kadas":1481,"Numri_i_pa":"348","Emri_I_Sis":"Agjencia Shteterore e Kadastres","Fillimi_i_":"10.08.2016","Përfundim":"13.05.2022","Shape_Leng":38.3938519629,"Shape_Area":89.0690944181}},
{"type":"Feature","geometry":{"type":"Polygon","coordinates":[[[19.641276815438136,40.15329549873666],[19.641195807407545,40.15334794684857],[19.64115091832905,40.1533088697065],[19.641211716216333,40.153269719303104],[19.641232106212595,40.153256588792594],[19.641276815438136,40.15329549873666]]]},"properties":{"OBJECTID":23154,"id":2632751,"cze_id":1481,"Tipi":"Ndertese","upn":"1481-68/1-N","label":"68/1","legal_area":0,"active":2,"descriptio":"","registrati":"2016-08-10 00:00:00","su_last_mo":"2022-05-13 11:07:49","volume":2,"page":77,"property_n":"68/1","pronari":"PRIVAT","Lloji_pasu":"TRUALL","id_bau":15486239,"id_sut":2632751,"InspireId":"ASHK_N_2632751","Zona_Kadas":1481,"Numri_i_pa":"68/1","Emri_I_Sis":"Agjencia Shteterore e Kadastres","Fillimi_i_":"10.08.2016","Përfundim":"13.05.2022","Shape_Leng":29.6056638824,"Shape_Area":52.1122591488}},
{"type":"Feature","geometry":{"type":"Polygon","coordinates":[[[19.6402639648346,40.15225688978632],[19.640313850879092,40.15220060458357],[19.64042992117843,40.152261176023195],[19.64038003635356,40.15231746217979],[19.6402639648346,40.15225688978632]]]},"properties":{"OBJECTID":23155,"id":2632726,"cze_id":1481,"Tipi":"Ndertese","upn":"1481-150/1-N","label":"150/1","legal_area":0,"active":2,"descriptio":"","registrati":"2016-08-10 00:00:00","su_last_mo":"2022-05-13 11:07:50","volume":102,"page":136,"property_n":"app_150/1","pronari":"PRIVAT","Lloji_pasu":"TRUALL","id_bau":3742121,"id_sut":2632726,"InspireId":"ASHK_N_2632726","Zona_Kadas":1481,"Numri_i_pa":"app_150/1","Emri_I_Sis":"Agjencia Shteterore e Kadastres","Fillimi_i_":"10.08.2016","Përfundim":"13.05.2022","Shape_Leng":39.0368848565,"Shape_Area":90.3983181087}},
{"type":"Feature","geometry":{"type":"Polygon","coordinates":[[[19.641236709020475,40.14939048304224],[19.64120637026836,40.14946965658756],[19.641148393866395,40.14945657412982],[19.641155228918915,40.14943873564007],[19.64111072242192,40.14942869298095],[19.64113422504564,40.14936735794611],[19.641236709020475,40.14939048304224]]]},"properties":{"OBJECTID":23156,"id":2632624,"cze_id":1481,"Tipi":"Ndertese","upn":"1481-294-N","label":"294","legal_area":0,"active":2,"descriptio":"","registrati":"2016-08-10 00:00:00","su_last_mo":"2022-05-13 11:49:25","volume":103,"page":183,"property_n":"app_294","pronari":"PRIVAT","Lloji_pasu":"TRUALL","id_bau":15481876,"id_sut":2632624,"InspireId":"ASHK_N_2632624","Zona_Kadas":1481,"Numri_i_pa":"app_294","Emri_I_Sis":"Agjencia Shteterore e Kadastres","Fillimi_i_":"10.08.2016","Përfundim":"13.05.2022","Shape_Leng":36.5313540957,"Shape_Area":75.2466600661}},
{"type":"Feature","geometry":{"type":"Polygon","coordinates":[[[19.6400690026987,40.147867313726046],[19.63997768759763,40.14781825279592],[19.640009317726868,40.14778358460807],[19.64003527048216,40.147797528127526],[19.640084396510247,40.14774368122312],[19.640149758806835,40.14777879858149],[19.6400690026987,40.147867313726046]]]},"properties":{"OBJECTID":23701,"id":2632875,"cze_id":1481,"Tipi":"Ndertese","upn":"1481-340-N","label":"340","legal_area":0,"active":2,"descriptio":"","registrati":"2016-08-10 00:00:00","su_last_mo":"2022-05-13 11:07:43","volume":4,"page":29,"property_n":"340","pronari":"PRIVAT","Lloji_pasu":"TRUALL","id_bau":15482066,"id_sut":2632875,"InspireId":"ASHK_N_2632875","Zona_Kadas":1481,"Numri_i_pa":"340","Emri_I_Sis":"Agjencia Shteterore e Kadastres","Fillimi_i_":"10.08.2016","Përfundim":"13.05.2022","Shape_Leng":42.9930559326,"Shape_Area":94.259336902}},
{"type":"Feature","geometry":{"type":"Polygon","coordinates":[[[19.641185635581824,40.14721913643679],[19.641095401642804,40.14714706055184],[19.641149576965116,40.14710711869788],[19.641184532486754,40.14713504006014],[19.641201461089917,40.147122558047926],[19.641166504394118,40.14709463668709],[19.64121301117898,40.147060347483276],[19.641303247485485,40.147132421483825],[19.641185635581824,40.14721913643679]]]},"properties":{"OBJECTID":23702,"id":2632975,"cze_id":1481,"Tipi":"Ndertese","upn":"1481-351-N","label":"351","legal_area":0,"active":2,"descriptio":"","registrati":"2016-08-10 00:00:00","su_last_mo":"2022-05-13 16:08:03","volume":4,"page":45,"property_n":"351","pronari":"PRIVAT","Lloji_pasu":"TRUALL","id_bau":15482084,"id_sut":2632975,"InspireId":"ASHK_N_2632975","Zona_Kadas":1481,"Numri_i_pa":"351","Emri_I_Sis":"Agjencia Shteterore e Kadastres","Fillimi_i_":"10.08.2016","Përfundim":"13.05.2022","Shape_Leng":58.5907045898,"Shape_Area":145.639200182}},
{"type":"Feature","geometry":{"type":"Polygon","coordinates":[[[19.639120103177834,40.14671417142138],[19.639215450191465,40.14679574803257],[19.639125391967124,40.14685773627656],[19.639030046144445,40.14677616049642],[19.639120103177834,40.14671417142138]]]},"properties":{"OBJECTID":23838,"id":2929905,"cze_id":1481,"Tipi":"Ndertese","upn":"1481-120/2/ND","label":"120/2/ND","legal_area":0,"active":2,"descriptio":"","registrati":"2022-04-19 16:12:31","su_last_mo":"2022-05-13 09:52:12","volume":7,"page":44,"property_n":"120/2/ND+1-2","pronari":"PRIVAT","Lloji_pasu":"APARTAMENT","id_bau":38273255,"id_sut":2929905,"InspireId":"ASHK_N_2929905","Zona_Kadas":1481,"Numri_i_pa":"120/2/ND+1-2","Emri_I_Sis":"Agjencia Shteterore e Kadastres","Fillimi_i_":"19.04.2022","Përfundim":"13.05.2022","Shape_Leng":44.9531292084,"Shape_Area":125.434695294}},
{"type":"Feature","geometry":{"type":"Polygon","coordinates":[[[19.639120103177834,40.14671417142138],[19.639215450191465,40.14679574803257],[19.639125391967124,40.14685773627656],[19.639030046144445,40.14677616049642],[19.639120103177834,40.14671417142138]]]},"properties":{"OBJECTID":23839,"id":2929905,"cze_id":1481,"Tipi":"Ndertese","upn":"1481-120/2/ND","label":"120/2/ND","legal_area":0,"active":2,"descriptio":"","registrati":"2022-04-19 16:12:31","su_last_mo":"2022-05-13 09:52:12","volume":7,"page":51,"property_n":"120/2/ND+3-1","pronari":"PRIVAT","Lloji_pasu":"APARTAMENT","id_bau":38273264,"id_sut":2929905,"InspireId":"ASHK_N_2929905","Zona_Kadas":1481,"Numri_i_pa":"120/2/ND+3-1","Emri_I_Sis":"Agjencia Shteterore e Kadastres","Fillimi_i_":"19.04.2022","Përfundim":"13.05.2022","Shape_Leng":44.9531292084,"Shape_Area":125.434695294}},
{"type":"Feature","geometry":{"type":"Polygon","coordinates":[[[19.64157470875872,40.151826761337205],[19.64164022261579,40.151852687750846],[19.641597469204996,40.15191630031843],[19.641531963499858,40.15189037750843],[19.64157470875872,40.151826761337205]]]},"properties":{"OBJECTID":23866,"id":2632911,"cze_id":1481,"Tipi":"Ndertese","upn":"1481-185-N","label":"185","legal_area":0,"active":2,"descriptio":"","registrati":"2016-08-10 00:00:00","su_last_mo":"2022-05-13 11:07:42","volume":5,"page":1,"property_n":"185","pronari":"PRIVAT","Lloji_pasu":"TRUALL","id_bau":15411744,"id_sut":2632911,"InspireId":"ASHK_N_2632911","Zona_Kadas":1481,"Numri_i_pa":"185","Emri_I_Sis":"Agjencia Shteterore e Kadastres","Fillimi_i_":"10.08.2016","Përfundim":"13.05.2022","Shape_Leng":28.4557383423,"Shape_Area":49.9132119083}},
{"type":"Feature","geometry":{"type":"Polygon","coordinates":[[[19.639746932759458,40.15160759828807],[19.639790616393956,40.15166655012703],[19.639697717412183,40.151707083193024],[19.63965389748503,40.151647948074924],[19.639746932759458,40.15160759828807]]]},"properties":{"OBJECTID":23867,"id":2632936,"cze_id":1481,"Tipi":"Ndertese","upn":"1481-191/1-N","label":"191/1","legal_area":0,"active":2,"descriptio":"","registrati":"2016-08-10 00:00:00","su_last_mo":"2022-05-13 16:08:08","volume":1003,"page":235,"property_n":"191/1","pronari":"PRIVAT","Lloji_pasu":"TRUALL","id_bau":6707390,"id_sut":2632936,"InspireId":"ASHK_N_2632936","Zona_Kadas":1481,"Numri_i_pa":"191/1","Emri_I_Sis":"Agjencia Shteterore e Kadastres","Fillimi_i_":"10.08.2016","Përfundim":"13.05.2022","Shape_Leng":33.2950378978,"Shape_Area":68.6735181948}},
{"type":"Feature","geometry":{"type":"Polygon","coordinates":[[[19.642959023401485,40.15094384821753],[19.642947494033628,40.15092405635061],[19.64292259772709,40.15093259645826],[19.642897359093183,40.15088929915097],[19.64310545971146,40.15081598489803],[19.643134303869743,40.15086331172013],[19.643108784700118,40.15087246955664],[19.64313097349362,40.150908535560525],[19.642972395301708,40.15096544695101],[19.642959023401485,40.15094384821753]]]},"properties":{"OBJECTID":23877,"id":2632943,"cze_id":1481,"Tipi":"Ndertese","upn":"1481-239-N","label":"239","legal_area":0,"active":2,"descriptio":"","registrati":"2016-08-10 00:00:00","su_last_mo":"2022-05-13 16:08:07","volume":1003,"page":86,"property_n":"239","pronari":"PRIVAT","Lloji_pasu":"TRUALL","id_bau":6705418,"id_sut":2632943,"InspireId":"ASHK_N_2632943","Zona_Kadas":1481,"Numri_i_pa":"239","Emri_I_Sis":"Agjencia Shteterore e Kadastres","Fillimi_i_":"10.08.2016","Përfundim":"13.05.2022","Shape_Leng":59.7108519904,"Shape_Area":179.357314647}},
{"type":"Feature","geometry":{"type":"Polygon","coordinates":[[[19.642128563514856,40.15037008955411],[19.6420797462504,40.150326155420785],[19.64219705541196,40.150249187600416],[19.642245312195364,40.150293699935474],[19.642128563514856,40.15037008955411]]]},"properties":{"OBJECTID":23879,"id":2632657,"cze_id":1481,"Tipi":"Ndertese","upn":"1481-254/1-N","label":"254/1","legal_area":0,"active":2,"descriptio":"","registrati":"2016-08-10 00:00:00","su_last_mo":"2022-05-13 11:49:24","volume":5,"page":155,"property_n":"254/1","pronari":"PRIVAT","Lloji_pasu":"TRUALL","id_bau":15412039,"id_sut":2632657,"InspireId":"ASHK_N_2632657","Zona_Kadas":1481,"Numri_i_pa":"254/1","Emri_I_Sis":"Agjencia Shteterore e Kadastres","Fillimi_i_":"10.08.2016","Përfundim":"13.05.2022","Shape_Leng":39.0646582527,"Shape_Area":84.1787849126}},
{"type":"Feature","geometry":{"type":"Polygon","coordinates":[[[19.641447651351854,40.149991484663246],[19.641422203814336,40.14996673140364],[19.641414832359526,40.14997119443299],[19.64136575651452,40.14992345869121],[19.641460684602283,40.14986599309054],[19.641535206844456,40.14993848293025],[19.641447651351854,40.149991484663246]]]},"properties":{"OBJECTID":23880,"id":2632868,"cze_id":1481,"Tipi":"Ndertese","upn":"1481-274-N","label":"274","legal_area":0,"active":2,"descriptio":"","registrati":"2016-08-10 00:00:00","su_last_mo":"2022-05-13 11:07:44","volume":3,"page":154,"property_n":"274","pronari":"PRIVAT","Lloji_pasu":"TRUALL","id_bau":15481840,"id_sut":2632868,"InspireId":"ASHK_N_2632868","Zona_Kadas":1481,"Numri_i_pa":"274","Emri_I_Sis":"Agjencia Shteterore e Kadastres","Fillimi_i_":"10.08.2016","Përfundim":"13.05.2022","Shape_Leng":41.1095282478,"Shape_Area":102.822554828}},
{"type":"Feature","geometry":{"type":"Polygon","coordinates":[[[19.64184164833204,40.148392546316295],[19.641776757194762,40.14833090798546],[19.64181874391704,40.14830487831825],[19.64182980491484,40.14831538463568],[19.641902853032327,40.148270097248854],[19.641956683209592,40.14832122830501],[19.64184164833204,40.148392546316295]]]},"properties":{"OBJECTID":23883,"id":2632632,"cze_id":1481,"Tipi":"Ndertese","upn":"1481-328-N","label":"328","legal_area":0,"active":2,"descriptio":"","registrati":"2016-08-10 00:00:00","su_last_mo":"2022-05-13 11:49:25","volume":4,"page":5,"property_n":"328","pronari":"PRIVAT","Lloji_pasu":"TRUALL","id_bau":15482038,"id_sut":2632632,"InspireId":"ASHK_N_2632632","Zona_Kadas":1481,"Numri_i_pa":"328","Emri_I_Sis":"Agjencia Shteterore e Kadastres","Fillimi_i_":"10.08.2016","Përfundim":"13.05.2022","Shape_Leng":42.7998827309,"Shape_Area":98.8732757211}},
{"type":"Feature","geometry":{"type":"Polygon","coordinates":[[[19.639291766358404,40.15313311258892],[19.639226421548663,40.15311243943797],[19.639252025257992,40.153060277609605],[19.639320808916743,40.15308005366001],[19.639294271480228,40.15313390210727],[19.639291766358404,40.15313311258892]]]},"properties":{"OBJECTID":23906,"id":2632507,"cze_id":1481,"Tipi":"Ndertese","upn":"1481-80/1-N","label":"80/1","legal_area":0,"active":2,"descriptio":"","registrati":"2016-08-10 00:00:00","su_last_mo":"2022-05-13 11:49:32","volume":2,"page":215,"property_n":"80/1","pronari":"PRIVAT","Lloji_pasu":"TRUALL","id_bau":15482163,"id_sut":2632507,"InspireId":"ASHK_N_2632507","Zona_Kadas":1481,"Numri_i_pa":"80/1","Emri_I_Sis":"Agjencia Shteterore e Kadastres","Fillimi_i_":"10.08.2016","Përfundim":"13.05.2022","Shape_Leng":25.0932646094,"Shape_Area":39.3461316661}},
{"type":"Feature","geometry":{"type":"Polygon","coordinates":[[[19.64055726891601,40.154504843990004],[19.64048925893469,40.15457104526789],[19.640413480513725,40.15453081014036],[19.640389662612733,40.15451816479862],[19.640405110652395,40.15449993164063],[19.640439448923324,40.154452601349035],[19.640468455732556,40.154467909634285],[19.64047841675842,40.154456795726546],[19.64055726891601,40.154504843990004]]]},"properties":{"OBJECTID":23907,"id":2632525,"cze_id":1481,"Tipi":"Ndertese","upn":"1481-9-N","label":"9","legal_area":0,"active":2,"descriptio":"","registrati":"2016-08-10 00:00:00","su_last_mo":"2022-05-13 11:49:30","volume":5,"page":112,"property_n":"9","pronari":"PRIVAT","Lloji_pasu":"TRUALL","id_bau":15412241,"id_sut":2632525,"InspireId":"ASHK_N_2632525","Zona_Kadas":1481,"Numri_i_pa":"9","Emri_I_Sis":"Agjencia Shteterore e Kadastres","Fillimi_i_":"10.08.2016","Përfundim":"13.05.2022","Shape_Leng":41.1856584472,"Shape_Area":101.594443859}},
{"type":"Feature","geometry":{"type":"Polygon","coordinates":[[[19.639417834621543,40.15247888037162],[19.63946635297183,40.152524041287734],[19.639424702594898,40.15255038903528],[19.639376188962537,40.15250522541483],[19.639417834621543,40.15247888037162]]]},"properties":{"OBJECTID":23908,"id":2632600,"cze_id":1481,"Tipi":"Ndertese","upn":"1481-127-N","label":"127","legal_area":0,"active":2,"descriptio":"","registrati":"2016-08-10 00:00:00","su_last_mo":"2022-05-13 11:49:26","volume":103,"page":18,"property_n":"app_127","pronari":"PRIVAT","Lloji_pasu":"TRUALL","id_bau":15481629,"id_sut":2632600,"InspireId":"ASHK_N_2632600","Zona_Kadas":1481,"Numri_i_pa":"app_127","Emri_I_Sis":"Agjencia Shteterore e Kadastres","Fillimi_i_":"10.08.2016","Përfundim":"13.05.2022","Shape_Leng":22.1958894771,"Shape_Area":29.8886806553}},
{"type":"Feature","geometry":{"type":"Polygon","coordinates":[[[19.641633345416228,40.15314348117447],[19.64163414326679,40.153127450386236],[19.641635076222354,40.15310871463468],[19.641738852661867,40.153111226002785],[19.64173707101748,40.15315456062882],[19.64163288081444,40.15315282699145],[19.641633345416228,40.15314348117447]]]},"properties":{"OBJECTID":24635,"id":2632660,"cze_id":1481,"Tipi":"Ndertese","upn":"1481-83-N","label":"83","legal_area":0,"active":2,"descriptio":"","registrati":"2016-08-10 00:00:00","su_last_mo":"2022-05-13 11:49:24","volume":5,"page":200,"property_n":"83","pronari":"PRIVAT","Lloji_pasu":"TRUALL","id_bau":15411688,"id_sut":2632660,"InspireId":"ASHK_N_2632660","Zona_Kadas":1481,"Numri_i_pa":"83","Emri_I_Sis":"Agjencia Shteterore e Kadastres","Fillimi_i_":"10.08.2016","Përfundim":"13.05.2022","Shape_Leng":27.4420031426,"Shape_Area":43.0543238631}},
{"type":"Feature","geometry":{"type":"Polygon","coordinates":[[[19.643521173643983,40.149421668791256],[19.64340993758428,40.14946805810119],[19.64339612275907,40.14944927240389],[19.64337596400124,40.149420282354086],[19.64348998769241,40.14937179967328],[19.643521173643983,40.149421668791256]]]},"properties":{"OBJECTID":24657,"id":2632926,"cze_id":1481,"Tipi":"Ndertese","upn":"1481-293-N","label":"293","legal_area":0,"active":2,"descriptio":"","registrati":"2016-08-10 00:00:00","su_last_mo":"2022-05-13 11:07:41","volume":105,"page":247,"property_n":"app_293","pronari":"PRIVAT","Lloji_pasu":"TRUALL","id_bau":15411995,"id_sut":2632926,"InspireId":"ASHK_N_2632926","Zona_Kadas":1481,"Numri_i_pa":"app_293","Emri_I_Sis":"Agjencia Shteterore e Kadastres","Fillimi_i_":"10.08.2016","Përfundim":"13.05.2022","Shape_Leng":34.0808573879,"Shape_Area":66.7524753864}},
{"type":"Feature","geometry":{"type":"Polygon","coordinates":[[[19.640978466022744,40.15185750308973],[19.64090422815359,40.15182343850555],[19.64096098299126,40.15175060160319],[19.64096474765473,40.15174577078626],[19.64096851114404,40.15174093996559],[19.641042751312824,40.15177500271489],[19.640978466022744,40.15185750308973]]]},"properties":{"OBJECTID":24833,"id":2632692,"cze_id":1481,"Tipi":"Ndertese","upn":"1481-189-N","label":"189","legal_area":0,"active":2,"descriptio":"","registrati":"2016-08-10 00:00:00","su_last_mo":"2022-05-13 11:49:22","volume":5,"page":2,"property_n":"189","pronari":"PRIVAT","Lloji_pasu":"TRUALL","id_bau":15411747,"id_sut":2632692,"InspireId":"ASHK_N_2632692","Zona_Kadas":1481,"Numri_i_pa":"189","Emri_I_Sis":"Agjencia Shteterore e Kadastres","Fillimi_i_":"10.08.2016","Përfundim":"13.05.2022","Shape_Leng":36.0868785452,"Shape_Area":78.6636779994}},
{"type":"Feature","geometry":{"type":"Polygon","coordinates":[[[19.64060422857771,40.150598761791876],[19.640678161504518,40.150664577848424],[19.640604328117718,40.1507094666419],[19.64057869272162,40.150724812437616],[19.64054296048822,40.15069098240526],[19.640549347163955,40.15068701080099],[19.640508697411466,40.150648519331675],[19.640573453100913,40.1506082530864],[19.640579363305854,40.150613849706815],[19.64060422857771,40.150598761791876]]]},"properties":{"OBJECTID":24834,"id":2632783,"cze_id":1481,"Tipi":"Ndertese","upn":"1481-243/1-N","label":"243/1","legal_area":0,"active":2,"descriptio":"","registrati":"2016-08-10 00:00:00","su_last_mo":"2022-05-13 11:07:47","volume":2,"page":120,"property_n":"243/1+1-1","pronari":"PRIVAT","Lloji_pasu":"APARTAMENT","id_bau":32109189,"id_sut":2632783,"InspireId":"ASHK_N_2632783","Zona_Kadas":1481,"Numri_i_pa":"243/1+1-1","Emri_I_Sis":"Agjencia Shteterore e Kadastres","Fillimi_i_":"10.08.2016","Përfundim":"13.05.2022","Shape_Leng":42.0849786436,"Shape_Area":104.717336497}},
{"type":"Feature","geometry":{"type":"Polygon","coordinates":[[[19.641407066450967,40.141187768051815],[19.64137790560661,40.14114810561],[19.641289643759038,40.14118894619938],[19.641321679019804,40.141229825263885],[19.641245231319154,40.141265113318845],[19.641152197156565,40.14114640134028],[19.6413885305972,40.141037309506096],[19.641481563846966,40.1411560221951],[19.641407066450967,40.141187768051815]]]},"properties":{"OBJECTID":24835,"id":2930097,"cze_id":1481,"Tipi":"Ndertese","upn":"1481-280-N","label":"280","legal_area":0,"active":2,"descriptio":"","registrati":"2022-04-19 16:12:31","su_last_mo":"2022-05-13 09:52:01","volume":1,"page":18,"property_n":"280","pronari":"PRIVAT","Lloji_pasu":"TRUALL","id_bau":2629315,"id_sut":2930097,"InspireId":"ASHK_N_2930097","Zona_Kadas":1481,"Numri_i_pa":"280","Emri_I_Sis":"Agjencia Shteterore e Kadastres","Fillimi_i_":"19.04.2022","Përfundim":"13.05.2022","Shape_Leng":88.2671494656,"Shape_Area":314.430505527}},
{"type":"Feature","geometry":{"type":"Polygon","coordinates":[[[19.64127170072962,40.153576532738455],[19.641310685574442,40.15352743700291],[19.641369473477912,40.1535549223692],[19.64132982106694,40.15360486711688],[19.64127170072962,40.153576532738455]]]},"properties":{"OBJECTID":24847,"id":2632851,"cze_id":1481,"Tipi":"Ndertese","upn":"1481-56-N","label":"56","legal_area":0,"active":2,"descriptio":"","registrati":"2016-08-10 00:00:00","su_last_mo":"2022-05-13 11:07:44","volume":1003,"page":13,"property_n":"56","pronari":"PRIVAT","Lloji_pasu":"TRUALL","id_bau":6705151,"id_sut":2632851,"InspireId":"ASHK_N_2632851","Zona_Kadas":1481,"Numri_i_pa":"56","Emri_I_Sis":"Agjencia Shteterore e Kadastres","Fillimi_i_":"10.08.2016","Përfundim":"13.05.2022","Shape_Leng":24.6100728124,"Shape_Area":37.7681731025}},
{"type":"Feature","geometry":{"type":"Polygon","coordinates":[[[19.641905126633127,40.15299802244501],[19.641904213610694,40.153050518791964],[19.641807676401328,40.15304979873059],[19.64180934867307,40.152998678137486],[19.641905126633127,40.15299802244501]]]},"properties":{"OBJECTID":24848,"id":2632785,"cze_id":1481,"Tipi":"Ndertese","upn":"1481-97/1-N","label":"97/1","legal_area":0,"active":2,"descriptio":"","registrati":"2016-08-10 00:00:00","su_last_mo":"2022-05-13 11:07:47","volume":6,"page":44,"property_n":"97/1","pronari":"PRIVAT","Lloji_pasu":"TRUALL","id_bau":15411947,"id_sut":2632785,"InspireId":"ASHK_N_2632785","Zona_Kadas":1481,"Numri_i_pa":"97/1","Emri_I_Sis":"Agjencia Shteterore e Kadastres","Fillimi_i_":"10.08.2016","Përfundim":"13.05.2022","Shape_Leng":27.8945302787,"Shape_Area":47.1327096124}},
{"type":"Feature","geometry":{"type":"Polygon","coordinates":[[[19.64232284232562,40.14941602375017],[19.642305298179622,40.14946836879519],[19.642288244602213,40.1494650028317],[19.642270700421534,40.149517346970285],[19.642182207251373,40.14949988122341],[19.642218309106255,40.14939217551021],[19.642277311048602,40.14940532274168],[19.64232284232562,40.14941602375017]]]},"properties":{"OBJECTID":24885,"id":2632924,"cze_id":1481,"Tipi":"Ndertese","upn":"1481-292-N","label":"292","legal_area":0,"active":2,"descriptio":"","registrati":"2016-08-10 00:00:00","su_last_mo":"2022-05-13 11:07:41","volume":105,"page":246,"property_n":"app_292","pronari":"PRIVAT","Lloji_pasu":"TRUALL","id_bau":15411990,"id_sut":2632924,"InspireId":"ASHK_N_2632924","Zona_Kadas":1481,"Numri_i_pa":"app_292","Emri_I_Sis":"Agjencia Shteterore e Kadastres","Fillimi_i_":"10.08.2016","Përfundim":"13.05.2022","Shape_Leng":42.9305110793,"Shape_Area":104.216279231}},
{"type":"Feature","geometry":{"type":"Polygon","coordinates":[[[19.639120103177834,40.14671417142138],[19.639215450191465,40.14679574803257],[19.639125391967124,40.14685773627656],[19.639030046144445,40.14677616049642],[19.639120103177834,40.14671417142138]]]},"properties":{"OBJECTID":25594,"id":2929905,"cze_id":1481,"Tipi":"Ndertese","upn":"1481-120/2/ND","label":"120/2/ND","legal_area":0,"active":2,"descriptio":"","registrati":"2022-04-19 16:12:31","su_last_mo":"2022-05-13 09:52:12","volume":7,"page":43,"property_n":"120/2/ND+1-1","pronari":"PRIVAT","Lloji_pasu":"APARTAMENT","id_bau":38273253,"id_sut":2929905,"InspireId":"ASHK_N_2929905","Zona_Kadas":1481,"Numri_i_pa":"120/2/ND+1-1","Emri_I_Sis":"Agjencia Shteterore e Kadastres","Fillimi_i_":"19.04.2022","Përfundim":"13.05.2022","Shape_Leng":44.9531292084,"Shape_Area":125.434695294}},
{"type":"Feature","geometry":{"type":"Polygon","coordinates":[[[19.639120103177834,40.14671417142138],[19.639215450191465,40.14679574803257],[19.639125391967124,40.14685773627656],[19.639030046144445,40.14677616049642],[19.639120103177834,40.14671417142138]]]},"properties":{"OBJECTID":25595,"id":2929905,"cze_id":1481,"Tipi":"Ndertese","upn":"1481-120/2/ND","label":"120/2/ND","legal_area":0,"active":2,"descriptio":"","registrati":"2022-04-19 16:12:31","su_last_mo":"2022-05-13 09:52:12","volume":7,"page":53,"property_n":"120/2/ND+3-3","pronari":"PRIVAT","Lloji_pasu":"APARTAMENT","id_bau":38273268,"id_sut":2929905,"InspireId":"ASHK_N_2929905","Zona_Kadas":1481,"Numri_i_pa":"120/2/ND+3-3","Emri_I_Sis":"Agjencia Shteterore e Kadastres","Fillimi_i_":"19.04.2022","Përfundim":"13.05.2022","Shape_Leng":44.9531292084,"Shape_Area":125.434695294}},
{"type":"Feature","geometry":{"type":"Polygon","coordinates":[[[19.639746932759458,40.15160759828807],[19.639790616393956,40.15166655012703],[19.639697717412183,40.151707083193024],[19.63965389748503,40.151647948074924],[19.639746932759458,40.15160759828807]]]},"properties":{"OBJECTID":25604,"id":2632936,"cze_id":1481,"Tipi":"Ndertese","upn":"1481-191/1-N","label":"191/1","legal_area":0,"active":2,"descriptio":"","registrati":"2016-08-10 00:00:00","su_last_mo":"2022-05-13 16:08:08","volume":2,"page":75,"property_n":"191/1","pronari":"PRIVAT","Lloji_pasu":"TRUALL","id_bau":19038675,"id_sut":2632936,"InspireId":"ASHK_N_2632936","Zona_Kadas":1481,"Numri_i_pa":"191/1","Emri_I_Sis":"Agjencia Shteterore e Kadastres","Fillimi_i_":"10.08.2016","Përfundim":"13.05.2022","Shape_Leng":33.2950378978,"Shape_Area":68.6735181948}},
{"type":"Feature","geometry":{"type":"Polygon","coordinates":[[[19.63933257770845,40.15137178765324],[19.63934601824555,40.151377324035145],[19.639350509358195,40.151379173432055],[19.63927153313177,40.15149206895863],[19.63920326235252,40.151463947775554],[19.63928223631149,40.15135105228805],[19.63933257770845,40.15137178765324]]]},"properties":{"OBJECTID":25606,"id":2632811,"cze_id":1481,"Tipi":"Ndertese","upn":"1481-213-N","label":"213","legal_area":0,"active":2,"descriptio":"","registrati":"2016-08-10 00:00:00","su_last_mo":"2022-05-13 11:07:46","volume":3,"page":95,"property_n":"213","pronari":"PRIVAT","Lloji_pasu":"TRUALL","id_bau":15481757,"id_sut":2632811,"InspireId":"ASHK_N_2632811","Zona_Kadas":1481,"Numri_i_pa":"213","Emri_I_Sis":"Agjencia Shteterore e Kadastres","Fillimi_i_":"10.08.2016","Përfundim":"13.05.2022","Shape_Leng":41.6598980491,"Shape_Area":93.9347753082}},
{"type":"Feature","geometry":{"type":"Polygon","coordinates":[[[19.639120103177834,40.14671417142138],[19.639215450191465,40.14679574803257],[19.639125391967124,40.14685773627656],[19.639030046144445,40.14677616049642],[19.639120103177834,40.14671417142138]]]},"properties":{"OBJECTID":25675,"id":2929905,"cze_id":1481,"Tipi":"Ndertese","upn":"1481-120/2/ND","label":"120/2/ND","legal_area":0,"active":2,"descriptio":"","registrati":"2022-04-19 16:12:31","su_last_mo":"2022-05-13 09:52:12","volume":7,"page":50,"property_n":"120/2/ND+2-4","pronari":"PRIVAT","Lloji_pasu":"APARTAMENT","id_bau":38273263,"id_sut":2929905,"InspireId":"ASHK_N_2929905","Zona_Kadas":1481,"Numri_i_pa":"120/2/ND+2-4","Emri_I_Sis":"Agjencia Shteterore e Kadastres","Fillimi_i_":"19.04.2022","Përfundim":"13.05.2022","Shape_Leng":44.9531292084,"Shape_Area":125.434695294}},
{"type":"Feature","geometry":{"type":"Polygon","coordinates":[[[19.638700672154034,40.15237288308558],[19.638656448578566,40.15232909514599],[19.638718616856394,40.15229212435383],[19.63867906575084,40.152252963838286],[19.638710597843716,40.15223421191127],[19.638795250834985,40.15231664431858],[19.638700672154034,40.15237288308558]]]},"properties":{"OBJECTID":25678,"id":2632818,"cze_id":1481,"Tipi":"Ndertese","upn":"1481-143-N","label":"143","legal_area":0,"active":2,"descriptio":"","registrati":"2016-08-10 00:00:00","su_last_mo":"2022-05-13 11:07:46","volume":3,"page":37,"property_n":"143","pronari":"PRIVAT","Lloji_pasu":"TRUALL","id_bau":15481653,"id_sut":2632818,"InspireId":"ASHK_N_2632818","Zona_Kadas":1481,"Numri_i_pa":"143","Emri_I_Sis":"Agjencia Shteterore e Kadastres","Fillimi_i_":"10.08.2016","Përfundim":"13.05.2022","Shape_Leng":43.6018497767,"Shape_Area":81.3837941044}},
{"type":"Feature","geometry":{"type":"Polygon","coordinates":[[[19.642608166577315,40.15082750882217],[19.64248846460916,40.15086046036638],[19.642463960527014,40.15080918957728],[19.642582615506306,40.15077579713797],[19.642608166577315,40.15082750882217]]]},"properties":{"OBJECTID":25694,"id":2632775,"cze_id":1481,"Tipi":"Ndertese","upn":"1481-240-N","label":"240","legal_area":0,"active":2,"descriptio":"","registrati":"2016-08-10 00:00:00","su_last_mo":"2022-05-13 11:07:48","volume":5,"page":92,"property_n":"240","pronari":"PRIVAT","Lloji_pasu":"TRUALL","id_bau":15412018,"id_sut":2632775,"InspireId":"ASHK_N_2632775","Zona_Kadas":1481,"Numri_i_pa":"240","Emri_I_Sis":"Agjencia Shteterore e Kadastres","Fillimi_i_":"10.08.2016","Përfundim":"13.05.2022","Shape_Leng":33.8092329928,"Shape_Area":65.9151882057}},
{"type":"Feature","geometry":{"type":"Polygon","coordinates":[[[19.64022852378276,40.14761342051413],[19.640197341649873,40.14760547765666],[19.640192166444628,40.14761744217629],[19.640108598444716,40.14759615541762],[19.640157593080705,40.14748287968374],[19.64025897997162,40.14750870402109],[19.640243084917284,40.14754545200459],[19.640256449184548,40.147548855440405],[19.64022852378276,40.14761342051413]]]},"properties":{"OBJECTID":25695,"id":2633011,"cze_id":1481,"Tipi":"Ndertese","upn":"1481-349-N","label":"349","legal_area":0,"active":2,"descriptio":"","registrati":"2016-08-10 00:00:00","su_last_mo":"2022-05-13 16:08:03","volume":4,"page":41,"property_n":"349","pronari":"PRIVAT","Lloji_pasu":"TRUALL","id_bau":15482078,"id_sut":2633011,"InspireId":"ASHK_N_2633011","Zona_Kadas":1481,"Numri_i_pa":"349","Emri_I_Sis":"Agjencia Shteterore e Kadastres","Fillimi_i_":"10.08.2016","Përfundim":"13.05.2022","Shape_Leng":47.1108250178,"Shape_Area":127.460298458}},
{"type":"Feature","geometry":{"type":"Polygon","coordinates":[[[19.641618491457795,40.15129311792821],[19.64167820446225,40.151342765107266],[19.64158331249258,40.15140996999681],[19.6415235983302,40.15136032186523],[19.641618491457795,40.15129311792821]]]},"properties":{"OBJECTID":25697,"id":2632768,"cze_id":1481,"Tipi":"Ndertese","upn":"1481-207/1-N","label":"207/1","legal_area":0,"active":2,"descriptio":"","registrati":"2016-08-10 00:00:00","su_last_mo":"2022-05-13 11:07:48","volume":4,"page":163,"property_n":"383/5/ND+1-3","pronari":"PRIVAT","Lloji_pasu":"APARTAMENT","id_bau":15411784,"id_sut":2632768,"InspireId":"ASHK_N_2632768","Zona_Kadas":1481,"Numri_i_pa":"383/5/ND+1-3","Emri_I_Sis":"Agjencia Shteterore e Kadastres","Fillimi_i_":"10.08.2016","Përfundim":"13.05.2022","Shape_Leng":37.0092302691,"Shape_Area":82.5412545434}},
{"type":"Feature","geometry":{"type":"Polygon","coordinates":[[[19.64089564267586,40.15385372596153],[19.640876652613482,40.15389248442173],[19.640801737763354,40.15386732274396],[19.64083548273875,40.15380239020159],[19.640906168378795,40.15382896257974],[19.640907387167083,40.153829757079954],[19.64089564267586,40.15385372596153]]]},"properties":{"OBJECTID":25698,"id":2632757,"cze_id":1481,"Tipi":"Ndertese","upn":"1481-39-N","label":"39","legal_area":0,"active":2,"descriptio":"","registrati":"2016-08-10 00:00:00","su_last_mo":"2022-05-13 11:07:49","volume":1,"page":181,"property_n":"39","pronari":"PRIVAT","Lloji_pasu":"TRUALL","id_bau":3118509,"id_sut":2632757,"InspireId":"ASHK_N_2632757","Zona_Kadas":1481,"Numri_i_pa":"39","Emri_I_Sis":"Agjencia Shteterore e Kadastres","Fillimi_i_":"10.08.2016","Përfundim":"13.05.2022","Shape_Leng":29.0138032065,"Shape_Area":52.4542576402}},
{"type":"Feature","geometry":{"type":"Polygon","coordinates":[[[19.640322084517777,40.15311178718337],[19.640334663294045,40.15311189650099],[19.640333774465084,40.153194284489985],[19.640263371730157,40.15319367223229],[19.640264685490056,40.15311128826587],[19.640322084517777,40.15311178718337]]]},"properties":{"OBJECTID":25699,"id":2632500,"cze_id":1481,"Tipi":"Ndertese","upn":"1481-78/2-N","label":"78/2","legal_area":0,"active":2,"descriptio":"","registrati":"2016-08-10 00:00:00","su_last_mo":"2022-05-13 11:49:32","volume":2,"page":212,"property_n":"78/2","pronari":"PRIVAT","Lloji_pasu":"TRUALL","id_bau":15482159,"id_sut":2632500,"InspireId":"ASHK_N_2632500","Zona_Kadas":1481,"Numri_i_pa":"78/2","Emri_I_Sis":"Agjencia Shteterore e Kadastres","Fillimi_i_":"10.08.2016","Përfundim":"13.05.2022","Shape_Leng":30.2588055837,"Shape_Area":54.7160065647}},
{"type":"Feature","geometry":{"type":"Polygon","coordinates":[[[19.63953329743353,40.152125061810295],[19.63953256446854,40.152146044249236],[19.63952414160511,40.15216527811335],[19.639564251019262,40.15220836126172],[19.63951708183882,40.152234364950296],[19.639471958083934,40.15219093655662],[19.63943227940094,40.15215274854057],[19.63949340827034,40.15212424057006],[19.63953329743353,40.152125061810295]]]},"properties":{"OBJECTID":25703,"id":2632568,"cze_id":1481,"Tipi":"Ndertese","upn":"1481-155-N","label":"155","legal_area":0,"active":2,"descriptio":"","registrati":"2016-08-10 00:00:00","su_last_mo":"2022-05-13 11:49:28","volume":3,"page":48,"property_n":"155","pronari":"PRIVAT","Lloji_pasu":"TRUALL","id_bau":15481678,"id_sut":2632568,"InspireId":"ASHK_N_2632568","Zona_Kadas":1481,"Numri_i_pa":"155","Emri_I_Sis":"Agjencia Shteterore e Kadastres","Fillimi_i_":"10.08.2016","Përfundim":"13.05.2022","Shape_Leng":36.497164462,"Shape_Area":69.3930759996}},
{"type":"Feature","geometry":{"type":"Polygon","coordinates":[[[19.64089308284335,40.14902259711753],[19.640819993965373,40.14910653451],[19.640734871388855,40.149058496653886],[19.64081273323126,40.14897725158468],[19.64089308284335,40.14902259711753]]]},"properties":{"OBJECTID":25872,"id":2632625,"cze_id":1481,"Tipi":"Ndertese","upn":"1481-308-N","label":"308","legal_area":0,"active":2,"descriptio":"","registrati":"2016-08-10 00:00:00","su_last_mo":"2022-05-13 11:49:25","volume":3,"page":205,"property_n":"308","pronari":"PRIVAT","Lloji_pasu":"TRUALL","id_bau":15481964,"id_sut":2632625,"InspireId":"ASHK_N_2632625","Zona_Kadas":1481,"Numri_i_pa":"308","Emri_I_Sis":"Agjencia Shteterore e Kadastres","Fillimi_i_":"10.08.2016","Përfundim":"13.05.2022","Shape_Leng":39.9098738619,"Shape_Area":97.9959615688}},
{"type":"Feature","geometry":{"type":"Polygon","coordinates":[[[19.64024437010397,40.148388523463254],[19.640190377337795,40.14843605475342],[19.640133745198565,40.14839817271188],[19.640187739152154,40.14835064055091],[19.64024437010397,40.148388523463254]]]},"properties":{"OBJECTID":26542,"id":2632799,"cze_id":1481,"Tipi":"Ndertese","upn":"1481-323-N","label":"323","legal_area":0,"active":2,"descriptio":"","registrati":"2016-08-10 00:00:00","su_last_mo":"2022-05-13 11:07:47","volume":3,"page":243,"property_n":"323","pronari":"PRIVAT","Lloji_pasu":"TRUALL","id_bau":15482021,"id_sut":2632799,"InspireId":"ASHK_N_2632799","Zona_Kadas":1481,"Numri_i_pa":"323","Emri_I_Sis":"Agjencia Shteterore e Kadastres","Fillimi_i_":"10.08.2016","Përfundim":"13.05.2022","Shape_Leng":26.8063860638,"Shape_Area":44.8213754946}},
{"type":"Feature","geometry":{"type":"Polygon","coordinates":[[[19.641347856532764,40.15386174146016],[19.641320497098757,40.15389918352069],[19.641272327106837,40.15387952205467],[19.641323104679728,40.153802870485535],[19.641374665027445,40.153825055085214],[19.641347856532764,40.15386174146016]]]},"properties":{"OBJECTID":26544,"id":2632635,"cze_id":1481,"Tipi":"Ndertese","upn":"1481-38-N","label":"38","legal_area":0,"active":2,"descriptio":"","registrati":"2016-08-10 00:00:00","su_last_mo":"2022-05-13 11:49:24","volume":1,"page":190,"property_n":"38","pronari":"PRIVAT","Lloji_pasu":"TRUALL","id_bau":18629195,"id_sut":2632635,"InspireId":"ASHK_N_2632635","Zona_Kadas":1481,"Numri_i_pa":"38","Emri_I_Sis":"Agjencia Shteterore e Kadastres","Fillimi_i_":"10.08.2016","Përfundim":"13.05.2022","Shape_Leng":28.6698832322,"Shape_Area":45.9531517516}},
{"type":"Feature","geometry":{"type":"Polygon","coordinates":[[[19.640086496417307,40.15324727345371],[19.64009122936515,40.153248693990314],[19.640106376029344,40.15325282885946],[19.64009813946986,40.1532761277168],[19.640136054775528,40.15328659156811],[19.640129461979157,40.15330065635283],[19.64006658311086,40.15331479655611],[19.63994359804233,40.15328963709066],[19.63993375664812,40.15323877882297],[19.639926088313256,40.15319914329634],[19.639946128623873,40.15320515582994],[19.639985841300778,40.15321707167162],[19.640086496417307,40.15324727345371]]]},"properties":{"OBJECTID":26545,"id":2632510,"cze_id":1481,"Tipi":"Ndertese","upn":"1481-71-N","label":"71","legal_area":0,"active":2,"descriptio":"","registrati":"2016-08-10 00:00:00","su_last_mo":"2022-05-13 11:49:32","volume":2,"page":210,"property_n":"71","pronari":"PRIVAT","Lloji_pasu":"TRUALL","id_bau":15482157,"id_sut":2632510,"InspireId":"ASHK_N_2632510","Zona_Kadas":1481,"Numri_i_pa":"71","Emri_I_Sis":"Agjencia Shteterore e Kadastres","Fillimi_i_":"10.08.2016","Përfundim":"13.05.2022","Shape_Leng":50.837369477,"Shape_Area":127.409792802}},
{"type":"Feature","geometry":{"type":"Polygon","coordinates":[[[19.641183324094065,40.15290195522189],[19.641338908839668,40.15287039683616],[19.641384119037166,40.152964196736995],[19.64131544203161,40.152981390685206],[19.641303007343232,40.152955682563466],[19.641286326765492,40.152921195815125],[19.6412243215664,40.1529364750031],[19.6411984192661,40.15294285830094],[19.641196473163465,40.1529382070118],[19.641184689527954,40.152905658188665],[19.641183324094065,40.15290195522189]]]},"properties":{"OBJECTID":26546,"id":2632701,"cze_id":1481,"Tipi":"Ndertese","upn":"1481-98-N","label":"98","legal_area":0,"active":2,"descriptio":"","registrati":"2016-08-10 00:00:00","su_last_mo":"2022-05-13 11:49:21","volume":5,"page":206,"property_n":"98","pronari":"PRIVAT","Lloji_pasu":"TRUALL","id_bau":15411711,"id_sut":2632701,"InspireId":"ASHK_N_2632701","Zona_Kadas":1481,"Numri_i_pa":"98","Emri_I_Sis":"Agjencia Shteterore e Kadastres","Fillimi_i_":"10.08.2016","Përfundim":"13.05.2022","Shape_Leng":50.6889868546,"Shape_Area":104.254135711}},
{"type":"Feature","geometry":{"type":"Polygon","coordinates":[[[19.639120103177834,40.14671417142138],[19.639215450191465,40.14679574803257],[19.639125391967124,40.14685773627656],[19.639030046144445,40.14677616049642],[19.639120103177834,40.14671417142138]]]},"properties":{"OBJECTID":27165,"id":2929905,"cze_id":1481,"Tipi":"Ndertese","upn":"1481-120/2/ND","label":"120/2/ND","legal_area":0,"active":2,"descriptio":"","registrati":"2022-04-19 16:12:31","su_last_mo":"2022-05-13 09:52:12","volume":7,"page":47,"property_n":"120/2/ND+2-1","pronari":"PRIVAT","Lloji_pasu":"APARTAMENT","id_bau":38273260,"id_sut":2929905,"InspireId":"ASHK_N_2929905","Zona_Kadas":1481,"Numri_i_pa":"120/2/ND+2-1","Emri_I_Sis":"Agjencia Shteterore e Kadastres","Fillimi_i_":"19.04.2022","Përfundim":"13.05.2022","Shape_Leng":44.9531292084,"Shape_Area":125.434695294}},
{"type":"Feature","geometry":{"type":"Polygon","coordinates":[[[19.638755415272406,40.15127673569726],[19.638817491963017,40.151234928372475],[19.63887941602874,40.15128906794311],[19.63881735463102,40.151330866342455],[19.638755415272406,40.15127673569726]]]},"properties":{"OBJECTID":26277,"id":2632617,"cze_id":1481,"Tipi":"Ndertese","upn":"1481-220-N","label":"220","legal_area":0,"active":2,"descriptio":"","registrati":"2016-08-10 00:00:00","su_last_mo":"2022-05-13 11:49:25","volume":3,"page":103,"property_n":"220","pronari":"PRIVAT","Lloji_pasu":"TRUALL","id_bau":15481767,"id_sut":2632617,"InspireId":"ASHK_N_2632617","Zona_Kadas":1481,"Numri_i_pa":"220","Emri_I_Sis":"Agjencia Shteterore e Kadastres","Fillimi_i_":"10.08.2016","Përfundim":"13.05.2022","Shape_Leng":30.0709308829,"Shape_Area":56.2849499178}},
{"type":"Feature","geometry":{"type":"Polygon","coordinates":[[[19.639583007872186,40.152874290244846],[19.639454149344388,40.15286848823604],[19.639457784717955,40.15282355275876],[19.639522259766053,40.1528257771259],[19.6395244257274,40.15278904417602],[19.6395888239667,40.15279247145924],[19.639583007872186,40.152874290244846]]]},"properties":{"OBJECTID":26413,"id":2632857,"cze_id":1481,"Tipi":"Ndertese","upn":"1481-106-N","label":"106","legal_area":0,"active":2,"descriptio":"","registrati":"2016-08-10 00:00:00","su_last_mo":"2022-05-13 11:07:44","volume":2,"page":240,"property_n":"106","pronari":"PRIVAT","Lloji_pasu":"TRUALL","id_bau":15481592,"id_sut":2632857,"InspireId":"ASHK_N_2632857","Zona_Kadas":1481,"Numri_i_pa":"106","Emri_I_Sis":"Agjencia Shteterore e Kadastres","Fillimi_i_":"10.08.2016","Përfundim":"13.05.2022","Shape_Leng":40.1781548211,"Shape_Area":77.7201271106}},
{"type":"Feature","geometry":{"type":"Polygon","coordinates":[[[19.641589095420994,40.15259790183527],[19.641583573564162,40.15252329402045],[19.64164985732117,40.15252143861144],[19.641652591376268,40.15259211030934],[19.641589095420994,40.15259790183527]]]},"properties":{"OBJECTID":26457,"id":2632968,"cze_id":1481,"Tipi":"Ndertese","upn":"1481-126-N","label":"126","legal_area":0,"active":2,"descriptio":"","registrati":"2016-08-10 00:00:00","su_last_mo":"2022-05-13 16:08:03","volume":5,"page":214,"property_n":"126","pronari":"PRIVAT","Lloji_pasu":"TRUALL","id_bau":15411734,"id_sut":2632968,"InspireId":"ASHK_N_2632968","Zona_Kadas":1481,"Numri_i_pa":"126","Emri_I_Sis":"Agjencia Shteterore e Kadastres","Fillimi_i_":"10.08.2016","Përfundim":"13.05.2022","Shape_Leng":27.2481324539,"Shape_Area":44.7445742127}},
{"type":"Feature","geometry":{"type":"Polygon","coordinates":[[[19.6406951394505,40.152427756152164],[19.640696334773732,40.15239179647643],[19.640698044633965,40.15234037881551],[19.640763764760155,40.15234166523458],[19.640760471846924,40.152440722062714],[19.640694751630082,40.152439434740806],[19.6406951394505,40.152427756152164]]]},"properties":{"OBJECTID":26461,"id":2632725,"cze_id":1481,"Tipi":"Ndertese","upn":"1481-138/1-N","label":"138/1","legal_area":0,"active":2,"descriptio":"","registrati":"2016-08-10 00:00:00","su_last_mo":"2022-05-13 11:07:50","volume":1,"page":211,"property_n":"138/1","pronari":"PRIVAT","Lloji_pasu":"TRUALL","id_bau":10679700,"id_sut":2632725,"InspireId":"ASHK_N_2632725","Zona_Kadas":1481,"Numri_i_pa":"138/1","Emri_I_Sis":"Agjencia Shteterore e Kadastres","Fillimi_i_":"10.08.2016","Përfundim":"13.05.2022","Shape_Leng":33.2083486773,"Shape_Area":61.631748784}},
{"type":"Feature","geometry":{"type":"Polygon","coordinates":[[[19.640465134062953,40.15427208162609],[19.640492512164112,40.1542287688642],[19.640506028927682,40.15423399644289],[19.640589965245873,40.154266462202244],[19.640562587191138,40.154309774987105],[19.640465134062953,40.15427208162609]]]},"properties":{"OBJECTID":26465,"id":2632782,"cze_id":1481,"Tipi":"Ndertese","upn":"1481-19-N","label":"19","legal_area":0,"active":2,"descriptio":"","registrati":"2016-08-10 00:00:00","su_last_mo":"2022-05-13 11:07:48","volume":5,"page":117,"property_n":"19","pronari":"PRIVAT","Lloji_pasu":"TRUALL","id_bau":15412236,"id_sut":2632782,"InspireId":"ASHK_N_2632782","Zona_Kadas":1481,"Numri_i_pa":"19","Emri_I_Sis":"Agjencia Shteterore e Kadastres","Fillimi_i_":"10.08.2016","Përfundim":"13.05.2022","Shape_Leng":29.2874416492,"Shape_Area":49.6970734615}},
{"type":"Feature","geometry":{"type":"Polygon","coordinates":[[[19.638825103681036,40.151800886694524],[19.638772098356256,40.1518363434162],[19.638694956583713,40.15176844207832],[19.638748049063086,40.15173292532369],[19.638825103681036,40.151800886694524]]]},"properties":{"OBJECTID":26466,"id":2632836,"cze_id":1481,"Tipi":"Ndertese","upn":"1481-190-N","label":"190","legal_area":0,"active":2,"descriptio":"","registrati":"2016-08-10 00:00:00","su_last_mo":"2022-05-13 11:07:45","volume":3,"page":70,"property_n":"190","pronari":"PRIVAT","Lloji_pasu":"TRUALL","id_bau":15481724,"id_sut":2632836,"InspireId":"ASHK_N_2632836","Zona_Kadas":1481,"Numri_i_pa":"190","Emri_I_Sis":"Agjencia Shteterore e Kadastres","Fillimi_i_":"10.08.2016","Përfundim":"13.05.2022","Shape_Leng":31.9980900971,"Shape_Area":59.9801482466}},
{"type":"Feature","geometry":{"type":"Polygon","coordinates":[[[19.64093474346584,40.15424310956821],[19.640957762771844,40.15425963747968],[19.64089677862069,40.15430966632539],[19.64085408404142,40.15427902452805],[19.6408989754338,40.15424221153083],[19.640915089307917,40.154228998471844],[19.64093474346584,40.15424310956821]]]},"properties":{"OBJECTID":26467,"id":2632750,"cze_id":1481,"Tipi":"Ndertese","upn":"1481-20-N","label":"20","legal_area":0,"active":2,"descriptio":"","registrati":"2016-08-10 00:00:00","su_last_mo":"2022-05-13 11:07:49","volume":1003,"page":8,"property_n":"20","pronari":"PRIVAT","Lloji_pasu":"TRUALL","id_bau":15412836,"id_sut":2632750,"InspireId":"ASHK_N_2632750","Zona_Kadas":1481,"Numri_i_pa":"20","Emri_I_Sis":"Agjencia Shteterore e Kadastres","Fillimi_i_":"10.08.2016","Përfundim":"13.05.2022","Shape_Leng":25.1741430075,"Shape_Area":37.8838411938}},
{"type":"Feature","geometry":{"type":"Polygon","coordinates":[[[19.641618491457795,40.15129311792821],[19.64167820446225,40.151342765107266],[19.64158331249258,40.15140996999681],[19.6415235983302,40.15136032186523],[19.641618491457795,40.15129311792821]]]},"properties":{"OBJECTID":26468,"id":2632768,"cze_id":1481,"Tipi":"Ndertese","upn":"1481-207/1-N","label":"207/1","legal_area":0,"active":2,"descriptio":"","registrati":"2016-08-10 00:00:00","su_last_mo":"2022-05-13 11:07:48","volume":1,"page":95,"property_n":"207/1","pronari":"PRIVAT","Lloji_pasu":"TRUALL","id_bau":2970119,"id_sut":2632768,"InspireId":"ASHK_N_2632768","Zona_Kadas":1481,"Numri_i_pa":"207/1","Emri_I_Sis":"Agjencia Shteterore e Kadastres","Fillimi_i_":"10.08.2016","Përfundim":"13.05.2022","Shape_Leng":37.0092302691,"Shape_Area":82.5412545434}},
{"type":"Feature","geometry":{"type":"Polygon","coordinates":[[[19.640990079040694,40.152705877116844],[19.64095503891185,40.152707984832254],[19.64094976669309,40.15267747890603],[19.640984742422354,40.15267444788461],[19.640990079040694,40.152705877116844]]]},"properties":{"OBJECTID":26527,"id":2632532,"cze_id":1481,"Tipi":"Ndertese","upn":"1481-135/2-N","label":"135/2","legal_area":0,"active":2,"descriptio":"","registrati":"2016-08-10 00:00:00","su_last_mo":"2022-05-13 11:49:30","volume":1104,"page":5,"property_n":"app_135/2","pronari":"PRIVAT","Lloji_pasu":"TRUALL","id_bau":6707412,"id_sut":2632532,"InspireId":"ASHK_N_2632532","Zona_Kadas":1481,"Numri_i_pa":"app_135/2","Emri_I_Sis":"Agjencia Shteterore e Kadastres","Fillimi_i_":"10.08.2016","Përfundim":"13.05.2022","Shape_Leng":12.9301210872,"Shape_Area":10.3857061329}},
{"type":"Feature","geometry":{"type":"Polygon","coordinates":[[[19.643380693865538,40.149088792001436],[19.64348208230636,40.14904362962591],[19.643490479504514,40.14905415730201],[19.64353581631133,40.149033353567845],[19.64356292760743,40.149068143201724],[19.643517591954467,40.14908894785054],[19.643537470768432,40.14911445892275],[19.643483068396208,40.149139426109315],[19.643463186088837,40.149113912315315],[19.643416560110072,40.14913525781059],[19.643380693865538,40.149088792001436]]]},"properties":{"OBJECTID":26528,"id":2632925,"cze_id":1481,"Tipi":"Ndertese","upn":"1481-315-N","label":"315","legal_area":0,"active":2,"descriptio":"","registrati":"2016-08-10 00:00:00","su_last_mo":"2022-05-13 11:07:41","volume":1103,"page":117,"property_n":"app_315","pronari":"PRIVAT","Lloji_pasu":"TRUALL","id_bau":6705757,"id_sut":2632925,"InspireId":"ASHK_N_2632925","Zona_Kadas":1481,"Numri_i_pa":"app_315","Emri_I_Sis":"Agjencia Shteterore e Kadastres","Fillimi_i_":"10.08.2016","Përfundim":"13.05.2022","Shape_Leng":47.4886121755,"Shape_Area":97.5220193583}},
{"type":"Feature","geometry":{"type":"Polygon","coordinates":[[[19.640641873893312,40.1539858905081],[19.640616631178112,40.15397460248663],[19.6406073964683,40.15398799716153],[19.640534992796468,40.15396359690181],[19.640578503800523,40.15390253668192],[19.640651144140868,40.1539354680648],[19.640641873893312,40.1539858905081]]]},"properties":{"OBJECTID":26716,"id":2632747,"cze_id":1481,"Tipi":"Ndertese","upn":"1481-31/1-N","label":"31/1","legal_area":0,"active":2,"descriptio":"","registrati":"2016-08-10 00:00:00","su_last_mo":"2022-05-13 11:07:49","volume":2,"page":184,"property_n":"31/1","pronari":"PRIVAT","Lloji_pasu":"TRUALL","id_bau":15481978,"id_sut":2632747,"InspireId":"ASHK_N_2632747","Zona_Kadas":1481,"Numri_i_pa":"31/1","Emri_I_Sis":"Agjencia Shteterore e Kadastres","Fillimi_i_":"10.08.2016","Përfundim":"13.05.2022","Shape_Leng":31.4800684628,"Shape_Area":56.8387679505}},
{"type":"Feature","geometry":{"type":"Polygon","coordinates":[[[19.640610010279033,40.14796512704999],[19.640532917444805,40.14793250060405],[19.640558426804944,40.14789700633382],[19.64058720793772,40.14790918704089],[19.640628590100317,40.14785160362276],[19.640676899398848,40.14787204932027],[19.640610010279033,40.14796512704999]]]},"properties":{"OBJECTID":26717,"id":2632879,"cze_id":1481,"Tipi":"Ndertese","upn":"1481-338-N","label":"338","legal_area":0,"active":2,"descriptio":"","registrati":"2016-08-10 00:00:00","su_last_mo":"2022-05-13 11:07:43","volume":4,"page":25,"property_n":"338","pronari":"PRIVAT","Lloji_pasu":"TRUALL","id_bau":15482059,"id_sut":2632879,"InspireId":"ASHK_N_2632879","Zona_Kadas":1481,"Numri_i_pa":"338","Emri_I_Sis":"Agjencia Shteterore e Kadastres","Fillimi_i_":"10.08.2016","Përfundim":"13.05.2022","Shape_Leng":38.6089603114,"Shape_Area":68.090620312}},
{"type":"Feature","geometry":{"type":"Polygon","coordinates":[[[19.641360503566634,40.153455320527804],[19.64137643617613,40.15341069235722],[19.641474316639748,40.153431263304995],[19.64146173119898,40.153476599812564],[19.641360503566634,40.153455320527804]]]},"properties":{"OBJECTID":26719,"id":2632698,"cze_id":1481,"Tipi":"Ndertese","upn":"1481-58-N","label":"58","legal_area":0,"active":2,"descriptio":"","registrati":"2016-08-10 00:00:00","su_last_mo":"2022-05-13 11:49:22","volume":5,"page":145,"property_n":"58","pronari":"PRIVAT","Lloji_pasu":"TRUALL","id_bau":15412203,"id_sut":2632698,"InspireId":"ASHK_N_2632698","Zona_Kadas":1481,"Numri_i_pa":"58","Emri_I_Sis":"Agjencia Shteterore e Kadastres","Fillimi_i_":"10.08.2016","Përfundim":"13.05.2022","Shape_Leng":27.8747250282,"Shape_Area":45.1903593558}},
{"type":"Feature","geometry":{"type":"Polygon","coordinates":[[[19.64052181563959,40.1531500458967],[19.64052102469283,40.1531909843986],[19.640366057629787,40.15318889384441],[19.640366386129248,40.15314819976927],[19.640402747591235,40.15314862700218],[19.640403376216447,40.153117115404285],[19.64044561619381,40.15311761131241],[19.640444987588104,40.15314912291062],[19.64052181563959,40.1531500458967]]]},"properties":{"OBJECTID":26720,"id":2632513,"cze_id":1481,"Tipi":"Ndertese","upn":"1481-85-N","label":"85","legal_area":0,"active":2,"descriptio":"","registrati":"2016-08-10 00:00:00","su_last_mo":"2022-05-13 11:49:31","volume":2,"page":226,"property_n":"85","pronari":"PRIVAT","Lloji_pasu":"TRUALL","id_bau":15482176,"id_sut":2632513,"InspireId":"ASHK_N_2632513","Zona_Kadas":1481,"Numri_i_pa":"85","Emri_I_Sis":"Agjencia Shteterore e Kadastres","Fillimi_i_":"10.08.2016","Përfundim":"13.05.2022","Shape_Leng":42.5143927847,"Shape_Area":72.5453302884}},
{"type":"Feature","geometry":{"type":"Polygon","coordinates":[[[19.640283503161893,40.15049889786688],[19.640182726417343,40.15046224852065],[19.640216409561898,40.15040770967564],[19.64031718507077,40.15044435898898],[19.640283503161893,40.15049889786688]]]},"properties":{"OBJECTID":26721,"id":2632996,"cze_id":1481,"Tipi":"Ndertese","upn":"1481-248-N","label":"248","legal_area":0,"active":2,"descriptio":"","registrati":"2016-08-10 00:00:00","su_last_mo":"2022-05-13 16:08:03","volume":103,"page":123,"property_n":"app_248","pronari":"PRIVAT","Lloji_pasu":"TRUALL","id_bau":15481793,"id_sut":2632996,"InspireId":"ASHK_N_2632996","Zona_Kadas":1481,"Numri_i_pa":"app_248","Emri_I_Sis":"Agjencia Shteterore e Kadastres","Fillimi_i_":"10.08.2016","Përfundim":"13.05.2022","Shape_Leng":32.407861367,"Shape_Area":63.6807564907}},
{"type":"Feature","geometry":{"type":"Polygon","coordinates":[[[19.642779871133843,40.14973999564037],[19.64268305332094,40.149818352065765],[19.64260588710403,40.14976264006427],[19.64263768684097,40.14973628417157],[19.64270398212263,40.1496837761064],[19.642779871133843,40.14973999564037]]]},"properties":{"OBJECTID":26722,"id":2632962,"cze_id":1481,"Tipi":"Ndertese","upn":"1481-284-N","label":"284","legal_area":0,"active":2,"descriptio":"","registrati":"2016-08-10 00:00:00","su_last_mo":"2022-05-13 16:08:03","volume":105,"page":245,"property_n":"app_284","pronari":"PRIVAT","Lloji_pasu":"TRUALL","id_bau":15411986,"id_sut":2632962,"InspireId":"ASHK_N_2632962","Zona_Kadas":1481,"Numri_i_pa":"app_284","Emri_I_Sis":"Agjencia Shteterore e Kadastres","Fillimi_i_":"10.08.2016","Përfundim":"13.05.2022","Shape_Leng":42.1120730614,"Shape_Area":108.889636454}},
{"type":"Feature","geometry":{"type":"Polygon","coordinates":[[[19.639120103177834,40.14671417142138],[19.639215450191465,40.14679574803257],[19.639125391967124,40.14685773627656],[19.639030046144445,40.14677616049642],[19.639120103177834,40.14671417142138]]]},"properties":{"OBJECTID":26864,"id":2929905,"cze_id":1481,"Tipi":"Ndertese","upn":"1481-120/2/ND","label":"120/2/ND","legal_area":0,"active":2,"descriptio":"","registrati":"2022-04-19 16:12:31","su_last_mo":"2022-05-13 09:52:12","volume":7,"page":46,"property_n":"120/2/ND+1-4","pronari":"PRIVAT","Lloji_pasu":"APARTAMENT","id_bau":38273259,"id_sut":2929905,"InspireId":"ASHK_N_2929905","Zona_Kadas":1481,"Numri_i_pa":"120/2/ND+1-4","Emri_I_Sis":"Agjencia Shteterore e Kadastres","Fillimi_i_":"19.04.2022","Përfundim":"13.05.2022","Shape_Leng":44.9531292084,"Shape_Area":125.434695294}},
{"type":"Feature","geometry":{"type":"Polygon","coordinates":[[[19.641469060342917,40.15255803742748],[19.64148993453782,40.152585579153296],[19.641437639216885,40.15260891910774],[19.64141676269356,40.15258137646482],[19.641469060342917,40.15255803742748]]]},"properties":{"OBJECTID":28056,"id":2632700,"cze_id":1481,"Tipi":"Ndertese","upn":"1481-123-N","label":"123","legal_area":0,"active":2,"descriptio":"","registrati":"2016-08-10 00:00:00","su_last_mo":"2022-05-13 11:49:22","volume":4,"page":130,"property_n":"191/2/1","pronari":"PRIVAT","Lloji_pasu":"TRUALL","id_bau":6705816,"id_sut":2632700,"InspireId":"ASHK_N_2632700","Zona_Kadas":1481,"Numri_i_pa":"191/2/1","Emri_I_Sis":"Agjencia Shteterore e Kadastres","Fillimi_i_":"10.08.2016","Përfundim":"13.05.2022","Shape_Leng":17.3852354535,"Shape_Area":18.2368417235}},
{"type":"Feature","geometry":{"type":"Polygon","coordinates":[[[19.641810660184348,40.150312763698004],[19.641752390841546,40.15026838501463],[19.64184493716506,40.15019562686143],[19.64189624597316,40.150234383182465],[19.64190423360922,40.15024041664392],[19.641810660184348,40.150312763698004]]]},"properties":{"OBJECTID":28602,"id":2632650,"cze_id":1481,"Tipi":"Ndertese","upn":"1481-257-N","label":"257","legal_area":0,"active":2,"descriptio":"","registrati":"2016-08-10 00:00:00","su_last_mo":"2022-05-13 11:49:24","volume":5,"page":103,"property_n":"257","pronari":"PRIVAT","Lloji_pasu":"TRUALL","id_bau":15412044,"id_sut":2632650,"InspireId":"ASHK_N_2632650","Zona_Kadas":1481,"Numri_i_pa":"257","Emri_I_Sis":"Agjencia Shteterore e Kadastres","Fillimi_i_":"10.08.2016","Përfundim":"13.05.2022","Shape_Leng":36.6927454379,"Shape_Area":79.6062005861}},
{"type":"Feature","geometry":{"type":"Polygon","coordinates":[[[19.640199020347755,40.14998951280921],[19.640071976844172,40.14996771808841],[19.64008393191923,40.14992668097999],[19.640112214991895,40.14993153212457],[19.640130649809855,40.14986842899462],[19.640205084383012,40.14988119835985],[19.640189979886458,40.14993304452472],[19.640214257532943,40.14993720955444],[19.640199020347755,40.14998951280921]]]},"properties":{"OBJECTID":28603,"id":2632993,"cze_id":1481,"Tipi":"Ndertese","upn":"1481-272-N","label":"272","legal_area":0,"active":2,"descriptio":"","registrati":"2016-08-10 00:00:00","su_last_mo":"2022-05-13 16:08:03","volume":3,"page":150,"property_n":"272","pronari":"PRIVAT","Lloji_pasu":"TRUALL","id_bau":15481835,"id_sut":2632993,"InspireId":"ASHK_N_2632993","Zona_Kadas":1481,"Numri_i_pa":"272","Emri_I_Sis":"Agjencia Shteterore e Kadastres","Fillimi_i_":"10.08.2016","Përfundim":"13.05.2022","Shape_Leng":45.8804704018,"Shape_Area":101.193021941}},
{"type":"Feature","geometry":{"type":"Polygon","coordinates":[[[19.641973765574896,40.14937698856299],[19.64191894728193,40.14936211506794],[19.641957522982725,40.14926656339002],[19.642017005666744,40.14928333983176],[19.641973765574896,40.14937698856299]]]},"properties":{"OBJECTID":28608,"id":2632850,"cze_id":1481,"Tipi":"Ndertese","upn":"1481-296-N","label":"296","legal_area":0,"active":2,"descriptio":"","registrati":"2016-08-10 00:00:00","su_last_mo":"2022-05-13 11:07:44","volume":103,"page":187,"property_n":"app_296","pronari":"PRIVAT","Lloji_pasu":"TRUALL","id_bau":15481882,"id_sut":2632850,"InspireId":"ASHK_N_2632850","Zona_Kadas":1481,"Numri_i_pa":"app_296","Emri_I_Sis":"Agjencia Shteterore e Kadastres","Fillimi_i_":"10.08.2016","Përfundim":"13.05.2022","Shape_Leng":32.4937926646,"Shape_Area":57.2778684805}},
{"type":"Feature","geometry":{"type":"Polygon","coordinates":[[[19.642128250755473,40.14901016889793],[19.642061263801644,40.14898029900078],[19.642091897177007,40.14894001376887],[19.642046750233963,40.14891988193963],[19.64210303057624,40.148845522767445],[19.64221361295309,40.148894838779704],[19.642128250755473,40.14901016889793]]]},"properties":{"OBJECTID":28609,"id":2632832,"cze_id":1481,"Tipi":"Ndertese","upn":"1481-311-N","label":"311","legal_area":0,"active":2,"descriptio":"","registrati":"2016-08-10 00:00:00","su_last_mo":"2022-05-13 11:07:45","volume":103,"page":211,"property_n":"app_311","pronari":"PRIVAT","Lloji_pasu":"TRUALL","id_bau":15481986,"id_sut":2632832,"InspireId":"ASHK_N_2632832","Zona_Kadas":1481,"Numri_i_pa":"app_311","Emri_I_Sis":"Agjencia Shteterore e Kadastres","Fillimi_i_":"10.08.2016","Përfundim":"13.05.2022","Shape_Leng":51.4041768109,"Shape_Area":138.530974292}},
{"type":"Feature","geometry":{"type":"Polygon","coordinates":[[[19.640153138725164,40.14902175541077],[19.640079190073035,40.148992257193925],[19.64011653375918,40.148937130846214],[19.640090494885794,40.14892674442433],[19.640115416679222,40.14888995427926],[19.64021540411765,40.14892983977336],[19.640153138725164,40.14902175541077]]]},"properties":{"OBJECTID":33769,"id":2632986,"cze_id":1481,"Tipi":"Ndertese","upn":"1481-309-N","label":"309","legal_area":0,"active":2,"descriptio":"","registrati":"2016-08-10 00:00:00","su_last_mo":"2022-05-13 16:08:03","volume":103,"page":207,"property_n":"app_309","pronari":"PRIVAT","Lloji_pasu":"TRUALL","id_bau":15481973,"id_sut":2632986,"InspireId":"ASHK_N_2632986","Zona_Kadas":1481,"Numri_i_pa":"app_309","Emri_I_Sis":"Agjencia Shteterore e Kadastres","Fillimi_i_":"10.08.2016","Përfundim":"13.05.2022","Shape_Leng":42.2101417719,"Shape_Area":93.2013657967}}
]}