{"type":"FeatureCollection", "features": [
{"type":"Feature","geometry":{"type":"Polygon","coordinates":[[[20.045797175532936,41.05817350865273],[20.045921282192683,41.05825649145577],[20.04585213305069,41.05831574405159],[20.04572802636634,41.05823276117495],[20.045797175532936,41.05817350865273]]]},"properties":{"Zk_Numer":3376,"Zk_Emer":"SHIRGJAN","Nr_Pas":"321/14-ND","Vol":1,"Faqe":2,"Pronaret":"MISIR SHIMA RIZA","Kufizimet":"KUFIZOHET PASURIA DERI NE MIRATIMIN E VKM PER KALIMIN E PARCELES NDERTIMORE KJO NDERTESE NDODHET MBI PASURINE ME NR.321/14","Siperfaqe":122.2}},
{"type":"Feature","geometry":{"type":"Polygon","coordinates":[[[20.051958215273157,41.054278694598864],[20.051947508220334,41.05425425368023],[20.05194043033317,41.05423809702347],[20.05192349419313,41.05424234843371],[20.05191581859821,41.054224827372806],[20.051932754734253,41.0542205759637],[20.05192021169114,41.05419194398672],[20.05205513611161,41.05415807435302],[20.05208258769134,41.05422073768772],[20.052093139851284,41.0542448249211],[20.051958215273157,41.054278694598864]]]},"properties":{"Zk_Numer":3376,"Zk_Emer":"SHIRGJAN","Nr_Pas":"302/20-ND","Vol":1,"Faqe":6,"Pronaret":"AGIM BOÇI REXHEP","Kufizimet":"FSHIHET KUFIZIMI PAS MIRATIMIT TE VKM NR.395 DT.03.05.2017 PER KALIMIN E PARCELES NDERTIMORE KJO NDERTESE NDODHET MBI PASURINE NR.302/20","Siperfaqe":124.4}},
{"type":"Feature","geometry":{"type":"Polygon","coordinates":[[[20.05335154258457,41.0544327126054],[20.053329842460567,41.05443771573991],[20.053329943897026,41.05443870267598],[20.05333000005713,41.0544396916813],[20.053330010873317,41.054440681565985],[20.05332997633257,41.05444167113917],[20.05332989647644,41.05444265921035],[20.053329771401003,41.05444364459078],[20.053329601256724,41.05444462609503],[20.053329386248297,41.054445602542245],[20.053329126634395,41.054446572757726],[20.053328822727337,41.05444753557422],[20.053328474892744,41.05444848983342],[20.05332808354909,41.05444943438729],[20.053327649167173,41.05445036809944],[20.053327172269586,41.054451289846604],[20.053326653430062,41.05445219851983],[20.053326093272798,41.054453093025934],[20.05332549247169,41.05445397228878],[20.05332485174955,41.05445483525054],[20.0533241718772,41.05445568087304],[20.05332345367257,41.05445650813891],[20.053322697999697,41.054457316052925],[20.053321905767707,41.05445810364311],[20.053321077929706,41.05445886996192],[20.053320215481637,41.05445961408745],[20.053319319461067,41.05446033512446],[20.053318390945975,41.0544610322055],[20.053317431053422,41.05446170449195],[20.053316440938215,41.054462351174976],[20.053315421791524,41.054462971476596],[20.053314374839452,41.05446356465055],[20.053313301341543,41.0544641299832],[20.05331220258929,41.05446466679443],[20.05331107990455,41.054465174438405],[20.053309934637994,41.05446565230441],[20.053308768167447,41.054466099817546],[20.05330758189625,41.054466516439405],[20.053306377251555,41.054466901668775],[20.053305155682633,41.05446725504221],[20.053303918659108,41.05446757613456],[20.053302667669193,41.05446786455956],[20.05330140421792,41.054468119970196],[20.05330012982529,41.05446834205919],[20.053298846024486,41.054468530559355],[20.053297554359997,41.05446868524392],[20.053296256385785,41.05446880592678],[20.05329495366339,41.05446889246276],[20.053293647760075,41.05446894474775],[20.053292340246923,41.05446896271883],[20.053291032696954,41.054468946354405],[20.053289726683243,41.05446889567414],[20.053288423776994,41.05446881073902],[20.053287125545697,41.05446869165121],[20.053285833551207,41.05446853855401],[20.053284549347875,41.05446835163159],[20.053283274480673,41.05446813110882],[20.05328201048336,41.05446787725102],[20.053280758876596,41.054467590363586],[20.05327952116615,41.05446727079166],[20.05327829884106,41.05446691891972],[20.053277093371864,41.05446653517109],[20.05327590620882,41.054466120007426],[20.05327473878016,41.0544656739282],[20.053273592490374,41.05446519747011],[20.053272468718525,41.054464691206306],[20.053271368816574,41.0544641557459],[20.05327029410778,41.054463591733075],[20.053269245885083,41.05446299984636],[20.053268225409557,41.054462380797865],[20.053267233908905,41.054461735332296],[20.05326627257596,41.05446106422624],[20.05326534256727,41.054460368287046],[20.05326444500169,41.05445964835197],[20.053263580959047,41.05445890528718],[20.05326275147884,41.05445813998658],[20.053261957558984,41.054457353370914],[20.053261200154616,41.05445654638652],[20.053260480176935,41.05445572000423],[20.053259798492128,41.05445487521826],[20.053259155920294,41.054454013044946],[20.053237749428284,41.05445894845997],[20.053199624901627,41.05436419590714],[20.053313417909866,41.05433796008988],[20.05335154258457,41.0544327126054]]]},"properties":{"Zk_Numer":3376,"Zk_Emer":"SHIRGJAN","Nr_Pas":"1/43-ND","Vol":1,"Faqe":8,"Pronaret":"NDRIÇIM BOÇI HATEM","Kufizimet":"KUFIZOHET PASURIA DERI NE MIRATIMIN E VKM PER KALIMIN E PARCELES NDERTIMORE KJO ND NODHET MBI PAS ME NR.1/43","Siperfaqe":121.8}},
{"type":"Feature","geometry":{"type":"Polygon","coordinates":[[[20.051046372389482,41.05303498530135],[20.051063810663756,41.05299053039535],[20.051201217417116,41.053021417239016],[20.0511690498641,41.05310342147005],[20.051066422285064,41.05308035244545],[20.051081151701425,41.05304280315385],[20.051046372389482,41.05303498530135]]]},"properties":{"Zk_Numer":3376,"Zk_Emer":"SHIRGJAN","Nr_Pas":"306/20-ND","Vol":1,"Faqe":9,"Pronaret":"SAMI BOÇI REXHEP","Kufizimet":"KUFIZOHET PASURIA DERI NE MIRATIMIN E VKM PER KALIMIN E PARCELES NDERTIMORE KJO NDERTESE NDODHET MBI PASURINE ME NR.306/20","Siperfaqe":101.2}},
{"type":"Feature","geometry":{"type":"Polygon","coordinates":[[[20.05551142955948,41.05523705380395],[20.055480262412676,41.0551486619609],[20.05552577550392,41.055139466454214],[20.055519640237517,41.05512206648635],[20.055575956909983,41.05511068818597],[20.055580558369815,41.05512373815967],[20.055633427074753,41.05511305646278],[20.055639255605442,41.05512958642652],[20.05568465372939,41.05512041407819],[20.055715330310395,41.05520741386963],[20.05561384524872,41.05522791813391],[20.05561004136367,41.05521713015697],[20.05551142955948,41.05523705380395]]]},"properties":{"Zk_Numer":3376,"Zk_Emer":"SHIRGJAN","Nr_Pas":"1/19-ND","Vol":1,"Faqe":11,"Pronaret":"ALKETA PAESHTI ISA, ASTRIT PAESHTI SELIM, SHKELZEN PAESHTI SELIM, DHURATA PAESHTI SAMI","Kufizimet":"ME MIRATIMIN E VKM  NR 712 DT.01.12.2017 PER KALIMIN E PARCELES NDERTIMORE FSHIHET KUFIZIMI KJO NDERTESE NDODHET MBI PASURINE NR.1/19","Siperfaqe":194.4}},
{"type":"Feature","geometry":{"type":"Polygon","coordinates":[[[20.050121652643497,41.053406408244754],[20.050177864323153,41.053445273160825],[20.05015829035353,41.05346149593991],[20.05020221730745,41.05349186711647],[20.05013876228829,41.0535444581756],[20.050115914729115,41.05352866132653],[20.05010668927499,41.05353630730383],[20.050023601356646,41.0534788600396],[20.050032826812377,41.05347121406888],[20.050096281845637,41.053418623067365],[20.050102078671568,41.053422631014385],[20.050121652643497,41.053406408244754]]]},"properties":{"Zk_Numer":3376,"Zk_Emer":"SHIRGJAN","Nr_Pas":"306/1-ND","Vol":1,"Faqe":12,"Pronaret":"HYSEN ÇEKREZI SHAQIR, SHPRESA ÇEKREZI ALUSH","Kufizimet":"KUFIZOHET PASURIA DERI NE MIRATIMIN E VKM PER KALIMIN E PARCELES NDERTIMORE KJO NDERTESE NDODHET MBI PASURINE ME NR.306/1","Siperfaqe":121.9}},
{"type":"Feature","geometry":{"type":"Polygon","coordinates":[[[20.051955109242865,41.05272090465012],[20.051955704199802,41.05272311027459],[20.05200790672195,41.05272602985523],[20.051996315253305,41.052782965828094],[20.05200172326718,41.05280280815141],[20.051853771222486,41.05282591550701],[20.051830456880428,41.05274037301446],[20.051955109242865,41.05272090465012]]]},"properties":{"Zk_Numer":3376,"Zk_Emer":"SHIRGJAN","Nr_Pas":"50/6-ND","Vol":1,"Faqe":14,"Pronaret":"EDUART BODURRI SABRI, KLODJANA BODURRI MEHMET","Kufizimet":"KUFIZOHET PASURIA DERI NE MIRATIMIN E VKM PER KALIMIN E PARCELES NDERTIMORE KJO NDERTESE NDODHET MBI PASURINE ME NR.50/6","Siperfaqe":129.5}},
{"type":"Feature","geometry":{"type":"Polygon","coordinates":[[[20.052156612085273,41.055321191998274],[20.052156579024526,41.05532109321975],[20.052209507476892,41.055310942607086],[20.052190809979603,41.055255078527395],[20.05245026273642,41.055205320312176],[20.052486781716294,41.05531442975797],[20.052174400066193,41.055374338675485],[20.052156612085273,41.055321191998274]]]},"properties":{"Zk_Numer":3376,"Zk_Emer":"SHIRGJAN","Nr_Pas":"302/7-ND","Vol":1,"Faqe":18,"Pronaret":"FATMIR MURATI SULO, PRANVERA MURATI BAJRAM","Kufizimet":"KUFIZOHET PASURIA DERI NE MIRATIMIN E VKM PER KALIMIN E PARCELES NDERTIMORE KJO NDERTESE NDODHET MBI PASURINE ME NR.302/7","Siperfaqe":309.2}},
{"type":"Feature","geometry":{"type":"Polygon","coordinates":[[[20.055292841287535,41.0553193478659],[20.055328193059307,41.05544161693754],[20.055275551990118,41.05545033801497],[20.055272245712423,41.05543890277713],[20.055187415718052,41.055452956557474],[20.05515537045225,41.05534212268423],[20.055292841287535,41.0553193478659]]]},"properties":{"Zk_Numer":3376,"Zk_Emer":"SHIRGJAN","Nr_Pas":"1/16-ND1","Vol":1,"Faqe":19,"Pronaret":"MERITA KUQJA SABRI, NDRIÇIM KUQJA ASLLAN","Kufizimet":"KUFIZOHET PASURIA DERI NE MIRATIMIN E VKM PER KALIMIN E PARCELES NDERTIMORE KJO PASURI NDODHET MBI PASURINE ME NR.1/16","Siperfaqe":154.9}},
{"type":"Feature","geometry":{"type":"Polygon","coordinates":[[[20.05536288823887,41.05542003365107],[20.05533861165761,41.05533418408609],[20.055467100206908,41.05531336031739],[20.055491421661102,41.05539920260888],[20.05536288823887,41.05542003365107]]]},"properties":{"Zk_Numer":3376,"Zk_Emer":"SHIRGJAN","Nr_Pas":"1/16-ND2","Vol":1,"Faqe":20,"Pronaret":"TAULANT KUQJA ASLLAN","Kufizimet":"KUFIZOHET PASURIA DERI NE MIRATIMIN E VKM PER KALIMIN E PARCELES NDERTIMORE KJO PASURI NDODHET MBI PASURINE ME NR.1/16","Siperfaqe":107.7}},
{"type":"Feature","geometry":{"type":"Polygon","coordinates":[[[20.056354875812332,41.05230437446855],[20.056393476882164,41.0522052182677],[20.056493883876016,41.05222761762214],[20.056455282943915,41.052326773856144],[20.056354875812332,41.05230437446855]]]},"properties":{"Zk_Numer":3376,"Zk_Emer":"SHIRGJAN","Nr_Pas":"34/7-ND","Vol":1,"Faqe":24,"Pronaret":"RAMIZ KRYEMADHI ZALO, ERVISA KRYEMADHI GEZIM","Kufizimet":"KUFIZOHET PASURIA DERI NE MIRATIMIN E VKM PER KALIMIN E PARCELES NDERTIMORE KJO NDERTESE NDODHET MBI PASURINE ME NR.34/7","Siperfaqe":101}},
{"type":"Feature","geometry":{"type":"Polygon","coordinates":[[[20.055262535683212,41.05311950109371],[20.05524866850277,41.05313941511049],[20.05522867532964,41.05313143713592],[20.05520593312848,41.05316409611579],[20.05519751494876,41.053160736965914],[20.055191968066275,41.05316870256967],[20.05516250444141,41.053156945538866],[20.05516805132646,41.05314897993652],[20.05515121497557,41.05314226163062],[20.05514566808905,41.05315022723215],[20.055116204480655,41.05313847018947],[20.055121751369743,41.05313050458933],[20.055112807062912,41.05312693548601],[20.055133885232188,41.05309666620458],[20.055119679575082,41.05309099762986],[20.05516100383384,41.05303165390045],[20.055175209481714,41.05303732247015],[20.055222035523453,41.05305600774298],[20.055214547247644,41.05306676130973],[20.05526084718557,41.053085236619864],[20.05524254251444,41.05311152312152],[20.055262535683212,41.05311950109371]]]},"properties":{"Zk_Numer":3376,"Zk_Emer":"SHIRGJAN","Nr_Pas":"32/11-ND","Vol":1,"Faqe":25,"Pronaret":"JONI MADHI SHYQYRI","Kufizimet":"ME MIRATIMIN E VKM NR.293 DT.21.05.2018 FSHIHET KUFIZIMI KJO NDERTESE NDODHET MBI PAS 32/1","Siperfaqe":114}},
{"type":"Feature","geometry":{"type":"Polygon","coordinates":[[[20.047177471347666,41.05709530826189],[20.047278431812842,41.057156320670266],[20.047211039501246,41.05722021636145],[20.047110079000536,41.05715920389474],[20.047177471347666,41.05709530826189]]]},"properties":{"Zk_Numer":3376,"Zk_Emer":"SHIRGJAN","Nr_Pas":"317/3-ND1","Vol":1,"Faqe":26,"Pronaret":"GAZMIR KUMURIJA SELIM, FLORA KUMURIJA SULEJMAN","Kufizimet":"KUFIZOHET PASURIA DERI NE MIRATIMIN E VKM PER KALIMIN E PARCELES NDERTIMORE KJO NDERTESE NDODHET MBI PASURINE ME NR.317/3","Siperfaqe":98.6}},
{"type":"Feature","geometry":{"type":"Polygon","coordinates":[[[20.047305736472467,41.05721023060069],[20.047376523213273,41.05714883177621],[20.047466600250903,41.05720833393561],[20.047395813530173,41.05726973281478],[20.047305736472467,41.05721023060069]]]},"properties":{"Zk_Numer":3376,"Zk_Emer":"SHIRGJAN","Nr_Pas":"317/3-ND2","Vol":1,"Faqe":27,"Pronaret":"LULJETA KUMURIJA RYZHDI, ARDJAN KUMURIJA SELIM","Kufizimet":"KUFIZOHET PASURIA DERI NE MIRATIMIN E VKM PER KALIMIN E PARCELES NDERTIMORE KJO NDERTESE NDODHET MBI PASURINE ME NR.319/22","Siperfaqe":91}},
{"type":"Feature","geometry":{"type":"Polygon","coordinates":[[[20.056728988853774,41.05340119698083],[20.056848982999608,41.05345110599966],[20.056792274222623,41.05352923437024],[20.056672279977555,41.0534793252931],[20.056728988853774,41.05340119698083]]]},"properties":{"Zk_Numer":3376,"Zk_Emer":"SHIRGJAN","Nr_Pas":"32/23-ND","Vol":1,"Faqe":28,"Pronaret":"RESMIJE TAFA IBRAHIM, MUSA TAFA RIZA","Kufizimet":"KUFIZOHET PASURIA DERI NE MIRATIMIN E VKM PER KALIMIN E PARCELES NDERTIMORE KJO NDERTESE NDODHET MBI PASURINE ME NR.32/23","Siperfaqe":113.9}},
{"type":"Feature","geometry":{"type":"Polygon","coordinates":[[[20.049213000375538,41.05647728262636],[20.049291898075797,41.056403173488256],[20.04939156261321,41.05646396875694],[20.049312664952296,41.05653807796248],[20.049213000375538,41.05647728262636]]]},"properties":{"Zk_Numer":3376,"Zk_Emer":"SHIRGJAN","Nr_Pas":"314/5-ND1","Vol":1,"Faqe":29,"Pronaret":"LILJANA XHARDJA ALUSH, RIAD XHARDJA KASEM","Kufizimet":"KUFIZOHET PASURIA DERI NE MIRATIMIN E VKM PER KALIMIN E PARCELES NDERTIMORE KJO NDERTESE NDODHET MBI PASURINE ME NR.314/5","Siperfaqe":114.5}},
{"type":"Feature","geometry":{"type":"Polygon","coordinates":[[[20.049343483353645,41.05660066329859],[20.049374438837635,41.05657271877564],[20.049365779244496,41.0565672224324],[20.049414314335035,41.05652340816699],[20.049407477816505,41.05651906895102],[20.049441872724525,41.05648801946106],[20.049537584052267,41.05654876841918],[20.04950318915766,41.05657981793737],[20.04949680839611,41.05657576800745],[20.049448273321893,41.05661958230718],[20.04943624102842,41.056611945290484],[20.04940528555223,41.05663988982983],[20.049343483353645,41.05660066329859]]]},"properties":{"Zk_Numer":3376,"Zk_Emer":"SHIRGJAN","Nr_Pas":"314/5-ND2","Vol":1,"Faqe":31,"Pronaret":"AISHE XHARDJA IBRAHIM, KASEM XHARDJA QAMIL","Kufizimet":"KUFIZOHET PASURIA DERI NE MIRATIMIN E VKM PER KALIMIN E PARCELES NDERTIMORE KJO NDERTESE NDODHET MBI PASURINE ME NR.314/5","Siperfaqe":132.5}},
{"type":"Feature","geometry":{"type":"Polygon","coordinates":[[[20.04782069259126,41.05707106656837],[20.047730414459505,41.05701270543013],[20.047801798337265,41.056949436766736],[20.047892076445496,41.05700779784972],[20.04782069259126,41.05707106656837]]]},"properties":{"Zk_Numer":3376,"Zk_Emer":"SHIRGJAN","Nr_Pas":"314/7-ND","Vol":1,"Faqe":30,"Pronaret":"FLUTUR ROÇI AQIF, VATHI IDRIZI DEMIR","Kufizimet":"VENIE HIPOTEKE SIPAS KONTRATES SE HIPOTEKIMIT NR.1922/868 REP/KOL DT.24.05.2023 NE FAVOR TE SHOQERISE ''NOA'' SH.A, VIHET HIPOTEKE SIPAS KONTRATES SE HIPOTEKIMIT NR.1038 REP 485 KOL DT.28.05.2024 NE FAVOR TE SHOQERIA ''NOA'' SH.A, FSHIHET KUFIZIMI PAS MI","Siperfaqe":92.1}},
{"type":"Feature","geometry":{"type":"Polygon","coordinates":[[[20.044923765180496,41.05778555814034],[20.044819532904047,41.057717795833895],[20.044903241405056,41.057644021731214],[20.045007473650816,41.05771178396282],[20.044923765180496,41.05778555814034]]]},"properties":{"Zk_Numer":3376,"Zk_Emer":"SHIRGJAN","Nr_Pas":"321/18-ND","Vol":1,"Faqe":33,"Pronaret":"PËRPARIM BALLOLLI XHAFERR","Kufizimet":"FSHIHET KUFIZIMI PAS MIRATIMIT TE VKM PER KALIMIN E PARCELES NDERTIMORE KJO NDERTESE NDODHET MBI PASURINE ME NR.321/18","Siperfaqe":124.6}},
{"type":"Feature","geometry":{"type":"Polygon","coordinates":[[[20.059831509436933,41.0548300744784],[20.059799462330858,41.05474335827611],[20.059925474588226,41.05471667359316],[20.059957521846748,41.05480338976072],[20.059831509436933,41.0548300744784]]]},"properties":{"Zk_Numer":3376,"Zk_Emer":"SHIRGJAN","Nr_Pas":"5/6-ND","Vol":1,"Faqe":36,"Pronaret":"KLEVIST LLESHI AGIM, ARMAND LLESHI AGIM","Kufizimet":"ME RREGULLIMIN E MARREDHENIVE ME TRUALLIN FSHIHET HIPOTEKA KJO ND NDODHET MBI PAS ME NR.5/6","Siperfaqe":110}},
{"type":"Feature","geometry":{"type":"Polygon","coordinates":[[[20.054186846944017,41.05555948239471],[20.05415300388453,41.05547739348829],[20.05427961758101,41.05544748346896],[20.05431346078248,41.05552957233856],[20.054186846944017,41.05555948239471]]]},"properties":{"Zk_Numer":3376,"Zk_Emer":"SHIRGJAN","Nr_Pas":"1/8-ND1","Vol":1,"Faqe":37,"Pronaret":"QANI BODURRI SEFER","Kufizimet":"KUFIZOHET PASURIA DERI NE MIRATIMIN E VKM PER KALIMIN E PARCELES NDERTIMORE KJO NDERTESE NDODHET MBI PASURINE ME NR.1/8","Siperfaqe":106.4}},
{"type":"Feature","geometry":{"type":"Polygon","coordinates":[[[20.05393767682907,41.054678904440664],[20.053817036623446,41.054706667156346],[20.053786623345502,41.05463093932415],[20.053804833175427,41.0546267487384],[20.053796840614115,41.054606847567214],[20.053899270836325,41.05458327547586],[20.05393767682907,41.054678904440664]]]},"properties":{"Zk_Numer":3376,"Zk_Emer":"SHIRGJAN","Nr_Pas":"1/8-ND2","Vol":1,"Faqe":132,"Pronaret":"BLEDAR BODURRI SEFER","Kufizimet":"KUFIZOHET PASURIA DERI NE MIRATIMIN E VKM PER KALIMIN E PARCELES NDERTIMORE KJO NDERTESE NDODHET MBI PASURINE ME NR.1/8","Siperfaqe":114}},
{"type":"Feature","geometry":{"type":"Polygon","coordinates":[[[20.057326408313525,41.05305286216173],[20.0574447252845,41.05306215226271],[20.0574351528704,41.05313201295389],[20.057316835775584,41.05312272284328],[20.057326408313525,41.05305286216173]]]},"properties":{"Zk_Numer":3376,"Zk_Emer":"SHIRGJAN","Nr_Pas":"28/7-ND","Vol":1,"Faqe":38,"Pronaret":"LEONDARD MUÇA MURAT","Kufizimet":"FSHIHET KUFIZIMI ME MIRATIMIN E VKM PER KALIMIN E PARCELES NDERTIMORE KJO NDERTESE NDODHET MBI PASURINE ME NR.28/7","Siperfaqe":78}},
{"type":"Feature","geometry":{"type":"Polygon","coordinates":[[[20.049364582582257,41.05764833715816],[20.049301039885187,41.05771130990674],[20.04922691681762,41.05766845624478],[20.049218251890977,41.05767704342949],[20.049199060562877,41.05766594809808],[20.049207725490568,41.05765736091479],[20.04919704741483,41.057651187457815],[20.049260590153324,41.0575882147659],[20.049274060951532,41.057596002811806],[20.049282725860287,41.05758741562278],[20.049301917179605,41.05759851094042],[20.049293252271877,41.05760709813086],[20.049364582582257,41.05764833715816]]]},"properties":{"Zk_Numer":3376,"Zk_Emer":"SHIRGJAN","Nr_Pas":"314/2-ND1","Vol":1,"Faqe":39,"Pronaret":"ARTAN PAESHTI DEMIR","Kufizimet":"KUFIZOHET PASURIA DERI NE MIRATIMIN E VKM PER KALIMIN E PARCELES NDERTIMORE KJO NDERTESE NDODHET MBI PASURINE ME NR.314/2","Siperfaqe":101.6}},
{"type":"Feature","geometry":{"type":"Polygon","coordinates":[[[20.056123936112073,41.05514765730284],[20.05624549884964,41.05513126803501],[20.05627111333115,41.05524013065303],[20.056149550399592,41.0552565199477],[20.056123936112073,41.05514765730284]]]},"properties":{"Zk_Numer":3376,"Zk_Emer":"SHIRGJAN","Nr_Pas":"1/24-ND1","Vol":1,"Faqe":40,"Pronaret":"BASHKIM DERVISHI VENEMIN","Kufizimet":"KUFIZOHET PASURIA DERI NE MIRATIMIN E VKM PER KALIMIN E PARCELES NDERTIMORE KJO NDERTESE NDODHET MBI PAS ME NR.1/24","Siperfaqe":127.5}},
{"type":"Feature","geometry":{"type":"Polygon","coordinates":[[[20.05599272307728,41.05278320242456],[20.055879477644975,41.05275477839099],[20.05592492518803,41.052651018018146],[20.056038170461875,41.052679442007666],[20.05599272307728,41.05278320242456]]]},"properties":{"Zk_Numer":3376,"Zk_Emer":"SHIRGJAN","Nr_Pas":"33/5-ND","Vol":1,"Faqe":41,"Pronaret":"LIRIJE DUZHA XHEMALI, QANI DUZHA NEBI","Kufizimet":"KUFIZOHET PASURIA DERI NE MIRATIMIN E VKM PER KALIMIN E PARCELES NDERTIMORE  KJO NDERTESE NDODHET MBI PASURINE ME NR.33/5","Siperfaqe":121.8}},
{"type":"Feature","geometry":{"type":"Polygon","coordinates":[[[20.047354852411956,41.05873451265352],[20.047279901681677,41.05880385790656],[20.04723386432943,41.058775349275095],[20.047243280260982,41.05876663756632],[20.04722670682463,41.05875637445578],[20.047184352510694,41.05873014649572],[20.04724988734343,41.05866951301417],[20.047354852411956,41.05873451265352]]]},"properties":{"Zk_Numer":3376,"Zk_Emer":"SHIRGJAN","Nr_Pas":"319/2-ND1","Vol":1,"Faqe":42,"Pronaret":"DALIP TASHI HAJDAR","Kufizimet":"KUFIZOHET PASURIA DERI NE MIRATIMIN E VKM PER KALIMIN E PARCELES NDERTIMORE KJO NDERTESE NDODHET MBI PASURINE ME NR.319/2","Siperfaqe":105.4}},
{"type":"Feature","geometry":{"type":"Polygon","coordinates":[[[20.048197440882685,41.055895830170186],[20.04827725829536,41.05582310551845],[20.04837241807788,41.05588294856992],[20.0482926006978,41.05595567328679],[20.048197440882685,41.055895830170186]]]},"properties":{"Zk_Numer":3376,"Zk_Emer":"SHIRGJAN","Nr_Pas":"314/10-ND","Vol":1,"Faqe":44,"Pronaret":"SOKOL XHARDJA HAXHI, PRANVERA XHARDJA EMIN","Kufizimet":"KUFIZOHET PASURIA DERI NE MIRATIMIN E VKM PER KALIMIN E PARCELES NDERTIMORE KJO NDERTESE NDODHET MBI PASURINE ME NR.314/10","Siperfaqe":109.2}},
{"type":"Feature","geometry":{"type":"Polygon","coordinates":[[[20.052790024350312,41.05462788233266],[20.05269252140314,41.054648147346185],[20.052654254612175,41.05454264651388],[20.052751757415386,41.05452238153245],[20.052790024350312,41.05462788233266]]]},"properties":{"Zk_Numer":3376,"Zk_Emer":"SHIRGJAN","Nr_Pas":"1/57-ND","Vol":1,"Faqe":51,"Pronaret":"ARTAN KUQJA EMIN","Kufizimet":"ME MIRATIMIN E VKM PER KALIMIN E PARCELES NDERTIMORE FSHIHET KUFIZIMI KJO NDERTESE NDODHET MBI PASURINE ME NR.1/57","Siperfaqe":103.3}},
{"type":"Feature","geometry":{"type":"Polygon","coordinates":[[[20.051310530415474,41.05622556440892],[20.05123019342214,41.056299132890565],[20.05112200079208,41.05623143702082],[20.05120233782375,41.05615786861372],[20.051310530415474,41.05622556440892]]]},"properties":{"Zk_Numer":3376,"Zk_Emer":"SHIRGJAN","Nr_Pas":"310/25-ND","Vol":1,"Faqe":53,"Pronaret":"LUAN DUZHA SABRI","Kufizimet":"KUFIZOHET PASURIA DERI NE MIRATIMIN E VKM PER KALIMIN E PARCELES NDERTIMORE KJO NDERTESE NDODHET MBI PASURINE ME NR.310/25","Siperfaqe":125.1}},
{"type":"Feature","geometry":{"type":"Polygon","coordinates":[[[20.05214494765081,41.05494875259546],[20.052114188546238,41.054955749413054],[20.05209837243665,41.05491590838466],[20.052104686557872,41.05491447210333],[20.05212913152435,41.05490891157127],[20.052118724386624,41.05488269583105],[20.052252355410303,41.054852298480505],[20.052284638254267,41.054933618976236],[20.052325422509416,41.05492434165229],[20.05233569279845,41.05495021242991],[20.05229490852879,41.054959489757444],[20.052288986002832,41.05494457094036],[20.052155354809386,41.05497496833299],[20.05214494765081,41.05494875259546]]]},"properties":{"Zk_Numer":3376,"Zk_Emer":"SHIRGJAN","Nr_Pas":"302/10-ND","Vol":1,"Faqe":59,"Pronaret":"DEMIR MURATI SULO","Kufizimet":"KUFIZOHET PASURIA DERI NE MIRATIMIN E VKM PER KALIMIN E PARCELES NDERTIMORE KJO NDERTESE NDODHET MBI PASURINE ME NR.302/10","Siperfaqe":148.7}},
{"type":"Feature","geometry":{"type":"Polygon","coordinates":[[[20.047968798362138,41.056037850476805],[20.047890269060627,41.05598821881435],[20.047947449807065,41.055936378687726],[20.048025979089672,41.055986010311834],[20.047968798362138,41.056037850476805]]]},"properties":{"Zk_Numer":3376,"Zk_Emer":"SHIRGJAN","Nr_Pas":"314/11-ND1","Vol":1,"Faqe":61,"Pronaret":"PETRIT TOROMANI RAMAZAN","Kufizimet":"KUFIZOHET PASURIA DERI NE MIRATIMIN E VKM PER KALIMIN E PARCELES NDERTIMORE KJO NDERTESE NDODHET MBI PASURINE ME NR.314/11","Siperfaqe":64.5}},
{"type":"Feature","geometry":{"type":"Polygon","coordinates":[[[20.047659436900414,41.056000436339716],[20.047641367800775,41.0560159877969],[20.04763064883499,41.05600885168613],[20.047572513411335,41.05605888678445],[20.04750998614629,41.05601725942032],[20.047500558770242,41.056025373212194],[20.047485373588767,41.056015263703074],[20.047571005506693,41.05594156340939],[20.047659436900414,41.056000436339716]]]},"properties":{"Zk_Numer":3376,"Zk_Emer":"SHIRGJAN","Nr_Pas":"314/12-ND1","Vol":1,"Faqe":63,"Pronaret":"ARDJAN TOROMANI RAMAZAN","Kufizimet":"KUFIZOHET PASURIA DERI NE MIRATIMIN E VKM PER KALIMIN E PARCELES NDERTIMORE KJO NDERTESE NDODHET MBI PASURINE ME NR.314/12","Siperfaqe":89.2}},
{"type":"Feature","geometry":{"type":"Polygon","coordinates":[[[20.048806598994435,41.054843645822594],[20.048714305998143,41.054787552618585],[20.04881261223631,41.05469486982272],[20.04890490518642,41.05475096294892],[20.048806598994435,41.054843645822594]]]},"properties":{"Zk_Numer":3376,"Zk_Emer":"SHIRGJAN","Nr_Pas":"310/38-ND","Vol":1,"Faqe":70,"Pronaret":"AGRON GJYLA MEHEDI","Kufizimet":"KUFIZOHET PASURIA DERI NE MIRATIMIN E VKM PER KALIMIN E PARCELES NDERTIMORE KJO NDERTESE NDODHET MBI PASURINE NR.310/38","Siperfaqe":131.3}},
{"type":"Feature","geometry":{"type":"Polygon","coordinates":[[[20.051333610429126,41.05656877024361],[20.051309467178914,41.05658767397532],[20.05128517787137,41.05656989940398],[20.051309321122048,41.056550995677306],[20.051333610429126,41.05656877024361]]]},"properties":{"Zk_Numer":3376,"Zk_Emer":"SHIRGJAN","Nr_Pas":"310/3-ND","Vol":2,"Faqe":16,"Pronaret":"AGUSH GURABARDHI XHEMALI","Kufizimet":"KUFIZOHET PASURIA DERI NE MIRATIMIN E VKM PER KALIMIN E PARCELES NDERTIMORE KJO NDERTESE NDODHET MBI PASURINE ME NR.310/3","Siperfaqe":8.3}},
{"type":"Feature","geometry":{"type":"Polygon","coordinates":[[[20.049679501429395,41.0557809934542],[20.049760315385726,41.05570890225965],[20.04981700451444,41.055745314719225],[20.04979776311642,41.05576247930391],[20.04983631176248,41.05578723976669],[20.049774739230607,41.055842166436165],[20.049679501429395,41.0557809934542]]]},"properties":{"Zk_Numer":3376,"Zk_Emer":"SHIRGJAN","Nr_Pas":"310/11-ND","Vol":1,"Faqe":231,"Pronaret":"HYSNI ROÇI SELIM","Kufizimet":"ME MIRATIMIN E VKM PER KALIMIN E PARCELES NDERTIMORE FSHIHET KUFIZIMIN KJO NDERTESE NDODHET MBI PASURINE ME NR.310/11","Siperfaqe":99.6}},
{"type":"Feature","geometry":{"type":"Polygon","coordinates":[[[20.050673966211093,41.05583577824142],[20.05075750649025,41.05588588327015],[20.050691313946107,41.05594911987022],[20.050607773637076,41.05589901479407],[20.050673966211093,41.05583577824142]]]},"properties":{"Zk_Numer":3376,"Zk_Emer":"SHIRGJAN","Nr_Pas":"310/28-ND","Vol":1,"Faqe":205,"Pronaret":"AMARILDO KUQJA KAMER, KAMER KUQJA MUSA","Kufizimet":"KUFIZOHET PASURIA DERI NE MIRATIMIN E VKM PER KALIMIN E PARCELES NDERTIMORE KJO NDERTESE NDODHET MBI PASURINE ME NR.310/28","Siperfaqe":80.3}},
{"type":"Feature","geometry":{"type":"Polygon","coordinates":[[[20.05069922687002,41.056363177650056],[20.050783340158393,41.05628764279937],[20.05088212778095,41.05635233568912],[20.05079909609613,41.056426899344515],[20.05069922687002,41.056363177650056]]]},"properties":{"Zk_Numer":3376,"Zk_Emer":"SHIRGJAN","Nr_Pas":"310/4-ND1","Vol":1,"Faqe":72,"Pronaret":"SOKOL GURABARDHI RYZHDI","Kufizimet":"KUFIZOHET PASURIA DERI NE MIRATIMIN E VKM PER KALIMIN E PARCELES NDERTIMORE KJO NDERTESE NDODHET MBI PASURINE ME NR.310/4","Siperfaqe":119.77}},
{"type":"Feature","geometry":{"type":"Polygon","coordinates":[[[20.055811381140902,41.055069044262964],[20.05578395267163,41.05498531660552],[20.055870315440714,41.05496910536089],[20.055878195093523,41.05499315857553],[20.05590360942551,41.05498838801106],[20.05591598706536,41.05502621537668],[20.055890586236682,41.05503098340655],[20.05589774401271,41.05505283299794],[20.055811381140902,41.055069044262964]]]},"properties":{"Zk_Numer":3376,"Zk_Emer":"SHIRGJAN","Nr_Pas":"1/65-ND","Vol":1,"Faqe":74,"Pronaret":"BEHAR KUQJA ASLLAN","Kufizimet":"ME KALIMIN E PARCELES NDERTIMORE FSHIHET KUFIZIMI KJO NDERTESE NDODHET MBI PASURINE NR.1/65","Siperfaqe":81.2}},
{"type":"Feature","geometry":{"type":"Polygon","coordinates":[[[20.054353215363435,41.05416257993959],[20.054336412930283,41.054186986299186],[20.054325766300515,41.05418986407221],[20.054324309070093,41.054190954124266],[20.05432280244957,41.05419200499656],[20.05432124827622,41.05419301540755],[20.054319648445322,41.05419398412506],[20.054318004907813,41.05419490996779],[20.054316319667944,41.054195791806684],[20.054314594780816,41.05419662856637],[20.054312832349883,41.05419741922644],[20.05431103452438,41.05419816282271],[20.054309203496697,41.054198858448366],[20.054307341499733,41.05419950525516],[20.05430545080413,41.05420010245427],[20.054303533715547,41.054200649317465],[20.05430159257182,41.05420114517784],[20.054299629740115,41.05420158943072],[20.054297647614057,41.05420198153436],[20.054295648610793,41.05420232101058],[20.05429363516805,41.05420260744539],[20.05429160974117,41.054202840489516],[20.05428957480011,41.05420301985876],[20.054287532826415,41.05420314533437],[20.054285486310228,41.05420321676337],[20.054283437747205,41.054203234058605],[20.05428138963553,41.05420319719902],[20.05427934447281,41.054203106229544],[20.054277304753068,41.05420296126113],[20.054275272963686,41.054202762470545],[20.054273251582373,41.05420251010022],[20.054271243074158,41.0542022044579],[20.054259754097586,41.05420457870773],[20.054250170568654,41.05418231920528],[20.054216075373898,41.05410312673748],[20.054316908470636,41.054078250694936],[20.054353215363435,41.05416257993959]]]},"properties":{"Zk_Numer":3376,"Zk_Emer":"SHIRGJAN","Nr_Pas":"1/50-ND","Vol":1,"Faqe":76,"Pronaret":"VASIL SHKIRA ASLLAN","Kufizimet":"KUFIZOHET PASURIA DERI NE MIRATIMIN E VKM PER KALIMIN E PARCELES NDERTIMORE KJO NDERTESE NDODHET MBI PASURINE ME NR.1/50, KJO NDERTESE NDODHET MBI PASURINE ME NR.60/1","Siperfaqe":106.3}},
{"type":"Feature","geometry":{"type":"Polygon","coordinates":[[[20.047903335988163,41.057691507396115],[20.047820360207073,41.05764029375408],[20.04790042319713,41.05756597147865],[20.047983398946815,41.057617185063734],[20.047903335988163,41.057691507396115]]]},"properties":{"Zk_Numer":3376,"Zk_Emer":"SHIRGJAN","Nr_Pas":"317/1-ND1","Vol":1,"Faqe":78,"Pronaret":"YZEIR KUMURIJA SHERIF","Kufizimet":"MBI KETE PASURI VENDOSET HIPOTEKA LIGJORE DERI NR MIRATIMIT TE VKM-SE PER PARCELEN NDERTIMORE KJO PASURI NDODHET MBI PASURINE ME NR.317/1","Siperfaqe":95.9}},
{"type":"Feature","geometry":{"type":"Polygon","coordinates":[[[20.047486402543107,41.059227785003685],[20.04740445375203,41.059302332659065],[20.047365588882087,41.059277855215974],[20.047353794934896,41.05928858397838],[20.04733175627917,41.05927470382021],[20.047343550227467,41.059263975060034],[20.047306239995123,41.05924047669503],[20.047388188820452,41.05916592910867],[20.047486402543107,41.059227785003685]]]},"properties":{"Zk_Numer":3376,"Zk_Emer":"SHIRGJAN","Nr_Pas":"321/8-ND","Vol":1,"Faqe":80,"Pronaret":"GËZIM SHIMA KADRI","Kufizimet":"KUFIZOHET PASURIA DERI NE MIRATIMIN E VKM PER KALIMIN E PARCELES NDERTIMORE KJO NDERTESE NDODHET MBI PASURINE ME NR.321/8","Siperfaqe":119.4}},
{"type":"Feature","geometry":{"type":"Polygon","coordinates":[[[20.049365057206387,41.05145225877839],[20.049224632792914,41.05147163746686],[20.049201444521717,41.05137534488867],[20.04934186873731,41.051355966228236],[20.049365057206387,41.05145225877839]]]},"properties":{"Zk_Numer":3376,"Zk_Emer":"SHIRGJAN","Nr_Pas":"55/18-ND","Vol":1,"Faqe":82,"Pronaret":"ALBERT TASHI HARUN","Kufizimet":"KUFIZOHET PASURIA DERI NE MIRATIMIN E VKM PER KALIMIN E PARCELES NDERTIMORE KJO NDERTESE NDODHET MBI PASURINE ME NR.55/18","Siperfaqe":130.4}},
{"type":"Feature","geometry":{"type":"Polygon","coordinates":[[[20.04922765987653,41.058202609048635],[20.049235674686866,41.05812134406934],[20.049356084926316,41.05812814805965],[20.049348070263363,41.058209413047116],[20.04922765987653,41.058202609048635]]]},"properties":{"Zk_Numer":3376,"Zk_Emer":"SHIRGJAN","Nr_Pas":"318/25-ND","Vol":1,"Faqe":84,"Pronaret":"PERPARIM ÇAKALLI JOSIF","Kufizimet":"KUFIZOHET PASURIA DERI NE MIRATIMIN E VKM PER KALIMIN E PARCELES NDERTIMORE KJO NDERTESE NDODHET MBI PASURINE NR.318/25","Siperfaqe":91.9}},
{"type":"Feature","geometry":{"type":"Polygon","coordinates":[[[20.046877492669243,41.06150773586084],[20.046777604565534,41.06144486595026],[20.046824004210233,41.06140263254912],[20.046807484682812,41.06139223508719],[20.04679884927403,41.06138679992135],[20.04683855515663,41.061350659201096],[20.046847878992356,41.061356527663776],[20.04686371008857,41.06136649182029],[20.0468542019799,41.06137514621066],[20.04695409005094,41.06143801605561],[20.046877492669243,41.06150773586084]]]},"properties":{"Zk_Numer":3376,"Zk_Emer":"SHIRGJAN","Nr_Pas":"323/1-ND1","Vol":1,"Faqe":87,"Pronaret":"NAZIF PREÇI ISLAM","Kufizimet":"KUFIZOHET PASURIA DERI NE MIRATIMIN E VKM PER KALIMIN E PARCELES NDERTIMORE KJO NDERTESE NDODHET MBI PASURINE ME NR.323/1","Siperfaqe":124.3}},
{"type":"Feature","geometry":{"type":"Polygon","coordinates":[[[20.0462901170587,41.06205230712948],[20.046220937461012,41.06211416120103],[20.046147388017854,41.06206703611874],[20.046150847001798,41.062063943418345],[20.046135864720895,41.062054343859174],[20.046152006642608,41.06203991125801],[20.04616698892258,41.0620495108151],[20.046216567635152,41.06200518209083],[20.0462901170587,41.06205230712948]]]},"properties":{"Zk_Numer":3376,"Zk_Emer":"SHIRGJAN","Nr_Pas":"323/1-ND2","Vol":1,"Faqe":128,"Pronaret":"JANI BALLA STEFAN","Kufizimet":"KUFIZOHET PASURIA DERI NE MIRATIMIN E VKM PER KALIMIN E PARCELES NDERTIMORE KJO NDERTESE NDODHET MBI PASURINE ME NR.323/1-ND2","Siperfaqe":76.4}},
{"type":"Feature","geometry":{"type":"Polygon","coordinates":[[[20.046259436810722,41.06189030941626],[20.04633476540521,41.06182295717536],[20.04643283116815,41.061885790451214],[20.046357502602135,41.06195314275547],[20.046259436810722,41.06189030941626]]]},"properties":{"Zk_Numer":3376,"Zk_Emer":"SHIRGJAN","Nr_Pas":"323/1-ND3","Vol":1,"Faqe":201,"Pronaret":"RAJMOND SHATI SPIRO","Kufizimet":"KUFIZOHEN VEPRIMET DERI NE KRYERJEN E TARIFAVE TE SHERBIMIT NE ZVRPP, KUFIZOHET PASURIA DERI NE MIRATIMIN E VKM PER KALIMIN E PARCELES NDERTIMORE KJO NDERTESE NDODHET MBI PAS NR.323/1-ND3","Siperfaqe":105.8}},
{"type":"Feature","geometry":{"type":"Polygon","coordinates":[[[20.0464083030457,41.05260211102919],[20.046276939360542,41.052647727134456],[20.046250653459957,41.05260434916882],[20.046237679265705,41.05260885445211],[20.046223544412534,41.05258552856072],[20.04623651860318,41.05258102327901],[20.046215192346953,41.052545829827785],[20.046319526355095,41.052509599819984],[20.046346555872205,41.05250021379218],[20.0464083030457,41.05260211102919]]]},"properties":{"Zk_Numer":3376,"Zk_Emer":"SHIRGJAN","Nr_Pas":"53/1-ND","Vol":1,"Faqe":89,"Pronaret":"ZENEL LEKA MESUT","Kufizimet":"KUFIZOHET PASURIA DERI NE MIRATIMIN E VKM PER KALIMIN E PARCELES NDERTIMORE KJO NDERTESE NDODHET MBI PASURINE ME NR.53/1","Siperfaqe":154.7}},
{"type":"Feature","geometry":{"type":"Polygon","coordinates":[[[20.047444047636485,41.061001077743924],[20.04739212244841,41.06096764890791],[20.047384568842507,41.060974370743395],[20.047343155596383,41.060947709331025],[20.047418691597912,41.06088049098034],[20.047512030007177,41.06094058117162],[20.047444047636485,41.061001077743924]]]},"properties":{"Zk_Numer":3376,"Zk_Emer":"SHIRGJAN","Nr_Pas":"321/1-ND1","Vol":1,"Faqe":91,"Pronaret":"FERIT PREÇI MUSA","Kufizimet":"KUFIZOHET PASURIA DERI NE MIRATIMIN E VKM PER KALIMIN E PARCELES NDERTIMORE KJO NDERTESE NDODHET MBI PASURINE ME NR.321/1","Siperfaqe":95.3}},
{"type":"Feature","geometry":{"type":"Polygon","coordinates":[[[20.047552463064672,41.06090901483824],[20.047451382510697,41.06084084618027],[20.047488975415376,41.06080891116205],[20.047477428442107,41.06080112387929],[20.047511062669482,41.060772551708695],[20.04763434894451,41.060855695831805],[20.047586415291207,41.06089641537341],[20.04757575652182,41.060889227121585],[20.047552463064672,41.06090901483824]]]},"properties":{"Zk_Numer":3376,"Zk_Emer":"SHIRGJAN","Nr_Pas":"321/1-ND2","Vol":2,"Faqe":13,"Pronaret":"ANTONJO SULANJAKU ARDHURIM","Kufizimet":"KUFIZOHEN VEPRIMET DERI NE KRYERJEN E TARIFAVE TE SHERBIMIT NE ZVRPP, KUFIZOHET PASURIA DERI NE MIRATIMIN E VKM PER KALIMIN E PARCELES NDERTIMORE KJO NDERTESE NDODHET MBI PASURINE ME NR.321/1","Siperfaqe":115.2}},
{"type":"Feature","geometry":{"type":"Polygon","coordinates":[[[20.04773459683244,41.06076123113508],[20.04766472593757,41.06082263757006],[20.04756214338598,41.060755766802245],[20.047632014305616,41.06069436042872],[20.04773459683244,41.06076123113508]]]},"properties":{"Zk_Numer":3376,"Zk_Emer":"SHIRGJAN","Nr_Pas":"321/1-ND3","Vol":2,"Faqe":72,"Pronaret":"ENDRI SULANJAKU ARDHURIM","Kufizimet":"KUFIZOHEN VEPRIMET DERI NE KRYERJEN E TARIFAVE TE SHERBIMIT NE ZVRPP, KUFIZOHET PASURIA DERI NE MIRATIMIN E VKM PER KALIMIN E PARCELES NDERTIMORE KJO NDERTESE NDODHET MBI PASURINE ME NR.321/1","Siperfaqe":102.4}},
{"type":"Feature","geometry":{"type":"Polygon","coordinates":[[[20.04905221690099,41.05496063915434],[20.049131988785575,41.05488567662943],[20.049244358394166,41.05495419565079],[20.049164586554532,41.05502915825255],[20.04905221690099,41.05496063915434]]]},"properties":{"Zk_Numer":3376,"Zk_Emer":"SHIRGJAN","Nr_Pas":"310/37-ND","Vol":1,"Faqe":93,"Pronaret":"GENC GJYLA OSMAN","Kufizimet":"KUFIZOHET PASURIA DERI NE MIRATIMIN E VKM PER KALIMIN E PARCELES NDERTIMORE KJO NDERTESE NDODHET MBI PASURINE ME NR.310/37","Siperfaqe":129.6}},
{"type":"Feature","geometry":{"type":"Polygon","coordinates":[[[20.051447353502958,41.05069064630836],[20.051407505835147,41.0506132017797],[20.05150459830151,41.05058457233721],[20.051544446065822,41.050662016832625],[20.051447353502958,41.05069064630836]]]},"properties":{"Zk_Numer":3376,"Zk_Emer":"SHIRGJAN","Nr_Pas":"58/21-ND","Vol":1,"Faqe":95,"Pronaret":"ELVAN GJYLA PETRIT, PETRIT GJYLA OSMAN","Kufizimet":"00000078 KJO NDERTESE NDODHET MBI PASURINE ME NR.58/21","Siperfaqe":80.8}},
{"type":"Feature","geometry":{"type":"Polygon","coordinates":[[[20.046434291642296,41.058131094983395],[20.04634214698379,41.058073434173274],[20.046418323783133,41.05800368681155],[20.046510468410716,41.05806134756149],[20.046434291642296,41.058131094983395]]]},"properties":{"Zk_Numer":3376,"Zk_Emer":"SHIRGJAN","Nr_Pas":"317/3-ND3","Vol":1,"Faqe":97,"Pronaret":"SELIM KUMURIJA HAXHI","Kufizimet":"KUFIZOHET PASURIA DERI NE MIRATIMIN E VKM PER KALIMIN E PARCELES NDERTIMORE KJO NDERTESE NDODHET MBI PASURINE ME NR.317/3","Siperfaqe":101}},
{"type":"Feature","geometry":{"type":"Polygon","coordinates":[[[20.047017826343474,41.057168277217365],[20.046913891215976,41.05710546678525],[20.04700295614284,41.057021023359844],[20.047106891221986,41.05708383371256],[20.047017826343474,41.057168277217365]]]},"properties":{"Zk_Numer":3376,"Zk_Emer":"SHIRGJAN","Nr_Pas":"317/4-ND","Vol":1,"Faqe":99,"Pronaret":"RAMIZ KUMURIJA HAXHI","Kufizimet":"KUFIZOHET PASURIA DERI NE MIRATIMIN E VKM PER KALIMIN E PARCELES NDERTIMORE KJO NDERTESE NDODHET MBI PASURINE ME NR.317/4","Siperfaqe":134.2}},
{"type":"Feature","geometry":{"type":"Polygon","coordinates":[[[20.057739549197752,41.05344925152709],[20.05777831886082,41.05344987812017],[20.057777417490136,41.053481836987594],[20.05759236956747,41.05347884613618],[20.05759575956127,41.05335866279387],[20.057742037536013,41.05336102704784],[20.057739549197752,41.05344925152709]]]},"properties":{"Zk_Numer":3376,"Zk_Emer":"SHIRGJAN","Nr_Pas":"28/2-ND","Vol":1,"Faqe":103,"Pronaret":"LULËZIM MUÇA MURAT","Kufizimet":"KUFIZOHET PASURIA DERI NE MIRATIMIN E VKM PER KALIMIN E PARCELES NDERTIMORE KJO NDERTESE NDODHET MBI PASURINE ME NR.28/2","Siperfaqe":175.7}},
{"type":"Feature","geometry":{"type":"Polygon","coordinates":[[[20.052342970798396,41.05502051433843],[20.052182200833467,41.055057395112804],[20.05217334647648,41.05505942630253],[20.052166170463106,41.05504150185544],[20.05215239551981,41.05504466182612],[20.052138147011554,41.05500907145444],[20.052321547091793,41.05496699933549],[20.052342970798396,41.05502051433843]]]},"properties":{"Zk_Numer":3376,"Zk_Emer":"SHIRGJAN","Nr_Pas":"302/9-ND1","Vol":1,"Faqe":105,"Pronaret":"DRITAN MURATI PETRIT","Kufizimet":"KUFIZOHET PASURIA DERI NE MIRATIMIN E VKM PER KALIMIN E PARCELES NDERTIMORE KJO NDERTESE NDODHET MBI PASURINE ME NR.302/9","Siperfaqe":97.5}},
{"type":"Feature","geometry":{"type":"Polygon","coordinates":[[[20.052182200833467,41.055057395112804],[20.052342970798396,41.05502051433843],[20.05236418848432,41.055073512068745],[20.052194563092307,41.055112424280914],[20.05218421305763,41.055086571715],[20.052193068364446,41.05508454030732],[20.052182200833467,41.055057395112804]]]},"properties":{"Zk_Numer":3376,"Zk_Emer":"SHIRGJAN","Nr_Pas":"302/9-ND2","Vol":1,"Faqe":199,"Pronaret":"ARTUR MURATI PETRIT","Kufizimet":"KUFIZOHET PASURIA DERI NE MIRATIMIN E VKM PER KALIMIN E PARCELES NDERTIMORE KJO ND NDODDHET MBI PAS ME NR.302/9","Siperfaqe":89.2}},
{"type":"Feature","geometry":{"type":"Polygon","coordinates":[[[20.04796917202925,41.051558383552425],[20.047849038028293,41.05155917452592],[20.047847998418302,41.05146868218727],[20.047968132254674,41.05146789121493],[20.04796917202925,41.051558383552425]]]},"properties":{"Zk_Numer":3376,"Zk_Emer":"SHIRGJAN","Nr_Pas":"55/5-ND","Vol":1,"Faqe":107,"Pronaret":"JULJAN AVDIU SULO","Kufizimet":"HIQET HIPOTEKA LIGJORE PAS KRIJIMIT TE MARREDHENIVE ME TRUALLIN KJO NDERTESE NDODHET MBI PASURINE ME NR.55/5","Siperfaqe":101.5}},
{"type":"Feature","geometry":{"type":"Polygon","coordinates":[[[20.048594390537197,41.05503057846259],[20.048515396181614,41.05498280222843],[20.048578511295336,41.054923005933595],[20.048657505624966,41.054970782125],[20.048594390537197,41.05503057846259]]]},"properties":{"Zk_Numer":3376,"Zk_Emer":"SHIRGJAN","Nr_Pas":"310/17-ND1","Vol":1,"Faqe":111,"Pronaret":"FLORENC BOÇI NEVRUZ","Kufizimet":"KJO NDERTESE NDODHET MBI PASURINE ME NR.310/17","Siperfaqe":72.3}},
{"type":"Feature","geometry":{"type":"Polygon","coordinates":[[[20.048452108506417,41.05493846426586],[20.048433212611563,41.054927521973205],[20.048411890914018,41.054948619820216],[20.048347644909818,41.05491141599013],[20.048368966615897,41.054890318154854],[20.048408357528583,41.05485134078759],[20.048390406458896,41.05484094560266],[20.048416426121754,41.054815199081325],[20.048517519045163,41.05487374032662],[20.048452108506417,41.05493846426586]]]},"properties":{"Zk_Numer":3376,"Zk_Emer":"SHIRGJAN","Nr_Pas":"310/17-ND2","Vol":1,"Faqe":175,"Pronaret":"BLEDAR BOÇI NEVRUS","Kufizimet":"KUFIZOHET PASURIA DERI NE MIRATIMIN E VKM PER KALIMIN E PARCELES NDERTIMORE, KUFIZOHEN VEPRIMET DERI NE KRYERJEN E TARIFAVE TE SHERBIMIT NE ZVRPP KJO NDERTESE NDODHET MBI PASURINE ME NR.310/17","Siperfaqe":106.5}},
{"type":"Feature","geometry":{"type":"Polygon","coordinates":[[[20.048087796594714,41.055403832518756],[20.04815828594373,41.05532534404173],[20.048247021183926,41.05537100706954],[20.04817653189174,41.0554494956002],[20.048087796594714,41.055403832518756]]]},"properties":{"Zk_Numer":3376,"Zk_Emer":"SHIRGJAN","Nr_Pas":"310/17-ND3","Vol":2,"Faqe":100,"Pronaret":"BARDHUL BOÇI NEVRUS","Kufizimet":"KUFIZOHET PASURIA DERI NE MIRATIMIN E VKM PER KALIMIN E PARCELES NDERTIMORE KJO NDERTESE NDODHET MBI PASURINE ME NR.310/17","Siperfaqe":95.1}},
{"type":"Feature","geometry":{"type":"Polygon","coordinates":[[[20.04790903584134,41.05525747173402],[20.047834604330177,41.055212874802585],[20.04785542402836,41.05519296441695],[20.047826975924156,41.05517591921614],[20.04785207767511,41.05515191378767],[20.047880525775433,41.05516895898237],[20.04790141927453,41.05514897798404],[20.047975850758714,41.05519357487284],[20.04790903584134,41.05525747173402]]]},"properties":{"Zk_Numer":3376,"Zk_Emer":"SHIRGJAN","Nr_Pas":"310/18-ND1","Vol":1,"Faqe":113,"Pronaret":"ARBEN BOÇI FERIT","Kufizimet":"KUFIZOHET PASURIA DERI NE MIRATIMIN E VKM PER KALIMIN E PARCELES NDERTIMORE KJO NDERTESE NDODHET MBI PASURINE ME NR.310/18","Siperfaqe":82.6}},
{"type":"Feature","geometry":{"type":"Polygon","coordinates":[[[20.05848274591025,41.05481030548537],[20.05835137094867,41.05483183733276],[20.058318395366598,41.05471654908906],[20.05844977010966,41.05469501727897],[20.058456566639272,41.05471877897133],[20.058483306629878,41.0547143963706],[20.05849815834279,41.054766320063564],[20.058471418332157,41.05477070266771],[20.05848274591025,41.05481030548537]]]},"properties":{"Zk_Numer":3376,"Zk_Emer":"SHIRGJAN","Nr_Pas":"5/3-ND1","Vol":1,"Faqe":115,"Pronaret":"HYSNI TAFA DEMIR","Kufizimet":"KUFIZOHET PASURIA DERI NE MIRATIMIN E VKM PER KALIMIN E PARCELES NDERTIMORE  KJO NDERTESE NDODHET MBI PASURINE ME NR.5/3","Siperfaqe":161.6}},
{"type":"Feature","geometry":{"type":"Polygon","coordinates":[[[20.05841092043287,41.05463554887583],[20.05830341857653,41.05465007134677],[20.058280346634604,41.05455220732042],[20.05838784833676,41.05453768487085],[20.05841092043287,41.05463554887583]]]},"properties":{"Zk_Numer":3376,"Zk_Emer":"SHIRGJAN","Nr_Pas":"5/3-ND2","Vol":1,"Faqe":237,"Pronaret":"ALBERT SHARRA MEHMET","Kufizimet":"KUFIZOHET PASURIA DERI NE MIRATIMIN E VKM PER KALIMIN E PARCELES NDERTIMORE KJO NDERTESE NDODHET MBI PASURINE ME NR.5/3","Siperfaqe":101.3}},
{"type":"Feature","geometry":{"type":"Polygon","coordinates":[[[20.05883860169456,41.054629206217186],[20.058699611286777,41.054653827625266],[20.05866383273635,41.054538094337474],[20.058802822913986,41.054513472972204],[20.05883860169456,41.054629206217186]]]},"properties":{"Zk_Numer":3376,"Zk_Emer":"SHIRGJAN","Nr_Pas":"5/3-ND3","Vol":2,"Faqe":36,"Pronaret":"SOKOL TAFA DEMIR","Kufizimet":"KUFIZOHET PASURIA DERI NE MIRATIMIN E VKM PER KALIMIN E PARCELES NDERTIMORE, ME KRYERJEN E TARIFAVE TE SHERBIMIT NE ZVRPP FSHIHET KUFIZIMI KJO PAS NDODHET MBI PAS ME NR.5/3","Siperfaqe":158.4}},
{"type":"Feature","geometry":{"type":"Polygon","coordinates":[[[20.06750314507881,41.04906686172891],[20.067549753685263,41.04908387071581],[20.06753828745411,41.04910187781928],[20.067585217132333,41.049119003948704],[20.06756166872038,41.04915619284526],[20.067468130783602,41.04912205785082],[20.06749137318342,41.04908555697839],[20.067480658653842,41.04908164689611],[20.067492538095053,41.04906299089385],[20.06750314507881,41.04906686172891]]]},"properties":{"Zk_Numer":3376,"Zk_Emer":"SHIRGJAN","Nr_Pas":"105/1-ND1","Vol":1,"Faqe":117,"Pronaret":"FLAMUR TASHI JONUZ","Kufizimet":"KUFIZOHET PASURIA DERI NE MIRATIMIN E VKM PER KALIMIN E PARCELES NDERTIMORE KJO NDERTESE NDODHET MBI PASURINE ME NR.105/1","Siperfaqe":51.9}},
{"type":"Feature","geometry":{"type":"Polygon","coordinates":[[[20.06750314507881,41.04906686172891],[20.067526251286864,41.04903091182715],[20.067515542489488,41.049026966992116],[20.067528552908175,41.04900672465717],[20.06753926170305,41.04901066949102],[20.067618087831033,41.049039705455414],[20.06760663868146,41.04905751871903],[20.06762118462609,41.04906287677583],[20.067585217132333,41.049119003948704],[20.06753828745411,41.04910187781928],[20.067549753685263,41.04908387071581],[20.06750314507881,41.04906686172891]]]},"properties":{"Zk_Numer":3376,"Zk_Emer":"SHIRGJAN","Nr_Pas":"105/1-ND2","Vol":1,"Faqe":165,"Pronaret":"ÇLIRIM TASHI JONUZ","Kufizimet":"KUFIZOHET PASURIA DERI NE MIRATIMIN E VKM PER KALIMIN E PARCELES NDERTIMORE KJO ND NDODHET MBI PAS NR.105/1","Siperfaqe":69.7}},
{"type":"Feature","geometry":{"type":"Polygon","coordinates":[[[20.047994180977582,41.05572610005221],[20.047971883767524,41.05571189361025],[20.047930901142013,41.05574874989824],[20.04785308849179,41.05569917225362],[20.047927010413556,41.05563269319332],[20.048027120247976,41.05569647722428],[20.047994180977582,41.05572610005221]]]},"properties":{"Zk_Numer":3376,"Zk_Emer":"SHIRGJAN","Nr_Pas":"314/14-ND","Vol":1,"Faqe":119,"Pronaret":"ENGLENTIN TOROMANI MYSLIM","Kufizimet":"FSHIHET HIPOTEKA LIGJORE PAS MIRATIMIT TE VKM PER KALIMIN E PARCELES NDERTIMORE KJO NDERTESE NDODHET MBI PASURINE ME NR.314/14","Siperfaqe":93}},
{"type":"Feature","geometry":{"type":"Polygon","coordinates":[[[20.05054942990949,41.051371612924136],[20.050488882316376,41.05147105321504],[20.05039349569575,41.051437769871875],[20.050447819345273,41.05134855169626],[20.050493514121,41.05136449602708],[20.050499738172235,41.05135427395882],[20.05054942990949,41.051371612924136]]]},"properties":{"Zk_Numer":3376,"Zk_Emer":"SHIRGJAN","Nr_Pas":"58/4-ND","Vol":1,"Faqe":121,"Pronaret":"SHKELQIM TASHI QAZIM","Kufizimet":"ME MIRATIMIN E VKM PER KALIMIN E PARCELES NDERTIMORE FSHIHET HIPOTEKA LIGJORE KJO NDERTESE NDODHET MBI PASURINE ME NR.58/4","Siperfaqe":102.1}},
{"type":"Feature","geometry":{"type":"Polygon","coordinates":[[[20.04697836331728,41.05858602102459],[20.046902770820445,41.05853892542343],[20.046964838967337,41.058481846394685],[20.04704043144302,41.05852894195561],[20.04697836331728,41.05858602102459]]]},"properties":{"Zk_Numer":3376,"Zk_Emer":"SHIRGJAN","Nr_Pas":"317/1-ND2","Vol":1,"Faqe":123,"Pronaret":"DURIM BITRI OSMAN","Kufizimet":"KUFIZOHET PASURIA DERI NE MIRATIMIN E VKM PER KALIMIN E PARCELES NDERTIMORE KJO NDERTESE NDODHET MBI PASURINE ME NR.317/1","Siperfaqe":67.6}},
{"type":"Feature","geometry":{"type":"Polygon","coordinates":[[[20.049441397390805,41.05307846153241],[20.049465035560722,41.053072347632614],[20.049470281861325,41.05308397096423],[20.049479265728383,41.05310387497294],[20.049455627548504,41.053109988875626],[20.04947158841724,41.05314535062315],[20.049335950141035,41.05318043270386],[20.049309595406854,41.05312204277211],[20.049289798463608,41.05307818180719],[20.04942543655443,41.053043099780254],[20.049441397390805,41.05307846153241]]]},"properties":{"Zk_Numer":3376,"Zk_Emer":"SHIRGJAN","Nr_Pas":"307/49-ND","Vol":1,"Faqe":125,"Pronaret":"SKËNDER SULMINA RIZA","Kufizimet":"KUFIZOHET PASURIA DERI NE MIRATIMIN E VKM PER KALIMIN E PARCELES NDERTIMORE KJO NDERTESE NDODHET MBI PASURINE ME NR.307/49","Siperfaqe":152.4}},
{"type":"Feature","geometry":{"type":"Polygon","coordinates":[[[20.058603466157027,41.04924837701511],[20.058643310651412,41.04926372245928],[20.058610935137274,41.04934464502349],[20.058510757534663,41.04932167555144],[20.058545408760452,41.04923506516857],[20.058603466157027,41.04924837701511]]]},"properties":{"Zk_Numer":3376,"Zk_Emer":"SHIRGJAN","Nr_Pas":"83/2-ND","Vol":1,"Faqe":134,"Pronaret":"AGRON MUÇA VEIZ","Kufizimet":"KUFIZOHET PASURIA DERI NE MIRATIMIN E VKM PER KALIMIN E PARCELES NDERTIMORE KJO NDERTESE NDODHET MBI PAS ME NR.83/2","Siperfaqe":87.5}},
{"type":"Feature","geometry":{"type":"Polygon","coordinates":[[[20.049973199953328,41.05693006717726],[20.050057648871853,41.056852645633064],[20.050155343612825,41.05691370242585],[20.050052490150097,41.05700799708395],[20.050040106294045,41.0570002574842],[20.05004853263146,41.0569906937691],[20.05000706967058,41.05696478043575],[20.050015855397376,41.05695672581809],[20.049973199953328,41.05693006717726]]]},"properties":{"Zk_Numer":3376,"Zk_Emer":"SHIRGJAN","Nr_Pas":"314/2-ND3","Vol":1,"Faqe":136,"Pronaret":"XHEMALI XHARDJA SELMAN","Kufizimet":"KUFIZOHET PASURIA DERI NE MIRATIMIN E VKM PER KALIMIN E PARCELES NDERTIMORE\r\n KJO NDERTESE NDODHET MBI PAS ME NR.314/2","Siperfaqe":131}},
{"type":"Feature","geometry":{"type":"Polygon","coordinates":[[[20.049800344095786,41.057208671539556],[20.049709740834857,41.057149628925075],[20.04979627949451,41.05707354088106],[20.049865246120422,41.05711848372208],[20.049828767974038,41.05715055673884],[20.049850404584635,41.05716465645183],[20.049800344095786,41.057208671539556]]]},"properties":{"Zk_Numer":3376,"Zk_Emer":"SHIRGJAN","Nr_Pas":"314/2-ND2","Vol":1,"Faqe":225,"Pronaret":"MARENGLEN XHARDA XHEMAL","Kufizimet":"KUFIZOHET PASURIA DERI NE MIRATIMIN E VKM PER KALIMIN E PARCELES NDERTIMORE\r\n KJO NDERTESE NDODHET MBI PASURINE ME NR.314/2","Siperfaqe":101}},
{"type":"Feature","geometry":{"type":"Polygon","coordinates":[[[20.047598417401158,41.05593039835099],[20.047675022910397,41.055863880809476],[20.047753930859777,41.05591595091703],[20.047752650702083,41.05591706249696],[20.04767732536972,41.05598246851038],[20.047602683764914,41.05593321366256],[20.047598417401158,41.05593039835099]]]},"properties":{"Zk_Numer":3376,"Zk_Emer":"SHIRGJAN","Nr_Pas":"314/13-ND","Vol":1,"Faqe":138,"Pronaret":"EKLEANT TOROMANI MYSLIM, MYSLIM TOROMANI RAMAZAN","Kufizimet":"FSHIRJE HIPOTEKE PAS PAGESES SE PARCESES NDERTIMORE KJO NDERTESE NDODHET MBI PAS ME NR.314/13","Siperfaqe":86.2}},
{"type":"Feature","geometry":{"type":"Polygon","coordinates":[[[20.049203312107966,41.057505113917934],[20.04913350582158,41.05757066082593],[20.04911495602557,41.05755934191774],[20.049102739217517,41.05757081327058],[20.049080298553797,41.05755711544982],[20.04906621129949,41.05757033853657],[20.049037596394573,41.057552877964596],[20.049050941026078,41.05754034762221],[20.049028729066475,41.05752679406341],[20.049041682500242,41.05751463104564],[20.049010328595763,41.05749549913117],[20.04908013492511,41.05742995229689],[20.049203312107966,41.057505113917934]]]},"properties":{"Zk_Numer":3376,"Zk_Emer":"SHIRGJAN","Nr_Pas":"314/4-ND1","Vol":1,"Faqe":142,"Pronaret":"KAPLLAN LLESHI XHEMAL","Kufizimet":"KUFIZOHET PASURIA DERI NE MIRATIMIN E VKM PER KALIMIN E PARCELES NDERTIMORE KJO NDERTESE NDODHET MBI PAS NR.314/4","Siperfaqe":143.4}},
{"type":"Feature","geometry":{"type":"Polygon","coordinates":[[[20.04903803467998,41.0574296848585],[20.04898405865979,41.05748037129745],[20.04893960242817,41.05745324652793],[20.04892280489088,41.05746902030432],[20.048903818384826,41.05745743575933],[20.048920615923713,41.057441661985656],[20.04888681070055,41.05742103584162],[20.048940786746975,41.0573703494477],[20.04903803467998,41.0574296848585]]]},"properties":{"Zk_Numer":3376,"Zk_Emer":"SHIRGJAN","Nr_Pas":"314/4-ND2","Vol":2,"Faqe":48,"Pronaret":"SAIMIR LLESHI XHEMAL","Kufizimet":"KUFIZOHET PASURIA DERI NE MIRATIMIN E VKM PER KALIMIN E PARCELES NDERTIMORE KJO PAS NDODHET MBI PAS ME NR.314/4","Siperfaqe":80.5}},
{"type":"Feature","geometry":{"type":"Polygon","coordinates":[[[20.048921354736557,41.05732237367951],[20.04885234423485,41.05738748048831],[20.04883517876121,41.05737705563233],[20.048822746433046,41.05738878468436],[20.048786175921013,41.05738762802384],[20.048762051487724,41.05737297686028],[20.048754362946955,41.057347254279236],[20.04876679527946,41.05733552523449],[20.048729680807053,41.057312984974295],[20.048798691351994,41.05724787823809],[20.048921354736557,41.05732237367951]]]},"properties":{"Zk_Numer":3376,"Zk_Emer":"SHIRGJAN","Nr_Pas":"314/4-ND3","Vol":2,"Faqe":40,"Pronaret":"BUJAR LLESHI XHEMAL","Kufizimet":"KUFIZOHET PASURIA DERI NE MIRATIMIN E VKM PER KALIMIN E PARCELES NDERTIMORE, KUFIZOHEN VEPRIMET DERI NE KRYERJEN E TARIFAVE TE SHERBIMIT NE ZVRPP KJO PAS NDODHET MBI PAS ME NR.314/4","Siperfaqe":143.9}},
{"type":"Feature","geometry":{"type":"Polygon","coordinates":[[[20.049507100963396,41.056945256721164],[20.04959514795737,41.05686837027667],[20.049687733525193,41.056929119173695],[20.049599686558157,41.05700600568809],[20.049507100963396,41.056945256721164]]]},"properties":{"Zk_Numer":3376,"Zk_Emer":"SHIRGJAN","Nr_Pas":"314/4-ND4","Vol":1,"Faqe":249,"Pronaret":"HAZIS PREÇI KASËM","Kufizimet":"KUFIZOHEN VEPRIMET DERI NE KRYERJEN E TARIFAVE TE SHERBIMIT NE ZVRPP, KUFIZOHET PASURIA DERI NE MIRATIMIN E VKM PER KALIMIN E PARCELES NDERTIMORE KJO NDERTESE NDODHET MBI PASURINE ME NR.314/4","Siperfaqe":116.4}},
{"type":"Feature","geometry":{"type":"Polygon","coordinates":[[[20.067879243884196,41.049368263234484],[20.067799285223572,41.049401999669556],[20.06779839848208,41.04940079520234],[20.067738483767364,41.04931941250468],[20.067819527626956,41.04928521821097],[20.067830952951322,41.049280397592824],[20.0678917544871,41.04936298470941],[20.067887732649563,41.0493646816199],[20.067879243884196,41.049368263234484]]]},"properties":{"Zk_Numer":3376,"Zk_Emer":"SHIRGJAN","Nr_Pas":"103/2-ND","Vol":1,"Faqe":144,"Pronaret":"HEKURAN TASHI JONUZ, MIKEL TASHI HEKURAN","Kufizimet":"KUFIZOHET PASURIA DERI NE MIRATIMIN E VKM PER KALIMIN E PARCELES NDERTIMORE KJO ND NDODHET MBI PASURINE ME NR.103/2","Siperfaqe":93.45}},
{"type":"Feature","geometry":{"type":"Polygon","coordinates":[[[20.04727317909544,41.05620809212903],[20.047341914433925,41.05624972104279],[20.047275028299648,41.05631300024225],[20.047206292937386,41.05627137128909],[20.04727317909544,41.05620809212903]]]},"properties":{"Zk_Numer":3376,"Zk_Emer":"SHIRGJAN","Nr_Pas":"314/12-ND2","Vol":1,"Faqe":146,"Pronaret":"ILIR KLLOGJRI ISMAIL","Kufizimet":"KUFIZOHET PASURIA DERI NE MIRATIMIN E VKM PER KALIMIN E PARCELES NDERTIMORE KJO NDERTESE NDODHET MBI PAS ME NR.314/12","Siperfaqe":66.6}},
{"type":"Feature","geometry":{"type":"Polygon","coordinates":[[[20.047075676673114,41.056671993395156],[20.04712887336669,41.056622335727376],[20.047239750574075,41.05669039297178],[20.04718655390914,41.056740050690145],[20.047075676673114,41.056671993395156]]]},"properties":{"Zk_Numer":3376,"Zk_Emer":"SHIRGJAN","Nr_Pas":"314/11-ND2","Vol":1,"Faqe":207,"Pronaret":"HYSNI XHARDJA HAXHI","Kufizimet":"KUFIZOHET PASURIA DERI NE MIRATIMIN E VKM PER KALIMIN E PARCELES NDERTIMORE KJO PASURI NDODHET MBI PAS ME NR.314/11","Siperfaqe":85.2}},
{"type":"Feature","geometry":{"type":"Polygon","coordinates":[[[20.047028013668523,41.05659068827591],[20.046955408721526,41.05665565280716],[20.04689910092587,41.056619595444296],[20.04687182600875,41.056644000084304],[20.04683731480591,41.05662190038852],[20.04693719469918,41.05653253128189],[20.047028013668523,41.05659068827591]]]},"properties":{"Zk_Numer":3376,"Zk_Emer":"SHIRGJAN","Nr_Pas":"314/29-ND","Vol":2,"Faqe":10,"Pronaret":"SEJDIN HOXHA BAJRAM","Kufizimet":"HIQET KUFIZIMI PAS PAGESES SE PARCELES NDERTIMORE  KJO NDERTESE NDODHET MBI PASURINE ME NR.314/29","Siperfaqe":108}},
{"type":"Feature","geometry":{"type":"Polygon","coordinates":[[[20.047188548054518,41.05640940677555],[20.04710815669917,41.0563586529467],[20.047183588048664,41.0562901938844],[20.047263979378542,41.056340947661276],[20.047188548054518,41.05640940677555]]]},"properties":{"Zk_Numer":3376,"Zk_Emer":"SHIRGJAN","Nr_Pas":"314/12-ND3","Vol":2,"Faqe":6,"Pronaret":"MALIQ HOXHA HAJDIN","Kufizimet":"KUFIZOHET PASURIA DERI NE MIRATIMIN E VKM PER KALIMIN E PARCELES NDERTIMORE KJO NDERTESE NDODHET MBI PAS ME NR.314/12","Siperfaqe":87.1}},
{"type":"Feature","geometry":{"type":"Polygon","coordinates":[[[20.047751045091292,41.05551886499158],[20.04767471921832,41.05559325079346],[20.047589509165924,41.055543152551394],[20.047669483538897,41.05546521107998],[20.04770760041985,41.055487740373835],[20.047707751105513,41.05548778416928],[20.047707899692114,41.05548783189758],[20.047708046000576,41.055487883501215],[20.047708189854568,41.05548793891798],[20.04770833108072,41.0554879980811],[20.04770846950882,41.05548806091926],[20.047708604972037,41.055488127356725],[20.047708737307108,41.055488197313444],[20.04770886635454,41.055488270705084],[20.047708991958814,41.055488347443195],[20.047709113968534,41.0554884274353],[20.04770923223667,41.05548851058499],[20.047709346620675,41.05548859679206],[20.047709456982698,41.05548868595259],[20.047709563189724,41.05548877795915],[20.047709665113754,41.055488872700835],[20.04770976263195,41.055488970063465],[20.04770985562678,41.05548906992971],[20.047709943986174,41.0554891721792],[20.047710027603628,41.0554892766887],[20.047710106378375,41.055489383332244],[20.04771018021547,41.055489491981334],[20.04771024902593,41.055489602505006],[20.047710312726814,41.05548971477006],[20.04771037124136,41.0554898286412],[20.047710424499044,41.05548994398117],[20.047710472435675,41.05549006065099],[20.047710514993476,41.05549017851003],[20.047710552121167,41.055490297416235],[20.047710583773995,41.055490417226316],[20.047710609913814,41.05549053779588],[20.04771063050912,41.0554906589796],[20.047710645535084,41.05549078063145],[20.047710654973606,41.055490902604774],[20.04771065881331,41.055491024752605],[20.047710657049564,41.05549114692771],[20.047710649684493,41.055491268982856],[20.047710636726983,41.055491390770925],[20.047710618192635,41.05549151214517],[20.047710594103798,41.05549163295927],[20.047710564489503,41.05549175306764],[20.047710529385437,41.05549187232551],[20.047710488833907,41.05549199058917],[20.04771044288379,41.05549210771608],[20.047710391590467,41.055492223565075],[20.047710335015754,41.05549233799654],[20.047710273227832,41.05549245087255],[20.047710206301176,41.05549256205707],[20.04771013431644,41.055492671416104],[20.04771005736038,41.05549277881785],[20.04770997552575,41.05549288413286],[20.04770988891117,41.055492987234224],[20.047709797621035,41.055493087997675],[20.047709701765363,41.05549318630177],[20.047709601459687,41.055493282028024],[20.04770949682489,41.055493375061076],[20.047709387987076,41.055493465288805],[20.047709275077423,41.05549355260247],[20.047709158232013,41.055493636896834],[20.04770903759166,41.05549371807031],[20.047708913301765,41.05549379602505],[20.047708785512125,41.05549387066712],[20.047708654376745,41.05549394190655],[20.047751045091292,41.05551886499158]]]},"properties":{"Zk_Numer":3376,"Zk_Emer":"SHIRGJAN","Nr_Pas":"314/15-ND1","Vol":1,"Faqe":189,"Pronaret":"SHEFQET XHARDJA HAXHI","Kufizimet":"KUFIZOHET PASURIA DERI NE MIRATIMIN E VKM PER KALIMIN E PARCELES NDERTIMORE, KUFIZOHEN VEPRIMET DERI NE KRYERJEN E TARIFAVE TE SHERBIMIT NE ZVRPP KJO ND NDODHET MBI PAS ME NR.314/15","Siperfaqe":97.1}},
{"type":"Feature","geometry":{"type":"Polygon","coordinates":[[[20.047880015198803,41.05561569495291],[20.047812579056203,41.05567829020649],[20.04772988635962,41.055627243566555],[20.04779732252857,41.05556464836081],[20.047880015198803,41.05561569495291]]]},"properties":{"Zk_Numer":3376,"Zk_Emer":"SHIRGJAN","Nr_Pas":"314/15-ND2","Vol":2,"Faqe":86,"Pronaret":"GENTJAN XHARDJA SHEFQET","Kufizimet":"KUFIZOHET PASURIA DERI NE MIRATIMIN E VKM PER KALIMIN E PARCELES NDERTIMORE, KUFIZOHET PASURIA DERI NE MIRATIMIN E VKM PER KALIMIN E PARCELES NDERTIMORE KJO NDERTESE NDODHET MBI PASURINE ME NR.314/15","Siperfaqe":80.5}},
{"type":"Feature","geometry":{"type":"Polygon","coordinates":[[[20.04694686512469,41.05503168002397],[20.047128365347874,41.055132115403694],[20.047056057637647,41.05520698931447],[20.046874557318425,41.05510655382221],[20.04694686512469,41.05503168002397]]]},"properties":{"Zk_Numer":3376,"Zk_Emer":"SHIRGJAN","Nr_Pas":"314/18-ND1","Vol":1,"Faqe":209,"Pronaret":"SAMI XHARDJA METI","Kufizimet":"KUFIZOHET PASURIA DERI NE MIRATIMIN E VKM PER KALIMIN E PARCELES NDERTIMORE, KUFIZOHEN VEPRIMET DERI NE KRYERJEN E TARIFAVE TE SHERBIMIT NE ZVRPP\r\n KJO NDERTESE NDODHET MBI PASURINE ME NR.314/18","Siperfaqe":194.7}},
{"type":"Feature","geometry":{"type":"Polygon","coordinates":[[[20.0466558402759,41.05486880735755],[20.046591144215977,41.05493110202602],[20.046517733627915,41.05488741583249],[20.04651028827558,41.05489443911389],[20.04648784429264,41.05488108281458],[20.04656724404508,41.05480463033223],[20.046589781534628,41.05481804226743],[20.0465824432065,41.054825108213386],[20.0466558402759,41.05486880735755]]]},"properties":{"Zk_Numer":3376,"Zk_Emer":"SHIRGJAN","Nr_Pas":"314/18-ND2","Vol":2,"Faqe":52,"Pronaret":"GËZIM XHARDJA SAMI","Kufizimet":"KUFIZOHEN VEPRIMET DERI NE KRYERJEN E TARIFAVE TE SHERBIMIT NE ZVRPP\r\n, KUFIZOHET PASURIA DERI NE MIRATIMIN E VKM PER KALIMIN E PARCELES NDERTIMORE KJO ND NDODHET MBI PAS ME NR.314/18","Siperfaqe":95.1}},
{"type":"Feature","geometry":{"type":"Polygon","coordinates":[[[20.049832770298107,41.05781844567807],[20.04978022885515,41.05779078402215],[20.049799723625593,41.05776956813535],[20.0497514792991,41.057744168757814],[20.04977600058802,41.05771748257803],[20.049756468486667,41.057707199427554],[20.049777865166597,41.057683913702014],[20.049797397264385,41.05769419684892],[20.049835571614587,41.057652652141215],[20.049887722328513,41.05768010811003],[20.049881948633516,41.05768639156566],[20.04993058361044,41.05771199655128],[20.049832770298107,41.05781844567807]]]},"properties":{"Zk_Numer":3376,"Zk_Emer":"SHIRGJAN","Nr_Pas":"314/1-ND1","Vol":2,"Faqe":219,"Pronaret":"SPIRO SULANJAKU VIKTOR","Kufizimet":"KUFIZOHET PASURIA DERI NE MIRATIMIN E VKM PER KALIMIN E PARCELES NDERTIMORE KJO NDERTESE NDODHET MBI PASURINE ME NR.314/1","Siperfaqe":145.2}},
{"type":"Feature","geometry":{"type":"Polygon","coordinates":[[[20.050496910724203,41.05731210099647],[20.05038049559894,41.057235044129456],[20.050474464819263,41.05715370295823],[20.050590879910587,41.05723075973142],[20.050496910724203,41.05731210099647]]]},"properties":{"Zk_Numer":3376,"Zk_Emer":"SHIRGJAN","Nr_Pas":"314/1-ND2","Vol":1,"Faqe":173,"Pronaret":"RAMAZAN XHARDA SELMAN","Kufizimet":"KUFIZOHET PASURIA DERI NE MIRATIMIN E VKM PER KALIMIN E PARCELES NDERTIMORE, KUFIZOHEN VEPRIMET DERI NE KRYERJEN E TARIFAVE TE SHERBIMIT NE ZVRPP KJO NDERTESE NDODHET MBI PAS ME NR.314/1","Siperfaqe":156}},
{"type":"Feature","geometry":{"type":"Polygon","coordinates":[[[20.052333639695416,41.055784452891984],[20.052325860516802,41.055786536855074],[20.052290936013186,41.055711836844345],[20.05242270163299,41.055676538086495],[20.05245712988149,41.055750176344844],[20.0524576262669,41.05575123805767],[20.052333639695416,41.055784452891984]]]},"properties":{"Zk_Numer":3376,"Zk_Emer":"SHIRGJAN","Nr_Pas":"302/3-ND1","Vol":1,"Faqe":148,"Pronaret":"FLAMUR LLESHI QERIM","Kufizimet":"KUFIZOHET PASURIA DERI NE MIRATIMIN E VKM PER KALIMIN E PARCELES NDERTIMORE KJO NDERTESE NDODHET MBI PASURINE ME NR.302/3","Siperfaqe":103.4}},
{"type":"Feature","geometry":{"type":"Polygon","coordinates":[[[20.052669445317957,41.05570141451729],[20.052661345434434,41.055657720324035],[20.05275028615184,41.05564827308626],[20.052758386093043,41.055691967273304],[20.052669445317957,41.05570141451729]]]},"properties":{"Zk_Numer":3376,"Zk_Emer":"SHIRGJAN","Nr_Pas":"302/3-ND2","Vol":1,"Faqe":150,"Pronaret":"FLAMUR LLESHI QERIM","Kufizimet":"KUFIZOHET PASURIA DERI NE MIRATIMIN E VKM PER KALIMIN E PARCELES NDERTIMORE KJO NDERTESE NDODHET MBI PAS 302/3","Siperfaqe":37}},
{"type":"Feature","geometry":{"type":"Polygon","coordinates":[[[20.051090822781017,41.052035744158935],[20.051010070090637,41.05208545284089],[20.050923392321334,41.05200476109526],[20.051004144978425,41.05195505247335],[20.051090822781017,41.052035744158935]]]},"properties":{"Zk_Numer":3376,"Zk_Emer":"SHIRGJAN","Nr_Pas":"59/2-ND","Vol":1,"Faqe":152,"Pronaret":"ARBEN MURATI ABAZ","Kufizimet":"KUFIZOHET PASURIA DERI NE MIRATIMIN E VKM PER KALIMIN E PARCELES NDERTIMORE KJO PASURI NDODHET MBI PASURINE ME NR.59/2","Siperfaqe":101.1}},
{"type":"Feature","geometry":{"type":"Polygon","coordinates":[[[20.04707649583137,41.05855371676875],[20.04717203921617,41.05861405900744],[20.047105275622126,41.05867462481937],[20.047009732210597,41.058614282525966],[20.04707649583137,41.05855371676875]]]},"properties":{"Zk_Numer":3376,"Zk_Emer":"SHIRGJAN","Nr_Pas":"317/1-ND3","Vol":1,"Faqe":156,"Pronaret":"ILIR BITRI OSMAN, HANÇE BITRI SHERIF, ZAMIRA XHIKA OSMAN, VALBONA BITRI OSMAN, DURIM MUÇA OSMAN","Kufizimet":"KUFIZOHET PASURIA DERI NE MIRATIMIN E VKM PER KALIMIN E PARCELES NDERTIMORE KJO NDERTESE NDODHET MBI PASURINE ME NR.317/1","Siperfaqe":91.6}},
{"type":"Feature","geometry":{"type":"Polygon","coordinates":[[[20.049404680452266,41.055462401313804],[20.049328404013337,41.05553727148981],[20.049227611544104,41.05547843314864],[20.049303888029485,41.05540356303855],[20.049404680452266,41.055462401313804]]]},"properties":{"Zk_Numer":3376,"Zk_Emer":"SHIRGJAN","Nr_Pas":"310/13-ND1","Vol":1,"Faqe":158,"Pronaret":"BENI PANXHI SPIRO","Kufizimet":"KUFIZOHET PASURIA DERI NE MIRATIMIN E VKM PER KALIMIN E PARCELES NDERTIMORE KJO NDERTESE NDODHET MBI PAS NR.310/13","Siperfaqe":112.3}},
{"type":"Feature","geometry":{"type":"Polygon","coordinates":[[[20.055314925752388,41.05398905058754],[20.055284160913402,41.05391331002926],[20.055387627846233,41.05388922765945],[20.05541839279261,41.05396496819035],[20.055314925752388,41.05398905058754]]]},"properties":{"Zk_Numer":3376,"Zk_Emer":"SHIRGJAN","Nr_Pas":"1/55-ND","Vol":1,"Faqe":160,"Pronaret":"HALIT GUCI ISLAM","Kufizimet":"KUFIZOHET PASURIA DERI NE MIRATIMIN E VKM PER KALIMIN E PARCELES NDERTIMORE KJO ND NDODHET MBI PAS ME NR.1/55","Siperfaqe":79.8}},
{"type":"Feature","geometry":{"type":"Polygon","coordinates":[[[20.05548389472787,41.05202101086509],[20.05540598699652,41.05202038129726],[20.055405860020606,41.052029385336105],[20.055351146187398,41.05202894316532],[20.05535188903965,41.051976269538194],[20.05534237359806,41.051976192636324],[20.055343122805976,41.051923068806815],[20.055448982009743,41.05192392429514],[20.05544883599438,41.05193427894003],[20.055491060740323,41.05193462014707],[20.0554905655799,41.051969735899334],[20.055484618429396,41.051969687842934],[20.05548389472787,41.05202101086509]]]},"properties":{"Zk_Numer":3376,"Zk_Emer":"SHIRGJAN","Nr_Pas":"34/16-ND","Vol":1,"Faqe":163,"Pronaret":"ARBEN DEBROVA HALIT","Kufizimet":"KUFIZOHET PASURIA DERI NE MIRATIMIN E VKM PER KALIMIN E PARCELES NDERTIMORE KJO ND NDODHET MBI PAS ME NR.34/16","Siperfaqe":127.6}},
{"type":"Feature","geometry":{"type":"Polygon","coordinates":[[[20.056313637853005,41.04972208074012],[20.056296668844883,41.04962295912678],[20.056401062605698,41.0496127169527],[20.056407559801375,41.04965066891642],[20.05643999855232,41.04964748629888],[20.056444049760135,41.04967115046304],[20.056411610997767,41.04967433308171],[20.056418031767826,41.049711838550756],[20.056313637853005,41.04972208074012]]]},"properties":{"Zk_Numer":3376,"Zk_Emer":"SHIRGJAN","Nr_Pas":"73/23-ND","Vol":1,"Faqe":235,"Pronaret":"FLAMUR BUZDRA DEMIR","Kufizimet":"KUFIZOHET PASURIA DERI NE MIRATIMIN E VKM PER KALIMIN E PARCELES NDERTIMORE KJO NDERTESE NDODHET MBI PASURINE ME NR.73/23","Siperfaqe":105.5}},
{"type":"Feature","geometry":{"type":"Polygon","coordinates":[[[20.057558729980922,41.0494724661129],[20.057610381502794,41.04955854941075],[20.057539988649257,41.04958275534452],[20.0575458916806,41.0495925934377],[20.057496075162554,41.049609723767325],[20.05746803580732,41.04956299280985],[20.057455581680756,41.049567275385876],[20.057426066620245,41.04951808489332],[20.057558729980922,41.0494724661129]]]},"properties":{"Zk_Numer":3376,"Zk_Emer":"SHIRGJAN","Nr_Pas":"81/3-ND","Vol":1,"Faqe":169,"Pronaret":"GENTJAN TASHI HAXHI","Kufizimet":"KUFIZOHET PASURIA DERI NE MIRATIMIN E VKM PER KALIMIN E PARCELES NDERTIMORE, KUFIZOHEN VEPRIMET DERI NE KRYERJEN E TARIFAVE TE SHERBIMIT NE ZVRPP KJO ND NDODHET MBI PAS ME NR.81/3","Siperfaqe":128.9}},
{"type":"Feature","geometry":{"type":"Polygon","coordinates":[[[20.04915166741867,41.05946183079552],[20.04910825921322,41.05938972375957],[20.049216513647707,41.05935238685072],[20.049259921946753,41.05942449384629],[20.04915166741867,41.05946183079552]]]},"properties":{"Zk_Numer":3376,"Zk_Emer":"SHIRGJAN","Nr_Pas":"318/6-ND","Vol":1,"Faqe":171,"Pronaret":"VIOLETA KYÇYKU RIZA","Kufizimet":"KUFIZOHEN VEPRIMET DERI NE KRYERJEN E TARIFAVE TE SHERBIMIT NE ZVRPP, KUFIZOHET PASURIA DERI NE MIRATIMIN E VKM PER KALIMIN E PARCELES NDERTIMORE KJO ND NDODHET MBI PAS ME NR.318/6","Siperfaqe":88}},
{"type":"Feature","geometry":{"type":"Polygon","coordinates":[[[20.050839266866074,41.0564305269016],[20.05090334529172,41.05637485581617],[20.05099707203659,41.056436669236405],[20.050932993630088,41.05649234037334],[20.050839266866074,41.0564305269016]]]},"properties":{"Zk_Numer":3376,"Zk_Emer":"SHIRGJAN","Nr_Pas":"310/4-ND2","Vol":1,"Faqe":177,"Pronaret":"ASTRIT GURABARDHI RYZHDI","Kufizimet":"KUFIZOHEN VEPRIMET DERI NE KRYERJEN E TARIFAVE TE SHERBIMIT NE ZVRPP, KUFIZOHET PASURIA DERI NE MIRATIMIN E VKM PER KALIMIN E PARCELES NDERTIMORE KJO ND NDODHET NE PAS ME NR.310/4","Siperfaqe":85.7}},
{"type":"Feature","geometry":{"type":"Polygon","coordinates":[[[20.04916578267573,41.05805007142089],[20.049177914609643,41.05796049547222],[20.04930773398801,41.05797056923025],[20.049295602228383,41.05806014519232],[20.04916578267573,41.05805007142089]]]},"properties":{"Zk_Numer":3376,"Zk_Emer":"SHIRGJAN","Nr_Pas":"318/27-ND","Vol":1,"Faqe":179,"Pronaret":"LUFTAR MUÇA SEJDIN","Kufizimet":"KUFIZOHET PASURIA DERI NE MIRATIMIN E VKM PER KALI MIN E PARCELES NDERTIMORE, KUFIZOHEN VEPRIMET DERI NE KRYERJEN E TARIFAVE TE SHERBIMIT NE ZVRPP KJO NDERTESE NDODHET MBI PAS ME NR.318/27","Siperfaqe":109.7}},
{"type":"Feature","geometry":{"type":"Polygon","coordinates":[[[20.053282463913604,41.04925154391288],[20.053285417379637,41.04923412796377],[20.053253563697453,41.04923103212542],[20.053269315534152,41.04913814706562],[20.053376438151208,41.04914855820595],[20.053370213210354,41.049185265673216],[20.053399235438842,41.04918808629694],[20.053389935903024,41.04924292421762],[20.05336091365083,41.049240103591586],[20.053357733016192,41.049258859231145],[20.053282463913604,41.04925154391288]]]},"properties":{"Zk_Numer":3376,"Zk_Emer":"SHIRGJAN","Nr_Pas":"65/1-ND","Vol":1,"Faqe":181,"Pronaret":"SERVET XHARDJA FAIK","Kufizimet":"KUFIZOHET PASURIA DERI NE MIRATIMIN E VKM PER KALI MIN E PARCELES NDERTIMORE KJO ND NDODHET MBI PAS ME NR.65/1","Siperfaqe":121.9}},
{"type":"Feature","geometry":{"type":"Polygon","coordinates":[[[20.05092976428341,41.05105298227308],[20.051072605693584,41.05099360635347],[20.051132433396454,41.05107608742844],[20.050989591861832,41.05113546342142],[20.05092976428341,41.05105298227308]]]},"properties":{"Zk_Numer":3376,"Zk_Emer":"SHIRGJAN","Nr_Pas":"58/15-ND","Vol":1,"Faqe":187,"Pronaret":"LUAN TASHI SHAIP","Kufizimet":"KUFIZOHET PASURIA DERI NE MIRATIMIN E VKM PER KALIMIN E PARCELES NDERTIMORE KJO ND NDODHET MBI PAS ME NR.58/15","Siperfaqe":143.2}},
{"type":"Feature","geometry":{"type":"Polygon","coordinates":[[[20.057969150218778,41.05366270167723],[20.05796889721864,41.05370421220665],[20.0579570020545,41.05370417066216],[20.057956711726533,41.053751804219374],[20.05790359142099,41.05375160714536],[20.05790359908967,41.05376035321121],[20.057840085783212,41.05376013133766],[20.05784068252755,41.053662252932014],[20.057969150218778,41.05366270167723]]]},"properties":{"Zk_Numer":3376,"Zk_Emer":"SHIRGJAN","Nr_Pas":"28/3-ND","Vol":1,"Faqe":191,"Pronaret":"EDVIN AVDIU SKËNDER","Kufizimet":"ME MIRATIMIN E VKM PER KALI MIN E PARCELES NDERTIMORE FSHIHET KUFIZIMI NDERTESA NDODHET MBI PAS ME NR.28/3","Siperfaqe":106.8}},
{"type":"Feature","geometry":{"type":"Polygon","coordinates":[[[20.048509431709302,41.05827779419246],[20.048553772727466,41.05820502053502],[20.048660718279038,41.05824235472698],[20.048616377353753,41.058315128425036],[20.048509431709302,41.05827779419246]]]},"properties":{"Zk_Numer":3376,"Zk_Emer":"SHIRGJAN","Nr_Pas":"318/22-ND","Vol":1,"Faqe":193,"Pronaret":"QANI MUÇA SEJDIN","Kufizimet":"KUFIZOHET PASURIA DERI NE MIRATIMIN E VKM PER KALIMIN E PARCELES NDERTIMORE, KUFIZOHEN VEPRIMET DERI NE KRYERJEN E TARIFAVE TE SHERBIMIT NE ZVRPP KJO NDERTESE NDODHET MBI PASURINE ME NR.318/22","Siperfaqe":88.1}},
{"type":"Feature","geometry":{"type":"Polygon","coordinates":[[[20.05939837519764,41.05327101562088],[20.05936943834343,41.05318534708109],[20.05947085331752,41.05316571739831],[20.059499790294623,41.053251385912844],[20.05939837519764,41.05327101562088]]]},"properties":{"Zk_Numer":3376,"Zk_Emer":"SHIRGJAN","Nr_Pas":"26/2-ND1","Vol":1,"Faqe":195,"Pronaret":"ALIM SULI SHEME","Kufizimet":"KUFIZOHET PASURIA DERI NE MIRATIMIN E VKM PER KALIMIN E PARCELES NDERTIMORE, KUFIZOHEN VEPRIMET DERI NE KRYERJEN E TARIFAVE TE SHERBIMIT NE ZVRPP KJO ND NDODHET MBI PAS ME NR.26/2","Siperfaqe":86.4}},
{"type":"Feature","geometry":{"type":"Polygon","coordinates":[[[20.059243650469526,41.053237888482855],[20.05923235212639,41.05316908297804],[20.05933032820033,41.0531598637597],[20.059341626643942,41.053228669254956],[20.059243650469526,41.053237888482855]]]},"properties":{"Zk_Numer":3376,"Zk_Emer":"SHIRGJAN","Nr_Pas":"26/2-ND2","Vol":1,"Faqe":213,"Pronaret":"ASLLAN SULI SHEME","Kufizimet":"KUFIZOHET PASURIA DERI NE MIRATIMIN E VKM PER KALIMIN E PARCELES NDERTIMORE, KUFIZOHEN VEPRIMET DERI NE KRYERJEN E TARIFAVE TE SHERBIMIT NE ZVRPP KJO NDERTESE NDODHET MBI PASURINE ME NR.26/2","Siperfaqe":63.9}},
{"type":"Feature","geometry":{"type":"Polygon","coordinates":[[[20.05907762783433,41.05317816827217],[20.0592021704395,41.05317233711709],[20.059209183338947,41.05325816654749],[20.059072768048377,41.05326455358138],[20.05907203373099,41.05325556620569],[20.059083906253548,41.053255010334546],[20.05908221732062,41.053234339370526],[20.05907762783433,41.05317816827217]]]},"properties":{"Zk_Numer":3376,"Zk_Emer":"SHIRGJAN","Nr_Pas":"26/1-ND","Vol":1,"Faqe":211,"Pronaret":"KADRI KRYEMADHI CANE","Kufizimet":"KUFIZOHET PASURIA DERI NE MIRATIMIN E VKM PER KALIMIN E PARCELES NDERTIMORE, KUFIZOHEN VEPRIMET DERI NE KRYERJEN E TARIFAVE TE SHERBIMIT NE ZVRPP KJO NDERTESE NDODHET MBI PASURINE ME NR.26/1","Siperfaqe":101.2}},
{"type":"Feature","geometry":{"type":"Polygon","coordinates":[[[20.05036703024965,41.0561937900209],[20.05023121442514,41.05611670605283],[20.050297270477618,41.05604953007962],[20.05032828344445,41.05606700373584],[20.0503460404211,41.05604894566723],[20.05045119834408,41.05610819472449],[20.05036703024965,41.0561937900209]]]},"properties":{"Zk_Numer":3376,"Zk_Emer":"SHIRGJAN","Nr_Pas":"310/6-ND","Vol":1,"Faqe":197,"Pronaret":"DYLAVER GURABARDHI XHEMALI","Kufizimet":"KUFIZOHET PASURIA DERI NE MIRATIMIN E VKM PER KALIMIN E PARCELES NDERTIMORE NDERTESA NDODHET MBI PAS NR.310/6","Siperfaqe":160.6}},
{"type":"Feature","geometry":{"type":"Polygon","coordinates":[[[20.051405228837652,41.05052736206736],[20.051386097701673,41.050457715963574],[20.051509540848393,41.050438283446795],[20.05152867210887,41.05050792953024],[20.051405228837652,41.05052736206736]]]},"properties":{"Zk_Numer":3376,"Zk_Emer":"SHIRGJAN","Nr_Pas":"58/22-ND","Vol":1,"Faqe":203,"Pronaret":"GEZIM GJYLA OSMAN","Kufizimet":"KUFIZOHET PASURIA DERI NE MIRATIMIN E VKM PER KALIMIN E PARCELES NDERTIMORE KJO NDERTESE NDODHET MBI PASURINE ME NR.58/22","Siperfaqe":83.7}},
{"type":"Feature","geometry":{"type":"Polygon","coordinates":[[[20.054002397696756,41.0556135788407],[20.053967688686875,41.055537105443186],[20.054057764451734,41.055513679909396],[20.054093465607078,41.05550439527225],[20.054128174745347,41.05558086863225],[20.054090400397104,41.05559069243606],[20.054002397696756,41.0556135788407]]]},"properties":{"Zk_Numer":3376,"Zk_Emer":"SHIRGJAN","Nr_Pas":"1/59-ND","Vol":1,"Faqe":215,"Pronaret":"LULZIM BODURRI SEFER","Kufizimet":"PAS PAGESES SE VLERES SE PARCELES NDERTIMORE FSHIHET KUFIZIMI KJO NDERTESE NDODHET MBI PASURINE ME NR.1/59","Siperfaqe":100.4}},
{"type":"Feature","geometry":{"type":"Polygon","coordinates":[[[20.057189221395994,41.05522255637641],[20.057042073296426,41.05522262930336],[20.057042019937732,41.055160858125596],[20.057077349723304,41.055160840633235],[20.05707733197798,41.05514031027081],[20.057134430603515,41.055140281977444],[20.057134424215043,41.055132898250605],[20.057114439698353,41.055132908156494],[20.05711440511926,41.055092927976794],[20.05718637312683,41.0550928922876],[20.057186407749487,41.05513287246726],[20.057189143724983,41.055132871109585],[20.057189221395994,41.05522255637641]]]},"properties":{"Zk_Numer":3376,"Zk_Emer":"SHIRGJAN","Nr_Pas":"4/2-ND","Vol":1,"Faqe":217,"Pronaret":"DERVISH AVDIU SALI","Kufizimet":"ME KRIJIMIN E MARREDHENIEVE ME TRUALLIN FSHIHET KUFIZIMI KJO NDERTESE NDODHET MBI PASURINE ME NR.4/2","Siperfaqe":136.9}},
{"type":"Feature","geometry":{"type":"Polygon","coordinates":[[[20.052393663866173,41.055185361138776],[20.05239360356585,41.05518617146392],[20.052393506382753,41.0551869797328],[20.052393372432498,41.05518778498383],[20.05239320187446,41.0551885862589],[20.052392994911553,41.05518938260472],[20.052392751790016,41.05519017307385],[20.0523924727991,41.05519095672581],[20.05239215827073,41.05519173262825],[20.05239180857912,41.055192499858045],[20.05239142414031,41.05519325750238],[20.052391005411693,41.05519400465985],[20.052390552891442,41.055194740441515],[20.052390067117948,41.05519546397199],[20.05238954866916,41.055196174390446],[20.0523889981619,41.055196870851645],[20.052388416251137,41.055197552527],[20.052387803629195,41.05519821860546],[20.052387161024946,41.055198868294596],[20.052386489202924,41.05519950082139],[20.052385788962432,41.055200115433315],[20.052385061136587,41.055200711399145],[20.052384306591314,41.05520128800981],[20.052383526224332,41.055201844579294],[20.052382720964093,41.05520238044543],[20.052381891768647,41.05520289497065],[20.052381039624535,41.055203387542804],[20.0523801655456,41.055203857575854],[20.052379270571777,41.05520430451058],[20.05226146727615,41.055228922346956],[20.05222411373443,41.05512649998154],[20.05236171310139,41.0550977452686],[20.052393663866173,41.055185361138776]]]},"properties":{"Zk_Numer":3376,"Zk_Emer":"SHIRGJAN","Nr_Pas":"302/8-ND","Vol":1,"Faqe":219,"Pronaret":"XHEVDET MURATI SULO","Kufizimet":"KUFIZOHET PASURIA DERI NE MIRATIMIN E VKM PER KALIMIN E PARCELES NDERTIMORE KJO NDERTESE NDODHET MBI PASURINE ME NR.302/8","Siperfaqe":140.6}},
{"type":"Feature","geometry":{"type":"Polygon","coordinates":[[[20.051728498983618,41.052350644620475],[20.051801204874252,41.05226829354813],[20.05193196526575,41.05233457960168],[20.051851218293937,41.05242585894629],[20.051824235948832,41.05241218086528],[20.05183217828585,41.05240320257351],[20.051728498983618,41.052350644620475]]]},"properties":{"Zk_Numer":3376,"Zk_Emer":"SHIRGJAN","Nr_Pas":"50/5-ND","Vol":1,"Faqe":221,"Pronaret":"FAIK META QAZIM","Kufizimet":"KUFIZOHET PASURIA DERI NE MIRATIMIN E VKM PER KALIMIN E PARCELES NDERTIMORE KJO NDERTESE NDODHET MBI PASURINE ME NR.50/5","Siperfaqe":148.8}},
{"type":"Feature","geometry":{"type":"Polygon","coordinates":[[[20.056627282867296,41.052219724931255],[20.05664236050514,41.05212133468337],[20.056773515549,41.05213285216626],[20.05675665622114,41.05224287037114],[20.0567266441127,41.05224023484788],[20.056728426000742,41.0522286069082],[20.056627282867296,41.052219724931255]]]},"properties":{"Zk_Numer":3376,"Zk_Emer":"SHIRGJAN","Nr_Pas":"34/8-ND","Vol":1,"Faqe":224,"Pronaret":"YZEIR KRYEMADHI AQIF","Kufizimet":"KUFIZOHET PASURIA DERI NE MIRATIMIN E VKM PER KALIMIN E PARCELES NDERTIMORE KJO NDERTESE NDODHET MBI PASURINE ME NR.34/8","Siperfaqe":125.4}},
{"type":"Feature","geometry":{"type":"Polygon","coordinates":[[[20.045430862025157,41.05807674856059],[20.045346396841225,41.05802724260031],[20.04542265204225,41.05795269974089],[20.045462627178914,41.057976129603496],[20.045444419175716,41.05799392876898],[20.045488909189515,41.05802000481836],[20.045430862025157,41.05807674856059]]]},"properties":{"Zk_Numer":3376,"Zk_Emer":"SHIRGJAN","Nr_Pas":"321/16-ND","Vol":1,"Faqe":227,"Pronaret":"FAIK DRIZA SHAMET","Kufizimet":"KUFIZOHEN VEPRIMET DERI NE KRYERJEN E TARIFAVE TE SHERBIMIT NE ZVRPP, KUFIZOHET PASURIA DERI NE MIRATIMIN E VKM PER KALIMIN E PARCELES NDERTIMORE KJO NDERTESE NDODHET MBI PASURINE ME NR.321/16","Siperfaqe":82.2}},
{"type":"Feature","geometry":{"type":"Polygon","coordinates":[[[20.051358431920924,41.05235550740762],[20.051478156729935,41.05226723698407],[20.051508449274106,41.05229078186523],[20.051545517033304,41.052263452553134],[20.051657143172626,41.052350213722335],[20.051500350592008,41.05246581363922],[20.051358431920924,41.05235550740762]]]},"properties":{"Zk_Numer":3376,"Zk_Emer":"SHIRGJAN","Nr_Pas":"50/3-ND","Vol":1,"Faqe":229,"Pronaret":"SABRI BODURRI ALI","Kufizimet":"KUFIZOHET PASURIA DERI NE MIRATIMIN E VKM PER KALIMIN E PARCELES NDERTIMORE KJO NDERTESE NDODHET MBI PASURINE ME NR.50/3","Siperfaqe":298.8}},
{"type":"Feature","geometry":{"type":"Polygon","coordinates":[[[20.04726863296192,41.053034752887825],[20.047396098652413,41.05300245850715],[20.04743007689455,41.05307930936132],[20.04730261107241,41.05311160377922],[20.04726863296192,41.053034752887825]]]},"properties":{"Zk_Numer":3376,"Zk_Emer":"SHIRGJAN","Nr_Pas":"307/39-ND","Vol":1,"Faqe":233,"Pronaret":"SHABAN PREÇI ISLAM","Kufizimet":"KUFIZOHET PASURIA DERI NE MIRATIMIN E VKM PER KALIMIN E PARCELES NDERTIMORE, KUFIZOHEN VEPRIMET DERI NE KRYERJEN E TARIFAVE TE SHERBIMIT NE ZVRPP KJO ND NDODHET MBI PAS ME NR.307/39","Siperfaqe":101.7}},
{"type":"Feature","geometry":{"type":"Polygon","coordinates":[[[20.055895188427428,41.052031975872566],[20.05582069872844,41.05197566582506],[20.05590390943067,41.05191258659474],[20.05597839912934,41.05196889658907],[20.055895188427428,41.052031975872566]]]},"properties":{"Zk_Numer":3376,"Zk_Emer":"SHIRGJAN","Nr_Pas":"34/14-ND","Vol":1,"Faqe":239,"Pronaret":"ASTRIT PEPA RIZA","Kufizimet":"KUFIZOHEN VEPRIMET DERI NE KRYERJEN E TARIFAVE TE SHERBIMIT NE ZVRPP, KUFIZOHET PASURIA DERI NE MIRATIMIN E VKM PER KALIMIN E PARCELES NDERTIMORE KJO ND NDODHET MBI PAS ME NR.34/14","Siperfaqe":87.6}},
{"type":"Feature","geometry":{"type":"Polygon","coordinates":[[[20.050870447001262,41.051730136695326],[20.05082167409087,41.05176219135512],[20.050814655759876,41.05175607177815],[20.050776212254746,41.051781337680865],[20.05067438747604,41.05169255432411],[20.050713459716977,41.05166687522804],[20.05068505571343,41.05164210632208],[20.050733199853756,41.0516104649465],[20.050870447001262,41.051730136695326]]]},"properties":{"Zk_Numer":3376,"Zk_Emer":"SHIRGJAN","Nr_Pas":"58/2-ND","Vol":1,"Faqe":241,"Pronaret":"PERPARIM TASHI QAZIM","Kufizimet":"ME MIRATIMIN E VKM PER KALIMIN E PARCELES NDERTIMORE FSHIHET KUFIZIMI KJO NDERTESE NDODHET MBI PASURINE ME NR.58/2","Siperfaqe":151.2}},
{"type":"Feature","geometry":{"type":"Polygon","coordinates":[[[20.05629170931139,41.05194846704793],[20.05627032625783,41.051947639872125],[20.056266539102197,41.0520037421911],[20.05615130811371,41.05199928456058],[20.056157694494708,41.051904680121524],[20.05629430835972,41.051909964921194],[20.05629170931139,41.05194846704793]]]},"properties":{"Zk_Numer":3376,"Zk_Emer":"SHIRGJAN","Nr_Pas":"34/13-ND","Vol":1,"Faqe":243,"Pronaret":"ELTON KRYEMADHI XHAFERR","Kufizimet":"KUFIZOHET PASURIA DERI NE MIRATIMIN E VKM PER KALIMIN E PARCELES NDERTIMORE, KUFIZOHEN VEPRIMET DERI NE KRYERJEN E TARIFAVE TE SHERBIMIT NE ZVRPP\r\n KJO NDERTESE NDODHET MBI PASURINE ME NR.34/13","Siperfaqe":109.7}},
{"type":"Feature","geometry":{"type":"Polygon","coordinates":[[[20.058259601434546,41.05329627209438],[20.058131078367122,41.05328959717075],[20.05813327671515,41.05326534190646],[20.058139210372037,41.05326565007774],[20.058147067409863,41.05317895996487],[20.058269656613234,41.05318532670666],[20.058259601434546,41.05329627209438]]]},"properties":{"Zk_Numer":3376,"Zk_Emer":"SHIRGJAN","Nr_Pas":"28/5-ND","Vol":1,"Faqe":245,"Pronaret":"FATMIR ROÇI KRISTAQ, KRISTAQ ROÇI HAJDIN","Kufizimet":"KUFIZOHET PASURIA DERI NE MIRATIMIN E VKM PER KALIMIN E PARCELES NDERTIMORE, KUFIZOHEN VEPRIMET DERI NE KRYERJEN E TARIFAVE TE SHERBIMIT NE ZVRPP\r\n KJO NDERTESE NDODHET MBI PASURINE ME NR.28/5","Siperfaqe":128.9}},
{"type":"Feature","geometry":{"type":"Polygon","coordinates":[[[20.049360596379376,41.05276117778872],[20.049224411233162,41.05279294345618],[20.049214223355477,41.05276791449083],[20.049173271421136,41.05266730603893],[20.049309456332985,41.05263554043134],[20.049334325783267,41.052696638053526],[20.049362745012516,41.05269000914409],[20.049374584299454,41.05271909504936],[20.049346165058882,41.052725723961686],[20.04934863725527,41.05273179747826],[20.049360596379376,41.05276117778872]]]},"properties":{"Zk_Numer":3376,"Zk_Emer":"SHIRGJAN","Nr_Pas":"307/52-ND","Vol":1,"Faqe":247,"Pronaret":"BESIM ELEZI DERVISH","Kufizimet":"KUFIZOHET PASURIA DERI NE MIRATIMIN E VKM PER KALIMIN E PARCELES NDERTIMORE KJO ND NDODHET MBI PAS ME NR.307/52","Siperfaqe":183.4}},
{"type":"Feature","geometry":{"type":"Polygon","coordinates":[[[20.056571677689927,41.05519974622411],[20.056541756448194,41.05520617050444],[20.056470397246688,41.055221491741065],[20.05643647657385,41.05513096526882],[20.05650635029129,41.0551159629763],[20.05653775688948,41.05510921978141],[20.056571677689927,41.05519974622411]]]},"properties":{"Zk_Numer":3376,"Zk_Emer":"SHIRGJAN","Nr_Pas":"1/27-ND","Vol":2,"Faqe":1,"Pronaret":"VLADIMIR MURATI HASAN","Kufizimet":"KUFIZOHET PASURIA DERI NE MIRATIMIN E VKM PER KALIMIN E PARCELES NDERTIMORE KJO ND NDODHET MBI PAS ME NR.1/28, KJO ND NDODHET MBI PAS ME NR.1/27","Siperfaqe":92.4}},
{"type":"Feature","geometry":{"type":"Polygon","coordinates":[[[20.051443800230775,41.053339143807655],[20.05130867251591,41.05336241122366],[20.051277935845334,41.05326012108044],[20.0514130633618,41.05323685370016],[20.051443800230775,41.053339143807655]]]},"properties":{"Zk_Numer":3376,"Zk_Emer":"SHIRGJAN","Nr_Pas":"306/23-ND","Vol":2,"Faqe":3,"Pronaret":"ALEKSANDËR ÇAKALLI VITI","Kufizimet":"ME MIRATIMIN E VKM NR.125 DT.13.03.2019 PER KALIMIN E PARCELES NDERTIMORE FSHIHET KUFIZIMI KJO NDERTESE NDODHET MBI PASURINE ME NR.306/23","Siperfaqe":135.7}},
{"type":"Feature","geometry":{"type":"Polygon","coordinates":[[[20.05385012864942,41.04886257852322],[20.053707418340398,41.04886450658094],[20.05370522179841,41.04877132425136],[20.053796794118536,41.04877008710311],[20.053797207983628,41.04878764319397],[20.05384834578485,41.04878695228713],[20.05385012864942,41.04886257852322]]]},"properties":{"Zk_Numer":3376,"Zk_Emer":"SHIRGJAN","Nr_Pas":"65/4-ND","Vol":2,"Faqe":4,"Pronaret":"VALTER ÇAKALLI VITI","Kufizimet":"KUFIZOHET PASURIA DERI NE MIRATIMIN E VKM PER KALIMIN E PARCELES NDERTIMORE KJO NDERTESE NDODHET MBI PASURINE ME NR.65/4","Siperfaqe":115.8}},
{"type":"Feature","geometry":{"type":"Polygon","coordinates":[[[20.052556671418323,41.05332184039706],[20.052413656262335,41.05334298144153],[20.052388464366388,41.0532453257145],[20.052531479319025,41.05322418470105],[20.052556671418323,41.05332184039706]]]},"properties":{"Zk_Numer":3376,"Zk_Emer":"SHIRGJAN","Nr_Pas":"45/1-ND","Vol":2,"Faqe":7,"Pronaret":"HYQMET LLESHI ASIM","Kufizimet":"KUFIZOHET PASURIA DERI NE MIRATIMIN E VKM PER KALIMIN E PARCELES NDERTIMORE KJO NDERTESE NDODHET MBI PASURINE ME NR.45/1","Siperfaqe":135.4}},
{"type":"Feature","geometry":{"type":"Polygon","coordinates":[[[20.06073735989649,41.05476618478664],[20.060721856585086,41.054722252263375],[20.06092297527366,41.05468158425914],[20.06093847870925,41.054725516755575],[20.06073735989649,41.05476618478664]]]},"properties":{"Zk_Numer":3376,"Zk_Emer":"SHIRGJAN","Nr_Pas":"5/9-ND2","Vol":5,"Faqe":170,"Pronaret":"FLAMUR TAFA RIZA","Kufizimet":"KUFIZOHET PASURIA DERI NE MIRATIMIN E VKM PER KALIMIN E PARCELES NDERTIMORE KJO NDERTESE NDODHET MBI PASURINE ME NR.5/9","Siperfaqe":88.3}},
{"type":"Feature","geometry":{"type":"Polygon","coordinates":[[[20.060858619881955,41.054681224684735],[20.060723530095732,41.054705027387726],[20.06069764101008,41.05462083445834],[20.06083273063347,41.054597031785434],[20.060858619881955,41.054681224684735]]]},"properties":{"Zk_Numer":3376,"Zk_Emer":"SHIRGJAN","Nr_Pas":"5/9-ND1","Vol":2,"Faqe":11,"Pronaret":"FLAMUR TAFA RIZA","Kufizimet":"KUFIZOHET PASURIA DERI NE MIRATIMIN E VKM PER KALIMIN E PARCELES NDERTIMORE KJO NDERTESE NDODHET MBI PASURINE ME NR.5/9","Siperfaqe":111.9}},
{"type":"Feature","geometry":{"type":"Polygon","coordinates":[[[20.05082579707397,41.05237700707905],[20.05072026440507,41.05238336136429],[20.050716020262616,41.05234296845214],[20.050701791145805,41.052343825201795],[20.050697169761595,41.05229984180748],[20.05074756451528,41.052296807479934],[20.050746055482314,41.05228244555581],[20.050827279940332,41.05227755488845],[20.050833410462147,41.05233590020053],[20.050821552867383,41.052336614170784],[20.05082579707397,41.05237700707905]]]},"properties":{"Zk_Numer":3376,"Zk_Emer":"SHIRGJAN","Nr_Pas":"51/16-ND","Vol":2,"Faqe":14,"Pronaret":"ERVIS ÇEHU LEFTER, ARLIND ÇEHU LEFTER","Kufizimet":"KUFIZOHET PASURIA DERI NE MIRATIMIN E VKM PER KALIMIN E PARCELES NDERTIMORE KJO NDERTESE NDODHET MBI PASURINE ME NR.51/16","Siperfaqe":105.4}},
{"type":"Feature","geometry":{"type":"Polygon","coordinates":[[[20.048995264314684,41.059490387521976],[20.04889414047443,41.059438331308705],[20.048953682093895,41.05937206405606],[20.049054805879493,41.05942412021773],[20.048995264314684,41.059490387521976]]]},"properties":{"Zk_Numer":3376,"Zk_Emer":"SHIRGJAN","Nr_Pas":"318/5-ND","Vol":2,"Faqe":18,"Pronaret":"KUJTIM BODURRI SABRI","Kufizimet":"KUFIZOHET PASURIA DERI NE MIRATIMIN E VKM PER KALIMIN E PARCELES NDERTIMORE KJO PASURI NDODHET MBI PAS ME NR.318/5","Siperfaqe":91.5}},
{"type":"Feature","geometry":{"type":"Polygon","coordinates":[[[20.056325496075637,41.05523022768687],[20.05628798182196,41.055140045190974],[20.056384425642076,41.05511705707068],[20.056421940014335,41.055207239535456],[20.056325496075637,41.05523022768687]]]},"properties":{"Zk_Numer":3376,"Zk_Emer":"SHIRGJAN","Nr_Pas":"1/26-ND","Vol":2,"Faqe":20,"Pronaret":"ARJAN DUZHA GANI","Kufizimet":"KUFIZOHET PASURIA DERI NE MIRATIMIN E VKM PER KALIMIN E PARCELES NDERTIMORE KJO PAS NDODHET MBI PAS ME NR.1/26","Siperfaqe":89.2}},
{"type":"Feature","geometry":{"type":"Polygon","coordinates":[[[20.05322041359128,41.05481890707245],[20.05308571253136,41.05485328539321],[20.053048468042224,41.05476966567368],[20.05306988493252,41.05476419968192],[20.0530655144091,41.054754387163726],[20.053112856989852,41.05474230443273],[20.053117227519508,41.054752116949146],[20.05318316895106,41.054735287396056],[20.05322041359128,41.05481890707245]]]},"properties":{"Zk_Numer":3376,"Zk_Emer":"SHIRGJAN","Nr_Pas":"1/3-ND","Vol":2,"Faqe":22,"Pronaret":"SAIMIR BODURRI RAMAZAN","Kufizimet":"KUFIZOHET PASURIA DERI NE MIRATIMIN E VKM PER KALIMIN E PARCELES NDERTIMORE KJO PAS NDODHET MBI PASURINE 1/3","Siperfaqe":121.9}},
{"type":"Feature","geometry":{"type":"Polygon","coordinates":[[[20.053086914169405,41.05507799518229],[20.052988085356876,41.05510125031348],[20.05295726144755,41.055027976754985],[20.052927224398655,41.05503521699737],[20.052908816728166,41.05499145877411],[20.05294055396829,41.0549838087115],[20.052944885187127,41.05499410476313],[20.05304179708481,41.054970744692774],[20.053086914169405,41.05507799518229]]]},"properties":{"Zk_Numer":3376,"Zk_Emer":"SHIRGJAN","Nr_Pas":"1/2-ND","Vol":2,"Faqe":24,"Pronaret":"ALTIN BODURRI SABRI","Kufizimet":"KUFIZOHET PASURIA DERI NE MIRATIMIN E VKM PER KALIMIN E PARCELES NDERTIMORE, KUFIZOHEN VEPRIMET DERI NE KRYERJEN E TARIFAVE TE SHERBIMIT NE ZVRPP KJO PAS NDODHET MBI PASURINE ME NR.1/2","Siperfaqe":122.2}},
{"type":"Feature","geometry":{"type":"Polygon","coordinates":[[[20.057458149510115,41.05279323428435],[20.057320667421024,41.05278433804346],[20.057332338508573,41.05268098254506],[20.05746982038404,41.052689878772334],[20.057458149510115,41.05279323428435]]]},"properties":{"Zk_Numer":3376,"Zk_Emer":"SHIRGJAN","Nr_Pas":"29/1-ND","Vol":2,"Faqe":26,"Pronaret":"ILIR MUÇA XHEMAL","Kufizimet":"KUFIZOHET PASURIA DERI NE MIRATIMIN E VKM PER KALIMIN E PARCELES NDERTIMORE KJO ND NDODHET MBI PAS ME NR.29/1","Siperfaqe":133.6}},
{"type":"Feature","geometry":{"type":"Polygon","coordinates":[[[20.054500871900196,41.051677966736094],[20.054405097947065,41.05162687579745],[20.054465736678956,41.0515617347181],[20.054561510584413,41.05161282560696],[20.054500871900196,41.051677966736094]]]},"properties":{"Zk_Numer":3376,"Zk_Emer":"SHIRGJAN","Nr_Pas":"38/5-ND","Vol":2,"Faqe":28,"Pronaret":"ILIR MURATI HASAN","Kufizimet":"KUFIZOHET PASURIA DERI NE MIRATIMIN E VKM PER KALIMIN E PARCELES NDERTIMORE KJO NDERTESE NDODHET MBI PASURINE ME NR.38/5","Siperfaqe":87.2}},
{"type":"Feature","geometry":{"type":"Polygon","coordinates":[[[20.050748050940953,41.05309402491212],[20.050641084436364,41.05309070022899],[20.05064615966928,41.05299713174275],[20.05075312602256,41.05300045642131],[20.050748050940953,41.05309402491212]]]},"properties":{"Zk_Numer":3376,"Zk_Emer":"SHIRGJAN","Nr_Pas":"306/16-ND1","Vol":2,"Faqe":30,"Pronaret":"RYSTEM SULMINA SHERIF","Kufizimet":"KUFIZOHET PASURIA DERI NE MIRATIMIN E VKM PER KALIMIN E PARCELES NDERTIMORE KJO ND NDODHET MBI PAS ME NR.306/16","Siperfaqe":93.6}},
{"type":"Feature","geometry":{"type":"Polygon","coordinates":[[[20.052082981757096,41.05059247337471],[20.052003727275935,41.05061119974834],[20.051999687149678,41.050601400768535],[20.051957107723556,41.05061146147536],[20.051939068954315,41.05056770988159],[20.051957122621808,41.05056344414662],[20.051946207222326,41.05053696970495],[20.0519723225768,41.05053079914238],[20.051967006634065,41.05051790574625],[20.052051938259844,41.05049783796653],[20.052053721896506,41.05050212831744],[20.05206655742171,41.05049899290148],[20.052077859282704,41.05052550747147],[20.052057358804184,41.050530327228124],[20.052082981757096,41.05059247337471]]]},"properties":{"Zk_Numer":3376,"Zk_Emer":"SHIRGJAN","Nr_Pas":"58/26-ND","Vol":2,"Faqe":32,"Pronaret":"ALEKSANDER GJYLA HAJDAR, HAJDAR GJYLA SEFER","Kufizimet":"KUFIZOHET PASURIA DERI NE MIRATIMIN E VKM PER KALIMIN E PARCELES NDERTIMORE KJO NDERTESE NDODHET MBI PAS ME NR.58/26","Siperfaqe":106.85}},
{"type":"Feature","geometry":{"type":"Polygon","coordinates":[[[20.054080568459977,41.05257798882279],[20.053982791129364,41.05260751844985],[20.053942680380413,41.05253141037504],[20.054015599005346,41.05250938831328],[20.054010987948686,41.05250054584544],[20.054035536720733,41.0524925436494],[20.054080568459977,41.05257798882279]]]},"properties":{"Zk_Numer":3376,"Zk_Emer":"SHIRGJAN","Nr_Pas":"46/11-ND","Vol":2,"Faqe":34,"Pronaret":"KUJTIM PEPA HAXHI","Kufizimet":"KUFIZOHET PASURIA DERI NE MIRATIMIN E VKM PER KALIMIN E PARCELES NDERTIMORE KJO ND NDODHET MBI PAS ME NR.46/11","Siperfaqe":82.9}},
{"type":"Feature","geometry":{"type":"Polygon","coordinates":[[[20.060507086519255,41.05449469762749],[20.060397774916087,41.05451970921269],[20.060357849915274,41.054419724247495],[20.06046716136815,41.054394712699825],[20.060507086519255,41.05449469762749]]]},"properties":{"Zk_Numer":3376,"Zk_Emer":"SHIRGJAN","Nr_Pas":"5/16-ND","Vol":2,"Faqe":38,"Pronaret":"SHEFQET ROÇI HAJDIN","Kufizimet":"KUFIZOHET PASURIA DERI NE MIRATIMIN E VKM PER KALIMIN E PARCELES NDERTIMORE, KUFIZOHEN VEPRIMET DERI NE KRYERJEN E TARIFAVE TE SHERBIMIT NE ZVRPP KJO NDERTESE NDODHET MBI PASURINE ME NR.5/16","Siperfaqe":111.3}},
{"type":"Feature","geometry":{"type":"Polygon","coordinates":[[[20.058432490140685,41.0519504725009],[20.058412907268853,41.051993556481236],[20.058336534832954,41.05197366373418],[20.058327943110864,41.051992566185184],[20.058258206888535,41.051974401919026],[20.058286381584157,41.051912415517286],[20.058432490140685,41.0519504725009]]]},"properties":{"Zk_Numer":3376,"Zk_Emer":"SHIRGJAN","Nr_Pas":"23/7-ND","Vol":2,"Faqe":42,"Pronaret":"ILIR KRYEMADHI ZALO","Kufizimet":"KUFIZOHET PASURIA DERI NE MIRATIMIN E VKM PER KALIMIN E PARCELES NDERTIMORE, KUFIZOHEN VEPRIMET DERI NE KRYERJEN E TARIFAVE TE SHERBIMIT NE ZVRPP\r\n KJO NDERTESE NDODHET MBI PASURINE ME NR.23/7","Siperfaqe":79.5}},
{"type":"Feature","geometry":{"type":"Polygon","coordinates":[[[20.056933174284996,41.05486223938752],[20.056831011711065,41.05487951419374],[20.056805338221206,41.054792513329296],[20.056907500667307,41.05477523854565],[20.056933174284996,41.05486223938752]]]},"properties":{"Zk_Numer":3376,"Zk_Emer":"SHIRGJAN","Nr_Pas":"1/32-ND","Vol":2,"Faqe":44,"Pronaret":"XHEVIT MURATI HAZIZ","Kufizimet":"ME KERKESE NR.1341 DT.23.01.2019 FSHIHET KUFIZIMI, KUFIZOHET PASURIA DERI NE MIRATIMIN E VKM PER KALIMIN E PARCELES NDERTIMORE KJO ND NDODHET MBI PAS ME NR.1/32","Siperfaqe":87.1}},
{"type":"Feature","geometry":{"type":"Polygon","coordinates":[[[20.054551030890085,41.052524144308556],[20.054551055286296,41.05255367923061],[20.054530357844335,41.052553689025736],[20.054530413979073,41.05262167337318],[20.054422049674105,41.05262172459633],[20.054421980071815,41.052537261923334],[20.054507624638024,41.052537221448176],[20.054507613861702,41.05252416485152],[20.054551030890085,41.052524144308556]]]},"properties":{"Zk_Numer":3376,"Zk_Emer":"SHIRGJAN","Nr_Pas":"32/5-ND","Vol":2,"Faqe":46,"Pronaret":"BUJAR DUZHA KOÇI","Kufizimet":"ME KERKESEN NR.6753 DT.26.04.2019 FSHIHET KUFIZIMI I PAGESES SE SHERBIMIT NE ZVRPP, ME MIRATIMIN E VKM PER KALIMIN E PARCELES NDERTIMORE FSHIHET HIPOTEKA LIGJORE KJO ND NDDHET MBI PAS ME NR.32/5","Siperfaqe":94}},
{"type":"Feature","geometry":{"type":"Polygon","coordinates":[[[20.053965101242127,41.05562242350352],[20.053850333894406,41.05565195386558],[20.053812355997362,41.05556738120128],[20.053860447866594,41.05555500687899],[20.053855968618656,41.055545032079806],[20.053922643958323,41.05552787608006],[20.053965101242127,41.05562242350352]]]},"properties":{"Zk_Numer":3376,"Zk_Emer":"SHIRGJAN","Nr_Pas":"1/5-ND","Vol":2,"Faqe":54,"Pronaret":"ARMANDO BODURRI TAHIR, TAHIR BODURRI ALI","Kufizimet":"KUFIZOHET PASURIA DERI NE MIRATIMIN E VKM PER KALIMIN E PARCELES NDERTIMORE KJO ND NDODHET MBI PAS ME NR.1/5","Siperfaqe":108}},
{"type":"Feature","geometry":{"type":"Polygon","coordinates":[[[20.05881067835971,41.05514048669801],[20.05877347480611,41.05517100923053],[20.05871776739657,41.055182710640366],[20.058678231210767,41.05507485943518],[20.05870069754199,41.055070140358964],[20.058696880697383,41.05505972833585],[20.058719690894417,41.05505493702515],[20.058723507742346,41.05506534904751],[20.0587400136139,41.05506188196506],[20.058736196763572,41.05505146994323],[20.058759121578962,41.055046654547745],[20.058762938432626,41.05505706656883],[20.058778871179666,41.05505371986576],[20.05881067835971,41.05514048669801]]]},"properties":{"Zk_Numer":3376,"Zk_Emer":"SHIRGJAN","Nr_Pas":"5/28-ND1","Vol":2,"Faqe":56,"Pronaret":"JANI TAFA ZARIF","Kufizimet":"ME KRYERJEN E PAGESES ME KERKESEN NR.20694 DT.29.10.2020 FSHIHET KUFIZIMI , KUFIZOHET PASURIA DERI NE MIRATIMIN E VKM PER KALIMIN E PARCELES NDERTIMORE KJO ND NODHET MBI PAS ME NR.5/28","Siperfaqe":109.2}},
{"type":"Feature","geometry":{"type":"Polygon","coordinates":[[[20.052470532581232,41.05222307022766],[20.052429518056293,41.05221375142586],[20.052423362976292,41.0522292754548],[20.05232528127416,41.052207272542105],[20.052328016874966,41.05220037297604],[20.052318902542684,41.05219830212118],[20.052336000040214,41.052155179832866],[20.05234511436708,41.052157250686406],[20.052356159335126,41.05212939368578],[20.052495152837214,41.052160974099564],[20.052470532581232,41.05222307022766]]]},"properties":{"Zk_Numer":3376,"Zk_Emer":"SHIRGJAN","Nr_Pas":"48/2-ND1","Vol":2,"Faqe":58,"Pronaret":"LEFTER BODURRI SHEFIT","Kufizimet":"ME MIRATIMIN E VKM PER KALIMIN E PARCELES NDERTIMORE FSHIHET HIPOTEKA LIGJORE KJO NDERTESE NDODHET MBI PASURINE ME NR.48/2","Siperfaqe":107.5}},
{"type":"Feature","geometry":{"type":"Polygon","coordinates":[[[20.060841744339516,41.054521476779726],[20.06073887383866,41.05454392309497],[20.060701313928803,41.054445287266866],[20.06080418428886,41.05442284098487],[20.060841744339516,41.054521476779726]]]},"properties":{"Zk_Numer":3376,"Zk_Emer":"SHIRGJAN","Nr_Pas":"5/13-ND","Vol":2,"Faqe":60,"Pronaret":"EDMIR XHARDJA SHEFQET","Kufizimet":"KUFIZOHEN VEPRIMET DERI NE KRYERJEN E TARIFAVE TE SHERBIMIT NE ZVRPP, KUFIZOHET PASURIA DERI NE MIRATIMIN E VKM PER KALIMIN E PARCELES NDERTIMORE KJO NDERTESE NDODHET MBI PASURINE ME NR.5/13","Siperfaqe":102.6}},
{"type":"Feature","geometry":{"type":"Polygon","coordinates":[[[20.053759660693178,41.05319829816022],[20.053639689127227,41.053217118395246],[20.053613137675192,41.05312012903928],[20.05373310907257,41.05310130883168],[20.053759660693178,41.05319829816022]]]},"properties":{"Zk_Numer":3376,"Zk_Emer":"SHIRGJAN","Nr_Pas":"45/9-ND","Vol":2,"Faqe":62,"Pronaret":"BUJAR TAFA ISMAIL","Kufizimet":"ME KERKESEN NR.26110 DT.27.12.2019 FSHIHET KUFIZIMI I PAGESES SE SHERBIMIT, KUFIZOHET PASURIA DERI NE MIRATIMIN E VKM PER KALIMIN E PARCELES NDERTIMORE KJO ND NDODHET MBI PAS ME NR.45/9","Siperfaqe":113.3}},
{"type":"Feature","geometry":{"type":"Polygon","coordinates":[[[20.056620325741157,41.05432240871657],[20.056546435881945,41.05433628752182],[20.056513491160278,41.05423578301831],[20.05658738091401,41.054221904234026],[20.056620325741157,41.05432240871657]]]},"properties":{"Zk_Numer":3376,"Zk_Emer":"SHIRGJAN","Nr_Pas":"1/31-ND","Vol":2,"Faqe":64,"Pronaret":"HAZIS MURATI NOVRUZ","Kufizimet":"KUFIZOHET PASURIA DERI NE MIRATIMIN E VKM PER KALIMIN E PARCELES NDERTIMORE KJO NDERTESE NDODHET MBI PASURINE ME NR.1/31","Siperfaqe":73.6}},
{"type":"Feature","geometry":{"type":"Polygon","coordinates":[[[20.048984682113804,41.05160500589779],[20.048903817766117,41.05161711690455],[20.048873852430738,41.05150246020582],[20.04895471664358,41.051490349219925],[20.048984682113804,41.05160500589779]]]},"properties":{"Zk_Numer":3376,"Zk_Emer":"SHIRGJAN","Nr_Pas":"55/12-ND1","Vol":2,"Faqe":66,"Pronaret":"TEFIK TASHI HARUM","Kufizimet":"KUFIZOHET PASURIA DERI NE MIRATIMIN E VKM PER KALIMIN E PARCELES NDERTIMORE KJO ND NDODHET MBI PAS ME NR.55/12","Siperfaqe":90}},
{"type":"Feature","geometry":{"type":"Polygon","coordinates":[[[20.05057391761366,41.05665727546819],[20.05056930691295,41.05665443119929],[20.050596135724494,41.05662951209311],[20.050660408920017,41.05666916117002],[20.050651390837114,41.056677537345855],[20.050692241704816,41.05670273753261],[20.050624831475698,41.05676534944777],[20.050524318077915,41.056703344389234],[20.05057391761366,41.05665727546819]]]},"properties":{"Zk_Numer":3376,"Zk_Emer":"SHIRGJAN","Nr_Pas":"310/4-ND3","Vol":2,"Faqe":68,"Pronaret":"RYZHDI GURABARDHI XHEMALI","Kufizimet":"KUFIZOHET PASURIA DERI NE MIRATIMIN E VKM PER KALIMIN E PARCELES NDERTIMORE KJO ND NDODHET MBI PAS ME NR.310/4","Siperfaqe":107.3}},
{"type":"Feature","geometry":{"type":"Polygon","coordinates":[[[20.04959468713156,41.05345832206187],[20.049491063301524,41.053480405548825],[20.04945222000166,41.0533759607833],[20.04955584368086,41.05335387733096],[20.04959468713156,41.05345832206187]]]},"properties":{"Zk_Numer":3376,"Zk_Emer":"SHIRGJAN","Nr_Pas":"307/46-ND","Vol":2,"Faqe":70,"Pronaret":"KLEDIS ÇEKREZI HYSEN","Kufizimet":"KUFIZOHET PASURIA DERI NE MIRATIMIN E VKM PER KALIMIN E PARCELES NDERTIMORE, KUFIZOHEN VEPRIMET DERI NE KRYERJEN E TARIFAVE TE SHERBIMIT NE ZVRPP KJO ND NDODHET MBI PAS ME NR.307/46","Siperfaqe":109.1}},
{"type":"Feature","geometry":{"type":"Polygon","coordinates":[[[20.04795780015793,41.05920196649643],[20.04793112328888,41.0591854084266],[20.047912415901205,41.05920267629913],[20.047876080184167,41.05918012305025],[20.04789478757496,41.059162855183544],[20.047867650792156,41.059146011614736],[20.047926337631317,41.05909184063947],[20.048016486972777,41.059147795475795],[20.04795780015793,41.05920196649643]]]},"properties":{"Zk_Numer":3376,"Zk_Emer":"SHIRGJAN","Nr_Pas":"319/1-ND1","Vol":2,"Faqe":74,"Pronaret":"SAIMIR KUMURIJA GANI","Kufizimet":"KUFIZOHEN VEPRIMET DERI NE KRYERJEN E TARIFAVE TE SHERBIMIT NE ZVRPP, KUFIZOHET PASURIA DERI NE MIRATIMIN E VKM PER KALIMIN E PARCELES NDERTIMORE KJO PAS NDODHET MBI PAS ME NR.319/1","Siperfaqe":86}},
{"type":"Feature","geometry":{"type":"Polygon","coordinates":[[[20.04741881472761,41.05871714905569],[20.04734851074446,41.058672983828714],[20.047423876980922,41.05860424785302],[20.04749418094121,41.058648413034554],[20.04741881472761,41.05871714905569]]]},"properties":{"Zk_Numer":3376,"Zk_Emer":"SHIRGJAN","Nr_Pas":"319/2-ND2","Vol":2,"Faqe":76,"Pronaret":"BEKIM KUMURIJA HYSEN","Kufizimet":"KUFIZOHET PASURIA DERI NE MIRATIMIN E VKM PER KALIMIN E PARCELES NDERTIMORE, KUFIZOHEN VEPRIMET DERI NE KRYERJEN E TARIFAVE TE SHERBIMIT NE ZVRPP KJO NDERTESE NDODHET MBI PASURINE ME NR.319/2-ND2","Siperfaqe":76.2}},
{"type":"Feature","geometry":{"type":"Polygon","coordinates":[[[20.04842422508862,41.05788357671508],[20.048353564816953,41.05795590442674],[20.048257246341823,41.057901990779946],[20.048327906661417,41.05782966312665],[20.04842422508862,41.05788357671508]]]},"properties":{"Zk_Numer":3376,"Zk_Emer":"SHIRGJAN","Nr_Pas":"319/2-ND3","Vol":2,"Faqe":78,"Pronaret":"HYSEN KUMURIJA SHERIF","Kufizimet":"KUFIZOHEN VEPRIMET DERI NE KRYERJEN E TARIFAVE TE SHERBIMIT NE ZVRPP\r\n, KUFIZOHET PASURIA DERI NE MIRATIMIN E VKM PER KALIMIN E PARCELES NDERTIMORE KJO NDERTESE NDODHET MBI PASURINE ME NR.319/2","Siperfaqe":100.6}},
{"type":"Feature","geometry":{"type":"Polygon","coordinates":[[[20.05150027490805,41.053014343787844],[20.051500276416416,41.05301627801003],[20.051563096495737,41.0530336754848],[20.051563185784534,41.05314803325678],[20.051502520319506,41.053148060383656],[20.051502506625905,41.05313050151329],[20.051458137581857,41.053130521332896],[20.051458047071765,41.05301436265055],[20.05150027490805,41.053014343787844]]]},"properties":{"Zk_Numer":3376,"Zk_Emer":"SHIRGJAN","Nr_Pas":"306/25-ND","Vol":2,"Faqe":80,"Pronaret":"GENTIAN LULI AHMET","Kufizimet":"KUFIZOHET PASURIA DERI NE MIRATIMIN E VKM PER KALIMIN E PARCELES NDERTIMORE KJO NDERTESE NDODHET MBI PASURINE ME NR.306/25","Siperfaqe":117.6}},
{"type":"Feature","geometry":{"type":"Polygon","coordinates":[[[20.0498330226779,41.056407221196984],[20.049737425595332,41.056350220199405],[20.049831057726767,41.05626024457271],[20.049926709441287,41.05631727809801],[20.0498330226779,41.056407221196984]]]},"properties":{"Zk_Numer":3376,"Zk_Emer":"SHIRGJAN","Nr_Pas":"310/7-ND1","Vol":2,"Faqe":82,"Pronaret":"RUDIN TAFA ISMAIL","Kufizimet":"KUFIZOHET PASURIA DERI NE MIRATIMIN E VKM PER KALIMIN E PARCELES NDERTIMORE, KUFIZOHEN VEPRIMET DERI NE KRYERJEN E TARIFAVE TE SHERBIMIT NE ZVRPP\r\n KJO NDERTESE NDODHET MBI PASURINE ME NR.310/7","Siperfaqe":130.2}},
{"type":"Feature","geometry":{"type":"Polygon","coordinates":[[[20.052974397166757,41.04911926638685],[20.052866401143124,41.049092608024516],[20.052909174238277,41.048993301032866],[20.053017170116714,41.04901995935567],[20.052974397166757,41.04911926638685]]]},"properties":{"Zk_Numer":3376,"Zk_Emer":"SHIRGJAN","Nr_Pas":"63/29-ND","Vol":2,"Faqe":84,"Pronaret":"BESIM XHARDJA FAIK","Kufizimet":"ME MIRATIMIN E VKM PER KALIMIN E PARCELES NDERTIMORE FSHIHET HIPOTEKA LIGJORE, ME KERKESEN NR.7331 DT.09.05.2019 FSHIHET KUFIZIMI I PAGESES SE SHERBIMIT NE ZVRPP\r\n KJO NDERTESE NDODHET MBI PASURINE ME NR.63/29","Siperfaqe":110.7}},
{"type":"Feature","geometry":{"type":"Polygon","coordinates":[[[20.05568880418643,41.05159388583321],[20.055571618264974,41.05162245337497],[20.055539350147253,41.05154659922772],[20.055571052596154,41.05153887083119],[20.05556284884095,41.05151958587913],[20.05560134465171,41.0515102013886],[20.05560954841698,41.051529486337955],[20.05565653594815,41.05151803171848],[20.05568880418643,41.05159388583321]]]},"properties":{"Zk_Numer":3376,"Zk_Emer":"SHIRGJAN","Nr_Pas":"38/8-ND","Vol":2,"Faqe":88,"Pronaret":"SHKËLQIM MURATI HASAN","Kufizimet":"KUFIZOHET PASURIA DERI NE MIRATIMIN E VKM PER KALIMIN E PARCELES NDERTIMORE KJO ND NDODHET MBI PAS ME NR.38/8","Siperfaqe":99.2}},
{"type":"Feature","geometry":{"type":"Polygon","coordinates":[[[20.051441200538747,41.053013656057516],[20.051435480557085,41.053126580183275],[20.05141111332978,41.053125872892736],[20.051411660265114,41.05311507536699],[20.05137184065738,41.05311391953987],[20.051372387599038,41.053103122014285],[20.0513254361307,41.053101759155886],[20.051328695033416,41.05303742390007],[20.05139466475441,41.05303933879513],[20.05139603209738,41.0530123449805],[20.051441200538747,41.053013656057516]]]},"properties":{"Zk_Numer":3376,"Zk_Emer":"SHIRGJAN","Nr_Pas":"306/24-ND","Vol":2,"Faqe":90,"Pronaret":"ARDJAN LULI AHMET","Kufizimet":"KUFIZOHEN VEPRIMET DERI NE KRYERJEN E TARIFAVE TE SHERBIMIT NE ZVRPP, KUFIZOHET PASURIA DERI NE MIRATIMIN E VKM PER KALIMIN E PARCELES NDERTIMORE KJO ND NDODHET MBI PAS ME NR.306/24","Siperfaqe":87.2}},
{"type":"Feature","geometry":{"type":"Polygon","coordinates":[[[20.049036184593756,41.05207817856306],[20.048921846402653,41.052070504327894],[20.048932614438463,41.05197856832929],[20.04899837361493,41.05198298201644],[20.048997218032017,41.05199284831947],[20.049045796895925,41.05199610885752],[20.049036184593756,41.05207817856306]]]},"properties":{"Zk_Numer":3376,"Zk_Emer":"SHIRGJAN","Nr_Pas":"51/3-ND","Vol":2,"Faqe":92,"Pronaret":"REZART KUMURIJA QANI","Kufizimet":"KUFIZOHEN VEPRIMET DERI NE KRYERJEN E TARIFAVE TE SHERBIMIT NE ZVRPP, KUFIZOHET PASURIA DERI NE MIRATIMIN E VKM PER KALIMIN E PARCELES NDERTIMORE KJO NDERTESE NDODHET MBI PASURINE ME NR.51/3","Siperfaqe":94.4}},
{"type":"Feature","geometry":{"type":"Polygon","coordinates":[[[20.0488402039061,41.059733804989165],[20.04878901106489,41.0597127024256],[20.0487799643762,41.0597252759509],[20.048746114429317,41.0597113224039],[20.048755161122543,41.05969874888123],[20.048704490710882,41.059677861612506],[20.0487659399029,41.05959245656006],[20.04890165297449,41.05964839986526],[20.0488402039061,41.059733804989165]]]},"properties":{"Zk_Numer":3376,"Zk_Emer":"SHIRGJAN","Nr_Pas":"318/1-ND","Vol":2,"Faqe":95,"Pronaret":"HAXHI QOSJA NEXHIP","Kufizimet":"KUFIZOHET PASURIA DERI NE MIRATIMIN E VKM PER KALIMIN E PARCELES NDERTIMORE KJO NDERTESE NDODHET MBI PASURINE ME NR.318/1","Siperfaqe":145.4}},
{"type":"Feature","geometry":{"type":"Polygon","coordinates":[[[20.049722440438874,41.05135351341481],[20.049684074312385,41.05135710473633],[20.049690278098517,41.051395084832656],[20.04956573565009,41.05140674273348],[20.049549533019647,41.05130754763972],[20.049712441375394,41.05129229843809],[20.049722440438874,41.05135351341481]]]},"properties":{"Zk_Numer":3376,"Zk_Emer":"SHIRGJAN","Nr_Pas":"55/21-ND","Vol":2,"Faqe":96,"Pronaret":"KUJTIM TASHI HARUN, ROLAND TASHI KUJTIM","Kufizimet":"ME MIRATIMIN E VKM PER KALIMIN E PARCELES NDERTIMORE FSHIHET HIPOTEKA LIGJORE KJO ND NDODHET NE PAS ME NR.55/21","Siperfaqe":139.3}},
{"type":"Feature","geometry":{"type":"Polygon","coordinates":[[[20.051909689319952,41.05195126823841],[20.051830767329147,41.05187798864315],[20.051932178815054,41.05181539931338],[20.052011100843444,41.051888678839994],[20.051909689319952,41.05195126823841]]]},"properties":{"Zk_Numer":3376,"Zk_Emer":"SHIRGJAN","Nr_Pas":"59/6-ND","Vol":2,"Faqe":98,"Pronaret":"ARDJAN ÇAKALLI SOKRAT","Kufizimet":"KUFIZOHET PASURIA DERI NE MIRATIMIN E VKM PER KALIMIN E PARCELES NDERTIMORE KJO ND NDODHET MBI PAS ME NR.59/6","Siperfaqe":115.5}},
{"type":"Feature","geometry":{"type":"Polygon","coordinates":[[[20.048160877442907,41.055880871350446],[20.048015049998803,41.055791829718785],[20.048116249566565,41.05569686317323],[20.048262076937156,41.05578590467834],[20.048160877442907,41.055880871350446]]]},"properties":{"Zk_Numer":3376,"Zk_Emer":"SHIRGJAN","Nr_Pas":"314/27-ND","Vol":2,"Faqe":108,"Pronaret":"KLODJAN ÇAKALLI DHIMITËR, ARTAN ÇAKALLI DHIMITËR","Kufizimet":"ME KRIJIMIN E MARREDHENIEVE ME TRUALLIN FSHIHET HIPOTEKA LIGJORE KJO NDERTESE NDODHET MBI PASURINE ME NR.321/2","Siperfaqe":213.4}},
{"type":"Feature","geometry":{"type":"Polygon","coordinates":[[[20.058474462008927,41.053341838957316],[20.058470289118365,41.053421016006006],[20.058369854245658,41.05341798276719],[20.058374643723116,41.05332710911296],[20.058403559820494,41.053327982418566],[20.058402943358946,41.05333967902777],[20.058474462008927,41.053341838957316]]]},"properties":{"Zk_Numer":3376,"Zk_Emer":"SHIRGJAN","Nr_Pas":"28/8-ND","Vol":2,"Faqe":110,"Pronaret":"VERA PREÇI AGIM, AGRON PREÇI SULË","Kufizimet":"ME MIRATIMIN E VKM PER KALIMIN E PARCELES NDERTIMORE FSHIHET HIPOTEKA LIGJORE KJO ND NDODHET MBI PAS ME NR.28/8","Siperfaqe":77.5}},
{"type":"Feature","geometry":{"type":"Polygon","coordinates":[[[20.05001909855809,41.05600454598681],[20.050098825576562,41.055925550661804],[20.050212920953097,41.055991531063434],[20.050133193991627,41.05607052646643],[20.05001909855809,41.05600454598681]]]},"properties":{"Zk_Numer":3376,"Zk_Emer":"SHIRGJAN","Nr_Pas":"310/7-ND2","Vol":2,"Faqe":112,"Pronaret":"HAVA GURABARDHI IBRAHIM, ABEDIN GURABARDHI XHEMALI","Kufizimet":"KUFIZOHET PASURIA DERI NE MIRATIMIN E VKM PER KALIMIN E PARCELES NDERTIMORE KJO ND NDODHET MBI PAS ME NR.310/7","Siperfaqe":133.2}},
{"type":"Feature","geometry":{"type":"Polygon","coordinates":[[[20.05054895887866,41.05289009097101],[20.050667882337205,41.05288813770944],[20.050668966092566,41.05292594792394],[20.050695723885067,41.0529255084229],[20.050696897971385,41.05296646948804],[20.050551216561978,41.05296886225331],[20.05054895887866,41.05289009097101]]]},"properties":{"Zk_Numer":3376,"Zk_Emer":"SHIRGJAN","Nr_Pas":"306/16-ND2","Vol":2,"Faqe":114,"Pronaret":"ISMETE SULMINA NEZIR, KUJTIM SULMINA SHERIF","Kufizimet":"KUFIZOHET PASURIA DERI NE MIRATIMIN E VKM PER KALIMIN E PARCELES NDERTIMORE KJO ND NDODHET MBI PAS ME NR.306/16","Siperfaqe":97.7}},
{"type":"Feature","geometry":{"type":"Polygon","coordinates":[[[20.05058410032211,41.05011394697213],[20.050552507755857,41.05003745833228],[20.05067171009477,41.050009242300305],[20.050703302785507,41.05008573090779],[20.05058410032211,41.05011394697213]]]},"properties":{"Zk_Numer":3376,"Zk_Emer":"SHIRGJAN","Nr_Pas":"57/9-ND","Vol":2,"Faqe":118,"Pronaret":"FLORIDA HIDRI FERIT, DRITAN HIDRI ALUSH","Kufizimet":"KUFIZOHET PASURIA DERI NE MIRATIMIN E VKM PER KALIMIN E PARCELES NDERTIMORE, KUFIZOHEN VEPRIMET DERI NE KRYERJEN E TARIFAVE TE SHERBIMIT NE ZVRPP\r\n KJO ND NDODHET MBI PAS ME NR.57/9","Siperfaqe":93.4}},
{"type":"Feature","geometry":{"type":"Polygon","coordinates":[[[20.0572761488932,41.05181290141048],[20.05733935305586,41.051683706841644],[20.05746205330776,41.05171810582497],[20.057398849352367,41.05184730046019],[20.0572761488932,41.05181290141048]]]},"properties":{"Zk_Numer":3376,"Zk_Emer":"SHIRGJAN","Nr_Pas":"23/3-ND","Vol":2,"Faqe":122,"Pronaret":"NAZMI KRYEMADHI BEGTASH, BURBUQE KRYEMADHI FERIT","Kufizimet":"KUFIZOHET PASURIA DERI NE MIRATIMIN E VKM PER KALIMIN E PARCELES NDERTIMORE KJO ND NDODHET MBI PAS ME NR.23/3","Siperfaqe":168.3}},
{"type":"Feature","geometry":{"type":"Polygon","coordinates":[[[20.069021272361187,41.04578576905753],[20.06891166318728,41.04573680997997],[20.068972101106883,41.04565925623145],[20.06908171019674,41.045708215252255],[20.069021272361187,41.04578576905753]]]},"properties":{"Zk_Numer":3376,"Zk_Emer":"SHIRGJAN","Nr_Pas":"135/1-ND","Vol":2,"Faqe":126,"Pronaret":"KUJTIM MUÇA FILE, FLUTUR MUÇA SHEFIT","Kufizimet":"KUFIZOHET PASURIA DERI NE MIRATIMIN E VKM PER KALIMIN E PARCELES NDERTIMORE KJO NDERTESE NDODHET MBI PASURINE ME NR.135/1","Siperfaqe":107}},
{"type":"Feature","geometry":{"type":"Polygon","coordinates":[[[20.04498764616878,41.05780796092827],[20.04505713014116,41.05774349127589],[20.04513990532207,41.057794606275344],[20.04507042137681,41.057859075977056],[20.04503391915347,41.05783653527252],[20.04502639923654,41.05784351250806],[20.04500796377902,41.05783212830822],[20.045015483696606,41.05782515107387],[20.04498764616878,41.05780796092827]]]},"properties":{"Zk_Numer":3376,"Zk_Emer":"SHIRGJAN","Nr_Pas":"321/41-ND","Vol":2,"Faqe":128,"Pronaret":"BRUNILDA BALLOLLI IBRAHIM, BUJAR BALLOLLI XHAFERR","Kufizimet":"ME KRIJIMIN E MARREDHENIE ME TRUALLIN FSHIHET HIPOTEKA  KJO NDERTESE NDODHET MBI PASURINE ME NR.321/41","Siperfaqe":85}},
{"type":"Feature","geometry":{"type":"Polygon","coordinates":[[[20.04911180778276,41.05152666658976],[20.0489875229695,41.05153269412027],[20.04898394112124,41.05149036944042],[20.04903142335276,41.05148806667624],[20.04902981112867,41.05146901607776],[20.049063691975174,41.051467392973784],[20.04906530251991,41.05148642361309],[20.049108225855186,41.05148434191377],[20.04911180778276,41.05152666658976]]]},"properties":{"Zk_Numer":3376,"Zk_Emer":"SHIRGJAN","Nr_Pas":"55/12-ND2","Vol":2,"Faqe":130,"Pronaret":"TEFIK TASHI HARUM, ALMIRA TASHI MALIQ","Kufizimet":"ME KERKESEN NR.1770 DT.05.02.2020 FSHIHET KUFIZIMI I PAGESES, KUFIZOHET PASURIA DERI NE MIRATIMIN E VKM PER KALIMIN E PARCELES NDERTIMORE KJO ND NDODHET MBI PAS ME NR.55/12","Siperfaqe":55.4}},
{"type":"Feature","geometry":{"type":"Polygon","coordinates":[[[20.058232029534448,41.049485980943494],[20.058215269483824,41.04944911340447],[20.05818602698659,41.04945673201078],[20.058163886736473,41.04940802938604],[20.05829547783536,41.04937374562423],[20.058334378271912,41.04945931574819],[20.058232029534448,41.049485980943494]]]},"properties":{"Zk_Numer":3376,"Zk_Emer":"SHIRGJAN","Nr_Pas":"83/3-ND","Vol":2,"Faqe":132,"Pronaret":"MANUSHAQE TASHI SELIM, OLSI TASHI IDRIZ","Kufizimet":"FSHIHET KUFIZIMI ME KERKESEN NR.1666 DT.04.02.2020, ME KRYERJEN E PAGESES SE PARCELES NDERTIMORE FSHIHET HIPOTEKA LIGJORE KJO NDERTESE NDODHET MBI PASURINE ME NR.83/3","Siperfaqe":106.3}},
{"type":"Feature","geometry":{"type":"Polygon","coordinates":[[[20.049051259843743,41.0583523239079],[20.04915574624442,41.05834743385437],[20.049159159999512,41.058389225168916],[20.049187062632832,41.0583879192855],[20.049189485312855,41.05841757763691],[20.04916158266705,41.05841888352092],[20.04916437240814,41.05845303556237],[20.049059885841004,41.05845792562373],[20.049051259843743,41.0583523239079]]]},"properties":{"Zk_Numer":3376,"Zk_Emer":"SHIRGJAN","Nr_Pas":"318/20-ND","Vol":2,"Faqe":134,"Pronaret":"LULZIM PEPA GANI, DHURATA PEPA MUSA","Kufizimet":"ME KRIJIMIN E MARREDHENIEVE ME TRUALLIN FSHIHET HIPOTEKA LIGJORE KJO NDERTESE NDODHET MBI PASURINE ME NR.318/20","Siperfaqe":111.1}},
{"type":"Feature","geometry":{"type":"Polygon","coordinates":[[[20.05447557886455,41.055445626794246],[20.054608075947332,41.055415813562746],[20.05463769972529,41.0554912509989],[20.054505202504597,41.055521064264155],[20.05447557886455,41.055445626794246]]]},"properties":{"Zk_Numer":3376,"Zk_Emer":"SHIRGJAN","Nr_Pas":"1/63-ND","Vol":2,"Faqe":136,"Pronaret":"MERSINE BODURRI ZENEL","Kufizimet":"ME RREGULLIMIN E MARREDHENIEVE ME TRUALLIN FSHIHET KUFIZIMI KJO ND NDODHET MBI PAS ME NR.1/63","Siperfaqe":101.5}},
{"type":"Feature","geometry":{"type":"Polygon","coordinates":[[[20.052571705632296,41.05433250292164],[20.05249626219084,41.05414375375934],[20.052626058294543,41.05411402573587],[20.052646727779905,41.05416573781762],[20.052666083342967,41.05416130467534],[20.05268227447325,41.054201812467085],[20.052662918899408,41.054206245612065],[20.052701502072843,41.054302774813976],[20.052571705632296,41.05433250292164]]]},"properties":{"Zk_Numer":3376,"Zk_Emer":"SHIRGJAN","Nr_Pas":"1/64-ND","Vol":2,"Faqe":138,"Pronaret":"ERMIRA KUQJA NAZMI, PINO KUQJA EMIN","Kufizimet":"ME KRIJIMIN E MARREDHENIEVE ME TRUALLIN FSHIHET HIPOTEKA LIGJORE KJO ND NDODHET MBI PAS ME NR.1/64","Siperfaqe":257.6}},
{"type":"Feature","geometry":{"type":"Polygon","coordinates":[[[20.04800763106354,41.051799140337735],[20.047875995721284,41.05180406564813],[20.047872707391527,41.051753701632066],[20.047855480756386,41.05175434617821],[20.047851135488553,41.05168779372692],[20.047999403194975,41.051682246106225],[20.04801581081319,41.051681632183005],[20.048016662282546,41.05169467286488],[20.048000848682427,41.05169526456179],[20.04800763106354,41.051799140337735]]]},"properties":{"Zk_Numer":3376,"Zk_Emer":"SHIRGJAN","Nr_Pas":"55/3-ND","Vol":2,"Faqe":165,"Pronaret":"GANI PEPA HAZIZ, XHEVAHIR PEPA GANI, ILIRIAN PEPA GANI, FATIME PEPA DEMIR, ARJANA PEPA SEFEDIN","Kufizimet":"KUFIZOHET PASURIA DERI NE KRIJIMIN E MARREDHENIEVE ME TRUALLIN KJO ND NDODHET MBI PAS ME NR.55/3","Siperfaqe":156.7}},
{"type":"Feature","geometry":{"type":"Polygon","coordinates":[[[20.04983514267461,41.05761404272428],[20.049887680118065,41.05756136474324],[20.04987059033925,41.057551599154685],[20.049888365610098,41.057533776315076],[20.049905455386927,41.05754354190104],[20.04993613203803,41.057512783118376],[20.050050633650127,41.05757821244833],[20.049971075046248,41.05765798411845],[20.049930154439327,41.05763460098497],[20.049908723749766,41.05765608901236],[20.04983514267461,41.05761404272428]]]},"properties":{"Zk_Numer":3376,"Zk_Emer":"SHIRGJAN","Nr_Pas":"314/1-ND3","Vol":2,"Faqe":175,"Pronaret":"MARJANA SULONJAKU KOVI, KOZMA SULONJAKU VIKTOR","Kufizimet":"KUFIZOHET PASURIA DERI NE KRIJIMIN E MARREDHENIEVE ME TRUALLIN KJO NDERTESE NDODHET MBI PASURINE ME NR.314/1","Siperfaqe":161.5}},
{"type":"Feature","geometry":{"type":"Polygon","coordinates":[[[20.069010454731693,41.03375608655185],[20.069003087545536,41.03385279444709],[20.068819665481083,41.033844782506655],[20.068827815233977,41.03373780586197],[20.068923454568,41.03374115584524],[20.06892260944434,41.03375224947525],[20.069010454731693,41.03375608655185]]]},"properties":{"Zk_Numer":3376,"Zk_Emer":"SHIRGJAN","Nr_Pas":"233/12-ND","Vol":2,"Faqe":179,"Pronaret":"DASHAMIR BARDHI DHIMITËR, TATJANA BARDHI KUJTIM","Kufizimet":"ME KRIJIMIN E MARREDHENIEVE ME TRUALLIN FSHIHET HIPOTEKA LIGJORE KJO ND NDODHET MBI PAS ME NR.233/12","Siperfaqe":175.8}},
{"type":"Feature","geometry":{"type":"Polygon","coordinates":[[[20.05012346598338,41.051308440490615],[20.05014260208646,41.05129313948857],[20.050127745142184,41.05128249146575],[20.050154077714467,41.05126143623881],[20.05016789812713,41.051271341373265],[20.050202980937424,41.051243289520066],[20.050288494829147,41.05130457747652],[20.05021530339259,41.051363100614985],[20.05016105819338,41.051324222975595],[20.050153698152965,41.05133010797791],[20.05012346598338,41.051308440490615]]]},"properties":{"Zk_Numer":3376,"Zk_Emer":"SHIRGJAN","Nr_Pas":"58/37-ND","Vol":2,"Faqe":181,"Pronaret":"DASHAMIR TASHI QAZIM, SUZANA TASHI XHAFERR","Kufizimet":"ME KRIJIMIN E MARREDHENIEVE ME TRUALLIN FSHIHET HIPOTEKA LIGJORE KJO ND NDODHET MBI PAS ME NR.58/37","Siperfaqe":97}},
{"type":"Feature","geometry":{"type":"Polygon","coordinates":[[[20.058020880671016,41.05511646880011],[20.05802924577992,41.054927479363684],[20.05817191186502,41.0549310976297],[20.058163547163982,41.055120087076084],[20.058020880671016,41.05511646880011]]]},"properties":{"Zk_Numer":3376,"Zk_Emer":"SHIRGJAN","Nr_Pas":"4/12-ND","Vol":9,"Faqe":131,"Pronaret":"SHOQERIA E RECIPROK BASHKEPUNIMIT","Kufizimet":"KUFIZOHET PASURIA DERI NE PLOTESIMIN E DOKUMENTACIONIT TEKNIKO-LIGJOR KJO ND NDODHET MBI PASURINE ME NR.4/12","Siperfaqe":252}},
{"type":"Feature","geometry":{"type":"Polygon","coordinates":[[[20.052817705016857,41.05246520985832],[20.052806473110373,41.05238552166717],[20.052937053299825,41.05237497462354],[20.052948285362046,41.052454662802],[20.052817705016857,41.05246520985832]]]},"properties":{"Zk_Numer":3376,"Zk_Emer":"SHIRGJAN","Nr_Pas":"47/2-ND","Vol":2,"Faqe":189,"Pronaret":"ILIR TASHI SELMAN","Kufizimet":"KUFIZOHEN VEPRIMET DERI NE SHLYERJEN E PAGESES SE TAKSES SE INFRASTRUKTURES, ME KRIJIMIN E MARREDHENIVE ME TRUALLIN FSHIHET HIPOTEKA LIGJORE KJO ND NDODHET MBI PAS ME NR.47/2","Siperfaqe":98.3}},
{"type":"Feature","geometry":{"type":"Polygon","coordinates":[[[20.060039213515157,41.0548030880927],[20.060024220744335,41.054757196733775],[20.060006899343787,41.054760439333066],[20.059993620059927,41.05471979269696],[20.060140274446027,41.054692338624115],[20.06016854666975,41.054778876585694],[20.060039213515157,41.0548030880927]]]},"properties":{"Zk_Numer":3376,"Zk_Emer":"SHIRGJAN","Nr_Pas":"5/7-ND","Vol":2,"Faqe":196,"Pronaret":"ALKET TASHI IDRIZ","Kufizimet":"KUFIZOHET PASURIA DERI NE KRIJIMIN E MARREDHENIEVE ME TRUALLIN KJO ND NDODHET MBI PAS ME NR.5/7","Siperfaqe":117.8}},
{"type":"Feature","geometry":{"type":"Polygon","coordinates":[[[20.056200040415124,41.0495019384923],[20.05619440967971,41.049387209565324],[20.056243737874127,41.04938582210301],[20.056244930281622,41.04941011764018],[20.05634180375315,41.049407392802365],[20.05637449111902,41.04940647336017],[20.056377538508272,41.04946856195119],[20.05634485111172,41.04946948139425],[20.056346242299078,41.04949782618594],[20.056200040415124,41.0495019384923]]]},"properties":{"Zk_Numer":3376,"Zk_Emer":"SHIRGJAN","Nr_Pas":"73/24-ND","Vol":2,"Faqe":198,"Pronaret":"DURIM MUÇA VEIZ, XHENTILA MUÇA VASIL","Kufizimet":"KUFIZOHET PASURIA DERI NE KRIJIMIN E MARREDHENIEVE ME TRUALLIN KJO NDERTESE NDODHET MBI PAS ME NR.73/24","Siperfaqe":153.8}},
{"type":"Feature","geometry":{"type":"Polygon","coordinates":[[[20.05210558106977,41.05477257225068],[20.05223317259884,41.05474828423734],[20.05226015258061,41.05482949796491],[20.05213256090461,41.05485378600787],[20.05210558106977,41.05477257225068]]]},"properties":{"Zk_Numer":3376,"Zk_Emer":"SHIRGJAN","Nr_Pas":"302/12-ND","Vol":2,"Faqe":210,"Pronaret":"FLORA MURATI SHPËTIM, BARDHUL MURATI NAZIF","Kufizimet":"KUFIZOHET PASURIA DERI NE KRIJIMIN E MARREDHENIEVE ME TRUALLIN KJO NDERTESE NDODHET MBI PASURINE ME NR.302/12","Siperfaqe":102.8}},
{"type":"Feature","geometry":{"type":"Polygon","coordinates":[[[20.054570258783592,41.054405599590865],[20.054677731711752,41.054377737046366],[20.054712034250638,41.05445355427869],[20.054604561213633,41.05448141685487],[20.054570258783592,41.054405599590865]]]},"properties":{"Zk_Numer":3376,"Zk_Emer":"SHIRGJAN","Nr_Pas":"1/14-ND","Vol":2,"Faqe":221,"Pronaret":"FATBARDHA BEZATI FERIT","Kufizimet":"VENDOSET HIPOTEKA LIGJORE DERI NE KRIJIMIN E MARREDHENIVE ME TRUALLIN KJO ND NDODHET MBI PAS ME NR.1/14","Siperfaqe":85}},
{"type":"Feature","geometry":{"type":"Polygon","coordinates":[[[20.051414527370298,41.05648499032551],[20.05151506517388,41.05642590146373],[20.051589746903723,41.05649876443838],[20.05148930599265,41.05655789210499],[20.051414527370298,41.05648499032551]]]},"properties":{"Zk_Numer":3376,"Zk_Emer":"SHIRGJAN","Nr_Pas":"310/23-ND","Vol":2,"Faqe":222,"Pronaret":"ILIRJAN BIBA DHIMITËR, ARJANA BIBA LAZAR","Kufizimet":"VENDOSET HIPOTEKE LIGJORE DERI NE RREGULLIMIN E MARREDHENIEVE ME TRUALLIN KJO ND NDODHET MBI PAS ME NR.310/23","Siperfaqe":109.6}},
{"type":"Feature","geometry":{"type":"Polygon","coordinates":[[[20.049191812462333,41.052126375374925],[20.049201477497796,41.05205233697831],[20.049251194583398,41.052056056259005],[20.04926412966356,41.05195696998382],[20.049361195674486,41.051964231322785],[20.049349661688296,41.05205258584159],[20.049349240568546,41.05205581176717],[20.049335035765623,41.052054749135856],[20.049324390763108,41.0521362933636],[20.049191812462333,41.052126375374925]]]},"properties":{"Zk_Numer":3376,"Zk_Emer":"SHIRGJAN","Nr_Pas":"51/6-ND","Vol":2,"Faqe":223,"Pronaret":"NAZE KUMURIJA RAMAZAN, QANI KUMURIJA XHEMAL","Kufizimet":"KUFIZOHET PASURIA DERI NE RREGULLIMIN E MARREDHENIEVE ME TRUALLIN KJO NDERTESE NDODHET MBI PASURINE ME NR.51/6","Siperfaqe":182.2}},
{"type":"Feature","geometry":{"type":"Polygon","coordinates":[[[20.049885738659725,41.055950264275744],[20.04980570354525,41.05590059785825],[20.049826820409862,41.05588109980008],[20.049814585168527,41.05587350711515],[20.04986948896126,41.05582281215132],[20.04991318625362,41.05584992885665],[20.049905267444156,41.0558572406349],[20.049964879810407,41.05589423350685],[20.04992905661265,41.05592731061027],[20.04991801727871,41.05592046007739],[20.049885738659725,41.055950264275744]]]},"properties":{"Zk_Numer":3376,"Zk_Emer":"SHIRGJAN","Nr_Pas":"310/8-ND","Vol":2,"Faqe":225,"Pronaret":"ELMIJE GURABARDHI XHAFERR, SKËNDER GURABARDHI XHEMALI","Kufizimet":"KUFIZOHET PASURIA DERI NE RREGULLIMIN E MARREDHENIEVE ME TRUALLIN KJO ND NDODHET MBI PAS ME NR.310/8","Siperfaqe":97.7}},
{"type":"Feature","geometry":{"type":"Polygon","coordinates":[[[20.06047233790386,41.05477678874753],[20.060450682117484,41.05469815880693],[20.06059275215538,41.054675738042924],[20.060614408103508,41.05475436795702],[20.06047233790386,41.05477678874753]]]},"properties":{"Zk_Numer":3376,"Zk_Emer":"SHIRGJAN","Nr_Pas":"5/8-ND","Vol":2,"Faqe":104,"Pronaret":"OSMAN MUÇA ALI, BURBUQE PAESHTI ALI, RESMIE KOÇI ALI, HAMITE MUÇA NEBI, LILJANA ROÇI ALI, BESNIK MUÇA ALI, BAKIJE MARRA ALI, NADIRE KRYEMADHI ALI, XHEVDET MUÇA ALI, SERVET MUÇA ALI, FATMIR MUÇA ALI","Kufizimet":"ME RREGULLIMIN E MARREDHENIEVE ME TRUALLIN FSHIHET KUFIZIMI KJO ND NDODHET MBI PAS ME NR.5/8","Siperfaqe":108.8}},
{"type":"Feature","geometry":{"type":"Polygon","coordinates":[[[20.05854292481134,41.04978818104714],[20.05850424139016,41.04977165373202],[20.05853456345728,41.04967900199359],[20.0586626970908,41.049703034200604],[20.05862951625064,41.049804421758],[20.058587952354465,41.04979662622491],[20.058586844304802,41.049797038026234],[20.058585717918287,41.04979742025551],[20.058584574571537,41.0497977724456],[20.058583415661907,41.049798094166086],[20.05858224260577,41.04979838502374],[20.05858105683679,41.04979864466313],[20.05857985980417,41.0497988727669],[20.05857865297087,41.049799069056284],[20.058577437811838,41.0497992332914],[20.058576215812188,41.0497993652715],[20.058574988465406,41.04979946483528],[20.058573757271507,41.04979953186108],[20.058572523735208,41.04979956626699],[20.05857128936408,41.04979956801094],[20.058570055666735,41.0497995370908],[20.058568824150942,41.04979947354436],[20.05856759632181,41.04979937744929],[20.05856637367995,41.04979924892304],[20.05856515771962,41.04979908812267],[20.058563949926924,41.04979889524472],[20.058562751777973,41.04979867052491],[20.058561564737108,41.04979841423789],[20.05856039025507,41.04979812669688],[20.058559229767273,41.049797808253295],[20.058558084692017,41.049797459296336],[20.058556956428767,41.04979708025247],[20.05855584635644,41.049796671584964],[20.05855475583173,41.04979623379328],[20.05855368618742,41.04979576741244],[20.0585526387308,41.049795273012464],[20.058551614742022,41.04979475119759],[20.058550615472562,41.04979420260553],[20.058549642143692,41.04979362790679],[20.058548695944975,41.049793027803716],[20.05854777803281,41.04979240302974],[20.058546889529044,41.04979175434843],[20.058546031519562,41.049791082552595],[20.058545205052987,41.04979038846326],[20.058544411139398,41.04978967292871],[20.058543650749076,41.04978893682346],[20.05854292481134,41.04978818104714]]]},"properties":{"Zk_Numer":3376,"Zk_Emer":"SHIRGJAN","Nr_Pas":"23/62-ND","Vol":2,"Faqe":241,"Pronaret":"ZENEPE MUÇA SKËNDER, AGIM MUÇA VEIZ, BUJAR MUÇA VEIZ, ANITA MUÇA HYSEN","Kufizimet":"KUFIZOHET PASURIA DERI NE RREGULLIMIN E MARREDHENIEVE ME TRUALLIN KJO NDERTESE NDODHET MBI PASURINE ME NR.23/62","Siperfaqe":128.9}},
{"type":"Feature","geometry":{"type":"Polygon","coordinates":[[[20.058899033043506,41.055042896827636],[20.058930298591612,41.05512435063968],[20.058952237399367,41.05518199604469],[20.0588549587715,41.055203209886784],[20.058796197736587,41.05504881125245],[20.058893216798744,41.05502765401845],[20.058899033043506,41.055042896827636]]]},"properties":{"Zk_Numer":3376,"Zk_Emer":"SHIRGJAN","Nr_Pas":"5/28-ND2","Vol":2,"Faqe":243,"Pronaret":"DALLANDYSHE TAFA AHMET, PËRPARIM TAFA ZARIF","Kufizimet":"KUFIZOHET PASURIA DERI NE RREGULLIMIN E MARREDHENIEVE ME TRUALLIN KJO NDERTESE NDODHET MBI PASURINE NR.5/28","Siperfaqe":151.7}},
{"type":"Feature","geometry":{"type":"Polygon","coordinates":[[[20.05532182335375,41.05220495430029],[20.055330375905946,41.05212209484108],[20.055438528726103,41.052128491928904],[20.055429976308794,41.05221135139594],[20.05532182335375,41.05220495430029]]]},"properties":{"Zk_Numer":3376,"Zk_Emer":"SHIRGJAN","Nr_Pas":"34/1-ND","Vol":3,"Faqe":65,"Pronaret":"ALTIN MURATI SHAQIR, MIRANDA MURATI SABRI","Kufizimet":"KUFIZOHET PASURIA DERI NE RREGULLIMIN E MARREDHENIEVE ME TRUALLIN KJO NDERTESE NDODHET MBI PASURINE ME NR.34/1","Siperfaqe":84.1}},
{"type":"Feature","geometry":{"type":"Polygon","coordinates":[[[20.0479851996966,41.059233167447694],[20.048051203504187,41.05917224243914],[20.04814319284969,41.05922933910958],[20.04807718907001,41.0592902641702],[20.0479851996966,41.059233167447694]]]},"properties":{"Zk_Numer":3376,"Zk_Emer":"SHIRGJAN","Nr_Pas":"319/1-ND2","Vol":3,"Faqe":66,"Pronaret":"ARBEN KUMURIJA GANI, ARDIANA KUMURIJA ISLAM","Kufizimet":"KUFIZOHET PASURIA DERI NE RREGULLIMIN E MARREDHENIEVE ME TRUALLIN KJO NDERTESE NDODHET MBI PASURINE ME NR.319/1","Siperfaqe":87.5}},
{"type":"Feature","geometry":{"type":"Polygon","coordinates":[[[20.048549165297555,41.05961638012192],[20.048613565163258,41.05955447925455],[20.04870469189545,41.05960879538378],[20.04864007145004,41.05967088582927],[20.048613901697113,41.05965528734408],[20.04859491273298,41.05967356196439],[20.048556125439237,41.059650442763626],[20.048575335019777,41.05963197862196],[20.048549165297555,41.05961638012192]]]},"properties":{"Zk_Numer":3376,"Zk_Emer":"SHIRGJAN","Nr_Pas":"318/2-ND","Vol":3,"Faqe":67,"Pronaret":"ARJAN KUMURIJA GANI, JOLANDA KUMURIJA NURI","Kufizimet":"KUFIZOHET PASURIA DERI NE RREGULLIMIN E MARREDHENIEVE ME TRUALLIN KJO NDERTESE NDODHET MBI PASURINE ME NR.318/2","Siperfaqe":96.2}},
{"type":"Feature","geometry":{"type":"Polygon","coordinates":[[[20.04958396068405,41.05266773597452],[20.04956945506928,41.0525643147074],[20.049665266727754,41.052556613918355],[20.04967977249085,41.052660035173474],[20.04958396068405,41.05266773597452]]]},"properties":{"Zk_Numer":3376,"Zk_Emer":"SHIRGJAN","Nr_Pas":"306/9-ND","Vol":3,"Faqe":68,"Pronaret":"NEXHMIJE BOÇI BELUL, AVNI BOÇI ISUF","Kufizimet":"KUFIZOHET PASURIA DERI NE RREGULLIMIN E MARREDHENIEVE ME TRUALLIN KJO NDERTESE NDODHET MBI PASURINE ME NR.306/9","Siperfaqe":93.5}},
{"type":"Feature","geometry":{"type":"Polygon","coordinates":[[[20.05160383500278,41.05317621312916],[20.051596683114663,41.053057836982205],[20.0516509872994,41.05305595691056],[20.051652617688898,41.05308294235389],[20.05173068740755,41.05308023944784],[20.0517362091111,41.053171630144334],[20.05160383500278,41.05317621312916]]]},"properties":{"Zk_Numer":3376,"Zk_Emer":"SHIRGJAN","Nr_Pas":"306/28-ND","Vol":3,"Faqe":69,"Pronaret":"BEHAR MURATI KASO","Kufizimet":"KUFIZOHET PASURIA DERI NE RREGULLIMIN E MARREDHENIEVE ME TRUALLIN KJO NDERTESE NDODHET MBI PASURINE ME NR.306/28","Siperfaqe":126.9}},
{"type":"Feature","geometry":{"type":"Polygon","coordinates":[[[20.047615865910213,41.057517435515074],[20.047684164618502,41.05745679030917],[20.04776428352619,41.05750848831572],[20.047695984838096,41.05756913356855],[20.047677878854717,41.05755745039753],[20.047677593670265,41.057557813931595],[20.04767729194033,41.057558169730896],[20.04767697403065,41.05755851736416],[20.04767664032657,41.05755885641003],[20.04767629123259,41.05755918645751],[20.04767592717185,41.05755950710658],[20.047675548585637,41.05755981796854],[20.047675155932854,41.057560118666586],[20.047674749689442,41.05756040883624],[20.047674330347824,41.05756068812578],[20.047673898416292,41.057560956196674],[20.04767345441841,41.05756121272398],[20.047672998892352,41.05756145739676],[20.047672532390283,41.057561689918415],[20.047672055477666,41.05756191000713],[20.047671568732568,41.0575621173961],[20.047671072745,41.057562311833976],[20.04767056811616,41.057562493085044],[20.047670055457722,41.05756266092961],[20.047669535391098,41.05756281516423],[20.047669008546674,41.05756295560196],[20.047668475563057,41.057563082072555],[20.04766793708629,41.05756319442274],[20.047667393769075,41.057563292516285],[20.047666846269987,41.057563376234334],[20.047666295252665,41.0575634454754],[20.047665741385018,41.05756350015554],[20.047665185338396,41.05756354020849],[20.047664627786812,41.057563565585674],[20.047664069406082,41.05756357625637],[20.047663510873043,41.05756357220761],[20.047662952864705,41.057563553444325],[20.04766239605745,41.05756351998925],[20.0476618411262,41.05756347188293],[20.047661288743605,41.05756340918368],[20.04766073957922,41.05756333196751],[20.04766019429871,41.057563240327994],[20.047659653563027,41.05756313437624],[20.047659118027607,41.05756301424065],[20.04765858834159,41.05756288006687],[20.04765806514703,41.0575627320175],[20.047657549078103,41.057562570272026],[20.047657040760352,41.057562395026494],[20.04765654080992,41.05756220649333],[20.04765604983282,41.05756200490104],[20.04765556842418,41.057561790494],[20.047655097167524,41.05756156353211],[20.04765463663408,41.05756132429045],[20.047654187382076,41.05756107305902],[20.04765374995606,41.05756081014236],[20.047653324886248,41.05756053585915],[20.047652912687884,41.05756025054185],[20.047652513860605,41.05755995453631],[20.047652128887844,41.05755964820132],[20.04765175823623,41.0575593319082],[20.04765140235505,41.05755900604035],[20.047651061675673,41.05755867099276],[20.04765073661105,41.05755832717154],[20.047650427555197,41.05755797499345],[20.047650134882733,41.05755761488539],[20.04764985894841,41.05755724728383],[20.047649600086704,41.05755687263438],[20.047649358611384,41.057556491391146],[20.04764913481515,41.057556104016264],[20.047648928969267,41.057555710979244],[20.047648741323254,41.05755531275654],[20.04764857210456,41.057554909830834],[20.0476484215183,41.05755450269051],[20.047648289747002,41.0575540918291],[20.047648176950393,41.05755367774461],[20.047648083265187,41.05755326093895],[20.047648008804956,41.057552841917364],[20.047647953659947,41.05755242118775],[20.047647917897002,41.05755199926009],[20.047647901559476,41.05755157664582],[20.047647904667162,41.0575511538572],[20.047647927216303,41.05755073140669],[20.047647969179565,41.05755030980638],[20.047648030506075,41.05754988956729],[20.0476481111215,41.0575494711988],[20.047648210928127,41.05754905520805],[20.047648329804975,41.05754864209923],[20.04764846760795,41.057548232373136],[20.047648624170016,41.057547826526374],[20.047648799301395,41.0575474250509],[20.047648992789814,41.05754702843333],[20.04764920440073,41.05754663715444],[20.04764943387765,41.05754625168849],[20.047649680942413,41.05754587250274],[20.047649945295547,41.057545500056804],[20.04765022661662,41.05754513480212],[20.047650524564634,41.05754477718144],[20.04765083877844,41.05754442762824],[20.04765116887717,41.057544086566224],[20.047651514460696,41.0575437544088],[20.047651875110134,41.05754343155859],[20.047652250388317,41.05754311840694],[20.047652639840372,41.05754281533341],[20.047653042994227,41.05754252270539],[20.047653459361207,41.05754224087755],[20.047653888436624,41.05754197019153],[20.047615865910213,41.057517435515074]]]},"properties":{"Zk_Numer":3376,"Zk_Emer":"SHIRGJAN","Nr_Pas":"317/1-ND4","Vol":3,"Faqe":70,"Pronaret":"DRITAN KUMURIJA YZEIR, MIRANDA KUMURIJA KADRI","Kufizimet":"KUFIZOHET PASURIA DERI NE RREGULLIMIN E MARREDHENIEVE ME TRUALLIN KJO NDERTESE NDODHET MBI PASURINE ME NR.317/1","Siperfaqe":82}},
{"type":"Feature","geometry":{"type":"Polygon","coordinates":[[[20.048972741661185,41.05811657958246],[20.048952406926688,41.05802283689612],[20.049058056851795,41.05800970620104],[20.04907839173221,41.05810344886886],[20.048972741661185,41.05811657958246]]]},"properties":{"Zk_Numer":3376,"Zk_Emer":"SHIRGJAN","Nr_Pas":"318/26-ND","Vol":3,"Faqe":71,"Pronaret":"FATOS KYÇYKU RIZA, LEDINA KYÇYKU BASHKIM","Kufizimet":"KUFIZOHET PASURIA DERI NE RREGULLIMIN E MARREDHENIEVE ME TRUALLIN KJO ND NDODHET MBI PAS ME NR.318/26","Siperfaqe":95}},
{"type":"Feature","geometry":{"type":"Polygon","coordinates":[[[20.052427599742607,41.05258583049946],[20.052439669854547,41.05255145615664],[20.052459787669946,41.05255550421169],[20.052483011122426,41.05248936622757],[20.052519797956982,41.05249676836898],[20.05250329711196,41.052543761152926],[20.052562500980287,41.05255567395793],[20.05254370836729,41.052609193523615],[20.052427599742607,41.05258583049946]]]},"properties":{"Zk_Numer":3376,"Zk_Emer":"SHIRGJAN","Nr_Pas":"47/1-ND","Vol":3,"Faqe":72,"Pronaret":"FATUSH MUÇA MUSA","Kufizimet":"KUFIZOHET PASURIA DERI NE RREGULLIMIN E MARREDHENIEVE ME TRUALLIN KJO NDERTESE NDODHET MBI PASURINE ME NR.47/1","Siperfaqe":75.5}},
{"type":"Feature","geometry":{"type":"Polygon","coordinates":[[[20.04827985274804,41.05485939076199],[20.048168608032366,41.05479850858976],[20.048228546153936,41.05473575315118],[20.048339790819046,41.05479663526624],[20.04827985274804,41.05485939076199]]]},"properties":{"Zk_Numer":3376,"Zk_Emer":"SHIRGJAN","Nr_Pas":"310/18-ND2","Vol":3,"Faqe":73,"Pronaret":"FERIT BOÇI RUSHAN, FATIME BOÇI RIZA","Kufizimet":"KUFIZOHET PASURIA DERI NE RREGULLIMIN E MARREDHENIEVE ME TRUALLIN KJO NDERTESE NDODHET MBI PASURINE ME NR.310/18","Siperfaqe":99.2}},
{"type":"Feature","geometry":{"type":"Polygon","coordinates":[[[20.049452398181387,41.05549977589603],[20.049556863906965,41.055558647280826],[20.04949470696617,41.05562184603988],[20.04945444096214,41.05559915425123],[20.04943696595595,41.055616922118745],[20.049413970451443,41.055603963054274],[20.0494314454604,41.055586195190216],[20.049390745856794,41.055563259000365],[20.049452398181387,41.05549977589603]]]},"properties":{"Zk_Numer":3376,"Zk_Emer":"SHIRGJAN","Nr_Pas":"310/12-ND","Vol":3,"Faqe":74,"Pronaret":"GANI KASA RAKIP, LUIZA KASA ADEM","Kufizimet":"KUFIZOHET PASURIA DERI NE RREGULLIMIN E MARREDHENIEVE ME TRUALLIN KJO ND NDODHET MBI PAS ME NR.310/12","Siperfaqe":101.5}},
{"type":"Feature","geometry":{"type":"Polygon","coordinates":[[[20.048815858239532,41.05580068306302],[20.04888269171408,41.05573508283046],[20.04904094552435,41.05582746495469],[20.04897411211369,41.055893065277935],[20.048815858239532,41.05580068306302]]]},"properties":{"Zk_Numer":3376,"Zk_Emer":"SHIRGJAN","Nr_Pas":"310/13-ND2","Vol":3,"Faqe":75,"Pronaret":"GENCI ÇAKALLI MINI, ENTELA ÇAKALLI PËLLUMB","Kufizimet":"KUFIZOHET PASURIA DERI NE RREGULLIMIN E MARREDHENIEVE ME TRUALLIN KJO PASURI NDODHET MBI PAS ME NR.310/13","Siperfaqe":154.6}},
{"type":"Feature","geometry":{"type":"Polygon","coordinates":[[[20.066417757706382,41.03732906570576],[20.066429511973023,41.037238556037],[20.066569167870423,41.03724895400434],[20.06655741379327,41.037339463687026],[20.066417757706382,41.03732906570576]]]},"properties":{"Zk_Numer":3376,"Zk_Emer":"SHIRGJAN","Nr_Pas":"218/19-ND","Vol":1,"Faqe":13,"Pronaret":"JAUP TASHI ZENUN, ALMA TASHI NEVRUZ","Kufizimet":"KUFIZOHET PASURIA DERI NE MIRATIMIN E VKM PER KALIMIN E PARCELES NDERTIMORE KJO NDERTESE NDODHET MBI PASURINE ME NR.218/19","Siperfaqe":119.2}},
{"type":"Feature","geometry":{"type":"Polygon","coordinates":[[[20.04775273389852,41.06057012233346],[20.047838854988925,41.06049435340823],[20.047934449482547,41.06055660254903],[20.047848328420795,41.060632371544855],[20.04775273389852,41.06057012233346]]]},"properties":{"Zk_Numer":3376,"Zk_Emer":"SHIRGJAN","Nr_Pas":"321/1-ND4","Vol":3,"Faqe":76,"Pronaret":"LULZIM FANI FAIK, ELCA FANI SELMAN","Kufizimet":"KUFIZOHET PASURIA DERI NE RREGULLIMIN E MARREDHENIEVE ME TRUALLIN KJO NDERTESE NDODHET MBI PASURINE ME NR.321/1","Siperfaqe":117.6}},
{"type":"Feature","geometry":{"type":"Polygon","coordinates":[[[20.048420787344355,41.05175114895427],[20.04838382779334,41.05174572469403],[20.048327953502575,41.05162028449121],[20.048534280102768,41.05156862268417],[20.048596962413626,41.051707039117204],[20.048420787344355,41.05175114895427]]]},"properties":{"Zk_Numer":3376,"Zk_Emer":"SHIRGJAN","Nr_Pas":"55/4-ND","Vol":3,"Faqe":77,"Pronaret":"FLUTURA ELEZI LEFI, MEHMET ELEZI DERVISH","Kufizimet":"KUFIZOHET PASURIA DERI NE RREGULLIMIN E MARREDHENIEVE ME TRUALLIN KJO NDERTESE NDODHET MBI PASURINE ME NR.55/4","Siperfaqe":295.4}},
{"type":"Feature","geometry":{"type":"Polygon","coordinates":[[[20.04584639068463,41.054502953883286],[20.045736103185128,41.054439569029434],[20.04580407834233,41.054371796321064],[20.045914365793774,41.05443518111063],[20.04584639068463,41.054502953883286]]]},"properties":{"Zk_Numer":3376,"Zk_Emer":"SHIRGJAN","Nr_Pas":"314/21-ND","Vol":3,"Faqe":78,"Pronaret":"KLODJAN XHARDJA RESHIT, RESHIT XHARDJA HAMID","Kufizimet":"KUFIZOHET PASURIA DERI NE RREGULLIMIN E MARREDHENIEVE ME TRUALLIN KJO NDERTESE NDODHET MBI PASURINE ME NR.314/21","Siperfaqe":110}},
{"type":"Feature","geometry":{"type":"Polygon","coordinates":[[[20.052276833861207,41.04875008275986],[20.052392157423927,41.04869870357455],[20.05243243892069,41.04875180067429],[20.052415729667356,41.04875906561082],[20.052441320293248,41.04879279788201],[20.05234127094928,41.048836297781754],[20.052276833861207,41.04875008275986]]]},"properties":{"Zk_Numer":3376,"Zk_Emer":"SHIRGJAN","Nr_Pas":"63/19-ND","Vol":3,"Faqe":79,"Pronaret":"SHKËLQIM SHKIRA ASLLAN, MARJETA SHKIRA RAMAZAN","Kufizimet":"KUFIZOHET PASURIA DERI NE RREGULLIMIN E MARREDHENIEVE ME TRUALLIN KJO NDERTESE NDODHET MBI PASURINE ME NR.63/19","Siperfaqe":117.8}},
{"type":"Feature","geometry":{"type":"Polygon","coordinates":[[[20.069950444192937,41.04203866741093],[20.069950329785172,41.04193061265115],[20.070069261437332,41.04193054040623],[20.07006937603962,41.04203859516573],[20.069950444192937,41.04203866741093]]]},"properties":{"Zk_Numer":3376,"Zk_Emer":"SHIRGJAN","Nr_Pas":"141/7-ND","Vol":3,"Faqe":80,"Pronaret":"FLUTUR RUÇI BAJRAM, SIMO RUÇI HYSEN","Kufizimet":"KUFIZOHET PASURIA DERI NE RREGULLIMIN E MARREDHENIEVE ME TRUALLIN KJO NDERTESE NDODHET MBI PASURINE ME NR.141/7","Siperfaqe":120}},
{"type":"Feature","geometry":{"type":"Polygon","coordinates":[[[20.047421105506924,41.05887547695587],[20.047489377316946,41.05881363538884],[20.04754369257799,41.05884799021003],[20.047564288513268,41.05882933407719],[20.047593500103105,41.05884781060384],[20.047504632384005,41.05892830835777],[20.047421105506924,41.05887547695587]]]},"properties":{"Zk_Numer":3376,"Zk_Emer":"SHIRGJAN","Nr_Pas":"319/2-ND4","Vol":3,"Faqe":81,"Pronaret":"MIRGETA XHARDJA DALIP, TAULANT XHARDJA QEMAL","Kufizimet":"KUFIZOHET PASURIA DERI NE RREGULLIMIN E MARREDHENIEVE ME TRUALLIN KJO NDERTESE NDODHET MBI PASURINE ME NR.319/2","Siperfaqe":90.5}},
{"type":"Feature","geometry":{"type":"Polygon","coordinates":[[[20.05491036273035,41.05026255194992],[20.054897453246042,41.05017077411647],[20.055021645001847,41.05016076289581],[20.055034554656743,41.05025254071542],[20.05491036273035,41.05026255194992]]]},"properties":{"Zk_Numer":3376,"Zk_Emer":"SHIRGJAN","Nr_Pas":"73/3-ND","Vol":3,"Faqe":82,"Pronaret":"VALMIR XHARDJA QEMAL","Kufizimet":"KUFIZOHET PASURIA DERI NE RREGULLIMIN E MARREDHENIEVE ME TRUALLIN KJO NDERTESE NDODHET MBI PASURINE ME NR.73/3","Siperfaqe":107.6}},
{"type":"Feature","geometry":{"type":"Polygon","coordinates":[[[20.060097399820048,41.052710185282834],[20.060114530549548,41.05260617763077],[20.060233157740495,41.05261737407441],[20.060216027194958,41.05272138174377],[20.060097399820048,41.052710185282834]]]},"properties":{"Zk_Numer":3376,"Zk_Emer":"SHIRGJAN","Nr_Pas":"18/1-ND","Vol":3,"Faqe":83,"Pronaret":"ANA MURATI ABDULLA, VASIL MURATI SHAQIR","Kufizimet":"KUFIZOHET PASURIA DERI NE RREGULLIMIN E MARREDHENIEVE ME TRUALLIN KJO NDERTESE NDODHET MBI PASURINE ME NR.18/1","Siperfaqe":117}},
{"type":"Feature","geometry":{"type":"Polygon","coordinates":[[[20.062498628642018,41.04018793255165],[20.062470484620103,41.04008862139682],[20.06251816012513,41.04008087609633],[20.062524223073577,41.04010227025293],[20.062593992106667,41.04009093562766],[20.062616073326925,41.04016885260107],[20.062498628642018,41.04018793255165]]]},"properties":{"Zk_Numer":3376,"Zk_Emer":"SHIRGJAN","Nr_Pas":"193/43-ND","Vol":3,"Faqe":84,"Pronaret":"MERITA KLLOGJERI SEIT, YLLI KLLOGJERI NAIM","Kufizimet":"KUFIZOHET PASURIA DERI NE RREGULLIMIN E MARREDHENIEVE ME TRUALLIN KJO NDERTESE NDODHET MBI PASURINE ME NR.193/43","Siperfaqe":99.3}},
{"type":"Feature","geometry":{"type":"Polygon","coordinates":[[[20.066414142666197,41.03698521715943],[20.06634787384369,41.036894633624414],[20.06646074481353,41.036847292370794],[20.06652701374312,41.03693787584158],[20.066414142666197,41.03698521715943]]]},"properties":{"Zk_Numer":3376,"Zk_Emer":"SHIRGJAN","Nr_Pas":"218/30-ND","Vol":1,"Faqe":35,"Pronaret":"SEFER TASHI ZENUN","Kufizimet":"ME MIRATIMIN E VKM PER KALIMIN E PARCELES NDERTIMORE FSHIHET KUFIZIMI KJO NDERTESE NDODHET MBI PASURINE ME NR.218/30","Siperfaqe":124.8}},
{"type":"Feature","geometry":{"type":"Polygon","coordinates":[[[20.04905680829329,41.05208536802892],[20.049067857676892,41.05199336074644],[20.049116426820316,41.05199670324248],[20.04911761144308,41.05198683891325],[20.049170326730625,41.05199046672063],[20.049183357476753,41.05199136347829],[20.04917112363802,41.05209323510204],[20.04905680829329,41.05208536802892]]]},"properties":{"Zk_Numer":3376,"Zk_Emer":"SHIRGJAN","Nr_Pas":"51/5-ND","Vol":1,"Faqe":43,"Pronaret":"EMILJANO KUMURIJA QANI","Kufizimet":"KUFIZOHET PASURIA DERI NE MIRATIMIN E VKM PER KALIMIN E PARCELES NDERTIMORE KJO NDERTESE NDODHET MBI PASURINE ME NR.51/5","Siperfaqe":105}},
{"type":"Feature","geometry":{"type":"Polygon","coordinates":[[[20.06254859593268,41.03991519685662],[20.062409038047768,41.03992636435236],[20.062397351048222,41.03984263791807],[20.06253690875829,41.03983147043644],[20.06254859593268,41.03991519685662]]]},"properties":{"Zk_Numer":3376,"Zk_Emer":"SHIRGJAN","Nr_Pas":"193/44-ND","Vol":1,"Faqe":49,"Pronaret":"BARDHYL KLLOGJERI NAIM","Kufizimet":"KUFIZOHET PASURIA DERI NE MIRATIMIN E VKM PER KALIMIN E PARCELES NDERTIMORE KJO NDERTESE NDODHET MBI PASURINE ME NR.193/44","Siperfaqe":110.3}},
{"type":"Feature","geometry":{"type":"Polygon","coordinates":[[[20.04796051770361,41.051210606813896],[20.04808333225411,41.05116926052649],[20.04813069987833,41.05124989131281],[20.048007885207653,41.05129123765018],[20.04796051770361,41.051210606813896]]]},"properties":{"Zk_Numer":3376,"Zk_Emer":"SHIRGJAN","Nr_Pas":"55/8-ND","Vol":2,"Faqe":201,"Pronaret":"SULO AVDIU SALI, FARUSHE AVDIU SHAHIN","Kufizimet":"ME KRIJIMIN E MARREDHENIEVE ME TRUALLIN FSHIHET HIPOTEKA LIGJORE KJO ND NDODHET MBI PAS ME NR.55/8","Siperfaqe":110.7}},
{"type":"Feature","geometry":{"type":"Polygon","coordinates":[[[20.051956449790122,41.0539283325564],[20.05198827913869,41.05400237834702],[20.052007612072302,41.05404735317949],[20.05168296972269,41.054127318176796],[20.051663940119646,41.05408304848707],[20.051631807963364,41.05400829741094],[20.051956449790122,41.0539283325564]]]},"properties":{"Zk_Numer":3376,"Zk_Emer":"SHIRGJAN","Nr_Pas":"","Vol":0,"Faqe":0,"Pronaret":"","Kufizimet":"","Siperfaqe":398.9}},
{"type":"Feature","geometry":{"type":"Polygon","coordinates":[[[20.05082261788029,41.053124619478936],[20.050840974720185,41.05302109515009],[20.050947079652975,41.05303187645288],[20.050928722976447,41.053135400798325],[20.05082261788029,41.053124619478936]]]},"properties":{"Zk_Numer":3376,"Zk_Emer":"SHIRGJAN","Nr_Pas":"","Vol":0,"Faqe":0,"Pronaret":"","Kufizimet":"","Siperfaqe":104.4}},
{"type":"Feature","geometry":{"type":"Polygon","coordinates":[[[20.052056897292236,41.05413064518902],[20.05189908372412,41.05416799171305],[20.051885773622725,41.05413576285741],[20.05186249895492,41.05414127077706],[20.051852383294346,41.054116776843586],[20.051875657954366,41.05411126892597],[20.051868026841095,41.05409279104722],[20.05202584024715,41.05405544456532],[20.052056897292236,41.05413064518902]]]},"properties":{"Zk_Numer":3376,"Zk_Emer":"SHIRGJAN","Nr_Pas":"","Vol":0,"Faqe":0,"Pronaret":"","Kufizimet":"","Siperfaqe":127.5}},
{"type":"Feature","geometry":{"type":"Polygon","coordinates":[[[20.052467633368604,41.053716979068014],[20.052482605012464,41.053714049088306],[20.052495080250093,41.0537505771788],[20.052341908674915,41.053780553049556],[20.052321067128908,41.053719527571694],[20.05231761213234,41.053720203716175],[20.05231570111813,41.05371753480735],[20.052313913987643,41.05371481716133],[20.052312252906898,41.05371205407195],[20.05231071988914,41.053709248888126],[20.052309316792385,41.05370640500977],[20.052308045317197,41.053703525883705],[20.052306907004603,41.05370061499947],[20.05230590323423,41.05369767588511],[20.052305035222652,41.053694712102875],[20.05230430402189,41.0536917272449],[20.052303710518153,41.05368872492889],[20.052303255430758,41.053685708793665],[20.05230293931125,41.05368268249486],[20.052302762542762,41.05367964970036],[20.05230272533951,41.053676614085965],[20.05244438005333,41.05364889209495],[20.052467633368604,41.053716979068014]]]},"properties":{"Zk_Numer":3376,"Zk_Emer":"SHIRGJAN","Nr_Pas":"","Vol":0,"Faqe":0,"Pronaret":"","Kufizimet":"","Siperfaqe":152}},
{"type":"Feature","geometry":{"type":"Polygon","coordinates":[[[20.05770257141429,41.055290116036716],[20.0577004552272,41.055356730423505],[20.05752088369155,41.05535346381285],[20.057523000130633,41.055286847195674],[20.05753573071399,41.05528707627723],[20.05770257141429,41.055290116036716]]]},"properties":{"Zk_Numer":3376,"Zk_Emer":"SHIRGJAN","Nr_Pas":"","Vol":0,"Faqe":0,"Pronaret":"","Kufizimet":"","Siperfaqe":111.7}},
{"type":"Feature","geometry":{"type":"Polygon","coordinates":[[[20.05729025699341,41.05528307682356],[20.057297291918434,41.055283133174754],[20.057460354199197,41.05528443921662],[20.057459370058556,41.05535485082987],[20.057289272671415,41.055353488435514],[20.05729025699341,41.05528307682356]]]},"properties":{"Zk_Numer":3376,"Zk_Emer":"SHIRGJAN","Nr_Pas":"","Vol":0,"Faqe":0,"Pronaret":"","Kufizimet":"","Siperfaqe":111.8}},
{"type":"Feature","geometry":{"type":"Polygon","coordinates":[[[20.05753573071399,41.05528707627723],[20.05753580130537,41.0552848284448],[20.057290345985443,41.055280411374504],[20.057293506916704,41.05517976898114],[20.057677624893973,41.05518668111261],[20.05767787082391,41.055178849369156],[20.05779726848812,41.055180997646765],[20.05779379174239,41.055291722297994],[20.05770257141429,41.055290116036716],[20.05753573071399,41.05528707627723]]]},"properties":{"Zk_Numer":3376,"Zk_Emer":"SHIRGJAN","Nr_Pas":"","Vol":0,"Faqe":0,"Pronaret":"","Kufizimet":"","Siperfaqe":487.6}},
{"type":"Feature","geometry":{"type":"Polygon","coordinates":[[[20.056478934216447,41.05343038466505],[20.05654716298147,41.05334021673727],[20.05663727268355,41.05337928861529],[20.05656904400131,41.05346945659574],[20.056478934216447,41.05343038466505]]]},"properties":{"Zk_Numer":3376,"Zk_Emer":"SHIRGJAN","Nr_Pas":"","Vol":0,"Faqe":0,"Pronaret":"","Kufizimet":"","Siperfaqe":100.7}},
{"type":"Feature","geometry":{"type":"Polygon","coordinates":[[[20.047968798362138,41.056037850476805],[20.047911617545005,41.05608969061308],[20.047833088224742,41.05604005891212],[20.047890269060627,41.05598821881435],[20.047968798362138,41.056037850476805]]]},"properties":{"Zk_Numer":3376,"Zk_Emer":"SHIRGJAN","Nr_Pas":"","Vol":0,"Faqe":0,"Pronaret":"","Kufizimet":"","Siperfaqe":64.5}},
{"type":"Feature","geometry":{"type":"Polygon","coordinates":[[[20.050013625893794,41.0529604880533],[20.049903351237493,41.05297699224453],[20.049882010447043,41.05289528181324],[20.04994385754207,41.05288602551871],[20.04994085828975,41.05287454189171],[20.04998928571187,41.05286729401652],[20.050013625893794,41.0529604880533]]]},"properties":{"Zk_Numer":3376,"Zk_Emer":"SHIRGJAN","Nr_Pas":"","Vol":0,"Faqe":0,"Pronaret":"","Kufizimet":"","Siperfaqe":92.8}},
{"type":"Feature","geometry":{"type":"Polygon","coordinates":[[[20.0552244129313,41.05418441399756],[20.05526408398835,41.054282104138515],[20.055215760221216,41.054293348897595],[20.05522449834105,41.05431486655136],[20.05513069330661,41.05433669456226],[20.05511636283844,41.054301405598146],[20.055141946023433,41.054295452515],[20.055107867503224,41.054211533636334],[20.0552244129313,41.05418441399756]]]},"properties":{"Zk_Numer":3376,"Zk_Emer":"SHIRGJAN","Nr_Pas":"","Vol":0,"Faqe":0,"Pronaret":"","Kufizimet":"","Siperfaqe":140.6}},
{"type":"Feature","geometry":{"type":"Polygon","coordinates":[[[20.06988232425289,41.04237440953701],[20.069888868474106,41.04228991176164],[20.07000830925182,41.04229521431804],[20.070001765182862,41.042379712099994],[20.06988232425289,41.04237440953701]]]},"properties":{"Zk_Numer":3376,"Zk_Emer":"SHIRGJAN","Nr_Pas":"","Vol":0,"Faqe":0,"Pronaret":"","Kufizimet":"","Siperfaqe":94.6}},
{"type":"Feature","geometry":{"type":"Polygon","coordinates":[[[20.0696371288672,41.037889724918585],[20.069553881801404,41.03788977518673],[20.069553872322835,41.037880770616916],[20.069445651151735,41.03788083587559],[20.069445494999286,41.03773226047122],[20.069553715927043,41.03773219521289],[20.069553734599694,41.037749934215874],[20.069652408277907,41.037788354866706],[20.06965548098672,41.037783478724776],[20.069665892265366,41.03778723999542],[20.069662819557145,41.03779211613761],[20.069671305420584,41.03779526184308],[20.06963706623384,41.03783029475764],[20.0696371288672,41.037889724918585]]]},"properties":{"Zk_Numer":3376,"Zk_Emer":"SHIRGJAN","Nr_Pas":"","Vol":0,"Faqe":0,"Pronaret":"","Kufizimet":"","Siperfaqe":254.5}},
{"type":"Feature","geometry":{"type":"Polygon","coordinates":[[[20.05773715073202,41.0553386790564],[20.05773731203792,41.055314817320536],[20.057780730339854,41.05531498549195],[20.057780569049644,41.05533884722786],[20.05773715073202,41.0553386790564]]]},"properties":{"Zk_Numer":3376,"Zk_Emer":"SHIRGJAN","Nr_Pas":"","Vol":0,"Faqe":0,"Pronaret":"","Kufizimet":"","Siperfaqe":9.7}},
{"type":"Feature","geometry":{"type":"Polygon","coordinates":[[[20.05038018551294,41.053236896274505],[20.050498423969675,41.05327005001017],[20.050454627160768,41.05335955530361],[20.050336388565675,41.05332640152362],[20.05038018551294,41.053236896274505]]]},"properties":{"Zk_Numer":3376,"Zk_Emer":"SHIRGJAN","Nr_Pas":"","Vol":0,"Faqe":0,"Pronaret":"","Kufizimet":"","Siperfaqe":112.4}},
{"type":"Feature","geometry":{"type":"Polygon","coordinates":[[[20.035346658835408,41.06289825571283],[20.03544276408559,41.06296005575331],[20.03535071367534,41.063042059687575],[20.035313540855668,41.06301815587859],[20.0353193180856,41.06301300919219],[20.03526038562305,41.06297511288776],[20.035346658835408,41.06289825571283]]]},"properties":{"Zk_Numer":3376,"Zk_Emer":"SHIRGJAN","Nr_Pas":"","Vol":0,"Faqe":0,"Pronaret":"","Kufizimet":"","Siperfaqe":121.8}},
{"type":"Feature","geometry":{"type":"Polygon","coordinates":[[[20.035354991370234,41.062850257725195],[20.03541259002262,41.06279809147354],[20.035474666286284,41.06283735598136],[20.035449490734052,41.062860157141465],[20.03544036186616,41.06285438294928],[20.03541747498454,41.06287511127001],[20.035408346117382,41.062869337075306],[20.035398809912103,41.062877973873505],[20.035354991370234,41.062850257725195]]]},"properties":{"Zk_Numer":3376,"Zk_Emer":"SHIRGJAN","Nr_Pas":"","Vol":0,"Faqe":0,"Pronaret":"","Kufizimet":"","Siperfaqe":45.8}},
{"type":"Feature","geometry":{"type":"Polygon","coordinates":[[[20.03740017471889,41.05993221771557],[20.03751041617265,41.059957231761814],[20.037479462169273,41.06003538895665],[20.03736922059669,41.06001037488118],[20.03740017471889,41.05993221771557]]]},"properties":{"Zk_Numer":3376,"Zk_Emer":"SHIRGJAN","Nr_Pas":"","Vol":0,"Faqe":0,"Pronaret":"","Kufizimet":"","Siperfaqe":87.7}},
{"type":"Feature","geometry":{"type":"Polygon","coordinates":[[[20.03758203437953,41.05980399464869],[20.037619542679906,41.059861312618345],[20.03748672761903,41.05991110641381],[20.0374492194056,41.059853788401384],[20.03758203437953,41.05980399464869]]]},"properties":{"Zk_Numer":3376,"Zk_Emer":"SHIRGJAN","Nr_Pas":"","Vol":0,"Faqe":0,"Pronaret":"","Kufizimet":"","Siperfaqe":88.5}},
{"type":"Feature","geometry":{"type":"Polygon","coordinates":[[[20.04838687424957,41.059933750702186],[20.048299395427502,41.059876374966436],[20.048375197702747,41.05981016115934],[20.04846267650285,41.05986753683821],[20.04838687424957,41.059933750702186]]]},"properties":{"Zk_Numer":3376,"Zk_Emer":"SHIRGJAN","Nr_Pas":"","Vol":0,"Faqe":0,"Pronaret":"","Kufizimet":"","Siperfaqe":94.7}},
{"type":"Feature","geometry":{"type":"Polygon","coordinates":[[[20.049141001569115,41.059244333431046],[20.049117779184915,41.05918070341168],[20.04923415100556,41.05915637048781],[20.0492573734933,41.05922000048394],[20.049141001569115,41.059244333431046]]]},"properties":{"Zk_Numer":3376,"Zk_Emer":"SHIRGJAN","Nr_Pas":"","Vol":0,"Faqe":0,"Pronaret":"","Kufizimet":"","Siperfaqe":74.4}},
{"type":"Feature","geometry":{"type":"Polygon","coordinates":[[[20.049326305877536,41.05875062814727],[20.049461531970675,41.05845492618559],[20.04961194487482,41.05849433547301],[20.04950041817719,41.05873821484631],[20.049518501803625,41.05874295287492],[20.04951065404398,41.058760113682304],[20.04949309544036,41.05875551321304],[20.04947733171291,41.05878998414025],[20.049326305877536,41.05875062814727]]]},"properties":{"Zk_Numer":3376,"Zk_Emer":"SHIRGJAN","Nr_Pas":"","Vol":0,"Faqe":0,"Pronaret":"","Kufizimet":"","Siperfaqe":468.2}},
{"type":"Feature","geometry":{"type":"Polygon","coordinates":[[[20.048765184034817,41.05796356824597],[20.048722606767488,41.05795401748717],[20.048735975808533,41.05791987011794],[20.04868838993299,41.05790919582711],[20.048675276450773,41.057942690383385],[20.04863178781026,41.05793293514884],[20.048675020133974,41.05782251086873],[20.048808671735177,41.05785249110874],[20.048765184034817,41.05796356824597]]]},"properties":{"Zk_Numer":3376,"Zk_Emer":"SHIRGJAN","Nr_Pas":"","Vol":0,"Faqe":0,"Pronaret":"","Kufizimet":"","Siperfaqe":134}},
{"type":"Feature","geometry":{"type":"Polygon","coordinates":[[[20.048844901948385,41.05776019886866],[20.048826269869746,41.057824154856135],[20.04877565153022,41.05781540730487],[20.04879533564525,41.05774996820985],[20.048844901948385,41.05776019886866]]]},"properties":{"Zk_Numer":3376,"Zk_Emer":"SHIRGJAN","Nr_Pas":"","Vol":0,"Faqe":0,"Pronaret":"","Kufizimet":"","Siperfaqe":32}},
{"type":"Feature","geometry":{"type":"Polygon","coordinates":[[[20.047600673928166,41.058995201070026],[20.047666472589476,41.058934465747505],[20.047697667643753,41.058953828403425],[20.047734472830236,41.05891985536969],[20.047812167427765,41.05896808001869],[20.047776387335077,41.05900110687568],[20.047787034831124,41.05900771571594],[20.047758368686576,41.059034176006605],[20.047751774361714,41.05903008294584],[20.047713616799392,41.059065304244285],[20.047600673928166,41.058995201070026]]]},"properties":{"Zk_Numer":3376,"Zk_Emer":"SHIRGJAN","Nr_Pas":"","Vol":0,"Faqe":0,"Pronaret":"","Kufizimet":"","Siperfaqe":151.1}},
{"type":"Feature","geometry":{"type":"Polygon","coordinates":[[[20.048923874914212,41.05898917624639],[20.048802534797844,41.05892656869404],[20.04886591079999,41.0588561956132],[20.048940329573814,41.05889459329031],[20.048930690568973,41.05890529652255],[20.04897761184619,41.05892950633583],[20.048923874914212,41.05898917624639]]]},"properties":{"Zk_Numer":3376,"Zk_Emer":"SHIRGJAN","Nr_Pas":"","Vol":0,"Faqe":0,"Pronaret":"","Kufizimet":"","Siperfaqe":109.9}},
{"type":"Feature","geometry":{"type":"Polygon","coordinates":[[[20.049320039620014,41.05902187143534],[20.04927946170531,41.05891915441488],[20.04941040445359,41.05888951744731],[20.049450982938126,41.05899223433508],[20.049320039620014,41.05902187143534]]]},"properties":{"Zk_Numer":3376,"Zk_Emer":"SHIRGJAN","Nr_Pas":"","Vol":0,"Faqe":0,"Pronaret":"","Kufizimet":"","Siperfaqe":136.8}},
{"type":"Feature","geometry":{"type":"Polygon","coordinates":[[[20.049194798207207,41.05890417547132],[20.0490613558069,41.05886680250622],[20.04910103804353,41.05878562476122],[20.049234480922173,41.05882299641259],[20.049194798207207,41.05890417547132]]]},"properties":{"Zk_Numer":3376,"Zk_Emer":"SHIRGJAN","Nr_Pas":"","Vol":0,"Faqe":0,"Pronaret":"","Kufizimet":"","Siperfaqe":115}},
{"type":"Feature","geometry":{"type":"Polygon","coordinates":[[[20.049179108641848,41.05868098662358],[20.049045404947528,41.058686012719434],[20.049017276083415,41.058666787579426],[20.04903629355505,41.0586483481944],[20.049081705036212,41.05864977497642],[20.049082018493987,41.05863387231787],[20.049175418153574,41.05863883211772],[20.049179108641848,41.05868098662358]]]},"properties":{"Zk_Numer":3376,"Zk_Emer":"SHIRGJAN","Nr_Pas":"","Vol":0,"Faqe":0,"Pronaret":"","Kufizimet":"","Siperfaqe":59.4}},
{"type":"Feature","geometry":{"type":"Polygon","coordinates":[[[20.049182520806834,41.05863910813508],[20.0490586533051,41.058620131061595],[20.049085103212466,41.058521247636904],[20.049208962567892,41.05854022346159],[20.049182520806834,41.05863910813508]]]},"properties":{"Zk_Numer":3376,"Zk_Emer":"SHIRGJAN","Nr_Pas":"","Vol":0,"Faqe":0,"Pronaret":"","Kufizimet":"","Siperfaqe":119}},
{"type":"Feature","geometry":{"type":"Polygon","coordinates":[[[20.049130401835335,41.058266583234975],[20.04902436819237,41.05827813411413],[20.04900582673539,41.05818062644241],[20.04911186228421,41.0581690753559],[20.049130401835335,41.058266583234975]]]},"properties":{"Zk_Numer":3376,"Zk_Emer":"SHIRGJAN","Nr_Pas":"","Vol":0,"Faqe":0,"Pronaret":"","Kufizimet":"","Siperfaqe":98.5}},
{"type":"Feature","geometry":{"type":"Polygon","coordinates":[[[20.049885200177673,41.0586086979006],[20.049733810602177,41.058615727299554],[20.04973151332954,41.05858738042634],[20.04972028775513,41.05858790165002],[20.049714082913844,41.05851133759806],[20.049945887390866,41.05850057427423],[20.04994812047181,41.05852812799247],[20.04989255872997,41.05853070792084],[20.049896118825078,41.05857463591573],[20.049882490949432,41.058575268702135],[20.049885200177673,41.0586086979006]]]},"properties":{"Zk_Numer":3376,"Zk_Emer":"SHIRGJAN","Nr_Pas":"","Vol":0,"Faqe":0,"Pronaret":"","Kufizimet":"","Siperfaqe":180.4}},
{"type":"Feature","geometry":{"type":"Polygon","coordinates":[[[20.0493618599402,41.05841274524758],[20.04924660136684,41.05839673136535],[20.04927200122611,41.0582919907669],[20.049387259437154,41.058308004598345],[20.0493618599402,41.05841274524758]]]},"properties":{"Zk_Numer":3376,"Zk_Emer":"SHIRGJAN","Nr_Pas":"","Vol":0,"Faqe":0,"Pronaret":"","Kufizimet":"","Siperfaqe":116.5}},
{"type":"Feature","geometry":{"type":"Polygon","coordinates":[[[20.046781898253982,41.057020421804104],[20.046869316687133,41.056937864250386],[20.04697114317524,41.05699964260138],[20.046883724787758,41.05708220023142],[20.046781898253982,41.057020421804104]]]},"properties":{"Zk_Numer":3376,"Zk_Emer":"SHIRGJAN","Nr_Pas":"","Vol":0,"Faqe":0,"Pronaret":"","Kufizimet":"","Siperfaqe":128.9}},
{"type":"Feature","geometry":{"type":"Polygon","coordinates":[[[20.049037393159225,41.05799716093372],[20.049027874170953,41.057952718507785],[20.049086587819996,41.05794551324138],[20.04909610684674,41.05798995566251],[20.049037393159225,41.05799716093372]]]},"properties":{"Zk_Numer":3376,"Zk_Emer":"SHIRGJAN","Nr_Pas":"","Vol":0,"Faqe":0,"Pronaret":"","Kufizimet":"","Siperfaqe":25}},
{"type":"Feature","geometry":{"type":"Polygon","coordinates":[[[20.049699816105523,41.05836127871418],[20.049683326195936,41.05824986917192],[20.049808640941457,41.058239242102836],[20.049825131059805,41.05835065162726],[20.049699816105523,41.05836127871418]]]},"properties":{"Zk_Numer":3376,"Zk_Emer":"SHIRGJAN","Nr_Pas":"","Vol":0,"Faqe":0,"Pronaret":"","Kufizimet":"","Siperfaqe":132}},
{"type":"Feature","geometry":{"type":"Polygon","coordinates":[[[20.047497680025728,41.057457004200224],[20.047510989112062,41.057444422273015],[20.047471059008508,41.057420221695274],[20.047536637797933,41.05735822583011],[20.047579075127175,41.05738394595466],[20.047569781090573,41.057392732222425],[20.047632833554093,41.05743094656284],[20.047563239752076,41.057496738149254],[20.047497680025728,41.057457004200224]]]},"properties":{"Zk_Numer":3376,"Zk_Emer":"SHIRGJAN","Nr_Pas":"","Vol":0,"Faqe":0,"Pronaret":"","Kufizimet":"","Siperfaqe":104.3}},
{"type":"Feature","geometry":{"type":"Polygon","coordinates":[[[20.048776788013853,41.0586455149239],[20.048746055898288,41.058543685438444],[20.048848808889943,41.0585259180601],[20.048879541155653,41.05862774751838],[20.048776788013853,41.0586455149239]]]},"properties":{"Zk_Numer":3376,"Zk_Emer":"SHIRGJAN","Nr_Pas":"","Vol":0,"Faqe":0,"Pronaret":"","Kufizimet":"","Siperfaqe":102.8}},
{"type":"Feature","geometry":{"type":"Polygon","coordinates":[[[20.04817636659132,41.05771733493662],[20.04810877233383,41.05777748822116],[20.048025950347128,41.057724164941476],[20.048093544625583,41.057664011704944],[20.048134774362055,41.05769055664726],[20.048171035353782,41.05770070903109],[20.04817636659132,41.05771733493662]]]},"properties":{"Zk_Numer":3376,"Zk_Emer":"SHIRGJAN","Nr_Pas":"","Vol":0,"Faqe":0,"Pronaret":"","Kufizimet":"","Siperfaqe":82.7}},
{"type":"Feature","geometry":{"type":"Polygon","coordinates":[[[20.048644997627967,41.05839712479076],[20.048751042360145,41.05836915220339],[20.048790581523,41.058455032617424],[20.048684536669718,41.058483005240845],[20.048644997627967,41.05839712479076]]]},"properties":{"Zk_Numer":3376,"Zk_Emer":"SHIRGJAN","Nr_Pas":"","Vol":0,"Faqe":0,"Pronaret":"","Kufizimet":"","Siperfaqe":95.3}},
{"type":"Feature","geometry":{"type":"Polygon","coordinates":[[[20.048406002163905,41.059429409901014],[20.048510723835474,41.05948455373181],[20.04845248338353,41.0595479204904],[20.04834776166,41.05949277660734],[20.048406002163905,41.059429409901014]]]},"properties":{"Zk_Numer":3376,"Zk_Emer":"SHIRGJAN","Nr_Pas":"","Vol":0,"Faqe":0,"Pronaret":"","Kufizimet":"","Siperfaqe":91.9}},
{"type":"Feature","geometry":{"type":"Polygon","coordinates":[[[20.051623392077897,41.05624673486166],[20.051696386373763,41.05621419979109],[20.051749895883344,41.056282850542054],[20.05167682273377,41.0563154207708],[20.051623392077897,41.05624673486166]]]},"properties":{"Zk_Numer":3376,"Zk_Emer":"SHIRGJAN","Nr_Pas":"","Vol":0,"Faqe":0,"Pronaret":"","Kufizimet":"","Siperfaqe":63.1}},
{"type":"Feature","geometry":{"type":"Polygon","coordinates":[[[20.050839207930416,41.055417365994],[20.050830839109125,41.0554255493259],[20.05074217325832,41.05537359255842],[20.05073100051256,41.05536704549779],[20.05081122799315,41.05528859621259],[20.050823791015244,41.0552959579489],[20.050911066542042,41.05534709997204],[20.050839207930416,41.055417365994]]]},"properties":{"Zk_Numer":3376,"Zk_Emer":"SHIRGJAN","Nr_Pas":"","Vol":0,"Faqe":0,"Pronaret":"","Kufizimet":"","Siperfaqe":116.9}},
{"type":"Feature","geometry":{"type":"Polygon","coordinates":[[[20.050839207930416,41.055417365994],[20.050911066542042,41.05534709997204],[20.051031699924867,41.05541953303619],[20.05095886562448,41.05548912439764],[20.050839207930416,41.055417365994]]]},"properties":{"Zk_Numer":3376,"Zk_Emer":"SHIRGJAN","Nr_Pas":"","Vol":0,"Faqe":0,"Pronaret":"","Kufizimet":"","Siperfaqe":127.1}},
{"type":"Feature","geometry":{"type":"Polygon","coordinates":[[[20.051920550762656,41.0564356472051],[20.051998331415213,41.05639414034223],[20.052066874188373,41.05646773566439],[20.051989093492317,41.05650924257302],[20.051920550762656,41.0564356472051]]]},"properties":{"Zk_Numer":3376,"Zk_Emer":"SHIRGJAN","Nr_Pas":"","Vol":0,"Faqe":0,"Pronaret":"","Kufizimet":"","Siperfaqe":80}},
{"type":"Feature","geometry":{"type":"Polygon","coordinates":[[[20.051718225768067,41.05640658398575],[20.051728170307562,41.05641880705116],[20.051637008843027,41.056461303532934],[20.0515839863639,41.056396132194784],[20.051675147772674,41.0563536357545],[20.051718225768067,41.05640658398575]]]},"properties":{"Zk_Numer":3376,"Zk_Emer":"SHIRGJAN","Nr_Pas":"","Vol":0,"Faqe":0,"Pronaret":"","Kufizimet":"","Siperfaqe":76.5}},
{"type":"Feature","geometry":{"type":"Polygon","coordinates":[[[20.051728170307562,41.05641880705116],[20.051718225768067,41.05640658398575],[20.051757589758996,41.056388233747526],[20.05178869432403,41.0564264650479],[20.051749330318977,41.05644481529663],[20.051728170307562,41.05641880705116]]]},"properties":{"Zk_Numer":3376,"Zk_Emer":"SHIRGJAN","Nr_Pas":"","Vol":0,"Faqe":0,"Pronaret":"","Kufizimet":"","Siperfaqe":19.4}},
{"type":"Feature","geometry":{"type":"Polygon","coordinates":[[[20.05203180521883,41.056181297564294],[20.05192832330617,41.05622495631733],[20.051886543066654,41.056168643485165],[20.05197006085219,41.056133471775254],[20.05203180521883,41.056181297564294]]]},"properties":{"Zk_Numer":3376,"Zk_Emer":"SHIRGJAN","Nr_Pas":"","Vol":0,"Faqe":0,"Pronaret":"","Kufizimet":"","Siperfaqe":64.5}},
{"type":"Feature","geometry":{"type":"Polygon","coordinates":[[[20.052174309118453,41.0561415638582],[20.05227269683803,41.05620262723449],[20.05220316289487,41.05626682170895],[20.05210477514382,41.056205758274004],[20.052174309118453,41.0561415638582]]]},"properties":{"Zk_Numer":3376,"Zk_Emer":"SHIRGJAN","Nr_Pas":"","Vol":0,"Faqe":0,"Pronaret":"","Kufizimet":"","Siperfaqe":98.6}},
{"type":"Feature","geometry":{"type":"Polygon","coordinates":[[[20.050331618103275,41.05568499921135],[20.050250676259633,41.05563645201417],[20.050238381836916,41.055629078069515],[20.050312257562688,41.055558501790784],[20.050324842845086,41.055566050182165],[20.050405493791843,41.05561442287357],[20.050331618103275,41.05568499921135]]]},"properties":{"Zk_Numer":3376,"Zk_Emer":"SHIRGJAN","Nr_Pas":"","Vol":0,"Faqe":0,"Pronaret":"","Kufizimet":"","Siperfaqe":100}},
{"type":"Feature","geometry":{"type":"Polygon","coordinates":[[[20.05025097160407,41.05548163567385],[20.050331027274787,41.05552838927636],[20.050261996114426,41.05559611781791],[20.050181940410383,41.055549364168016],[20.05025097160407,41.05548163567385]]]},"properties":{"Zk_Numer":3376,"Zk_Emer":"SHIRGJAN","Nr_Pas":"","Vol":0,"Faqe":0,"Pronaret":"","Kufizimet":"","Siperfaqe":80.8}},
{"type":"Feature","geometry":{"type":"Polygon","coordinates":[[[20.048091415916314,41.054367485984734],[20.048077843705155,41.05435871772814],[20.048087881870725,41.05434981380205],[20.048155062474834,41.05429022403158],[20.048227449360375,41.054336986458445],[20.048160268774094,41.054396576270605],[20.048150230285273,41.054405480492],[20.04813665773258,41.05439671253147],[20.048119104900657,41.05439822697556],[20.04809239540304,41.05438097244191],[20.048091415916314,41.054367485984734]]]},"properties":{"Zk_Numer":3376,"Zk_Emer":"SHIRGJAN","Nr_Pas":"","Vol":0,"Faqe":0,"Pronaret":"","Kufizimet":"","Siperfaqe":84.3}},
{"type":"Feature","geometry":{"type":"Polygon","coordinates":[[[20.05197500870596,41.054316334813194],[20.05208636053122,41.054292764783995],[20.052117948064442,41.05437827483742],[20.05200659610633,41.05440184489687],[20.051990307764108,41.05435775084114],[20.05197472292802,41.05436104969997],[20.051959423878873,41.05431963366998],[20.05197500870596,41.054316334813194]]]},"properties":{"Zk_Numer":3376,"Zk_Emer":"SHIRGJAN","Nr_Pas":"","Vol":0,"Faqe":0,"Pronaret":"","Kufizimet":"","Siperfaqe":102.3}},
{"type":"Feature","geometry":{"type":"Polygon","coordinates":[[[20.051557584991592,41.05452352818869],[20.051679852087194,41.05449085931096],[20.051719049974086,41.05457492130984],[20.05159678274232,41.05460759022877],[20.051557584991592,41.05452352818869]]]},"properties":{"Zk_Numer":3376,"Zk_Emer":"SHIRGJAN","Nr_Pas":"","Vol":0,"Faqe":0,"Pronaret":"","Kufizimet":"","Siperfaqe":107.9}},
{"type":"Feature","geometry":{"type":"Polygon","coordinates":[[[20.052216712198607,41.05440117062453],[20.052244661227142,41.05439347948423],[20.052248725367054,41.0544019421848],[20.05229791564692,41.05438840575971],[20.052319049219705,41.054432411791204],[20.05224190986361,41.05445363937157],[20.052216712198607,41.05440117062453]]]},"properties":{"Zk_Numer":3376,"Zk_Emer":"SHIRGJAN","Nr_Pas":"","Vol":0,"Faqe":0,"Pronaret":"","Kufizimet":"","Siperfaqe":38.4}},
{"type":"Feature","geometry":{"type":"Polygon","coordinates":[[[20.05200299543502,41.053699746135564],[20.05199225219551,41.05367276068794],[20.05204657929017,41.05366036711047],[20.052057322549853,41.053687352553055],[20.05200299543502,41.053699746135564]]]},"properties":{"Zk_Numer":3376,"Zk_Emer":"SHIRGJAN","Nr_Pas":"","Vol":0,"Faqe":0,"Pronaret":"","Kufizimet":"","Siperfaqe":14.9}},
{"type":"Feature","geometry":{"type":"Polygon","coordinates":[[[20.052261252559,41.05566750360942],[20.052232493995383,41.055584720582296],[20.052222226232296,41.055555164237674],[20.05251674114936,41.055496539005865],[20.052528414609007,41.0555301412955],[20.05255576794225,41.05560887827873],[20.052261252559,41.05566750360942]]]},"properties":{"Zk_Numer":3376,"Zk_Emer":"SHIRGJAN","Nr_Pas":"","Vol":0,"Faqe":0,"Pronaret":"","Kufizimet":"","Siperfaqe":330.2}},
{"type":"Feature","geometry":{"type":"Polygon","coordinates":[[[20.058272678361245,41.054898297406915],[20.05841112273449,41.05490199576942],[20.058393734287424,41.05527498119186],[20.058255289133115,41.05527128280923],[20.058272678361245,41.054898297406915]]]},"properties":{"Zk_Numer":3376,"Zk_Emer":"SHIRGJAN","Nr_Pas":"","Vol":0,"Faqe":0,"Pronaret":"","Kufizimet":"","Siperfaqe":482.7}},
{"type":"Feature","geometry":{"type":"Polygon","coordinates":[[[20.060220182361686,41.05478263661196],[20.06019958541427,41.054713228149595],[20.060257324852522,41.05470341013639],[20.060277921857523,41.05477281858853],[20.060220182361686,41.05478263661196]]]},"properties":{"Zk_Numer":3376,"Zk_Emer":"SHIRGJAN","Nr_Pas":"","Vol":0,"Faqe":0,"Pronaret":"","Kufizimet":"","Siperfaqe":39.3}},
{"type":"Feature","geometry":{"type":"Polygon","coordinates":[[[20.060291978558844,41.05486570899349],[20.06028173563582,41.0548393163995],[20.06034611317488,41.05482499994852],[20.060356371770165,41.05485138905681],[20.060291978558844,41.05486570899349]]]},"properties":{"Zk_Numer":3376,"Zk_Emer":"SHIRGJAN","Nr_Pas":"","Vol":0,"Faqe":0,"Pronaret":"","Kufizimet":"","Siperfaqe":17.2}},
{"type":"Feature","geometry":{"type":"Polygon","coordinates":[[[20.057249333867738,41.054965757440584],[20.057386717298066,41.0549669999065],[20.05738518971636,41.05506379188027],[20.057247806084682,41.05506254941269],[20.057249333867738,41.054965757440584]]]},"properties":{"Zk_Numer":3376,"Zk_Emer":"SHIRGJAN","Nr_Pas":"","Vol":0,"Faqe":0,"Pronaret":"","Kufizimet":"","Siperfaqe":124.2}},
{"type":"Feature","geometry":{"type":"Polygon","coordinates":[[[20.057528481750367,41.055034177930345],[20.057584944831532,41.05503580082684],[20.057579302920832,41.05514827661131],[20.05752283974363,41.05514665371215],[20.057528481750367,41.055034177930345]]]},"properties":{"Zk_Numer":3376,"Zk_Emer":"SHIRGJAN","Nr_Pas":"","Vol":0,"Faqe":0,"Pronaret":"","Kufizimet":"","Siperfaqe":59.4}},
{"type":"Feature","geometry":{"type":"Polygon","coordinates":[[[20.060349309055233,41.054244047438104],[20.06036669960458,41.05429527201032],[20.060181251319065,41.05433134831515],[20.060145109754043,41.05422489088931],[20.060330557760487,41.054188814642146],[20.060349309055233,41.054244047438104]]]},"properties":{"Zk_Numer":3376,"Zk_Emer":"SHIRGJAN","Nr_Pas":"","Vol":0,"Faqe":0,"Pronaret":"","Kufizimet":"","Siperfaqe":196.5}},
{"type":"Feature","geometry":{"type":"Polygon","coordinates":[[[20.06036669960458,41.05429527201032],[20.060349309055233,41.054244047438104],[20.060486773621616,41.05421730546088],[20.0605041642705,41.05426853001251],[20.06036669960458,41.05429527201032]]]},"properties":{"Zk_Numer":3376,"Zk_Emer":"SHIRGJAN","Nr_Pas":"","Vol":0,"Faqe":0,"Pronaret":"","Kufizimet":"","Siperfaqe":70.1}},
{"type":"Feature","geometry":{"type":"Polygon","coordinates":[[[20.06108765614215,41.05439824773906],[20.06112122999451,41.054488811540146],[20.061008789573897,41.05451269690268],[20.0609665599281,41.05439878396349],[20.060924330428215,41.05428487100647],[20.061036770491654,41.054260985725634],[20.0610692149349,41.05434850338677],[20.061039114341064,41.0543548975721],[20.06104833493077,41.05437976975107],[20.06105755552743,41.054404641929175],[20.06108765614215,41.05439824773906]]]},"properties":{"Zk_Numer":3376,"Zk_Emer":"SHIRGJAN","Nr_Pas":"","Vol":0,"Faqe":0,"Pronaret":"","Kufizimet":"","Siperfaqe":242.9}},
{"type":"Feature","geometry":{"type":"Polygon","coordinates":[[[20.05798668218932,41.05442210107344],[20.057585237650258,41.05442280628478],[20.05758495221055,41.05432960616962],[20.058055424594766,41.05432877955768],[20.058055710698454,41.05442197967124],[20.05798668218932,41.05442210107344]]]},"properties":{"Zk_Numer":3376,"Zk_Emer":"SHIRGJAN","Nr_Pas":"","Vol":0,"Faqe":0,"Pronaret":"","Kufizimet":"","Siperfaqe":409.4}},
{"type":"Feature","geometry":{"type":"Polygon","coordinates":[[[20.060819509519977,41.05437608677846],[20.060723122442113,41.05439577859131],[20.0607130069469,41.054367406843646],[20.060809393986396,41.054347715039206],[20.060819509519977,41.05437608677846]]]},"properties":{"Zk_Numer":3376,"Zk_Emer":"SHIRGJAN","Nr_Pas":"","Vol":0,"Faqe":0,"Pronaret":"","Kufizimet":"","Siperfaqe":27.4}},
{"type":"Feature","geometry":{"type":"Polygon","coordinates":[[[20.05815065109487,41.05491425184901],[20.05810705556992,41.05491944999478],[20.0580973931395,41.054884943918964],[20.058140915176423,41.05487857868114],[20.05815065109487,41.05491425184901]]]},"properties":{"Zk_Numer":3376,"Zk_Emer":"SHIRGJAN","Nr_Pas":"","Vol":0,"Faqe":0,"Pronaret":"","Kufizimet":"","Siperfaqe":14.8}},
{"type":"Feature","geometry":{"type":"Polygon","coordinates":[[[20.053376670821457,41.05436369772083],[20.05347876950148,41.05433931626689],[20.053507757664345,41.05440887395389],[20.05340565888754,41.05443325543327],[20.053376670821457,41.05436369772083]]]},"properties":{"Zk_Numer":3376,"Zk_Emer":"SHIRGJAN","Nr_Pas":"","Vol":0,"Faqe":0,"Pronaret":"","Kufizimet":"","Siperfaqe":72.9}},
{"type":"Feature","geometry":{"type":"Polygon","coordinates":[[[20.051846473218408,41.05305833309234],[20.05178348429723,41.05307473880118],[20.05174168792642,41.05298278045775],[20.051754060737515,41.052979557914945],[20.05174728818594,41.052964657256595],[20.051725464253682,41.05297034137635],[20.05171165309278,41.05293995464726],[20.051785907107,41.0529250786683],[20.051846473218408,41.05305833309234]]]},"properties":{"Zk_Numer":3376,"Zk_Emer":"SHIRGJAN","Nr_Pas":"","Vol":0,"Faqe":0,"Pronaret":"","Kufizimet":"","Siperfaqe":89.8}},
{"type":"Feature","geometry":{"type":"Polygon","coordinates":[[[20.059360890483305,41.05494746505497],[20.059318594077197,41.05483402728806],[20.05940113585423,41.054816392166536],[20.059409343115792,41.05483840376852],[20.059447580218695,41.05483023435522],[20.059481669542357,41.0549216604789],[20.059360890483305,41.05494746505497]]]},"properties":{"Zk_Numer":3376,"Zk_Emer":"SHIRGJAN","Nr_Pas":"","Vol":0,"Faqe":0,"Pronaret":"","Kufizimet":"","Siperfaqe":129.6}},
{"type":"Feature","geometry":{"type":"Polygon","coordinates":[[[20.048101495048133,41.05267807699712],[20.048068698440673,41.05258964968427],[20.04819238301679,41.05256336230204],[20.048225179776736,41.05265178958001],[20.048101495048133,41.05267807699712]]]},"properties":{"Zk_Numer":3376,"Zk_Emer":"SHIRGJAN","Nr_Pas":"","Vol":0,"Faqe":0,"Pronaret":"","Kufizimet":"","Siperfaqe":110.2}},
{"type":"Feature","geometry":{"type":"Polygon","coordinates":[[[20.05404007110182,41.052901992031614],[20.054030537198823,41.052830318067876],[20.054096814789943,41.05282526607589],[20.05410634876413,41.05289694003417],[20.05404007110182,41.052901992031614]]]},"properties":{"Zk_Numer":3376,"Zk_Emer":"SHIRGJAN","Nr_Pas":"","Vol":0,"Faqe":0,"Pronaret":"","Kufizimet":"","Siperfaqe":44.8}},
{"type":"Feature","geometry":{"type":"Polygon","coordinates":[[[20.053384755209226,41.0527250510612],[20.053344971679323,41.052649232031406],[20.05345507876416,41.052616124365],[20.053494862400445,41.05269194335716],[20.053384755209226,41.0527250510612]]]},"properties":{"Zk_Numer":3376,"Zk_Emer":"SHIRGJAN","Nr_Pas":"","Vol":0,"Faqe":0,"Pronaret":"","Kufizimet":"","Siperfaqe":90.2}},
{"type":"Feature","geometry":{"type":"Polygon","coordinates":[[[20.05494968635603,41.0531384245806],[20.05497307966102,41.0530678557844],[20.055054303401775,41.05308328496102],[20.055030910178143,41.053153853773466],[20.05494968635603,41.0531384245806]]]},"properties":{"Zk_Numer":3376,"Zk_Emer":"SHIRGJAN","Nr_Pas":"","Vol":0,"Faqe":0,"Pronaret":"","Kufizimet":"","Siperfaqe":56.9}},
{"type":"Feature","geometry":{"type":"Polygon","coordinates":[[[20.051145601044354,41.05336910815826],[20.051121624426933,41.05328275027232],[20.051235705129994,41.0532646001981],[20.051259681889956,41.0533509580605],[20.051145601044354,41.05336910815826]]]},"properties":{"Zk_Numer":3376,"Zk_Emer":"SHIRGJAN","Nr_Pas":"","Vol":0,"Faqe":0,"Pronaret":"","Kufizimet":"","Siperfaqe":96}},
{"type":"Feature","geometry":{"type":"Polygon","coordinates":[[[20.047030306563382,41.05284935363634],[20.047169955078164,41.05281953881933],[20.04719938794234,41.052898537585314],[20.047059739273866,41.052928352437654],[20.047030306563382,41.05284935363634]]]},"properties":{"Zk_Numer":3376,"Zk_Emer":"SHIRGJAN","Nr_Pas":"","Vol":0,"Faqe":0,"Pronaret":"","Kufizimet":"","Siperfaqe":111.2}},
{"type":"Feature","geometry":{"type":"Polygon","coordinates":[[[20.04858215908337,41.05947932083223],[20.048492479239048,41.059396409702856],[20.04860661933618,41.0593256773001],[20.04869629922759,41.05940858834163],[20.04858215908337,41.05947932083223]]]},"properties":{"Zk_Numer":3376,"Zk_Emer":"SHIRGJAN","Nr_Pas":"","Vol":0,"Faqe":0,"Pronaret":"","Kufizimet":"","Siperfaqe":147.6}},
{"type":"Feature","geometry":{"type":"Polygon","coordinates":[[[20.052958487649693,41.052040990322766],[20.0529584010027,41.05193293571671],[20.053084487685478,41.05193287770812],[20.05308457453876,41.05204093231396],[20.052958487649693,41.052040990322766]]]},"properties":{"Zk_Numer":3376,"Zk_Emer":"SHIRGJAN","Nr_Pas":"","Vol":0,"Faqe":0,"Pronaret":"","Kufizimet":"","Siperfaqe":127.2}},
{"type":"Feature","geometry":{"type":"Polygon","coordinates":[[[20.05452985932194,41.05016023635092],[20.054483352025176,41.050077359019895],[20.054614724913115,41.050035110295745],[20.05466123234487,41.05011798757428],[20.05452985932194,41.05016023635092]]]},"properties":{"Zk_Numer":3376,"Zk_Emer":"SHIRGJAN","Nr_Pas":"","Vol":0,"Faqe":0,"Pronaret":"","Kufizimet":"","Siperfaqe":120}},
{"type":"Feature","geometry":{"type":"Polygon","coordinates":[[[20.053539024594677,41.05258759022681],[20.05365345411698,41.052563000087105],[20.053683404263396,41.052642866341436],[20.05366692639913,41.05264640733281],[20.05367446266839,41.052666503830295],[20.053616446824318,41.05267897105575],[20.053608910571285,41.05265887455448],[20.053568974613928,41.05266745651062],[20.053539024594677,41.05258759022681]]]},"properties":{"Zk_Numer":3376,"Zk_Emer":"SHIRGJAN","Nr_Pas":"","Vol":0,"Faqe":0,"Pronaret":"","Kufizimet":"","Siperfaqe":104}},
{"type":"Feature","geometry":{"type":"Polygon","coordinates":[[[20.059523558224345,41.05490950867917],[20.059495274715708,41.054822045500764],[20.059595797598814,41.05480341894947],[20.05962408123255,41.054890882103415],[20.059523558224345,41.05490950867917]]]},"properties":{"Zk_Numer":3376,"Zk_Emer":"SHIRGJAN","Nr_Pas":"","Vol":0,"Faqe":0,"Pronaret":"","Kufizimet":"","Siperfaqe":87}},
{"type":"Feature","geometry":{"type":"Polygon","coordinates":[[[20.060464614553844,41.05466035553139],[20.060438689676385,41.05457616891526],[20.060549904284784,41.05455654442201],[20.060575829296262,41.054640731013315],[20.060464614553844,41.05466035553139]]]},"properties":{"Zk_Numer":3376,"Zk_Emer":"SHIRGJAN","Nr_Pas":"","Vol":0,"Faqe":0,"Pronaret":"","Kufizimet":"","Siperfaqe":92.2}},
{"type":"Feature","geometry":{"type":"Polygon","coordinates":[[[20.04873478708562,41.0521173430011],[20.048738003885862,41.05203768992701],[20.04884762449732,41.05204022680916],[20.048844407829172,41.0521198798862],[20.04873478708562,41.0521173430011]]]},"properties":{"Zk_Numer":3376,"Zk_Emer":"SHIRGJAN","Nr_Pas":"","Vol":0,"Faqe":0,"Pronaret":"","Kufizimet":"","Siperfaqe":81.6}},
{"type":"Feature","geometry":{"type":"Polygon","coordinates":[[[20.04954385884856,41.056717476122145],[20.049453192549556,41.0566597405741],[20.049557724490143,41.05656568462107],[20.049648390751234,41.05662342008782],[20.04954385884856,41.056717476122145]]]},"properties":{"Zk_Numer":3376,"Zk_Emer":"SHIRGJAN","Nr_Pas":"","Vol":0,"Faqe":0,"Pronaret":"","Kufizimet":"","Siperfaqe":136}},
{"type":"Feature","geometry":{"type":"Polygon","coordinates":[[[20.057838421286192,41.054679088173366],[20.057954238010815,41.054683756464925],[20.05794449733309,41.05482223032466],[20.05782868036627,41.05481756202361],[20.057838421286192,41.054679088173366]]]},"properties":{"Zk_Numer":3376,"Zk_Emer":"SHIRGJAN","Nr_Pas":"","Vol":0,"Faqe":0,"Pronaret":"","Kufizimet":"","Siperfaqe":150.2}},
{"type":"Feature","geometry":{"type":"Polygon","coordinates":[[[20.05781893940583,41.05495603586969],[20.05782868036627,41.05481756202361],[20.05794449733309,41.05482223032466],[20.057934756614845,41.05496070418027],[20.05781893940583,41.05495603586969]]]},"properties":{"Zk_Numer":3376,"Zk_Emer":"SHIRGJAN","Nr_Pas":"","Vol":0,"Faqe":0,"Pronaret":"","Kufizimet":"","Siperfaqe":150.2}},
{"type":"Feature","geometry":{"type":"Polygon","coordinates":[[[20.05782868036627,41.05481756202361],[20.05781893940583,41.05495603586969],[20.057703122213056,41.054951367442705],[20.057712863415688,41.054812893606126],[20.05782868036627,41.05481756202361]]]},"properties":{"Zk_Numer":3376,"Zk_Emer":"SHIRGJAN","Nr_Pas":"","Vol":0,"Faqe":0,"Pronaret":"","Kufizimet":"","Siperfaqe":150.2}},
{"type":"Feature","geometry":{"type":"Polygon","coordinates":[[[20.05782868036627,41.05481756202361],[20.057712863415688,41.054812893606126],[20.057722604577805,41.054674419765405],[20.057838421286192,41.054679088173366],[20.05782868036627,41.05481756202361]]]},"properties":{"Zk_Numer":3376,"Zk_Emer":"SHIRGJAN","Nr_Pas":"","Vol":0,"Faqe":0,"Pronaret":"","Kufizimet":"","Siperfaqe":150.2}},
{"type":"Feature","geometry":{"type":"Polygon","coordinates":[[[20.056659180295107,41.05304898201092],[20.056534432211762,41.053008278696026],[20.0565749243627,41.05293716429725],[20.056699872237196,41.05297793279312],[20.056659180295107,41.05304898201092]]]},"properties":{"Zk_Numer":3376,"Zk_Emer":"SHIRGJAN","Nr_Pas":"","Vol":0,"Faqe":0,"Pronaret":"","Kufizimet":"","Siperfaqe":98.3}},
{"type":"Feature","geometry":{"type":"Polygon","coordinates":[[[20.05257214751209,41.053949275225996],[20.052413656633092,41.053979863358066],[20.052362816257865,41.053828913402015],[20.052504593257318,41.0538015509998],[20.052529308263093,41.05387493184757],[20.052546021821417,41.05387170618347],[20.05257214751209,41.053949275225996]]]},"properties":{"Zk_Numer":3376,"Zk_Emer":"SHIRGJAN","Nr_Pas":"","Vol":0,"Faqe":0,"Pronaret":"","Kufizimet":"","Siperfaqe":225.7}},
{"type":"Feature","geometry":{"type":"Polygon","coordinates":[[[20.047682643859154,41.05179996372099],[20.047681475372492,41.051785493401404],[20.04776339757965,41.05178170243546],[20.047766503915838,41.051820170115036],[20.047701203568664,41.05182319190594],[20.047699265760652,41.05179919454403],[20.047682643859154,41.05179996372099]]]},"properties":{"Zk_Numer":3376,"Zk_Emer":"SHIRGJAN","Nr_Pas":"","Vol":0,"Faqe":0,"Pronaret":"","Kufizimet":"","Siperfaqe":25.8}},
{"type":"Feature","geometry":{"type":"Polygon","coordinates":[[[20.0576543552382,41.052085763759095],[20.057655150353526,41.052076779347026],[20.057705591027247,41.052079337431344],[20.05769589864001,41.052188857417306],[20.05758825213506,41.05218339812887],[20.057597149576953,41.052082862563424],[20.0576543552382,41.052085763759095]]]},"properties":{"Zk_Numer":3376,"Zk_Emer":"SHIRGJAN","Nr_Pas":"","Vol":0,"Faqe":0,"Pronaret":"","Kufizimet":"","Siperfaqe":105.7}},
{"type":"Feature","geometry":{"type":"Polygon","coordinates":[[[20.0523290169737,41.055787195844815],[20.052378370400906,41.05577270586349],[20.05237918771427,41.05577430094896],[20.052413346928297,41.05576427191554],[20.052414164242396,41.05576586700076],[20.05246285219609,41.05575157235409],[20.052511547040567,41.05584660582037],[20.05237934628139,41.05588541953801],[20.0523290169737,41.055787195844815]]]},"properties":{"Zk_Numer":3376,"Zk_Emer":"SHIRGJAN","Nr_Pas":"","Vol":0,"Faqe":0,"Pronaret":"","Kufizimet":"","Siperfaqe":137.2}},
{"type":"Feature","geometry":{"type":"Polygon","coordinates":[[[20.049518547977364,41.0560902086681],[20.049439963610187,41.05616018936866],[20.049377423851162,41.0561199495243],[20.04939668474541,41.056102797407156],[20.049358617106076,41.05607830357836],[20.04941794060597,41.05602547505643],[20.049518547977364,41.0560902086681]]]},"properties":{"Zk_Numer":3376,"Zk_Emer":"SHIRGJAN","Nr_Pas":"","Vol":0,"Faqe":0,"Pronaret":"","Kufizimet":"","Siperfaqe":102.7}},
{"type":"Feature","geometry":{"type":"Polygon","coordinates":[[[20.04781514025099,41.05961586194359],[20.047735476571308,41.05956445148779],[20.04784947554116,41.059463245545466],[20.047929139187342,41.0595146559234],[20.04781514025099,41.05961586194359]]]},"properties":{"Zk_Numer":3376,"Zk_Emer":"SHIRGJAN","Nr_Pas":"","Vol":0,"Faqe":0,"Pronaret":"","Kufizimet":"","Siperfaqe":130}},
{"type":"Feature","geometry":{"type":"Polygon","coordinates":[[[20.049681531397695,41.05883762543557],[20.049544746694313,41.05880174590029],[20.049570156709837,41.05874574936083],[20.049707069173824,41.05878134709097],[20.049681531397695,41.05883762543557]]]},"properties":{"Zk_Numer":3376,"Zk_Emer":"SHIRGJAN","Nr_Pas":"","Vol":0,"Faqe":0,"Pronaret":"","Kufizimet":"","Siperfaqe":80.2}},
{"type":"Feature","geometry":{"type":"Polygon","coordinates":[[[20.05254951499091,41.05539505686535],[20.05255895885303,41.055423433012876],[20.05257026438837,41.05542293966164],[20.05257742815406,41.05542424950522],[20.052585705535567,41.05542779968318],[20.05258976489097,41.05543084684096],[20.05259258713467,41.05543450195624],[20.05259453953114,41.05543866990838],[20.052595834211658,41.05544427190288],[20.052595030598567,41.05544977820708],[20.052590870346563,41.0554567585864],[20.052585464064553,41.05546159882436],[20.052579510007412,41.055464392170755],[20.05257319811754,41.055466218489634],[20.052577702378528,41.05547975267062],[20.052432529172304,41.05550743653417],[20.052410734512993,41.055441948532504],[20.052350004307055,41.055453529442005],[20.052343611231752,41.05543431962391],[20.05254951499091,41.05539505686535]]]},"properties":{"Zk_Numer":3376,"Zk_Emer":"SHIRGJAN","Nr_Pas":"","Vol":0,"Faqe":0,"Pronaret":"","Kufizimet":"","Siperfaqe":143.2}},
{"type":"Feature","geometry":{"type":"Polygon","coordinates":[[[20.05499543397333,41.05536054652438],[20.055083124471654,41.05534051612656],[20.055114912662372,41.05542025670976],[20.055027222067853,41.05544028713154],[20.05499543397333,41.05536054652438]]]},"properties":{"Zk_Numer":3376,"Zk_Emer":"SHIRGJAN","Nr_Pas":"","Vol":0,"Faqe":0,"Pronaret":"","Kufizimet":"","Siperfaqe":71.2}},
{"type":"Feature","geometry":{"type":"Polygon","coordinates":[[[20.05606112045414,41.05536716183479],[20.05603604640727,41.05528356617788],[20.0561288490334,41.05526761641104],[20.056153923191648,41.05535121204792],[20.05606112045414,41.05536716183479]]]},"properties":{"Zk_Numer":3376,"Zk_Emer":"SHIRGJAN","Nr_Pas":"","Vol":0,"Faqe":0,"Pronaret":"","Kufizimet":"","Siperfaqe":76.2}},
{"type":"Feature","geometry":{"type":"Polygon","coordinates":[[[20.05289705284716,41.05521922687895],[20.05286343529045,41.05513238275513],[20.053094029305473,41.055081234567766],[20.053127647139267,41.05516807862493],[20.05289705284716,41.05521922687895]]]},"properties":{"Zk_Numer":3376,"Zk_Emer":"SHIRGJAN","Nr_Pas":"","Vol":0,"Faqe":0,"Pronaret":"","Kufizimet":"","Siperfaqe":203}},
{"type":"Feature","geometry":{"type":"Polygon","coordinates":[[[20.05676714066715,41.055021223991346],[20.056731700755854,41.05491608786282],[20.056811807820605,41.05490061504837],[20.05684724785108,41.05500575115247],[20.05676714066715,41.055021223991346]]]},"properties":{"Zk_Numer":3376,"Zk_Emer":"SHIRGJAN","Nr_Pas":"","Vol":0,"Faqe":0,"Pronaret":"","Kufizimet":"","Siperfaqe":83.7}},
{"type":"Feature","geometry":{"type":"Polygon","coordinates":[[[20.05212657086016,41.0487295106857],[20.052181979572428,41.04870857711146],[20.052240770292986,41.048797760227544],[20.052185361524597,41.04881869382977],[20.05212657086016,41.0487295106857]]]},"properties":{"Zk_Numer":3376,"Zk_Emer":"SHIRGJAN","Nr_Pas":"","Vol":0,"Faqe":0,"Pronaret":"","Kufizimet":"","Siperfaqe":57.6}},
{"type":"Feature","geometry":{"type":"Polygon","coordinates":[[[20.061235791411626,41.05270874262765],[20.061240661974356,41.052590029849966],[20.061385831027767,41.05259344281565],[20.06138432693453,41.05263010487779],[20.06139918864031,41.052630454270364],[20.06139582244998,41.052712504992215],[20.061235791411626,41.05270874262765]]]},"properties":{"Zk_Numer":3376,"Zk_Emer":"SHIRGJAN","Nr_Pas":"","Vol":0,"Faqe":0,"Pronaret":"","Kufizimet":"","Siperfaqe":172.4}},
{"type":"Feature","geometry":{"type":"Polygon","coordinates":[[[20.058494419138903,41.05240545986396],[20.058505031383767,41.052306736117195],[20.058634971531124,41.052314740294705],[20.058624359479243,41.052413464053174],[20.058494419138903,41.05240545986396]]]},"properties":{"Zk_Numer":3376,"Zk_Emer":"SHIRGJAN","Nr_Pas":"","Vol":0,"Faqe":0,"Pronaret":"","Kufizimet":"","Siperfaqe":120.6}},
{"type":"Feature","geometry":{"type":"Polygon","coordinates":[[[20.0555404277986,41.05158535421393],[20.055555194564384,41.05162006712964],[20.055543872247476,41.051622827270684],[20.055558639023467,41.05165754018572],[20.055524672051067,41.05166582060646],[20.055509905291064,41.05163110768709],[20.055413665534925,41.051654568812545],[20.05539889883578,41.05161985587887],[20.0555404277986,41.05158535421393]]]},"properties":{"Zk_Numer":3376,"Zk_Emer":"SHIRGJAN","Nr_Pas":"","Vol":0,"Faqe":0,"Pronaret":"","Kufizimet":"","Siperfaqe":62.8}},
{"type":"Feature","geometry":{"type":"Polygon","coordinates":[[[20.052478153907195,41.05208324771657],[20.052518139339853,41.05199140289903],[20.05261087192492,41.052014538171335],[20.052570886607285,41.05210638302061],[20.052478153907195,41.05208324771657]]]},"properties":{"Zk_Numer":3376,"Zk_Emer":"SHIRGJAN","Nr_Pas":"","Vol":0,"Faqe":0,"Pronaret":"","Kufizimet":"","Siperfaqe":88.2}},
{"type":"Feature","geometry":{"type":"Polygon","coordinates":[[[20.05267411953038,41.05202094660805],[20.05277969320554,41.05204233611867],[20.052754298470497,41.05211416432658],[20.052648724688687,41.052092774793046],[20.05267411953038,41.05202094660805]]]},"properties":{"Zk_Numer":3376,"Zk_Emer":"SHIRGJAN","Nr_Pas":"","Vol":0,"Faqe":0,"Pronaret":"","Kufizimet":"","Siperfaqe":75.9}},
{"type":"Feature","geometry":{"type":"Polygon","coordinates":[[[20.058590640402883,41.0500234691669],[20.05855157543705,41.050084183970526],[20.058505593142282,41.050067228639975],[20.05849934273592,41.05007694300482],[20.058421279815636,41.05004815832757],[20.05846659528367,41.04997772920481],[20.058590640402883,41.0500234691669]]]},"properties":{"Zk_Numer":3376,"Zk_Emer":"SHIRGJAN","Nr_Pas":"","Vol":0,"Faqe":0,"Pronaret":"","Kufizimet":"","Siperfaqe":95.8}},
{"type":"Feature","geometry":{"type":"Polygon","coordinates":[[[20.068189504317747,41.049156962840634],[20.068074735239104,41.04910791965547],[20.068129110882392,41.049034993164355],[20.068243879874544,41.04908403629608],[20.068189504317747,41.049156962840634]]]},"properties":{"Zk_Numer":3376,"Zk_Emer":"SHIRGJAN","Nr_Pas":"","Vol":0,"Faqe":0,"Pronaret":"","Kufizimet":"","Siperfaqe":103}},
{"type":"Feature","geometry":{"type":"Polygon","coordinates":[[[20.066302247159708,41.051012983793214],[20.06637254827556,41.05093472746712],[20.06646116927103,41.05098035098612],[20.066390868211766,41.05105860736561],[20.066302247159708,41.051012983793214]]]},"properties":{"Zk_Numer":3376,"Zk_Emer":"SHIRGJAN","Nr_Pas":"","Vol":0,"Faqe":0,"Pronaret":"","Kufizimet":"","Siperfaqe":94.7}},
{"type":"Feature","geometry":{"type":"Polygon","coordinates":[[[20.06646443007459,41.05074988778789],[20.06655186346126,41.050808180293664],[20.066486096987443,41.05086471063234],[20.066398663583843,41.050806418077265],[20.06646443007459,41.05074988778789]]]},"properties":{"Zk_Numer":3376,"Zk_Emer":"SHIRGJAN","Nr_Pas":"","Vol":0,"Faqe":0,"Pronaret":"","Kufizimet":"","Siperfaqe":81.9}},
{"type":"Feature","geometry":{"type":"Polygon","coordinates":[[[20.05828323516035,41.05450381209516],[20.058264514202886,41.054405781071104],[20.058373297074382,41.05439387712894],[20.05839201818992,41.05449190813544],[20.05828323516035,41.05450381209516]]]},"properties":{"Zk_Numer":3376,"Zk_Emer":"SHIRGJAN","Nr_Pas":"","Vol":0,"Faqe":0,"Pronaret":"","Kufizimet":"","Siperfaqe":101.6}},
{"type":"Feature","geometry":{"type":"Polygon","coordinates":[[[20.05765166859735,41.05454341705187],[20.057510995859626,41.054542191198],[20.05751166166507,41.0544984136833],[20.057505454898585,41.05449835959219],[20.057506559529887,41.054425729070296],[20.05755134921066,41.054426119398755],[20.057551234479885,41.054433663395976],[20.057654160584136,41.05443456029971],[20.057653598061265,41.05447155214614],[20.05766493020689,41.054471650889454],[20.057664411982458,41.05450572999332],[20.057652243306155,41.0545056239608],[20.05765166859735,41.05454341705187]]]},"properties":{"Zk_Numer":3376,"Zk_Emer":"SHIRGJAN","Nr_Pas":"","Vol":0,"Faqe":0,"Pronaret":"","Kufizimet":"","Siperfaqe":154.1}},
{"type":"Feature","geometry":{"type":"Polygon","coordinates":[[[20.058488237908367,41.055104080212296],[20.058620927252328,41.05507272115565],[20.0586662404314,41.05518258408292],[20.05866334252102,41.055183268960896],[20.058670623064025,41.05520092078396],[20.05859948342318,41.05521773355188],[20.05859210775259,41.055199851043376],[20.058533455743866,41.05521371251027],[20.058488237908367,41.055104080212296]]]},"properties":{"Zk_Numer":3376,"Zk_Emer":"SHIRGJAN","Nr_Pas":"","Vol":0,"Faqe":0,"Pronaret":"","Kufizimet":"","Siperfaqe":162.1}},
{"type":"Feature","geometry":{"type":"Polygon","coordinates":[[[20.06033065016104,41.05471829005801],[20.060386748393945,41.054708399568376],[20.060400288212694,41.05475240520197],[20.060344190079025,41.05476229567441],[20.06033065016104,41.05471829005801]]]},"properties":{"Zk_Numer":3376,"Zk_Emer":"SHIRGJAN","Nr_Pas":"","Vol":0,"Faqe":0,"Pronaret":"","Kufizimet":"","Siperfaqe":24.3}},
{"type":"Feature","geometry":{"type":"Polygon","coordinates":[[[20.060486773621616,41.05421730546088],[20.06047905131715,41.05419455921099],[20.06062993616294,41.054165206276465],[20.060663560509784,41.05426424688498],[20.060512675452753,41.05429359986318],[20.0605041642705,41.05426853001251],[20.060486773621616,41.05421730546088]]]},"properties":{"Zk_Numer":3376,"Zk_Emer":"SHIRGJAN","Nr_Pas":"","Vol":0,"Faqe":0,"Pronaret":"","Kufizimet":"","Siperfaqe":148.7}},
{"type":"Feature","geometry":{"type":"Polygon","coordinates":[[[20.060744419694,41.05392490385779],[20.060819063759105,41.053920949949244],[20.06083905582012,41.05413721833362],[20.060764411511794,41.054141172255136],[20.060744419694,41.05392490385779]]]},"properties":{"Zk_Numer":3376,"Zk_Emer":"SHIRGJAN","Nr_Pas":"","Vol":0,"Faqe":0,"Pronaret":"","Kufizimet":"","Siperfaqe":151.5}},
{"type":"Feature","geometry":{"type":"Polygon","coordinates":[[[20.05924291450518,41.05503676950418],[20.05918732008857,41.05504828259812],[20.05914992598983,41.05494481617807],[20.059275758072523,41.054918757466126],[20.059313152353564,41.05502222384568],[20.059322241869413,41.05504737361076],[20.059252003996296,41.055061919274735],[20.05924291450518,41.05503676950418]]]},"properties":{"Zk_Numer":3376,"Zk_Emer":"SHIRGJAN","Nr_Pas":"","Vol":0,"Faqe":0,"Pronaret":"","Kufizimet":"","Siperfaqe":148.4}},
{"type":"Feature","geometry":{"type":"Polygon","coordinates":[[[20.058412166353303,41.05439195904402],[20.05849483699973,41.05438205310306],[20.058514776008845,41.054477403379906],[20.058432105246073,41.05448730933509],[20.058412166353303,41.05439195904402]]]},"properties":{"Zk_Numer":3376,"Zk_Emer":"SHIRGJAN","Nr_Pas":"","Vol":0,"Faqe":0,"Pronaret":"","Kufizimet":"","Siperfaqe":75.4}},
{"type":"Feature","geometry":{"type":"Polygon","coordinates":[[[20.058020880671016,41.05511646880011],[20.058163547163982,41.055120087076084],[20.058156736936688,41.055310954510105],[20.05801453923723,41.055307624320974],[20.058020880671016,41.05511646880011]]]},"properties":{"Zk_Numer":3376,"Zk_Emer":"SHIRGJAN","Nr_Pas":"","Vol":0,"Faqe":0,"Pronaret":"","Kufizimet":"","Siperfaqe":254.2}},
{"type":"Feature","geometry":{"type":"Polygon","coordinates":[[[20.05761700580921,41.05514334230376],[20.057617272262988,41.055129567902476],[20.05763987365834,41.0551296291824],[20.057639567575553,41.055143134015246],[20.05761700580921,41.05514334230376]]]},"properties":{"Zk_Numer":3376,"Zk_Emer":"SHIRGJAN","Nr_Pas":"","Vol":0,"Faqe":0,"Pronaret":"","Kufizimet":"","Siperfaqe":2.9}},
{"type":"Feature","geometry":{"type":"Polygon","coordinates":[[[20.054109672645904,41.052531018500545],[20.054073266502208,41.05245869058803],[20.05416109033365,41.05243335845633],[20.054197496559507,41.05250568634137],[20.054109672645904,41.052531018500545]]]},"properties":{"Zk_Numer":3376,"Zk_Emer":"SHIRGJAN","Nr_Pas":"","Vol":0,"Faqe":0,"Pronaret":"","Kufizimet":"","Siperfaqe":67.9}},
{"type":"Feature","geometry":{"type":"Polygon","coordinates":[[[20.054374253223603,41.0528897003018],[20.054379562079117,41.052808759051196],[20.054415203565355,41.052810098635945],[20.054416619246357,41.052788514301795],[20.05444513242708,41.052789585961335],[20.054443716755376,41.052811170295826],[20.054479358244194,41.05281250986075],[20.054474049510702,41.052893451115814],[20.054374253223603,41.0528897003018]]]},"properties":{"Zk_Numer":3376,"Zk_Emer":"SHIRGJAN","Nr_Pas":"","Vol":0,"Faqe":0,"Pronaret":"","Kufizimet":"","Siperfaqe":81.4}},
{"type":"Feature","geometry":{"type":"Polygon","coordinates":[[[20.056401026471054,41.05345552011388],[20.05641519997076,41.0535353934457],[20.05631970603087,41.05354510359414],[20.056305532644554,41.05346523025063],[20.056401026471054,41.05345552011388]]]},"properties":{"Zk_Numer":3376,"Zk_Emer":"SHIRGJAN","Nr_Pas":"","Vol":0,"Faqe":0,"Pronaret":"","Kufizimet":"","Siperfaqe":72.5}},
{"type":"Feature","geometry":{"type":"Polygon","coordinates":[[[20.053261861348435,41.05316964026647],[20.05327680485499,41.05320598173955],[20.053176530389035,41.05322960936531],[20.05315241245603,41.053235292247095],[20.05310682990443,41.05312443830413],[20.05319306375435,41.05310411909305],[20.053224759550424,41.0531783825576],[20.053261861348435,41.05316964026647]]]},"properties":{"Zk_Numer":3376,"Zk_Emer":"SHIRGJAN","Nr_Pas":"","Vol":0,"Faqe":0,"Pronaret":"","Kufizimet":"","Siperfaqe":112.5}},
{"type":"Feature","geometry":{"type":"Polygon","coordinates":[[[20.05319306375435,41.05310411909305],[20.05323122211492,41.05309512784535],[20.0532829337976,41.05308255089414],[20.05331447437227,41.05315643662755],[20.053261861348435,41.05316964026647],[20.053224759550424,41.0531783825576],[20.05319306375435,41.05310411909305]]]},"properties":{"Zk_Numer":3376,"Zk_Emer":"SHIRGJAN","Nr_Pas":"","Vol":0,"Faqe":0,"Pronaret":"","Kufizimet":"","Siperfaqe":68.6}},
{"type":"Feature","geometry":{"type":"Polygon","coordinates":[[[20.053026253948644,41.05315729335384],[20.052983711553654,41.05305141256442],[20.05304808127402,41.05303560073492],[20.05309143835317,41.05314193896528],[20.053026253948644,41.05315729335384]]]},"properties":{"Zk_Numer":3376,"Zk_Emer":"SHIRGJAN","Nr_Pas":"","Vol":0,"Faqe":0,"Pronaret":"","Kufizimet":"","Siperfaqe":70.4}},
{"type":"Feature","geometry":{"type":"Polygon","coordinates":[[[20.055368561786214,41.05277137954919],[20.055478350904316,41.052801092951626],[20.055439943057287,41.05288241589541],[20.05533015382119,41.05285270245688],[20.055368561786214,41.05277137954919]]]},"properties":{"Zk_Numer":3376,"Zk_Emer":"SHIRGJAN","Nr_Pas":"","Vol":0,"Faqe":0,"Pronaret":"","Kufizimet":"","Siperfaqe":94}},
{"type":"Feature","geometry":{"type":"Polygon","coordinates":[[[20.05710669101945,41.05346537197873],[20.057223669789266,41.053507237551656],[20.05718363931457,41.05357133158561],[20.057066660456506,41.05352946597257],[20.05710669101945,41.05346537197873]]]},"properties":{"Zk_Numer":3376,"Zk_Emer":"SHIRGJAN","Nr_Pas":"","Vol":0,"Faqe":0,"Pronaret":"","Kufizimet":"","Siperfaqe":85.6}},
{"type":"Feature","geometry":{"type":"Polygon","coordinates":[[[20.056983677407906,41.05350251993003],[20.05696182097819,41.053557615988915],[20.05687315213843,41.05353745987877],[20.05689500863549,41.05348236383646],[20.056983677407906,41.05350251993003]]]},"properties":{"Zk_Numer":3376,"Zk_Emer":"SHIRGJAN","Nr_Pas":"","Vol":0,"Faqe":0,"Pronaret":"","Kufizimet":"","Siperfaqe":49.7}},
{"type":"Feature","geometry":{"type":"Polygon","coordinates":[[[20.056280508549758,41.05328861606997],[20.056312589787918,41.05323465886506],[20.05638249970286,41.05325847764833],[20.05632932166501,41.05334791751548],[20.056259411674496,41.05332409870038],[20.056235684996075,41.0533160148441],[20.056256781881512,41.05328053221798],[20.056280508549758,41.05328861606997]]]},"properties":{"Zk_Numer":3376,"Zk_Emer":"SHIRGJAN","Nr_Pas":"","Vol":0,"Faqe":0,"Pronaret":"","Kufizimet":"","Siperfaqe":79.7}},
{"type":"Feature","geometry":{"type":"Polygon","coordinates":[[[20.056168171784407,41.05325364078011],[20.05620525871007,41.053266276607445],[20.056181667609305,41.0533059541709],[20.05614458066586,41.05329331833608],[20.056075970193103,41.05326994212431],[20.056126040905646,41.053185729011986],[20.05619465130857,41.05320910519434],[20.056168171784407,41.05325364078011]]]},"properties":{"Zk_Numer":3376,"Zk_Emer":"SHIRGJAN","Nr_Pas":"","Vol":0,"Faqe":0,"Pronaret":"","Kufizimet":"","Siperfaqe":81.4}},
{"type":"Feature","geometry":{"type":"Polygon","coordinates":[[[20.05543386178783,41.053141365154495],[20.055384819159435,41.053223847458646],[20.055295385096393,41.05319337570746],[20.055344427813942,41.05311089344087],[20.05543386178783,41.053141365154495]]]},"properties":{"Zk_Numer":3376,"Zk_Emer":"SHIRGJAN","Nr_Pas":"","Vol":0,"Faqe":0,"Pronaret":"","Kufizimet":"","Siperfaqe":82.8}},
{"type":"Feature","geometry":{"type":"Polygon","coordinates":[[[20.05494184097038,41.05301924566777],[20.0549791107492,41.05293413105199],[20.05507140433458,41.05295728935903],[20.055034134661703,41.05304240400422],[20.05494184097038,41.05301924566777]]]},"properties":{"Zk_Numer":3376,"Zk_Emer":"SHIRGJAN","Nr_Pas":"","Vol":0,"Faqe":0,"Pronaret":"","Kufizimet":"","Siperfaqe":81.4}},
{"type":"Feature","geometry":{"type":"Polygon","coordinates":[[[20.05475012547939,41.05294522361816],[20.05476420224761,41.052907814714075],[20.05480194072927,41.05291595231081],[20.05481647108706,41.05287733789088],[20.05490010962591,41.05289537292329],[20.05487150260806,41.052971396272305],[20.05475012547939,41.05294522361816]]]},"properties":{"Zk_Numer":3376,"Zk_Emer":"SHIRGJAN","Nr_Pas":"","Vol":0,"Faqe":0,"Pronaret":"","Kufizimet":"","Siperfaqe":78.4}},
{"type":"Feature","geometry":{"type":"Polygon","coordinates":[[[20.05475012547939,41.05294522361816],[20.054871502608055,41.052971396272305],[20.05483890190122,41.05305803265465],[20.054717524626167,41.053031859966666],[20.05475012547939,41.05294522361816]]]},"properties":{"Zk_Numer":3376,"Zk_Emer":"SHIRGJAN","Nr_Pas":"","Vol":0,"Faqe":0,"Pronaret":"","Kufizimet":"","Siperfaqe":106.1}},
{"type":"Feature","geometry":{"type":"Polygon","coordinates":[[[20.054514169690876,41.05278987694426],[20.054614375445457,41.0527987065748],[20.05460005506419,41.0528918371219],[20.054499849170185,41.05288300747914],[20.054514169690876,41.05278987694426]]]},"properties":{"Zk_Numer":3376,"Zk_Emer":"SHIRGJAN","Nr_Pas":"","Vol":0,"Faqe":0,"Pronaret":"","Kufizimet":"","Siperfaqe":88.3}},
{"type":"Feature","geometry":{"type":"Polygon","coordinates":[[[20.054354952130094,41.05297021948784],[20.05446657044125,41.0529800548591],[20.054455305155418,41.05305331577032],[20.054343686722095,41.05304348038834],[20.054354952130094,41.05297021948784]]]},"properties":{"Zk_Numer":3376,"Zk_Emer":"SHIRGJAN","Nr_Pas":"","Vol":0,"Faqe":0,"Pronaret":"","Kufizimet":"","Siperfaqe":77.4}},
{"type":"Feature","geometry":{"type":"Polygon","coordinates":[[[20.054134667669054,41.052831813752164],[20.054251341013064,41.05282017188342],[20.05427875054797,41.052977582076956],[20.05416207693075,41.052989223973306],[20.054134667669054,41.052831813752164]]]},"properties":{"Zk_Numer":3376,"Zk_Emer":"SHIRGJAN","Nr_Pas":"","Vol":0,"Faqe":0,"Pronaret":"","Kufizimet":"","Siperfaqe":174.4}},
{"type":"Feature","geometry":{"type":"Polygon","coordinates":[[[20.053881225034562,41.05293476577084],[20.053993593574976,41.052923553714024],[20.05400564090297,41.05299274186474],[20.053893272246906,41.05300395393324],[20.053881225034562,41.05293476577084]]]},"properties":{"Zk_Numer":3376,"Zk_Emer":"SHIRGJAN","Nr_Pas":"","Vol":0,"Faqe":0,"Pronaret":"","Kufizimet":"","Siperfaqe":73.8}},
{"type":"Feature","geometry":{"type":"Polygon","coordinates":[[[20.053577205637787,41.05298926858599],[20.053576252570565,41.05298379489117],[20.053673214927446,41.052974120327875],[20.053690353074145,41.0530725478655],[20.05359339057529,41.05308222244314],[20.053586061404772,41.05304012934666],[20.053577205637787,41.05298926858599]]]},"properties":{"Zk_Numer":3376,"Zk_Emer":"SHIRGJAN","Nr_Pas":"","Vol":0,"Faqe":0,"Pronaret":"","Kufizimet":"","Siperfaqe":90.6}},
{"type":"Feature","geometry":{"type":"Polygon","coordinates":[[[20.05344937576078,41.05304830800054],[20.053465954850733,41.05314352655375],[20.053367605982327,41.053153339252425],[20.053360203699118,41.05311082545017],[20.05340380884233,41.05310647478421],[20.053394632140712,41.05305377002265],[20.05344937576078,41.05304830800054]]]},"properties":{"Zk_Numer":3376,"Zk_Emer":"SHIRGJAN","Nr_Pas":"","Vol":0,"Faqe":0,"Pronaret":"","Kufizimet":"","Siperfaqe":67.1}},
{"type":"Feature","geometry":{"type":"Polygon","coordinates":[[[20.052875378926124,41.05322360973496],[20.05284995828778,41.053144104395436],[20.052961795995888,41.05312361352436],[20.052987216760936,41.053203118839406],[20.052875378926124,41.05322360973496]]]},"properties":{"Zk_Numer":3376,"Zk_Emer":"SHIRGJAN","Nr_Pas":"","Vol":0,"Faqe":0,"Pronaret":"","Kufizimet":"","Siperfaqe":87.9}},
{"type":"Feature","geometry":{"type":"Polygon","coordinates":[[[20.05293871804756,41.05336467091711],[20.052901039008542,41.05328851998892],[20.052995027588892,41.053261871087535],[20.053032706721016,41.05333802198529],[20.05293871804756,41.05336467091711]]]},"properties":{"Zk_Numer":3376,"Zk_Emer":"SHIRGJAN","Nr_Pas":"","Vol":0,"Faqe":0,"Pronaret":"","Kufizimet":"","Siperfaqe":76.2}},
{"type":"Feature","geometry":{"type":"Polygon","coordinates":[[[20.053586061404772,41.05304012934666],[20.05353635369802,41.05304982208055],[20.053495001257357,41.05292823945857],[20.05354512971637,41.05291648083032],[20.053571265804297,41.05299028064371],[20.053577205637787,41.05298926858599],[20.053586061404772,41.05304012934666]]]},"properties":{"Zk_Numer":3376,"Zk_Emer":"SHIRGJAN","Nr_Pas":"","Vol":0,"Faqe":0,"Pronaret":"","Kufizimet":"","Siperfaqe":63.7}},
{"type":"Feature","geometry":{"type":"Polygon","coordinates":[[[20.054355435080147,41.05227779298601],[20.05436864097042,41.05220327252745],[20.05444963424381,41.052211497469436],[20.054436428443303,41.05228601793713],[20.054355435080147,41.05227779298601]]]},"properties":{"Zk_Numer":3376,"Zk_Emer":"SHIRGJAN","Nr_Pas":"","Vol":0,"Faqe":0,"Pronaret":"","Kufizimet":"","Siperfaqe":57.4}},
{"type":"Feature","geometry":{"type":"Polygon","coordinates":[[[20.05408237774078,41.05222158169149],[20.054063010329788,41.05210299040716],[20.054219624500888,41.052088333328335],[20.054238992188758,41.05220692458648],[20.05408237774078,41.05222158169149]]]},"properties":{"Zk_Numer":3376,"Zk_Emer":"SHIRGJAN","Nr_Pas":"","Vol":0,"Faqe":0,"Pronaret":"","Kufizimet":"","Siperfaqe":176.1}},
{"type":"Feature","geometry":{"type":"Polygon","coordinates":[[[20.053736667606437,41.052222931057955],[20.053723793608906,41.052144097979955],[20.053829879002922,41.052134170094156],[20.05384275312512,41.05221300316036],[20.053736667606437,41.052222931057955]]]},"properties":{"Zk_Numer":3376,"Zk_Emer":"SHIRGJAN","Nr_Pas":"","Vol":0,"Faqe":0,"Pronaret":"","Kufizimet":"","Siperfaqe":79.3}},
{"type":"Feature","geometry":{"type":"Polygon","coordinates":[[[20.053243575612132,41.0523174173427],[20.05318625503166,41.05233696043225],[20.0531443497153,41.052266526904376],[20.053201670247088,41.05224698383546],[20.053243575612132,41.0523174173427]]]},"properties":{"Zk_Numer":3376,"Zk_Emer":"SHIRGJAN","Nr_Pas":"","Vol":0,"Faqe":0,"Pronaret":"","Kufizimet":"","Siperfaqe":45.3}},
{"type":"Feature","geometry":{"type":"Polygon","coordinates":[[[20.052483414340575,41.05244529770969],[20.052339924702718,41.05241465495163],[20.052333518146842,41.05243184617116],[20.05226162323656,41.05241649266133],[20.05228783550525,41.052346155347955],[20.05221844929688,41.05233133753537],[20.052236349458816,41.05228330475638],[20.05252015667012,41.05234391306326],[20.052483414340575,41.05244529770969]]]},"properties":{"Zk_Numer":3376,"Zk_Emer":"SHIRGJAN","Nr_Pas":"","Vol":0,"Faqe":0,"Pronaret":"","Kufizimet":"","Siperfaqe":265.2}},
{"type":"Feature","geometry":{"type":"Polygon","coordinates":[[[20.05284500030019,41.05248134185714],[20.05285008062544,41.052554873723],[20.052734744347656,41.05255944003872],[20.052723737658138,41.052400126628214],[20.052792398305193,41.05239740827644],[20.052798324886457,41.052483189812435],[20.05284500030019,41.05248134185714]]]},"properties":{"Zk_Numer":3376,"Zk_Emer":"SHIRGJAN","Nr_Pas":"","Vol":0,"Faqe":0,"Pronaret":"","Kufizimet":"","Siperfaqe":134.5}},
{"type":"Feature","geometry":{"type":"Polygon","coordinates":[[[20.053426887272746,41.05226410081034],[20.053394705907404,41.05219066083255],[20.053493928373086,41.052165744949285],[20.053526109836568,41.05223918489961],[20.053426887272746,41.05226410081034]]]},"properties":{"Zk_Numer":3376,"Zk_Emer":"SHIRGJAN","Nr_Pas":"","Vol":0,"Faqe":0,"Pronaret":"","Kufizimet":"","Siperfaqe":75.5}},
{"type":"Feature","geometry":{"type":"Polygon","coordinates":[[[20.055451170709276,41.052955468724456],[20.05548039735352,41.05289733370159],[20.055586150698005,41.05292549489056],[20.05555868602311,41.052984596904295],[20.055451170709276,41.052955468724456]]]},"properties":{"Zk_Numer":3376,"Zk_Emer":"SHIRGJAN","Nr_Pas":"","Vol":0,"Faqe":0,"Pronaret":"","Kufizimet":"","Siperfaqe":65.9}},
{"type":"Feature","geometry":{"type":"Polygon","coordinates":[[[20.055452418555333,41.05323347721781],[20.05550138730785,41.05315111900353],[20.05560104845127,41.053185075101645],[20.05555207979796,41.05326743335772],[20.055452418555333,41.05323347721781]]]},"properties":{"Zk_Numer":3376,"Zk_Emer":"SHIRGJAN","Nr_Pas":"","Vol":0,"Faqe":0,"Pronaret":"","Kufizimet":"","Siperfaqe":92.2}},
{"type":"Feature","geometry":{"type":"Polygon","coordinates":[[[20.05710526535816,41.05314746750521],[20.057105227828256,41.05310406558341],[20.057144957730106,41.053104045890116],[20.05714499528612,41.05314744781189],[20.05710526535816,41.05314746750521]]]},"properties":{"Zk_Numer":3376,"Zk_Emer":"SHIRGJAN","Nr_Pas":"","Vol":0,"Faqe":0,"Pronaret":"","Kufizimet":"","Siperfaqe":16.1}},
{"type":"Feature","geometry":{"type":"Polygon","coordinates":[[[20.05638392131912,41.052930869183605],[20.0564240850356,41.05286082455446],[20.056526653674606,41.05289452668527],[20.056486490046495,41.05296457134968],[20.05638392131912,41.052930869183605]]]},"properties":{"Zk_Numer":3376,"Zk_Emer":"SHIRGJAN","Nr_Pas":"","Vol":0,"Faqe":0,"Pronaret":"","Kufizimet":"","Siperfaqe":79.7}},
{"type":"Feature","geometry":{"type":"Polygon","coordinates":[[[20.056189023435234,41.05286770106604],[20.056223114107727,41.052799280393316],[20.056326778852856,41.052828878491006],[20.056292688272556,41.052897299194],[20.056189023435234,41.05286770106604]]]},"properties":{"Zk_Numer":3376,"Zk_Emer":"SHIRGJAN","Nr_Pas":"","Vol":0,"Faqe":0,"Pronaret":"","Kufizimet":"","Siperfaqe":75.6}},
{"type":"Feature","geometry":{"type":"Polygon","coordinates":[[[20.056363242274383,41.05261903444832],[20.056405357701035,41.05251476669618],[20.05650449364142,41.05253771287008],[20.056462378356734,41.05264198065793],[20.056363242274383,41.05261903444832]]]},"properties":{"Zk_Numer":3376,"Zk_Emer":"SHIRGJAN","Nr_Pas":"","Vol":0,"Faqe":0,"Pronaret":"","Kufizimet":"","Siperfaqe":105.5}},
{"type":"Feature","geometry":{"type":"Polygon","coordinates":[[[20.056519041991688,41.052648089238936],[20.056560325174654,41.05254588131962],[20.056675390719683,41.052572514395614],[20.05663410769824,41.05267472235558],[20.056519041991688,41.052648089238936]]]},"properties":{"Zk_Numer":3376,"Zk_Emer":"SHIRGJAN","Nr_Pas":"","Vol":0,"Faqe":0,"Pronaret":"","Kufizimet":"","Siperfaqe":120.1}},
{"type":"Feature","geometry":{"type":"Polygon","coordinates":[[[20.057002592691628,41.05274571207877],[20.057036266807287,41.0526623410034],[20.057132358317308,41.0526845818841],[20.05709868431168,41.05276795298717],[20.057002592691628,41.05274571207877]]]},"properties":{"Zk_Numer":3376,"Zk_Emer":"SHIRGJAN","Nr_Pas":"","Vol":0,"Faqe":0,"Pronaret":"","Kufizimet":"","Siperfaqe":81.8}},
{"type":"Feature","geometry":{"type":"Polygon","coordinates":[[[20.056098082513454,41.052503240654744],[20.056146610036176,41.052508833255004],[20.056127861950785,41.05260205585023],[20.056079334361133,41.05259646324221],[20.056098082513454,41.052503240654744]]]},"properties":{"Zk_Numer":3376,"Zk_Emer":"SHIRGJAN","Nr_Pas":"","Vol":0,"Faqe":0,"Pronaret":"","Kufizimet":"","Siperfaqe":43.2}},
{"type":"Feature","geometry":{"type":"Polygon","coordinates":[[[20.055754888879587,41.05253090114445],[20.055779237153555,41.052434938579424],[20.055892417966774,41.05245139470599],[20.055868069851254,41.05254735729455],[20.055754888879587,41.05253090114445]]]},"properties":{"Zk_Numer":3376,"Zk_Emer":"SHIRGJAN","Nr_Pas":"","Vol":0,"Faqe":0,"Pronaret":"","Kufizimet":"","Siperfaqe":105.1}},
{"type":"Feature","geometry":{"type":"Polygon","coordinates":[[[20.055100082491883,41.052340830637156],[20.055198623645868,41.052350525454095],[20.055185121493945,41.05242917102531],[20.055086580224565,41.05241947619704],[20.055100082491883,41.052340830637156]]]},"properties":{"Zk_Numer":3376,"Zk_Emer":"SHIRGJAN","Nr_Pas":"","Vol":0,"Faqe":0,"Pronaret":"","Kufizimet":"","Siperfaqe":73.6}},
{"type":"Feature","geometry":{"type":"Polygon","coordinates":[[[20.055362270508397,41.05236569177434],[20.055505122874827,41.05238646258769],[20.055487037190268,41.05245774161103],[20.0553441846753,41.05243697077561],[20.055362270508397,41.05236569177434]]]},"properties":{"Zk_Numer":3376,"Zk_Emer":"SHIRGJAN","Nr_Pas":"","Vol":0,"Faqe":0,"Pronaret":"","Kufizimet":"","Siperfaqe":98.6}},
{"type":"Feature","geometry":{"type":"Polygon","coordinates":[[[20.055404308454147,41.052568597981974],[20.055314838600015,41.05255429370298],[20.05534123210623,41.05246062486476],[20.05543048000869,41.05247479190395],[20.055404308454147,41.052568597981974]]]},"properties":{"Zk_Numer":3376,"Zk_Emer":"SHIRGJAN","Nr_Pas":"","Vol":0,"Faqe":0,"Pronaret":"","Kufizimet":"","Siperfaqe":81.7}},
{"type":"Feature","geometry":{"type":"Polygon","coordinates":[[[20.055404308454147,41.052568597981974],[20.05543048000869,41.05247479190395],[20.055519727949378,41.05248895887396],[20.055493708245518,41.05258289098385],[20.055404308454147,41.052568597981974]]]},"properties":{"Zk_Numer":3376,"Zk_Emer":"SHIRGJAN","Nr_Pas":"","Vol":0,"Faqe":0,"Pronaret":"","Kufizimet":"","Siperfaqe":81.7}},
{"type":"Feature","geometry":{"type":"Polygon","coordinates":[[[20.05479787015828,41.05226284271277],[20.05476605890714,41.05230542477249],[20.054695694675054,41.05227530169813],[20.054767513344046,41.052179166359736],[20.054870566005356,41.05222328337505],[20.054830558675317,41.05227683670824],[20.05479787015828,41.05226284271277]]]},"properties":{"Zk_Numer":3376,"Zk_Emer":"SHIRGJAN","Nr_Pas":"","Vol":0,"Faqe":0,"Pronaret":"","Kufizimet":"","Siperfaqe":104.9}},
{"type":"Feature","geometry":{"type":"Polygon","coordinates":[[[20.056857478846315,41.05288433200694],[20.056868608707703,41.052856776711536],[20.056898233452735,41.05278343169105],[20.056939715559345,41.05279303298894],[20.056898961010415,41.05289393331928],[20.056857478846315,41.05288433200694]]]},"properties":{"Zk_Numer":3376,"Zk_Emer":"SHIRGJAN","Nr_Pas":"","Vol":0,"Faqe":0,"Pronaret":"","Kufizimet":"","Siperfaqe":42.7}},
{"type":"Feature","geometry":{"type":"Polygon","coordinates":[[[20.056083558643866,41.052258185809755],[20.0560977363598,41.05217368157566],[20.05620700645211,41.0521841871672],[20.056192828873765,41.05226869141449],[20.056083558643866,41.052258185809755]]]},"properties":{"Zk_Numer":3376,"Zk_Emer":"SHIRGJAN","Nr_Pas":"","Vol":0,"Faqe":0,"Pronaret":"","Kufizimet":"","Siperfaqe":87.6}},
{"type":"Feature","geometry":{"type":"Polygon","coordinates":[[[20.056897363272267,41.05195433563291],[20.057006508810144,41.05195428169599],[20.057006592534115,41.05205127680428],[20.05689744683594,41.05205133074137],[20.056897363272267,41.05195433563291]]]},"properties":{"Zk_Numer":3376,"Zk_Emer":"SHIRGJAN","Nr_Pas":"","Vol":0,"Faqe":0,"Pronaret":"","Kufizimet":"","Siperfaqe":98.8}},
{"type":"Feature","geometry":{"type":"Polygon","coordinates":[[[20.057037865956442,41.051970178481234],[20.05707729798307,41.0519701589588],[20.05707736938104,41.05205277166484],[20.057037937305093,41.052052791187336],[20.057037865956442,41.051970178481234]]]},"properties":{"Zk_Numer":3376,"Zk_Emer":"SHIRGJAN","Nr_Pas":"","Vol":0,"Faqe":0,"Pronaret":"","Kufizimet":"","Siperfaqe":30.4}},
{"type":"Feature","geometry":{"type":"Polygon","coordinates":[[[20.056899600033564,41.052458621910894],[20.056890539368677,41.05237363290203],[20.057018112832555,41.052365839042345],[20.057027173660522,41.052450828041174],[20.056899600033564,41.052458621910894]]]},"properties":{"Zk_Numer":3376,"Zk_Emer":"SHIRGJAN","Nr_Pas":"","Vol":0,"Faqe":0,"Pronaret":"","Kufizimet":"","Siperfaqe":101.9}},
{"type":"Feature","geometry":{"type":"Polygon","coordinates":[[[20.056972666586876,41.05215021601032],[20.05697725281395,41.05212775532578],[20.0570344950995,41.052134453295814],[20.057029908891437,41.052156913982586],[20.057068565978227,41.05216143726536],[20.057048435440922,41.052260025498],[20.05688999444417,41.052241486160604],[20.05691012521241,41.052142897955164],[20.056972666586876,41.05215021601032]]]},"properties":{"Zk_Numer":3376,"Zk_Emer":"SHIRGJAN","Nr_Pas":"","Vol":0,"Faqe":0,"Pronaret":"","Kufizimet":"","Siperfaqe":161.6}},
{"type":"Feature","geometry":{"type":"Polygon","coordinates":[[[20.056606851610457,41.05193960595001],[20.056719642349755,41.05194664750318],[20.05670945608279,41.05204014932277],[20.056596665184866,41.05203310775987],[20.056606851610457,41.05193960595001]]]},"properties":{"Zk_Numer":3376,"Zk_Emer":"SHIRGJAN","Nr_Pas":"","Vol":0,"Faqe":0,"Pronaret":"","Kufizimet":"","Siperfaqe":99.1}},
{"type":"Feature","geometry":{"type":"Polygon","coordinates":[[[20.05598730880547,41.05226725928829],[20.05593219380292,41.05226381812378],[20.05594562932051,41.052140504545314],[20.05599973343474,41.05214388259425],[20.05598730880547,41.05226725928829]]]},"properties":{"Zk_Numer":3376,"Zk_Emer":"SHIRGJAN","Nr_Pas":"","Vol":0,"Faqe":0,"Pronaret":"","Kufizimet":"","Siperfaqe":63.3}},
{"type":"Feature","geometry":{"type":"Polygon","coordinates":[[[20.055552463497662,41.05212125547064],[20.055680602583173,41.05212925637394],[20.05567026324429,41.0522241492099],[20.055542123975894,41.052216148295344],[20.055552463497662,41.05212125547064]]]},"properties":{"Zk_Numer":3376,"Zk_Emer":"SHIRGJAN","Nr_Pas":"","Vol":0,"Faqe":0,"Pronaret":"","Kufizimet":"","Siperfaqe":114.3}},
{"type":"Feature","geometry":{"type":"Polygon","coordinates":[[[20.055573325265655,41.0520005559474],[20.055584049431342,41.05190213222721],[20.055684343653553,41.05190839452509],[20.05567361963634,41.05200681825441],[20.055573325265655,41.0520005559474]]]},"properties":{"Zk_Numer":3376,"Zk_Emer":"SHIRGJAN","Nr_Pas":"","Vol":0,"Faqe":0,"Pronaret":"","Kufizimet":"","Siperfaqe":92.8}},
{"type":"Feature","geometry":{"type":"Polygon","coordinates":[[[20.055972520903264,41.05184388995072],[20.055958942284878,41.051856377607876],[20.055916210157296,41.05182975025813],[20.055929788778297,41.05181726260594],[20.056017827628356,41.05173629704776],[20.056113813233388,41.05179610772833],[20.05602577442144,41.051877073358966],[20.055972520903264,41.05184388995072]]]},"properties":{"Zk_Numer":3376,"Zk_Emer":"SHIRGJAN","Nr_Pas":"","Vol":0,"Faqe":0,"Pronaret":"","Kufizimet":"","Siperfaqe":130.1}},
{"type":"Feature","geometry":{"type":"Polygon","coordinates":[[[20.055775497597875,41.05222880910032],[20.0557891058792,41.05213809899212],[20.05589600054236,41.052147288563546],[20.055882392405984,41.052237998684156],[20.055775497597875,41.05222880910032]]]},"properties":{"Zk_Numer":3376,"Zk_Emer":"SHIRGJAN","Nr_Pas":"","Vol":0,"Faqe":0,"Pronaret":"","Kufizimet":"","Siperfaqe":91.7}},
{"type":"Feature","geometry":{"type":"Polygon","coordinates":[[[20.05598730880547,41.05226725928829],[20.05599973343474,41.05214388259425],[20.056062927128238,41.05214782812832],[20.056049491828205,41.05227114172017],[20.05598730880547,41.05226725928829]]]},"properties":{"Zk_Numer":3376,"Zk_Emer":"SHIRGJAN","Nr_Pas":"","Vol":0,"Faqe":0,"Pronaret":"","Kufizimet":"","Siperfaqe":72.7}},
{"type":"Feature","geometry":{"type":"Polygon","coordinates":[[[20.052673925266276,41.05297074718662],[20.05265965621518,41.052881351888736],[20.052778929617016,41.05287044224134],[20.052793198827175,41.052959837524554],[20.05276367567222,41.052962537947465],[20.052766743549007,41.052981757933736],[20.05270828767829,41.052987104750294],[20.052705219818257,41.0529678847625],[20.052673925266276,41.05297074718662]]]},"properties":{"Zk_Numer":3376,"Zk_Emer":"SHIRGJAN","Nr_Pas":"","Vol":0,"Faqe":0,"Pronaret":"","Kufizimet":"","Siperfaqe":111.6}},
{"type":"Feature","geometry":{"type":"Polygon","coordinates":[[[20.05318986625623,41.05282245145225],[20.053134030506587,41.05272762227223],[20.05324039625671,41.05269173345807],[20.053282236825634,41.052762793623344],[20.0532914718524,41.05275967763049],[20.053315830470485,41.05280104713866],[20.05325270629729,41.05282234586464],[20.053242342998335,41.05280474531349],[20.05318986625623,41.05282245145225]]]},"properties":{"Zk_Numer":3376,"Zk_Emer":"SHIRGJAN","Nr_Pas":"","Vol":0,"Faqe":0,"Pronaret":"","Kufizimet":"","Siperfaqe":127.8}},
{"type":"Feature","geometry":{"type":"Polygon","coordinates":[[[20.053796238207592,41.05262139671495],[20.053758345852277,41.052539660039955],[20.053872157060756,41.052509425079414],[20.0539100495395,41.052591161717345],[20.053796238207592,41.05262139671495]]]},"properties":{"Zk_Numer":3376,"Zk_Emer":"SHIRGJAN","Nr_Pas":"","Vol":0,"Faqe":0,"Pronaret":"","Kufizimet":"","Siperfaqe":97.5}},
{"type":"Feature","geometry":{"type":"Polygon","coordinates":[[[20.051991705716265,41.05300899245484],[20.05196620756582,41.052929356841865],[20.05203013671835,41.05291762720383],[20.052033218917853,41.05292725348538],[20.05208639686471,41.05291749643433],[20.052108812941224,41.052987505741484],[20.051991705716265,41.05300899245484]]]},"properties":{"Zk_Numer":3376,"Zk_Emer":"SHIRGJAN","Nr_Pas":"","Vol":0,"Faqe":0,"Pronaret":"","Kufizimet":"","Siperfaqe":87.1}},
{"type":"Feature","geometry":{"type":"Polygon","coordinates":[[[20.05234171315398,41.05306917703237],[20.052329870832892,41.052973361052224],[20.052440806465054,41.05296550406863],[20.052452648945657,41.05306132003741],[20.05234171315398,41.05306917703237]]]},"properties":{"Zk_Numer":3376,"Zk_Emer":"SHIRGJAN","Nr_Pas":"","Vol":0,"Faqe":0,"Pronaret":"","Kufizimet":"","Siperfaqe":100.1}},
{"type":"Feature","geometry":{"type":"Polygon","coordinates":[[[20.052834174828025,41.05290396209432],[20.052963669744887,41.0528675612128],[20.052997376510966,41.052936274583786],[20.052867881478026,41.052972675502815],[20.052834174828025,41.05290396209432]]]},"properties":{"Zk_Numer":3376,"Zk_Emer":"SHIRGJAN","Nr_Pas":"","Vol":0,"Faqe":0,"Pronaret":"","Kufizimet":"","Siperfaqe":94.5}},
{"type":"Feature","geometry":{"type":"Polygon","coordinates":[[[20.053444810007896,41.05327198512291],[20.053429280132278,41.05321005926609],[20.053528615209288,41.05319578414007],[20.053544145174666,41.05325770998362],[20.053444810007896,41.05327198512291]]]},"properties":{"Zk_Numer":3376,"Zk_Emer":"SHIRGJAN","Nr_Pas":"","Vol":0,"Faqe":0,"Pronaret":"","Kufizimet":"","Siperfaqe":59.5}},
{"type":"Feature","geometry":{"type":"Polygon","coordinates":[[[20.051733415120463,41.05249304528542],[20.051631517132012,41.052452843921365],[20.051688031841152,41.052370756494796],[20.051789929737243,41.05241095780952],[20.051733415120463,41.05249304528542]]]},"properties":{"Zk_Numer":3376,"Zk_Emer":"SHIRGJAN","Nr_Pas":"","Vol":0,"Faqe":0,"Pronaret":"","Kufizimet":"","Siperfaqe":99.3}},
{"type":"Feature","geometry":{"type":"Polygon","coordinates":[[[20.051635743305027,41.0522954716827],[20.05171167323487,41.05221792190536],[20.05179576860813,41.05226510613658],[20.0517198387229,41.052342655968665],[20.051635743305027,41.0522954716827]]]},"properties":{"Zk_Numer":3376,"Zk_Emer":"SHIRGJAN","Nr_Pas":"","Vol":0,"Faqe":0,"Pronaret":"","Kufizimet":"","Siperfaqe":94.3}},
{"type":"Feature","geometry":{"type":"Polygon","coordinates":[[[20.051834212587295,41.05243353691116],[20.051923917749168,41.052471942711925],[20.051865277949965,41.052550430725425],[20.051775572715485,41.05251202487958],[20.051834212587295,41.05243353691116]]]},"properties":{"Zk_Numer":3376,"Zk_Emer":"SHIRGJAN","Nr_Pas":"","Vol":0,"Faqe":0,"Pronaret":"","Kufizimet":"","Siperfaqe":86.8}},
{"type":"Feature","geometry":{"type":"Polygon","coordinates":[[[20.0528234104948,41.051090547528815],[20.052821946189002,41.05101311630173],[20.052955749050106,41.05101166615015],[20.052957213512737,41.051089097375474],[20.0528234104948,41.051090547528815]]]},"properties":{"Zk_Numer":3376,"Zk_Emer":"SHIRGJAN","Nr_Pas":"","Vol":0,"Faqe":0,"Pronaret":"","Kufizimet":"","Siperfaqe":96.8}},
{"type":"Feature","geometry":{"type":"Polygon","coordinates":[[[20.052008272561274,41.05173755504281],[20.05201861284887,41.05173724120171],[20.052017564480835,41.051717447089175],[20.052117995974612,41.05171439881502],[20.052123728813722,41.05182263661527],[20.052012956854195,41.05182599873598],[20.052008272561274,41.05173755504281]]]},"properties":{"Zk_Numer":3376,"Zk_Emer":"SHIRGJAN","Nr_Pas":"","Vol":0,"Faqe":0,"Pronaret":"","Kufizimet":"","Siperfaqe":110.2}},
{"type":"Feature","geometry":{"type":"Polygon","coordinates":[[[20.0523532042756,41.051560416084705],[20.052481247821486,41.05156349516502],[20.052477082291258,41.05166276531154],[20.052349038553093,41.05165968622679],[20.0523532042756,41.051560416084705]]]},"properties":{"Zk_Numer":3376,"Zk_Emer":"SHIRGJAN","Nr_Pas":"","Vol":0,"Faqe":0,"Pronaret":"","Kufizimet":"","Siperfaqe":118.8}},
{"type":"Feature","geometry":{"type":"Polygon","coordinates":[[[20.051338281311295,41.05207633542234],[20.051447752013726,41.05204734460278],[20.051494415355258,41.05214831810534],[20.05138494450603,41.05217730896881],[20.051338281311295,41.05207633542234]]]},"properties":{"Zk_Numer":3376,"Zk_Emer":"SHIRGJAN","Nr_Pas":"","Vol":0,"Faqe":0,"Pronaret":"","Kufizimet":"","Siperfaqe":115.8}},
{"type":"Feature","geometry":{"type":"Polygon","coordinates":[[[20.051338281311295,41.05207633542234],[20.051335474368944,41.05207707877531],[20.051289518335615,41.05197763510967],[20.05140179583212,41.05194790098146],[20.051447752013726,41.05204734460278],[20.051338281311295,41.05207633542234]]]},"properties":{"Zk_Numer":3376,"Zk_Emer":"SHIRGJAN","Nr_Pas":"","Vol":0,"Faqe":0,"Pronaret":"","Kufizimet":"","Siperfaqe":117}},
{"type":"Feature","geometry":{"type":"Polygon","coordinates":[[[20.051413721326785,41.05174352044626],[20.051345564288685,41.051818960414515],[20.051250017483255,41.051770366281815],[20.051316872579942,41.05169503656587],[20.051413721326785,41.05174352044626]]]},"properties":{"Zk_Numer":3376,"Zk_Emer":"SHIRGJAN","Nr_Pas":"","Vol":0,"Faqe":0,"Pronaret":"","Kufizimet":"","Siperfaqe":98.3}},
{"type":"Feature","geometry":{"type":"Polygon","coordinates":[[[20.051413721326785,41.05174352044626],[20.051498158631897,41.05178723663182],[20.05143000164524,41.0518626766494],[20.051345564288685,41.051818960414515],[20.051413721326785,41.05174352044626]]]},"properties":{"Zk_Numer":3376,"Zk_Emer":"SHIRGJAN","Nr_Pas":"","Vol":0,"Faqe":0,"Pronaret":"","Kufizimet":"","Siperfaqe":87.3}},
{"type":"Feature","geometry":{"type":"Polygon","coordinates":[[[20.053081911108293,41.05094467834034],[20.053067030346813,41.05086310617813],[20.053205140798568,41.05084866763504],[20.053220021727334,41.05093023977953],[20.053081911108293,41.05094467834034]]]},"properties":{"Zk_Numer":3376,"Zk_Emer":"SHIRGJAN","Nr_Pas":"","Vol":0,"Faqe":0,"Pronaret":"","Kufizimet":"","Siperfaqe":107.2}},
{"type":"Feature","geometry":{"type":"Polygon","coordinates":[[[20.05265499881485,41.05077490124313],[20.052742679514218,41.05072454992852],[20.052818924816993,41.0508006383313],[20.052731244074863,41.05085098970329],[20.05265499881485,41.05077490124313]]]},"properties":{"Zk_Numer":3376,"Zk_Emer":"SHIRGJAN","Nr_Pas":"","Vol":0,"Faqe":0,"Pronaret":"","Kufizimet":"","Siperfaqe":98.1}},
{"type":"Feature","geometry":{"type":"Polygon","coordinates":[[[20.05238562125186,41.05075788221521],[20.052490313421647,41.050697762286354],[20.05255259034207,41.05075991146725],[20.052447898130577,41.05082003145205],[20.05238562125186,41.05075788221521]]]},"properties":{"Zk_Numer":3376,"Zk_Emer":"SHIRGJAN","Nr_Pas":"","Vol":0,"Faqe":0,"Pronaret":"","Kufizimet":"","Siperfaqe":95.7}},
{"type":"Feature","geometry":{"type":"Polygon","coordinates":[[[20.052238172162856,41.05090196221869],[20.052341518661432,41.050830060447566],[20.052440896843958,41.05091191781096],[20.05233755032567,41.050983819670186],[20.052238172162856,41.05090196221869]]]},"properties":{"Zk_Numer":3376,"Zk_Emer":"SHIRGJAN","Nr_Pas":"","Vol":0,"Faqe":0,"Pronaret":"","Kufizimet":"","Siperfaqe":145.7}},
{"type":"Feature","geometry":{"type":"Polygon","coordinates":[[[20.05249016821452,41.05101513379953],[20.052602909320747,41.05105084253325],[20.052564479831016,41.05112037409405],[20.052451738626793,41.05108466532322],[20.05249016821452,41.05101513379953]]]},"properties":{"Zk_Numer":3376,"Zk_Emer":"SHIRGJAN","Nr_Pas":"","Vol":0,"Faqe":0,"Pronaret":"","Kufizimet":"","Siperfaqe":86}},
{"type":"Feature","geometry":{"type":"Polygon","coordinates":[[[20.051758701212634,41.05142585614043],[20.051788619143238,41.05134384832591],[20.05189488168407,41.051366064028564],[20.051864963875406,41.05144807187028],[20.051758701212634,41.05142585614043]]]},"properties":{"Zk_Numer":3376,"Zk_Emer":"SHIRGJAN","Nr_Pas":"","Vol":0,"Faqe":0,"Pronaret":"","Kufizimet":"","Siperfaqe":87.6}},
{"type":"Feature","geometry":{"type":"Polygon","coordinates":[[[20.051526384366902,41.05150719123349],[20.05150764155358,41.05142025198642],[20.051647653531685,41.051402954222795],[20.05166639652436,41.051489893447254],[20.051526384366902,41.05150719123349]]]},"properties":{"Zk_Numer":3376,"Zk_Emer":"SHIRGJAN","Nr_Pas":"","Vol":0,"Faqe":0,"Pronaret":"","Kufizimet":"","Siperfaqe":116.7}},
{"type":"Feature","geometry":{"type":"Polygon","coordinates":[[[20.05171066903387,41.051507212397524],[20.051811462896787,41.0515178739329],[20.051793849917907,41.051613296540445],[20.05169305591217,41.05160263498991],[20.05171066903387,41.051507212397524]]]},"properties":{"Zk_Numer":3376,"Zk_Emer":"SHIRGJAN","Nr_Pas":"","Vol":0,"Faqe":0,"Pronaret":"","Kufizimet":"","Siperfaqe":91.6}},
{"type":"Feature","geometry":{"type":"Polygon","coordinates":[[[20.05168296466504,41.051857990093644],[20.05175859351316,41.05193524812178],[20.051655822498823,41.051992899776835],[20.051580193704766,41.051915641682],[20.05168296466504,41.051857990093644]]]},"properties":{"Zk_Numer":3376,"Zk_Emer":"SHIRGJAN","Nr_Pas":"","Vol":0,"Faqe":0,"Pronaret":"","Kufizimet":"","Siperfaqe":114.8}},
{"type":"Feature","geometry":{"type":"Polygon","coordinates":[[[20.05107691001953,41.052081363963595],[20.05117484925144,41.05203352088247],[20.051253920308863,41.05212627852507],[20.051155980996814,41.05217412167267],[20.05107691001953,41.052081363963595]]]},"properties":{"Zk_Numer":3376,"Zk_Emer":"SHIRGJAN","Nr_Pas":"","Vol":0,"Faqe":0,"Pronaret":"","Kufizimet":"","Siperfaqe":120.1}},
{"type":"Feature","geometry":{"type":"Polygon","coordinates":[[[20.052403445366647,41.05147603610081],[20.052400193268877,41.05148733337452],[20.0523504875222,41.05147913362574],[20.052353739628064,41.05146783635342],[20.05237812949965,41.05138310988874],[20.052498324300416,41.05140293788023],[20.052473934575758,41.05148766436997],[20.052403445366647,41.05147603610081]]]},"properties":{"Zk_Numer":3376,"Zk_Emer":"SHIRGJAN","Nr_Pas":"","Vol":0,"Faqe":0,"Pronaret":"","Kufizimet":"","Siperfaqe":105.1}},
{"type":"Feature","geometry":{"type":"Polygon","coordinates":[[[20.047017493968855,41.05201876220429],[20.047043673717976,41.05190341691016],[20.04718423477455,41.05192169898369],[20.047160467019516,41.05202641827778],[20.047083562760488,41.052016415747765],[20.047081145684402,41.05202706516554],[20.047017493968855,41.05201876220429]]]},"properties":{"Zk_Numer":3376,"Zk_Emer":"SHIRGJAN","Nr_Pas":"","Vol":0,"Faqe":0,"Pronaret":"","Kufizimet":"","Siperfaqe":148}},
{"type":"Feature","geometry":{"type":"Polygon","coordinates":[[[20.050876688952016,41.05263082033397],[20.050867231057303,41.05254783651568],[20.05099700011519,41.05253936102882],[20.051006458171727,41.0526223448365],[20.050876688952016,41.05263082033397]]]},"properties":{"Zk_Numer":3376,"Zk_Emer":"SHIRGJAN","Nr_Pas":"","Vol":0,"Faqe":0,"Pronaret":"","Kufizimet":"","Siperfaqe":101.3}},
{"type":"Feature","geometry":{"type":"Polygon","coordinates":[[[20.04955573773941,41.05234537516097],[20.049568404751884,41.05225493610635],[20.049687874937185,41.05226452497449],[20.0496752080865,41.052354964041996],[20.04955573773941,41.05234537516097]]]},"properties":{"Zk_Numer":3376,"Zk_Emer":"SHIRGJAN","Nr_Pas":"","Vol":0,"Faqe":0,"Pronaret":"","Kufizimet":"","Siperfaqe":102}},
{"type":"Feature","geometry":{"type":"Polygon","coordinates":[[[20.051347224165347,41.05279360493663],[20.051324079986422,41.05269556778494],[20.051440004971372,41.052679885244004],[20.051463149316845,41.052777922372584],[20.051347224165347,41.05279360493663]]]},"properties":{"Zk_Numer":3376,"Zk_Emer":"SHIRGJAN","Nr_Pas":"","Vol":0,"Faqe":0,"Pronaret":"","Kufizimet":"","Siperfaqe":109.5}},
{"type":"Feature","geometry":{"type":"Polygon","coordinates":[[[20.05112344656716,41.05273853055808],[20.0511300024253,41.05265872429932],[20.051265938792127,41.05266512326771],[20.051259383097637,41.05274492953402],[20.05112344656716,41.05273853055808]]]},"properties":{"Zk_Numer":3376,"Zk_Emer":"SHIRGJAN","Nr_Pas":"","Vol":0,"Faqe":0,"Pronaret":"","Kufizimet":"","Siperfaqe":101.7}},
{"type":"Feature","geometry":{"type":"Polygon","coordinates":[[[20.05105899197787,41.05249916980155],[20.051117861036804,41.05249538957869],[20.051132134089375,41.05260073044321],[20.051073447740425,41.052606142008386],[20.051066542273038,41.05255489442415],[20.05105899197787,41.05249916980155]]]},"properties":{"Zk_Numer":3376,"Zk_Emer":"SHIRGJAN","Nr_Pas":"","Vol":0,"Faqe":0,"Pronaret":"","Kufizimet":"","Siperfaqe":58.9}},
{"type":"Feature","geometry":{"type":"Polygon","coordinates":[[[20.051066542273038,41.05255489442415],[20.051008908278202,41.052558595309605],[20.051002654660014,41.0525027874224],[20.05105899197787,41.05249916980155],[20.051066542273038,41.05255489442415]]]},"properties":{"Zk_Numer":3376,"Zk_Emer":"SHIRGJAN","Nr_Pas":"","Vol":0,"Faqe":0,"Pronaret":"","Kufizimet":"","Siperfaqe":29.9}},
{"type":"Feature","geometry":{"type":"Polygon","coordinates":[[[20.04939919313008,41.052182839824006],[20.049505529263442,41.05219954399297],[20.049483777276407,41.05227889448177],[20.049377441020745,41.052262190293035],[20.04939919313008,41.052182839824006]]]},"properties":{"Zk_Numer":3376,"Zk_Emer":"SHIRGJAN","Nr_Pas":"","Vol":0,"Faqe":0,"Pronaret":"","Kufizimet":"","Siperfaqe":82.2}},
{"type":"Feature","geometry":{"type":"Polygon","coordinates":[[[20.050535856022783,41.052426938839986],[20.05066687435845,41.052463531393244],[20.05062514432409,41.052549152127256],[20.05049412584159,41.052512559527194],[20.050535856022783,41.052426938839986]]]},"properties":{"Zk_Numer":3376,"Zk_Emer":"SHIRGJAN","Nr_Pas":"","Vol":0,"Faqe":0,"Pronaret":"","Kufizimet":"","Siperfaqe":119}},
{"type":"Feature","geometry":{"type":"Polygon","coordinates":[[[20.05072165365245,41.05250902045396],[20.05081165820466,41.05252974632763],[20.05078730056365,41.05259036085816],[20.050697295936434,41.052569634965735],[20.05072165365245,41.05250902045396]]]},"properties":{"Zk_Numer":3376,"Zk_Emer":"SHIRGJAN","Nr_Pas":"","Vol":0,"Faqe":0,"Pronaret":"","Kufizimet":"","Siperfaqe":55.6}},
{"type":"Feature","geometry":{"type":"Polygon","coordinates":[[[20.050459951071325,41.05218332513231],[20.05055582704608,41.05218874559515],[20.05054698562514,41.052278362945884],[20.050451109520996,41.052272942475845],[20.050459951071325,41.05218332513231]]]},"properties":{"Zk_Numer":3376,"Zk_Emer":"SHIRGJAN","Nr_Pas":"","Vol":0,"Faqe":0,"Pronaret":"","Kufizimet":"","Siperfaqe":80.7}},
{"type":"Feature","geometry":{"type":"Polygon","coordinates":[[[20.050268366109833,41.05242251940117],[20.050290035071583,41.05237461499259],[20.050432557473364,41.0524115582884],[20.050410888602926,41.05245946272341],[20.050268366109833,41.05242251940117]]]},"properties":{"Zk_Numer":3376,"Zk_Emer":"SHIRGJAN","Nr_Pas":"","Vol":0,"Faqe":0,"Pronaret":"","Kufizimet":"","Siperfaqe":71.2}},
{"type":"Feature","geometry":{"type":"Polygon","coordinates":[[[20.050086355796427,41.052412672841186],[20.05012228604406,41.05233324094691],[20.050222163137107,41.05235913033479],[20.050186232995575,41.05243856225978],[20.050086355796427,41.052412672841186]]]},"properties":{"Zk_Numer":3376,"Zk_Emer":"SHIRGJAN","Nr_Pas":"","Vol":0,"Faqe":0,"Pronaret":"","Kufizimet":"","Siperfaqe":82.8}},
{"type":"Feature","geometry":{"type":"Polygon","coordinates":[[[20.05022246758019,41.05215061057518],[20.050220801581823,41.05225366998499],[20.050157896762254,41.05225308724154],[20.050159562858774,41.05215002783256],[20.05022246758019,41.05215061057518]]]},"properties":{"Zk_Numer":3376,"Zk_Emer":"SHIRGJAN","Nr_Pas":"","Vol":0,"Faqe":0,"Pronaret":"","Kufizimet":"","Siperfaqe":60.5}},
{"type":"Feature","geometry":{"type":"Polygon","coordinates":[[[20.04998237224512,41.052039056280236],[20.050065914804637,41.052043451976495],[20.05005991487126,41.052108798881804],[20.049976372229473,41.052104403181296],[20.04998237224512,41.052039056280236]]]},"properties":{"Zk_Numer":3376,"Zk_Emer":"SHIRGJAN","Nr_Pas":"","Vol":0,"Faqe":0,"Pronaret":"","Kufizimet":"","Siperfaqe":51.2}},
{"type":"Feature","geometry":{"type":"Polygon","coordinates":[[[20.049801286538028,41.05219208294808],[20.049900921502093,41.05219120692195],[20.04990240203059,41.05228769716412],[20.049802766920973,41.05228857319162],[20.049801286538028,41.05219208294808]]]},"properties":{"Zk_Numer":3376,"Zk_Emer":"SHIRGJAN","Nr_Pas":"","Vol":0,"Faqe":0,"Pronaret":"","Kufizimet":"","Siperfaqe":89.8}},
{"type":"Feature","geometry":{"type":"Polygon","coordinates":[[[20.049762415306088,41.05230983692881],[20.049889575518087,41.0523294861854],[20.049878226305214,41.0523715747737],[20.049751066015524,41.052351925504794],[20.049762415306088,41.05230983692881]]]},"properties":{"Zk_Numer":3376,"Zk_Emer":"SHIRGJAN","Nr_Pas":"","Vol":0,"Faqe":0,"Pronaret":"","Kufizimet":"","Siperfaqe":52}},
{"type":"Feature","geometry":{"type":"Polygon","coordinates":[[[20.04804862697644,41.052341085457584],[20.048026736119063,41.05224931634866],[20.048139332980377,41.052233924643204],[20.04816122398907,41.05232569373089],[20.04804862697644,41.052341085457584]]]},"properties":{"Zk_Numer":3376,"Zk_Emer":"SHIRGJAN","Nr_Pas":"","Vol":0,"Faqe":0,"Pronaret":"","Kufizimet":"","Siperfaqe":99.6}},
{"type":"Feature","geometry":{"type":"Polygon","coordinates":[[[20.05022246758019,41.05215061057518],[20.05028537230269,41.052151193283464],[20.050283706402467,41.05225425269413],[20.050220801581823,41.05225366998499],[20.05022246758019,41.05215061057518]]]},"properties":{"Zk_Numer":3376,"Zk_Emer":"SHIRGJAN","Nr_Pas":"","Vol":0,"Faqe":0,"Pronaret":"","Kufizimet":"","Siperfaqe":60.5}},
{"type":"Feature","geometry":{"type":"Polygon","coordinates":[[[20.046027485590702,41.05272630304623],[20.04600033268659,41.05270709450886],[20.046092047032925,41.05263280168843],[20.04611919993313,41.052652010204476],[20.046027485590702,41.05272630304623]]]},"properties":{"Zk_Numer":3376,"Zk_Emer":"SHIRGJAN","Nr_Pas":"","Vol":0,"Faqe":0,"Pronaret":"","Kufizimet":"","Siperfaqe":35.3}},
{"type":"Feature","geometry":{"type":"Polygon","coordinates":[[[20.051067418001846,41.05150735346889],[20.051162281610903,41.05143680161803],[20.051247727104094,41.05150264058642],[20.05115286349189,41.05157319250681],[20.051067418001846,41.05150735346889]]]},"properties":{"Zk_Numer":3376,"Zk_Emer":"SHIRGJAN","Nr_Pas":"","Vol":0,"Faqe":0,"Pronaret":"","Kufizimet":"","Siperfaqe":114.6}},
{"type":"Feature","geometry":{"type":"Polygon","coordinates":[[[20.051696539725654,41.05090678424361],[20.05181206591041,41.050863232585286],[20.051864294282147,41.0509426274425],[20.051748767993065,41.05098617915262],[20.051696539725654,41.05090678424361]]]},"properties":{"Zk_Numer":3376,"Zk_Emer":"SHIRGJAN","Nr_Pas":"","Vol":0,"Faqe":0,"Pronaret":"","Kufizimet":"","Siperfaqe":106.9}},
{"type":"Feature","geometry":{"type":"Polygon","coordinates":[[[20.05007566000001,41.0516932487265],[20.050180488568728,41.051673562813534],[20.05020182525898,41.05173867321126],[20.050096996593318,41.05175835914346],[20.05007566000001,41.0516932487265]]]},"properties":{"Zk_Numer":3376,"Zk_Emer":"SHIRGJAN","Nr_Pas":"","Vol":0,"Faqe":0,"Pronaret":"","Kufizimet":"","Siperfaqe":67.6}},
{"type":"Feature","geometry":{"type":"Polygon","coordinates":[[[20.04970670753946,41.05169205446684],[20.049812928129185,41.051692008604256],[20.04981298187555,41.05176326696014],[20.049706761171215,41.05176331282283],[20.04970670753946,41.05169205446684]]]},"properties":{"Zk_Numer":3376,"Zk_Emer":"SHIRGJAN","Nr_Pas":"","Vol":0,"Faqe":0,"Pronaret":"","Kufizimet":"","Siperfaqe":70.7}},
{"type":"Feature","geometry":{"type":"Polygon","coordinates":[[[20.051012442783335,41.051290359308574],[20.05107441813073,41.05130439524519],[20.05102833264878,41.05142100831993],[20.050966357201702,41.05140697235887],[20.051012442783335,41.051290359308574]]]},"properties":{"Zk_Numer":3376,"Zk_Emer":"SHIRGJAN","Nr_Pas":"","Vol":0,"Faqe":0,"Pronaret":"","Kufizimet":"","Siperfaqe":73.5}},
{"type":"Feature","geometry":{"type":"Polygon","coordinates":[[[20.051358768952536,41.05136611918995],[20.051344144233727,41.05139320839419],[20.051257723251712,41.05136647119405],[20.051272348000065,41.05133938200062],[20.05122286941431,41.05132407411931],[20.051253182934246,41.0512679248596],[20.051389082376158,41.05130996989496],[20.051358768952536,41.05136611918995]]]},"properties":{"Zk_Numer":3376,"Zk_Emer":"SHIRGJAN","Nr_Pas":"","Vol":0,"Faqe":0,"Pronaret":"","Kufizimet":"","Siperfaqe":108.7}},
{"type":"Feature","geometry":{"type":"Polygon","coordinates":[[[20.051464808521818,41.05119230768631],[20.051385428971553,41.05123419416952],[20.051308117303165,41.051150231216894],[20.051424746074453,41.05108868930775],[20.051456496813966,41.05112317159625],[20.0514192475312,41.051142827084995],[20.051464808521818,41.05119230768631]]]},"properties":{"Zk_Numer":3376,"Zk_Emer":"SHIRGJAN","Nr_Pas":"","Vol":0,"Faqe":0,"Pronaret":"","Kufizimet":"","Siperfaqe":110.3}},
{"type":"Feature","geometry":{"type":"Polygon","coordinates":[[[20.051436745550028,41.051070739776094],[20.051424383018237,41.051077263170974],[20.05138262900575,41.05103191694075],[20.05139499153319,41.0510253935503],[20.051454989699856,41.05099373401064],[20.051553839328633,41.051101087704325],[20.05149384111193,41.05113274729488],[20.051436745550028,41.051070739776094]]]},"properties":{"Zk_Numer":3376,"Zk_Emer":"SHIRGJAN","Nr_Pas":"","Vol":0,"Faqe":0,"Pronaret":"","Kufizimet":"","Siperfaqe":97.1}},
{"type":"Feature","geometry":{"type":"Polygon","coordinates":[[[20.05154505966736,41.050967738513755],[20.05155818297487,41.05096081364469],[20.051606690004856,41.051013493698115],[20.051593566691977,41.051020418572634],[20.051621261720694,41.051050496143276],[20.051548448873387,41.0510889177858],[20.051472246866858,41.05100616010864],[20.05154505966736,41.050967738513755]]]},"properties":{"Zk_Numer":3376,"Zk_Emer":"SHIRGJAN","Nr_Pas":"","Vol":0,"Faqe":0,"Pronaret":"","Kufizimet":"","Siperfaqe":93.2}},
{"type":"Feature","geometry":{"type":"Polygon","coordinates":[[[20.051767814690464,41.050744607960816],[20.051728188519043,41.05066284867218],[20.051851736965595,41.050628532640665],[20.051891363269284,41.050710291887235],[20.051767814690464,41.050744607960816]]]},"properties":{"Zk_Numer":3376,"Zk_Emer":"SHIRGJAN","Nr_Pas":"","Vol":0,"Faqe":0,"Pronaret":"","Kufizimet":"","Siperfaqe":107}},
{"type":"Feature","geometry":{"type":"Polygon","coordinates":[[[20.051698982959515,41.050547829606955],[20.051687386470512,41.05047886095615],[20.051814091297775,41.050466651768524],[20.051825687916917,41.05053562040667],[20.051698982959515,41.050547829606955]]]},"properties":{"Zk_Numer":3376,"Zk_Emer":"SHIRGJAN","Nr_Pas":"","Vol":0,"Faqe":0,"Pronaret":"","Kufizimet":"","Siperfaqe":82.9}},
{"type":"Feature","geometry":{"type":"Polygon","coordinates":[[[20.052830078641115,41.05029820365375],[20.052821737514705,41.050309593161494],[20.052762916291588,41.05028490587909],[20.052771257425032,41.050273516375555],[20.052833678844408,41.05018828213417],[20.05293877452707,41.05023239076598],[20.05287635320176,41.05031762506358],[20.052830078641115,41.05029820365375]]]},"properties":{"Zk_Numer":3376,"Zk_Emer":"SHIRGJAN","Nr_Pas":"","Vol":0,"Faqe":0,"Pronaret":"","Kufizimet":"","Siperfaqe":117.5}},
{"type":"Feature","geometry":{"type":"Polygon","coordinates":[[[20.05001682046095,41.05155978857671],[20.04998311796311,41.05147343304124],[20.050085784951694,41.05145047120368],[20.050119487572,41.0515368267094],[20.05001682046095,41.05155978857671]]]},"properties":{"Zk_Numer":3376,"Zk_Emer":"SHIRGJAN","Nr_Pas":"","Vol":0,"Faqe":0,"Pronaret":"","Kufizimet":"","Siperfaqe":90}},
{"type":"Feature","geometry":{"type":"Polygon","coordinates":[[[20.05028310605103,41.05178232760679],[20.050254769763875,41.0516764235556],[20.050371351584687,41.051658547865024],[20.050399688051062,41.051764451887784],[20.05028310605103,41.05178232760679]]]},"properties":{"Zk_Numer":3376,"Zk_Emer":"SHIRGJAN","Nr_Pas":"","Vol":0,"Faqe":0,"Pronaret":"","Kufizimet":"","Siperfaqe":120}},
{"type":"Feature","geometry":{"type":"Polygon","coordinates":[[[20.05052462137072,41.051934620123596],[20.05052458968259,41.05189319918915],[20.050614991404267,41.05189315952124],[20.050615023149096,41.05193458045564],[20.05052462137072,41.051934620123596]]]},"properties":{"Zk_Numer":3376,"Zk_Emer":"SHIRGJAN","Nr_Pas":"","Vol":0,"Faqe":0,"Pronaret":"","Kufizimet":"","Siperfaqe":35}},
{"type":"Feature","geometry":{"type":"Polygon","coordinates":[[[20.05069653838486,41.05149757262176],[20.050603788567777,41.05146710344612],[20.050660611170223,41.0513679798537],[20.05075336087422,41.0513984489842],[20.05069653838486,41.05149757262176]]]},"properties":{"Zk_Numer":3376,"Zk_Emer":"SHIRGJAN","Nr_Pas":"","Vol":0,"Faqe":0,"Pronaret":"","Kufizimet":"","Siperfaqe":102}},
{"type":"Feature","geometry":{"type":"Polygon","coordinates":[[[20.05216560474144,41.05154172920611],[20.052138263121165,41.0515505813697],[20.052166327769804,41.05160025624056],[20.05208977114701,41.05162504228252],[20.052042996834437,41.05154225079627],[20.052146894987956,41.051508612625874],[20.05216560474144,41.05154172920611]]]},"properties":{"Zk_Numer":3376,"Zk_Emer":"SHIRGJAN","Nr_Pas":"","Vol":0,"Faqe":0,"Pronaret":"","Kufizimet":"","Siperfaqe":80}},
{"type":"Feature","geometry":{"type":"Polygon","coordinates":[[[20.053647549011075,41.05005801215195],[20.053722671755306,41.05001021618347],[20.05379920083982,41.05007914939226],[20.053724078072673,41.05012694541008],[20.053647549011075,41.05005801215195]]]},"properties":{"Zk_Numer":3376,"Zk_Emer":"SHIRGJAN","Nr_Pas":"","Vol":0,"Faqe":0,"Pronaret":"","Kufizimet":"","Siperfaqe":82.5}},
{"type":"Feature","geometry":{"type":"Polygon","coordinates":[[[20.05437608543832,41.04930759163764],[20.054382557627868,41.04921767947725],[20.054489449387766,41.04922208913636],[20.05448297734331,41.049312001302575],[20.05437608543832,41.04930759163764]]]},"properties":{"Zk_Numer":3376,"Zk_Emer":"SHIRGJAN","Nr_Pas":"","Vol":0,"Faqe":0,"Pronaret":"","Kufizimet":"","Siperfaqe":90}},
{"type":"Feature","geometry":{"type":"Polygon","coordinates":[[[20.053965043579034,41.0497998542524],[20.054066821553064,41.049842872639516],[20.054015794777083,41.04991205943203],[20.0539202480348,41.04987167478452],[20.05394506565002,41.049838024867775],[20.05393675724608,41.0498345131573],[20.05393611224918,41.04982597277654],[20.05395408760893,41.04980160017118],[20.053965043579034,41.0497998542524]]]},"properties":{"Zk_Numer":3376,"Zk_Emer":"SHIRGJAN","Nr_Pas":"","Vol":0,"Faqe":0,"Pronaret":"","Kufizimet":"","Siperfaqe":86.5}},
{"type":"Feature","geometry":{"type":"Polygon","coordinates":[[[20.056162202298626,41.04983726379985],[20.056136441230716,41.04981058493055],[20.056117428090186,41.0498211063795],[20.05609398343392,41.04979682641865],[20.05611299657121,41.04978630497352],[20.056080718453593,41.0497528594701],[20.056162595138975,41.04970598914554],[20.056245072648863,41.04979140510612],[20.056162202298626,41.04983726379985]]]},"properties":{"Zk_Numer":3376,"Zk_Emer":"SHIRGJAN","Nr_Pas":"","Vol":0,"Faqe":0,"Pronaret":"","Kufizimet":"","Siperfaqe":107.4}},
{"type":"Feature","geometry":{"type":"Polygon","coordinates":[[[20.05620678114769,41.04973828023646],[20.056188137874656,41.04967574054846],[20.056247079984065,41.04966567077227],[20.056265723310045,41.04972821045081],[20.05620678114769,41.04973828023646]]]},"properties":{"Zk_Numer":3376,"Zk_Emer":"SHIRGJAN","Nr_Pas":"","Vol":0,"Faqe":0,"Pronaret":"","Kufizimet":"","Siperfaqe":36.2}},
{"type":"Feature","geometry":{"type":"Polygon","coordinates":[[[20.054765042223753,41.050076399415225],[20.054777240196778,41.049979137362854],[20.054897666962884,41.04998779275545],[20.05488546916563,41.050085054820315],[20.054765042223753,41.050076399415225]]]},"properties":{"Zk_Numer":3376,"Zk_Emer":"SHIRGJAN","Nr_Pas":"","Vol":0,"Faqe":0,"Pronaret":"","Kufizimet":"","Siperfaqe":110.3}},
{"type":"Feature","geometry":{"type":"Polygon","coordinates":[[[20.05522116089246,41.049528867382485],[20.055244558088226,41.04945366608011],[20.055351651997093,41.04947276161401],[20.05532825491655,41.04954796293781],[20.05522116089246,41.049528867382485]]]},"properties":{"Zk_Numer":3376,"Zk_Emer":"SHIRGJAN","Nr_Pas":"","Vol":0,"Faqe":0,"Pronaret":"","Kufizimet":"","Siperfaqe":79.4}},
{"type":"Feature","geometry":{"type":"Polygon","coordinates":[[[20.054329854056306,41.04943291711402],[20.054367874841873,41.04936267216654],[20.054470676578593,41.0493945608562],[20.054432655884078,41.04946480583714],[20.054329854056306,41.04943291711402]]]},"properties":{"Zk_Numer":3376,"Zk_Emer":"SHIRGJAN","Nr_Pas":"","Vol":0,"Faqe":0,"Pronaret":"","Kufizimet":"","Siperfaqe":78.7}},
{"type":"Feature","geometry":{"type":"Polygon","coordinates":[[[20.053994838250883,41.0496247494743],[20.05408653248698,41.04956363284389],[20.05414778732835,41.049616301326004],[20.054056093075918,41.04967741800459],[20.053994838250883,41.0496247494743]]]},"properties":{"Zk_Numer":3376,"Zk_Emer":"SHIRGJAN","Nr_Pas":"","Vol":0,"Faqe":0,"Pronaret":"","Kufizimet":"","Siperfaqe":80}},
{"type":"Feature","geometry":{"type":"Polygon","coordinates":[[[20.053599932440342,41.05100743939764],[20.053718516068468,41.050992253831225],[20.053743362954002,41.05110344569122],[20.053624779131997,41.051118631283],[20.053599932440342,41.05100743939764]]]},"properties":{"Zk_Numer":3376,"Zk_Emer":"SHIRGJAN","Nr_Pas":"","Vol":0,"Faqe":0,"Pronaret":"","Kufizimet":"","Siperfaqe":126.6}},
{"type":"Feature","geometry":{"type":"Polygon","coordinates":[[[20.054436894107724,41.049814042810944],[20.05451808787776,41.049863120886506],[20.054435943388132,41.04994100312546],[20.054354749583265,41.04989192499272],[20.054436894107724,41.049814042810944]]]},"properties":{"Zk_Numer":3376,"Zk_Emer":"SHIRGJAN","Nr_Pas":"","Vol":0,"Faqe":0,"Pronaret":"","Kufizimet":"","Siperfaqe":96.7}},
{"type":"Feature","geometry":{"type":"Polygon","coordinates":[[[20.05454429331692,41.049712096381285],[20.0545898579014,41.049739638165306],[20.054623452599294,41.04970778641958],[20.05466901721377,41.0497353281723],[20.05460182780158,41.04979903168005],[20.05451069857864,41.049743948103945],[20.05454429331692,41.049712096381285]]]},"properties":{"Zk_Numer":3376,"Zk_Emer":"SHIRGJAN","Nr_Pas":"","Vol":0,"Faqe":0,"Pronaret":"","Kufizimet":"","Siperfaqe":66.6}},
{"type":"Feature","geometry":{"type":"Polygon","coordinates":[[[20.055082300349,41.04992011311638],[20.055097369180928,41.049888737884],[20.055072044642017,41.04988176746712],[20.055092973789517,41.04983819029118],[20.05519965167638,41.04986755264524],[20.055163653791638,41.04994250508315],[20.055082300349,41.04992011311638]]]},"properties":{"Zk_Numer":3376,"Zk_Emer":"SHIRGJAN","Nr_Pas":"","Vol":0,"Faqe":0,"Pronaret":"","Kufizimet":"","Siperfaqe":76.1}},
{"type":"Feature","geometry":{"type":"Polygon","coordinates":[[[20.055297505949934,41.04973356577705],[20.055390748485472,41.0497423269642],[20.05538335891338,41.04978739810522],[20.05529011631518,41.04977863691219],[20.055297505949934,41.04973356577705]]]},"properties":{"Zk_Numer":3376,"Zk_Emer":"SHIRGJAN","Nr_Pas":"","Vol":0,"Faqe":0,"Pronaret":"","Kufizimet":"","Siperfaqe":39.8}},
{"type":"Feature","geometry":{"type":"Polygon","coordinates":[[[20.055439599180872,41.04969610164603],[20.055516164816588,41.04967977251154],[20.05552504742862,41.04970364170921],[20.055448481767442,41.049719970849544],[20.055439599180872,41.04969610164603]]]},"properties":{"Zk_Numer":3376,"Zk_Emer":"SHIRGJAN","Nr_Pas":"","Vol":0,"Faqe":0,"Pronaret":"","Kufizimet":"","Siperfaqe":18.4}},
{"type":"Feature","geometry":{"type":"Polygon","coordinates":[[[20.055296822746357,41.04957466030237],[20.055409697735016,41.049578898430035],[20.055403259840087,41.04967716398409],[20.055290384683897,41.04967292585031],[20.055296822746357,41.04957466030237]]]},"properties":{"Zk_Numer":3376,"Zk_Emer":"SHIRGJAN","Nr_Pas":"","Vol":0,"Faqe":0,"Pronaret":"","Kufizimet":"","Siperfaqe":103.8}},
{"type":"Feature","geometry":{"type":"Polygon","coordinates":[[[20.055523629070066,41.04979179223243],[20.055612102911788,41.049777522845744],[20.055640350273567,41.04987789464542],[20.055551876303543,41.04989216405364],[20.055523629070066,41.04979179223243]]]},"properties":{"Zk_Numer":3376,"Zk_Emer":"SHIRGJAN","Nr_Pas":"","Vol":0,"Faqe":0,"Pronaret":"","Kufizimet":"","Siperfaqe":86.7}},
{"type":"Feature","geometry":{"type":"Polygon","coordinates":[[[20.05532435082207,41.04928909169629],[20.055401882982192,41.049372542616844],[20.055316136976835,41.049418198438985],[20.055238604871327,41.049334747461366],[20.05532435082207,41.04928909169629]]]},"properties":{"Zk_Numer":3376,"Zk_Emer":"SHIRGJAN","Nr_Pas":"","Vol":0,"Faqe":0,"Pronaret":"","Kufizimet":"","Siperfaqe":99.9}},
{"type":"Feature","geometry":{"type":"Polygon","coordinates":[[[20.05546934981415,41.049422283426736],[20.05550170822858,41.049352334955216],[20.0556113605993,41.04938140577456],[20.055579002286827,41.04945135427645],[20.05546934981415,41.049422283426736]]]},"properties":{"Zk_Numer":3376,"Zk_Emer":"SHIRGJAN","Nr_Pas":"","Vol":0,"Faqe":0,"Pronaret":"","Kufizimet":"","Siperfaqe":80.4}},
{"type":"Feature","geometry":{"type":"Polygon","coordinates":[[[20.055550272341925,41.049496684047476],[20.05565335553766,41.04952401315449],[20.055609298421768,41.049619250693276],[20.055506215095534,41.04959192154741],[20.055550272341925,41.049496684047476]]]},"properties":{"Zk_Numer":3376,"Zk_Emer":"SHIRGJAN","Nr_Pas":"","Vol":0,"Faqe":0,"Pronaret":"","Kufizimet":"","Siperfaqe":102.9}},
{"type":"Feature","geometry":{"type":"Polygon","coordinates":[[[20.05570617609526,41.049668099843764],[20.055675381209742,41.04963593698535],[20.055726516564235,41.04960787791678],[20.055757311461534,41.049640040761695],[20.055808129111337,41.0496121559713],[20.055869093217627,41.04967582801089],[20.05576714015502,41.04973177193669],[20.05570617609526,41.049668099843764]]]},"properties":{"Zk_Numer":3376,"Zk_Emer":"SHIRGJAN","Nr_Pas":"","Vol":0,"Faqe":0,"Pronaret":"","Kufizimet":"","Siperfaqe":115.9}},
{"type":"Feature","geometry":{"type":"Polygon","coordinates":[[[20.05583095858894,41.049587541929284],[20.05593210160003,41.049539686576516],[20.056002197164158,41.049624589709126],[20.055901054073978,41.04967244512275],[20.05583095858894,41.049587541929284]]]},"properties":{"Zk_Numer":3376,"Zk_Emer":"SHIRGJAN","Nr_Pas":"","Vol":0,"Faqe":0,"Pronaret":"","Kufizimet":"","Siperfaqe":111.5}},
{"type":"Feature","geometry":{"type":"Polygon","coordinates":[[[20.053132989884777,41.04849981349365],[20.053242625956265,41.04848980860142],[20.053260810269634,41.048604011740714],[20.05315117401137,41.048614016650156],[20.053132989884777,41.04849981349365]]]},"properties":{"Zk_Numer":3376,"Zk_Emer":"SHIRGJAN","Nr_Pas":"","Vol":0,"Faqe":0,"Pronaret":"","Kufizimet":"","Siperfaqe":118.6}},
{"type":"Feature","geometry":{"type":"Polygon","coordinates":[[[20.05292085224403,41.047651926318906],[20.052971650129518,41.047611487598125],[20.053058028215663,41.047673675461866],[20.05300723033531,41.04771411422029],[20.05292085224403,41.047651926318906]]]},"properties":{"Zk_Numer":3376,"Zk_Emer":"SHIRGJAN","Nr_Pas":"","Vol":0,"Faqe":0,"Pronaret":"","Kufizimet":"","Siperfaqe":62.1}},
{"type":"Feature","geometry":{"type":"Polygon","coordinates":[[[20.053479437407297,41.04866702096618],[20.05346234026824,41.04864017831272],[20.053427776120166,41.04858591223199],[20.05347063162621,41.048570268302456],[20.053503190552068,41.04862138611376],[20.053522292953687,41.04865137701761],[20.053479437407297,41.04866702096618]]]},"properties":{"Zk_Numer":3376,"Zk_Emer":"SHIRGJAN","Nr_Pas":"","Vol":0,"Faqe":0,"Pronaret":"","Kufizimet":"","Siperfaqe":40}},
{"type":"Feature","geometry":{"type":"Polygon","coordinates":[[[20.04878663640216,41.051776044415085],[20.048783985953126,41.05171754922161],[20.04889097743381,41.051714771068944],[20.048893627977492,41.05177326625995],[20.04878663640216,41.051776044415085]]]},"properties":{"Zk_Numer":3376,"Zk_Emer":"SHIRGJAN","Nr_Pas":"","Vol":0,"Faqe":0,"Pronaret":"","Kufizimet":"","Siperfaqe":58.5}},
{"type":"Feature","geometry":{"type":"Polygon","coordinates":[[[20.049870493609145,41.05270828008753],[20.04984118914469,41.05260943762954],[20.049967930790654,41.052587904911775],[20.049997235435182,41.0526867473378],[20.049870493609145,41.05270828008753]]]},"properties":{"Zk_Numer":3376,"Zk_Emer":"SHIRGJAN","Nr_Pas":"","Vol":0,"Faqe":0,"Pronaret":"","Kufizimet":"","Siperfaqe":122.8}},
{"type":"Feature","geometry":{"type":"Polygon","coordinates":[[[20.050300756877103,41.05283809652946],[20.050274108933138,41.052739283602286],[20.05037608784748,41.05272352391291],[20.05040273593762,41.05282233681668],[20.050300756877103,41.05283809652946]]]},"properties":{"Zk_Numer":3376,"Zk_Emer":"SHIRGJAN","Nr_Pas":"","Vol":0,"Faqe":0,"Pronaret":"","Kufizimet":"","Siperfaqe":98}},
{"type":"Feature","geometry":{"type":"Polygon","coordinates":[[[20.04973457698635,41.05303016431412],[20.049697045137467,41.052933210350005],[20.049800351992058,41.052910293867605],[20.049837883979517,41.05300724779839],[20.04973457698635,41.05303016431412]]]},"properties":{"Zk_Numer":3376,"Zk_Emer":"SHIRGJAN","Nr_Pas":"","Vol":0,"Faqe":0,"Pronaret":"","Kufizimet":"","Siperfaqe":101.5}},
{"type":"Feature","geometry":{"type":"Polygon","coordinates":[[[20.054754908123645,41.050171966095554],[20.05472654833834,41.05012435646158],[20.05475907783527,41.05011325176276],[20.05477179084578,41.05013459400984],[20.054812994870108,41.05012052804031],[20.05482864167661,41.05014679541374],[20.054754908123645,41.050171966095554]]]},"properties":{"Zk_Numer":3376,"Zk_Emer":"SHIRGJAN","Nr_Pas":"","Vol":0,"Faqe":0,"Pronaret":"","Kufizimet":"","Siperfaqe":29.6}},
{"type":"Feature","geometry":{"type":"Polygon","coordinates":[[[20.055246715435867,41.05019234815749],[20.055252383943056,41.05021476536604],[20.05513886308885,41.05023121596136],[20.055135558466706,41.050231694840754],[20.055113195399056,41.05014325505338],[20.05523002072475,41.05012632560117],[20.055230338119845,41.05012758080447],[20.055246715435867,41.05019234815749]]]},"properties":{"Zk_Numer":3376,"Zk_Emer":"SHIRGJAN","Nr_Pas":"","Vol":0,"Faqe":0,"Pronaret":"","Kufizimet":"","Siperfaqe":100}},
{"type":"Feature","geometry":{"type":"Polygon","coordinates":[[[20.05628174152448,41.049790258430434],[20.05626911297821,41.04974166487308],[20.056284057792947,41.04973943904507],[20.056374150666574,41.049726020885906],[20.05638677928711,41.049774614431826],[20.05630204024008,41.04978723521073],[20.05628174152448,41.049790258430434]]]},"properties":{"Zk_Numer":3376,"Zk_Emer":"SHIRGJAN","Nr_Pas":"","Vol":0,"Faqe":0,"Pronaret":"","Kufizimet":"","Siperfaqe":49.5}},
{"type":"Feature","geometry":{"type":"Polygon","coordinates":[[[20.056193879119768,41.04907628281136],[20.05616753597995,41.048997733903086],[20.05627129403709,41.04897779109785],[20.056297637292296,41.049056339982606],[20.056193879119768,41.04907628281136]]]},"properties":{"Zk_Numer":3376,"Zk_Emer":"SHIRGJAN","Nr_Pas":"","Vol":0,"Faqe":0,"Pronaret":"","Kufizimet":"","Siperfaqe":81}},
{"type":"Feature","geometry":{"type":"Polygon","coordinates":[[[20.056360960496203,41.04896390144026],[20.05648385570262,41.04893546358737],[20.056517621675496,41.049019091814266],[20.0563947263281,41.049047529702854],[20.056360960496203,41.04896390144026]]]},"properties":{"Zk_Numer":3376,"Zk_Emer":"SHIRGJAN","Nr_Pas":"","Vol":0,"Faqe":0,"Pronaret":"","Kufizimet":"","Siperfaqe":104.9}},
{"type":"Feature","geometry":{"type":"Polygon","coordinates":[[[20.06953387536242,41.04107788020926],[20.069542206353027,41.04120558939432],[20.069430547892324,41.041209764826235],[20.069422217117,41.04108205563301],[20.06953387536242,41.04107788020926]]]},"properties":{"Zk_Numer":3376,"Zk_Emer":"SHIRGJAN","Nr_Pas":"","Vol":0,"Faqe":0,"Pronaret":"","Kufizimet":"","Siperfaqe":133.5}},
{"type":"Feature","geometry":{"type":"Polygon","coordinates":[[[20.06916175894695,41.044117790469926],[20.069146521558718,41.044009447702656],[20.06926064909189,41.04400024732168],[20.069275886665135,41.044108590073876],[20.06916175894695,41.044117790469926]]]},"properties":{"Zk_Numer":3376,"Zk_Emer":"SHIRGJAN","Nr_Pas":"","Vol":0,"Faqe":0,"Pronaret":"","Kufizimet":"","Siperfaqe":116.8}},
{"type":"Feature","geometry":{"type":"Polygon","coordinates":[[[20.068468015325266,41.04797112640031],[20.06839571918712,41.04789128615396],[20.06848695610349,41.04784393670162],[20.06855925229993,41.047923776891345],[20.068468015325266,41.04797112640031]]]},"properties":{"Zk_Numer":3376,"Zk_Emer":"SHIRGJAN","Nr_Pas":"","Vol":0,"Faqe":0,"Pronaret":"","Kufizimet":"","Siperfaqe":100}},
{"type":"Feature","geometry":{"type":"Polygon","coordinates":[[[20.069974333964264,41.041744992694966],[20.070089309068422,41.04173052270536],[20.07010842097338,41.04181757299948],[20.069993445721963,41.04183204300806],[20.069974333964264,41.041744992694966]]]},"properties":{"Zk_Numer":3376,"Zk_Emer":"SHIRGJAN","Nr_Pas":"","Vol":0,"Faqe":0,"Pronaret":"","Kufizimet":"","Siperfaqe":96}},
{"type":"Feature","geometry":{"type":"Polygon","coordinates":[[[20.065178345682558,41.03985187124123],[20.06520166206188,41.03977600873853],[20.065353403086572,41.03980274457101],[20.06533008687212,41.039878607103944],[20.065178345682558,41.03985187124123]]]},"properties":{"Zk_Numer":3376,"Zk_Emer":"SHIRGJAN","Nr_Pas":"","Vol":0,"Faqe":0,"Pronaret":"","Kufizimet":"","Siperfaqe":113.3}},
{"type":"Feature","geometry":{"type":"Polygon","coordinates":[[[20.06805999968921,41.04855909142018],[20.068141979178783,41.04848796615992],[20.06823069262177,41.0485465681938],[20.068148713155168,41.04861769351644],[20.06805999968921,41.04855909142018]]]},"properties":{"Zk_Numer":3376,"Zk_Emer":"SHIRGJAN","Nr_Pas":"","Vol":0,"Faqe":0,"Pronaret":"","Kufizimet":"","Siperfaqe":103.8}},
{"type":"Feature","geometry":{"type":"Polygon","coordinates":[[[20.06645934622763,41.03715330488566],[20.066448198908528,41.03706082103725],[20.066562251297064,41.03705293957791],[20.066573398774445,41.03714542341529],[20.06645934622763,41.03715330488566]]]},"properties":{"Zk_Numer":3376,"Zk_Emer":"SHIRGJAN","Nr_Pas":"","Vol":0,"Faqe":0,"Pronaret":"","Kufizimet":"","Siperfaqe":99.3}},
{"type":"Feature","geometry":{"type":"Polygon","coordinates":[[[20.066556435213375,41.03763987635642],[20.06653608664505,41.03761824918918],[20.06656497485243,41.03760266649326],[20.0665853234254,41.037624293655455],[20.06660035685393,41.037616184410474],[20.066658292771606,41.03767776058102],[20.066614371110955,41.03770145254881],[20.066556435213375,41.03763987635642]]]},"properties":{"Zk_Numer":3376,"Zk_Emer":"SHIRGJAN","Nr_Pas":"","Vol":0,"Faqe":0,"Pronaret":"","Kufizimet":"","Siperfaqe":46.9}},
{"type":"Feature","geometry":{"type":"Polygon","coordinates":[[[20.068657093746964,41.0355478278114],[20.068649790023787,41.035506867728316],[20.068747617549022,41.035496866301344],[20.06875492133171,41.03553782637825],[20.068657093746964,41.0355478278114]]]},"properties":{"Zk_Numer":3376,"Zk_Emer":"SHIRGJAN","Nr_Pas":"","Vol":0,"Faqe":0,"Pronaret":"","Kufizimet":"","Siperfaqe":38.1}},
{"type":"Feature","geometry":{"type":"Polygon","coordinates":[[[20.067162155207647,41.03676530988731],[20.06720778460622,41.03666813363715],[20.067302023882224,41.03669350334297],[20.06725639460482,41.036790679629895],[20.067162155207647,41.03676530988731]]]},"properties":{"Zk_Numer":3376,"Zk_Emer":"SHIRGJAN","Nr_Pas":"","Vol":0,"Faqe":0,"Pronaret":"","Kufizimet":"","Siperfaqe":96.3}},
{"type":"Feature","geometry":{"type":"Polygon","coordinates":[[[20.062598561937545,41.0404732148369],[20.06262934507963,41.040386034350135],[20.062718910479223,41.040404163745926],[20.062688127446933,41.040491344256274],[20.062598561937545,41.0404732148369]]]},"properties":{"Zk_Numer":3376,"Zk_Emer":"SHIRGJAN","Nr_Pas":"","Vol":0,"Faqe":0,"Pronaret":"","Kufizimet":"","Siperfaqe":78.1}},
{"type":"Feature","geometry":{"type":"Polygon","coordinates":[[[20.06263044603718,41.04037795607631],[20.062637896369946,41.04035363031625],[20.062730159368954,41.040372305747816],[20.062721646047155,41.04039641634266],[20.06263044603718,41.04037795607631]]]},"properties":{"Zk_Numer":3376,"Zk_Emer":"SHIRGJAN","Nr_Pas":"","Vol":0,"Faqe":0,"Pronaret":"","Kufizimet":"","Siperfaqe":22.1}},
{"type":"Feature","geometry":{"type":"Polygon","coordinates":[[[20.061300839418667,41.03867712077289],[20.06138973898431,41.038648708867186],[20.06143845122888,41.03873608848306],[20.06134955156671,41.038764500425984],[20.061300839418667,41.03867712077289]]]},"properties":{"Zk_Numer":3376,"Zk_Emer":"SHIRGJAN","Nr_Pas":"","Vol":0,"Faqe":0,"Pronaret":"","Kufizimet":"","Siperfaqe":85.5}},
{"type":"Feature","geometry":{"type":"Polygon","coordinates":[[[20.056968720926818,41.04959838338859],[20.057028788398412,41.04959835368073],[20.05702877245988,41.04957989434575],[20.057040667005374,41.04957988845929],[20.057040642120555,41.0495510738875],[20.057107846273222,41.049551040606],[20.057107946942132,41.04966746948411],[20.05711508367888,41.04966746594747],[20.05711570155544,41.04970933493658],[20.05704672697189,41.049710361496665],[20.05704669352922,41.04967164191667],[20.057012199299358,41.049671658985844],[20.057012173649614,41.049641943959145],[20.056968758517726,41.04964196542806],[20.056968720926818,41.04959838338859]]]},"properties":{"Zk_Numer":3376,"Zk_Emer":"SHIRGJAN","Nr_Pas":"","Vol":0,"Faqe":0,"Pronaret":"","Kufizimet":"","Siperfaqe":139.7}},
{"type":"Feature","geometry":{"type":"Polygon","coordinates":[[[20.058848835835374,41.04866415395314],[20.058817296605667,41.0486887585307],[20.058734462332062,41.048627904882075],[20.058802410143613,41.048577390528564],[20.058818397985416,41.04858972080785],[20.05882943141884,41.04859740804758],[20.058794398102787,41.048626225995825],[20.058848835835374,41.04866415395314]]]},"properties":{"Zk_Numer":3376,"Zk_Emer":"SHIRGJAN","Nr_Pas":"","Vol":0,"Faqe":0,"Pronaret":"","Kufizimet":"","Siperfaqe":50}},
{"type":"Feature","geometry":{"type":"Polygon","coordinates":[[[20.056968720926818,41.04959838338859],[20.056968651803256,41.0495182428606],[20.057107817855577,41.0495181739849],[20.057107846273222,41.049551040606],[20.057040642120555,41.0495510738875],[20.057040667005374,41.04957988845929],[20.05702877245988,41.04957989434575],[20.057028788398412,41.04959835368073],[20.056968720926818,41.04959838338859]]]},"properties":{"Zk_Numer":3376,"Zk_Emer":"SHIRGJAN","Nr_Pas":"","Vol":0,"Faqe":0,"Pronaret":"","Kufizimet":"","Siperfaqe":72.4}},
{"type":"Feature","geometry":{"type":"Polygon","coordinates":[[[20.05485640320746,41.051897282940004],[20.054807560697196,41.05182014303003],[20.054936278045506,41.05177343890743],[20.054985120671454,41.051850578763435],[20.05485640320746,41.051897282940004]]]},"properties":{"Zk_Numer":3376,"Zk_Emer":"SHIRGJAN","Nr_Pas":"","Vol":0,"Faqe":0,"Pronaret":"","Kufizimet":"","Siperfaqe":114}},
{"type":"Feature","geometry":{"type":"Polygon","coordinates":[[[20.05311463378062,41.05593787492866],[20.053036624019406,41.05584211652657],[20.05315370426255,41.055787465147915],[20.05324338831683,41.05589755369029],[20.053143376331807,41.0559442378927],[20.05311463378062,41.05593787492866]]]},"properties":{"Zk_Numer":3376,"Zk_Emer":"SHIRGJAN","Nr_Pas":"","Vol":0,"Faqe":0,"Pronaret":"","Kufizimet":"","Siperfaqe":164.5}},
{"type":"Feature","geometry":{"type":"Polygon","coordinates":[[[20.053495739887754,41.0557818442257],[20.053424908182258,41.05563533942924],[20.053541764607747,41.05560296690636],[20.053612596537622,41.055749471631685],[20.053495739887754,41.0557818442257]]]},"properties":{"Zk_Numer":3376,"Zk_Emer":"SHIRGJAN","Nr_Pas":"","Vol":0,"Faqe":0,"Pronaret":"","Kufizimet":"","Siperfaqe":181.2}},
{"type":"Feature","geometry":{"type":"Polygon","coordinates":[[[20.05411966805429,41.05565975649795],[20.054034284195666,41.05568074367944],[20.054024614056033,41.05565820113836],[20.05401775177546,41.055642204126585],[20.054103317033455,41.05562117235861],[20.054130892765727,41.05561439428279],[20.05413778018457,41.0556304498316],[20.054147425244967,41.05565293381955],[20.05411966805429,41.05565975649795]]]},"properties":{"Zk_Numer":3376,"Zk_Emer":"SHIRGJAN","Nr_Pas":"","Vol":0,"Faqe":0,"Pronaret":"","Kufizimet":"","Siperfaqe":45}},
{"type":"Feature","geometry":{"type":"Polygon","coordinates":[[[20.05559004569702,41.05538675647068],[20.055566564976665,41.05529389443964],[20.055718450285987,41.05527188833549],[20.05574193121204,41.0553647503358],[20.05559004569702,41.05538675647068]]]},"properties":{"Zk_Numer":3376,"Zk_Emer":"SHIRGJAN","Nr_Pas":"","Vol":0,"Faqe":0,"Pronaret":"","Kufizimet":"","Siperfaqe":136.5}},
{"type":"Feature","geometry":{"type":"Polygon","coordinates":[[[20.054921755738942,41.05550468051195],[20.054886792713237,41.05541861222582],[20.054966384013873,41.055400086184484],[20.05500134713345,41.05548615444668],[20.054921755738942,41.05550468051195]]]},"properties":{"Zk_Numer":3376,"Zk_Emer":"SHIRGJAN","Nr_Pas":"","Vol":0,"Faqe":0,"Pronaret":"","Kufizimet":"","Siperfaqe":70}},
{"type":"Feature","geometry":{"type":"Polygon","coordinates":[[[20.05564726913682,41.054507289875204],[20.055605834841916,41.05441905116881],[20.055711193771497,41.054390702232034],[20.05575262818931,41.054478940900914],[20.05564726913682,41.054507289875204]]]},"properties":{"Zk_Numer":3376,"Zk_Emer":"SHIRGJAN","Nr_Pas":"","Vol":0,"Faqe":0,"Pronaret":"","Kufizimet":"","Siperfaqe":97.8}},
{"type":"Feature","geometry":{"type":"Polygon","coordinates":[[[20.05798668218932,41.05442210107344],[20.058055710698454,41.05442197967125],[20.058078266871743,41.05442193999215],[20.05807858174667,41.05452450074679],[20.05798699692201,41.054524661828424],[20.05798668218932,41.05442210107344]]]},"properties":{"Zk_Numer":3376,"Zk_Emer":"SHIRGJAN","Nr_Pas":"","Vol":0,"Faqe":0,"Pronaret":"","Kufizimet":"","Siperfaqe":87.7}},
{"type":"Feature","geometry":{"type":"Polygon","coordinates":[[[20.057728513243312,41.054545505077854],[20.057727679272528,41.05458605408611],[20.05768558906583,41.05458555796472],[20.05768642306087,41.05454500903351],[20.057728513243312,41.054545505077854]]]},"properties":{"Zk_Numer":3376,"Zk_Emer":"SHIRGJAN","Nr_Pas":"","Vol":0,"Faqe":0,"Pronaret":"","Kufizimet":"","Siperfaqe":15.9}},
{"type":"Feature","geometry":{"type":"Polygon","coordinates":[[[20.059697718206912,41.04138569207775],[20.059797011209927,41.04130133559357],[20.05983962967483,41.04133009207023],[20.059740720704422,41.04141412233762],[20.059697718206912,41.04138569207775]]]},"properties":{"Zk_Numer":3376,"Zk_Emer":"SHIRGJAN","Nr_Pas":"","Vol":0,"Faqe":0,"Pronaret":"","Kufizimet":"","Siperfaqe":60.1}},
{"type":"Feature","geometry":{"type":"Polygon","coordinates":[[[20.060035323222188,41.04162975166207],[20.060152211904672,41.04159502051127],[20.060173358268944,41.04163516775205],[20.06005700566491,41.041669737045446],[20.060035323222188,41.04162975166207]]]},"properties":{"Zk_Numer":3376,"Zk_Emer":"SHIRGJAN","Nr_Pas":"","Vol":0,"Faqe":0,"Pronaret":"","Kufizimet":"","Siperfaqe":50.6}},
{"type":"Feature","geometry":{"type":"Polygon","coordinates":[[[20.06868756279242,41.04833725232567],[20.068602444987768,41.04825504454396],[20.068695120883564,41.04820004988355],[20.0687802387325,41.04828225759757],[20.06868756279242,41.04833725232567]]]},"properties":{"Zk_Numer":3376,"Zk_Emer":"SHIRGJAN","Nr_Pas":"","Vol":0,"Faqe":0,"Pronaret":"","Kufizimet":"","Siperfaqe":114.8}},
{"type":"Feature","geometry":{"type":"Polygon","coordinates":[[[20.06261367249231,41.0403482729645],[20.06261167462592,41.040303275534825],[20.062730600702352,41.04030266943072],[20.06273165978552,41.040347685137114],[20.06261367249231,41.0403482729645]]]},"properties":{"Zk_Numer":3376,"Zk_Emer":"SHIRGJAN","Nr_Pas":"","Vol":0,"Faqe":0,"Pronaret":"","Kufizimet":"","Siperfaqe":49.8}},
{"type":"Feature","geometry":{"type":"Polygon","coordinates":[[[20.06550400211425,41.03987469121992],[20.065490590198728,41.03979428882233],[20.065549585449666,41.039788647273554],[20.06556299743581,41.039869049664304],[20.06550400211425,41.03987469121992]]]},"properties":{"Zk_Numer":3376,"Zk_Emer":"SHIRGJAN","Nr_Pas":"","Vol":0,"Faqe":0,"Pronaret":"","Kufizimet":"","Siperfaqe":45}},
{"type":"Feature","geometry":{"type":"Polygon","coordinates":[[[20.065720616735366,41.03912020707906],[20.065776043507512,41.03908618107566],[20.065817237955194,41.03912465042474],[20.06576181117204,41.03915867644774],[20.065720616735366,41.03912020707906]]]},"properties":{"Zk_Numer":3376,"Zk_Emer":"SHIRGJAN","Nr_Pas":"","Vol":0,"Faqe":0,"Pronaret":"","Kufizimet":"","Siperfaqe":33}},
{"type":"Feature","geometry":{"type":"Polygon","coordinates":[[[20.051685050124917,41.053455721124024],[20.05188436892174,41.05342410890358],[20.05190477367144,41.05349783122283],[20.051705454661946,41.05352944347827],[20.051685050124917,41.053455721124024]]]},"properties":{"Zk_Numer":3376,"Zk_Emer":"SHIRGJAN","Nr_Pas":"","Vol":0,"Faqe":0,"Pronaret":"","Kufizimet":"","Siperfaqe":143.2}},
{"type":"Feature","geometry":{"type":"Polygon","coordinates":[[[20.05011768070044,41.05294705606054],[20.0501201558425,41.052868738876946],[20.05021647892636,41.05287048328399],[20.050214003898468,41.05294880046956],[20.05011768070044,41.05294705606054]]]},"properties":{"Zk_Numer":3376,"Zk_Emer":"SHIRGJAN","Nr_Pas":"","Vol":0,"Faqe":0,"Pronaret":"","Kufizimet":"","Siperfaqe":70.5}},
{"type":"Feature","geometry":{"type":"Polygon","coordinates":[[[20.052219364531553,41.049539615370804],[20.05219977962687,41.04943822432699],[20.052321398777128,41.0494247608921],[20.052340983864475,41.04952615191539],[20.052219364531553,41.049539615370804]]]},"properties":{"Zk_Numer":3376,"Zk_Emer":"SHIRGJAN","Nr_Pas":"","Vol":0,"Faqe":0,"Pronaret":"","Kufizimet":"","Siperfaqe":117.6}},
{"type":"Feature","geometry":{"type":"Polygon","coordinates":[[[20.051685050124917,41.053455721124024],[20.05166464563353,41.05338199876519],[20.051863964217688,41.053350386579766],[20.05188436892174,41.05342410890358],[20.051685050124917,41.053455721124024]]]},"properties":{"Zk_Numer":3376,"Zk_Emer":"SHIRGJAN","Nr_Pas":"","Vol":0,"Faqe":0,"Pronaret":"","Kufizimet":"","Siperfaqe":143.2}},
{"type":"Feature","geometry":{"type":"Polygon","coordinates":[[[20.05397661016894,41.05418229014709],[20.05406639912389,41.054158425007664],[20.054113689488105,41.054260377502544],[20.054023900411703,41.05428424267847],[20.05397661016894,41.05418229014709]]]},"properties":{"Zk_Numer":3376,"Zk_Emer":"SHIRGJAN","Nr_Pas":"","Vol":0,"Faqe":0,"Pronaret":"","Kufizimet":"","Siperfaqe":96}},
{"type":"Feature","geometry":{"type":"Polygon","coordinates":[[[20.05022357455722,41.05313524110179],[20.050215426603682,41.05306256550608],[20.05025572532922,41.05305997649257],[20.050251601041026,41.0530231900808],[20.05033693946099,41.05301770742047],[20.05034921188716,41.05312716941603],[20.05022357455722,41.05313524110179]]]},"properties":{"Zk_Numer":3376,"Zk_Emer":"SHIRGJAN","Nr_Pas":"","Vol":0,"Faqe":0,"Pronaret":"","Kufizimet":"","Siperfaqe":115.4}},
{"type":"Feature","geometry":{"type":"Polygon","coordinates":[[[20.050413591781705,41.053002692453646],[20.050407090654975,41.05292631215122],[20.050519860748427,41.052920811814936],[20.05052636200503,41.05299719211099],[20.050413591781705,41.053002692453646]]]},"properties":{"Zk_Numer":3376,"Zk_Emer":"SHIRGJAN","Nr_Pas":"","Vol":0,"Faqe":0,"Pronaret":"","Kufizimet":"","Siperfaqe":80.8}},
{"type":"Feature","geometry":{"type":"Polygon","coordinates":[[[20.0509358517869,41.05342510597348],[20.050920848669723,41.053350313640856],[20.05103379266345,41.053333939084276],[20.051050715526344,41.05341057061639],[20.0509358517869,41.05342510597348]]]},"properties":{"Zk_Numer":3376,"Zk_Emer":"SHIRGJAN","Nr_Pas":"","Vol":0,"Faqe":0,"Pronaret":"","Kufizimet":"","Siperfaqe":82.8}},
{"type":"Feature","geometry":{"type":"Polygon","coordinates":[[[20.050521346456648,41.05625577138857],[20.050587582788946,41.05618724123181],[20.050686469367832,41.05624200475832],[20.050620233083354,41.056310534971246],[20.050521346456648,41.05625577138857]]]},"properties":{"Zk_Numer":3376,"Zk_Emer":"SHIRGJAN","Nr_Pas":"","Vol":0,"Faqe":0,"Pronaret":"","Kufizimet":"","Siperfaqe":97.1}},
{"type":"Feature","geometry":{"type":"Polygon","coordinates":[[[20.051243053632316,41.05669985956993],[20.051343930415424,41.056790900933535],[20.051278066579936,41.05683271597907],[20.051177189823647,41.05674167455847],[20.051243053632316,41.05669985956993]]]},"properties":{"Zk_Numer":3376,"Zk_Emer":"SHIRGJAN","Nr_Pas":"","Vol":0,"Faqe":0,"Pronaret":"","Kufizimet":"","Siperfaqe":95.4}},
{"type":"Feature","geometry":{"type":"Polygon","coordinates":[[[20.051118837237173,41.05652977358424],[20.051199014168994,41.05658715623221],[20.051131615043474,41.05664111457967],[20.05105143810461,41.056583731885354],[20.051118837237173,41.05652977358424]]]},"properties":{"Zk_Numer":3376,"Zk_Emer":"SHIRGJAN","Nr_Pas":"","Vol":0,"Faqe":0,"Pronaret":"","Kufizimet":"","Siperfaqe":76.5}},
{"type":"Feature","geometry":{"type":"Polygon","coordinates":[[[20.051243053632316,41.05669985956993],[20.051308917357566,41.056658044543504],[20.05140979416748,41.05674908585009],[20.051343930415424,41.056790900933535],[20.051243053632316,41.05669985956993]]]},"properties":{"Zk_Numer":3376,"Zk_Emer":"SHIRGJAN","Nr_Pas":"","Vol":0,"Faqe":0,"Pronaret":"","Kufizimet":"","Siperfaqe":95.4}},
{"type":"Feature","geometry":{"type":"Polygon","coordinates":[[[20.06166438726378,41.05204054218404],[20.061700169347365,41.05194526784508],[20.06183746795147,41.051974817401344],[20.061801686050053,41.052070091782305],[20.06166438726378,41.05204054218404]]]},"properties":{"Zk_Numer":3376,"Zk_Emer":"SHIRGJAN","Nr_Pas":"","Vol":0,"Faqe":0,"Pronaret":"","Kufizimet":"","Siperfaqe":132}},
{"type":"Feature","geometry":{"type":"Polygon","coordinates":[[[20.068669240155003,41.04804867324895],[20.068570021168107,41.047970996123546],[20.068655525219008,41.047908401318274],[20.068754744212228,41.04798607837091],[20.068669240155003,41.04804867324895]]]},"properties":{"Zk_Numer":3376,"Zk_Emer":"SHIRGJAN","Nr_Pas":"","Vol":0,"Faqe":0,"Pronaret":"","Kufizimet":"","Siperfaqe":120}},
{"type":"Feature","geometry":{"type":"Polygon","coordinates":[[[20.05001621066139,41.05329923861471],[20.050068968470686,41.05322872149805],[20.050172473710663,41.05327309598987],[20.050119715976532,41.05334361315333],[20.05001621066139,41.05329923861471]]]},"properties":{"Zk_Numer":3376,"Zk_Emer":"SHIRGJAN","Nr_Pas":"","Vol":0,"Faqe":0,"Pronaret":"","Kufizimet":"","Siperfaqe":90}},
{"type":"Feature","geometry":{"type":"Polygon","coordinates":[[[20.05024513154194,41.05352145731169],[20.05027333967327,41.053542121875914],[20.05019061697742,41.05360682843345],[20.05016155405266,41.053585537649596],[20.050182234742277,41.05356936102099],[20.05016171974817,41.053554332231556],[20.050193154377492,41.05352974375441],[20.0502145241627,41.05354539873757],[20.05024513154194,41.05352145731169]]]},"properties":{"Zk_Numer":3376,"Zk_Emer":"SHIRGJAN","Nr_Pas":"","Vol":0,"Faqe":0,"Pronaret":"","Kufizimet":"","Siperfaqe":42.8}},
{"type":"Feature","geometry":{"type":"Polygon","coordinates":[[[20.050499544817114,41.05341096211355],[20.050529054069692,41.05334722935037],[20.050613246615587,41.05336956746279],[20.050583737434327,41.05343330024726],[20.050499544817114,41.05341096211355]]]},"properties":{"Zk_Numer":3376,"Zk_Emer":"SHIRGJAN","Nr_Pas":"","Vol":0,"Faqe":0,"Pronaret":"","Kufizimet":"","Siperfaqe":56.3}},
{"type":"Feature","geometry":{"type":"Polygon","coordinates":[[[20.050479882956832,41.053085603337564],[20.050390694704223,41.05308722107717],[20.0503901248327,41.0530692171433],[20.05040201659673,41.05306900144873],[20.050401161785178,41.05304199554791],[20.050478458217864,41.053040593503894],[20.050479882956832,41.053085603337564]]]},"properties":{"Zk_Numer":3376,"Zk_Emer":"SHIRGJAN","Nr_Pas":"","Vol":0,"Faqe":0,"Pronaret":"","Kufizimet":"","Siperfaqe":34.5}},
{"type":"Feature","geometry":{"type":"Polygon","coordinates":[[[20.049439498357586,41.05815435583237],[20.0494805398731,41.058154338218216],[20.04948047610602,41.05806924530206],[20.049541740897986,41.05806921898134],[20.049541774678925,41.05811424168841],[20.04963932256938,41.05811419971242],[20.049639395680142,41.05821144875837],[20.04943954117098,41.058211534669546],[20.049439498357586,41.05815435583237]]]},"properties":{"Zk_Numer":3376,"Zk_Emer":"SHIRGJAN","Nr_Pas":"","Vol":0,"Faqe":0,"Pronaret":"","Kufizimet":"","Siperfaqe":191.8}},
{"type":"Feature","geometry":{"type":"Polygon","coordinates":[[[20.055246715435867,41.05019234815749],[20.055230338119845,41.05012758080447],[20.055230690990474,41.05012753080928],[20.055246715435867,41.05019234815749]]]},"properties":{"Zk_Numer":3376,"Zk_Emer":"SHIRGJAN","Nr_Pas":"","Vol":0,"Faqe":0,"Pronaret":"","Kufizimet":"","Siperfaqe":0.1}},
{"type":"Feature","geometry":{"type":"Polygon","coordinates":[[[20.055940971636904,41.05312947771002],[20.055892928888124,41.053225255232526],[20.055847180752853,41.05321194179695],[20.055894917234134,41.053116774978086],[20.055940971636904,41.05312947771002]]]},"properties":{"Zk_Numer":3376,"Zk_Emer":"SHIRGJAN","Nr_Pas":"","Vol":0,"Faqe":0,"Pronaret":"","Kufizimet":"","Siperfaqe":46.7}},
{"type":"Feature","geometry":{"type":"Polygon","coordinates":[[[20.055940971636904,41.05312947771002],[20.055987056241168,41.05314219262351],[20.05595759770227,41.05320018424047],[20.055982023489292,41.053207294333326],[20.055968575017044,41.053233768767285],[20.05595969290903,41.05323118327855],[20.055953715805448,41.05324294969264],[20.05593872724747,41.05323858667807],[20.05589292888812,41.05322525523254],[20.055940971636904,41.05312947771002]]]},"properties":{"Zk_Numer":3376,"Zk_Emer":"SHIRGJAN","Nr_Pas":"","Vol":0,"Faqe":0,"Pronaret":"","Kufizimet":"","Siperfaqe":55.7}},
{"type":"Feature","geometry":{"type":"Polygon","coordinates":[[[20.055451170709276,41.052955468724456],[20.05555868602311,41.052984596904295],[20.05553163063172,41.0530418230801],[20.055424115236594,41.05301269487536],[20.055451170709276,41.052955468724456]]]},"properties":{"Zk_Numer":3376,"Zk_Emer":"SHIRGJAN","Nr_Pas":"","Vol":0,"Faqe":0,"Pronaret":"","Kufizimet":"","Siperfaqe":64.8}},
{"type":"Feature","geometry":{"type":"Polygon","coordinates":[[[20.053243575612132,41.0523174173427],[20.053201670247088,41.05224698383546],[20.05325899074492,41.052227440737994],[20.053300896158653,41.0522978742246],[20.053243575612132,41.0523174173427]]]},"properties":{"Zk_Numer":3376,"Zk_Emer":"SHIRGJAN","Nr_Pas":"","Vol":0,"Faqe":0,"Pronaret":"","Kufizimet":"","Siperfaqe":45.3}},
{"type":"Feature","geometry":{"type":"Polygon","coordinates":[[[20.052081591716277,41.05635638134988],[20.05197404456629,41.056286705697275],[20.05205216876797,41.056217611312306],[20.052159715887704,41.056287286892854],[20.052081591716277,41.05635638134988]]]},"properties":{"Zk_Numer":3376,"Zk_Emer":"SHIRGJAN","Nr_Pas":"","Vol":0,"Faqe":0,"Pronaret":"","Kufizimet":"","Siperfaqe":120.2}},
{"type":"Feature","geometry":{"type":"Polygon","coordinates":[[[20.056478366557112,41.04924867702644],[20.05642900548771,41.049201887361285],[20.05644379653128,41.049180844683825],[20.0565305112259,41.049128416896714],[20.05654261025423,41.0491398856347],[20.05655506444421,41.049132355806535],[20.056600120374863,41.04917506452633],[20.056478366557112,41.04924867702644]]]},"properties":{"Zk_Numer":3376,"Zk_Emer":"SHIRGJAN","Nr_Pas":"","Vol":0,"Faqe":0,"Pronaret":"","Kufizimet":"","Siperfaqe":97.4}},
{"type":"Feature","geometry":{"type":"Polygon","coordinates":[[[20.067879243884196,41.049368263234484],[20.067887732649563,41.0493646816199],[20.067887823393185,41.0493648108584],[20.067879243884196,41.049368263234484]]]},"properties":{"Zk_Numer":3376,"Zk_Emer":"SHIRGJAN","Nr_Pas":"","Vol":0,"Faqe":0,"Pronaret":"","Kufizimet":"","Siperfaqe":0}},
{"type":"Feature","geometry":{"type":"Polygon","coordinates":[[[20.050420292619496,41.05580949530731],[20.050326645671785,41.05575251995641],[20.05041696791347,41.055667455533154],[20.05051061481833,41.05572443081152],[20.050420292619496,41.05580949530731]]]},"properties":{"Zk_Numer":3376,"Zk_Emer":"SHIRGJAN","Nr_Pas":"","Vol":0,"Faqe":0,"Pronaret":"","Kufizimet":"","Siperfaqe":122.4}},
{"type":"Feature","geometry":{"type":"Polygon","coordinates":[[[20.049970919116017,41.05326058110031],[20.049895386216715,41.05330730017396],[20.049814100572284,41.05323199304682],[20.049889633443062,41.05318527402583],[20.049970919116017,41.05326058110031]]]},"properties":{"Zk_Numer":3376,"Zk_Emer":"SHIRGJAN","Nr_Pas":"","Vol":0,"Faqe":0,"Pronaret":"","Kufizimet":"","Siperfaqe":88.6}},
{"type":"Feature","geometry":{"type":"Polygon","coordinates":[[[20.057024451733188,41.05306999040109],[20.05703142149646,41.05304940503894],[20.057080277863644,41.053058884039146],[20.05707330811461,41.05307946940421],[20.057055972321717,41.05313067113632],[20.057009189997768,41.0531215945372],[20.057003194807812,41.053139301436346],[20.05695330134574,41.05312962119753],[20.05697663241116,41.05306071258315],[20.057024451733188,41.05306999040109]]]},"properties":{"Zk_Numer":3376,"Zk_Emer":"SHIRGJAN","Nr_Pas":"","Vol":0,"Faqe":0,"Pronaret":"","Kufizimet":"","Siperfaqe":68}},
{"type":"Feature","geometry":{"type":"Polygon","coordinates":[[[20.054253582876846,41.05456244577192],[20.054111125985532,41.05460051220594],[20.054072123507165,41.05451687544516],[20.054114748373788,41.05450548552129],[20.054119895909572,41.05451652387445],[20.054144573460817,41.05450992969971],[20.054139425921424,41.05449889134763],[20.054199998062884,41.054482705626235],[20.054220984231936,41.054527708125995],[20.05423556641839,41.054523811556045],[20.054253582876846,41.05456244577192]]]},"properties":{"Zk_Numer":3376,"Zk_Emer":"SHIRGJAN","Nr_Pas":"","Vol":0,"Faqe":0,"Pronaret":"","Kufizimet":"","Siperfaqe":115.3}},
{"type":"Feature","geometry":{"type":"Polygon","coordinates":[[[20.05254951499091,41.05539505686535],[20.05234361123175,41.05543431962391],[20.052316748216157,41.05535308354548],[20.05252265120027,41.05531381885856],[20.052526574248084,41.055325606695654],[20.05252762287418,41.05532570777844],[20.05252866623526,41.05532583634327],[20.052529703074732,41.05532599223536],[20.052530732143865,41.05532617526693],[20.052531752203286,41.05532638521755],[20.052532762024466,41.05532662183435],[20.05253376039122,41.055326884832375],[20.052534746101152,41.05532717389487],[20.0525357179671,41.055327488673704],[20.052536674818587,41.05532782878976],[20.052537615503216,41.05532819383343],[20.052538538888058,41.05532858336505],[20.052539443861026,41.0553289969155],[20.052540329332196,41.0553294339867],[20.05254119423514,41.05532989405226],[20.0525420375282,41.05533037655809],[20.052542858195743,41.055330880923094],[20.052543655249387,41.055331406539814],[20.052544427729185,41.055331952775234],[20.052545174704797,41.055332518971454],[20.05254589527658,41.05533310444661],[20.05254658857671,41.05533370849556],[20.0525472537702,41.05533433039081],[20.05254789005591,41.05533496938335],[20.05254849666752,41.05533562470362],[20.052549072874452,41.055336295562384],[20.052549617982738,41.055336981151655],[20.052550131335867,41.05533768064577],[20.052550612315574,41.05533839320225],[20.052551060342587,41.05533911796293],[20.052551474877312,41.05533985405495],[20.0525518554205,41.05534060059176],[20.052552201513837,41.05534135667427],[20.052552512740498,41.055342121391874],[20.052552788725645,41.055342893823585],[20.052553029136902,41.05534367303911],[20.05255323368472,41.055344458099974],[20.052553402122744,41.05534524806069],[20.052553534248112,41.05534604196986],[20.0525536299017,41.05534683887133],[20.0525536889683,41.05534763780532],[20.052553711376778,41.055348437809634],[20.05255369710014,41.05534923792079],[20.052553646155584,41.05535003717512],[20.05255355860446,41.055350834610074],[20.052553434552213,41.055351629265225],[20.052553274148245,41.055352420183524],[20.052553077585735,41.05535320641243],[20.052552845101424,41.055353987005006],[20.052552576975298,41.05535476102115],[20.052552273530285,41.05535552752866],[20.052551935131838,41.0553562856044],[20.052551562187514,41.05535703433533],[20.05255115514647,41.05535777281975],[20.052550714498935,41.055358500168225],[20.052550240775602,41.05535921550476],[20.052549734547018,41.05535991796784],[20.052549196422852,41.05536060671144],[20.052548627051216,41.05536128090605],[20.05254802711783,41.0553619397397],[20.052547397345236,41.055362582418944],[20.05254673849191,41.055363208169695],[20.052546051351353,41.05536381623837],[20.052545336751134,41.05536440589263],[20.052544595551886,41.0553649764223],[20.05254382864629,41.05536552714025],[20.052543036957978,41.05536605738322],[20.052542221440437,41.05536656651261],[20.05254138307584,41.05536705391524],[20.05254052287389,41.05536751900409],[20.052549676669216,41.05539502395541],[20.05254951499091,41.05539505686535]]]},"properties":{"Zk_Numer":3376,"Zk_Emer":"SHIRGJAN","Nr_Pas":"","Vol":0,"Faqe":0,"Pronaret":"","Kufizimet":"","Siperfaqe":171.9}},
{"type":"Feature","geometry":{"type":"Polygon","coordinates":[[[20.051952122393413,41.050872724183755],[20.05191660869139,41.0507996216445],[20.052021659547343,41.05077037500856],[20.052057173349844,41.050843477515755],[20.051952122393413,41.050872724183755]]]},"properties":{"Zk_Numer":3376,"Zk_Emer":"SHIRGJAN","Nr_Pas":"","Vol":0,"Faqe":0,"Pronaret":"","Kufizimet":"","Siperfaqe":81.4}},
{"type":"Feature","geometry":{"type":"Polygon","coordinates":[[[20.052554469771742,41.05123645717044],[20.052624317423376,41.05115699308182],[20.05271789966183,41.0512041321211],[20.052648052073057,41.05128359626574],[20.052554469771742,41.05123645717044]]]},"properties":{"Zk_Numer":3376,"Zk_Emer":"SHIRGJAN","Nr_Pas":"","Vol":0,"Faqe":0,"Pronaret":"","Kufizimet":"","Siperfaqe":100.2}},
{"type":"Feature","geometry":{"type":"Polygon","coordinates":[[[20.05675218175384,41.053073636167916],[20.0567767862263,41.053004981832935],[20.056891932641996,41.05302862893621],[20.056867328280482,41.05309728329542],[20.05675218175384,41.053073636167916]]]},"properties":{"Zk_Numer":3376,"Zk_Emer":"SHIRGJAN","Nr_Pas":"","Vol":0,"Faqe":0,"Pronaret":"","Kufizimet":"","Siperfaqe":79.2}},
{"type":"Feature","geometry":{"type":"Polygon","coordinates":[[[20.054992921874927,41.05276379586216],[20.055037599240478,41.052664018737545],[20.05518743077664,41.05270246422777],[20.055163946642587,41.05275491121038],[20.05519211050444,41.052762137790154],[20.055182373177853,41.052783884100826],[20.055154209307783,41.05277665751869],[20.055142753611577,41.05280224140969],[20.054992921874927,41.05276379586216]]]},"properties":{"Zk_Numer":3376,"Zk_Emer":"SHIRGJAN","Nr_Pas":"","Vol":0,"Faqe":0,"Pronaret":"","Kufizimet":"","Siperfaqe":162}},
{"type":"Feature","geometry":{"type":"Polygon","coordinates":[[[20.054045975762765,41.04883420201943],[20.054138654917953,41.04877028929087],[20.054185512880604,41.04880923113524],[20.054155352602958,41.04883003007961],[20.054172814215733,41.04884454174084],[20.054146434947597,41.04886273323479],[20.054128973335803,41.048848221569614],[20.054092833716204,41.04887314390105],[20.054045975762765,41.04883420201943]]]},"properties":{"Zk_Numer":3376,"Zk_Emer":"SHIRGJAN","Nr_Pas":"","Vol":0,"Faqe":0,"Pronaret":"","Kufizimet":"","Siperfaqe":68.2}},
{"type":"Feature","geometry":{"type":"Polygon","coordinates":[[[20.053945101203034,41.050097637854655],[20.053950850229658,41.05010155139815],[20.053985817851657,41.05007155917622],[20.054038912583643,41.05010821558011],[20.054003918199932,41.05013767640137],[20.054049910487798,41.0501689847175],[20.053976740320184,41.050230584610574],[20.053871931016566,41.05015923768196],[20.053945101203034,41.050097637854655]]]},"properties":{"Zk_Numer":3376,"Zk_Emer":"SHIRGJAN","Nr_Pas":"","Vol":0,"Faqe":0,"Pronaret":"","Kufizimet":"","Siperfaqe":135.6}},
{"type":"Feature","geometry":{"type":"Polygon","coordinates":[[[20.055605689021064,41.05307928932087],[20.05564612766416,41.05297097509081],[20.055762884976357,41.05299595419017],[20.055722446509556,41.05310426846063],[20.055605689021064,41.05307928932087]]]},"properties":{"Zk_Numer":3376,"Zk_Emer":"SHIRGJAN","Nr_Pas":"","Vol":0,"Faqe":0,"Pronaret":"","Kufizimet":"","Siperfaqe":127.5}},
{"type":"Feature","geometry":{"type":"Polygon","coordinates":[[[20.05308572851049,41.0510957704351],[20.05307835261133,41.05099459816053],[20.053158995406665,41.05098986649861],[20.05315669744763,41.05096742242935],[20.053210656940383,41.05096425636042],[20.053223295834762,41.05108769873377],[20.05308572851049,41.0510957704351]]]},"properties":{"Zk_Numer":3376,"Zk_Emer":"SHIRGJAN","Nr_Pas":"","Vol":0,"Faqe":0,"Pronaret":"","Kufizimet":"","Siperfaqe":140.5}},
{"type":"Feature","geometry":{"type":"Polygon","coordinates":[[[20.058848835835374,41.04866415395314],[20.058794398102787,41.048626225995825],[20.05882943141884,41.04859740804758],[20.058861493568926,41.048571034110175],[20.058905516355033,41.048601705730775],[20.058939587596353,41.04857367909097],[20.058974595803036,41.04859807001938],[20.058902425957537,41.04865743615017],[20.058877832686232,41.04864030150886],[20.058848835835374,41.04866415395314]]]},"properties":{"Zk_Numer":3376,"Zk_Emer":"SHIRGJAN","Nr_Pas":"","Vol":0,"Faqe":0,"Pronaret":"","Kufizimet":"","Siperfaqe":82}},
{"type":"Feature","geometry":{"type":"Polygon","coordinates":[[[20.05192110370705,41.051240348831456],[20.0519678127794,41.051170443117655],[20.052091999711287,41.05121799530933],[20.05204529073686,41.05128790107281],[20.05192110370705,41.051240348831456]]]},"properties":{"Zk_Numer":3376,"Zk_Emer":"SHIRGJAN","Nr_Pas":"","Vol":0,"Faqe":0,"Pronaret":"","Kufizimet":"","Siperfaqe":101.8}},
{"type":"Feature","geometry":{"type":"Polygon","coordinates":[[[20.05473630956542,41.04982510990643],[20.054815901925323,41.04975108385015],[20.054889701863377,41.04979655835607],[20.054810109531502,41.04987058446273],[20.05473630956542,41.04982510990643]]]},"properties":{"Zk_Numer":3376,"Zk_Emer":"SHIRGJAN","Nr_Pas":"","Vol":0,"Faqe":0,"Pronaret":"","Kufizimet":"","Siperfaqe":84.8}},
{"type":"Feature","geometry":{"type":"Polygon","coordinates":[[[20.052984209103705,41.05063522318945],[20.052942132223592,41.05056811114499],[20.053040456253136,41.05053278318847],[20.05308253321058,41.05059989519742],[20.052984209103705,41.05063522318945]]]},"properties":{"Zk_Numer":3376,"Zk_Emer":"SHIRGJAN","Nr_Pas":"","Vol":0,"Faqe":0,"Pronaret":"","Kufizimet":"","Siperfaqe":75.5}},
{"type":"Feature","geometry":{"type":"Polygon","coordinates":[[[20.05667043730294,41.04974582960133],[20.056663169806114,41.0496631705841],[20.05680558942791,41.049655994346104],[20.056812857102166,41.04973865335435],[20.05667043730294,41.04974582960133]]]},"properties":{"Zk_Numer":3376,"Zk_Emer":"SHIRGJAN","Nr_Pas":"","Vol":0,"Faqe":0,"Pronaret":"","Kufizimet":"","Siperfaqe":110.4}},
{"type":"Feature","geometry":{"type":"Polygon","coordinates":[[[20.05362379882873,41.04901182970411],[20.053623733034055,41.04893078870789],[20.053723527295656,41.048930742231555],[20.053723593212776,41.04901178322765],[20.05362379882873,41.04901182970411]]]},"properties":{"Zk_Numer":3376,"Zk_Emer":"SHIRGJAN","Nr_Pas":"","Vol":0,"Faqe":0,"Pronaret":"","Kufizimet":"","Siperfaqe":75.5}},
{"type":"Feature","geometry":{"type":"Polygon","coordinates":[[[20.052292504149374,41.05181920310269],[20.05229243449194,41.05173122864008],[20.05240412792101,41.05173117790584],[20.05240419772723,41.05181915236829],[20.052292504149374,41.05181920310269]]]},"properties":{"Zk_Numer":3376,"Zk_Emer":"SHIRGJAN","Nr_Pas":"","Vol":0,"Faqe":0,"Pronaret":"","Kufizimet":"","Siperfaqe":91.7}},
{"type":"Feature","geometry":{"type":"Polygon","coordinates":[[[20.049129995991606,41.050740118920466],[20.049087316416113,41.050721342669306],[20.049139731148255,41.05065306506263],[20.049213263393625,41.05068541446449],[20.049253007635393,41.05063364177945],[20.04930052079215,41.050654544428625],[20.049227894269517,41.0507496211359],[20.049186778095716,41.05073156409019],[20.04917757414593,41.05074355354988],[20.049140318812075,41.0507271636369],[20.049129995991606,41.050740118920466]]]},"properties":{"Zk_Numer":3376,"Zk_Emer":"SHIRGJAN","Nr_Pas":"","Vol":0,"Faqe":0,"Pronaret":"","Kufizimet":"","Siperfaqe":115.2}},
{"type":"Feature","geometry":{"type":"Polygon","coordinates":[[[20.05497514492645,41.04923504342218],[20.055050875272556,41.04914773021994],[20.05513737691945,41.049190728146584],[20.055061646638517,41.04927804140496],[20.055013921542074,41.04925431838805],[20.05499303038495,41.049278404786634],[20.054958230849827,41.04926110673472],[20.05497912201419,41.04923702034235],[20.05497514492645,41.04923504342218]]]},"properties":{"Zk_Numer":3376,"Zk_Emer":"SHIRGJAN","Nr_Pas":"","Vol":0,"Faqe":0,"Pronaret":"","Kufizimet":"","Siperfaqe":112.1}},
{"type":"Feature","geometry":{"type":"Polygon","coordinates":[[[20.068964786981645,41.0463294910153],[20.068834634756197,41.046221926360126],[20.06887997757772,41.04619048051906],[20.068944538036725,41.04624383671577],[20.068966671298455,41.04622848698095],[20.06899356904568,41.04625071666735],[20.06897184714598,41.04626569685724],[20.069010129814906,41.0462980451236],[20.068964786981645,41.0463294910153]]]},"properties":{"Zk_Numer":3376,"Zk_Emer":"SHIRGJAN","Nr_Pas":"","Vol":0,"Faqe":0,"Pronaret":"","Kufizimet":"","Siperfaqe":92.3}},
{"type":"Feature","geometry":{"type":"Polygon","coordinates":[[[20.054090405946283,41.05319968590941],[20.054090632805224,41.05312539856853],[20.054223620640233,41.05312563121202],[20.054223393930886,41.053199918553055],[20.05417557535315,41.0531998349189],[20.05417553412344,41.053213341708066],[20.054142227644633,41.053213283443675],[20.05414219465541,41.05322408887499],[20.054094613963695,41.05322400562344],[20.054094688206956,41.053199693402995],[20.054090405946283,41.05319968590941]]]},"properties":{"Zk_Numer":3376,"Zk_Emer":"SHIRGJAN","Nr_Pas":"","Vol":0,"Faqe":0,"Pronaret":"","Kufizimet":"","Siperfaqe":107.2}},
{"type":"Feature","geometry":{"type":"Polygon","coordinates":[[[20.05339285297465,41.048967061872354],[20.053378398627622,41.048869071049765],[20.053480649795237,41.048860426922275],[20.053495104292043,41.048958417732095],[20.05339285297465,41.048967061872354]]]},"properties":{"Zk_Numer":3376,"Zk_Emer":"SHIRGJAN","Nr_Pas":"","Vol":0,"Faqe":0,"Pronaret":"","Kufizimet":"","Siperfaqe":94.7}},
{"type":"Feature","geometry":{"type":"Polygon","coordinates":[[[20.052771737898645,41.05338315543152],[20.0526951484696,41.05327528726571],[20.05281197441065,41.05322775435793],[20.052888563975227,41.05333562244689],[20.052771737898645,41.05338315543152]]]},"properties":{"Zk_Numer":3376,"Zk_Emer":"SHIRGJAN","Nr_Pas":"","Vol":0,"Faqe":0,"Pronaret":"","Kufizimet":"","Siperfaqe":151.6}},
{"type":"Feature","geometry":{"type":"Polygon","coordinates":[[[20.05696282338672,41.04917143333887],[20.056975817394495,41.049194354266085],[20.057043148549337,41.04917247858867],[20.057081145574852,41.049239503651755],[20.05698211621404,41.049271677962196],[20.05694411927043,41.049204652866806],[20.056948491426066,41.04920323237067],[20.056935497426018,41.049180311440416],[20.05696282338672,41.04917143333887]]]},"properties":{"Zk_Numer":3376,"Zk_Emer":"SHIRGJAN","Nr_Pas":"","Vol":0,"Faqe":0,"Pronaret":"","Kufizimet":"","Siperfaqe":80.3}},
{"type":"Feature","geometry":{"type":"Polygon","coordinates":[[[20.06994719384602,41.03769070683989],[20.069834118344197,41.03766938857602],[20.06983052657243,41.03768031080194],[20.069815524508687,41.03767748243495],[20.06984339664454,41.03759272596202],[20.06985666768489,41.037595227975906],[20.069864569561563,41.03757119907661],[20.069911306695694,41.037580010501486],[20.069907858611717,41.03759049584081],[20.069975944839523,41.037603332205606],[20.06994719384602,41.03769070683989]]]},"properties":{"Zk_Numer":3376,"Zk_Emer":"SHIRGJAN","Nr_Pas":"","Vol":0,"Faqe":0,"Pronaret":"","Kufizimet":"","Siperfaqe":115.7}},
{"type":"Feature","geometry":{"type":"Polygon","coordinates":[[[20.05166104631735,41.05175442201768],[20.051660977289906,41.05166617741666],[20.051770410574857,41.051666128309726],[20.051770479748516,41.0517543729106],[20.05166104631735,41.05175442201768]]]},"properties":{"Zk_Numer":3376,"Zk_Emer":"SHIRGJAN","Nr_Pas":"","Vol":0,"Faqe":0,"Pronaret":"","Kufizimet":"","Siperfaqe":90.2}},
{"type":"Feature","geometry":{"type":"Polygon","coordinates":[[[20.052251031519226,41.051074934682475],[20.052191366726465,41.051156455462376],[20.05208107838662,41.05111019728275],[20.05213329342851,41.05103885536908],[20.05214074327384,41.051028676559255],[20.052251031519226,41.051074934682475]]]},"properties":{"Zk_Numer":3376,"Zk_Emer":"SHIRGJAN","Nr_Pas":"","Vol":0,"Faqe":0,"Pronaret":"","Kufizimet":"","Siperfaqe":109.7}},
{"type":"Feature","geometry":{"type":"Polygon","coordinates":[[[20.04814526806685,41.05932738078573],[20.048210553475364,41.05926314916412],[20.048295412769367,41.059312564909575],[20.04823012739464,41.05937679657869],[20.04814526806685,41.05932738078573]]]},"properties":{"Zk_Numer":3376,"Zk_Emer":"SHIRGJAN","Nr_Pas":"","Vol":0,"Faqe":0,"Pronaret":"","Kufizimet":"","Siperfaqe":81}},
{"type":"Feature","geometry":{"type":"Polygon","coordinates":[[[20.06988252720054,41.03998625240329],[20.069826308360255,41.039886934713984],[20.069962947887337,41.03984259533704],[20.070019166895104,41.039941912960316],[20.06988252720054,41.03998625240329]]]},"properties":{"Zk_Numer":3376,"Zk_Emer":"SHIRGJAN","Nr_Pas":"","Vol":0,"Faqe":0,"Pronaret":"","Kufizimet":"","Siperfaqe":150}},
{"type":"Feature","geometry":{"type":"Polygon","coordinates":[[[20.06994223756348,41.04008009356259],[20.070023944400656,41.03998606175373],[20.070078589301975,41.040013281770406],[20.069996882509017,41.040107313617526],[20.06994223756348,41.04008009356259]]]},"properties":{"Zk_Numer":3376,"Zk_Emer":"SHIRGJAN","Nr_Pas":"","Vol":0,"Faqe":0,"Pronaret":"","Kufizimet":"","Siperfaqe":68.8}},
{"type":"Feature","geometry":{"type":"Polygon","coordinates":[[[20.070096933645097,41.03984549528139],[20.070168638533428,41.03979154457039],[20.07020636200917,41.03982028685813],[20.070134657120512,41.03987423759233],[20.070096933645097,41.03984549528139]]]},"properties":{"Zk_Numer":3376,"Zk_Emer":"SHIRGJAN","Nr_Pas":"","Vol":0,"Faqe":0,"Pronaret":"","Kufizimet":"","Siperfaqe":38.3}},
{"type":"Feature","geometry":{"type":"Polygon","coordinates":[[[20.069860923467388,41.040466645351245],[20.0698045310454,41.04042027715633],[20.06985264925946,41.04038672963229],[20.06990904168652,41.040433097803934],[20.069860923467388,41.040466645351245]]]},"properties":{"Zk_Numer":3376,"Zk_Emer":"SHIRGJAN","Nr_Pas":"","Vol":0,"Faqe":0,"Pronaret":"","Kufizimet":"","Siperfaqe":38.5}},
{"type":"Feature","geometry":{"type":"Polygon","coordinates":[[[20.069389500935387,41.032599351783716],[20.069408399164963,41.032501340583146],[20.06953783302969,41.03251565079839],[20.06951893498803,41.032613662019806],[20.069389500935387,41.032599351783716]]]},"properties":{"Zk_Numer":3376,"Zk_Emer":"SHIRGJAN","Nr_Pas":"","Vol":0,"Faqe":0,"Pronaret":"","Kufizimet":"","Siperfaqe":121}},
{"type":"Feature","geometry":{"type":"Polygon","coordinates":[[[20.068120457237292,41.04934822952507],[20.068229143465373,41.04939207468775],[20.06816117690673,41.04948862580909],[20.068052490564718,41.04944478058315],[20.068120457237292,41.04934822952507]]]},"properties":{"Zk_Numer":3376,"Zk_Emer":"SHIRGJAN","Nr_Pas":"","Vol":0,"Faqe":0,"Pronaret":"","Kufizimet":"","Siperfaqe":125.8}},
{"type":"Feature","geometry":{"type":"Polygon","coordinates":[[[20.058930298591612,41.05512435063968],[20.058899033043506,41.055042896827636],[20.05903598558148,41.05501355064356],[20.059066506761155,41.05509516643472],[20.058930298591612,41.05512435063968]]]},"properties":{"Zk_Numer":3376,"Zk_Emer":"SHIRGJAN","Nr_Pas":"","Vol":0,"Faqe":0,"Pronaret":"","Kufizimet":"","Siperfaqe":112.4}},
{"type":"Feature","geometry":{"type":"Polygon","coordinates":[[[20.06788958841843,41.03874389414699],[20.067982166044867,41.038680444256244],[20.068053994731077,41.03874052640939],[20.067961417089595,41.03880397635719],[20.06788958841843,41.03874389414699]]]},"properties":{"Zk_Numer":3376,"Zk_Emer":"SHIRGJAN","Nr_Pas":"","Vol":0,"Faqe":0,"Pronaret":"","Kufizimet":"","Siperfaqe":94.5}}
]}