{"type":"FeatureCollection", "features": [
{"type":"Feature","geometry":{"type":"Polygon","coordinates":[[[20.05052402482789,41.140242814398626],[20.050408129220394,41.14037109227626],[20.05017076354383,41.1405163315654],[20.049815975338376,41.14072251602497],[20.04965302108576,41.140805034610565],[20.04954304939647,41.14071085522842],[20.049433923009545,41.140586580880296],[20.049332911135494,41.140456668370355],[20.049225859982005,41.140321989328875],[20.048982108490904,41.14005606773492],[20.049094531920545,41.13982423685277],[20.049111088694463,41.139792643354355],[20.049119982838384,41.139744032324],[20.049132020318215,41.139640956637095],[20.049145704933025,41.139538724696635],[20.049159463008102,41.1394666826594],[20.04918038006501,41.139429344473726],[20.049208434220617,41.13939164149258],[20.049257622625237,41.13931636367203],[20.049343265762534,41.139171107812075],[20.049384149369082,41.13909144667227],[20.049497521389178,41.13925174415052],[20.049808368266135,41.139691248083],[20.05052402482789,41.140242814398626]]]},"properties":{"Zk_Numer":1885,"Zk_Emer":"GURABARDH","Nr_Pas":"30/1","Vol":1,"Faqe":40,"Pronaret":"PRONESI E PASAKTESUAR","Kufizimet":"KJO PASURI POSEDOHET NGA DEMIR H. SHARRA SIPAS AMTP NR 26","Siperfaqe":11653}},
{"type":"Feature","geometry":{"type":"Polygon","coordinates":[[[20.049717441246482,41.13888810659031],[20.049817578087065,41.13897421435213],[20.05017129826398,41.139278376147914],[20.050363601357425,41.139509865148355],[20.05062842358428,41.13982864741397],[20.050748436582086,41.13997311297395],[20.050653361692678,41.140071558672],[20.05052402482789,41.140242814398626],[20.049808368266135,41.139691248083],[20.049497521389178,41.13925174415052],[20.049384149369082,41.13909144667227],[20.049468802528672,41.13897488909192],[20.049552426282418,41.13890667749657],[20.04971494685365,41.1388880992528],[20.049717441246482,41.13888810659031]]]},"properties":{"Zk_Numer":1885,"Zk_Emer":"GURABARDH","Nr_Pas":"30/2","Vol":1,"Faqe":21,"Pronaret":"EMINE SHARRA OSMAN, QERIM SHARRA SELMAN, SHAHE SHARRA ARIF, FISNIK SHARRA QERIM, MARGARITA SHARRA RIZA, BUJAR SHARRA QERIM, BASHKIM SHARRA JONUZ","Kufizimet":"","Siperfaqe":6761}},
{"type":"Feature","geometry":{"type":"Polygon","coordinates":[[[20.050363601357425,41.139509865148355],[20.05017129826398,41.139278376147914],[20.049817578087065,41.13897421435213],[20.049717441246482,41.13888810659031],[20.049855765372023,41.138888513400396],[20.049996701659257,41.13892964441154],[20.050339842654722,41.13902171952875],[20.050488599275848,41.13912277175383],[20.050980322943484,41.1397161426314],[20.050980090551192,41.139716216929386],[20.05062842358428,41.13982864741397],[20.050363601357425,41.139509865148355]]]},"properties":{"Zk_Numer":1885,"Zk_Emer":"GURABARDH","Nr_Pas":"30/3","Vol":1,"Faqe":27,"Pronaret":"SHTET","Kufizimet":"KJO PASURI OKUPOHET NGA NAZMI SHARRA","Siperfaqe":3564}},
{"type":"Feature","geometry":{"type":"Polygon","coordinates":[[[20.05380077572516,41.142865754454846],[20.054673324052686,41.14425902017977],[20.054803156551944,41.14441704744738],[20.05463799833293,41.14438370104985],[20.054538462403844,41.144264933885424],[20.05365144677514,41.14291653467706],[20.05380077572516,41.142865754454846]]]},"properties":{"Zk_Numer":1885,"Zk_Emer":"GURABARDH","Nr_Pas":"8/1","Vol":2,"Faqe":129,"Pronaret":"SHTET","Kufizimet":"KJO PASURI OKUPOHET NGA SHAHE SHARRA","Siperfaqe":2228}},
{"type":"Feature","geometry":{"type":"Polygon","coordinates":[[[20.05380077572516,41.142865754454846],[20.0539790966894,41.142805114964276],[20.05476794896815,41.14421925496097],[20.054951573837265,41.14444734857398],[20.054803156551944,41.14441704744738],[20.054673324052686,41.14425902017977],[20.05380077572516,41.142865754454846]]]},"properties":{"Zk_Numer":1885,"Zk_Emer":"GURABARDH","Nr_Pas":"8/2","Vol":2,"Faqe":131,"Pronaret":"SHTET","Kufizimet":"KJO PASURI OKUPOHET NGA BASHKIM SHARRA","Siperfaqe":2401}},
{"type":"Feature","geometry":{"type":"Polygon","coordinates":[[[20.054148296278285,41.142747576912406],[20.05485837237682,41.14420969918553],[20.055066203150066,41.14446445337209],[20.05500561194529,41.144458381032],[20.054951573837265,41.14444734857398],[20.05476794896815,41.14421925496097],[20.0539790966894,41.142805114964276],[20.054148296278285,41.142747576912406]]]},"properties":{"Zk_Numer":1885,"Zk_Emer":"GURABARDH","Nr_Pas":"8/3","Vol":2,"Faqe":47,"Pronaret":"SHTET","Kufizimet":"KJO PASURI OKUPOHET NGA FISNIK SHARRA\r\n","Siperfaqe":2200}},
{"type":"Feature","geometry":{"type":"Polygon","coordinates":[[[20.055066203150066,41.14446445337209],[20.05485837237682,41.14420969918553],[20.05414829627829,41.142747576912406],[20.054306745493747,41.1426936943181],[20.054991566271212,41.144193244800185],[20.055215981480302,41.14447946374171],[20.055066203150066,41.14446445337209]]]},"properties":{"Zk_Numer":1885,"Zk_Emer":"GURABARDH","Nr_Pas":"8/4","Vol":2,"Faqe":46,"Pronaret":"SHTET","Kufizimet":"KJO PASURI OKUPOHET NGA BUJAR SHARRA\r\n","Siperfaqe":2600}},
{"type":"Feature","geometry":{"type":"Polygon","coordinates":[[[20.055383283334365,41.14449623003197],[20.055215981480302,41.14447946374171],[20.054991566271212,41.144193244800185],[20.054306745493747,41.1426936943181],[20.05455288443439,41.14272286718604],[20.055117741559954,41.14414180397564],[20.055383283334365,41.14449623003197]]]},"properties":{"Zk_Numer":1885,"Zk_Emer":"GURABARDH","Nr_Pas":"8/5","Vol":2,"Faqe":111,"Pronaret":"PRONESI E PASAKTESUAR","Kufizimet":"KJO PASURI POSEDOHET NGA SELIM M SHARRA SIPAS AMTP NR 13","Siperfaqe":3075}},
{"type":"Feature","geometry":{"type":"Polygon","coordinates":[[[20.055788889699908,41.14457291767187],[20.055567953205234,41.14452561100118],[20.055267274244468,41.14411970409309],[20.054730484725727,41.142678319189464],[20.05490808477642,41.1426337709189],[20.055419087097295,41.14408046259697],[20.055788889699908,41.14457291767187]]]},"properties":{"Zk_Numer":1885,"Zk_Emer":"GURABARDH","Nr_Pas":"8/7","Vol":1,"Faqe":33,"Pronaret":"PRONESI E PASAKTESUAR","Kufizimet":"KJO PASURI POSEDOHET NGA MUSTAFA M SHARRA SIPAS AMTP-SE NR 23","Siperfaqe":3190}},
{"type":"Feature","geometry":{"type":"Polygon","coordinates":[[[20.054730484725727,41.142678319189464],[20.055267274244468,41.14411970409309],[20.055567953205234,41.14452561100118],[20.055472485356088,41.1445051693817],[20.055383283334365,41.14449623003197],[20.055117741559954,41.14414180397564],[20.05455288443439,41.14272286718604],[20.054730484725727,41.142678319189464]]]},"properties":{"Zk_Numer":1885,"Zk_Emer":"GURABARDH","Nr_Pas":"8/6","Vol":2,"Faqe":130,"Pronaret":"PRONESI E PASAKTESUAR","Kufizimet":"KJO PASURI POSEDOHET NGA PETRIT M. SHARRA SIPAS AMTP NR 18","Siperfaqe":2930}},
{"type":"Feature","geometry":{"type":"Polygon","coordinates":[[[20.05620039994212,41.144681691755096],[20.05605199267898,41.144629252340074],[20.055788889699908,41.14457291767187],[20.055419087097295,41.14408046259697],[20.05490808477642,41.1426337709189],[20.055197188153127,41.142627093680694],[20.05572729167973,41.14405467232637],[20.05620039994212,41.144681691755096]]]},"properties":{"Zk_Numer":1885,"Zk_Emer":"GURABARDH","Nr_Pas":"8/8","Vol":1,"Faqe":49,"Pronaret":"PRONESI E PASAKTESUAR","Kufizimet":"KJO PASURI POSEDOHET NGA BEXHET H. SHARRA SIPAS AMTP NR 35","Siperfaqe":5770}},
{"type":"Feature","geometry":{"type":"Polygon","coordinates":[[[20.055490912522338,41.14256551221016],[20.055697979461687,41.14247139271446],[20.055924949079422,41.14267617039434],[20.056119030690144,41.143424673578295],[20.056154037970956,41.1434760424798],[20.056308864351507,41.14362093867586],[20.056337033699158,41.143682779442386],[20.056470322983703,41.14400067870785],[20.05652285939693,41.144172006491274],[20.05654374642795,41.14422233857308],[20.056589201473543,41.14428703275191],[20.056658647288685,41.144392514218985],[20.05684336062042,41.144606780988866],[20.056973534742895,41.14479432892127],[20.056864701032932,41.14479343781763],[20.056719261800325,41.1448018002619],[20.056110104377773,41.14406772972729],[20.055490912522338,41.14256551221016]]]},"properties":{"Zk_Numer":1885,"Zk_Emer":"GURABARDH","Nr_Pas":"8/10","Vol":1,"Faqe":48,"Pronaret":"PRONESI E PASAKTESUAR","Kufizimet":"KJO PASURI POSEDOHET NGA HYSEN SHARRA SIPAS AMTP NR 30","Siperfaqe":7008}},
{"type":"Feature","geometry":{"type":"Polygon","coordinates":[[[20.056719261800325,41.1448018002619],[20.056397756076354,41.14475142673112],[20.05620039994212,41.144681691755096],[20.05572729167973,41.14405467232637],[20.055197188153127,41.142627093680694],[20.055363901891493,41.14262324286828],[20.055490912522338,41.14256551221016],[20.056110104377773,41.14406772972729],[20.056719261800325,41.1448018002619]]]},"properties":{"Zk_Numer":1885,"Zk_Emer":"GURABARDH","Nr_Pas":"8/9","Vol":2,"Faqe":45,"Pronaret":"SHTET","Kufizimet":"KJO PASURI OKUPOHET NGA SHEFQET SHARRA\r\n","Siperfaqe":7290}},
{"type":"Feature","geometry":{"type":"Polygon","coordinates":[[[20.05254875449059,41.138617183990625],[20.052308944972555,41.13890523177109],[20.052068595971054,41.13908182785164],[20.051375029612693,41.13868630264588],[20.051397191312674,41.13866617765959],[20.05159281926287,41.138470923865164],[20.05166591461608,41.13836457216206],[20.051635368581127,41.138302175145085],[20.05174668891938,41.13829445219918],[20.051852507017834,41.13828711087459],[20.05233212625444,41.13821027620213],[20.05236911085601,41.13847832763845],[20.05254875449059,41.138617183990625]]]},"properties":{"Zk_Numer":1885,"Zk_Emer":"GURABARDH","Nr_Pas":"30/6","Vol":1,"Faqe":31,"Pronaret":"ELONA SHARRA MAHMUT, ALI SHARRA YMER, YMER SHARRA ALI, BRUNILDA SHARRA ALI, HAMIDE SHARRA MUSTAFA","Kufizimet":"KA DIFERENCE FAKT-DOKUMENT MBI 20% TE TOTALIT TE AMTP-SE","Siperfaqe":5534}},
{"type":"Feature","geometry":{"type":"Polygon","coordinates":[[[20.0511514219126,41.13451683091049],[20.05144306436667,41.13506423482541],[20.05195077497591,41.13535061261395],[20.052532038413624,41.13549055907698],[20.052897470551294,41.135489833299694],[20.05295023479848,41.13562730794294],[20.052577890688475,41.13566254733188],[20.05204019059346,41.135564663616684],[20.05180144418163,41.135484292117795],[20.051720048693188,41.135443137911125],[20.051525962746332,41.13534500607092],[20.0511808590746,41.135062301029606],[20.05093622792029,41.13458967921422],[20.05088600466149,41.13431380917746],[20.0511514219126,41.13451683091049]]]},"properties":{"Zk_Numer":1885,"Zk_Emer":"GURABARDH","Nr_Pas":"60/1","Vol":1,"Faqe":43,"Pronaret":"MIRELA SHARRA HASAN, HASAN SHARRA YMER, MARJETA SHARRA HASAN, RUDINA SHARRA HASAN, HAVA SHARRA ALI, HAXHIRE SHARRA HASAN, SAIMIR SHARRA HASAN","Kufizimet":"KA DIFERENCE FAKT-DOKUMENT MBI 20% TE TOTALIT TE AMTP-SE\r\n","Siperfaqe":4360}},
{"type":"Feature","geometry":{"type":"Polygon","coordinates":[[[20.052868360203252,41.13536433298926],[20.052870934163504,41.13542069382267],[20.052897470551294,41.135489833299694],[20.052532038413624,41.13549055907698],[20.05195077497591,41.13535061261395],[20.05144306436667,41.13506423482541],[20.0511514219126,41.13451683091049],[20.051547639222733,41.13470881529569],[20.05167091403595,41.134995834290365],[20.05209255275119,41.13522477218917],[20.05261924042845,41.13535443330028],[20.052868360203252,41.13536433298926]]]},"properties":{"Zk_Numer":1885,"Zk_Emer":"GURABARDH","Nr_Pas":"60/2","Vol":1,"Faqe":36,"Pronaret":"LULJETA SHARRA HYSEN, ESTELJANO SHARRA ISLAM, ELSON SHARRA ISLAM, HAVA SHARRA XHEME, ISLAM SHARRA YMER","Kufizimet":"KA DIFERENCE FAKT-DOKUMENT MBI 20% TE TOTALIT TE AMTP-SE\r\n","Siperfaqe":3150}},
{"type":"Feature","geometry":{"type":"Polygon","coordinates":[[[20.05301485532181,41.135141581858306],[20.052928880253443,41.13524611142815],[20.05286750011817,41.1353455000767],[20.052868360203252,41.13536433298926],[20.05261924042845,41.13535443330028],[20.05209255275119,41.13522477218917],[20.05167091403595,41.134995834290365],[20.051547639222733,41.13470881529569],[20.051857467058323,41.13482812091607],[20.052245234099022,41.13495781009598],[20.052533494417453,41.13505421794703],[20.052818288780315,41.13513429679604],[20.05301485532181,41.135141581858306]]]},"properties":{"Zk_Numer":1885,"Zk_Emer":"GURABARDH","Nr_Pas":"60/3","Vol":1,"Faqe":29,"Pronaret":"ALI SHARRA YMER, ELONA SHARRA MAHMUT, YMER SHARRA ALI, BRUNILDA SHARRA ALI, HAMIDE SHARRA MUSTAFA","Kufizimet":"KA DIFERENCE FAKT-DOKUMENT MBI 20% TE TOTALIT TE AMTP-SE","Siperfaqe":3380}},
{"type":"Feature","geometry":{"type":"Polygon","coordinates":[[[20.052245234099022,41.13495781009598],[20.051857467058323,41.13482812091607],[20.051547639222733,41.13470881529569],[20.0511514219126,41.13451683091049],[20.05088600466149,41.13431380917746],[20.05120541868768,41.13428271938705],[20.051545167369774,41.1341880151042],[20.051887488107287,41.134624793333536],[20.052245234099022,41.13495781009598]]]},"properties":{"Zk_Numer":1885,"Zk_Emer":"GURABARDH","Nr_Pas":"60/4","Vol":1,"Faqe":23,"Pronaret":"PRONESI E PASAKTESUAR","Kufizimet":"KJO PASURI POSEDOHET NGA PETRIT M. SHARRA SIPAS AMTP NR 18","Siperfaqe":3170}},
{"type":"Feature","geometry":{"type":"Polygon","coordinates":[[[20.052245234099022,41.13495781009598],[20.051887488107287,41.134624793333536],[20.051545167369774,41.1341880151042],[20.05183835798084,41.134132496729876],[20.052062680438592,41.13408166258725],[20.052258608378907,41.13411635611424],[20.052818288780315,41.13513429679604],[20.052533494417453,41.13505421794703],[20.052245234099022,41.13495781009598]]]},"properties":{"Zk_Numer":1885,"Zk_Emer":"GURABARDH","Nr_Pas":"60/5","Vol":1,"Faqe":32,"Pronaret":"PRONESI E PASAKTESUAR","Kufizimet":"KJO PASURI POSEDOHET NGA MUSTAFA M SHARRA SIPAS AMTP-SE NR 23","Siperfaqe":5440}},
{"type":"Feature","geometry":{"type":"Polygon","coordinates":[[[20.052818288780315,41.13513429679604],[20.052258608378907,41.13411635611424],[20.052355982879924,41.134133598361075],[20.052726766654228,41.13438248427214],[20.05329260224947,41.13458763196201],[20.05369028025314,41.134663353896315],[20.05327924637359,41.13500251348334],[20.05301485532181,41.135141581858306],[20.052818288780315,41.13513429679604]]]},"properties":{"Zk_Numer":1885,"Zk_Emer":"GURABARDH","Nr_Pas":"60/6","Vol":1,"Faqe":17,"Pronaret":"PRONESI E PASAKTESUAR","Kufizimet":"","Siperfaqe":5300}},
{"type":"Feature","geometry":{"type":"Polygon","coordinates":[[[20.054216795476698,41.13434714851639],[20.054020926508667,41.13439044505779],[20.053891417016022,41.134448151131394],[20.053837173371882,41.134506832665814],[20.05349141365237,41.134342472662475],[20.053206874281145,41.1341572224163],[20.05290797688576,41.13394388291529],[20.053301764776926,41.13371721661114],[20.05369044262524,41.13401131492957],[20.053986946375076,41.13419173529715],[20.054216795476698,41.13434714851639]]]},"properties":{"Zk_Numer":1885,"Zk_Emer":"GURABARDH","Nr_Pas":"60/8","Vol":1,"Faqe":60,"Pronaret":"SHTET","Kufizimet":"KJO PASURI OKUPOHET NGA ISLAM SHARRA\r\n","Siperfaqe":3850}},
{"type":"Feature","geometry":{"type":"Polygon","coordinates":[[[20.05290797688576,41.13394388291529],[20.053206874281145,41.1341572224163],[20.05349141365237,41.134342472662475],[20.053837173371882,41.134506832665814],[20.05369028025314,41.134663353896315],[20.05329260224947,41.13458763196201],[20.052726766654228,41.13438248427214],[20.052355982879924,41.134133598361075],[20.05290797688576,41.13394388291529]]]},"properties":{"Zk_Numer":1885,"Zk_Emer":"GURABARDH","Nr_Pas":"60/7","Vol":1,"Faqe":59,"Pronaret":"HAMIDE SHARRA MUSTAFA, ALI SHARRA YMER, YMER SHARRA ALI, ELONA SHARRA MAHMUT, BRUNILDA SHARRA ALI","Kufizimet":"KA DIFERENCE FAKT-DOKUMENT MBI 20% TE TOTALIT TE AMTP-SE\r\n","Siperfaqe":4200}},
{"type":"Feature","geometry":{"type":"Polygon","coordinates":[[[20.053301764776926,41.13371721661114],[20.053417389302467,41.133614777154484],[20.05364568974629,41.13359942824581],[20.053924310187313,41.13363832837148],[20.054160778941093,41.133578587913405],[20.05489963560926,41.13416437493755],[20.054421340178454,41.13431508991905],[20.054216795476698,41.13434714851639],[20.053986946375076,41.13419173529715],[20.05369044262524,41.13401131492957],[20.053301764776926,41.13371721661114]]]},"properties":{"Zk_Numer":1885,"Zk_Emer":"GURABARDH","Nr_Pas":"65/1","Vol":1,"Faqe":44,"Pronaret":"HAVA SHARRA ALI, RUDINA SHARRA HASAN, SAIMIR SHARRA HASAN, MIRELA SHARRA HASAN, HAXHIRE SHARRA HASAN, MARJETA SHARRA HASAN, HASAN SHARRA YMER","Kufizimet":"KA DIFERENCE FAKT-DOKUMENT MBI 20% TE TOTALIT TE AMTP-SE\r\n","Siperfaqe":6003}},
{"type":"Feature","geometry":{"type":"Polygon","coordinates":[[[20.05513646138105,41.133323915059044],[20.05513487048144,41.134050785809606],[20.05489963560926,41.13416437493755],[20.054160778941093,41.133578587913405],[20.05420325972562,41.13352608073973],[20.054270260451776,41.13328786919665],[20.05513646138105,41.133323915059044]]]},"properties":{"Zk_Numer":1885,"Zk_Emer":"GURABARDH","Nr_Pas":"65/2","Vol":1,"Faqe":46,"Pronaret":"PRONESI E PASAKTESUAR","Kufizimet":"KJO PASURI POSEDOHET NGA NEZIR H. SHARRA SIPAS AMTP-SE NR 29","Siperfaqe":5500}},
{"type":"Feature","geometry":{"type":"Polygon","coordinates":[[[20.05513646138105,41.133323915059044],[20.054270260451776,41.13328786919665],[20.05420325972562,41.13352608073973],[20.054160778941093,41.133578587913405],[20.053924310187313,41.13363832837148],[20.05364568974629,41.13359942824581],[20.053417389302467,41.133614777154484],[20.053301764776926,41.13371721661114],[20.05290797688576,41.13394388291529],[20.052355982879924,41.134133598361075],[20.052820685973682,41.13380995602748],[20.053151779313584,41.13350898662758],[20.05334957928038,41.13330615768735],[20.053925443745438,41.13358737997783],[20.054132303773912,41.13314502235016],[20.054200137629138,41.133023563512815],[20.05419097141131,41.132676320941734],[20.054343837035002,41.132588561714506],[20.054347716215325,41.132355943516735],[20.05436812974317,41.13223996671312],[20.05486447229467,41.132690434616805],[20.054994147605267,41.133123080001],[20.05513646138105,41.133323915059044]]]},"properties":{"Zk_Numer":1885,"Zk_Emer":"GURABARDH","Nr_Pas":"65/3","Vol":1,"Faqe":47,"Pronaret":"PRONESI E PASAKTESUAR","Kufizimet":"KJO PASURI POSEDOHET NGA HYSEN SHARRA SIPAS AMTP NR 30","Siperfaqe":9098}},
{"type":"Feature","geometry":{"type":"Polygon","coordinates":[[[20.05471529943706,41.13170631258769],[20.054943845058975,41.13207388186798],[20.054536118550743,41.13207407560287],[20.054367558179585,41.1321491356866],[20.054212411358726,41.13203470308234],[20.054081196735652,41.131778818413295],[20.054198159573343,41.13155311570512],[20.05471529943706,41.13170631258769]]]},"properties":{"Zk_Numer":1885,"Zk_Emer":"GURABARDH","Nr_Pas":"65/4","Vol":1,"Faqe":25,"Pronaret":"SHTET","Kufizimet":"KJO PASURI OKUPOHET NGA BASHKIM SHARRA","Siperfaqe":2860}},
{"type":"Feature","geometry":{"type":"Polygon","coordinates":[[[20.056212535117197,41.132686596133205],[20.055854689026688,41.1329697352633],[20.055402356609278,41.133263697257455],[20.05513646138105,41.133323915059044],[20.054994147605267,41.133123080001],[20.05486447229467,41.132690434616805],[20.05436812974317,41.13223996671312],[20.054367558179585,41.1321491356866],[20.054536118550743,41.13207407560287],[20.054943845058975,41.13207388186798],[20.05471529943706,41.13170631258769],[20.05482479121259,41.131578615499535],[20.05505281967483,41.13160243989911],[20.055190631995778,41.131670584561036],[20.055345568749274,41.131934193459436],[20.056212535117197,41.132686596133205]]]},"properties":{"Zk_Numer":1885,"Zk_Emer":"GURABARDH","Nr_Pas":"65/5","Vol":1,"Faqe":61,"Pronaret":"SHTET","Kufizimet":"KJO PASURI OKUPOHET NGA ALI SHARRA\r\n","Siperfaqe":14344}},
{"type":"Feature","geometry":{"type":"Polygon","coordinates":[[[20.05419097141131,41.132676320941734],[20.054200137629138,41.133023563512815],[20.054132303773912,41.13314502235016],[20.053925443745438,41.13358737997783],[20.05334957928038,41.13330615768735],[20.053587891301323,41.13306146448599],[20.05419097141131,41.132676320941734]]]},"properties":{"Zk_Numer":1885,"Zk_Emer":"GURABARDH","Nr_Pas":"65/7","Vol":1,"Faqe":39,"Pronaret":"PRONESI E PASAKTESUAR","Kufizimet":"KJO PASURI POSEDOHET NGA XHEVAHIR D. SHARRA SIPAS AMTP-SE NR 25","Siperfaqe":3500}},
{"type":"Feature","geometry":{"type":"Polygon","coordinates":[[[20.05513487048144,41.134050785809606],[20.05513646138105,41.133323915059044],[20.055402356609278,41.133263697257455],[20.055854689026688,41.1329697352633],[20.056212535117197,41.132686596133205],[20.05647079035001,41.13287845981818],[20.056255690650676,41.133015684939615],[20.05593139541884,41.1337148632611],[20.055866441859624,41.13376130839704],[20.05564838419076,41.13383807900687],[20.05513487048144,41.134050785809606]]]},"properties":{"Zk_Numer":1885,"Zk_Emer":"GURABARDH","Nr_Pas":"65/8","Vol":2,"Faqe":119,"Pronaret":"SHTET","Kufizimet":"","Siperfaqe":7460}},
{"type":"Feature","geometry":{"type":"Polygon","coordinates":[[[20.04934972597876,41.13905231801328],[20.049300518980182,41.13914129483531],[20.049215225098976,41.13929605874535],[20.049137680413388,41.13943318187615],[20.049122993970247,41.13946302016072],[20.04911236890097,41.13949328273701],[20.049093686600248,41.139607525482894],[20.049083307379654,41.13969431399855],[20.049067019784275,41.13979998580819],[20.04905132020574,41.13983439069682],[20.04891652774876,41.13998452172369],[20.048772262688736,41.13982713353306],[20.04842400566307,41.139388335188706],[20.04813026286445,41.13899696211019],[20.047826766704638,41.13836224799883],[20.04824353745071,41.13798797236479],[20.048477882829026,41.13842546073803],[20.04934972597876,41.13905231801328]]]},"properties":{"Zk_Numer":1885,"Zk_Emer":"GURABARDH","Nr_Pas":"30/11","Vol":1,"Faqe":62,"Pronaret":"SHTET","Kufizimet":"KJO PASURI OKUPOHET NGA DEMIR SHARRA\r\n","Siperfaqe":12000}},
{"type":"Feature","geometry":{"type":"Polygon","coordinates":[[[20.04967437721207,41.13885107569082],[20.049569778272456,41.13886893587983],[20.049488107475316,41.13890070383185],[20.04943736958562,41.13894386857783],[20.04934972597876,41.13905231801328],[20.048477882829026,41.13842546073803],[20.04824353745071,41.13798797236479],[20.048394118528524,41.13785274353276],[20.04870071627541,41.138338710624396],[20.04967437721207,41.13885107569082]]]},"properties":{"Zk_Numer":1885,"Zk_Emer":"GURABARDH","Nr_Pas":"30/12","Vol":1,"Faqe":63,"Pronaret":"SHTET","Kufizimet":"KJO PASURI OKUPOHET NGA SHAHE SHARRA\r\n","Siperfaqe":3660}},
{"type":"Feature","geometry":{"type":"Polygon","coordinates":[[[20.04967437721207,41.13885107569082],[20.04870071627541,41.138338710624396],[20.048394118528524,41.13785274353276],[20.048528988557003,41.13775445123725],[20.048892586879365,41.13821919885189],[20.049881531071712,41.13871037959307],[20.05026579015472,41.13897141455537],[20.050107308200886,41.13893051631514],[20.049913095409135,41.13885598308181],[20.04967437721207,41.13885107569082]]]},"properties":{"Zk_Numer":1885,"Zk_Emer":"GURABARDH","Nr_Pas":"30/13","Vol":1,"Faqe":64,"Pronaret":"SHTET","Kufizimet":"KJO PASURI OKUPOHET NGA NAZMI SHARRA\r\n","Siperfaqe":3590}},
{"type":"Feature","geometry":{"type":"Polygon","coordinates":[[[20.048528988557003,41.13775445123725],[20.048705638269237,41.137660319884866],[20.04879429502075,41.13778171041961],[20.049105524829162,41.13812260834737],[20.049752968753946,41.138453637326315],[20.05058454471824,41.1387375819376],[20.050848582850566,41.13882773693858],[20.050977780488363,41.13897042216091],[20.050856115255726,41.13903274656541],[20.05071552628497,41.139042163974494],[20.050629433197674,41.13904093778379],[20.05047458740807,41.1390216176954],[20.050362194891527,41.13899629286561],[20.05026579015472,41.13897141455537],[20.049881531071712,41.13871037959307],[20.048892586879365,41.13821919885189],[20.048528988557003,41.13775445123725]]]},"properties":{"Zk_Numer":1885,"Zk_Emer":"GURABARDH","Nr_Pas":"30/14","Vol":1,"Faqe":65,"Pronaret":"SHTET","Kufizimet":"KJO PASURI OKUPOHET NGA ISLAM SHARRA\r\n","Siperfaqe":5501}},
{"type":"Feature","geometry":{"type":"Polygon","coordinates":[[[20.050977780488363,41.13897042216091],[20.050848582850566,41.13882773693858],[20.05058454471824,41.1387375819376],[20.049752968753946,41.138453637326315],[20.049105524829162,41.13812260834737],[20.04879429502075,41.13778171041961],[20.048705638269237,41.137660319884866],[20.048799317439556,41.13759751662324],[20.049302610196467,41.13805398409529],[20.05009505615574,41.13836747066889],[20.05115376908857,41.13856353805363],[20.051332153850392,41.13866185127445],[20.051041720413817,41.138936023423895],[20.050977780488363,41.13897042216091]]]},"properties":{"Zk_Numer":1885,"Zk_Emer":"GURABARDH","Nr_Pas":"30/15","Vol":1,"Faqe":66,"Pronaret":"SHTET","Kufizimet":"KJO PASURI OKUPOHET NGA HASAN SHARRA\r\n","Siperfaqe":5700}},
{"type":"Feature","geometry":{"type":"Polygon","coordinates":[[[20.051332153850392,41.13866185127445],[20.05115376908857,41.13856353805363],[20.05009505615574,41.13836747066889],[20.049302610196467,41.13805398409529],[20.048799317439556,41.13759751662324],[20.04890355352237,41.13752763569237],[20.049409708214647,41.13796252390533],[20.0502843564382,41.138203052214514],[20.050431563831246,41.13822536385494],[20.05073612330124,41.13827152407973],[20.051157220761695,41.138335345824565],[20.051572707777872,41.13830652224504],[20.05158897317084,41.13835042084507],[20.05159024815087,41.13840388196948],[20.05145725412455,41.13855042273442],[20.051346579459032,41.13864823327271],[20.051332153850392,41.13866185127445]]]},"properties":{"Zk_Numer":1885,"Zk_Emer":"GURABARDH","Nr_Pas":"30/16","Vol":1,"Faqe":67,"Pronaret":"SHTET","Kufizimet":"KJO PASURI OKUPOHET NGA ALI SHARRA\r\n","Siperfaqe":5117}},
{"type":"Feature","geometry":{"type":"Polygon","coordinates":[[[20.052578866457104,41.13859261026907],[20.052405092461655,41.13847693457632],[20.052416884220364,41.138254214902474],[20.052417536814083,41.13796805878444],[20.05249083519247,41.137839148476615],[20.0527619008296,41.13783538880983],[20.05294153585855,41.137894763669934],[20.053049985414976,41.13802775577021],[20.052994478883885,41.13823814632639],[20.052578866457104,41.13859261026907]]]},"properties":{"Zk_Numer":1885,"Zk_Emer":"GURABARDH","Nr_Pas":"30/29","Vol":1,"Faqe":68,"Pronaret":"SHTET","Kufizimet":"KJO PASURI OKUPOHET NGA DEMIR SHARRA\r\n","Siperfaqe":3245}},
{"type":"Feature","geometry":{"type":"Polygon","coordinates":[[[20.055215981480302,41.14447946374171],[20.055383283334365,41.14449623003197],[20.055472485356088,41.1445051693817],[20.055567953205234,41.14452561100118],[20.055788889699908,41.14457291767187],[20.05605199267898,41.144629252340074],[20.05620039994212,41.144681691755096],[20.056397756076354,41.14475142673112],[20.056719261800325,41.1448018002619],[20.056864701032932,41.14479343781763],[20.056973534742895,41.14479432892127],[20.05708316525597,41.144795226444955],[20.05709214684031,41.144795299970816],[20.0572312735764,41.14478689439179],[20.057390169434495,41.14472136589217],[20.057540900512663,41.14468387008629],[20.057604681393162,41.14474221002894],[20.057685594869564,41.14482878982146],[20.057740664852183,41.14495335383747],[20.05773330602447,41.144982156899815],[20.057723718906228,41.14501968163754],[20.057713888280798,41.14505815943623],[20.057616249642713,41.14525783848881],[20.05759620722025,41.145334047880255],[20.057645181928553,41.14544424542997],[20.05772031865556,41.14549259124157],[20.057878259252828,41.145493883217355],[20.058023836353446,41.1454759850249],[20.058163089216222,41.14545802593105],[20.05823367587894,41.14546270786508],[20.058245153350967,41.14546346914875],[20.058261376271833,41.145481291548194],[20.05829595994899,41.14551928491965],[20.058363352033766,41.145593321207905],[20.058458553685647,41.14572282908752],[20.0584948342925,41.14577218337441],[20.05863130057147,41.14594991557929],[20.058838617220555,41.14603275535647],[20.058977337042,41.1460529776112],[20.059047162615514,41.146029687009715],[20.05909873325376,41.14595850713541],[20.059207424284335,41.14586869596098],[20.059404026375596,41.145817798306865],[20.059568576922974,41.14580004409896],[20.0596575558299,41.145762583871075],[20.059734399042476,41.14569161002939],[20.059748914379686,41.14568241334775],[20.059779030740067,41.14566333209743],[20.059848594760904,41.14565913671792],[20.05994831325009,41.14575541283012],[20.060066788550756,41.14586616755627],[20.060148705058428,41.14588116163908],[20.060350937659837,41.14587803041468],[20.060528317311555,41.14584606286292],[20.060576819889693,41.14584384344187],[20.06066978547292,41.145839589388366],[20.060705344260914,41.145837962217975],[20.060819634571317,41.145844283007385],[20.060923238273652,41.145850012678274],[20.061112411335326,41.14594602472828],[20.061123972735803,41.14595189253057],[20.06114335641411,41.1459789247344],[20.061154957902612,41.14599510399405],[20.061160793745238,41.14602856603946],[20.061059302748983,41.14605638101155],[20.060989477836202,41.146079672840074],[20.06098275678378,41.14610826031322],[20.061028005785364,41.14616727906376],[20.061100609658023,41.1462619768017],[20.061164256285135,41.14627344866877],[20.06123926264571,41.146286967999416],[20.061467438702792,41.14623632415827],[20.061625801493893,41.14620897217261],[20.06189059492866,41.146249315811474],[20.062103297038774,41.146243019019174],[20.06214344385264,41.146241830476434],[20.062149897325416,41.14626611505923],[20.06217909002794,41.14637596771391],[20.062037595001563,41.146380686273886],[20.061865376981252,41.1463922767282],[20.061624761826664,41.14637211927088],[20.06154944230578,41.14634551058199],[20.06138121044704,41.14631814473262],[20.061229546941767,41.14633510614493],[20.061095427462508,41.146328817535505],[20.06102020766561,41.14629440269827],[20.060904634076056,41.146194666705235],[20.060792271192348,41.14613790666899],[20.06075607466848,41.14614353625468],[20.060681084459016,41.146150650301706],[20.0605959973759,41.14614995637331],[20.06042339065136,41.14613456500824],[20.060368882084227,41.14613795612503],[20.060324433571893,41.146151730059415],[20.060156923975235,41.146224836845626],[20.060073544054596,41.146247225144414],[20.059985292448,41.1462529159096],[20.059885240865963,41.146250784717985],[20.059812573740366,41.14623868425297],[20.05974838306996,41.14622024196889],[20.05942674849411,41.146129059928995],[20.059364340303773,41.14612093275721],[20.05926640790785,41.14612139352748],[20.059151408529306,41.146140848666334],[20.0590496867039,41.14616807470768],[20.058925982670846,41.14620148700584],[20.058827830772948,41.1462172887144],[20.058726491895037,41.14621772118995],[20.05861685908856,41.146211728846104],[20.058547776148874,41.14620223206987],[20.058507451885152,41.14618913455345],[20.058387768556365,41.14610801008503],[20.058277820748298,41.14605828159198],[20.058164293643802,41.14605475113303],[20.057998625126956,41.14608979119742],[20.05787738167334,41.14614600304085],[20.057783985888868,41.146179031721054],[20.05765988365847,41.1461936206865],[20.057556880653095,41.14617717370912],[20.057495840549613,41.1461142843579],[20.057442094322035,41.14602284841581],[20.057419277590416,41.14593426776683],[20.057397131156772,41.145798888923636],[20.057302874519763,41.14565252910116],[20.057173469110975,41.14554928159119],[20.056978715304204,41.145480264029906],[20.05680069935916,41.14544769702171],[20.056636211161116,41.145420390920044],[20.056450978264998,41.14540851887488],[20.056299850535574,41.14540728076132],[20.056079861583754,41.1454210373533],[20.05592178476943,41.14543008758614],[20.055743204143745,41.14542862372274],[20.055612505348368,41.14544311138652],[20.055461272765715,41.14545747553845],[20.055067141683733,41.145453459454],[20.054243666339165,41.14540003222501],[20.053109602832517,41.14545813805281],[20.052021039593974,41.14569817624769],[20.051400608799142,41.14585381963842],[20.050593524439662,41.14607188689417],[20.050400103729967,41.14611559238067],[20.050297271422426,41.1461179950473],[20.050198771577136,41.1461107268566],[20.050113475165464,41.14608410946561],[20.050058144060014,41.1460578021797],[20.049968328399164,41.14605380189276],[20.049916795385954,41.146063101328934],[20.049877891262696,41.14608542589678],[20.04983862573013,41.14613360743642],[20.04981647439553,41.14618198417159],[20.04977672955027,41.146262531713035],[20.049746074186956,41.14631083827631],[20.04970699509518,41.1463460913241],[20.049659854772287,41.14634896189434],[20.049599885914464,41.14634520757679],[20.04953589944189,41.146328490092465],[20.04945912987376,41.14630200560942],[20.04935244120495,41.14627201463327],[20.04925826670764,41.14627123732437],[20.049176719121895,41.14627702016193],[20.04904785808114,41.14630507580996],[20.04896177878507,41.14633347556204],[20.04886281181763,41.146358518322906],[20.04871643547918,41.14640585995004],[20.048587433437344,41.146443638415455],[20.048501540678316,41.14645910938095],[20.048034746817798,41.146488567705774],[20.047952124014305,41.14650260424423],[20.047806998908687,41.14651296831111],[20.047670594984503,41.14650574476728],[20.047526343639145,41.14648436465039],[20.0473552500885,41.146474863945926],[20.047294993330333,41.146475365017174],[20.04723472479187,41.14647585695521],[20.04711681077232,41.14649312395925],[20.04697712336388,41.146524284198044],[20.046853678824053,41.146547537962064],[20.0467386252275,41.14654658581073],[20.046628919365368,41.14654567780873],[20.04647370421866,41.14654439296168],[20.046286596284233,41.146528662273624],[20.046137058031153,41.1465112885152],[20.045998114702176,41.14649190434696],[20.045896829386102,41.146464782235284],[20.045819526347056,41.146443963534644],[20.045637205927335,41.14635768780602],[20.04569869477326,41.14630342493796],[20.045780695928006,41.146231053518036],[20.04586862422185,41.146171220145725],[20.046423305999067,41.145793766683695],[20.04694035112318,41.14534969264171],[20.047094147422015,41.14516823455103],[20.04738877266226,41.14504104764049],[20.047903878441193,41.14496155891682],[20.048458516090545,41.144935690143214],[20.04884230345291,41.14487795586432],[20.04911210048315,41.144820035658405],[20.049187907670763,41.14482066146306],[20.049319539138835,41.144893349137156],[20.049363428226428,41.14491758142822],[20.049709788731814,41.14499681290297],[20.049916884099662,41.14509399252428],[20.05000708149562,41.14515884327173],[20.050098224704996,41.14522437384427],[20.05043732324967,41.145370372178306],[20.050554744978918,41.145371340149985],[20.050563677608633,41.14537141378166],[20.050684189607043,41.145338992626755],[20.050818451308665,41.14523031129899],[20.051022333624992,41.14511265001189],[20.051421651246507,41.145025240293336],[20.05188400093259,41.14494791047815],[20.052116366397577,41.144882786915744],[20.052395720828496,41.14478961430464],[20.052687367465776,41.144720412164176],[20.053072933536438,41.144709256971225],[20.053223381344495,41.14483962252596],[20.053315322904133,41.14503608386107],[20.053338411234776,41.14518902035178],[20.053375473413816,41.145246609479116],[20.053495252589002,41.14526669166971],[20.053665748552454,41.14527286480402],[20.053723156348205,41.14523514977157],[20.05373085306476,41.145139741796065],[20.0537096285787,41.1448579350071],[20.053705786662018,41.144686058859016],[20.053744656857194,41.144619549245306],[20.0538913208034,41.14461630598182],[20.05404348381406,41.14457936006333],[20.05416016090708,41.14448919663239],[20.054184050618506,41.144470735565505],[20.054299207203012,41.14437142867823],[20.05463799833293,41.14438370104985],[20.054803156551944,41.14441704744738],[20.054951573837265,41.14444734857398],[20.05500561194529,41.144458381032],[20.055066203150066,41.14446445337209],[20.055215981480302,41.14447946374171]]]},"properties":{"Zk_Numer":1885,"Zk_Emer":"GURABARDH","Nr_Pas":"11","Vol":1,"Faqe":12,"Pronaret":"BASHKIA ELBASAN","Kufizimet":"","Siperfaqe":119701}},
{"type":"Feature","geometry":{"type":"Polygon","coordinates":[[[20.044789705789366,41.14449829725993],[20.04497513667237,41.144725394080076],[20.045057838423908,41.1448258117825],[20.04518241896582,41.14494120426351],[20.04546493814741,41.14514802139364],[20.04523779981512,41.145228778415195],[20.044892548149495,41.14528377093464],[20.044660549059987,41.14523167964214],[20.04453300888823,41.14515947775485],[20.044451158235926,41.144827540196445],[20.044443863748764,41.14464106549556],[20.044593202657236,41.14461724849599],[20.044716037771853,41.14455863112606],[20.044789705789366,41.14449829725993]]]},"properties":{"Zk_Numer":1885,"Zk_Emer":"GURABARDH","Nr_Pas":"47/1","Vol":1,"Faqe":55,"Pronaret":"PRONESI E PASAKTESUAR","Kufizimet":"KJO PASURI POSEDOHET NGA MUSA S. SHORJA SIPAS AMTP NR 8","Siperfaqe":4165}},
{"type":"Feature","geometry":{"type":"Polygon","coordinates":[[[20.044905316155642,41.14435999049589],[20.045248548801297,41.1446302309435],[20.04537695694845,41.144701422076125],[20.045674782720468,41.144833726396165],[20.04559984776068,41.14502124318312],[20.04546493814741,41.14514802139364],[20.04518241896582,41.14494120426351],[20.045057838423908,41.1448258117825],[20.04497513667237,41.144725394080076],[20.044789705789366,41.14449829725993],[20.044905316155642,41.14435999049589]]]},"properties":{"Zk_Numer":1885,"Zk_Emer":"GURABARDH","Nr_Pas":"47/2","Vol":1,"Faqe":53,"Pronaret":"FATBARDHA SHORJA ALI, ANILA SHORJA ALI, VJOLLCA SHORJA ALI, BRUNILA SHORJA ALI, MAJLINDA SHORJA ALI, SHEFIKAT SHORJA SULEJMAN, ALI SHORJA ISMAIL","Kufizimet":"KA DIFERENCE FAKT-DOKUMENT MBI 20% TE TOTALIT TE AMTP-SE\r\n","Siperfaqe":2470}},
{"type":"Feature","geometry":{"type":"Polygon","coordinates":[[[20.04579500621995,41.14416634674994],[20.045934164840997,41.144348278411066],[20.046120665076806,41.144474693111626],[20.046267959906018,41.144691569047566],[20.045918023731044,41.14470671432637],[20.045674782720468,41.144833726396165],[20.04537695694845,41.144701422076125],[20.045248548801297,41.1446302309435],[20.044905316155642,41.14435999049589],[20.04499336251203,41.14420064231816],[20.045031818022043,41.14411048109896],[20.04579500621995,41.14416634674994]]]},"properties":{"Zk_Numer":1885,"Zk_Emer":"GURABARDH","Nr_Pas":"47/3","Vol":1,"Faqe":72,"Pronaret":"SHTET","Kufizimet":"KJO PASURI OKUPOHET NGA ALI SHORJA\r\n","Siperfaqe":5420}},
{"type":"Feature","geometry":{"type":"Polygon","coordinates":[[[20.045710349346706,41.14401837145764],[20.04579500621995,41.14416634674994],[20.045031818022043,41.14411048109896],[20.04510210758721,41.14392020049697],[20.0452006587618,41.14378668690743],[20.045710349346706,41.14401837145764]]]},"properties":{"Zk_Numer":1885,"Zk_Emer":"GURABARDH","Nr_Pas":"47/4","Vol":1,"Faqe":73,"Pronaret":"MAJLINDA SHORJA ALI, VJOLLCA SHORJA ALI, BRUNILA SHORJA ALI, ANILA SHORJA ALI, SHEFIKAT SHORJA SULEJMAN, ALI SHORJA ISMAIL, FATBARDHA SHORJA ALI","Kufizimet":"KA DIFERENCE FAKT-DOKUMENT MBI 20% TE TOTALIT TE AMTP-SE\r\n","Siperfaqe":1500}},
{"type":"Feature","geometry":{"type":"Polygon","coordinates":[[[20.050554744978918,41.145371340149985],[20.05043732324967,41.145370372178306],[20.050098224704996,41.14522437384427],[20.05000708149562,41.14515884327173],[20.049999305176613,41.14503753177179],[20.050519447153963,41.145024633304914],[20.050554744978918,41.145371340149985]]]},"properties":{"Zk_Numer":1885,"Zk_Emer":"GURABARDH","Nr_Pas":"44/1","Vol":1,"Faqe":57,"Pronaret":"SALI SHORJA ISMAIL, ORLADA SHORJA SALI, EMARINELA SHORJA VAHIR, STIVJANO SHORJA GENTJAN, RAJMONDA SHORJA MEHMET, KLODJAN SHORJA SALI, GENTJAN SHORJA SALI, DIJE SHORJA AHMET, HEDIJE SHORJA ADEM","Kufizimet":"","Siperfaqe":1300}},
{"type":"Feature","geometry":{"type":"Polygon","coordinates":[[[20.050519447153963,41.145024633304914],[20.050845111423367,41.14488082289803],[20.05111263656339,41.14504429086068],[20.051022333624992,41.14511265001189],[20.050818451308665,41.14523031129899],[20.050684189607043,41.145338992626755],[20.050563677608633,41.14537141378166],[20.050554744978918,41.145371340149985],[20.050519447153963,41.145024633304914]]]},"properties":{"Zk_Numer":1885,"Zk_Emer":"GURABARDH","Nr_Pas":"44/2","Vol":1,"Faqe":52,"Pronaret":"ALI SHORJA ISMAIL, FATBARDHA SHORJA ALI, MAJLINDA SHORJA ALI, VJOLLCA SHORJA ALI, ANILA SHORJA ALI, SHEFIKAT SHORJA SULEJMAN, BRUNILA SHORJA ALI","Kufizimet":"KA DIFERENCE FAKT-DOKUMENT MBI 20% TE TOTALIT TE AMTP-SE\r\n","Siperfaqe":1480}},
{"type":"Feature","geometry":{"type":"Polygon","coordinates":[[[20.051239933491765,41.144895722089004],[20.051028259846895,41.14493391616528],[20.051027337641866,41.14493408256563],[20.05094179593115,41.14459002968346],[20.051158354831017,41.14447007559066],[20.051239933491765,41.144895722089004]]]},"properties":{"Zk_Numer":1885,"Zk_Emer":"GURABARDH","Nr_Pas":"44/4","Vol":1,"Faqe":51,"Pronaret":"ANILA SHORJA ALI, SHEFIKAT SHORJA SULEJMAN, BRUNILA SHORJA ALI, FATBARDHA SHORJA ALI, VJOLLCA SHORJA ALI, ALI SHORJA ISMAIL, MAJLINDA SHORJA ALI","Kufizimet":"KA DIFERENCE FAKT-DOKUMENT MBI 20% TE TOTALIT TE AMTP-SE\r\n","Siperfaqe":832}},
{"type":"Feature","geometry":{"type":"Polygon","coordinates":[[[20.051374325338784,41.14435044657101],[20.051444127677886,41.14485109741419],[20.051239933491765,41.144895722089004],[20.051158354831017,41.14447007559066],[20.051374325338784,41.14435044657101]]]},"properties":{"Zk_Numer":1885,"Zk_Emer":"GURABARDH","Nr_Pas":"44/5","Vol":1,"Faqe":56,"Pronaret":"DIJE SHORJA AHMET, SALI SHORJA ISMAIL, HEDIJE SHORJA ADEM, GENTJAN SHORJA SALI, KLODJAN SHORJA SALI, ORLADA SHORJA SALI, RAJMONDA SHORJA MEHMET, STIVJANO SHORJA GENTJAN, EMARINELA SHORJA VAHIR","Kufizimet":"","Siperfaqe":965}},
{"type":"Feature","geometry":{"type":"Polygon","coordinates":[[[20.05044522305423,41.144553254696206],[20.050443402700218,41.14479826107486],[20.050442364232477,41.14479821304736],[20.04985473382787,41.144771034551674],[20.049575847010644,41.144568766411936],[20.049782982259163,41.14438656494568],[20.049975960072505,41.14452958812314],[20.05014199444018,41.14455815876166],[20.05044522305423,41.144553254696206]]]},"properties":{"Zk_Numer":1885,"Zk_Emer":"GURABARDH","Nr_Pas":"44/3","Vol":1,"Faqe":54,"Pronaret":"PRONESI E PASAKTESUAR","Kufizimet":"KJO PASURI POSEDOHET NGA MUSA S. SHORJA SIPAS AMTP NR 8","Siperfaqe":1900}},
{"type":"Feature","geometry":{"type":"Polygon","coordinates":[[[20.051099975814502,41.14433991761756],[20.050876398313395,41.14442986240479],[20.050676284924762,41.14443786789172],[20.050490534311106,41.14440399887334],[20.050972236624897,41.144181726751555],[20.051099975814502,41.14433991761756]]]},"properties":{"Zk_Numer":1885,"Zk_Emer":"GURABARDH","Nr_Pas":"38/1","Vol":1,"Faqe":75,"Pronaret":"SHTET","Kufizimet":"KJO PASURI OKUPOHET NGA ALI SHORJA\r\n","Siperfaqe":715}},
{"type":"Feature","geometry":{"type":"Polygon","coordinates":[[[20.050101446399612,41.14434457490903],[20.05098412019883,41.14384887483089],[20.05111174305518,41.14394978514156],[20.051354938973088,41.14421139827842],[20.051099975814502,41.14433991761756],[20.050972236624897,41.144181726751555],[20.050490534311106,41.14440399887334],[20.05024414711753,41.14442480332971],[20.050101446399612,41.14434457490903]]]},"properties":{"Zk_Numer":1885,"Zk_Emer":"GURABARDH","Nr_Pas":"38/2","Vol":1,"Faqe":50,"Pronaret":"GENTJAN SHORJA SALI, EMARINELA SHORJA VAHIR, STIVJANO SHORJA GENTJAN, RAJMONDA SHORJA MEHMET, ORLADA SHORJA SALI, KLODJAN SHORJA SALI, HEDIJE SHORJA ADEM, SALI SHORJA ISMAIL, DIJE SHORJA AHMET","Kufizimet":"","Siperfaqe":2885}},
{"type":"Feature","geometry":{"type":"Polygon","coordinates":[[[20.05098412019883,41.14384887483089],[20.050101446399612,41.14434457490903],[20.049925027205852,41.144189856345385],[20.050220693420336,41.14401986714202],[20.05030268145071,41.14397392117646],[20.050485641923153,41.14387138996754],[20.05079402730044,41.14369856914805],[20.05098412019883,41.14384887483089]]]},"properties":{"Zk_Numer":1885,"Zk_Emer":"GURABARDH","Nr_Pas":"38/3","Vol":1,"Faqe":76,"Pronaret":"BRUNILA SHORJA ALI, VJOLLCA SHORJA ALI, MAJLINDA SHORJA ALI, FATBARDHA SHORJA ALI, SHEFIKAT SHORJA SULEJMAN, ALI SHORJA ISMAIL, ANILA SHORJA ALI","Kufizimet":"KA DIFERENCE FAKT-DOKUMENT MBI 20% TE TOTALIT TE AMTP-SE\r\n","Siperfaqe":2100}},
{"type":"Feature","geometry":{"type":"Polygon","coordinates":[[[20.050356864166773,41.1437549486356],[20.05050286327421,41.14365950978954],[20.05068834985079,41.14356943256406],[20.05076527238845,41.143543072448296],[20.050783954779757,41.14356623181726],[20.05089284692766,41.14351835838976],[20.05097114927008,41.14359455142628],[20.05079402730044,41.14369856914805],[20.050485641923153,41.14387138996754],[20.05042433452877,41.143814818396706],[20.050367459870156,41.14376435073272],[20.050356864166773,41.1437549486356]]]},"properties":{"Zk_Numer":1885,"Zk_Emer":"GURABARDH","Nr_Pas":"39/3","Vol":1,"Faqe":79,"Pronaret":"SHTET","Kufizimet":"KJO PASURI OKUPOHET NGA HALIT SHORJA, MBI KETE PASURI NDODHET NJE NDERTIM PA LEJE","Siperfaqe":823}},
{"type":"Feature","geometry":{"type":"Polygon","coordinates":[[[20.05042433452877,41.143814818396706],[20.050485641923153,41.14387138996754],[20.05030268145071,41.14397392117646],[20.05017766118976,41.14384936132383],[20.05022138105613,41.1438188782034],[20.050330106891746,41.14374836542324],[20.05034002269501,41.14374121093351],[20.050356864166773,41.1437549486356],[20.050367459870156,41.14376435073272],[20.05042433452877,41.143814818396706]]]},"properties":{"Zk_Numer":1885,"Zk_Emer":"GURABARDH","Nr_Pas":"39/2","Vol":1,"Faqe":78,"Pronaret":"SHTET","Kufizimet":"MBI KETE PASURI NDODHET NJE NDERTIM PA LEJE, KJO PASURI POSEDOHET NGA RAMAZAN SHORJA SIPAS AMTP NR 2","Siperfaqe":340}},
{"type":"Feature","geometry":{"type":"Polygon","coordinates":[[[20.050012312757143,41.14396385170021],[20.049920667035504,41.14388086777021],[20.049977233361265,41.14384111319146],[20.05024187191907,41.143655125302566],[20.050255118989472,41.14366674400022],[20.05034002269501,41.14374121093351],[20.050330106891746,41.14374836542324],[20.05022138105613,41.1438188782034],[20.05017766118976,41.14384936132383],[20.050012312757143,41.14396385170021]]]},"properties":{"Zk_Numer":1885,"Zk_Emer":"GURABARDH","Nr_Pas":"39/4","Vol":1,"Faqe":80,"Pronaret":"SHTET","Kufizimet":"MBI KETE PASURI NDODHET NJE NDERTIM PA LEJE, KJO PASURI OKUPOHET NGA ADEM SHORJA","Siperfaqe":450}},
{"type":"Feature","geometry":{"type":"Polygon","coordinates":[[[20.049925027205852,41.144189856345385],[20.049884988272936,41.1441172253221],[20.04989153901865,41.1440498252109],[20.049906957775114,41.144009215690346],[20.049931317865568,41.14400860573378],[20.050012312757143,41.14396385170021],[20.05017766118976,41.14384936132383],[20.05030268145071,41.14397392117646],[20.050220693420336,41.14401986714202],[20.049925027205852,41.144189856345385]]]},"properties":{"Zk_Numer":1885,"Zk_Emer":"GURABARDH","Nr_Pas":"39/1","Vol":1,"Faqe":77,"Pronaret":"SHTET","Kufizimet":"","Siperfaqe":590}},
{"type":"Feature","geometry":{"type":"Polygon","coordinates":[[[20.04982932622266,41.1435650702549],[20.04988362713608,41.143750119241325],[20.049621802720846,41.143806043445046],[20.049440421164633,41.14365492703363],[20.049585359871166,41.14353614828311],[20.04969014518626,41.14358785133028],[20.04982932622266,41.1435650702549]]]},"properties":{"Zk_Numer":1885,"Zk_Emer":"GURABARDH","Nr_Pas":"50/1","Vol":1,"Faqe":81,"Pronaret":"SHTET","Kufizimet":"MBI KETE PASURI NDODHET NJE NDERTIM PA LEJE, KJO PASURI OKUPOHET NGA ALI SHORJA","Siperfaqe":700}},
{"type":"Feature","geometry":{"type":"Polygon","coordinates":[[[20.049585359871166,41.14353614828311],[20.049457411946978,41.14344692966289],[20.049618694886433,41.14331617711319],[20.04976638622942,41.143403394613195],[20.04982932622266,41.1435650702549],[20.04969014518626,41.14358785133028],[20.049585359871166,41.14353614828311]]]},"properties":{"Zk_Numer":1885,"Zk_Emer":"GURABARDH","Nr_Pas":"50/2","Vol":1,"Faqe":82,"Pronaret":"HEDIJE SHORJA ADEM, GENTJAN SHORJA SALI, ORLADA SHORJA SALI, RAJMONDA SHORJA MEHMET, STIVJANO SHORJA GENTJAN, DIJE SHORJA AHMET, EMARINELA SHORJA VAHIR, KLODJAN SHORJA SALI, SALI SHORJA ISMAIL","Kufizimet":"MBI KETE PASURI NDODHET NJE NDERTIM PA LEJE","Siperfaqe":530}},
{"type":"Feature","geometry":{"type":"Polygon","coordinates":[[[20.051354938973088,41.14421139827842],[20.05111174305518,41.14394978514156],[20.05098412019883,41.14384887483089],[20.05079402730044,41.14369856914805],[20.05097114927008,41.14359455142628],[20.05089284692766,41.14351835838976],[20.05091958684533,41.14350666724811],[20.05105204807965,41.14344875029763],[20.051158049180124,41.14340776614831],[20.05129355216085,41.14343979615611],[20.05154570223097,41.14337660525141],[20.05181276786065,41.143673664148956],[20.052063590434148,41.143931922685304],[20.052205274973254,41.14410290907944],[20.051374325338784,41.14435044657101],[20.051354938973088,41.14421139827842]]]},"properties":{"Zk_Numer":1885,"Zk_Emer":"GURABARDH","Nr_Pas":"38/4","Vol":2,"Faqe":58,"Pronaret":"MARIGLEN SHORJA NAZMI, XHULJANA ELEZI FATMIR, MIMOZA SHORJA LATIF, KLITJAN SHORJA NAZMI, NAZMI SHORJA ADEM, ADEM SHORJA OSMAN, KEA SHORJA KLITJAN, SANIJE SHORJA ALI","Kufizimet":"KA DIFERENCE FAKT-DOKUMENT MBI 20% TE TOTALIT TE AMTP-SE\r\n","Siperfaqe":6800}},
{"type":"Feature","geometry":{"type":"Polygon","coordinates":[[[20.05181276786065,41.143673664148956],[20.05154570223097,41.14337660525141],[20.051548992419136,41.14337584000076],[20.05168105362342,41.14334978567062],[20.051788941967324,41.14333849609068],[20.051894729991346,41.14333619934071],[20.05217536325598,41.14338675226999],[20.0526707501181,41.14379599594411],[20.052422105334458,41.1439133177169],[20.052263959550753,41.14408272067052],[20.052205274973254,41.14410290907944],[20.052063590434148,41.143931922685304],[20.05181276786065,41.143673664148956]]]},"properties":{"Zk_Numer":1885,"Zk_Emer":"GURABARDH","Nr_Pas":"38/6","Vol":1,"Faqe":83,"Pronaret":"FISNIK SHORJA HALIT, ILIRJAN SHORJA HALIT, HALIT SHORJA IBRAHIM, HIDAJETE SHORJA ARIF, KADRI SHORJA HALIT, RIZA SHORJA HALIT, ARDIAN SHORJA HALIT","Kufizimet":"KUFIZOHET DERI NE PLOTESIMIN E DOKUMENTACIONIT TEKNIKO LIGJOR (CERTIFIKATE E GJENDJES FAMILJARE  AKTUALE), KA DIFERENCE FAKT-DOKUMENT MBI 20% TE TOTALIT TE AMTP-SE\r\n","Siperfaqe":3765}},
{"type":"Feature","geometry":{"type":"Polygon","coordinates":[[[20.051936886220616,41.14266761538362],[20.051723796334834,41.14277331627234],[20.05156618916053,41.14281028342919],[20.0511926049832,41.14281692715232],[20.051192774040995,41.14281657244812],[20.05143327431636,41.14231196893348],[20.05149517303548,41.142182095347664],[20.051693582406422,41.14219539284072],[20.051793145700785,41.14221377742495],[20.051886105480598,41.14226138408755],[20.052041814567144,41.14242609031448],[20.05201948162785,41.14250681290042],[20.051936886220616,41.14266761538362]]]},"properties":{"Zk_Numer":1885,"Zk_Emer":"GURABARDH","Nr_Pas":"34/1","Vol":1,"Faqe":85,"Pronaret":"HIDAJETE SHORJA ARIF, FISNIK SHORJA HALIT, ILIRJAN SHORJA HALIT, ARDIAN SHORJA HALIT, KADRI SHORJA HALIT, RIZA SHORJA HALIT, HALIT SHORJA IBRAHIM","Kufizimet":"KUFIZOHET DERI NE PLOTESIMIN E DOKUMENTACIONIT TEKNIKO LIGJOR (CERTIFIKATE E GJENDJES FAMILJARE  AKTUALE), KA DIFERENCE FAKT-DOKUMENT MBI 20% TE TOTALIT TE AMTP-SE\r\n","Siperfaqe":3325}},
{"type":"Feature","geometry":{"type":"Polygon","coordinates":[[[20.052345566028862,41.14336840811983],[20.052717267686056,41.14325495872053],[20.053269467242945,41.143701080824776],[20.053250519815414,41.14383515166884],[20.053137320647675,41.14393265650443],[20.052977676845206,41.14404244660262],[20.0526707501181,41.14379599594411],[20.05217536325598,41.14338675226999],[20.052345566028862,41.14336840811983]]]},"properties":{"Zk_Numer":1885,"Zk_Emer":"GURABARDH","Nr_Pas":"38/7","Vol":1,"Faqe":88,"Pronaret":"MIMOZA SHORJA RAMAZAN, ZYRA SHORJA ABDYL, ARBEN SHORJA RAMAZAN, HEDIJE SHORJA ARIF, HEDIJE SHORJA ISMAIL, RAMAZAN SHORJA IBRAHIM, IBRAHIM SHORJA RAMAZAN","Kufizimet":"","Siperfaqe":3760}},
{"type":"Feature","geometry":{"type":"Polygon","coordinates":[[[20.053340477017414,41.14433332624058],[20.0529898205492,41.144052197486765],[20.052977676845206,41.14404244660262],[20.053137320647675,41.14393265650443],[20.053250519815414,41.14383515166884],[20.053269467242945,41.143701080824776],[20.05271726768604,41.14325495872053],[20.052847803382807,41.143184319944574],[20.052881972936635,41.143137462949944],[20.05294222636236,41.14305483673592],[20.053011667701487,41.142972782390196],[20.053050775732864,41.14298541561285],[20.05324695959264,41.143168790335146],[20.053349327132672,41.14322580506935],[20.053524693780986,41.14322659529232],[20.053568096977948,41.143268603380186],[20.053688728630043,41.14352257265741],[20.05382184169655,41.143711614005895],[20.054007576699192,41.14388903859295],[20.053983549763014,41.144011327684964],[20.05382616715413,41.144038098776825],[20.05365813513081,41.14403863519026],[20.053540389828036,41.144115198315426],[20.053604340338154,41.144216920066825],[20.0535180837865,41.14430566953832],[20.053340477017414,41.14433332624058]]]},"properties":{"Zk_Numer":1885,"Zk_Emer":"GURABARDH","Nr_Pas":"38/8","Vol":1,"Faqe":117,"Pronaret":"SHTET","Kufizimet":"KJO PASURI OKUPOHET NGA RAMAZAN SHORJA\r\n","Siperfaqe":7200}},
{"type":"Feature","geometry":{"type":"Polygon","coordinates":[[[20.052549073141638,41.14471359283588],[20.052433253733327,41.14445023038966],[20.052365652341646,41.14444084890398],[20.052205274973254,41.14410290907944],[20.052263959550753,41.14408272067052],[20.052422105334458,41.1439133177169],[20.0526707501181,41.14379599594411],[20.052977676845206,41.14404244660262],[20.0529898205492,41.144052197486765],[20.053340477017414,41.14433332624058],[20.05299703296043,41.144570804977775],[20.052549073141638,41.14471359283588]]]},"properties":{"Zk_Numer":1885,"Zk_Emer":"GURABARDH","Nr_Pas":"38/5","Vol":1,"Faqe":84,"Pronaret":"HIDAJETE SHORJA ARIF, HALIT SHORJA IBRAHIM, KADRI SHORJA HALIT, RIZA SHORJA HALIT, FISNIK SHORJA HALIT, ARDIAN SHORJA HALIT, ILIRJAN SHORJA HALIT","Kufizimet":"KA DIFERENCE FAKT-DOKUMENT MBI 20% TE TOTALIT TE AMTP-SE\r\n, KUFIZOHET DERI NE PLOTESIMIN E DOKUMENTACIONIT TEKNIKO LIGJOR (CERTIFIKATE E GJENDJES FAMILJARE  AKTUALE)","Siperfaqe":5330}},
{"type":"Feature","geometry":{"type":"Polygon","coordinates":[[[20.052099602065695,41.14243714222999],[20.053013338689116,41.14282694056077],[20.052988683582818,41.14291639730886],[20.052891008680845,41.14303181339436],[20.05282981575056,41.143115727872775],[20.05280216181326,41.14315364991289],[20.052720263325437,41.14319869370468],[20.051988923671583,41.14269068858802],[20.052076773714283,41.14251965574392],[20.052099602065695,41.14243714222999]]]},"properties":{"Zk_Numer":1885,"Zk_Emer":"GURABARDH","Nr_Pas":"36/4","Vol":1,"Faqe":118,"Pronaret":"SHTET","Kufizimet":"KJO PASURI OKUPOHET NGA RAMAZAN SHORJA\r\n","Siperfaqe":3350}},
{"type":"Feature","geometry":{"type":"Polygon","coordinates":[[[20.061164256285135,41.14627344866877],[20.061100609658023,41.1462619768017],[20.061028005785364,41.14616727906376],[20.06098275678378,41.14610826031322],[20.060989477836202,41.146079672840074],[20.061059302748983,41.14605638101155],[20.061160793745238,41.14602856603946],[20.061154957902612,41.14599510399405],[20.06114335641411,41.1459789247344],[20.061174872374256,41.145961605365564],[20.06143350387656,41.1462305246003],[20.061164256285135,41.14627344866877]]]},"properties":{"Zk_Numer":1885,"Zk_Emer":"GURABARDH","Nr_Pas":"3/1","Vol":1,"Faqe":119,"Pronaret":"SHTET","Kufizimet":"KJO PASURI OKUPOHET NGA QEMAL FILJA","Siperfaqe":680}},
{"type":"Feature","geometry":{"type":"Polygon","coordinates":[[[20.06177550564485,41.146071439748034],[20.061660633027984,41.14618672204355],[20.06143350387656,41.1462305246003],[20.061174872374256,41.145961605365564],[20.061538230009454,41.14578501166301],[20.06177550564485,41.146071439748034]]]},"properties":{"Zk_Numer":1885,"Zk_Emer":"GURABARDH","Nr_Pas":"3/2","Vol":1,"Faqe":105,"Pronaret":"DENISA FILJA PETRIT, DARIEN FILJA MEHMET, MABEL FILJA MEHMET, JONIDA FILJA BASHKIM, RENADA FILJA BASHKIM, FATIME FILJA QERIM, BASHKIM FILJA QAZIM, FABJOLA FILJA BASHKIM, MEHMET FILJA BASHKIM","Kufizimet":"KA DIFERENCE FAKT-DOKUMENT MBI 20% TE TOTALIT TE AMTP-SE\r\n","Siperfaqe":1400}},
{"type":"Feature","geometry":{"type":"Polygon","coordinates":[[[20.06196097811436,41.146038743243366],[20.06177550564485,41.146071439748034],[20.061538230009454,41.14578501166301],[20.06175584138179,41.145679250398494],[20.06196097811436,41.146038743243366]]]},"properties":{"Zk_Numer":1885,"Zk_Emer":"GURABARDH","Nr_Pas":"3/3","Vol":1,"Faqe":99,"Pronaret":"PRONESI E PASAKTESUAR","Kufizimet":"KJO PASURI POSEDOHET NGA SELIM Q. BODANI SIPAS AMTP NR 31","Siperfaqe":750}},
{"type":"Feature","geometry":{"type":"Polygon","coordinates":[[[20.06196097811436,41.146038743243366],[20.06175584138179,41.145679250398494],[20.061975462863977,41.14551799553985],[20.06206890452466,41.14556254937712],[20.061959992142537,41.14569224592231],[20.062099969394428,41.14601001942918],[20.06196097811436,41.146038743243366]]]},"properties":{"Zk_Numer":1885,"Zk_Emer":"GURABARDH","Nr_Pas":"3/4","Vol":1,"Faqe":120,"Pronaret":"SALI BODANI OSMAN, SHEFIKAT BODANI BEXHET, OSMAN BODANI QAMIL, ELIDJANA BODANI OSMAN","Kufizimet":"KUFIZOHET DERI NE PLOTESIMIN E DOKUMENTACIONIT TEKNIKO LIGJOR (CERTIFIKATE E GJENDJES FAMILJARE  AKTUALE)","Siperfaqe":800}},
{"type":"Feature","geometry":{"type":"Polygon","coordinates":[[[20.06117889183655,41.142576307761786],[20.061219339694,41.14238531392753],[20.06128319637638,41.14237996896252],[20.061733469450157,41.14234227894369],[20.06176083263212,41.14255978329655],[20.06168536727614,41.142849093802425],[20.061545125859762,41.14298268181849],[20.061390072537712,41.14281633106813],[20.061300710854557,41.1427205146133],[20.061240636537587,41.14259685086678],[20.06117889183655,41.142576307761786]]]},"properties":{"Zk_Numer":1885,"Zk_Emer":"GURABARDH","Nr_Pas":"5/2","Vol":1,"Faqe":127,"Pronaret":"DARIEN FILJA MEHMET, FABJOLA FILJA BASHKIM, MEHMET FILJA BASHKIM, BASHKIM FILJA QAZIM, RENADA FILJA BASHKIM, DENISA FILJA PETRIT, MABEL FILJA MEHMET, FATIME FILJA QERIM, JONIDA FILJA BASHKIM","Kufizimet":"KA DIFERENCE FAKT-DOKUMENT MBI 20% TE TOTALIT TE AMTP-SE\r\n","Siperfaqe":2300}},
{"type":"Feature","geometry":{"type":"Polygon","coordinates":[[[20.06204053273849,41.141673396754],[20.061911796384717,41.14189921768324],[20.061839430677594,41.14212294254594],[20.061733469450157,41.14234227894369],[20.06128319637638,41.14237996896252],[20.06133422193465,41.142191298213035],[20.061340469761422,41.14198417038735],[20.061194593219607,41.14173700825448],[20.06142382319141,41.14169214513445],[20.06204053273849,41.141673396754]]]},"properties":{"Zk_Numer":1885,"Zk_Emer":"GURABARDH","Nr_Pas":"5/3","Vol":1,"Faqe":106,"Pronaret":"FATIME FILJA QERIM, DENISA FILJA PETRIT, MABEL FILJA MEHMET, DARIEN FILJA MEHMET, BASHKIM FILJA QAZIM, FABJOLA FILJA BASHKIM, RENADA FILJA BASHKIM, JONIDA FILJA BASHKIM, MEHMET FILJA BASHKIM","Kufizimet":"KA DIFERENCE FAKT-DOKUMENT MBI 20% TE TOTALIT TE AMTP-SE\r\n","Siperfaqe":3600}},
{"type":"Feature","geometry":{"type":"Polygon","coordinates":[[[20.06130851795304,41.14282084966584],[20.061542774671643,41.143061326981694],[20.061484528422973,41.1433256190572],[20.061482392169346,41.143625564206474],[20.06139805264041,41.14382652857187],[20.061029059154105,41.14385099061598],[20.0609986528138,41.14358888572487],[20.060993974504523,41.14331496926062],[20.061140144499376,41.14301355052866],[20.06130851795304,41.14282084966584]]]},"properties":{"Zk_Numer":1885,"Zk_Emer":"GURABARDH","Nr_Pas":"5/1","Vol":1,"Faqe":126,"Pronaret":"SHTET","Kufizimet":"KJO PASURI OKUPOHET NGA SELIM BODANI\r\n","Siperfaqe":3830}},
{"type":"Feature","geometry":{"type":"Polygon","coordinates":[[[20.06223206344688,41.141399121933034],[20.06190273352673,41.14135291680056],[20.061837246790947,41.14137224848584],[20.061585204879226,41.14133240374959],[20.061412044810996,41.14133207514289],[20.0612457435675,41.14133743054029],[20.061229943221875,41.14130360121987],[20.061591679608444,41.14114018110478],[20.061889514544273,41.1412062595611],[20.062311097527978,41.14126222264278],[20.06223206344688,41.141399121933034]]]},"properties":{"Zk_Numer":1885,"Zk_Emer":"GURABARDH","Nr_Pas":"5/7","Vol":1,"Faqe":114,"Pronaret":"LUMTURI DANI SHEFQET, JONUZ DANI ISLAM, KLEVIS DANI JONUZ","Kufizimet":"KA DIFERENCE FAKT-DOKUMENT MBI 20% TE TOTALIT TE AMTP-SE\r\n, KUFIZOHET DERI NE PLOTESIMIN E DOKUMENTACIONIT TEKNIKO LIGJOR (CERTIFIKATE E GJENDJES FAMILJARE  AKTUALE)","Siperfaqe":1400}},
{"type":"Feature","geometry":{"type":"Polygon","coordinates":[[[20.06223206344688,41.141399121933034],[20.062165630673558,41.14152199068068],[20.06205866687488,41.14162389104928],[20.061475049024754,41.14161549953126],[20.060837453426267,41.14173103520145],[20.060676014784985,41.141491387789905],[20.06063173971411,41.141425663363684],[20.061229943221875,41.14130360121987],[20.0612457435675,41.14133743054029],[20.061412044810996,41.14133207514289],[20.061585204879226,41.14133240374959],[20.061837246790947,41.14137224848584],[20.06190273352673,41.14135291680056],[20.06223206344688,41.141399121933034]]]},"properties":{"Zk_Numer":1885,"Zk_Emer":"GURABARDH","Nr_Pas":"5/25","Vol":2,"Faqe":92,"Pronaret":"SHTET","Kufizimet":"KJO PASURI OKUPOHET NGA JONUZ DANI\r\n","Siperfaqe":4000}},
{"type":"Feature","geometry":{"type":"Polygon","coordinates":[[[20.062618090280353,41.14097740304027],[20.062511999570663,41.141119634026744],[20.062311097527978,41.14126222264278],[20.061889514544273,41.1412062595611],[20.061591679608444,41.14114018110478],[20.061832215490394,41.14080799898989],[20.062514752946406,41.14090644124343],[20.062618090280353,41.14097740304027]]]},"properties":{"Zk_Numer":1885,"Zk_Emer":"GURABARDH","Nr_Pas":"5/8","Vol":1,"Faqe":228,"Pronaret":"SHTET","Kufizimet":"KJO PASURI OKUPOHET NGA KUJTIM DANI","Siperfaqe":2830}},
{"type":"Feature","geometry":{"type":"Polygon","coordinates":[[[20.058688605469534,41.142502952572535],[20.058406108825466,41.14226922100812],[20.057673981304205,41.141805732176756],[20.057846232582154,41.141684010828904],[20.05814581329868,41.1415628309102],[20.058321404360605,41.141486411149145],[20.0584336898902,41.14149156047395],[20.058600470785123,41.14156981393443],[20.05877690221073,41.141625232280816],[20.058778594229047,41.141849865314185],[20.058780725102476,41.14213275856549],[20.05878171431946,41.142323501997794],[20.058688605469534,41.142502952572535]]]},"properties":{"Zk_Numer":1885,"Zk_Emer":"GURABARDH","Nr_Pas":"17/1","Vol":1,"Faqe":131,"Pronaret":"SHTET","Kufizimet":"KJO PASURI OKUPOHET NGA OSMAN BODANI","Siperfaqe":5800}},
{"type":"Feature","geometry":{"type":"Polygon","coordinates":[[[20.056624495426775,41.139214432482596],[20.056275145424536,41.13927792309949],[20.05575579153248,41.13937230791507],[20.055586177740935,41.13911376173223],[20.05544823738206,41.138874893916864],[20.056256051996574,41.13869661594622],[20.05709854284125,41.13864515038075],[20.05708555068271,41.138715518613985],[20.056972402548084,41.13890021577635],[20.05697102963945,41.13900879321239],[20.057032413516005,41.139098740037625],[20.05721731911316,41.13917057501101],[20.056794497825045,41.13918353594194],[20.056624495426775,41.139214432482596]]]},"properties":{"Zk_Numer":1885,"Zk_Emer":"GURABARDH","Nr_Pas":"20/21","Vol":1,"Faqe":172,"Pronaret":"SHTET","Kufizimet":"KJO PASURI OKUPOHET NGA OSMAN BODANI\r\n","Siperfaqe":7460}},
{"type":"Feature","geometry":{"type":"Polygon","coordinates":[[[20.056551012130594,41.13795687059983],[20.056678267017695,41.13802359867836],[20.05677867272639,41.138212287469536],[20.056894769987302,41.13835483960796],[20.057033589136367,41.13846997596409],[20.057100385387045,41.13857650597836],[20.05709854284125,41.13864515038075],[20.056256051996574,41.13869661594622],[20.05544823738206,41.138874893916864],[20.055391570484307,41.13877676473595],[20.056256405478997,41.138193699309674],[20.056551012130594,41.13795687059983]]]},"properties":{"Zk_Numer":1885,"Zk_Emer":"GURABARDH","Nr_Pas":"20/22","Vol":1,"Faqe":173,"Pronaret":"SHTET","Kufizimet":"KJO PASURI OKUPOHET NGA KADRI FILJA\r\n","Siperfaqe":6250}},
{"type":"Feature","geometry":{"type":"Polygon","coordinates":[[[20.05462298800148,41.13899982188591],[20.054812284217522,41.138976094416975],[20.055391570484307,41.13877676473595],[20.05544823738206,41.138874893916864],[20.055586177740935,41.13911376173223],[20.05575579153248,41.13937230791507],[20.055558381688975,41.13934140662075],[20.05544438124388,41.139196783351125],[20.055358369268255,41.1391248261361],[20.055247078136713,41.13906216147455],[20.05503476418797,41.139020003276045],[20.05481904120663,41.13900596232793],[20.05462298800148,41.13899982188591]]]},"properties":{"Zk_Numer":1885,"Zk_Emer":"GURABARDH","Nr_Pas":"20/20","Vol":1,"Faqe":171,"Pronaret":"SHTET","Kufizimet":"KJO PASURI OKUPOHET NGA PETRIT FILJA MBI KETE PASURI NDODHET NDERTESA ME NR 20/20-ND","Siperfaqe":1685}},
{"type":"Feature","geometry":{"type":"Polygon","coordinates":[[[20.05671021491632,41.13979546485051],[20.056521040184066,41.13991466856861],[20.056463564685256,41.14000929223529],[20.056226321644647,41.14015713868572],[20.056054110973577,41.14016074017525],[20.055976505357922,41.140119741276806],[20.05604312371686,41.14005529823632],[20.056007425228174,41.139927893988514],[20.05592272404966,41.13990641726937],[20.055736843615467,41.13979779678052],[20.055621233144365,41.1396699786743],[20.055569362110045,41.13957541181837],[20.05558678306493,41.139456815838486],[20.055558381688975,41.13934140662075],[20.05575579153248,41.13937230791507],[20.056275145424536,41.13927792309949],[20.056400934763168,41.13951495167888],[20.056663297465715,41.13975291152682],[20.05671021491632,41.13979546485051]]]},"properties":{"Zk_Numer":1885,"Zk_Emer":"GURABARDH","Nr_Pas":"20/17","Vol":1,"Faqe":93,"Pronaret":"HAMIDE SHARRA MUSTAFA, ELONA SHARRA MAHMUT, YMER SHARRA ALI, BRUNILDA SHARRA ALI, ALI SHARRA YMER","Kufizimet":"MBI KETE PASURI NDODHET NJE NDERTIM PA LEJE, KA DIFERENCE FAKT-DOKUMENT MBI 20% TE TOTALIT TE AMTP-SE\r\n","Siperfaqe":5490}},
{"type":"Feature","geometry":{"type":"Polygon","coordinates":[[[20.058051726878553,41.13976171191074],[20.057805797747463,41.1399376574988],[20.057594733341475,41.14006222866952],[20.05739917532063,41.139958993179576],[20.05760694352813,41.13987618132115],[20.057835038343473,41.13971431047246],[20.057929454756824,41.139751083492634],[20.058051726878553,41.13976171191074]]]},"properties":{"Zk_Numer":1885,"Zk_Emer":"GURABARDH","Nr_Pas":"20/11","Vol":1,"Faqe":163,"Pronaret":"SHTET","Kufizimet":"KJO PASURI OKUPOHET NGA ISLAM SHARRA \r\n","Siperfaqe":783}},
{"type":"Feature","geometry":{"type":"Polygon","coordinates":[[[20.057594733341475,41.14006222866952],[20.057805797747463,41.1399376574988],[20.058051726878553,41.13976171191074],[20.058286279640857,41.139752915995224],[20.05842565528837,41.13980844860149],[20.05838196426875,41.13989120795983],[20.058257313180693,41.139898298046276],[20.058118326723353,41.13992524147253],[20.058001414473605,41.14000312474905],[20.05789655891217,41.14005529929968],[20.057692910658826,41.14008320159539],[20.057594733341475,41.14006222866952]]]},"properties":{"Zk_Numer":1885,"Zk_Emer":"GURABARDH","Nr_Pas":"20/12","Vol":1,"Faqe":164,"Pronaret":"SHTET","Kufizimet":"KJO PASURI OKUPOHET NGA HASAN SHARRA\r\n","Siperfaqe":1050}},
{"type":"Feature","geometry":{"type":"Polygon","coordinates":[[[20.057287307950638,41.13975882314508],[20.057575380514436,41.139702853406796],[20.057763079271712,41.139642637253225],[20.057835038343473,41.13971431047246],[20.05760694352813,41.13987618132115],[20.05739917532063,41.139958993179576],[20.057287099970765,41.139848297677524],[20.057229750205067,41.139770005965616],[20.057287307950638,41.13975882314508]]]},"properties":{"Zk_Numer":1885,"Zk_Emer":"GURABARDH","Nr_Pas":"20/13","Vol":1,"Faqe":30,"Pronaret":"YMER SHARRA ALI, ALI SHARRA YMER, BRUNILDA SHARRA ALI, ELONA SHARRA MAHMUT, HAMIDE SHARRA MUSTAFA","Kufizimet":"","Siperfaqe":840}},
{"type":"Feature","geometry":{"type":"Polygon","coordinates":[[[20.056910590153308,41.13949061196957],[20.0566758454021,41.139349912759556],[20.056624495426775,41.139214432482596],[20.056794497825045,41.13918353594194],[20.05721731911316,41.13917057501101],[20.057417582206963,41.13925383333023],[20.057580030810453,41.13932441738121],[20.0576950922128,41.139521520899976],[20.057763079271712,41.139642637253225],[20.057575380514436,41.139702853406796],[20.057287307950638,41.13975882314508],[20.057170647677303,41.13962978211387],[20.057111610078707,41.13958726364272],[20.05702348991241,41.13953928832224],[20.056910590153308,41.13949061196957]]]},"properties":{"Zk_Numer":1885,"Zk_Emer":"GURABARDH","Nr_Pas":"20/14","Vol":1,"Faqe":166,"Pronaret":"SHTET","Kufizimet":"KJO PASURI OKUPOHET NGA ISLAM SHARRA \r\n","Siperfaqe":3620}},
{"type":"Feature","geometry":{"type":"Polygon","coordinates":[[[20.05681016242754,41.13963819143147],[20.056910590153308,41.13949061196957],[20.05702348991241,41.13953928832224],[20.057111610078707,41.13958726364272],[20.057170647677303,41.13962978211387],[20.057287307950638,41.13975882314508],[20.057229750205067,41.139770005965616],[20.05717137788201,41.139710237396294],[20.05691652938232,41.13964157079653],[20.05681016242754,41.13963819143147]]]},"properties":{"Zk_Numer":1885,"Zk_Emer":"GURABARDH","Nr_Pas":"20/15","Vol":1,"Faqe":167,"Pronaret":"SHTET","Kufizimet":"","Siperfaqe":430}},
{"type":"Feature","geometry":{"type":"Polygon","coordinates":[[[20.05681016242754,41.13963819143147],[20.056663297465715,41.13975291152682],[20.056400934763168,41.13951495167888],[20.056275145424536,41.13927792309949],[20.056624495426775,41.139214432482596],[20.0566758454021,41.139349912759556],[20.056910590153308,41.13949061196957],[20.05681016242754,41.13963819143147]]]},"properties":{"Zk_Numer":1885,"Zk_Emer":"GURABARDH","Nr_Pas":"20/16","Vol":1,"Faqe":168,"Pronaret":"SHTET","Kufizimet":"KJO PASURI OKUPOHET NGA HASAN SHARRA\r\n","Siperfaqe":1640}},
{"type":"Feature","geometry":{"type":"Polygon","coordinates":[[[20.055391570484307,41.13877676473595],[20.054812284217522,41.138976094416975],[20.05462298800148,41.13899982188591],[20.05442625690716,41.13891508938375],[20.054301590698067,41.13881235634172],[20.054864389404734,41.13857363547195],[20.054990222724232,41.138511889363784],[20.055805972046493,41.1380754988865],[20.055955721940496,41.13806185579539],[20.056087043829674,41.138024490088796],[20.056359798879924,41.1379485515606],[20.056551012130594,41.13795687059983],[20.056256405478997,41.138193699309674],[20.055391570484307,41.13877676473595]]]},"properties":{"Zk_Numer":1885,"Zk_Emer":"GURABARDH","Nr_Pas":"20/23","Vol":1,"Faqe":96,"Pronaret":"SHTET","Kufizimet":"KJO PASURI OKUPOHET NGA SELIM BUDANI","Siperfaqe":6820}},
{"type":"Feature","geometry":{"type":"Polygon","coordinates":[[[20.054372600146014,41.13806210063898],[20.0545696138088,41.138255375621355],[20.054864389404734,41.13857363547195],[20.054301590698067,41.13881235634172],[20.05420613276591,41.138718617100324],[20.054096862094674,41.138557794264116],[20.0539072402973,41.13820953148951],[20.054372600146014,41.13806210063898]]]},"properties":{"Zk_Numer":1885,"Zk_Emer":"GURABARDH","Nr_Pas":"20/24","Vol":1,"Faqe":109,"Pronaret":"ERJONA FILJA KUJTIM, URKAN FILJA ORTIDO, MARIGLEN FILJA PETRIT, ORTIDO FILJA PETRIT, HATIXHE FILJA XHAFER, PETRIT FILJA HAXHI","Kufizimet":"KA DIFERENCE FAKT-DOKUMENT DERI NE 20% TE TOTALIT TE AMTP-SE","Siperfaqe":3626}},
{"type":"Feature","geometry":{"type":"Polygon","coordinates":[[[20.054994469816407,41.1377819438724],[20.055336601438146,41.13826967854053],[20.054903025107908,41.13849791267298],[20.054466849929216,41.138042263650995],[20.054994469816407,41.1377819438724]]]},"properties":{"Zk_Numer":1885,"Zk_Emer":"GURABARDH","Nr_Pas":"20/25","Vol":1,"Faqe":175,"Pronaret":"PRONESI E PASAKTESUAR","Kufizimet":"KJO PASURI POSEDOHET NGA NAZMI S DANI SIPAS AMTP NR 73","Siperfaqe":3000}},
{"type":"Feature","geometry":{"type":"Polygon","coordinates":[[[20.055477611797787,41.137552620574986],[20.055638799257366,41.13771011940701],[20.055760652416428,41.13803246020883],[20.05539152495617,41.138236817288586],[20.055034436361467,41.13775675915711],[20.055477611797787,41.137552620574986]]]},"properties":{"Zk_Numer":1885,"Zk_Emer":"GURABARDH","Nr_Pas":"20/26","Vol":1,"Faqe":176,"Pronaret":"PRONESI E PASAKTESUAR","Kufizimet":"KJO PASURI POSEDOHET NGA LUAN S. DANI SIPAS AMTP NR 77","Siperfaqe":2580}},
{"type":"Feature","geometry":{"type":"Polygon","coordinates":[[[20.05406260815946,41.13739994866039],[20.054299152355398,41.13728978289316],[20.054364331087076,41.137492175295755],[20.054414280906737,41.13784196805186],[20.054372600146014,41.13806210063898],[20.0539072402973,41.13820953148951],[20.05385252112197,41.13806627431336],[20.053891431797787,41.13795620161356],[20.05410187657772,41.13772616438195],[20.054130372824577,41.1375866175547],[20.05406260815946,41.13739994866039]]]},"properties":{"Zk_Numer":1885,"Zk_Emer":"GURABARDH","Nr_Pas":"20/27","Vol":1,"Faqe":177,"Pronaret":"SHTET","Kufizimet":"OKUPOHET NGA XHEVAHIR DHE OSMAN BODANI\r\n","Siperfaqe":2690}},
{"type":"Feature","geometry":{"type":"Polygon","coordinates":[[[20.05394910921225,41.13661684173081],[20.05399416044616,41.13660583475125],[20.054123051835127,41.136717531687104],[20.053812812585413,41.1371386217109],[20.053579793145584,41.13704178509487],[20.05341253245573,41.136854351897384],[20.053726339294244,41.136665418457596],[20.05394910921225,41.13661684173081]]]},"properties":{"Zk_Numer":1885,"Zk_Emer":"GURABARDH","Nr_Pas":"20/28","Vol":1,"Faqe":178,"Pronaret":"SHTET","Kufizimet":"KJO PASURI OKUPOHET NGA PETRIT FILJA\r\n","Siperfaqe":1925}},
{"type":"Feature","geometry":{"type":"Polygon","coordinates":[[[20.053077754329113,41.13586035677464],[20.053158783182123,41.13574191357379],[20.053271343791536,41.13555303544843],[20.05350371851696,41.13574922688868],[20.05354122556713,41.13583175843198],[20.05352233012363,41.1359825424021],[20.053588562551592,41.13619203765531],[20.05357476731524,41.136442851820796],[20.053569156254138,41.13658375883356],[20.053325809312707,41.136617427082555],[20.053059825251154,41.13677122454179],[20.05287624609724,41.1365906249449],[20.05282699357856,41.13645687735219],[20.05286624112367,41.136292605288205],[20.053077754329113,41.13586035677464]]]},"properties":{"Zk_Numer":1885,"Zk_Emer":"GURABARDH","Nr_Pas":"20/29","Vol":1,"Faqe":179,"Pronaret":"SHTET","Kufizimet":"KJO PASURI OKUPOHET NGA NAZMI SHARRA\r\n","Siperfaqe":5550}},
{"type":"Feature","geometry":{"type":"Polygon","coordinates":[[[20.053059825251154,41.13677122454179],[20.053325809312707,41.136617427082555],[20.053569156254138,41.13658375883356],[20.05357476731524,41.136442851820796],[20.053588562551592,41.13619203765531],[20.05352233012363,41.1359825424021],[20.05354122556713,41.13583175843198],[20.05350371851696,41.13574922688868],[20.053271343791536,41.13555303544843],[20.053158783182123,41.13574191357379],[20.053077754329113,41.13586035677464],[20.053098174113572,41.13543123884473],[20.054110005556133,41.13579338388369],[20.054054182437735,41.13638668345693],[20.055051036916748,41.1365387321735],[20.055187874604655,41.1366365940915],[20.05529847400725,41.13672889698363],[20.0554368709873,41.136785605821686],[20.055560622396325,41.13685824605183],[20.055689783570546,41.13697036307239],[20.055732991502794,41.13710840922928],[20.055696837894775,41.137225533935855],[20.055580575378343,41.137305665565485],[20.055471200065142,41.13741226036015],[20.055453307115307,41.137465176067565],[20.055477611797787,41.137552620574986],[20.055034436361467,41.13775675915711],[20.05539152495617,41.138236817288586],[20.055760652416428,41.13803246020883],[20.055805972046493,41.1380754988865],[20.054990222724232,41.138511889363784],[20.054864389404734,41.13857363547195],[20.0545696138088,41.138255375621355],[20.054372600146014,41.13806210063898],[20.054414280906737,41.13784196805186],[20.054364331087076,41.137492175295755],[20.054299152355398,41.13728978289316],[20.05406260815946,41.13739994866039],[20.053630613771627,41.13714412017669],[20.053059825251154,41.13677122454179]],[[20.05394910921225,41.13661684173081],[20.053726339294244,41.136665418457596],[20.05341253245573,41.136854351897384],[20.053579793145584,41.13704178509487],[20.053812812585413,41.1371386217109],[20.054123051835127,41.136717531687104],[20.05399416044616,41.13660583475125],[20.05394910921225,41.13661684173081]],[[20.054994469816407,41.1377819438724],[20.054466849929216,41.138042263650995],[20.054903025107908,41.13849791267298],[20.055336601438146,41.13826967854053],[20.054994469816407,41.1377819438724]]]},"properties":{"Zk_Numer":1885,"Zk_Emer":"GURABARDH","Nr_Pas":"20/30","Vol":1,"Faqe":180,"Pronaret":"SHTET","Kufizimet":"","Siperfaqe":25321}},
{"type":"Feature","geometry":{"type":"Polygon","coordinates":[[[20.053098174113572,41.13543123884473],[20.05308533750118,41.13531294497634],[20.053175749550128,41.135162903218635],[20.054077184363972,41.13548433973738],[20.054957668610353,41.13576259877328],[20.05489211370746,41.135859862191154],[20.054876288468787,41.13595505613011],[20.054860965598156,41.13618085430391],[20.05487007786688,41.13626004157972],[20.05486307185532,41.13636188660406],[20.05489347376469,41.13645407909843],[20.055048422864864,41.136536862683144],[20.055051036916748,41.1365387321735],[20.054054182437735,41.13638668345693],[20.054110005556133,41.13579338388369],[20.053098174113572,41.13543123884473]]]},"properties":{"Zk_Numer":1885,"Zk_Emer":"GURABARDH","Nr_Pas":"20/31","Vol":1,"Faqe":181,"Pronaret":"SHTET","Kufizimet":"","Siperfaqe":8978}},
{"type":"Feature","geometry":{"type":"Polygon","coordinates":[[[20.056640890521358,41.14118694251129],[20.057178572159366,41.14142919032961],[20.057038378504476,41.14164420878746],[20.05683235810624,41.14185419701348],[20.056410678991234,41.14182132179919],[20.05622181099641,41.14179271561606],[20.056156446030016,41.14174511452286],[20.0561511447733,41.14163532495968],[20.056233621667698,41.14151446678999],[20.05641444779683,41.14139007719028],[20.056527669333743,41.141288509907206],[20.056640890521358,41.14118694251129]]]},"properties":{"Zk_Numer":1885,"Zk_Emer":"GURABARDH","Nr_Pas":"20/1","Vol":1,"Faqe":155,"Pronaret":"SHTET","Kufizimet":"","Siperfaqe":4000}},
{"type":"Feature","geometry":{"type":"Polygon","coordinates":[[[20.058119491906638,41.14149053545945],[20.05772049844898,41.14167809013381],[20.057535978040388,41.14176523575793],[20.057214212828466,41.141839517792555],[20.057019621737705,41.1418561038659],[20.05683235810624,41.14185419701348],[20.057038378504476,41.14164420878746],[20.057178572159366,41.14142919032961],[20.057724390253,41.141114628448065],[20.058119491906638,41.14149053545945]]]},"properties":{"Zk_Numer":1885,"Zk_Emer":"GURABARDH","Nr_Pas":"20/2","Vol":1,"Faqe":156,"Pronaret":"PRONESI E PASAKTESUAR","Kufizimet":"KJO PASURI POSEDOHET NGA NAZMI DANI SIPAS AMTP NR 73, KJO PASURI POSEDOHET NGA SKENDER DANI SIPAS AMTP NR 81, KJO PASURI POSEDOHET NGA LUAN DANI SIPAS AMTP NR 77","Siperfaqe":4215}},
{"type":"Feature","geometry":{"type":"Polygon","coordinates":[[[20.05748674762785,41.140888528131036],[20.057724390253,41.141114628448065],[20.057178572159366,41.14142919032961],[20.056640890521358,41.14118694251129],[20.057187997060304,41.14073097497524],[20.05748674762785,41.140888528131036]]]},"properties":{"Zk_Numer":1885,"Zk_Emer":"GURABARDH","Nr_Pas":"20/3","Vol":1,"Faqe":157,"Pronaret":"SHTET","Kufizimet":"","Siperfaqe":3664}},
{"type":"Feature","geometry":{"type":"Polygon","coordinates":[[[20.05734611194246,41.140478817778444],[20.057187997060304,41.14073097497524],[20.056640890521358,41.14118694251129],[20.056527669333743,41.141288509907206],[20.056351205838,41.1411844519207],[20.05613032864255,41.141016866265694],[20.05601522135611,41.14088360771327],[20.056021561821904,41.14078221058034],[20.056125736530767,41.14063437309684],[20.056325464926914,41.14042129253292],[20.0564650111973,41.140267806877034],[20.056848136855635,41.140320472633306],[20.0570682140466,41.14037315181824],[20.05712991248385,41.14036344364171],[20.05734611194246,41.140478817778444]]]},"properties":{"Zk_Numer":1885,"Zk_Emer":"GURABARDH","Nr_Pas":"20/4","Vol":1,"Faqe":94,"Pronaret":"PRONESI E PASAKTESUAR","Kufizimet":"KJO PASURI POSEDOHET NGA DEMIR H. SHARRA SIPAS AMTP NR 26","Siperfaqe":7420}},
{"type":"Feature","geometry":{"type":"Polygon","coordinates":[[[20.05828068204488,41.140464298557944],[20.05810373493528,41.14060766242738],[20.05799011037329,41.140694654025545],[20.05784473496388,41.14092914095092],[20.05762262197623,41.14085852277207],[20.05748674762785,41.140888528131036],[20.057187997060304,41.14073097497524],[20.05734611194246,41.140478817778444],[20.057488817837,41.140529957452706],[20.057686633451492,41.14046919271768],[20.057884448700506,41.14040842764259],[20.05817731337187,41.14040207351002],[20.05828068204488,41.140464298557944]]]},"properties":{"Zk_Numer":1885,"Zk_Emer":"GURABARDH","Nr_Pas":"20/5","Vol":1,"Faqe":158,"Pronaret":"SHTET","Kufizimet":"KJO PASURI OKUPOHET NGA MUSTAFA HUSHI\r\n","Siperfaqe":3070}},
{"type":"Feature","geometry":{"type":"Polygon","coordinates":[[[20.05834553899556,41.14073398245216],[20.058357063598965,41.14081664637379],[20.058468891046154,41.14095749154659],[20.058177878019993,41.14100671657546],[20.057724390253,41.141114628448065],[20.05748674762785,41.140888528131036],[20.05762262197623,41.14085852277207],[20.05784473496388,41.14092914095092],[20.05799011037329,41.140694654025545],[20.05810373493528,41.14060766242738],[20.05834553899556,41.14073398245216]]]},"properties":{"Zk_Numer":1885,"Zk_Emer":"GURABARDH","Nr_Pas":"20/6","Vol":1,"Faqe":160,"Pronaret":"SHTET","Kufizimet":"KJO PASURI OKUPOHET NGA AVDULLA DANI\r\n","Siperfaqe":2100}},
{"type":"Feature","geometry":{"type":"Polygon","coordinates":[[[20.058633925199313,41.140992422868116],[20.05853394820174,41.14133885215484],[20.058497088215848,41.14141004947746],[20.05841376697807,41.14142395174731],[20.0582921879653,41.14141025017093],[20.058119491906638,41.14149053545945],[20.057724390253,41.141114628448065],[20.058177878019993,41.14100671657546],[20.058468891046154,41.14095749154659],[20.058633925199313,41.140992422868116]]]},"properties":{"Zk_Numer":1885,"Zk_Emer":"GURABARDH","Nr_Pas":"20/7","Vol":1,"Faqe":159,"Pronaret":"SHTET","Kufizimet":"KJO PASURI OKUPOHET NGA ALI DANI\r\n","Siperfaqe":2750}},
{"type":"Feature","geometry":{"type":"Polygon","coordinates":[[[20.05828068204488,41.140464298557944],[20.05854594696692,41.14060858969448],[20.058513240486015,41.140659789906614],[20.058529021780686,41.1407685324503],[20.058606066412956,41.140894692891855],[20.058634201084757,41.14099146689505],[20.058633925199313,41.140992422868116],[20.058468891046154,41.14095749154659],[20.058357063598965,41.14081664637379],[20.05834553899556,41.14073398245216],[20.05810373493528,41.14060766242738],[20.05828068204488,41.140464298557944]]]},"properties":{"Zk_Numer":1885,"Zk_Emer":"GURABARDH","Nr_Pas":"20/8","Vol":1,"Faqe":161,"Pronaret":"SHTET","Kufizimet":"","Siperfaqe":1055}},
{"type":"Feature","geometry":{"type":"Polygon","coordinates":[[[20.05797238342317,41.140066518041294],[20.058130958387203,41.13996346748659],[20.058331750559066,41.13993562501823],[20.058483216116816,41.13992723616146],[20.05861198572506,41.13993667319717],[20.058721407380666,41.139994998259226],[20.058735768600727,41.140101280389544],[20.058705538434182,41.14021567605996],[20.05864238526993,41.140457620270844],[20.05857992796334,41.140555394203254],[20.05854594696692,41.14060858969448],[20.05828068204488,41.140464298557944],[20.05817731337187,41.14040207351002],[20.057884448700506,41.14040842764259],[20.057928480196104,41.14030442143625],[20.05797238342317,41.140066518041294]]]},"properties":{"Zk_Numer":1885,"Zk_Emer":"GURABARDH","Nr_Pas":"20/9","Vol":1,"Faqe":162,"Pronaret":"SHTET","Kufizimet":"KJO PASURI OKUPOHET NGA KUJTIM HUSHI\r\n","Siperfaqe":3630}},
{"type":"Feature","geometry":{"type":"Polygon","coordinates":[[[20.05797238342317,41.140066518041294],[20.057928480196104,41.14030442143625],[20.057884448700506,41.14040842764259],[20.057686633451492,41.14046919271768],[20.057739813917348,41.140219154689326],[20.057706908653206,41.1401203262152],[20.057796836485796,41.140103472942904],[20.05797238342317,41.140066518041294]]]},"properties":{"Zk_Numer":1885,"Zk_Emer":"GURABARDH","Nr_Pas":"20/10","Vol":1,"Faqe":113,"Pronaret":"MIMOZA DANI ISMAIL, SUZANA DANI ISMAIL, OSMAN DANI ISMAIL, FATIME DANI LIMON, ISMAIL DANI OSMAN","Kufizimet":"KUFIZOHET DERI NE PLOTESIMIN E DOKUMENTACIONIT TEKNIKO LIGJOR (CERTIFIKATE E GJENDJES FAMILJARE  AKTUALE), KA DIFERENCE FAKT-DOKUMENT MBI 20% TE TOTALIT TE AMTP-SE\r\n","Siperfaqe":680}},
{"type":"Feature","geometry":{"type":"Polygon","coordinates":[[[20.057739813917348,41.140219154689326],[20.057686633451492,41.14046919271768],[20.057488817837,41.140529957452706],[20.05734611194246,41.140478817778444],[20.05712991248385,41.14036344364171],[20.057178241495446,41.14028097380669],[20.057207196923226,41.14016790462198],[20.05722659948872,41.140059443650166],[20.05725825690625,41.13999273650909],[20.057323809361684,41.139972892742506],[20.057584361174325,41.140084565891584],[20.057706908653206,41.1401203262152],[20.057739813917348,41.140219154689326]]]},"properties":{"Zk_Numer":1885,"Zk_Emer":"GURABARDH","Nr_Pas":"20/18","Vol":1,"Faqe":169,"Pronaret":"ALFRED HAKA REXHEP, SADIK HAKA REXHEP, REXHEP HAKA SADIK, VERORE HAKA SALI, FLORA HAKA REXHEP","Kufizimet":"MBI KETE PASURI NDODHET NJE NDERTIM PA LEJE, KUFIZOHET DERI NE PLOTESIMIN E DOKUMENTACIONIT TEKNIKO LIGJOR (CERTIFIKATE E GJENDJES FAMILJARE  AKTUALE)\r\n, KA DIFERENCE FAKT-DOKUMENT MBI 20% TE TOTALIT TE AMTP-SE\r\n","Siperfaqe":2150}},
{"type":"Feature","geometry":{"type":"Polygon","coordinates":[[[20.05671021491632,41.13979546485051],[20.056865114131572,41.139699215539935],[20.057105543684937,41.13975134043043],[20.057231398086024,41.13993413012535],[20.057179027479584,41.140049165740194],[20.0571458551696,41.140178959846445],[20.057097320061715,41.14031509659238],[20.05686397281384,41.1402782050034],[20.056393742270668,41.14022263555202],[20.056226321644647,41.14015713868572],[20.056463564685256,41.14000929223529],[20.056521040184066,41.13991466856861],[20.05671021491632,41.13979546485051]]]},"properties":{"Zk_Numer":1885,"Zk_Emer":"GURABARDH","Nr_Pas":"20/19","Vol":1,"Faqe":170,"Pronaret":"SHTET","Kufizimet":"KJO PASURI OKUPOHET NGA DEMIR SHARRA, MBI KETE PASURI NDODHET NJE NDERTIM PA LEJE","Siperfaqe":3440}},
{"type":"Feature","geometry":{"type":"Polygon","coordinates":[[[20.05353891299458,41.13492386423867],[20.05426095574651,41.13521227304174],[20.055247938209146,41.13552516495156],[20.055172521906123,41.13562132764443],[20.054957668610353,41.13576259877328],[20.054077184363972,41.13548433973738],[20.053175749550128,41.135162903218635],[20.05353891299458,41.13492386423867]]]},"properties":{"Zk_Numer":1885,"Zk_Emer":"GURABARDH","Nr_Pas":"20/32","Vol":1,"Faqe":24,"Pronaret":"SHTET","Kufizimet":"KJO PASURI OKUPOHET NGA BASHKIM SHARRA","Siperfaqe":5630}},
{"type":"Feature","geometry":{"type":"Polygon","coordinates":[[[20.05375115571194,41.1347152712383],[20.05429255088135,41.134939450873944],[20.054606831916765,41.13504192557944],[20.055331825618463,41.135351794724265],[20.055293423475884,41.13543238409074],[20.055247938209146,41.13552516495156],[20.05426095574651,41.13521227304174],[20.05353891299458,41.13492386423867],[20.05375115571194,41.1347152712383]]]},"properties":{"Zk_Numer":1885,"Zk_Emer":"GURABARDH","Nr_Pas":"20/33","Vol":1,"Faqe":42,"Pronaret":"MIRELA SHARRA HASAN, HASAN SHARRA YMER, HAVA SHARRA ALI, HAXHIRE SHARRA HASAN, RUDINA SHARRA HASAN, MARJETA SHARRA HASAN, SAIMIR SHARRA HASAN","Kufizimet":"KA DIFERENCE FAKT-DOKUMENT MBI 20% TE TOTALIT TE AMTP-SE\r\n","Siperfaqe":4120}},
{"type":"Feature","geometry":{"type":"Polygon","coordinates":[[[20.053922752380906,41.13453546894791],[20.054272030649816,41.134662169930166],[20.05481062218383,41.13488309745318],[20.055454216917937,41.135203507112784],[20.05536723048573,41.135264482003755],[20.055331825618463,41.135351794724265],[20.054606831916765,41.13504192557944],[20.05429255088135,41.134939450873944],[20.05375115571194,41.1347152712383],[20.053922752380906,41.13453546894791]]]},"properties":{"Zk_Numer":1885,"Zk_Emer":"GURABARDH","Nr_Pas":"20/34","Vol":1,"Faqe":35,"Pronaret":"ISLAM SHARRA YMER, ETSELJANO SHARRA ISLAM, ELSON SHARRA ISLAM, HAVA SHARRA XHEME, LULJETA SHARRA HYSEN","Kufizimet":"KA DIFERENCE FAKT-DOKUMENT MBI 20% TE TOTALIT TE AMTP-SE\r\n","Siperfaqe":3512}},
{"type":"Feature","geometry":{"type":"Polygon","coordinates":[[[20.055454216917937,41.135203507112784],[20.05481062218383,41.13488309745318],[20.054272030649816,41.134662169930166],[20.053922752380906,41.13453546894791],[20.05411231635022,41.13444052912987],[20.054381815549867,41.134403890373704],[20.05564265086964,41.13500969627447],[20.05566807825995,41.13502191336448],[20.05552443579301,41.13515098933102],[20.055454216917937,41.135203507112784]]]},"properties":{"Zk_Numer":1885,"Zk_Emer":"GURABARDH","Nr_Pas":"20/35","Vol":1,"Faqe":165,"Pronaret":"SHTET","Kufizimet":"KJO PASURI OKUPOHET NGA ALI SHARRA","Siperfaqe":3844}},
{"type":"Feature","geometry":{"type":"Polygon","coordinates":[[[20.058856082342473,41.142149106526425],[20.05934132414445,41.142281421729145],[20.05934122626147,41.14228160389839],[20.059293967008063,41.14236955758874],[20.059127703160115,41.1425613371112],[20.0590599441689,41.14259396407174],[20.058977107944536,41.142618627079656],[20.058870331074946,41.142631835572054],[20.058796323972132,41.14259447822403],[20.058737292553555,41.1425327375841],[20.058840754821183,41.142383932256045],[20.058856082342473,41.142149106526425]]]},"properties":{"Zk_Numer":1885,"Zk_Emer":"GURABARDH","Nr_Pas":"15/1","Vol":1,"Faqe":102,"Pronaret":"ELIDJANA BODANI OSMAN, SHEFIKAT BODANI BEXHET, OSMAN BODANI QAMIL, SALI BODANI OSMAN","Kufizimet":"KUFIZOHET DERI NE PLOTESIMIN E DOKUMENTACIONIT TEKNIKO LIGJOR (CERTIFIKATE E GJENDJES FAMILJARE  AKTUALE)","Siperfaqe":1600}},
{"type":"Feature","geometry":{"type":"Polygon","coordinates":[[[20.060907556656634,41.14179522374355],[20.06097661365818,41.141933774359366],[20.061027940289062,41.14206885352904],[20.06104509221204,41.14221716065163],[20.060931471971102,41.1423993905802],[20.060626113046816,41.142397384388694],[20.060209772233037,41.14239464774786],[20.06038145084202,41.14222271689866],[20.060467750369927,41.142025847347526],[20.060396588442025,41.141911648395016],[20.060144704933997,41.14178221809726],[20.060480376015402,41.14175616993796],[20.060907556656634,41.14179522374355]]]},"properties":{"Zk_Numer":1885,"Zk_Emer":"GURABARDH","Nr_Pas":"5/5","Vol":2,"Faqe":22,"Pronaret":"SHTET","Kufizimet":"KJO PASURI OKUPOHET NGA KADRI FILJA \r\n","Siperfaqe":3703}},
{"type":"Feature","geometry":{"type":"Polygon","coordinates":[[[20.061219339694,41.14238531392753],[20.061042453893375,41.14240011952479],[20.060931471971102,41.1423993905802],[20.06104509221204,41.14221716065163],[20.061027940289062,41.14206885352904],[20.06097661365818,41.141933774359366],[20.060907556656634,41.14179522374355],[20.061194593219607,41.14173700825448],[20.061340469761422,41.14198417038735],[20.06133422193465,41.142191298213035],[20.06128319637638,41.14237996896252],[20.061219339694,41.14238531392753]]]},"properties":{"Zk_Numer":1885,"Zk_Emer":"GURABARDH","Nr_Pas":"5/4","Vol":2,"Faqe":14,"Pronaret":"ORTIDO FILJA PETRIT, URKAN FILJA ORTIDO, ERJONA FILJA KUJTIM, PETRIT FILJA QAZIM, HATIXHE FILJA XHAFER, MARIGLEN FILJA PETRIT","Kufizimet":"KA DIFERENCE FAKT-DOKUMENT DERI NE 20% TE TOTALIT TE AMTP-SE","Siperfaqe":1855}},
{"type":"Feature","geometry":{"type":"Polygon","coordinates":[[[20.051583184626775,41.14086905254778],[20.051581464509916,41.14086712719997],[20.051515599393543,41.140846041801545],[20.051475373836485,41.14082729342101],[20.051575143315244,41.140827043693385],[20.051924331815243,41.14083350177722],[20.05214707122031,41.140849364815466],[20.052284922434936,41.140846026412966],[20.05236817108855,41.14086432743405],[20.05245880878929,41.14089997707351],[20.052531610836276,41.14094629442088],[20.05269765630976,41.14104466539382],[20.052754148597796,41.14106465649139],[20.052821486969922,41.141064625634755],[20.053172206574157,41.14104975133852],[20.053297448843026,41.14105727512035],[20.05346592323733,41.14110729393864],[20.05368846613821,41.1411882163569],[20.053786206414774,41.141195783975576],[20.053844705803073,41.141184833093625],[20.05390976180508,41.1413030174848],[20.053934366151335,41.14136247813863],[20.05401133580954,41.141548487883945],[20.054028358594046,41.14158962607199],[20.053757969369784,41.14228984714966],[20.05365144677514,41.14291653467706],[20.053406397644753,41.14269658110566],[20.052864487156747,41.14229234155855],[20.052344448610086,41.14195217427569],[20.05216691186923,41.14186243178743],[20.052030813164972,41.141671481185234],[20.052307820797378,41.1416366273194],[20.0524529434073,41.141483181158975],[20.0526066541975,41.141186022606675],[20.052559911738626,41.14111971712591],[20.05245814022608,41.14106349931128],[20.052216687648023,41.14092526446295],[20.05187740663821,41.140868920426726],[20.051583184626775,41.14086905254778]],[[20.053134262208953,41.14145519617078],[20.053134107711184,41.141263770057215],[20.053134084577966,41.14123510733573],[20.05271280088636,41.141449247787286],[20.052542107718562,41.14156226668213],[20.052787871493322,41.14206088896749],[20.05318762658404,41.14203306602813],[20.053189855983533,41.142032910858056],[20.053232075425605,41.141753583771944],[20.053231997178997,41.14165681391462],[20.053134262208953,41.14145519617078]]]},"properties":{"Zk_Numer":1885,"Zk_Emer":"GURABARDH","Nr_Pas":"23","Vol":1,"Faqe":154,"Pronaret":"SHTET","Kufizimet":"","Siperfaqe":16291}},
{"type":"Feature","geometry":{"type":"Polygon","coordinates":[[[20.058077092151393,41.14245682083524],[20.05742076791348,41.141925814976055],[20.057673981304205,41.141805732176756],[20.058406108825466,41.14226922100812],[20.058077092151393,41.14245682083524]]]},"properties":{"Zk_Numer":1885,"Zk_Emer":"GURABARDH","Nr_Pas":"17/2","Vol":2,"Faqe":52,"Pronaret":"PRONESI E PASAKTESUAR","Kufizimet":"KJO PASURI POSEDOHET NGA QAMIL S BODANI SIPAS AMTP NR 32","Siperfaqe":2345}},
{"type":"Feature","geometry":{"type":"Polygon","coordinates":[[[20.05740509335711,41.14255903880671],[20.057400720165923,41.14253523668658],[20.05729702129011,41.14220394192137],[20.057186859606738,41.14203771406343],[20.057174451709674,41.142018991176755],[20.057420675356724,41.14192574009118],[20.05742076791348,41.141925814976055],[20.058077092151393,41.14245682083524],[20.05773500469396,41.142514588006364],[20.05740509335711,41.14255903880671]]]},"properties":{"Zk_Numer":1885,"Zk_Emer":"GURABARDH","Nr_Pas":"17/3","Vol":1,"Faqe":129,"Pronaret":"RENADA FILJA BASHKIM, JONIDA FILJA BASHKIM, MEHMET FILJA BASHKIM, FABJOLA FILJA BASHKIM, DENISA FILJA PETRIT, DARIEN FILJA MEHMET, BASHKIM FILJA QAZIM, MABEL FILJA MEHMET, FATIME FILJA QERIM","Kufizimet":"","Siperfaqe":2600}},
{"type":"Feature","geometry":{"type":"Polygon","coordinates":[[[20.058291046949307,41.142844974831256],[20.058077092151393,41.14245682083524],[20.058406108825466,41.14226922100812],[20.058688605469534,41.142502952572535],[20.05867260176122,41.14255824055747],[20.0586817017573,41.14260369823544],[20.058716780251885,41.14264943444351],[20.05876430308514,41.14268363789423],[20.058291046949307,41.142844974831256]]]},"properties":{"Zk_Numer":1885,"Zk_Emer":"GURABARDH","Nr_Pas":"17/4","Vol":1,"Faqe":130,"Pronaret":"FATIME FILJA QERIM, RENADA FILJA BASHKIM, BASHKIM FILJA QAZIM, MEHMET FILJA BASHKIM, FABJOLA FILJA BASHKIM, DENISA FILJA PETRIT, DARIEN FILJA MEHMET, JONIDA FILJA BASHKIM, MABEL FILJA MEHMET","Kufizimet":"KA DIFERENCE FAKT-DOKUMENT MBI 20% TE TOTALIT TE AMTP-SE\r\n","Siperfaqe":2070}},
{"type":"Feature","geometry":{"type":"Polygon","coordinates":[[[20.05831738234499,41.14289412265371],[20.05800710758343,41.14288029974868],[20.05745963768013,41.14285590762188],[20.05740509335711,41.14255903880671],[20.05773500469396,41.142514588006364],[20.058077092151393,41.14245682083524],[20.058291046949307,41.142844974831256],[20.05831738234499,41.14289412265371]]]},"properties":{"Zk_Numer":1885,"Zk_Emer":"GURABARDH","Nr_Pas":"17/5","Vol":1,"Faqe":103,"Pronaret":"SHEFIKAT BODANI BEXHET, SALI BODANI OSMAN, ELIDJANA BODANI OSMAN, OSMAN BODANI QAMIL","Kufizimet":"KUFIZOHET DERI NE PLOTESIMIN E DOKUMENTACIONIT TEKNIKO LIGJOR (CERTIFIKATE E GJENDJES FAMILJARE  AKTUALE)","Siperfaqe":2645}},
{"type":"Feature","geometry":{"type":"Polygon","coordinates":[[[20.05757281691898,41.143449112255695],[20.057559875692657,41.14340146672864],[20.05746466738746,41.142883282712134],[20.05745963768013,41.14285590762188],[20.05800710758343,41.14288029974868],[20.058080402580643,41.14335687435538],[20.05757281691898,41.143449112255695]]]},"properties":{"Zk_Numer":1885,"Zk_Emer":"GURABARDH","Nr_Pas":"17/6","Vol":1,"Faqe":97,"Pronaret":"PRONESI E PASAKTESUAR","Kufizimet":"KJO PASURI POSEDOHET NGA SELIM Q. BODANI SIPAS AMTP NR 31","Siperfaqe":2671}},
{"type":"Feature","geometry":{"type":"Polygon","coordinates":[[[20.05831738234499,41.14289412265371],[20.058529203132323,41.143304993369085],[20.058629580850255,41.143581997498146],[20.058238035099567,41.143809440263446],[20.058064725482037,41.14387063886924],[20.057871824902673,41.14390976707649],[20.05759778521121,41.14354103745803],[20.05757281691898,41.143449112255695],[20.058080402580643,41.14335687435538],[20.05800710758343,41.14288029974868],[20.05831738234499,41.14289412265371]]]},"properties":{"Zk_Numer":1885,"Zk_Emer":"GURABARDH","Nr_Pas":"17/7","Vol":1,"Faqe":132,"Pronaret":"SHTET","Kufizimet":"KJO PASURI OKUPOHET NGA XHEVAHIR BODANI\r\n","Siperfaqe":5355}},
{"type":"Feature","geometry":{"type":"Polygon","coordinates":[[[20.059121106081577,41.14338860618338],[20.05881426476406,41.143527004607996],[20.058629580850255,41.143581997498146],[20.058529203132323,41.143304993369085],[20.05831738234499,41.14289412265371],[20.05860890285338,41.14278817814237],[20.058855728803994,41.14308393214417],[20.059121106081577,41.14338860618338]]]},"properties":{"Zk_Numer":1885,"Zk_Emer":"GURABARDH","Nr_Pas":"17/8","Vol":1,"Faqe":133,"Pronaret":"SHTET","Kufizimet":"KJO PASURI OKUPOHET NGA PETRIT FILJA\r\n","Siperfaqe":2870}},
{"type":"Feature","geometry":{"type":"Polygon","coordinates":[[[20.059121106081577,41.14338860618338],[20.058855728803994,41.14308393214417],[20.05860890285338,41.14278817814237],[20.058855220899403,41.14269777287687],[20.059352745627034,41.14307825539914],[20.059332887349335,41.14313489057812],[20.05925894334468,41.14328046973493],[20.059121106081577,41.14338860618338]]]},"properties":{"Zk_Numer":1885,"Zk_Emer":"GURABARDH","Nr_Pas":"17/9","Vol":1,"Faqe":134,"Pronaret":"SHTET","Kufizimet":"KJO PASURI OKUPOHET NGA KADRI FILJA\r\n","Siperfaqe":2140}},
{"type":"Feature","geometry":{"type":"Polygon","coordinates":[[[20.058855220899403,41.14269777287687],[20.059137982699788,41.14260583274029],[20.059400183600207,41.14231993924185],[20.059521980816974,41.14233007591185],[20.059617804867695,41.14239289656438],[20.05960753883993,41.14249337430164],[20.05942569999876,41.142838270612096],[20.059352745627034,41.14307825539914],[20.058855220899403,41.14269777287687]]]},"properties":{"Zk_Numer":1885,"Zk_Emer":"GURABARDH","Nr_Pas":"17/10","Vol":1,"Faqe":101,"Pronaret":"OSMAN BODANI QAMIL, ELIDJANA BODANI OSMAN, SHEFIKAT BODANI BEXHET, SALI BODANI OSMAN","Kufizimet":"KUFIZOHET DERI NE PLOTESIMIN E DOKUMENTACIONIT TEKNIKO LIGJOR (CERTIFIKATE E GJENDJES FAMILJARE  AKTUALE)","Siperfaqe":2400}},
{"type":"Feature","geometry":{"type":"Polygon","coordinates":[[[20.057026026296846,41.14400194253478],[20.056538430454623,41.14400095752575],[20.05639878161742,41.14360415936841],[20.056236825802902,41.14346340196682],[20.056186316064625,41.143422950721224],[20.056176312930415,41.143275103749765],[20.056106748624835,41.14280849025386],[20.056008374026415,41.14264491866517],[20.05596383738999,41.14245115961027],[20.05613395868639,41.14248084743802],[20.05624851063115,41.14248856999524],[20.056375091227633,41.142475315429884],[20.056633770813825,41.14339050775828],[20.05693806454272,41.14388543952738],[20.057026026296846,41.14400194253478]]]},"properties":{"Zk_Numer":1885,"Zk_Emer":"GURABARDH","Nr_Pas":"2/1","Vol":1,"Faqe":136,"Pronaret":"SHTET","Kufizimet":"KJO PASURI OKUPOHET NGA HASAN SHARRA\r\n","Siperfaqe":5820}},
{"type":"Feature","geometry":{"type":"Polygon","coordinates":[[[20.057435233859973,41.143928998538854],[20.057459930819928,41.14395903206573],[20.057242411742237,41.14399108533421],[20.057026026296846,41.14400194253478],[20.05693806454272,41.14388543952738],[20.056633770813825,41.14339050775828],[20.056375091227633,41.142475315429884],[20.056611408508704,41.14238153170957],[20.05683992715279,41.14227644879921],[20.056932050480043,41.14259667325899],[20.057156131101312,41.143326413952046],[20.057343654328026,41.14381763003727],[20.057435233859973,41.143928998538854]]]},"properties":{"Zk_Numer":1885,"Zk_Emer":"GURABARDH","Nr_Pas":"2/2","Vol":1,"Faqe":137,"Pronaret":"SHTET","Kufizimet":"KJO PASURI OKUPOHET NGA ALI SHARRA\r\n","Siperfaqe":7700}},
{"type":"Feature","geometry":{"type":"Polygon","coordinates":[[[20.056538430454623,41.14400095752575],[20.057026026296846,41.14400194253478],[20.057540900512663,41.14468387008629],[20.057390169434495,41.14472136589217],[20.0572312735764,41.14478689439179],[20.05709214684031,41.144795299970816],[20.05659616458632,41.144226473065615],[20.05655867322132,41.14405847490203],[20.056538430454623,41.14400095752575]]]},"properties":{"Zk_Numer":1885,"Zk_Emer":"GURABARDH","Nr_Pas":"2/3","Vol":1,"Faqe":95,"Pronaret":"HASAN SHARRA YMER, MIRELA SHARRA HASAN, SAIMIR SHARRA HASAN, RUDINA SHARRA HASAN, HAVA SHARRA ALI, MARJETA SHARRA HASAN, HAXHIRE SHARRA HASAN","Kufizimet":"KA DIFERENCE FAKT-DOKUMENT MBI 20% TE TOTALIT TE AMTP-SE\r\n","Siperfaqe":3896}},
{"type":"Feature","geometry":{"type":"Polygon","coordinates":[[[20.05819545279839,41.14493650129783],[20.05793548134336,41.145046238867536],[20.05783756843024,41.14503149822694],[20.05773330602447,41.144982156899815],[20.057740664852183,41.14495335383747],[20.057685594869564,41.14482878982146],[20.057604681393162,41.14474221002894],[20.057540900512663,41.14468387008629],[20.057026026296846,41.14400194253478],[20.057242411742237,41.14399108533421],[20.057459930819928,41.14395903206573],[20.057560094768387,41.144080839297004],[20.058053545104467,41.14468103470372],[20.05819545279839,41.14493650129783]]]},"properties":{"Zk_Numer":1885,"Zk_Emer":"GURABARDH","Nr_Pas":"2/4","Vol":1,"Faqe":138,"Pronaret":"SHTET","Kufizimet":"KO PASURI OKUPOHET NGA ALI SHARRA\r\n","Siperfaqe":4600}},
{"type":"Feature","geometry":{"type":"Polygon","coordinates":[[[20.057435233859973,41.143928998538854],[20.057343654328026,41.14381763003727],[20.057156131101312,41.143326413952046],[20.056932050480043,41.14259667325899],[20.05683992715279,41.14227644879921],[20.057186859606738,41.14203771406343],[20.05729702129011,41.14220394192137],[20.057400720165923,41.14253523668658],[20.05740509335711,41.14255903880671],[20.05745963768013,41.14285590762188],[20.05746466738746,41.142883282712134],[20.057559875692657,41.14340146672864],[20.05757281691898,41.143449112255695],[20.05759778521121,41.14354103745803],[20.057871824902673,41.14390976707649],[20.05768288736611,41.143933033478625],[20.057435233859973,41.143928998538854]]]},"properties":{"Zk_Numer":1885,"Zk_Emer":"GURABARDH","Nr_Pas":"2/5","Vol":1,"Faqe":139,"Pronaret":"SHTET","Kufizimet":"KJO PASURI OKUPOHET NGA ISLAM SHARRA \r\n","Siperfaqe":7220}},
{"type":"Feature","geometry":{"type":"Polygon","coordinates":[[[20.059106042681087,41.14521113938068],[20.059194043335516,41.14517369885197],[20.059381511937183,41.14534905199341],[20.059505846341825,41.14539048499033],[20.059772068126076,41.14556772037578],[20.059748914379686,41.14568241334775],[20.059734399042476,41.14569161002939],[20.0596575558299,41.145762583871075],[20.059568576922974,41.14580004409896],[20.059404026375596,41.145817798306865],[20.059207424284335,41.14586869596098],[20.05909873325376,41.14595850713541],[20.059047162615514,41.146029687009715],[20.058977337042,41.1460529776112],[20.058838617220555,41.14603275535647],[20.05863130057147,41.14594991557929],[20.0584948342925,41.14577218337441],[20.058458553685647,41.14572282908752],[20.059230218877758,41.14535370592842],[20.059106042681087,41.14521113938068]]]},"properties":{"Zk_Numer":1885,"Zk_Emer":"GURABARDH","Nr_Pas":"2/11","Vol":1,"Faqe":145,"Pronaret":"VERORE HAKA SALI, REXHEP HAKA SADIK, SADIK HAKA REXHEP, FLORA HAKA REXHEP, ALFRED HAKA REXHEP","Kufizimet":"KA DIFERENCE FAKT-DOKUMENT MBI 20% TE TOTALIT TE AMTP-SE\r\n, KUFIZOHET DERI NE PLOTESIMIN E DOKUMENTACIONIT TEKNIKO LIGJOR (CERTIFIKATE E GJENDJES FAMILJARE  AKTUALE)\r\n","Siperfaqe":5100}},
{"type":"Feature","geometry":{"type":"Polygon","coordinates":[[[20.060009808034152,41.14547795431693],[20.060142194155265,41.14542796752109],[20.060388104858514,41.14538897899837],[20.060576819889693,41.14584384344187],[20.060528317311555,41.14584606286292],[20.060350937659837,41.14587803041468],[20.060148705058428,41.14588116163908],[20.060066788550756,41.14586616755627],[20.05994831325009,41.14575541283012],[20.059848594760904,41.14565913671792],[20.059779030740067,41.14566333209743],[20.059748914379686,41.14568241334776],[20.059772068126076,41.14556772037578],[20.060009808034152,41.14547795431693]]]},"properties":{"Zk_Numer":1885,"Zk_Emer":"GURABARDH","Nr_Pas":"2/14","Vol":1,"Faqe":148,"Pronaret":"SHTET","Kufizimet":"KJO PASURI OKUPOHET NGA OSMAN BODANI\r\n","Siperfaqe":2430}},
{"type":"Feature","geometry":{"type":"Polygon","coordinates":[[[20.060388104858514,41.14538897899837],[20.060142194155265,41.14542796752109],[20.060009808034152,41.14547795431693],[20.059719241933802,41.145074965438084],[20.0598720854053,41.14505376564421],[20.060059938314964,41.1450106440417],[20.060170071199025,41.14498479857322],[20.060220618334174,41.144978700701245],[20.060388104858514,41.14538897899837]]]},"properties":{"Zk_Numer":1885,"Zk_Emer":"GURABARDH","Nr_Pas":"2/13","Vol":1,"Faqe":147,"Pronaret":"OSMAN BODANI QAMIL, SALI BODANI OSMAN, ELIDJANA BODANI OSMAN, SHEFIKAT BODANI BEXHET","Kufizimet":"KUFIZOHET DERI NE PLOTESIMIN E DOKUMENTACIONIT TEKNIKO LIGJOR (CERTIFIKATE E GJENDJES FAMILJARE  AKTUALE)","Siperfaqe":1820}},
{"type":"Feature","geometry":{"type":"Polygon","coordinates":[[[20.059772068126076,41.14556772037578],[20.059505846341825,41.14539048499033],[20.059381511937183,41.14534905199341],[20.059194043335516,41.14517369885197],[20.059253876785842,41.14514683798395],[20.059445878643594,41.14508913540808],[20.059719241933802,41.145074965438084],[20.060009808034152,41.14547795431693],[20.059772068126076,41.14556772037578]]]},"properties":{"Zk_Numer":1885,"Zk_Emer":"GURABARDH","Nr_Pas":"2/12","Vol":1,"Faqe":146,"Pronaret":"SHTET","Kufizimet":"KJO PASURI OKUPOHET NGA SELIM BODANI\r\n","Siperfaqe":1975}},
{"type":"Feature","geometry":{"type":"Polygon","coordinates":[[[20.05819545279839,41.14493650129783],[20.058053545104467,41.14468103470372],[20.057560094768387,41.144080839297004],[20.057459930819928,41.14395903206573],[20.057684076764573,41.1439663068965],[20.057906452585257,41.14395392948087],[20.058378938381193,41.14449398055811],[20.058394541525566,41.14451181476074],[20.058718014244906,41.14474958712513],[20.058344538438668,41.14493536694],[20.05819545279839,41.14493650129783]]]},"properties":{"Zk_Numer":1885,"Zk_Emer":"GURABARDH","Nr_Pas":"2/6","Vol":1,"Faqe":140,"Pronaret":"SHTET","Kufizimet":"KJO PASURI OKUPOHET NGA ISLAM SHARRA \r\n","Siperfaqe":4275}},
{"type":"Feature","geometry":{"type":"Polygon","coordinates":[[[20.057723718906228,41.14501968163754],[20.057858174748162,41.14507331941144],[20.057940079737943,41.14508759094087],[20.058194948243063,41.144969780000004],[20.058344389674602,41.14496552992562],[20.05873094483344,41.14479454650926],[20.05897192443347,41.14501037479619],[20.058626933212487,41.145171403695805],[20.058363573501506,41.145339240593074],[20.058233675878945,41.14546270786508],[20.058163089216222,41.14545802593105],[20.058023836353446,41.1454759850249],[20.057878259252828,41.145493883217355],[20.05772031865556,41.14549259124157],[20.057645181928553,41.14544424542997],[20.05759620722025,41.145334047880255],[20.057616249642713,41.14525783848881],[20.057713888280798,41.14505815943623],[20.057723718906228,41.14501968163754]]]},"properties":{"Zk_Numer":1885,"Zk_Emer":"GURABARDH","Nr_Pas":"2/7","Vol":1,"Faqe":141,"Pronaret":"SHTET","Kufizimet":"KJO PASURI OKUPOHET NGA HASAN SHARRA\r\n","Siperfaqe":4510}},
{"type":"Feature","geometry":{"type":"Polygon","coordinates":[[[20.061494477645446,41.1452115334164],[20.061458925343292,41.14525587533024],[20.06120365136111,41.14557425872927],[20.060906329955664,41.14578332280585],[20.060819634571317,41.145844283007385],[20.060705344260914,41.145837962217975],[20.06066978547292,41.145839589388366],[20.060576819889693,41.14584384344187],[20.060388104858514,41.14538897899837],[20.060220618334174,41.144978700701245],[20.0603677318215,41.144962241909056],[20.060681396456665,41.144972405595546],[20.060836318966288,41.14503204118535],[20.06091053192154,41.145010849002375],[20.06096907901824,41.14494554344593],[20.06100095724122,41.144785125695826],[20.061013947405737,41.14499121847094],[20.061003616265573,41.14505643190876],[20.060952476163546,41.14514443051964],[20.060929765337576,41.14518363390099],[20.061370058471798,41.1451135165716],[20.061494477645446,41.1452115334164]]]},"properties":{"Zk_Numer":1885,"Zk_Emer":"GURABARDH","Nr_Pas":"2/15","Vol":1,"Faqe":149,"Pronaret":"SHTET","Kufizimet":"KJO PASURI OKUPOHET NGA QEMAL FILJA \r\n","Siperfaqe":6350}},
{"type":"Feature","geometry":{"type":"Polygon","coordinates":[[[20.061494477645446,41.1452115334164],[20.061575988865734,41.14532547036102],[20.061725092411795,41.14546696081415],[20.061692757004256,41.145561446853556],[20.061499559262035,41.14566152788071],[20.06111241133533,41.14594602472828],[20.060923238273652,41.145850012678274],[20.060819634571317,41.145844283007385],[20.060906329955664,41.14578332280585],[20.06120365136111,41.14557425872927],[20.061458925343292,41.14525587533024],[20.061494477645446,41.1452115334164]]]},"properties":{"Zk_Numer":1885,"Zk_Emer":"GURABARDH","Nr_Pas":"2/16","Vol":1,"Faqe":121,"Pronaret":"PRONESI E PASAKTESUAR","Kufizimet":"KJO PASURI POSEDOHET NGA XHEVAHIR Q. BODANI SIPAS AMTP-SE NR 33","Siperfaqe":2200}},
{"type":"Feature","geometry":{"type":"Polygon","coordinates":[[[20.062221059030733,41.144742747715895],[20.06210394169639,41.14522034109543],[20.06206123746379,41.145428910645315],[20.06176198559139,41.14557847791261],[20.061773693476496,41.145433912266256],[20.06149757258201,41.14514939634418],[20.061533149106587,41.144984949058156],[20.061435805124194,41.144946418129685],[20.06133339163452,41.14505625680059],[20.06113072099971,41.145098922055254],[20.061092863515256,41.145056295288605],[20.06103566724168,41.144737258925076],[20.062221059030733,41.144742747715895]]]},"properties":{"Zk_Numer":1885,"Zk_Emer":"GURABARDH","Nr_Pas":"2/17","Vol":1,"Faqe":122,"Pronaret":"SHTET","Kufizimet":"KJO PASURI OKUPOHET NGA XHEVAHIR BODANI\r\n","Siperfaqe":5150}},
{"type":"Feature","geometry":{"type":"Polygon","coordinates":[[[20.062221059030733,41.144742747715895],[20.06103566724168,41.144737258925076],[20.06110230833892,41.14454970409466],[20.061205795782897,41.144276009771204],[20.06129332876549,41.1441348267588],[20.06142735445111,41.14393393902574],[20.062305402850928,41.14404898474194],[20.062169404590502,41.14432713936861],[20.062221059030733,41.144742747715895]]]},"properties":{"Zk_Numer":1885,"Zk_Emer":"GURABARDH","Nr_Pas":"2/18","Vol":1,"Faqe":123,"Pronaret":"SHTET","Kufizimet":"KJO PASURI  OKUPOHET NGA BASHKIM FILJA\r\n\r\n","Siperfaqe":7220}},
{"type":"Feature","geometry":{"type":"Polygon","coordinates":[[[20.062724623685163,41.143547777751174],[20.062305402850928,41.14404898474194],[20.06142735445111,41.14393393902574],[20.06149826867476,41.14382682785866],[20.061571356039817,41.143534993966654],[20.062724623685163,41.143547777751174]]]},"properties":{"Zk_Numer":1885,"Zk_Emer":"GURABARDH","Nr_Pas":"2/19","Vol":1,"Faqe":124,"Pronaret":"SHTET","Kufizimet":"KJO PASURI OKUPOHET NGA KADRI FILJA\r\n","Siperfaqe":4370}},
{"type":"Feature","geometry":{"type":"Polygon","coordinates":[[[20.062630149436718,41.1429157535634],[20.062655288446997,41.14328292317427],[20.062724623685163,41.143547777751174],[20.061571356039817,41.143534993966654],[20.061548864105198,41.14338944993317],[20.061561811169632,41.14321102308676],[20.061705142509457,41.14291412750687],[20.062630149436718,41.1429157535634]]]},"properties":{"Zk_Numer":1885,"Zk_Emer":"GURABARDH","Nr_Pas":"2/20","Vol":1,"Faqe":125,"Pronaret":"SHTET","Kufizimet":"KJO PASURI OKUPOHET NGA OSMAN BODANI","Siperfaqe":6240}},
{"type":"Feature","geometry":{"type":"Polygon","coordinates":[[[20.062591186395643,41.14234666785812],[20.062630149436718,41.1429157535634],[20.061705142509457,41.14291412750687],[20.06178728857735,41.142680672413704],[20.06179189538843,41.14237793802882],[20.062591186395643,41.14234666785812]]]},"properties":{"Zk_Numer":1885,"Zk_Emer":"GURABARDH","Nr_Pas":"2/21","Vol":1,"Faqe":107,"Pronaret":"ENDRIT FILJA QEMAL, GRETRUDA FILJA QEMAL, FATBARDHA FILJA HYQMET, QEMAL FILJA QAZIM, ADMIR FILJA QEMAL","Kufizimet":"KA DIFERENCE FAKT-DOKUMENT MBI 20% TE TOTALIT TE AMTP-SE\r\n, KUFIZOHET DERI NE PLOTESIMIN E DOKUMENTACIONIT TEKNIKO LIGJOR (CERTIFIKATE E GJENDJES FAMILJARE  AKTUALE)","Siperfaqe":4328}},
{"type":"Feature","geometry":{"type":"Polygon","coordinates":[[[20.06244014443203,41.141548532242716],[20.062584813156917,41.14181625246732],[20.06258964172733,41.14232410656257],[20.062591186395643,41.14234666785812],[20.06179189538843,41.14237793802882],[20.061875006251878,41.142179223337635],[20.06199043185604,41.141903243319256],[20.062102704396608,41.14171435575392],[20.062145510924488,41.14164233764324],[20.06244014443203,41.141548532242716]]]},"properties":{"Zk_Numer":1885,"Zk_Emer":"GURABARDH","Nr_Pas":"2/22","Vol":1,"Faqe":100,"Pronaret":"PRONESI E PASAKTESUAR","Kufizimet":"KJO PASURI POSEDOHET NGA SELIM Q. BODANI SIPAS AMTP NR 31","Siperfaqe":4300}},
{"type":"Feature","geometry":{"type":"Polygon","coordinates":[[[20.04579500621995,41.14416634674994],[20.045710349346706,41.14401837145764],[20.04601640525462,41.1441115786833],[20.046468519252354,41.143985396171246],[20.04688224582152,41.143936054241934],[20.046495078877864,41.14348598527809],[20.046507609537233,41.143394658684954],[20.046609695053245,41.14314031878907],[20.047011080238185,41.14327087485738],[20.04730544134008,41.14316116089203],[20.047409335517862,41.14297986564382],[20.047471473060348,41.14275630689985],[20.04732098426232,41.14254809553207],[20.04713608963302,41.14240380003549],[20.046717208665743,41.14247526810601],[20.046465079343296,41.14249854083037],[20.046074151137603,41.142390881032],[20.046321710650464,41.14242712092111],[20.046342484272714,41.14242829223907],[20.046511963275822,41.142477639277516],[20.046683830774644,41.14246182033468],[20.046871441834657,41.14239661786814],[20.047019281424795,41.14233452578646],[20.04711000623391,41.14232895509093],[20.047394045971927,41.14235395260943],[20.047585463657434,41.1423500077838],[20.04772607987845,41.14230500284217],[20.0478297301948,41.1422600130826],[20.04795803335907,41.14224553888797],[20.04800780507365,41.14225747792351],[20.048026479093195,41.142274982808736],[20.04800516686456,41.14228797555785],[20.04797446892387,41.1422950800058],[20.047926966745027,41.14229381835006],[20.047864211444033,41.14231349277819],[20.047760776930534,41.142381877904604],[20.047667380512795,41.142412503514066],[20.04755428259961,41.142412550256935],[20.04747625824737,41.142430949347165],[20.047411258425143,41.1424749713133],[20.04741242616387,41.14252580035897],[20.047455422447165,41.14255269237121],[20.04750462859167,41.14256377761717],[20.047566823139483,41.14255093780894],[20.04762053156943,41.14253254871202],[20.047985284776992,41.142547774353474],[20.048068656374387,41.14257818592587],[20.04819143939044,41.14267594925351],[20.048317673431278,41.14273099224396],[20.04865594823141,41.14282814662024],[20.048754831534918,41.14283416074634],[20.048836531364977,41.14281526687755],[20.04890743345732,41.14277537511841],[20.04899696177378,41.14276462157793],[20.049068848872942,41.14278469589804],[20.049173309432106,41.14284980162227],[20.04930670620423,41.14290932269501],[20.049411125224058,41.142919136299554],[20.049565213673976,41.14293038250004],[20.04964840404466,41.14300260469437],[20.04969969296592,41.1430559157512],[20.049791486539043,41.143244152595216],[20.049845319459283,41.14335454474206],[20.049910895956337,41.143412800887695],[20.050101605244397,41.14349911716228],[20.050230061289138,41.14353301351976],[20.050352079463604,41.14354612546132],[20.050572210835707,41.14350099020646],[20.05085061904596,41.14341542503827],[20.050878270682446,41.143384714393505],[20.050922175200448,41.14333595279236],[20.051077790812485,41.143163120966975],[20.051149922613703,41.143118098645445],[20.051313657241582,41.14304425979314],[20.051511167496088,41.14296403084498],[20.051625785273455,41.14293422858201],[20.05177603725534,41.14284018132194],[20.05193606399842,41.14266921613873],[20.051936886220616,41.14266761538362],[20.05201948162785,41.14250681290042],[20.052041814567144,41.14242609031448],[20.051886105480598,41.14226138408755],[20.051793145700785,41.14221377742495],[20.05167210590699,41.14218003435478],[20.05159000494993,41.142141176179514],[20.05155849117958,41.14209537879173],[20.051544854401563,41.14207556112108],[20.051576516598775,41.14201197960405],[20.05172232892053,41.14193107650686],[20.05179548317088,41.141852158089186],[20.051814504525847,41.14180414392698],[20.05185651576423,41.14169809788713],[20.051867117808765,41.14158820580434],[20.05187490369878,41.141507503431185],[20.05178769021531,41.14139413095659],[20.051685264643194,41.14117371989076],[20.05160611461064,41.14097515864321],[20.0515419893375,41.14090338250569],[20.051488202581044,41.14088616374412],[20.05137938844082,41.14087296480622],[20.05121186498284,41.14085264433398],[20.051475373836485,41.14082729342101],[20.051515599393543,41.140846041801545],[20.051581464509916,41.14086712719997],[20.051583184626775,41.14086905254778],[20.05166052835174,41.140955624180116],[20.0517418993145,41.1411597565884],[20.051842009482595,41.141375184718655],[20.051935640603887,41.141496899593186],[20.05192651582983,41.141591480683076],[20.051915439422697,41.1417062906839],[20.05184977612201,41.14187204020505],[20.05176547401922,41.14196298493901],[20.051626020155645,41.142040360134104],[20.051609958503033,41.14207261393097],[20.05163535574524,41.142109522439384],[20.05169849033455,41.14213940387005],[20.05182055001705,41.142173431250214],[20.051928350298404,41.14222863802998],[20.052105457286647,41.14241597838739],[20.052099602065695,41.14243714222999],[20.052076773714283,41.14251965574392],[20.051988923671583,41.14269068858802],[20.051847244579676,41.142842052189486],[20.051847099398078,41.14284220729457],[20.051820097166605,41.14287105517098],[20.051655413638947,41.142974135604874],[20.05153510463456,41.14300541768014],[20.051343023369544,41.14308344137407],[20.051282717678728,41.14311063727878],[20.051184337868257,41.1431550032566],[20.05112225218485,41.143193755134185],[20.0509772370286,41.143354813880876],[20.050968628672887,41.14337995306389],[20.051000692305916,41.14340228150458],[20.051021088462335,41.143405431424505],[20.051075173104763,41.143383051696176],[20.051117888435602,41.14337209506407],[20.051173226678003,41.14337491207104],[20.051236480079723,41.1433863842182],[20.05137203800962,41.14337004167348],[20.051498389011684,41.14334002796599],[20.05153320500964,41.14333242461295],[20.051669410249577,41.14330555270608],[20.051783784350103,41.14329358444828],[20.05190100781853,41.14329042494588],[20.05203444923386,41.143314751246045],[20.052178242962512,41.14334096457421],[20.052330111920483,41.14332459640705],[20.052683278960398,41.14321903489605],[20.052720263325437,41.14319869370468],[20.05280216181326,41.14315364991289],[20.05282981575056,41.143115727872775],[20.052891008680845,41.14303181339436],[20.052988683582818,41.14291639730886],[20.053087781433025,41.142948409296764],[20.053288451986056,41.14313597769727],[20.05336905626987,41.14318087113891],[20.053553882216974,41.143181703948024],[20.053620919386304,41.14324658631184],[20.05374478227364,41.143507357963514],[20.053862488169965,41.143692400274965],[20.054057735402967,41.143878911325125],[20.05402288584409,41.1440562845373],[20.054086536217046,41.14420151496308],[20.05415292581027,41.14448208901932],[20.05416016090708,41.14448919663239],[20.05404348381406,41.14457936006333],[20.0538913208034,41.14461630598182],[20.053744656857194,41.144619549245306],[20.053705786662018,41.144686058859016],[20.0537096285787,41.1448579350071],[20.05373085306476,41.145139741796065],[20.053723156348205,41.14523514977157],[20.053665748552454,41.14527286480402],[20.053495252589002,41.14526669166971],[20.053375473413816,41.145246609479116],[20.053338411234776,41.14518902035178],[20.053315322904133,41.14503608386107],[20.053223381344495,41.14483962252596],[20.053072933536438,41.144709256971225],[20.052687367465776,41.144720412164176],[20.052395720828496,41.14478961430464],[20.052116366397577,41.144882786915744],[20.05188400093259,41.14494791047815],[20.051421651246507,41.145025240293336],[20.051022333624992,41.14511265001189],[20.05111263656339,41.14504429086068],[20.050845111423367,41.14488082289803],[20.050519447153963,41.145024633304914],[20.049999305176613,41.14503753177179],[20.05000708149562,41.14515884327173],[20.049916884099662,41.14509399252428],[20.049709788731814,41.14499681290297],[20.049363428226428,41.14491758142822],[20.049319539138835,41.144893349137156],[20.049187907670763,41.14482066146306],[20.04911210048315,41.144820035658405],[20.04884230345291,41.14487795586432],[20.048458516090545,41.144935690143214],[20.047903878441193,41.14496155891682],[20.04738877266226,41.14504104764049],[20.047094147422015,41.14516823455103],[20.04694035112318,41.14534969264171],[20.046423305999067,41.145793766683695],[20.04586862422185,41.146171220145725],[20.045147320597575,41.145757683516905],[20.044588071613347,41.14536835300199],[20.044300486076242,41.145081491778114],[20.04429289534479,41.14496601260713],[20.044425402489473,41.14476774752356],[20.044443863748764,41.14464106549556],[20.044451158235926,41.144827540196445],[20.04453300888823,41.14515947775485],[20.044660549059987,41.14523167964214],[20.044892548149495,41.14528377093464],[20.04523779981512,41.145228778415195],[20.04546493814741,41.14514802139364],[20.04559984776068,41.14502124318312],[20.045674782720468,41.144833726396165],[20.045918023731044,41.14470671432637],[20.046267959906018,41.144691569047566],[20.046120665076806,41.144474693111626],[20.045934164840997,41.144348278411066],[20.04579500621995,41.14416634674994]],[[20.04982932622266,41.1435650702549],[20.04976638622942,41.143403394613195],[20.049618694886433,41.14331617711319],[20.049457411946978,41.14344692966289],[20.049585359871166,41.14353614828311],[20.049440421164633,41.14365492703363],[20.049621802720846,41.143806043445046],[20.04988362713608,41.143750119241325],[20.04982932622266,41.1435650702549]],[[20.05044522305423,41.144553254696206],[20.05014199444018,41.14455815876166],[20.049975960072505,41.14452958812314],[20.049782982259163,41.14438656494568],[20.049575847010644,41.144568766411936],[20.04985473382787,41.144771034551674],[20.050442364232477,41.14479821304736],[20.050443402700218,41.14479826107486],[20.05044522305423,41.144553254696206]],[[20.051158354831017,41.14447007559066],[20.05094179593115,41.14459002968346],[20.051027337641866,41.14493408256563],[20.051028259846895,41.14493391616528],[20.051239933491765,41.144895722089004],[20.051444127677886,41.14485109741419],[20.05146324626032,41.144988222335925],[20.05200026626634,41.144852989405614],[20.052549073141638,41.14471359283588],[20.05299703296043,41.144570804977775],[20.053340477017414,41.14433332624058],[20.0535180837865,41.14430566953832],[20.053604340338154,41.144216920066825],[20.053540389828036,41.144115198315426],[20.05365813513081,41.14403863519026],[20.05382616715413,41.144038098776825],[20.053983549763014,41.144011327684964],[20.054007576699192,41.14388903859295],[20.05382184169655,41.143711614005895],[20.053688728630043,41.14352257265741],[20.053568096977948,41.143268603380186],[20.053524693780986,41.14322659529232],[20.053349327132672,41.14322580506935],[20.05324695959264,41.143168790335146],[20.053050775732864,41.14298541561285],[20.053011667701487,41.142972782390196],[20.05294222636236,41.14305483673592],[20.052881972936635,41.143137462949944],[20.052847803382807,41.143184319944574],[20.052717267686045,41.14325495872053],[20.052345566028862,41.14336840811983],[20.05217536325598,41.14338675226999],[20.051894729991346,41.14333619934071],[20.051788941967324,41.14333849609068],[20.05168105362342,41.14334978567062],[20.051548992419136,41.14337584000076],[20.05154570223097,41.14337660525141],[20.05129355216085,41.14343979615611],[20.051158049180124,41.14340776614831],[20.05105204807965,41.14344875029763],[20.05091958684533,41.14350666724811],[20.05089284692766,41.14351835838976],[20.050783954779757,41.14356623181726],[20.05076527238845,41.143543072448296],[20.05068834985079,41.14356943256406],[20.05050286327421,41.14365950978954],[20.050356864166773,41.1437549486356],[20.05034002269501,41.14374121093351],[20.050255118989472,41.14366674400022],[20.05024187191907,41.143655125302566],[20.049977233361265,41.14384111319146],[20.049920667035504,41.14388086777021],[20.050012312757143,41.14396385170021],[20.049931317865568,41.14400860573378],[20.049906957775114,41.144009215690346],[20.04989153901865,41.1440498252109],[20.049884988272936,41.1441172253221],[20.049925027205852,41.144189856345385],[20.050101446399612,41.14434457490903],[20.05024414711753,41.14442480332971],[20.050490534311106,41.14440399887334],[20.050676284924762,41.14443786789172],[20.050876398313395,41.14442986240479],[20.051099975814502,41.14433991761756],[20.051354938973088,41.14421139827842],[20.051374325338784,41.14435044657101],[20.051158354831017,41.14447007559066]]]},"properties":{"Zk_Numer":1885,"Zk_Emer":"GURABARDH","Nr_Pas":"363","Vol":2,"Faqe":113,"Pronaret":"SHTET","Kufizimet":"","Siperfaqe":105226}},
{"type":"Feature","geometry":{"type":"Polygon","coordinates":[[[20.059121506057064,41.14514434344655],[20.05897192443347,41.14501037479619],[20.05873094483344,41.14479454650926],[20.05918110627647,41.14464003115217],[20.059868292676654,41.14443962600315],[20.06017590998792,41.144946992460916],[20.05970854665031,41.14503238781355],[20.059373331178946,41.14506645206331],[20.059121506057064,41.14514434344655]]]},"properties":{"Zk_Numer":1885,"Zk_Emer":"GURABARDH","Nr_Pas":"2/8","Vol":1,"Faqe":142,"Pronaret":"SHTET","Kufizimet":"KJO PASURI OKUPOHET NGA XHEVAHIR BODANI\r\n","Siperfaqe":5260}},
{"type":"Feature","geometry":{"type":"Polygon","coordinates":[[[20.06017590998792,41.144946992460916],[20.059868292676654,41.14443962600315],[20.06003424517666,41.144249897630985],[20.06022679114729,41.14412361761216],[20.0606562802545,41.14396931111952],[20.060736730416934,41.14411682685697],[20.06076087060931,41.144148541759996],[20.06084183567877,41.144130444426075],[20.060991934636238,41.14403755193256],[20.061117297419777,41.14395562953376],[20.061227348781177,41.143925922440275],[20.061201022199658,41.14406193333928],[20.061157141374842,41.1441635211033],[20.061075293191465,41.14436543322689],[20.06097242643987,41.14471778741201],[20.060910350791268,41.14494280210518],[20.060822958289123,41.1449807129452],[20.06069754246876,41.144924355916636],[20.060478142415153,41.144911933098456],[20.06017590998792,41.144946992460916]]]},"properties":{"Zk_Numer":1885,"Zk_Emer":"GURABARDH","Nr_Pas":"2/9","Vol":1,"Faqe":143,"Pronaret":"SHTET","Kufizimet":"KJO PASURI OKUPOHET NGA BASHKIM FILJA\r\n","Siperfaqe":8355}},
{"type":"Feature","geometry":{"type":"Polygon","coordinates":[[[20.059106042681087,41.14521113938068],[20.059230218877758,41.14535370592842],[20.058458553685647,41.14572282908752],[20.058363352033766,41.145593321207905],[20.05829595994899,41.14551928491965],[20.058455016521872,41.14548795077214],[20.05869595303515,41.14541372303204],[20.0589172632495,41.14531766590069],[20.059106042681087,41.14521113938068]]]},"properties":{"Zk_Numer":1885,"Zk_Emer":"GURABARDH","Nr_Pas":"2/10","Vol":1,"Faqe":144,"Pronaret":"SHTET","Kufizimet":"KJO PASURI OKUPOHET NGA HYSEN SHARRA","Siperfaqe":1500}},
{"type":"Feature","geometry":{"type":"Polygon","coordinates":[[[20.05463799833293,41.14438370104985],[20.054299207203012,41.14437142867823],[20.054184050618506,41.144470735565505],[20.05416016090708,41.14448919663239],[20.05415292581027,41.14448208901932],[20.054086536217046,41.14420151496308],[20.05402288584409,41.1440562845373],[20.054057735402967,41.143878911325125],[20.053862488169965,41.143692400274965],[20.05374478227364,41.143507357963514],[20.053620919386304,41.14324658631184],[20.053553882216974,41.143181703948024],[20.05336905626987,41.14318087113891],[20.053288451986056,41.14313597769727],[20.053087781433025,41.142948409296764],[20.052988683582818,41.14291639730886],[20.053013338689116,41.14282694056077],[20.052099602065695,41.14243714222999],[20.052105457286647,41.14241597838739],[20.051928350298404,41.14222863802998],[20.05182055001705,41.142173431250214],[20.05169849033455,41.14213940387005],[20.05163535574524,41.142109522439384],[20.051609958503033,41.14207261393097],[20.051626020155645,41.142040360134104],[20.05176547401922,41.14196298493901],[20.05184977612201,41.14187204020505],[20.051915439422697,41.1417062906839],[20.05192651582983,41.141591480683076],[20.051935640603887,41.141496899593186],[20.052030813164972,41.141671481185234],[20.05216691186923,41.14186243178743],[20.052344448610086,41.14195217427569],[20.052864487156747,41.14229234155855],[20.053406397644753,41.14269658110566],[20.05365144677514,41.14291653467706],[20.054538462403844,41.144264933885424],[20.05463799833293,41.14438370104985]]]},"properties":{"Zk_Numer":1885,"Zk_Emer":"GURABARDH","Nr_Pas":"35/2","Vol":2,"Faqe":48,"Pronaret":"SHTET","Kufizimet":"","Siperfaqe":12974}},
{"type":"Feature","geometry":{"type":"Polygon","coordinates":[[[20.056973534742895,41.14479432892127],[20.05684336062042,41.144606780988866],[20.056658647288685,41.144392514218985],[20.056589201473543,41.14428703275191],[20.05654374642795,41.14422233857308],[20.05652285939693,41.144172006491274],[20.056470322983703,41.14400067870785],[20.056337033699158,41.143682779442386],[20.056308864351507,41.14362093867586],[20.056154037970956,41.1434760424798],[20.056119030690144,41.143424673578295],[20.055924949079422,41.14267617039434],[20.055697979461687,41.14247139271446],[20.055676657732576,41.14233366552789],[20.05577169520553,41.142262245657],[20.055924171480587,41.14223652459473],[20.05595842391,41.14230449631495],[20.05596383738999,41.14245115961027],[20.056008374026415,41.14264491866517],[20.056106748624835,41.14280849025386],[20.056176312930415,41.143275103749765],[20.056186316064625,41.143422950721224],[20.056236825802902,41.14346340196682],[20.05639878161742,41.14360415936841],[20.056538430454623,41.14400095752575],[20.05655867322132,41.14405847490203],[20.05659616458632,41.144226473065615],[20.05709214684031,41.144795299970816],[20.05708316525597,41.144795226444955],[20.056973534742895,41.14479432892127]]]},"properties":{"Zk_Numer":1885,"Zk_Emer":"GURABARDH","Nr_Pas":"35/3","Vol":2,"Faqe":49,"Pronaret":"SHTET","Kufizimet":"","Siperfaqe":2715}},
{"type":"Feature","geometry":{"type":"Polygon","coordinates":[[[20.05487183333883,41.141682634737265],[20.054417820144835,41.14172580986189],[20.054322296362425,41.14163998358284],[20.054379549466503,41.141512672171864],[20.054368897228272,41.14143929101958],[20.05429029391563,41.141289569684425],[20.05431405211017,41.14125710189161],[20.054533432706453,41.14109999132621],[20.054705432229767,41.14120843371459],[20.054758849359263,41.14132608641771],[20.054813148583538,41.14144723831959],[20.05482584313504,41.14158898972488],[20.05487183333883,41.141682634737265]]]},"properties":{"Zk_Numer":1885,"Zk_Emer":"GURABARDH","Nr_Pas":"23/2","Vol":1,"Faqe":92,"Pronaret":"XHEMILE SHARRA HALIL, AGIM SHARRA QAZIM, LEME SHARRA AGIM, ADELAJDA SHARRA AGIM, ERIOLA SHARRA AGIM, MUSA SHARRA AGIM, BELINDA SHARRA HAKI, UENDI SHARRA MUSA","Kufizimet":"","Siperfaqe":2260}},
{"type":"Feature","geometry":{"type":"Polygon","coordinates":[[[20.05487183333883,41.141682634737265],[20.05482584313504,41.14158898972488],[20.054813148583538,41.14144723831959],[20.054758849359263,41.14132608641771],[20.054705432229767,41.14120843371459],[20.05511035944191,41.14084598119594],[20.055431118298646,41.1406009030983],[20.05559155087488,41.14066260245425],[20.055589134226366,41.14086150623617],[20.055522009253767,41.140945317510884],[20.055485528937922,41.14120974059332],[20.055418087390116,41.14122972240169],[20.05518635972864,41.14134789261099],[20.054951808796392,41.141616964137555],[20.05487183333883,41.141682634737265]]]},"properties":{"Zk_Numer":1885,"Zk_Emer":"GURABARDH","Nr_Pas":"23/1","Vol":1,"Faqe":150,"Pronaret":"SHTET","Kufizimet":"KJO PASURI OKUPOHET NGA AGIM SHARRA\r\n","Siperfaqe":4200}},
{"type":"Feature","geometry":{"type":"Polygon","coordinates":[[[20.054322340482415,41.14145092764899],[20.054329720204766,41.1414602952391],[20.05427422464257,41.141634611531686],[20.05416297792613,41.1416736509198],[20.054028358594046,41.14158962607199],[20.05401133580954,41.141548487883945],[20.054322340482415,41.14145092764899]]]},"properties":{"Zk_Numer":1885,"Zk_Emer":"GURABARDH","Nr_Pas":"23/3","Vol":1,"Faqe":151,"Pronaret":"SHTET","Kufizimet":"KJO PASURI OKUPOHET NGA ISLAM SHARRA \r\n","Siperfaqe":365}},
{"type":"Feature","geometry":{"type":"Polygon","coordinates":[[[20.054322340482415,41.14145092764899],[20.05401133580954,41.141548487883945],[20.053934366151335,41.14136247813863],[20.05420273722268,41.1412825736297],[20.054199433225918,41.141294912534846],[20.054322340482415,41.14145092764899]]]},"properties":{"Zk_Numer":1885,"Zk_Emer":"GURABARDH","Nr_Pas":"23/4","Vol":1,"Faqe":152,"Pronaret":"ALI SHARRA YMER, ELONA SHARRA MAHMUT, YMER SHARRA ALI, BRUNILDA SHARRA ALI, HAMIDE SHARRA MUSTAFA","Kufizimet":"KA DIFERENCE FAKT-DOKUMENT MBI 20% TE TOTALIT TE AMTP-SE","Siperfaqe":550}},
{"type":"Feature","geometry":{"type":"Polygon","coordinates":[[[20.054279512046616,41.14099585371247],[20.054203260892532,41.1412806179637],[20.053934366151335,41.14136247813863],[20.05390976180508,41.1413030174848],[20.053844705803073,41.141184833093625],[20.05390320517188,41.14117388218195],[20.054014150511797,41.14112730781858],[20.054178442573576,41.14104779370301],[20.054279512046616,41.14099585371247]]]},"properties":{"Zk_Numer":1885,"Zk_Emer":"GURABARDH","Nr_Pas":"23/5","Vol":1,"Faqe":153,"Pronaret":"SHTET","Kufizimet":"KJO PASURI OKUPOHET NGA HASAN SHARRA\r\n","Siperfaqe":720}},
{"type":"Feature","geometry":{"type":"Polygon","coordinates":[[[20.053134262208953,41.14145519617078],[20.053231997178997,41.14165681391462],[20.053232075425605,41.141753583771944],[20.053189855983533,41.142032910858056],[20.05318762658404,41.14203306602813],[20.052787871493322,41.14206088896749],[20.052542107718562,41.14156226668213],[20.05271280088636,41.141449247787286],[20.053134084577966,41.14123510733573],[20.053134107711184,41.141263770057215],[20.053134262208953,41.14145519617078]]]},"properties":{"Zk_Numer":1885,"Zk_Emer":"GURABARDH","Nr_Pas":"23/6","Vol":1,"Faqe":91,"Pronaret":"PRONESI E PASAKTESUAR","Kufizimet":"KJO PASURI POSEDOHET NGA BAJRAM M SHORJA SIPAS AMTP 5","Siperfaqe":3478}},
{"type":"Feature","geometry":{"type":"Polygon","coordinates":[[[20.052030813164972,41.141671481185234],[20.051935640603887,41.141496899593186],[20.051842009482595,41.141375184718655],[20.0517418993145,41.1411597565884],[20.05166052835174,41.140955624180116],[20.051583184626775,41.14086905254778],[20.05187740663821,41.140868920426726],[20.052216687648023,41.14092526446295],[20.05245814022608,41.14106349931128],[20.052559911738626,41.14111971712591],[20.0526066541975,41.141186022606675],[20.0524529434073,41.141483181158975],[20.052307820797378,41.1416366273194],[20.052030813164972,41.141671481185234]]]},"properties":{"Zk_Numer":1885,"Zk_Emer":"GURABARDH","Nr_Pas":"23/7","Vol":1,"Faqe":90,"Pronaret":"PRONESI E PASAKTESUAR","Kufizimet":"KJO PASURI POSEDOHET NGA BAJRAM M SHORJA SIPAS AMTP 5","Siperfaqe":4600}},
{"type":"Feature","geometry":{"type":"Polygon","coordinates":[[[20.050397697368766,41.141848966874775],[20.050224764469355,41.14162020010783],[20.050160937128144,41.141612326836466],[20.050119022888826,41.14148062826916],[20.050129409519617,41.14139284465939],[20.050192440399464,41.141302262003],[20.05030368016841,41.1412134526761],[20.05038615686136,41.141147606399514],[20.0504001351812,41.141080633796044],[20.050383608692325,41.14099680230566],[20.050404986536222,41.1409955313643],[20.050630351602262,41.14097857102015],[20.05088528734767,41.14093323839083],[20.05121186498284,41.14085264433398],[20.05137938844082,41.14087296480622],[20.051488202581044,41.14088616374412],[20.051296062703248,41.1408921919468],[20.051129829845625,41.14092816822834],[20.051054498946115,41.14098428005219],[20.05138380777156,41.14137119030068],[20.051607653399348,41.1416220941099],[20.051814504525847,41.14180414392698],[20.05179548317088,41.141852158089186],[20.05172232892053,41.14193107650686],[20.051576516598775,41.14201197960405],[20.05142579395163,41.14194399996373],[20.05103542423132,41.14184101716102],[20.050821103265854,41.141832980457636],[20.050713755233303,41.14181789832823],[20.050397697368766,41.141848966874775]]]},"properties":{"Zk_Numer":1885,"Zk_Emer":"GURABARDH","Nr_Pas":"34/3","Vol":2,"Faqe":78,"Pronaret":"MUSTAFA SHORJA JONUZ, AGRON SHORJA JONUZ, FATIME SHORJA SULEJMAN, JONUZ SHORJA MUSTAFA, EGLANTINA SHORJA JONUZ","Kufizimet":"KA DIFERENCE FAKT-DOKUMENT MBI 20% TE TOTALIT TE AMTP-SE\r\n","Siperfaqe":10226}},
{"type":"Feature","geometry":{"type":"Polygon","coordinates":[[[20.051452236507274,41.13949440242165],[20.051292960910295,41.139616188775534],[20.050980322943484,41.1397161426314],[20.050488599275848,41.13912277175383],[20.05033984265471,41.13902171952874],[20.050396473648114,41.139036915215506],[20.05046211580174,41.139054529061234],[20.05062181764271,41.13908098785561],[20.050740828361786,41.13907819114417],[20.05086267310679,41.139063882794616],[20.051006799267192,41.13900247024894],[20.051452236507274,41.13949440242165]]]},"properties":{"Zk_Numer":1885,"Zk_Emer":"GURABARDH","Nr_Pas":"30/4","Vol":1,"Faqe":37,"Pronaret":"HAVA SHARRA XHEME, ISLAM SHARRA YMER, LULJETA SHARRA HYSEN, ELSON SHARRA ISLAM, ESTELJANO SHARRA ISLAM","Kufizimet":"KA DIFERENCE FAKT-DOKUMENT MBI 20% TE TOTALIT TE AMTP-SE\r\n","Siperfaqe":3400}},
{"type":"Feature","geometry":{"type":"Polygon","coordinates":[[[20.051452236507274,41.13949440242165],[20.051006799267192,41.13900247024894],[20.051044167092503,41.13898675612525],[20.051375029612693,41.13868630264588],[20.052068595971054,41.13908182785164],[20.05188304792577,41.139227569139614],[20.05178591360319,41.13931786439784],[20.051767134183795,41.139349518453876],[20.05151854575375,41.13944370041135],[20.051452236507274,41.13949440242165]]]},"properties":{"Zk_Numer":1885,"Zk_Emer":"GURABARDH","Nr_Pas":"30/5","Vol":1,"Faqe":41,"Pronaret":"RUDINA SHARRA HASAN, HASAN SHARRA YMER, HAVA SHARRA ALI, MIRELA SHARRA HASAN, HAXHIRE SHARRA HASAN, MARJETA SHARRA HASAN, SAIMIR SHARRA HASAN","Kufizimet":"","Siperfaqe":4070}},
{"type":"Feature","geometry":{"type":"Polygon","coordinates":[[[20.051452236507274,41.13949440242165],[20.05151854575375,41.13944370041135],[20.051767134183795,41.139349518453876],[20.051672078650697,41.13950974084499],[20.051569420510493,41.13962360616023],[20.051423478025427,41.139725477655354],[20.051267544166205,41.139807891053266],[20.051266253467933,41.13980857320504],[20.051099128795762,41.13985950563917],[20.050748436582086,41.13997311297395],[20.05062842358428,41.13982864741397],[20.050980090551192,41.139716216929386],[20.050980322943484,41.1397161426314],[20.051292960910295,41.139616188775534],[20.051452236507274,41.13949440242165]]]},"properties":{"Zk_Numer":1885,"Zk_Emer":"GURABARDH","Nr_Pas":"29/1","Vol":1,"Faqe":200,"Pronaret":"PRONESI E PASAKTESUAR","Kufizimet":"KJO PASURI POSEDOHET NGA BAJRAM M SHORJA SIPAS AMTP 5","Siperfaqe":1760}},
{"type":"Feature","geometry":{"type":"Polygon","coordinates":[[[20.050431563831246,41.13822536385494],[20.050113668005455,41.137606972701874],[20.050275087356404,41.13745355587958],[20.05073612330124,41.13827152407973],[20.050431563831246,41.13822536385494]]]},"properties":{"Zk_Numer":1885,"Zk_Emer":"GURABARDH","Nr_Pas":"30/18","Vol":1,"Faqe":70,"Pronaret":"ARBEN SHORJA RAMAZAN, MIMOZA SHORJA RAMAZAN, RAMAZAN SHORJA IBRAHIM, ZYRA SHORJA ABDYL, IBRAHIM SHORJA RAMAZAN, HEDIJE SHORJA ARIF, HEDIJE SHORJA ISMAIL","Kufizimet":"KA DIFERENCE FAKT-DOKUMENT DERI NE 20% TE TOTALIT TE AMTP-SE","Siperfaqe":1755}},
{"type":"Feature","geometry":{"type":"Polygon","coordinates":[[[20.05104139715055,41.138223797687054],[20.05073612330125,41.13827152407973],[20.050275087356404,41.13745355587958],[20.05059946369661,41.137309087559714],[20.05071857199132,41.13761904060869],[20.05085323211313,41.137928934922115],[20.05104139715055,41.138223797687054]]]},"properties":{"Zk_Numer":1885,"Zk_Emer":"GURABARDH","Nr_Pas":"30/19","Vol":1,"Faqe":15,"Pronaret":"ARDIAN SHORJA HALIT, ILIRJAN SHORJA HALIT, HIDAJETE SHORJA ARIF, KADRI SHORJA HALIT, RIZA SHORJA HALIT, FISNIK SHORJA HALIT, HALIT SHORJA IBRAHIM","Kufizimet":"KUFIZOHET DERI NE PLOTESIMIN E DOKUMENTACIONIT TEKNIKO LIGJOR (CERTIFIKATE E GJENDJES FAMILJARE  AKTUALE), KA DIFERENCE FAKT-DOKUMENT MBI 20% TE TOTALIT TE AMTP-SE\r\n","Siperfaqe":2730}},
{"type":"Feature","geometry":{"type":"Polygon","coordinates":[[[20.05104139715055,41.138223797687054],[20.051284016765454,41.13807711881985],[20.051323842137396,41.13810997666008],[20.05146132946075,41.13820239132737],[20.05149229365081,41.138223316996616],[20.05155669446688,41.13827467786727],[20.051572707777872,41.13830652224504],[20.051157220761695,41.138335345824565],[20.05073612330125,41.13827152407973],[20.05104139715055,41.138223797687054]]]},"properties":{"Zk_Numer":1885,"Zk_Emer":"GURABARDH","Nr_Pas":"30/17","Vol":1,"Faqe":187,"Pronaret":"SHTET","Kufizimet":"","Siperfaqe":900}},
{"type":"Feature","geometry":{"type":"Polygon","coordinates":[[[20.05174668891938,41.13829445219918],[20.05170119674677,41.13810490627561],[20.052320208034622,41.138019992554135],[20.05233212625444,41.13821027620213],[20.051852507017834,41.13828711087459],[20.05174668891938,41.13829445219918]]]},"properties":{"Zk_Numer":1885,"Zk_Emer":"GURABARDH","Nr_Pas":"30/21","Vol":1,"Faqe":185,"Pronaret":"SHTET","Kufizimet":"KJO PASURI OKUPOHET NGA RAMAZAN SHORJA\r\n","Siperfaqe":1110}},
{"type":"Feature","geometry":{"type":"Polygon","coordinates":[[[20.05170119674677,41.13810490627561],[20.051746688919376,41.13829445219918],[20.051635368581127,41.138302175145085],[20.05161006264565,41.13825048209129],[20.051559797897436,41.13819976156138],[20.05150937161451,41.13815531052417],[20.05134858172799,41.138038085029045],[20.05154110087123,41.13792169398093],[20.051671398163528,41.138048445654746],[20.05170119674677,41.13810490627561]]]},"properties":{"Zk_Numer":1885,"Zk_Emer":"GURABARDH","Nr_Pas":"30/22","Vol":1,"Faqe":186,"Pronaret":"SHTET","Kufizimet":"","Siperfaqe":657}},
{"type":"Feature","geometry":{"type":"Polygon","coordinates":[[[20.05059946369661,41.137309087559714],[20.05079413648607,41.137283643142496],[20.0509123323073,41.13727828487657],[20.05085607400887,41.137350662772235],[20.05080615203024,41.137423074251615],[20.050801276072352,41.13750120091246],[20.051171973273952,41.13798467731944],[20.051284016765457,41.13807711881985],[20.05104139715055,41.138223797687054],[20.05085323211313,41.137928934922115],[20.05071857199132,41.13761904060869],[20.05059946369661,41.137309087559714]]]},"properties":{"Zk_Numer":1885,"Zk_Emer":"GURABARDH","Nr_Pas":"30/20","Vol":1,"Faqe":204,"Pronaret":"EGLANTINA SHORJA JONUZ, MUSTAFA SHORJA JONUZ, FATIME SHORJA SULEJMAN, AGRON SHORJA JONUZ, JONUZ SHORJA MUSTAFA","Kufizimet":"KA DIFERENCE FAKT-DOKUMENT MBI 20% TE TOTALIT TE AMTP-SE\r\n","Siperfaqe":1852}},
{"type":"Feature","geometry":{"type":"Polygon","coordinates":[[[20.05146694879029,41.137849559423394],[20.05154110087123,41.13792169398093],[20.05134858172799,41.138038085029045],[20.051265443720798,41.137977472170135],[20.050888855001418,41.137496207223705],[20.050893602482187,41.13743453558504],[20.051063346679356,41.137271843393286],[20.05111120177215,41.13738328196216],[20.051277554078993,41.137640483330365],[20.05146694879029,41.137849559423394]]]},"properties":{"Zk_Numer":1885,"Zk_Emer":"GURABARDH","Nr_Pas":"30/23","Vol":1,"Faqe":203,"Pronaret":"MUSTAFA SHORJA JONUZ, AGRON SHORJA JONUZ, FATIME SHORJA SULEJMAN, EGLANTINA SHORJA JONUZ, JONUZ SHORJA MUSTAFA","Kufizimet":"KA DIFERENCE FAKT-DOKUMENT MBI 20% TE TOTALIT TE AMTP-SE\r\n","Siperfaqe":1680}},
{"type":"Feature","geometry":{"type":"Polygon","coordinates":[[[20.052211374609985,41.13749168277495],[20.051926491912926,41.13723340111411],[20.05210332497503,41.137143385105354],[20.052355249596737,41.13736419281341],[20.052211374609985,41.13749168277495]]]},"properties":{"Zk_Numer":1885,"Zk_Emer":"GURABARDH","Nr_Pas":"30/27","Vol":1,"Faqe":182,"Pronaret":"ARBEN SHORJA RAMAZAN, HEDIJE SHORJA ISMAIL, IBRAHIM SHORJA RAMAZAN, ZYRA SHORJA ABDYL, RAMAZAN SHORJA IBRAHIM, MIMOZA SHORJA RAMAZAN, HEDIJE SHORJA ARIF","Kufizimet":"KA DIFERENCE FAKT-DOKUMENT DERI NE 20% TE TOTALIT TE AMTP-SE","Siperfaqe":630}},
{"type":"Feature","geometry":{"type":"Polygon","coordinates":[[[20.05266092457433,41.13647896670053],[20.052581020683572,41.136661320330354],[20.052538968470124,41.13682968292511],[20.05258010733454,41.136988076889104],[20.052664838452372,41.13716230731801],[20.052355249596737,41.13736419281341],[20.05210332497503,41.137143385105354],[20.051926491912926,41.13723340111411],[20.05185362405764,41.13716847281402],[20.05214483985155,41.13699032611825],[20.052285092625336,41.13689917185852],[20.05240192175587,41.13676316258461],[20.05248909212832,41.136616686338556],[20.052519342072504,41.13652834909917],[20.052579665638937,41.136483306178],[20.05266092457433,41.13647896670053]]]},"properties":{"Zk_Numer":1885,"Zk_Emer":"GURABARDH","Nr_Pas":"30/28","Vol":1,"Faqe":69,"Pronaret":"HIDAJETE SHORJA ARIF, FISNIK SHORJA HALIT, ILIRJAN SHORJA HALIT, KADRI SHORJA HALIT, HALIT SHORJA IBRAHIM, ARDIAN SHORJA HALIT, RIZA SHORJA HALIT","Kufizimet":"KA DIFERENCE FAKT-DOKUMENT MBI 20% TE TOTALIT TE AMTP-SE\r\n, KUFIZOHET DERI NE PLOTESIMIN E DOKUMENTACIONIT TEKNIKO LIGJOR (CERTIFIKATE E GJENDJES FAMILJARE  AKTUALE)","Siperfaqe":2443}},
{"type":"Feature","geometry":{"type":"Polygon","coordinates":[[[20.05034326507356,41.13722844988446],[20.05010597408636,41.13717839937754],[20.049843321945193,41.13712193056364],[20.049603561058632,41.13691602939469],[20.049501219361986,41.136670603712844],[20.049205213227484,41.13629126039658],[20.048808630522828,41.13596345983325],[20.04904220697112,41.13598363260484],[20.04931157388132,41.13605761383509],[20.050164823828883,41.136180089142016],[20.050284055220782,41.136197203049576],[20.05034326507356,41.13722844988446]]]},"properties":{"Zk_Numer":1885,"Zk_Emer":"GURABARDH","Nr_Pas":"56/10","Vol":1,"Faqe":202,"Pronaret":"AGRON SHORJA JONUZ, EGLANTINA SHORJA JONUZ, JONUZ SHORJA MUSTAFA, MUSTAFA SHORJA JONUZ, FATIME SHORJA SULEJMAN","Kufizimet":"KA DIFERENCE FAKT-DOKUMENT MBI 20% TE TOTALIT TE AMTP-SE\r\n","Siperfaqe":8770}},
{"type":"Feature","geometry":{"type":"Polygon","coordinates":[[[20.05116055806816,41.137128409041814],[20.05095549990937,41.13722274841286],[20.05055296633581,41.13723557330195],[20.05034326507356,41.13722844988446],[20.050284055220782,41.136197203049576],[20.05056813091428,41.136200471027635],[20.050779824800564,41.1361001138763],[20.05116055806816,41.137128409041814]]]},"properties":{"Zk_Numer":1885,"Zk_Emer":"GURABARDH","Nr_Pas":"56/9","Vol":1,"Faqe":14,"Pronaret":"PRONESI E PASAKTESUAR","Kufizimet":"KJO PASURI POSEDOHET NGA OSMAN M SHORJA SIPAS AMTP NR 3","Siperfaqe":6660}},
{"type":"Feature","geometry":{"type":"Polygon","coordinates":[[[20.05204457766584,41.13630152844525],[20.052027798271148,41.1363318604944],[20.051799490853092,41.13674456792908],[20.051463761242708,41.13683030766675],[20.05154238606774,41.13712848114848],[20.051325735861983,41.13712844039029],[20.05116055806816,41.137128409041814],[20.050779824800564,41.1361001138763],[20.05101062069499,41.135909976883084],[20.051452124019836,41.13605667769308],[20.05204457766584,41.13630152844525]]]},"properties":{"Zk_Numer":1885,"Zk_Emer":"GURABARDH","Nr_Pas":"56/8","Vol":1,"Faqe":234,"Pronaret":"SHTET","Kufizimet":"KJO PASURI OKUPOHET NGA NAZMI SHORJA","Siperfaqe":8209}},
{"type":"Feature","geometry":{"type":"Polygon","coordinates":[[[20.0517803845951,41.137055784239415],[20.05194914268905,41.1369305328868],[20.05209091025827,41.13690027614033],[20.05225441631559,41.13686537960528],[20.05225391358631,41.13686609725326],[20.052052700273435,41.137007908793535],[20.051800312504774,41.137128820428714],[20.05168275486028,41.13712824417368],[20.0517803845951,41.137055784239415]]]},"properties":{"Zk_Numer":1885,"Zk_Emer":"GURABARDH","Nr_Pas":"56/7","Vol":1,"Faqe":174,"Pronaret":"SHTET","Kufizimet":"KJO PASURI OKUPOHET NGA HALIT SHORJA\r\n","Siperfaqe":400}},
{"type":"Feature","geometry":{"type":"Polygon","coordinates":[[[20.05225441631559,41.13686537960528],[20.05209091025827,41.13690027614033],[20.05194914268905,41.1369305328868],[20.0517803845951,41.137055784239415],[20.051682754860277,41.13712824417368],[20.05154238606774,41.13712848114848],[20.051463761242708,41.13683030766675],[20.051799490853092,41.13674456792908],[20.052027798271148,41.1363318604944],[20.05204457766584,41.13630152844525],[20.05246470479722,41.1364751566992],[20.052406503867864,41.13658345671901],[20.052352218787828,41.13672576585967],[20.05225441631559,41.13686537960528]]]},"properties":{"Zk_Numer":1885,"Zk_Emer":"GURABARDH","Nr_Pas":"56/6","Vol":1,"Faqe":183,"Pronaret":"ARBEN SHORJA RAMAZAN, MIMOZA SHORJA RAMAZAN, HEDIJE SHORJA ARIF, IBRAHIM SHORJA RAMAZAN, ZYRA SHORJA ABDYL, HEDIJE SHORJA ISMAIL, RAMAZAN SHORJA IBRAHIM","Kufizimet":"KA DIFERENCE FAKT-DOKUMENT DERI NE 20% TE TOTALIT TE AMTP-SE","Siperfaqe":3470}},
{"type":"Feature","geometry":{"type":"Polygon","coordinates":[[[20.0527036033127,41.13622887241127],[20.051811114696708,41.135919685768215],[20.051201103365678,41.135749840070545],[20.051337688999112,41.13568005165623],[20.05169842224618,41.1357741652779],[20.05280752943919,41.136157242885325],[20.052754257306574,41.13619250368508],[20.0527036033127,41.13622887241127]]]},"properties":{"Zk_Numer":1885,"Zk_Emer":"GURABARDH","Nr_Pas":"56/3","Vol":1,"Faqe":197,"Pronaret":"VJOLLCA SHORJA SHYQYRI, LEONIDHA SHORJA HALIT, BOSJAN SHORJA LEONIDHA","Kufizimet":"KA DIFERENCE FAKT-DOKUMENT MBI 20% TE TOTALIT TE AMTP-SE\r\n, KUFIZOHET DERI NE QARTESIMIN E DOKUMENTACIONIT TEKNIKO LIGJOR","Siperfaqe":1500}},
{"type":"Feature","geometry":{"type":"Polygon","coordinates":[[[20.05290957452536,41.13600603242385],[20.05280752943919,41.136157242885325],[20.05169842224618,41.1357741652779],[20.051337688999112,41.13568005165623],[20.051646791369663,41.135508821247925],[20.05290957452536,41.13600603242385]]]},"properties":{"Zk_Numer":1885,"Zk_Emer":"GURABARDH","Nr_Pas":"56/2","Vol":1,"Faqe":201,"Pronaret":"BRUNILA SHORJA ALI, ALI SHORJA ISMAIL, FATBARDHA SHORJA ALI, MAJLINDA SHORJA ALI, VJOLLCA SHORJA ALI, ANILA SHORJA ALI, SHEFIKAT SHORJA SULEJMAN","Kufizimet":"KA DIFERENCE FAKT-DOKUMENT MBI 20% TE TOTALIT TE AMTP-SE\r\n","Siperfaqe":2830}},
{"type":"Feature","geometry":{"type":"Polygon","coordinates":[[[20.052973336196978,41.13572690050435],[20.05296895557026,41.13582634723407],[20.05290957452536,41.13600603242385],[20.051646791369663,41.135508821247925],[20.051720048693188,41.135443137911125],[20.05180144418163,41.135484292117795],[20.05204019059346,41.135564663616684],[20.052577890688475,41.13566254733188],[20.05295023479848,41.13562730794294],[20.052973336196978,41.13572690050435]]]},"properties":{"Zk_Numer":1885,"Zk_Emer":"GURABARDH","Nr_Pas":"56/1","Vol":1,"Faqe":205,"Pronaret":"KLODJAN SHORJA SALI, DIJE SHORJA AHMET, SALI SHORJA ISMAIL, HEDIJE SHORJA ADEM, GENTJAN SHORJA SALI, ORLADA SHORJA SALI, RAJMONDA SHORJA MEHMET, STIVJANO SHORJA GENTJAN, EMARINELA SHORJA VAHIR","Kufizimet":"","Siperfaqe":2150}},
{"type":"Feature","geometry":{"type":"Polygon","coordinates":[[[20.051671398163528,41.138048445654746],[20.05154110087123,41.13792169398093],[20.05146694879029,41.137849559423394],[20.05183281945878,41.13779953772004],[20.051992119890944,41.13799696603867],[20.051671398163528,41.138048445654746]]]},"properties":{"Zk_Numer":1885,"Zk_Emer":"GURABARDH","Nr_Pas":"30/24","Vol":1,"Faqe":206,"Pronaret":"XHULJANA ELEZI FATMIR, MARIGLEN SHORJA NAZMI, KLITJAN SHORJA NAZMI, NAZMI SHORJA ADEM, KEA SHORJA KLITJAN, ADEM SHORJA OSMAN, SANIJE SHORJA ALI, MIMOZA SHORJA LATIF","Kufizimet":"","Siperfaqe":720}},
{"type":"Feature","geometry":{"type":"Polygon","coordinates":[[[20.05146694879029,41.137849559423394],[20.051277554078993,41.137640483330365],[20.05111120177215,41.13738328196216],[20.051063346679356,41.137271843393286],[20.05219868957018,41.13774951485458],[20.05183281945878,41.13779953772004],[20.05146694879029,41.137849559423394]]]},"properties":{"Zk_Numer":1885,"Zk_Emer":"GURABARDH","Nr_Pas":"30/25","Vol":1,"Faqe":199,"Pronaret":"PRONESI E PASAKTESUAR","Kufizimet":"KJO PASURI POSEDOHET NGA BAJRAM M SHORJA SIPAS AMTP 5","Siperfaqe":2305}},
{"type":"Feature","geometry":{"type":"Polygon","coordinates":[[[20.05219868957018,41.13774951485458],[20.051063346679356,41.137271843393286],[20.05113163931685,41.1371977318482],[20.05130896951694,41.13716713294225],[20.051611001964194,41.13717562229014],[20.05185362405764,41.13716847281402],[20.051926491912926,41.13723340111411],[20.052211374609985,41.13749168277495],[20.052214287933435,41.13749431480117],[20.0523334207166,41.13760737879585],[20.05219868957018,41.13774951485458]]]},"properties":{"Zk_Numer":1885,"Zk_Emer":"GURABARDH","Nr_Pas":"30/26","Vol":1,"Faqe":13,"Pronaret":"IBRAHIM SHORJA RAMAZAN, HEDIJE SHORJA ARIF, ZYRA SHORJA ABDYL, HEDIJE SHORJA ISMAIL, RAMAZAN SHORJA IBRAHIM, MIMOZA SHORJA RAMAZAN, ARBEN SHORJA RAMAZAN","Kufizimet":"KA DIFERENCE FAKT-DOKUMENT DERI NE 20% TE TOTALIT TE AMTP-SE","Siperfaqe":3211}},
{"type":"Feature","geometry":{"type":"Polygon","coordinates":[[[20.052355249596737,41.13736419281341],[20.052664838452372,41.13716230731801],[20.05258010733454,41.136988076889104],[20.052538968470124,41.13682968292511],[20.052581020683572,41.136661320330354],[20.05266092457433,41.13647896670053],[20.052754555261586,41.1363525017729],[20.052740954468675,41.1363987377495],[20.052763165406784,41.136537367436276],[20.052811356027295,41.13663628453602],[20.052911620452534,41.13675961574222],[20.05316794342848,41.137040023746316],[20.053408785729594,41.13725868755066],[20.053626065090164,41.137437718207345],[20.053729060310083,41.13751511337901],[20.053744248129846,41.1375580287145],[20.053685591740052,41.13763316991479],[20.0534801167755,41.137799201152646],[20.05321137275359,41.13806901922718],[20.052994478883885,41.13823814632639],[20.053049985414976,41.13802775577021],[20.05294153585855,41.137894763669934],[20.0527619008296,41.13783538880983],[20.05249083519247,41.137839148476615],[20.052417536814083,41.13796805878444],[20.052416884220364,41.138254214902474],[20.052405092461655,41.13847693457632],[20.052578866457104,41.13859261026907],[20.05254875449059,41.138617183990625],[20.05236911085601,41.13847832763845],[20.05233212625444,41.13821027620213],[20.052320208034622,41.138019992554135],[20.052226440415616,41.13781619499074],[20.05219868957018,41.13774951485458],[20.0523334207166,41.13760737879585],[20.052214287933435,41.13749431480117],[20.052211374609985,41.13749168277495],[20.052355249596737,41.13736419281341]]]},"properties":{"Zk_Numer":1885,"Zk_Emer":"GURABARDH","Nr_Pas":"30/30","Vol":2,"Faqe":40,"Pronaret":"SHTET","Kufizimet":"","Siperfaqe":11804}},
{"type":"Feature","geometry":{"type":"Polygon","coordinates":[[[20.05219868957018,41.13774951485458],[20.052226440415616,41.13781619499074],[20.052320208034622,41.138019992554135],[20.05170119674677,41.13810490627561],[20.051671398163528,41.138048445654746],[20.051992119890944,41.13799696603867],[20.05183281945878,41.13779953772004],[20.05219868957018,41.13774951485458]]]},"properties":{"Zk_Numer":1885,"Zk_Emer":"GURABARDH","Nr_Pas":"30/31","Vol":1,"Faqe":184,"Pronaret":"SHTET","Kufizimet":"KJO PASURI OKUPOHET NGA HALIT DHE PETRAQ SHORJA\r\n","Siperfaqe":1060}},
{"type":"Feature","geometry":{"type":"Polygon","coordinates":[[[20.05204457766584,41.13630152844525],[20.051452124019836,41.13605667769308],[20.05101062069499,41.135909976883084],[20.051201103365678,41.135749840070545],[20.051811114696708,41.135919685768215],[20.0527036033127,41.13622887241127],[20.05246470479722,41.1364751566992],[20.05204457766584,41.13630152844525]]]},"properties":{"Zk_Numer":1885,"Zk_Emer":"GURABARDH","Nr_Pas":"56/4","Vol":1,"Faqe":16,"Pronaret":"KADRI SHORJA HALIT, ARDIAN SHORJA HALIT, FISNIK SHORJA HALIT, RIZA SHORJA HALIT, ILIRJAN SHORJA HALIT, HIDAJETE SHORJA ARIF, HALIT SHORJA IBRAHIM","Kufizimet":"KUFIZOHET DERI NE PLOTESIMIN E DOKUMENTACIONIT TEKNIKO LIGJOR (CERTIFIKATE E GJENDJES FAMILJARE  AKTUALE)","Siperfaqe":3850}},
{"type":"Feature","geometry":{"type":"Polygon","coordinates":[[[20.050113668005455,41.137606972701874],[20.050431563831246,41.13822536385494],[20.0502843564382,41.138203052214514],[20.049409708214647,41.13796252390533],[20.04890355352237,41.13752763569237],[20.048799317439556,41.13759751662324],[20.048758600163342,41.13750683952045],[20.04873094913701,41.13736050492151],[20.04876244649799,41.13723937157782],[20.048753847022525,41.13711341745332],[20.04869328905844,41.13697916798185],[20.048563748436653,41.13686244140734],[20.04858322168196,41.13666749143148],[20.048658148488144,41.13652648778458],[20.048678063306735,41.13631497737907],[20.048669899345377,41.136201340069654],[20.048808630522828,41.13596345983325],[20.049205213227484,41.13629126039658],[20.049501219361986,41.136670603712844],[20.049603561058632,41.13691602939469],[20.049843321945193,41.13712193056364],[20.049867707382507,41.137143659695994],[20.050167035472764,41.137203894502555],[20.050205485786528,41.13723660726089],[20.05055171088489,41.137276811121666],[20.0505622945441,41.1372946391515],[20.050337184461654,41.13739859176312],[20.050262230720097,41.137437364314714],[20.05019592122557,41.13748109392254],[20.050088126229042,41.13758561221139],[20.050113668005455,41.137606972701874]]]},"properties":{"Zk_Numer":1885,"Zk_Emer":"GURABARDH","Nr_Pas":"30/32","Vol":1,"Faqe":188,"Pronaret":"SHTET","Kufizimet":"","Siperfaqe":18646}},
{"type":"Feature","geometry":{"type":"Polygon","coordinates":[[[20.050564934841383,41.14027109989477],[20.050587349728968,41.140244864857834],[20.05082718043498,41.140541676053324],[20.05098039058263,41.140850505756255],[20.050865131387877,41.140881321567306],[20.050618578962712,41.140925163475394],[20.050471418958956,41.140936238370195],[20.050226069778002,41.14053689956994],[20.050456058546263,41.14039333158463],[20.050564934841383,41.14027109989477]]]},"properties":{"Zk_Numer":1885,"Zk_Emer":"GURABARDH","Nr_Pas":"28/2","Vol":1,"Faqe":71,"Pronaret":"IBRAHIM SHORJA RAMAZAN, HEDIJE SHORJA ISMAIL, ZYRA SHORJA ABDYL, MIMOZA SHORJA RAMAZAN, ARBEN SHORJA RAMAZAN, HEDIJE SHORJA ARIF, RAMAZAN SHORJA IBRAHIM","Kufizimet":"KA DIFERENCE FAKT-DOKUMENT DERI NE 20% TE TOTALIT TE AMTP-SE","Siperfaqe":2707}},
{"type":"Feature","geometry":{"type":"Polygon","coordinates":[[[20.050587349728964,41.140244864857834],[20.05079070770594,41.14000684760243],[20.050800243734297,41.14000363451711],[20.051061055229713,41.14039399988153],[20.05091610924151,41.140449345371174],[20.051133337565673,41.140813814670295],[20.051039120940008,41.14083480349496],[20.05098039058263,41.140850505756255],[20.05082718043498,41.140541676053324],[20.050587349728964,41.140244864857834]]]},"properties":{"Zk_Numer":1885,"Zk_Emer":"GURABARDH","Nr_Pas":"28/3","Vol":1,"Faqe":198,"Pronaret":"LEONIDHA SHORJA HALIT, BOSJAN SHORJA LEONIDHA, VJOLLCA SHORJA SHYQYRI","Kufizimet":"KA DIFERENCE FAKT-DOKUMENT MBI 20% TE TOTALIT TE AMTP-SE\r\n, KUFIZOHET DERI NE QARTESIMIN E DOKUMENTACIONIT TEKNIKO LIGJOR","Siperfaqe":1627}},
{"type":"Feature","geometry":{"type":"Polygon","coordinates":[[[20.051062131775982,41.14039561117377],[20.051291534160292,41.14078530494736],[20.051194630686847,41.140800160231464],[20.051133337565673,41.140813814670295],[20.05091610924151,41.140449345371174],[20.051061055229713,41.14039399988153],[20.051062131775982,41.14039561117377]]]},"properties":{"Zk_Numer":1885,"Zk_Emer":"GURABARDH","Nr_Pas":"28/4","Vol":1,"Faqe":189,"Pronaret":"SHTET","Kufizimet":"KJO PASURI OKUPOHET NGA HALIT SHORJA\r\n","Siperfaqe":620}},
{"type":"Feature","geometry":{"type":"Polygon","coordinates":[[[20.05112440607523,41.13989590202748],[20.051274735932502,41.139851315481145],[20.051398939106157,41.14016960398439],[20.051559698235735,41.14049559991111],[20.05165569922574,41.140774490987766],[20.05157589913094,41.140773015026845],[20.051368314154196,41.1407735345262],[20.051291534160292,41.14078530494736],[20.051062131775982,41.14039561117377],[20.051061055229713,41.14039399988153],[20.050800243734297,41.14000363451711],[20.05112440607523,41.13989590202748]]]},"properties":{"Zk_Numer":1885,"Zk_Emer":"GURABARDH","Nr_Pas":"28/5","Vol":1,"Faqe":207,"Pronaret":"SANIJE SHORJA ALI, MARIGLEN SHORJA NAZMI, ADEM SHORJA OSMAN, KEA SHORJA KLITJAN, KLITJAN SHORJA NAZMI, MIMOZA SHORJA LATIF, NAZMI SHORJA ADEM, XHULJANA ELEZI FATMIR","Kufizimet":"KA DIFERENCE FAKT-DOKUMENT MBI 20% TE TOTALIT TE AMTP-SE\r\n","Siperfaqe":3630}},
{"type":"Feature","geometry":{"type":"Polygon","coordinates":[[[20.05165569922574,41.140774490987766],[20.051559698235735,41.14049559991111],[20.051398939106157,41.14016960398439],[20.051274735932502,41.139851315481145],[20.051312551185998,41.13984046421586],[20.051554033536124,41.13969885947135],[20.051759751877285,41.139952054219464],[20.05195894061057,41.14039031308528],[20.052037807931242,41.14072914012757],[20.051918985782976,41.14077936027201],[20.05165569922574,41.140774490987766]]]},"properties":{"Zk_Numer":1885,"Zk_Emer":"GURABARDH","Nr_Pas":"28/6","Vol":1,"Faqe":190,"Pronaret":"SHTET","Kufizimet":"KJO PASURI OKUPOHET NGA NAZMI SHORJA","Siperfaqe":4000}},
{"type":"Feature","geometry":{"type":"Polygon","coordinates":[[[20.05295460874642,41.13990188910748],[20.05280944473567,41.14101060467056],[20.052770027001863,41.1410106227337],[20.05273532949952,41.140998344223505],[20.052576674234945,41.14090435148921],[20.052498791072054,41.140854801504005],[20.052394899328576,41.14081393878983],[20.05229397892943,41.140791752888354],[20.052149287328692,41.140795256957375],[20.051928562283514,41.14077953737073],[20.051918985782976,41.14077936027201],[20.052037807931242,41.14072914012757],[20.05195894061057,41.14039031308528],[20.051759751877285,41.139952054219464],[20.05192276990596,41.13993002970192],[20.052116316886522,41.13987369810966],[20.052224736883662,41.139842668831115],[20.05229613009454,41.13983804468889],[20.052455456860528,41.13985462675578],[20.05268042583651,41.1398970450627],[20.05295460874642,41.13990188910748]]]},"properties":{"Zk_Numer":1885,"Zk_Emer":"GURABARDH","Nr_Pas":"28/7","Vol":2,"Faqe":120,"Pronaret":"SHTET","Kufizimet":"KJO PASURI OKUPOHET NGA JONUZ SHARRA\r\n","Siperfaqe":8840}},
{"type":"Feature","geometry":{"type":"Polygon","coordinates":[[[20.057263050996113,41.13526843752914],[20.056530568116347,41.13584364354816],[20.056129287205852,41.13566232695401],[20.056228381612975,41.13556952962345],[20.056389640044753,41.13538713084258],[20.05666962182995,41.135150836309066],[20.056671444385902,41.135114408307174],[20.056637986069845,41.135008350119236],[20.056668071287287,41.13496105012656],[20.057083072241266,41.13500102487129],[20.057352046867653,41.135153933773644],[20.057263050996113,41.13526843752914]]]},"properties":{"Zk_Numer":1885,"Zk_Emer":"GURABARDH","Nr_Pas":"79/1","Vol":1,"Faqe":212,"Pronaret":"DURIM HUSHI MUSTAFA, MUSTAFA HUSHI DEMIR, DIJE HUSHI AHMET, SUELA HUSHI MUSTAFA, GENTJAN HUSHI MUSTAFA","Kufizimet":"KUFIZOHET DERI NE PLOTESIMIN E DOKUMENTACIONIT TEKNIKO LIGJOR (CERTIFIKATE E GJENDJES FAMILJARE  AKTUALE)\r\n","Siperfaqe":4700}},
{"type":"Feature","geometry":{"type":"Polygon","coordinates":[[[20.057724418937962,41.135536861279554],[20.057474588875387,41.13567928477505],[20.057251793940438,41.13572679825551],[20.05692323714543,41.13584376885693],[20.056680298552397,41.13595730877464],[20.056530568116347,41.13584364354816],[20.057263050996113,41.13526843752914],[20.057724418937962,41.135536861279554]]]},"properties":{"Zk_Numer":1885,"Zk_Emer":"GURABARDH","Nr_Pas":"79/2","Vol":1,"Faqe":229,"Pronaret":"BUKURI HUSHI VELI, VELI HUSHI DEMIR, FARI HUSHI DEMIR, FADIL HUSHI VELI, SHKËLQIM HUSHI VELI","Kufizimet":"KUFIZOHET DERI NE PLOTESIMIN E DOKUMENTACIONIT TEKNIKO LIGJOR (CERTIFIKATE E GJENDJES FAMILJARE  AKTUALE), KA DIFERENCE FAKT-DOKUMENT MBI 20% TE TOTALIT TE AMTP-SE\r\n","Siperfaqe":3050}},
{"type":"Feature","geometry":{"type":"Polygon","coordinates":[[[20.057798731354385,41.13559070611281],[20.057517327324042,41.135776962895726],[20.057185474321443,41.135830593337964],[20.056813224533695,41.13601782921142],[20.056680298552397,41.13595730877464],[20.05692323714543,41.13584376885693],[20.057251793940438,41.13572679825551],[20.057474588875387,41.13567928477505],[20.057724418937962,41.135536861279554],[20.057798731354385,41.13559070611281]]]},"properties":{"Zk_Numer":1885,"Zk_Emer":"GURABARDH","Nr_Pas":"79/3","Vol":1,"Faqe":209,"Pronaret":"SHTET","Kufizimet":"KJO PASURI OKUPOHET NGA FADIL HUSHI","Siperfaqe":1000}},
{"type":"Feature","geometry":{"type":"Polygon","coordinates":[[[20.058962158322153,41.13658116793404],[20.059209254655435,41.13669216448139],[20.05928523340436,41.13687714073073],[20.058678900611724,41.1368543052479],[20.058753083837757,41.13676445792497],[20.058962158322153,41.13658116793404]]]},"properties":{"Zk_Numer":1885,"Zk_Emer":"GURABARDH","Nr_Pas":"79/7","Vol":1,"Faqe":210,"Pronaret":"SHTET","Kufizimet":"KJO PASURI OKUPOHET NGA FADIL HUSHI","Siperfaqe":1000}},
{"type":"Feature","geometry":{"type":"Polygon","coordinates":[[[20.05880436791222,41.135628424842004],[20.059031978203745,41.13583027230958],[20.05919783933206,41.13597735882946],[20.05913788639652,41.136116731901076],[20.058955601534173,41.13628354090682],[20.058568156628567,41.136221111113194],[20.058195611890735,41.13661428213006],[20.057458869538596,41.13622112309967],[20.05809866228636,41.13584504257247],[20.058289344982597,41.13595923903315],[20.05853157363724,41.135732036464056],[20.05880436791222,41.135628424842004]]]},"properties":{"Zk_Numer":1885,"Zk_Emer":"GURABARDH","Nr_Pas":"79/5","Vol":1,"Faqe":191,"Pronaret":"SHTET","Kufizimet":"KJO PASURI OKUPOHET NGA MUSTAFA HUSHI\r\n","Siperfaqe":7460}},
{"type":"Feature","geometry":{"type":"Polygon","coordinates":[[[20.05809866228636,41.13584504257247],[20.057458869538596,41.13622112309967],[20.057263550092276,41.13615112014737],[20.056813224533695,41.13601782921142],[20.057185474321443,41.135830593337964],[20.057517327324042,41.135776962895726],[20.057798731354385,41.13559070611281],[20.05809866228636,41.13584504257247]]]},"properties":{"Zk_Numer":1885,"Zk_Emer":"GURABARDH","Nr_Pas":"79/4","Vol":1,"Faqe":215,"Pronaret":"MUSA HUSHI DEMIR, ALIJE HUSHI SELMAN, ETLEVA HUSHI NUSA, ROLANDA HUSHI MUSA","Kufizimet":"KUFIZOHET DERI NE PLOTESIMIN E DOKUMENTACIONIT TEKNIKO LIGJOR (CERTIFIKATE E GJENDJES FAMILJARE  AKTUALE)\r\n","Siperfaqe":3380}},
{"type":"Feature","geometry":{"type":"Polygon","coordinates":[[[20.058962158322153,41.13658116793404],[20.058753083837757,41.13676445792497],[20.058678900611724,41.1368543052479],[20.058618376522936,41.13678942161336],[20.058195611890735,41.13661428213006],[20.058568156628567,41.136221111113194],[20.058955601534173,41.13628354090682],[20.05916502525446,41.136395829991855],[20.058962158322153,41.13658116793404]]]},"properties":{"Zk_Numer":1885,"Zk_Emer":"GURABARDH","Nr_Pas":"79/6","Vol":1,"Faqe":232,"Pronaret":"MARJANA HUSHI ALUSH, MARJUS HUSHI ISUF, ISUF HUSHI VELI","Kufizimet":"KUFIZOHET DERI NE PLOTESIMIN E DOKUMENTACIONIT TEKNIKO LIGJOR (CERTIFIKATE E GJENDJES FAMILJARE  AKTUALE), KA DIFERENCE FAKT-DOKUMENT MBI 20% TE TOTALIT TE AMTP-SE\r\n","Siperfaqe":3000}},
{"type":"Feature","geometry":{"type":"Polygon","coordinates":[[[20.059467273767805,41.136119695060614],[20.05938998353827,41.13619030788754],[20.05916502525446,41.136395829991855],[20.058955601534173,41.13628354090682],[20.05913788639652,41.136116731901076],[20.05919783933206,41.13597735882946],[20.059031978203745,41.13583027230958],[20.05880436791222,41.135628424842004],[20.05912918735769,41.13565173588252],[20.059331983651315,41.13584384039378],[20.059467273767805,41.136119695060614]]]},"properties":{"Zk_Numer":1885,"Zk_Emer":"GURABARDH","Nr_Pas":"79/8","Vol":1,"Faqe":192,"Pronaret":"SHTET","Kufizimet":"KJO PASURI OKUPOHET NGA ISUF HUSHI\r\n","Siperfaqe":1890}},
{"type":"Feature","geometry":{"type":"Polygon","coordinates":[[[20.05666707381881,41.13599287091087],[20.056629434607768,41.136198987055906],[20.056625897677065,41.13639316767277],[20.0564710579575,41.13677775499915],[20.056131468924622,41.13669857265249],[20.055831328140517,41.13654063230421],[20.05596229945906,41.136456268540556],[20.05598983200142,41.13632178580483],[20.055962949253864,41.13622654496504],[20.055947699433155,41.136051858531864],[20.055958001261743,41.13594879872269],[20.056021777866388,41.13576845255257],[20.056107637479798,41.13568260087514],[20.05647780348698,41.135861154317304],[20.05666707381881,41.13599287091087]]]},"properties":{"Zk_Numer":1885,"Zk_Emer":"GURABARDH","Nr_Pas":"78/1","Vol":1,"Faqe":218,"Pronaret":"PRONESI E PASAKTESUAR","Kufizimet":"KJO PASURI POSEDOHET NGA FISNIK H. HUSHI SIPAS AMTP NR 42","Siperfaqe":5560}},
{"type":"Feature","geometry":{"type":"Polygon","coordinates":[[[20.057274497236506,41.13618676235275],[20.057155524806763,41.13642798689549],[20.0572135302874,41.13652560677251],[20.057217872260342,41.13664209862441],[20.057097384343994,41.13699118693186],[20.0564710579575,41.13677775499915],[20.056625897677065,41.13639316767277],[20.056629434607768,41.136198987055906],[20.05666707381881,41.13599287091087],[20.05696827350701,41.13610122319547],[20.057274497236506,41.13618676235275]]]},"properties":{"Zk_Numer":1885,"Zk_Emer":"GURABARDH","Nr_Pas":"78/2","Vol":1,"Faqe":220,"Pronaret":"PRONESI E PASAKTESUAR","Kufizimet":"KJO PASURI POSEDOHET NGA KUJTIM I. HUSHI SIPAS AMTP NR 70","Siperfaqe":4710}},
{"type":"Feature","geometry":{"type":"Polygon","coordinates":[[[20.057837294613588,41.13723898536325],[20.057097384343994,41.13699118693186],[20.057217872260342,41.13664209862441],[20.0572135302874,41.13652560677251],[20.057155524806763,41.13642798689549],[20.057274497236506,41.13618676235275],[20.057345126034598,41.13621096911849],[20.057669740251608,41.13639332709477],[20.05779801757774,41.13647890860509],[20.057843802985378,41.13686285528853],[20.0579149451998,41.13715811622749],[20.057838015061908,41.13723922664059],[20.057837294613588,41.13723898536325]]]},"properties":{"Zk_Numer":1885,"Zk_Emer":"GURABARDH","Nr_Pas":"78/3","Vol":1,"Faqe":208,"Pronaret":"HEKURAN HUSHI RRAPUSH, DEJE HUSHI DEMIR","Kufizimet":"KA DIFERENCE FAKT-DOKUMENT MBI 20% TE TOTALIT TE AMTP-SE\r\n, KUFIZOHET DERI NE PLOTESIMIN E DOKUMENTACIONIT TEKNIKO LIGJOR (CERTIFIKATE E GJENDJES FAMILJARE  AKTUALE)","Siperfaqe":5060}},
{"type":"Feature","geometry":{"type":"Polygon","coordinates":[[[20.057097384343994,41.13699118693186],[20.057837294613588,41.13723898536325],[20.057838015061908,41.13723922664058],[20.05757567595128,41.137515818992355],[20.05730709603199,41.137471177484024],[20.057076609761765,41.137371139544626],[20.056874491536107,41.13728285820091],[20.057097384343994,41.13699118693186]]]},"properties":{"Zk_Numer":1885,"Zk_Emer":"GURABARDH","Nr_Pas":"78/4","Vol":1,"Faqe":193,"Pronaret":"SHTET","Kufizimet":"KJO PASURI OKUPOHET NGA HEKURAN HUSHI\r\n","Siperfaqe":2600}},
{"type":"Feature","geometry":{"type":"Polygon","coordinates":[[[20.0579149451998,41.13715811622749],[20.057843802985378,41.13686285528853],[20.05779801757774,41.13647890860509],[20.058040847690798,41.136626422891965],[20.058131008365788,41.13675491941429],[20.058609330482366,41.13686658228952],[20.058601558294622,41.13712064533152],[20.058553664432708,41.13719328846873],[20.0579149451998,41.13715811622749]]]},"properties":{"Zk_Numer":1885,"Zk_Emer":"GURABARDH","Nr_Pas":"78/5","Vol":1,"Faqe":194,"Pronaret":"SHTET","Kufizimet":"KJO PASURI OKUPOHET NGA ALI HUSHI\r\n","Siperfaqe":3100}},
{"type":"Feature","geometry":{"type":"Polygon","coordinates":[[[20.05938818020958,41.13735818126632],[20.059335108243133,41.13736408753096],[20.059044954907947,41.13739637761859],[20.0589631947558,41.137319890952796],[20.058688040336442,41.137223072180404],[20.058676407270102,41.136954768025625],[20.059158202512165,41.13694632892854],[20.05932099584983,41.137032941623524],[20.059348103000673,41.13714610628818],[20.059346868343095,41.137194142205345],[20.05938818020958,41.13735818126632]]]},"properties":{"Zk_Numer":1885,"Zk_Emer":"GURABARDH","Nr_Pas":"78/6","Vol":1,"Faqe":233,"Pronaret":"PRONESI E PASAKTESUAR","Kufizimet":"KJO PASURI POSEDOHET NGA IBRAHIM R. HUSHI SIPAS AMTP-SE NR 89","Siperfaqe":2297}},
{"type":"Feature","geometry":{"type":"Polygon","coordinates":[[[20.05052402482789,41.140242814398626],[20.050653361692678,41.140071558672],[20.050748436582086,41.13997311297395],[20.051099128795762,41.13985950563917],[20.051266253467933,41.13980857320504],[20.051267544166205,41.139807891053266],[20.051423478025427,41.139725477655354],[20.051569420510493,41.13962360616023],[20.051672078650697,41.13950974084499],[20.051767134183795,41.139349518453876],[20.05178591360319,41.13931786439784],[20.05188304792577,41.139227569139614],[20.052068595971054,41.13908182785164],[20.052308944972555,41.13890523177109],[20.05254875449059,41.138617183990625],[20.052578866457104,41.13859261026907],[20.052994478883885,41.13823814632639],[20.05321137275359,41.13806901922718],[20.0534801167755,41.137799201152646],[20.053685591740052,41.13763316991479],[20.053744248129846,41.1375580287145],[20.053729060310083,41.13751511337901],[20.053626065090164,41.137437718207345],[20.053408785729594,41.13725868755066],[20.05316794342848,41.137040023746316],[20.052911620452534,41.13675961574222],[20.052811356027295,41.13663628453602],[20.052763165406784,41.136537367436276],[20.052740954468675,41.1363987377495],[20.052754555261586,41.1363525017729],[20.05266092457433,41.13647896670053],[20.052579665638937,41.136483306178],[20.052519342072504,41.13652834909917],[20.05248909212832,41.136616686338556],[20.05240192175587,41.13676316258461],[20.052285092625336,41.13689917185852],[20.05214483985155,41.13699032611825],[20.05185362405764,41.13716847281402],[20.051611001964194,41.13717562229014],[20.05130896951694,41.13716713294225],[20.05113163931685,41.1371977318482],[20.051063346679356,41.137271843393286],[20.050912332307295,41.13727828487657],[20.05079413648607,41.137283643142496],[20.05059946369661,41.137309087559714],[20.050275087356404,41.13745355587958],[20.050113668005455,41.137606972701874],[20.050088126229042,41.13758561221139],[20.05019592122557,41.13748109392254],[20.050262230720097,41.137437364314714],[20.050337184461654,41.13739859176312],[20.0505622945441,41.1372946391515],[20.05055171088489,41.137276811121666],[20.050205485786528,41.13723660726089],[20.050167035472764,41.137203894502555],[20.049867707382507,41.137143659695994],[20.049843321945193,41.13712193056364],[20.05010597408636,41.13717839937754],[20.05034326507356,41.13722844988446],[20.05055296633581,41.13723557330195],[20.05095549990937,41.13722274841286],[20.05116055806816,41.137128409041814],[20.051325735861983,41.13712844039029],[20.05154238606774,41.13712848114848],[20.05168275486028,41.13712824417368],[20.051800312504774,41.137128820428714],[20.052052700273435,41.137007908793535],[20.05225391358631,41.13686609725326],[20.05225441631559,41.13686537960528],[20.052352218787828,41.13672576585967],[20.052406503867864,41.13658345671901],[20.05246470479722,41.1364751566992],[20.0527036033127,41.13622887241127],[20.052754257306574,41.13619250368508],[20.05280752943919,41.136157242885325],[20.05290957452536,41.13600603242385],[20.05296895557026,41.13582634723407],[20.052973336196978,41.13572690050435],[20.052950234798477,41.13562730794294],[20.052897470551294,41.135489833299694],[20.052870934163504,41.13542069382267],[20.052868360203252,41.13536433298926],[20.05286750011817,41.1353455000767],[20.052928880253443,41.13524611142815],[20.05301485532181,41.135141581858306],[20.05327924637359,41.13500251348334],[20.05369028025314,41.134663353896315],[20.053837173371882,41.134506832665814],[20.053891417016022,41.134448151131394],[20.054020926508667,41.13439044505779],[20.054216795476698,41.13434714851639],[20.054421340178454,41.13431508991905],[20.05489963560926,41.13416437493755],[20.05513487048144,41.134050785809606],[20.05564838419076,41.13383807900687],[20.055866441859624,41.13376130839704],[20.05593139541884,41.1337148632611],[20.056194254035624,41.133751628273515],[20.056126029292763,41.1337650427859],[20.055952811882452,41.13381906780951],[20.055823056872313,41.13386933158279],[20.05552987140933,41.13398794782084],[20.055180271140653,41.13414251141244],[20.054983689705363,41.13421498248856],[20.054846447940367,41.13426557729991],[20.054680044656852,41.13432749479454],[20.05457838246709,41.134355452829524],[20.054381815549867,41.134403890373704],[20.05411231635022,41.13444052912987],[20.053922752380906,41.13453546894791],[20.05375115571194,41.1347152712383],[20.05353891299458,41.13492386423867],[20.053175749550128,41.135162903218635],[20.05308533750118,41.13531294497634],[20.053098174113572,41.13543123884473],[20.053077754329113,41.13586035677464],[20.05286624112367,41.136292605288205],[20.05282699357856,41.13645687735219],[20.05287624609724,41.1365906249449],[20.053059825251154,41.13677122454179],[20.053630613771627,41.13714412017669],[20.05406260815946,41.13739994866039],[20.054130372824577,41.1375866175547],[20.05410187657772,41.13772616438195],[20.053891431797787,41.13795620161356],[20.05385252112197,41.13806627431336],[20.0539072402973,41.13820953148951],[20.054096862094674,41.138557794264116],[20.05420613276591,41.138718617100324],[20.054301590698067,41.13881235634172],[20.05442625690716,41.13891508938375],[20.05462298800148,41.13899982188591],[20.05481904120663,41.13900596232793],[20.05503476418797,41.139020003276045],[20.055247078136713,41.13906216147455],[20.055358369268255,41.1391248261361],[20.05544438124388,41.139196783351125],[20.055558381688975,41.13934140662075],[20.05558678306493,41.139456815838486],[20.055569362110045,41.13957541181837],[20.055621233144365,41.1396699786743],[20.055736843615467,41.13979779678052],[20.05592272404966,41.13990641726937],[20.056007425228174,41.139927893988514],[20.05604312371686,41.14005529823632],[20.055976505357922,41.140119741276806],[20.05590484677041,41.140078868033356],[20.055828996589113,41.139915006555],[20.055796683277915,41.139910062861965],[20.055714806931316,41.13986118868255],[20.055523102040468,41.13965982689589],[20.055497573471172,41.13958486836196],[20.055505298181618,41.1394212341154],[20.05545669186796,41.13932272706988],[20.055382815957056,41.1392302028651],[20.055232298013603,41.13913125574802],[20.055058994949153,41.13907742493877],[20.054848292955217,41.13906528062064],[20.05456085749086,41.139048712954924],[20.05435280917833,41.13896954618502],[20.054109398777822,41.138726425099485],[20.05389026990679,41.138358252251564],[20.053766352126686,41.13810397394162],[20.053760679347516,41.13800958345471],[20.053808056478058,41.13793591151952],[20.05396097980139,41.137785034714],[20.054001621960925,41.13773308805095],[20.0540332198646,41.13762531815029],[20.054017344787223,41.137585416973856],[20.053973226018165,41.13743536773221],[20.053876333214227,41.13734761291149],[20.053586283775125,41.13718653795983],[20.05321232903866,41.13694656522634],[20.053558192977405,41.13728074355779],[20.053683375750158,41.13740169571806],[20.053780014409828,41.13745471780816],[20.053825818381615,41.13757689378879],[20.053696172557395,41.13768897270529],[20.053324177097934,41.13805240133333],[20.053216951124053,41.138137216674025],[20.05318920265002,41.13816147682799],[20.053133316406942,41.13821033741697],[20.0530199749853,41.1382995833767],[20.052622295528444,41.13863313870419],[20.05233286109448,41.1389609664937],[20.051934620354583,41.1392606585042],[20.05184664545111,41.13934623283969],[20.05171987508322,41.13954612899785],[20.051596799894675,41.13967378125169],[20.051554033536124,41.13969885947135],[20.051312551185998,41.13984046421586],[20.051274735932502,41.139851315481145],[20.05112440607523,41.13989590202748],[20.050800243734297,41.14000363451711],[20.05079070770594,41.14000684760243],[20.050587349728964,41.140244864857834],[20.050564934841383,41.14027109989477],[20.050456058546263,41.14039333158463],[20.050226069778002,41.14053689956994],[20.050020085079225,41.140665482352176],[20.049860788602924,41.14074997326953],[20.049630766010726,41.14085075094067],[20.049562166634225,41.14088669744852],[20.049494459883885,41.140945391953196],[20.049397845553894,41.14110919371738],[20.04934001633849,41.1411299217464],[20.049426350961507,41.14097779227522],[20.04951512710052,41.1408909265566],[20.049595565098063,41.14084251171724],[20.04965302108576,41.140805034610565],[20.049815975338376,41.14072251602497],[20.05017076354383,41.1405163315654],[20.050408129220394,41.14037109227626],[20.05052402482789,41.140242814398626]]]},"properties":{"Zk_Numer":1885,"Zk_Emer":"GURABARDH","Nr_Pas":"366","Vol":2,"Faqe":114,"Pronaret":"SHTET","Kufizimet":"","Siperfaqe":13910}},
{"type":"Feature","geometry":{"type":"Polygon","coordinates":[[[20.063834068948164,41.137310411762016],[20.063853407236056,41.137439894101604],[20.063673072435527,41.13736597792398],[20.06359289761125,41.13731467307832],[20.063505290086766,41.13725174829307],[20.06353072727551,41.13686589026219],[20.063770488356994,41.13682661841363],[20.06376182445162,41.13696743765092],[20.06375951277445,41.13700501051484],[20.06377767686737,41.13710879200037],[20.06379517858237,41.13720442122152],[20.063834068948164,41.137310411762016]]]},"properties":{"Zk_Numer":1885,"Zk_Emer":"GURABARDH","Nr_Pas":"111/1","Vol":1,"Faqe":216,"Pronaret":"ALIJE HUSHI SELMAN, ROLANDA HUSHI MUSA, ETLEVA HUSHI NUSA, MUSA HUSHI DEMIR","Kufizimet":"KUFIZOHET DERI NE PLOTESIMIN E DOKUMENTACIONIT TEKNIKO LIGJOR (CERTIFIKATE E GJENDJES FAMILJARE  AKTUALE)\r\n, MBI KETE PASURI NDODHET NJE NDERTIM PA LEJE","Siperfaqe":1288}},
{"type":"Feature","geometry":{"type":"Polygon","coordinates":[[[20.06316907443362,41.13720325347318],[20.063233076799623,41.136912424638055],[20.06353072727551,41.13686589026219],[20.063505290086766,41.13725174829307],[20.06316907443362,41.13720325347318]]]},"properties":{"Zk_Numer":1885,"Zk_Emer":"GURABARDH","Nr_Pas":"111/2","Vol":2,"Faqe":3,"Pronaret":"SUELA HUSHI MUSTAFA, DIJE HUSHI AHMET, GENTJAN HUSHI MUSTAFA, DURIM HUSHI MUSTAFA, MUSTAFA HUSHI DEMIR","Kufizimet":"KUFIZOHET DERI NE PLOTESIMIN E DOKUMENTACIONIT TEKNIKO LIGJOR (CERTIFIKATE E GJENDJES FAMILJARE  AKTUALE)\r\n","Siperfaqe":1000}},
{"type":"Feature","geometry":{"type":"Polygon","coordinates":[[[20.06316907443362,41.13720325347318],[20.063011931461094,41.1371992655707],[20.06301049196988,41.13719922903897],[20.063004050646576,41.13704346247088],[20.06303501880914,41.13699958256402],[20.0630275474082,41.136921208674636],[20.063233076799623,41.136912424638055],[20.06316907443362,41.13720325347318]]]},"properties":{"Zk_Numer":1885,"Zk_Emer":"GURABARDH","Nr_Pas":"111/3","Vol":2,"Faqe":94,"Pronaret":"BUKURI HUSHI VELI, SHKËLQIM HUSHI VELI, FADIL HUSHI VELI, FARI HUSHI DEMIR, VELI HUSHI DEMIR","Kufizimet":"KUFIZOHET DERI NE PLOTESIMIN E DOKUMENTACIONIT TEKNIKO LIGJOR (CERTIFIKATE E GJENDJES FAMILJARE  AKTUALE), KA DIFERENCE FAKT-DOKUMENT MBI 20% TE TOTALIT TE AMTP-SE\r\n","Siperfaqe":490}},
{"type":"Feature","geometry":{"type":"Polygon","coordinates":[[[20.06426107854665,41.136900767580435],[20.064332039146915,41.1370520335399],[20.06405244685436,41.13707957084514],[20.06377767686737,41.13710879200037],[20.06375951277445,41.13700501051484],[20.06376182445162,41.13696743765092],[20.06426107854665,41.136900767580435]]]},"properties":{"Zk_Numer":1885,"Zk_Emer":"GURABARDH","Nr_Pas":"118/1","Vol":1,"Faqe":195,"Pronaret":"SHTET","Kufizimet":"KJO PASURI OKUPOHET NGA ADIL HUSHI\r\n","Siperfaqe":745}},
{"type":"Feature","geometry":{"type":"Polygon","coordinates":[[[20.064400907555985,41.13725440803384],[20.063834068948164,41.137310411762016],[20.06379517858237,41.13720442122152],[20.06377767686737,41.13710879200037],[20.06405244685436,41.13707957084514],[20.064332039146915,41.1370520335399],[20.064400907555985,41.13725440803384]]]},"properties":{"Zk_Numer":1885,"Zk_Emer":"GURABARDH","Nr_Pas":"118/2","Vol":1,"Faqe":211,"Pronaret":"ERJON HUSHI KAMER, QERIME HUSHI ZEQIR, KLAUDJA HUSHI KAMER, KAMER HUSHI HYSEN","Kufizimet":"KA DIFERENCE FAKT-DOKUMENT MBI 20% TE TOTALIT TE AMTP-SE\r\n, MBI KETE PASURI NDODHET NJE NDERTIM PA LEJE","Siperfaqe":1100}},
{"type":"Feature","geometry":{"type":"Polygon","coordinates":[[[20.06448039021149,41.13738188696163],[20.064278176033937,41.137403634023016],[20.063853407236056,41.137439894101604],[20.063834068948164,41.137310411762016],[20.064400907555985,41.13725440803384],[20.06448039021149,41.13738188696163]]]},"properties":{"Zk_Numer":1885,"Zk_Emer":"GURABARDH","Nr_Pas":"118/3","Vol":1,"Faqe":224,"Pronaret":"SHTET","Kufizimet":"KJO PASURI POSEDOHET NGA RESHIT DANI SIPAS AMTP NR 79","Siperfaqe":750}},
{"type":"Feature","geometry":{"type":"Polygon","coordinates":[[[20.064466481877236,41.13746352675271],[20.063834967955508,41.137511532778554],[20.063853407236056,41.137439894101604],[20.064278176033937,41.137403634023016],[20.06448039021149,41.13738188696163],[20.064466481877236,41.13746352675271]]]},"properties":{"Zk_Numer":1885,"Zk_Emer":"GURABARDH","Nr_Pas":"118/4","Vol":1,"Faqe":217,"Pronaret":"ROLANDA HUSHI MUSA, MUSA HUSHI DEMIR, ALIJE HUSHI SELMAN, ETLEVA HUSHI NUSA","Kufizimet":"KUFIZOHET DERI NE PLOTESIMIN E DOKUMENTACIONIT TEKNIKO LIGJOR (CERTIFIKATE E GJENDJES FAMILJARE  AKTUALE)\r\n","Siperfaqe":433}},
{"type":"Feature","geometry":{"type":"Polygon","coordinates":[[[20.064447192906805,41.137541657481314],[20.06381652863493,41.13758317145169],[20.063834967955508,41.137511532778554],[20.064466481877236,41.13746352675271],[20.064447192906805,41.137541657481314]]]},"properties":{"Zk_Numer":1885,"Zk_Emer":"GURABARDH","Nr_Pas":"118/5","Vol":1,"Faqe":214,"Pronaret":"MUSTAFA HUSHI DEMIR, GENTJAN HUSHI MUSTAFA, SUELA HUSHI MUSTAFA, DIJE HUSHI AHMET, DURIM HUSHI MUSTAFA","Kufizimet":"KUFIZOHET DERI NE PLOTESIMIN E DOKUMENTACIONIT TEKNIKO LIGJOR (CERTIFIKATE E GJENDJES FAMILJARE  AKTUALE)\r\n","Siperfaqe":433}},
{"type":"Feature","geometry":{"type":"Polygon","coordinates":[[[20.06440382448911,41.13766570232355],[20.06380987143641,41.13769472246875],[20.06381652863493,41.13758317145169],[20.064447192906805,41.137541657481314],[20.06440382448911,41.13766570232355]]]},"properties":{"Zk_Numer":1885,"Zk_Emer":"GURABARDH","Nr_Pas":"118/6","Vol":1,"Faqe":231,"Pronaret":"BUKURI HUSHI VELI, FARI HUSHI DEMIR, VELI HUSHI DEMIR, SHKËLQIM HUSHI VELI, FADIL HUSHI VELI","Kufizimet":"KA DIFERENCE FAKT-DOKUMENT MBI 20% TE TOTALIT TE AMTP-SE\r\n, KUFIZOHET DERI NE PLOTESIMIN E DOKUMENTACIONIT TEKNIKO LIGJOR (CERTIFIKATE E GJENDJES FAMILJARE  AKTUALE)","Siperfaqe":664}},
{"type":"Feature","geometry":{"type":"Polygon","coordinates":[[[20.064370307126598,41.13780254761535],[20.063766355559988,41.13781561605725],[20.06380987143641,41.13769472246875],[20.06440382448911,41.13766570232355],[20.064370307126598,41.13780254761535]]]},"properties":{"Zk_Numer":1885,"Zk_Emer":"GURABARDH","Nr_Pas":"118/7","Vol":1,"Faqe":219,"Pronaret":"KADRI FILJA QAZIM, QAZIM FILJA MEHMET, XHEJE FILJA XHEMALI","Kufizimet":"KUFIZOHET DERI NE PLOTESIMIN E DOKUMENTACIONIT TEKNIKO LIGJOR (CERTIFIKATE E GJENDJES FAMILJARE  AKTUALE)","Siperfaqe":712}},
{"type":"Feature","geometry":{"type":"Polygon","coordinates":[[[20.064329799712077,41.13796793124304],[20.06370178371978,41.137977918256865],[20.063766355559988,41.13781561605725],[20.064370307126598,41.13780254761535],[20.064329799712077,41.13796793124304]]]},"properties":{"Zk_Numer":1885,"Zk_Emer":"GURABARDH","Nr_Pas":"118/8","Vol":1,"Faqe":196,"Pronaret":"SHTET","Kufizimet":"KJO PASURI OKUPOHET NGA PETRIT FILJA\r\n","Siperfaqe":935}},
{"type":"Feature","geometry":{"type":"Polygon","coordinates":[[[20.06428063590547,41.1381642042615],[20.063589395115592,41.138174037524514],[20.06370178371978,41.137977918256865],[20.064329799712077,41.13796793124304],[20.06428063590547,41.1381642042615]]]},"properties":{"Zk_Numer":1885,"Zk_Emer":"GURABARDH","Nr_Pas":"118/9","Vol":1,"Faqe":222,"Pronaret":"KADRI DANI ABDULLA, HANIFE DANI RRAPUSH, ABDULLA DANI LIMAN, FLUTUR DANI ABDULLA","Kufizimet":"KUFIZOHET DERI NE PLOTESIMIN E DOKUMENTACIONIT TEKNIKO LIGJOR (CERTIFIKATE E GJENDJES FAMILJARE  AKTUALE)","Siperfaqe":1200}},
{"type":"Feature","geometry":{"type":"Polygon","coordinates":[[[20.064241325165394,41.138224160056595],[20.063529998017952,41.138254556864894],[20.063589395115592,41.138174037524514],[20.06428063590547,41.1381642042615],[20.064241325165394,41.138224160056595]]]},"properties":{"Zk_Numer":1885,"Zk_Emer":"GURABARDH","Nr_Pas":"118/10","Vol":1,"Faqe":225,"Pronaret":"OSMAN DANI ISMAIL, ISMAIL DANI OSMAN, FATIME DANI LIMON, MIMOZA DANI ISMAIL, SUZANA DANI ISMAIL","Kufizimet":"KA DIFERENCE FAKT-DOKUMENT MBI 20% TE TOTALIT TE AMTP-SE\r\n, KUFIZOHET DERI NE PLOTESIMIN E DOKUMENTACIONIT TEKNIKO LIGJOR (CERTIFIKATE E GJENDJES FAMILJARE  AKTUALE)","Siperfaqe":450}},
{"type":"Feature","geometry":{"type":"Polygon","coordinates":[[[20.063450145509325,41.13836280541897],[20.06349007179644,41.13830868114908],[20.063529998017952,41.138254556864894],[20.064241325165394,41.138224160056595],[20.064202128809978,41.138283061160706],[20.063450145509325,41.13836280541897]]]},"properties":{"Zk_Numer":1885,"Zk_Emer":"GURABARDH","Nr_Pas":"118/11","Vol":1,"Faqe":116,"Pronaret":"ISLAM DANI OSMAN, KLODJANA DANI KUJTIM, LULJETA DANI SHYQERI, DRITA DANI ISLAM, FATIME DANI MUSTAFA, KUJTIM DANI ISLAM","Kufizimet":"KUFIZOHET DERI NE PLOTESIMIN E DOKUMENTACIONIT TEKNIKO LIGJOR (CERTIFIKATE E GJENDJES FAMILJARE  AKTUALE)","Siperfaqe":540}},
{"type":"Feature","geometry":{"type":"Polygon","coordinates":[[[20.06376775347268,41.138467554041874],[20.063531048714246,41.13853743314813],[20.063263016574382,41.138625316365086],[20.06320156311557,41.13857512365587],[20.063126349978678,41.1384946775748],[20.06310435594677,41.138418364553196],[20.063402689430816,41.13837043040855],[20.063450145509325,41.13836280541897],[20.064202128809978,41.138283061160706],[20.064086722436905,41.13837571652693],[20.06402491304852,41.1384242544166],[20.063921797189508,41.13843081243691],[20.063867775379354,41.13844078718611],[20.06376775347268,41.138467554041874]]]},"properties":{"Zk_Numer":1885,"Zk_Emer":"GURABARDH","Nr_Pas":"118/12","Vol":1,"Faqe":227,"Pronaret":"JONUZ DANI ISLAM, KLEVIS DANI JONUZ, LUMTURI DANI SHEFQET","Kufizimet":"KUFIZOHET DERI NE PLOTESIMIN E DOKUMENTACIONIT TEKNIKO LIGJOR (CERTIFIKATE E GJENDJES FAMILJARE  AKTUALE), KA DIFERENCE FAKT-DOKUMENT MBI 20% TE TOTALIT TE AMTP-SE\r\n","Siperfaqe":1490}},
{"type":"Feature","geometry":{"type":"Polygon","coordinates":[[[20.06376775347268,41.138467554041874],[20.06371514263727,41.13876470845735],[20.06336705079905,41.138802113123205],[20.063263016574382,41.138625316365086],[20.063531048714246,41.13853743314813],[20.06376775347268,41.138467554041874]]]},"properties":{"Zk_Numer":1885,"Zk_Emer":"GURABARDH","Nr_Pas":"118/13","Vol":2,"Faqe":50,"Pronaret":"SHTET","Kufizimet":"KJO PASURI OKUPOHET NGA FADIL HANOLJA, MBI KETE PASURI NDODHET NJE NDERTIM PA LEJE","Siperfaqe":975}},
{"type":"Feature","geometry":{"type":"Polygon","coordinates":[[[20.063505290086766,41.13725174829307],[20.06359289761125,41.13731467307832],[20.063673072435527,41.13736597792398],[20.06373336264678,41.13747189812849],[20.0637270814563,41.137644961014594],[20.063640963092073,41.137646823510124],[20.06357043760453,41.137648348728],[20.063291501698455,41.1376543807054],[20.063244658875306,41.13759024006439],[20.063151221605224,41.13746229844466],[20.06302290322627,41.13741617527724],[20.063011931461094,41.1371992655707],[20.06316907443362,41.13720325347318],[20.063505290086766,41.13725174829307]]]},"properties":{"Zk_Numer":1885,"Zk_Emer":"GURABARDH","Nr_Pas":"111/4","Vol":2,"Faqe":122,"Pronaret":"SHTET","Kufizimet":"KJO PASURI OKUPOHET NGA VELI HUSHI, MBI KETE PASURI NDODHEN TRE NDERTIME PA LEJE","Siperfaqe":2230}},
{"type":"Feature","geometry":{"type":"Polygon","coordinates":[[[20.06326290389475,41.13774675131821],[20.063275151351785,41.137707192190256],[20.063291501698455,41.1376543807054],[20.06357043760453,41.137648348728],[20.06355104091155,41.13776329495736],[20.06326290389475,41.13774675131821]]]},"properties":{"Zk_Numer":1885,"Zk_Emer":"GURABARDH","Nr_Pas":"111/5","Vol":1,"Faqe":221,"Pronaret":"PRONESI E PASAKTESUAR","Kufizimet":"KJO PASURI POSEDOHET NGA NAZMI S DANI SIPAS AMTP NR 73","Siperfaqe":275}},
{"type":"Feature","geometry":{"type":"Polygon","coordinates":[[[20.06355104091155,41.13776329495736],[20.063544633624094,41.13780130075669],[20.063491107182205,41.13789638661022],[20.063232733220154,41.1378442019982],[20.06326290389475,41.13774675131821],[20.06355104091155,41.13776329495736]]]},"properties":{"Zk_Numer":1885,"Zk_Emer":"GURABARDH","Nr_Pas":"111/6","Vol":1,"Faqe":226,"Pronaret":"PRONESI E PASAKTESUAR","Kufizimet":"KJO PASURI POSEDOHET NGA SKENDER S. DANI SIPAS AMTP-SE NR 81","Siperfaqe":315}},
{"type":"Feature","geometry":{"type":"Polygon","coordinates":[[[20.06340913056423,41.13804607353829],[20.06320002345455,41.13794669849724],[20.063232733220154,41.1378442019982],[20.063491107182205,41.13789638661022],[20.06340913056423,41.13804607353829]]]},"properties":{"Zk_Numer":1885,"Zk_Emer":"GURABARDH","Nr_Pas":"111/7","Vol":1,"Faqe":223,"Pronaret":"PRONESI E PASAKTESUAR","Kufizimet":"KJO PASURI POSEDOHET NGA LUAN S. DANI SIPAS AMTP NR 77","Siperfaqe":315}},
{"type":"Feature","geometry":{"type":"Polygon","coordinates":[[[20.059171720158478,41.138702979670626],[20.059114526853644,41.13858240889258],[20.059051814503828,41.138501500300556],[20.05894511647488,41.138433361256794],[20.058942250789556,41.13841482379987],[20.059070376577335,41.1383213039735],[20.05923283320415,41.13827619019348],[20.059401600360893,41.13827722056765],[20.05964191637914,41.13833976672286],[20.05977298547871,41.13834068423405],[20.059856831559607,41.13831364412318],[20.059952486073882,41.13826537552573],[20.06010381758752,41.13818142251627],[20.060348844497682,41.13814093241701],[20.060687975181892,41.13808489095633],[20.06092110225654,41.137968786601945],[20.061306808567775,41.137930493156325],[20.061471429309226,41.13790110413367],[20.061782924300125,41.13780332968203],[20.06198937942065,41.1377543422157],[20.062035138640404,41.13766171898359],[20.062226711887142,41.13755440228659],[20.062478277732506,41.13750073820098],[20.06261897046532,41.1374963698905],[20.062800751907243,41.13746887569703],[20.062972215082027,41.13740875536925],[20.0629667731413,41.13721563775931],[20.062976134439275,41.13702911821484],[20.06301498754093,41.13698863636077],[20.062985479130482,41.136921100490085],[20.0630275474082,41.136921208674636],[20.06303501880914,41.13699958256402],[20.063004050646576,41.13704346247088],[20.06301049196988,41.13719922903897],[20.063011931461094,41.1371992655707],[20.06302290322627,41.13741617527724],[20.063151221605224,41.13746229844466],[20.063244658875306,41.13759024006439],[20.063291501698455,41.1376543807054],[20.063275151351785,41.137707192190256],[20.063193057309746,41.137612518527305],[20.063130677729006,41.13751647043759],[20.063073830479556,41.137472547916964],[20.062923220979624,41.137474404068136],[20.062745431417152,41.13754348550972],[20.062575660237655,41.13756404592752],[20.06249559676202,41.137559184405106],[20.062190334047646,41.13764816388939],[20.062100731814542,41.13769455843373],[20.06205218036685,41.13778006948037],[20.06200862605795,41.13782564182008],[20.061755863464462,41.13787554536876],[20.061480634106267,41.137968922892135],[20.06131501584873,41.13800403975611],[20.060952304688442,41.13803263996175],[20.06072687190909,41.138139288596925],[20.060366809815644,41.13819578097155],[20.060158196072777,41.13826858489621],[20.06000063804515,41.13835076727675],[20.059748563703558,41.13839982311148],[20.05952582921002,41.13836123047405],[20.059393878234108,41.138323203452636],[20.05927953719609,41.13831386517003],[20.059177872400106,41.138335938637134],[20.059045431478932,41.138401644148594],[20.059153501050083,41.138473957436354],[20.05924143225879,41.13872796538964],[20.05943816495451,41.13880696983179],[20.059577461967276,41.1389238649321],[20.059911838765377,41.13919374747523],[20.05997730834829,41.13929236307907],[20.05995006616726,41.13937680957992],[20.059884233807054,41.139480618002324],[20.05988691351917,41.13985622492209],[20.0598146304682,41.13996610467716],[20.059696838079027,41.1400786191809],[20.059668639775612,41.140125435455154],[20.059596917265292,41.14030567848683],[20.059650510010357,41.14040426061107],[20.059717052571305,41.14048814745718],[20.059829598181853,41.1405909134879],[20.06006293036788,41.14080396904168],[20.06011600482631,41.14086616404134],[20.060152385042194,41.140964368106744],[20.060150530619207,41.14102976826623],[20.06015050145522,41.141030796795185],[20.05998420460133,41.14130442723523],[20.059936609082893,41.14135989191112],[20.059890877055263,41.14144664992379],[20.05984180284438,41.14153840502299],[20.059833859986366,41.14157741300164],[20.05983491639612,41.14163180745119],[20.059870836001895,41.1416753280291],[20.059969197586693,41.14171371832025],[20.060144704933997,41.14178221809726],[20.060396588442025,41.141911648395016],[20.060467750369927,41.142025847347526],[20.06038145084202,41.14222271689866],[20.060209772233037,41.14239464774786],[20.06010347431845,41.142391134215856],[20.060316603344056,41.14219133165745],[20.060383983191247,41.14202215555941],[20.060311879196934,41.14190855247558],[20.05991014210862,41.14173082840971],[20.05985467373531,41.14170925252485],[20.05981145652395,41.14166512380038],[20.059799437172828,41.14163770060564],[20.05979489129573,41.14158956877217],[20.05980759921513,41.14153865560675],[20.059821812735667,41.14151878037117],[20.059841818457446,41.14148232592918],[20.05986795216948,41.141429075570755],[20.05988227530318,41.14138871155719],[20.059927927613163,41.14132655319466],[20.06009764288281,41.141032847110594],[20.060072022068113,41.14087225426191],[20.059973364356683,41.140775914165594],[20.05979165952866,41.140598476888],[20.059678989543375,41.14051019713881],[20.059607805732472,41.14042045923535],[20.059546421726747,41.14030754518253],[20.059623944196957,41.140112726868615],[20.059641970373782,41.14005893178286],[20.05976392347629,41.139946683673],[20.059834582376045,41.139850118904306],[20.05983267518605,41.139667662396135],[20.05983063702924,41.139472675403205],[20.05988810471503,41.139371542766234],[20.05989992618404,41.13927834439998],[20.059871779102135,41.13922114648944],[20.05964876767821,41.13906168277015],[20.05938827556348,41.13883633721501],[20.05919656338984,41.138755011373526],[20.059171720158478,41.138702979670626]]]},"properties":{"Zk_Numer":1885,"Zk_Emer":"GURABARDH","Nr_Pas":"373","Vol":2,"Faqe":145,"Pronaret":"SHTET","Kufizimet":"","Siperfaqe":5433}},
{"type":"Feature","geometry":{"type":"Polygon","coordinates":[[[20.062985479130482,41.136921100490085],[20.06301498754093,41.13698863636077],[20.062976134439275,41.13702911821484],[20.0629667731413,41.13721563775931],[20.062972215082027,41.13740875536925],[20.062800751907243,41.13746887569703],[20.06261897046532,41.1374963698905],[20.062577850316853,41.13738751187897],[20.062579770880156,41.137344815694355],[20.06258409212222,41.13724874964212],[20.062630097507956,41.13697533732219],[20.062799364025985,41.136933916817675],[20.062985479130482,41.136921100490085]]]},"properties":{"Zk_Numer":1885,"Zk_Emer":"GURABARDH","Nr_Pas":"115/1","Vol":1,"Faqe":243,"Pronaret":"FATIME DANI LIMON, MIMOZA DANI ISMAIL, OSMAN DANI ISMAIL, SUZANA DANI ISMAIL, ISMAIL DANI OSMAN","Kufizimet":"KUFIZOHET DERI NE PLOTESIMIN E DOKUMENTACIONIT TEKNIKO LIGJOR (CERTIFIKATE E GJENDJES FAMILJARE  AKTUALE), KA DIFERENCE FAKT-DOKUMENT MBI 20% TE TOTALIT TE AMTP-SE\r\n","Siperfaqe":1830}},
{"type":"Feature","geometry":{"type":"Polygon","coordinates":[[[20.062333605333414,41.13741568467325],[20.062352852823267,41.13711064140778],[20.062630097507956,41.13697533732219],[20.06258409212222,41.13724874964212],[20.062579770880156,41.137344815694355],[20.062333605333414,41.13741568467325]]]},"properties":{"Zk_Numer":1885,"Zk_Emer":"GURABARDH","Nr_Pas":"115/2","Vol":1,"Faqe":249,"Pronaret":"SHTET","Kufizimet":"KJO PASURI OKUPOHET NGA ALI DANI\r\n","Siperfaqe":775}},
{"type":"Feature","geometry":{"type":"Polygon","coordinates":[[[20.061965522997884,41.137476374182654],[20.062153421579133,41.13717630026542],[20.062352852823267,41.13711064140778],[20.062333605333414,41.13741568467325],[20.061965522997884,41.137476374182654]]]},"properties":{"Zk_Numer":1885,"Zk_Emer":"GURABARDH","Nr_Pas":"115/3","Vol":1,"Faqe":240,"Pronaret":"ABDULLA DANI LIMAN, HANIFE DANI RRAPUSH, FLUTUR DANI ABDULLA, KADRI DANI ABDULLA","Kufizimet":"KUFIZOHET DERI NE PLOTESIMIN E DOKUMENTACIONIT TEKNIKO LIGJOR (CERTIFIKATE E GJENDJES FAMILJARE  AKTUALE)","Siperfaqe":740}},
{"type":"Feature","geometry":{"type":"Polygon","coordinates":[[[20.06192946412065,41.137465138439346],[20.061528075464203,41.13752379906518],[20.061339310670242,41.13727914811957],[20.06199043378402,41.13706554184005],[20.062111053462587,41.13718379706021],[20.06192946412065,41.137465138439346]]]},"properties":{"Zk_Numer":1885,"Zk_Emer":"GURABARDH","Nr_Pas":"110/1","Vol":1,"Faqe":248,"Pronaret":"PRONESI E PASAKTESUAR","Kufizimet":"KJO PASURI POSEDOHET NGA IBRAHIM R. HUSHI SIPAS AMTP-SE NR 89","Siperfaqe":1920}},
{"type":"Feature","geometry":{"type":"Polygon","coordinates":[[[20.061339310670242,41.13727914811957],[20.061326952992825,41.13712505092047],[20.061291903270664,41.136965352390504],[20.06126691520154,41.1369008826599],[20.06160809827316,41.13693324372166],[20.061907305241668,41.136952449506566],[20.06199043378402,41.13706554184005],[20.061339310670242,41.13727914811957]]]},"properties":{"Zk_Numer":1885,"Zk_Emer":"GURABARDH","Nr_Pas":"110/2","Vol":1,"Faqe":250,"Pronaret":"PRONESI E PASAKTESUAR","Kufizimet":"KJO PASURI POSEDOHET NGA KUJTIM I. HUSHI SIPAS AMTP NR 70","Siperfaqe":1485}},
{"type":"Feature","geometry":{"type":"Polygon","coordinates":[[[20.061339310670242,41.13727914811957],[20.06100448909301,41.13744759454702],[20.060957339338458,41.13689218555531],[20.06126691520154,41.1369008826599],[20.061291903270664,41.136965352390504],[20.061326952992825,41.13712505092047],[20.061339310670242,41.13727914811957]]]},"properties":{"Zk_Numer":1885,"Zk_Emer":"GURABARDH","Nr_Pas":"110/3","Vol":2,"Faqe":1,"Pronaret":"SHTET","Kufizimet":"KJO PASURI OKUPOHET NGA MUSA HUSHI\r\n","Siperfaqe":1485}},
{"type":"Feature","geometry":{"type":"Polygon","coordinates":[[[20.06068760251903,41.13757789193849],[20.060671356509395,41.137518718298985],[20.060715822187888,41.13739001655181],[20.06072644966899,41.13720390022923],[20.06066867312128,41.136884075126574],[20.060957339338458,41.13689218555531],[20.06100448909301,41.13744759454702],[20.06068760251903,41.13757789193849]]]},"properties":{"Zk_Numer":1885,"Zk_Emer":"GURABARDH","Nr_Pas":"110/4","Vol":1,"Faqe":239,"Pronaret":"HANIFE DANI RRAPUSH, KADRI DANI ABDULLA, FLUTUR DANI ABDULLA, ABDULLA DANI LIMAN","Kufizimet":"KUFIZOHET DERI NE PLOTESIMIN E DOKUMENTACIONIT TEKNIKO LIGJOR (CERTIFIKATE E GJENDJES FAMILJARE  AKTUALE)","Siperfaqe":1630}},
{"type":"Feature","geometry":{"type":"Polygon","coordinates":[[[20.06069021801359,41.13652917653404],[20.06122379333189,41.136657564941125],[20.06126691520154,41.1369008826599],[20.060957339338458,41.13689218555531],[20.06066867312128,41.136884075126574],[20.06069505490218,41.13666019202144],[20.06069021801359,41.13652917653404]]]},"properties":{"Zk_Numer":1885,"Zk_Emer":"GURABARDH","Nr_Pas":"110/5","Vol":1,"Faqe":241,"Pronaret":"AMARILDA DANI ALI, ALI DANI ABDULLA, MARSIDA DANI ALI, RESMIJE DANI SULEJMAN, MATILDA DANI ALI","Kufizimet":"KUFIZOHET DERI NE PLOTESIMIN E DOKUMENTACIONIT TEKNIKO LIGJOR (CERTIFIKATE E GJENDJES FAMILJARE  AKTUALE)","Siperfaqe":1550}},
{"type":"Feature","geometry":{"type":"Polygon","coordinates":[[[20.06065822824143,41.136663330222966],[20.060647763556144,41.136883487618725],[20.06007123824088,41.13684147889356],[20.060083106270685,41.13668048278496],[20.06044264459225,41.13661171036972],[20.06065822824143,41.136663330222966]]]},"properties":{"Zk_Numer":1885,"Zk_Emer":"GURABARDH","Nr_Pas":"110/6","Vol":2,"Faqe":2,"Pronaret":"SHTET","Kufizimet":"KJO PASURI OKUPOHET NGA VELI HUSHI\r\n","Siperfaqe":1180}},
{"type":"Feature","geometry":{"type":"Polygon","coordinates":[[[20.060002001200736,41.13714036063744],[20.060702523313005,41.13720136090847],[20.060645887508446,41.13746741834293],[20.059984589330053,41.13747963007421],[20.060002001200736,41.13714036063744]]]},"properties":{"Zk_Numer":1885,"Zk_Emer":"GURABARDH","Nr_Pas":"110/8","Vol":1,"Faqe":213,"Pronaret":"DIJE HUSHI AHMET, MUSTAFA HUSHI DEMIR, GENTJAN HUSHI MUSTAFA, SUELA HUSHI MUSTAFA, DURIM HUSHI MUSTAFA","Kufizimet":"MBI KETE PASURI NDODHET NJE NDERTIM PA LEJE, KUFIZOHET DERI NE PLOTESIMIN E DOKUMENTACIONIT TEKNIKO LIGJOR (CERTIFIKATE E GJENDJES FAMILJARE  AKTUALE)\r\n","Siperfaqe":1930}},
{"type":"Feature","geometry":{"type":"Polygon","coordinates":[[[20.060702523313005,41.13720136090847],[20.060002001200736,41.13714036063744],[20.06007123824088,41.13684147889356],[20.060647763556144,41.136883487618725],[20.060702523313005,41.13720136090847]]]},"properties":{"Zk_Numer":1885,"Zk_Emer":"GURABARDH","Nr_Pas":"110/7","Vol":1,"Faqe":242,"Pronaret":"MIMOZA DANI ISMAIL, OSMAN DANI ISMAIL, FATIME DANI LIMON, ISMAIL DANI OSMAN, SUZANA DANI ISMAIL","Kufizimet":"KUFIZOHET DERI NE PLOTESIMIN E DOKUMENTACIONIT TEKNIKO LIGJOR (CERTIFIKATE E GJENDJES FAMILJARE  AKTUALE)","Siperfaqe":1840}},
{"type":"Feature","geometry":{"type":"Polygon","coordinates":[[[20.05938818020958,41.13735818126632],[20.059346868343095,41.137194142205345],[20.059348103000673,41.13714610628818],[20.05932099584983,41.137032941623524],[20.05931544317492,41.13700875116545],[20.05928523340436,41.13687714073073],[20.059575266604668,41.136859857954924],[20.059603486346134,41.13685817633051],[20.059854626718614,41.13684321047824],[20.06007123824088,41.13684147889356],[20.060002001200736,41.13714036063744],[20.059984589330053,41.13747963007421],[20.05942207078536,41.137416159085404],[20.05938818020958,41.13735818126632]]]},"properties":{"Zk_Numer":1885,"Zk_Emer":"GURABARDH","Nr_Pas":"110/9","Vol":2,"Faqe":4,"Pronaret":"SHTET","Kufizimet":"KJO PASURI OKUPOHET NGA MUSA HUSHI\r\n","Siperfaqe":3689}},
{"type":"Feature","geometry":{"type":"Polygon","coordinates":[[[20.05610712074469,41.13778688641908],[20.056125504815995,41.13793863781579],[20.055928823399245,41.138006911701],[20.055825929960662,41.13796182429434],[20.055727556898997,41.13767365496177],[20.055552875623842,41.137520223462545],[20.055924164740166,41.13743486684524],[20.056083941218425,41.137458146606065],[20.05610712074469,41.13778688641908]]]},"properties":{"Zk_Numer":1885,"Zk_Emer":"GURABARDH","Nr_Pas":"24/1","Vol":1,"Faqe":245,"Pronaret":"PRONESI E PASAKTESUAR","Kufizimet":"KJO PASURI POSEDOHET NGA SKENDER S. DANI SIPAS AMTP-SE NR 81","Siperfaqe":1850}},
{"type":"Feature","geometry":{"type":"Polygon","coordinates":[[[20.057053035040628,41.13805814716293],[20.05726569490338,41.13801433126103],[20.057493819772482,41.138155841460495],[20.05764991371616,41.1383198636045],[20.057840345556667,41.13854047685454],[20.057893349076068,41.13864803694278],[20.057485789364215,41.138741379342505],[20.05718669052561,41.13872719985681],[20.057192217696254,41.13859260911564],[20.05713623542553,41.138454775653315],[20.05697936378351,41.13831552735815],[20.05685840453717,41.138172063035334],[20.057053035040628,41.13805814716293]]]},"properties":{"Zk_Numer":1885,"Zk_Emer":"GURABARDH","Nr_Pas":"81/7","Vol":1,"Faqe":244,"Pronaret":"SUZANA DANI ISMAIL, OSMAN DANI ISMAIL, ISMAIL DANI OSMAN, FATIME DANI LIMON, MIMOZA DANI ISMAIL","Kufizimet":"KUFIZOHET DERI NE PLOTESIMIN E DOKUMENTACIONIT TEKNIKO LIGJOR (CERTIFIKATE E GJENDJES FAMILJARE  AKTUALE), KA DIFERENCE FAKT-DOKUMENT MBI 20% TE TOTALIT TE AMTP-SE\r\n","Siperfaqe":3900}},
{"type":"Feature","geometry":{"type":"Polygon","coordinates":[[[20.059223334573574,41.13926847964832],[20.0591180501763,41.13946692961833],[20.05919784742774,41.13966532093767],[20.059153760600413,41.13985933899597],[20.05904710162421,41.1399573538312],[20.05885679123032,41.13992920283722],[20.058540640056307,41.139775289635914],[20.058463091832834,41.13973753626605],[20.058367456067096,41.13969097707355],[20.058053761104656,41.139696968059724],[20.05789913028481,41.13967008441071],[20.057824279346924,41.13955969984458],[20.057728688073325,41.13941872836965],[20.05763775968602,41.13928463276297],[20.05744786884742,41.13921598294365],[20.057827048452424,41.13900332486233],[20.057857715317702,41.138984393693484],[20.05815635780246,41.139345007712734],[20.058333739457883,41.13948149029635],[20.058914898974933,41.13917284050941],[20.059121926154983,41.139228318867424],[20.059223334573574,41.13926847964832]]]},"properties":{"Zk_Numer":1885,"Zk_Emer":"GURABARDH","Nr_Pas":"81/1","Vol":2,"Faqe":5,"Pronaret":"SHTET","Kufizimet":"KJO PASURI OKUPOHET NGA HASAN SHARRA\r\n","Siperfaqe":7225}},
{"type":"Feature","geometry":{"type":"Polygon","coordinates":[[[20.05876250755837,41.13898997865789],[20.058914898974933,41.13917284050941],[20.058333739457883,41.13948149029635],[20.05815635780246,41.139345007712734],[20.057857715317706,41.138984393693484],[20.058166818723247,41.138793577924616],[20.05849858451068,41.138669526302046],[20.058708908397236,41.13875301147833],[20.05876250755837,41.13898997865789]]]},"properties":{"Zk_Numer":1885,"Zk_Emer":"GURABARDH","Nr_Pas":"81/2","Vol":1,"Faqe":237,"Pronaret":"PRONESI E PASAKTESUAR","Kufizimet":"KJO PASURI POSEDOHET NGA DEMIR H. SHARRA SIPAS AMTP NR 26","Siperfaqe":4580}},
{"type":"Feature","geometry":{"type":"Polygon","coordinates":[[[20.05938827556348,41.13883633721501],[20.05964876767821,41.13906168277015],[20.059871779102135,41.13922114648944],[20.05972292910332,41.1392748721561],[20.059570261466632,41.13918324714021],[20.059351786902557,41.13916103757103],[20.059223334573574,41.13926847964832],[20.059121926154983,41.139228318867424],[20.058914898974933,41.13917284050941],[20.05938827556348,41.13883633721501]]]},"properties":{"Zk_Numer":1885,"Zk_Emer":"GURABARDH","Nr_Pas":"81/3","Vol":2,"Faqe":6,"Pronaret":"SHTET","Kufizimet":"KJO PASURI OKUPOHET NGA MUSTAFA SHARRA\r\n","Siperfaqe":1710}},
{"type":"Feature","geometry":{"type":"Polygon","coordinates":[[[20.05938827556348,41.13883633721501],[20.058914898974933,41.13917284050941],[20.05876250755837,41.13898997865789],[20.059171720158478,41.138702979670626],[20.05919656338984,41.138755011373526],[20.05938827556348,41.13883633721501]]]},"properties":{"Zk_Numer":1885,"Zk_Emer":"GURABARDH","Nr_Pas":"81/4","Vol":1,"Faqe":235,"Pronaret":"SHTET","Kufizimet":"KJO PASURI OKUPOHET NGA FISNIK SHARRA","Siperfaqe":1150}},
{"type":"Feature","geometry":{"type":"Polygon","coordinates":[[[20.059051814503828,41.138501500300556],[20.059114526853644,41.13858240889258],[20.059171720158478,41.138702979670626],[20.05876250755837,41.13898997865789],[20.058708908397236,41.13875301147833],[20.059051814503828,41.138501500300556]]]},"properties":{"Zk_Numer":1885,"Zk_Emer":"GURABARDH","Nr_Pas":"81/5","Vol":1,"Faqe":236,"Pronaret":"SHTET","Kufizimet":"KJO PASURI OKUPOHET NGA BUJAR SHARRA","Siperfaqe":1000}},
{"type":"Feature","geometry":{"type":"Polygon","coordinates":[[[20.058166818723247,41.138793577924616],[20.057857715317706,41.138984393693484],[20.057827048452424,41.13900332486233],[20.05744786884742,41.13921598294365],[20.057271559586408,41.139131261836646],[20.05713732945874,41.13907007464557],[20.057052967613597,41.138999538773774],[20.05705071821355,41.138891477809075],[20.05718669052561,41.13872719985681],[20.057485789364215,41.138741379342505],[20.057893349076068,41.13864803694278],[20.058166818723247,41.138793577924616]]]},"properties":{"Zk_Numer":1885,"Zk_Emer":"GURABARDH","Nr_Pas":"81/6","Vol":1,"Faqe":238,"Pronaret":"FABJOLA FILJA BASHKIM, BASHKIM FILJA QAZIM, FATIME FILJA QERIM, JONIDA FILJA BASHKIM, RENADA FILJA BASHKIM, MABEL FILJA MEHMET, DARIEN FILJA MEHMET, DENISA FILJA PETRIT, MEHMET FILJA BASHKIM","Kufizimet":"KA DIFERENCE FAKT-DOKUMENT MBI 20% TE TOTALIT TE AMTP-SE\r\n","Siperfaqe":3358}},
{"type":"Feature","geometry":{"type":"Polygon","coordinates":[[[20.057053035040628,41.13805814716293],[20.05685840453717,41.138172063035334],[20.056800585390103,41.138050062621396],[20.056737817777417,41.137965428930556],[20.05648706169107,41.13788351106071],[20.056341479887948,41.1378810477435],[20.056125504815995,41.13793863781579],[20.05610712074469,41.13778688641908],[20.056225758911978,41.137761533958574],[20.056565963591932,41.137758315586275],[20.056821425854675,41.1378319782419],[20.057053035040628,41.13805814716293]]]},"properties":{"Zk_Numer":1885,"Zk_Emer":"GURABARDH","Nr_Pas":"81/8","Vol":2,"Faqe":7,"Pronaret":"SHTET","Kufizimet":"KJO PASURI OKUPOHET NGA XHEVAHIR BODANI\r\n","Siperfaqe":1350}},
{"type":"Feature","geometry":{"type":"Polygon","coordinates":[[[20.057893349076068,41.13864803694278],[20.057840345556667,41.13854047685454],[20.05764991371616,41.1383198636045],[20.057493819772482,41.138155841460495],[20.05726569490338,41.13801433126103],[20.057053035040628,41.13805814716293],[20.056821425854675,41.1378319782419],[20.056565963591932,41.137758315586275],[20.0566770721324,41.137538083726895],[20.056874491536107,41.13728285820091],[20.057076609761765,41.137371139544626],[20.05730709603199,41.137471177484024],[20.05757567595128,41.137515818992355],[20.057838015061908,41.13723922664058],[20.0579149451998,41.13715811622749],[20.058553664432708,41.13719328846873],[20.058601558294622,41.13712064533152],[20.058609330482366,41.13686658228952],[20.05864516161528,41.1368967798846],[20.058676407270102,41.136954768025625],[20.058688040336442,41.137223072180404],[20.0589631947558,41.137319890952796],[20.059044954907947,41.13739637761859],[20.059335108243133,41.13736408753096],[20.05938818020958,41.13735818126632],[20.05942207078536,41.137416159085404],[20.059984589330053,41.13747963007421],[20.060645887508446,41.13746741834293],[20.060616926000826,41.13754719667598],[20.060569677360707,41.137629518074064],[20.060485259856637,41.13772626689248],[20.06038063438129,41.13778543901673],[20.060313901987897,41.137802078177295],[20.060240404021137,41.13782040422211],[20.06016710391002,41.13786127905496],[20.059967140914967,41.137862102732434],[20.059964378769507,41.1380114890315],[20.059952486073882,41.13826537552573],[20.059856831559607,41.13831364412318],[20.05977298547871,41.13834068423405],[20.05964191637914,41.13833976672286],[20.059401600360893,41.13827722056765],[20.05923283320415,41.13827619019348],[20.059070376577335,41.1383213039735],[20.058942250789556,41.13841482379987],[20.05894511647488,41.138433361256794],[20.059051814503828,41.138501500300556],[20.058708908397236,41.13875301147833],[20.05849858451068,41.138669526302046],[20.058166818723247,41.138793577924616],[20.057893349076068,41.13864803694278]]]},"properties":{"Zk_Numer":1885,"Zk_Emer":"GURABARDH","Nr_Pas":"81","Vol":2,"Faqe":115,"Pronaret":"SHTET","Kufizimet":"","Siperfaqe":33766}},
{"type":"Feature","geometry":{"type":"Polygon","coordinates":[[[20.063275151351785,41.137707192190256],[20.06326290389475,41.13774675131821],[20.063232733220154,41.1378442019982],[20.06320002345455,41.13794669849724],[20.06340913056423,41.13804607353829],[20.06340873021655,41.138091785025274],[20.063406578756442,41.13814692659411],[20.063388953079787,41.1381743478387],[20.06335177831566,41.13821481967896],[20.063334454699667,41.138237091876995],[20.063332359402597,41.1382572787154],[20.063336794113404,41.138271362595056],[20.063349296798563,41.13827919766672],[20.063373708504482,41.13827787736457],[20.06339770291956,41.13827890138339],[20.06342208575511,41.13828653842159],[20.06343326189066,41.13829584135609],[20.063432120277156,41.138310096431624],[20.063402689430816,41.13837043040855],[20.06310435594677,41.138418364553196],[20.062922580210657,41.138274861956845],[20.06219700962071,41.13812824385591],[20.061931847042562,41.13805188319975],[20.061536462445094,41.138091142634885],[20.061480634106267,41.137968922892135],[20.061755863464462,41.13787554536876],[20.06200862605795,41.13782564182008],[20.06205218036685,41.13778006948037],[20.062100731814542,41.13769455843373],[20.062190334047646,41.13764816388939],[20.062195794066486,41.137861549384326],[20.06245409506647,41.13784722335965],[20.062546797800387,41.13784650613533],[20.062720853100096,41.1378367998149],[20.062845937826946,41.137763493166105],[20.063193057309746,41.137612518527305],[20.063275151351785,41.137707192190256]]]},"properties":{"Zk_Numer":1885,"Zk_Emer":"GURABARDH","Nr_Pas":"5","Vol":2,"Faqe":62,"Pronaret":"SHTET","Kufizimet":"","Siperfaqe":6689}},
{"type":"Feature","geometry":{"type":"Polygon","coordinates":[[[20.060501987667827,41.138326858925055],[20.060366809815644,41.13819578097155],[20.06072687190909,41.138139288596925],[20.060952304688442,41.13803263996175],[20.06131501584873,41.13800403975611],[20.061480634106267,41.137968922892135],[20.061536462445094,41.138091142634885],[20.061084986550064,41.13818458741016],[20.060501987667827,41.138326858925055]]]},"properties":{"Zk_Numer":1885,"Zk_Emer":"GURABARDH","Nr_Pas":"5/15","Vol":2,"Faqe":16,"Pronaret":"SHTET","Kufizimet":"KJO PASURI OKUPOHET NGA HASAN SHARRA\r\n","Siperfaqe":1500}},
{"type":"Feature","geometry":{"type":"Polygon","coordinates":[[[20.060501987667827,41.138326858925055],[20.061084986550064,41.13818458741016],[20.061536462445094,41.138091142634885],[20.061931847042562,41.13805188319975],[20.06219700962071,41.13812824385591],[20.061122213013316,41.13835541846499],[20.060637166058356,41.13845793671657],[20.060501987667827,41.138326858925055]]]},"properties":{"Zk_Numer":1885,"Zk_Emer":"GURABARDH","Nr_Pas":"5/14","Vol":2,"Faqe":15,"Pronaret":"SHTET","Kufizimet":"KJO PASURI OKUPOHET  NGA ISLAM SHARRA\r\n","Siperfaqe":2300}},
{"type":"Feature","geometry":{"type":"Polygon","coordinates":[[[20.06221610442674,41.13911927283079],[20.061206133617734,41.13902874759302],[20.06114242509412,41.13915113365322],[20.060843640458636,41.13910336138378],[20.060904912557444,41.138937079254184],[20.06085370296124,41.13864105467266],[20.06232610123969,41.138284276704496],[20.062382107106174,41.138482790242385],[20.06238922402643,41.138761051258456],[20.06221610442674,41.13911927283079]]]},"properties":{"Zk_Numer":1885,"Zk_Emer":"GURABARDH","Nr_Pas":"5/12","Vol":2,"Faqe":23,"Pronaret":"SHTET","Kufizimet":"KJO PASURI OKUPOHET NGA ALI SHARRA\r\n","Siperfaqe":8620}},
{"type":"Feature","geometry":{"type":"Polygon","coordinates":[[[20.060637166058356,41.13845793671657],[20.06085370296124,41.13864105467266],[20.059865394187977,41.13885163618955],[20.059577461967276,41.1389238649321],[20.05943816495451,41.13880696983179],[20.05924143225879,41.13872796538964],[20.059153501050083,41.138473957436354],[20.059045431478932,41.138401644148594],[20.059177872400106,41.138335938637134],[20.05927953719609,41.13831386517003],[20.059393878234108,41.138323203452636],[20.05952582921002,41.13836123047405],[20.059748563703558,41.13839982311148],[20.06000063804515,41.13835076727675],[20.060158196072777,41.13826858489621],[20.060366809815644,41.13819578097155],[20.060501987667827,41.138326858925055],[20.060637166058356,41.13845793671657]]]},"properties":{"Zk_Numer":1885,"Zk_Emer":"GURABARDH","Nr_Pas":"5/17","Vol":2,"Faqe":12,"Pronaret":"SHTET","Kufizimet":"KJO PASURI OKUPOHET NGA BUJAR SHARRA","Siperfaqe":6690}},
{"type":"Feature","geometry":{"type":"Polygon","coordinates":[[[20.06114242509412,41.13915113365322],[20.06102649410028,41.13937383944413],[20.06072746051202,41.139415130760604],[20.060429456982813,41.139340528546754],[20.060115558039865,41.13930904938968],[20.05997730834829,41.13929236307907],[20.059911838765377,41.13919374747523],[20.059577461967276,41.1389238649321],[20.059865394187977,41.13885163618955],[20.06085370296124,41.13864105467266],[20.060904912557444,41.138937079254184],[20.060843640458636,41.13910336138378],[20.06114242509412,41.13915113365322]]]},"properties":{"Zk_Numer":1885,"Zk_Emer":"GURABARDH","Nr_Pas":"5/16","Vol":2,"Faqe":11,"Pronaret":"SHTET","Kufizimet":"KJO PASURI OKUPOHET NGA FISNIK SHARRA","Siperfaqe":6500}},
{"type":"Feature","geometry":{"type":"Polygon","coordinates":[[[20.063069149770882,41.139580041287346],[20.062965784004053,41.139927569498454],[20.062867773571597,41.14022248819123],[20.062668241791968,41.14024285416569],[20.061654814835055,41.1400767191092],[20.06139095511608,41.140054465201366],[20.061553573415864,41.140021391962435],[20.06166676247274,41.139995243775296],[20.061715508706907,41.13995645506449],[20.061737320109415,41.13989690551762],[20.061771967875625,41.139817217020145],[20.061815888928443,41.13970629772198],[20.06183235272676,41.13963226857136],[20.061844372058406,41.139515526881354],[20.061852645683167,41.13944556957747],[20.062418599735743,41.13949470470007],[20.063069149770882,41.139580041287346]]]},"properties":{"Zk_Numer":1885,"Zk_Emer":"GURABARDH","Nr_Pas":"5/9","Vol":1,"Faqe":128,"Pronaret":"PRONESI E PASAKTESUAR","Kufizimet":"","Siperfaqe":7780}},
{"type":"Feature","geometry":{"type":"Polygon","coordinates":[[[20.06114242509412,41.13915113365322],[20.061206133617734,41.13902874759302],[20.06221610442674,41.13911927283079],[20.062495384731815,41.13914430354718],[20.062415194904524,41.139347541518866],[20.062418599735743,41.13949470470007],[20.061852645683167,41.13944556957747],[20.061828972203767,41.13944351422597],[20.06102649410028,41.13937383944413],[20.06114242509412,41.13915113365322]]]},"properties":{"Zk_Numer":1885,"Zk_Emer":"GURABARDH","Nr_Pas":"5/10","Vol":1,"Faqe":22,"Pronaret":"MARGARITA SHARRA RIZA, FISNIK SHARRA QERIM, SHAHE SHARRA ARIF, BUJAR SHARRA QERIM, BASHKIM SHARRA JONUZ, EMINE SHARRA OSMAN, QERIM SHARRA SELMAN","Kufizimet":"KUFIZOHET DERI NE PLOTESIMIN E DOKUMENTACIONIT TEKNIKO LIGJOR (CERTIFIKATE E GJENDJES FAMILJARE  AKTUALE)","Siperfaqe":4430}},
{"type":"Feature","geometry":{"type":"Polygon","coordinates":[[[20.063069149770882,41.139580041287346],[20.062418599735743,41.13949470470007],[20.062415194904524,41.139347541518866],[20.062495384731815,41.13914430354718],[20.063186753519556,41.139225238279195],[20.063069149770882,41.139580041287346]]]},"properties":{"Zk_Numer":1885,"Zk_Emer":"GURABARDH","Nr_Pas":"5/11","Vol":1,"Faqe":26,"Pronaret":"SHTET","Kufizimet":"KJO PASURI OKUPOHET NGA BASHKIM SHARRA","Siperfaqe":2340}},
{"type":"Feature","geometry":{"type":"Polygon","coordinates":[[[20.055379626602587,41.135371826062986],[20.055366568568868,41.13540200648434],[20.055302215387428,41.13553261416039],[20.055208133266813,41.13564746644993],[20.055008509569884,41.135781302053594],[20.054946995861833,41.135850092812845],[20.054946601517102,41.135850650582064],[20.05493242521313,41.13588262516609],[20.054923942599657,41.136099251800694],[20.05492279405888,41.13626294864354],[20.05492603574784,41.13634085991518],[20.05496635492926,41.136423244192116],[20.05508246288558,41.136488749437916],[20.05518237353308,41.13656037812919],[20.055286676361046,41.136635155435634],[20.055358057139607,41.13668596283315],[20.05548917465891,41.136736302237395],[20.05562861305403,41.13681802577426],[20.05574011224068,41.13693775417599],[20.05581430767725,41.13707026010515],[20.055801456959635,41.137187689892784],[20.055746032046617,41.13727019239627],[20.05562968228258,41.13734440886656],[20.055547585382634,41.1374218427462],[20.05552216833751,41.13747345066312],[20.055552875623842,41.137520223462545],[20.055727556898997,41.13767365496177],[20.055825929960662,41.13796182429434],[20.055928823399245,41.138006911701],[20.056125504815995,41.13793863781579],[20.056341479887948,41.1378810477435],[20.05648706169107,41.13788351106071],[20.056737817777417,41.137965428930556],[20.056800585390103,41.138050062621396],[20.05685840453717,41.138172063035334],[20.05697936378351,41.13831552735815],[20.05713623542553,41.138454775653315],[20.057192217696254,41.13859260911564],[20.05718669052561,41.13872719985681],[20.05705071821355,41.138891477809075],[20.057052967613597,41.138999538773774],[20.05713732945874,41.13907007464557],[20.057271559586408,41.139131261836646],[20.05744786884742,41.13921598294365],[20.05763775968602,41.13928463276297],[20.057728688073325,41.13941872836965],[20.057824279346924,41.13955969984458],[20.05789913028481,41.13967008441071],[20.058053761104656,41.139696968059724],[20.058367456067096,41.13969097707355],[20.058463091832834,41.13973753626605],[20.05842565528837,41.13980844860149],[20.058286279640857,41.139752915995224],[20.058051726878553,41.13976171191074],[20.057929454756824,41.139751083492634],[20.057835038343473,41.13971431047246],[20.057763079271712,41.139642637253225],[20.0576950922128,41.139521520899976],[20.057580030810453,41.13932441738121],[20.057417582206963,41.13925383333023],[20.05721731911316,41.13917057501101],[20.057032413516005,41.139098740037625],[20.05697102963945,41.13900879321239],[20.056972402548084,41.13890021577635],[20.05708555068271,41.138715518613985],[20.05709854284125,41.13864515038075],[20.057100385387045,41.13857650597836],[20.057033589136367,41.13846997596409],[20.056894769987302,41.13835483960796],[20.05677867272639,41.138212287469536],[20.056678267017695,41.13802359867836],[20.056551012130594,41.13795687059983],[20.056359798879924,41.1379485515606],[20.056087043829674,41.138024490088796],[20.055955721940496,41.13806185579539],[20.055805972046493,41.1380754988865],[20.055760652416428,41.13803246020883],[20.055638799257366,41.13771011940701],[20.055477611797787,41.137552620574986],[20.055453307115307,41.137465176067565],[20.055471200065142,41.13741226036015],[20.055580575378343,41.137305665565485],[20.055696837894775,41.137225533935855],[20.055732991502794,41.13710840922928],[20.055689783570546,41.13697036307239],[20.055560622396325,41.13685824605183],[20.0554368709873,41.136785605821686],[20.05529847400725,41.13672889698363],[20.055187874604655,41.1366365940915],[20.055051036916748,41.1365387321735],[20.055048422864864,41.136536862683144],[20.05489347376469,41.13645407909843],[20.05486307185532,41.13636188660406],[20.05487007786688,41.13626004157972],[20.054860965598156,41.13618085430391],[20.054876288468787,41.13595505613011],[20.05489211370746,41.135859862191154],[20.054957668610353,41.13576259877328],[20.055172521906123,41.13562132764443],[20.055247938209146,41.13552516495156],[20.055293423475884,41.13543238409074],[20.055331825618463,41.135351794724265],[20.05536723048573,41.135264482003755],[20.055454216917937,41.135203507112784],[20.05552443579301,41.13515098933102],[20.05566807825995,41.13502191336448],[20.05577055394735,41.13493444596396],[20.055853140363503,41.13488810076125],[20.055946671467183,41.134835899466076],[20.056013751003704,41.134813859529594],[20.056275572561788,41.13472874652015],[20.05630001955102,41.134716777597234],[20.056398286229335,41.13466866743346],[20.05661845891208,41.13455508757146],[20.05678199432668,41.13447072449036],[20.057126307784962,41.13429335892292],[20.05736380468302,41.13417285998708],[20.057709678393334,41.134019858540434],[20.05779857418872,41.13405417695043],[20.057396374170608,41.13421142187596],[20.057016528243842,41.13442267471576],[20.056436163615064,41.1346996246075],[20.0563420941458,41.134743586469035],[20.05629974495774,41.134765704299994],[20.055989762113253,41.134869797460226],[20.055838262560435,41.13495465259016],[20.05571660284597,41.13504265034061],[20.05571395089117,41.1350451319879],[20.055572473629518,41.13517752327352],[20.055497218163392,41.135224378960935],[20.055411676818153,41.135297749777784],[20.055379626602587,41.135371826062986]]]},"properties":{"Zk_Numer":1885,"Zk_Emer":"GURABARDH","Nr_Pas":"369","Vol":2,"Faqe":116,"Pronaret":"SHTET","Kufizimet":"","Siperfaqe":6140}},
{"type":"Feature","geometry":{"type":"Polygon","coordinates":[[[20.0584915897279,41.13492856171727],[20.058406791878802,41.13499940296816],[20.058286699878025,41.13506052241529],[20.058056734371853,41.1350371553942],[20.05802922606372,41.135015683692416],[20.058265969553425,41.13503022147582],[20.058595735232164,41.134795217750565],[20.059284555842584,41.13447628818146],[20.059402194891536,41.13447383246645],[20.058820837460463,41.13473048132027],[20.0584915897279,41.13492856171727]]]},"properties":{"Zk_Numer":1885,"Zk_Emer":"GURABARDH","Nr_Pas":"368","Vol":2,"Faqe":117,"Pronaret":"SHTET","Kufizimet":"","Siperfaqe":570}},
{"type":"Feature","geometry":{"type":"Polygon","coordinates":[[[20.059255286834247,41.13547978087201],[20.0584915897279,41.13492856171727],[20.058820837460463,41.13473048132027],[20.059402194891536,41.13447383246645],[20.060053893012196,41.13462191394554],[20.06023606043464,41.13515110193136],[20.05974994560253,41.13525397161826],[20.05944223525995,41.13531451702352],[20.059255286834247,41.13547978087201]]]},"properties":{"Zk_Numer":1885,"Zk_Emer":"GURABARDH","Nr_Pas":"85/3","Vol":1,"Faqe":246,"Pronaret":"JONUZ DANI ISLAM, LUMTURI DANI SHEFQET, KLEVIS DANI JONUZ","Kufizimet":"KUFIZOHET DERI NE PLOTESIMIN E DOKUMENTACIONIT TEKNIKO LIGJOR (CERTIFIKATE E GJENDJES FAMILJARE  AKTUALE), KA DIFERENCE FAKT-DOKUMENT MBI 20% TE TOTALIT TE AMTP-SE\r\n","Siperfaqe":9500}},
{"type":"Feature","geometry":{"type":"Polygon","coordinates":[[[20.0584915897279,41.13492856171727],[20.059255286834247,41.13547978087201],[20.05846232734268,41.13560225350092],[20.058177632092544,41.13528733808855],[20.058056734371853,41.1350371553942],[20.058286699878025,41.13506052241529],[20.058406791878802,41.13499940296816],[20.0584915897279,41.13492856171727]]]},"properties":{"Zk_Numer":1885,"Zk_Emer":"GURABARDH","Nr_Pas":"85/4","Vol":2,"Faqe":65,"Pronaret":"FATIME DANI LIMON, MIMOZA DANI ISMAIL, ISMAIL DANI OSMAN, OSMAN DANI ISMAIL, SUZANA DANI ISMAIL","Kufizimet":"KA DIFERENCE FAKT-DOKUMENT MBI 20% TE TOTALIT TE AMTP-SE\r\n, KUFIZOHET DERI NE PLOTESIMIN E DOKUMENTACIONIT TEKNIKO LIGJOR (CERTIFIKATE E GJENDJES FAMILJARE  AKTUALE)","Siperfaqe":3800}},
{"type":"Feature","geometry":{"type":"Polygon","coordinates":[[[20.05824237629678,41.13447178445754],[20.057396374170608,41.13421142187596],[20.05779857418872,41.13405417695043],[20.058004627598002,41.13397361706015],[20.058441171053868,41.13396656618647],[20.058880151293515,41.13410473691566],[20.058933445151332,41.13415370157459],[20.058859604164123,41.13418605996779],[20.05881327286606,41.13418775095171],[20.058698039563573,41.13422595834124],[20.058647626408305,41.13424932942626],[20.058610421584017,41.1342741354853],[20.058571326501454,41.13429935565857],[20.05853094152702,41.134334187482466],[20.058497543707862,41.13435373979873],[20.058441363180307,41.134380020360446],[20.058372738179354,41.13440910907624],[20.058309768273404,41.134435800655766],[20.05824237629678,41.13447178445754]]]},"properties":{"Zk_Numer":1885,"Zk_Emer":"GURABARDH","Nr_Pas":"85/10","Vol":2,"Faqe":161,"Pronaret":"SHTET","Kufizimet":"","Siperfaqe":4013}},
{"type":"Feature","geometry":{"type":"Polygon","coordinates":[[[20.069171791179627,41.14045920362768],[20.069534151360813,41.14062989154889],[20.069715666087557,41.140751279338446],[20.06946830861576,41.140959480976534],[20.069273475646852,41.141027990866625],[20.0691375034013,41.14104417143153],[20.069029319289214,41.14101327398499],[20.068733950526777,41.14079532605488],[20.069059646943586,41.14047198189448],[20.069171791179627,41.14045920362768]]]},"properties":{"Zk_Numer":1885,"Zk_Emer":"GURABARDH","Nr_Pas":"43/1","Vol":2,"Faqe":33,"Pronaret":"SHEJE (AISHE) META IBRAHIM, ALUSH META ALI, EDUART META ALUSH, PERPARIM META ALUSH, ALI META ALUSH, FLORA META ALUSH, SHEFIKAT META LIMOAN","Kufizimet":"KA DIFERENCE FAKT-DOKUMENT MBI 20% TE TOTALIT TE AMTP-SE\r\n, KUFIZOHET DERI NE PLOTESIMIN E DOKUMENTACIONIT TEKNIKO LIGJOR (CERTIFIKATE E GJENDJES FAMILJARE  AKTUALE)\r\n","Siperfaqe":3200}},
{"type":"Feature","geometry":{"type":"Polygon","coordinates":[[[20.06939492519408,41.13982404001366],[20.06906828957808,41.139798281793574],[20.06870334287424,41.139690074550685],[20.069096615768466,41.13946060855251],[20.06948893535184,41.1392316958512],[20.069894836060833,41.13934576634891],[20.070189509660164,41.13941475065006],[20.070205742470552,41.139419984347946],[20.070035460941913,41.139543681933574],[20.06939492519408,41.13982404001366]]]},"properties":{"Zk_Numer":1885,"Zk_Emer":"GURABARDH","Nr_Pas":"41/1","Vol":2,"Faqe":31,"Pronaret":"PRONESI E PASAKTESUAR","Kufizimet":"KJO PASURI POSEDOHET NGA GAZMIR R. FILJA SIPAS AMTP-SE NR 62","Siperfaqe":4275}},
{"type":"Feature","geometry":{"type":"Polygon","coordinates":[[[20.06864782924145,41.14015744290578],[20.068495276945512,41.139589181767455],[20.06870334287424,41.139690074550685],[20.06906828957808,41.139798281793574],[20.06939492519408,41.13982404001366],[20.06864782924145,41.14015744290578]]]},"properties":{"Zk_Numer":1885,"Zk_Emer":"GURABARDH","Nr_Pas":"41/2","Vol":2,"Faqe":28,"Pronaret":"PRONESI E PASAKTESUAR","Kufizimet":"KJO PASURI POSEDOHET NGA ISMAIL Q FILJA SIPAS AMTP NR 60","Siperfaqe":1900}},
{"type":"Feature","geometry":{"type":"Polygon","coordinates":[[[20.068400351332865,41.13939135531608],[20.068388227904357,41.139325752051064],[20.06849488061267,41.139182664660424],[20.068771638408794,41.138986841146725],[20.069233192639913,41.13915347599128],[20.069353017203504,41.13919349829121],[20.06948893535184,41.1392316958512],[20.069096615768466,41.13946060855251],[20.06870334287424,41.139690074550685],[20.068495276945512,41.139589181767455],[20.068473642216745,41.139578690880164],[20.068400351332865,41.13939135531608]]]},"properties":{"Zk_Numer":1885,"Zk_Emer":"GURABARDH","Nr_Pas":"41/3","Vol":2,"Faqe":44,"Pronaret":"SHTET","Kufizimet":"KJO PASURI OKUPOHET NGA ISMAIL FILJA\r\n","Siperfaqe":3870}},
{"type":"Feature","geometry":{"type":"Polygon","coordinates":[[[20.06935186294635,41.14353638806735],[20.069556156018567,41.143572181685116],[20.069781108272867,41.14362311880303],[20.069872493954136,41.143791876127956],[20.069923142364853,41.14389133872173],[20.06945018266082,41.14410831003631],[20.069288959970013,41.143955488754195],[20.069207428062402,41.14382838627824],[20.06921298995921,41.143682254032534],[20.06935186294635,41.14353638806735]]]},"properties":{"Zk_Numer":1885,"Zk_Emer":"GURABARDH","Nr_Pas":"33/1","Vol":2,"Faqe":29,"Pronaret":"PRONESI E PASAKTESUAR","Kufizimet":"KJO PASURI POSEDOHET NGA ISMAIL Q FILJA SIPAS AMTP NR 60","Siperfaqe":2500}},
{"type":"Feature","geometry":{"type":"Polygon","coordinates":[[[20.070314596516454,41.143223048180985],[20.07023111311081,41.14358253446892],[20.070685391486514,41.14348672050761],[20.070712836460856,41.143643845982055],[20.070781498659663,41.14385357313591],[20.070844577216135,41.14396975445846],[20.070532014805995,41.1441696771758],[20.070459381570586,41.14421613490956],[20.070215107240617,41.1439990133832],[20.070010657824707,41.14388389842728],[20.069872240654558,41.14368832513135],[20.069732097799687,41.143526491562945],[20.069922086446716,41.14345980297676],[20.07012486710638,41.1433626279648],[20.070314596516454,41.143223048180985]]]},"properties":{"Zk_Numer":1885,"Zk_Emer":"GURABARDH","Nr_Pas":"33/6","Vol":2,"Faqe":30,"Pronaret":"PRONESI E PASAKTESUAR","Kufizimet":"KJO PASURI POSEDOHET NGA GAZMIR R. FILJA SIPAS AMTP-SE NR 62","Siperfaqe":4770}},
{"type":"Feature","geometry":{"type":"Polygon","coordinates":[[[20.071398138455645,41.14453837531382],[20.071358473261245,41.144599465750346],[20.07132974202602,41.144673043038715],[20.071030523868078,41.144624229708974],[20.0708912859558,41.14468262293536],[20.070751963897898,41.14469566155586],[20.070540040159823,41.1446608936552],[20.070285967220077,41.144325940277234],[20.07035755551687,41.1442483570794],[20.070453660578334,41.14421979417091],[20.070459381570586,41.14421613490956],[20.070532014805995,41.1441696771758],[20.070678429270547,41.14436825262607],[20.071398138455645,41.14453837531382]]]},"properties":{"Zk_Numer":1885,"Zk_Emer":"GURABARDH","Nr_Pas":"33/3","Vol":2,"Faqe":25,"Pronaret":"SAIMIR FILJA HAXHI, HAXHI FILJA ISLAM, ISLAM FILJA HAXHI, FATUSHE FILJA MURAT, ARBEN FILJA HAXHI, MIKEL FILJA HAXHI","Kufizimet":"KUFIZOHET DERI NE PLOTESIMIN E DOKUMENTACIONIT TEKNIKO LIGJOR (CERTIFIKATE E GJENDJES FAMILJARE  AKTUALE)\r\n, KA DIFERENCE FAKT-DOKUMENT DERI NE 20% TE TOTALIT TE AMTP-SE\r\n","Siperfaqe":2490}},
{"type":"Feature","geometry":{"type":"Polygon","coordinates":[[[20.071412963940343,41.14427184958272],[20.071288945422165,41.14419882555242],[20.070921581913435,41.14400945049356],[20.07080298670135,41.143798844144875],[20.070752112017672,41.1435253219376],[20.07079325440252,41.14344323571396],[20.0709509564879,41.14339702000606],[20.07108918521088,41.14338314121148],[20.071296217978304,41.14344912817672],[20.071602458660667,41.143636468147484],[20.071825659321764,41.14378686476318],[20.071674308700022,41.14392471819932],[20.07154878410097,41.144066278885745],[20.07148355296016,41.14417039938208],[20.071412963940343,41.14427184958272]]]},"properties":{"Zk_Numer":1885,"Zk_Emer":"GURABARDH","Nr_Pas":"33/5","Vol":2,"Faqe":26,"Pronaret":"PRONESI E PASAKTESUAR","Kufizimet":"KJO PASURI POSEDOHET NGA FATIME E. FILJA SIPAS AMTP NR 56\r\n","Siperfaqe":5240}},
{"type":"Feature","geometry":{"type":"Polygon","coordinates":[[[20.071412963940343,41.14427184958272],[20.0715369827336,41.144344873478374],[20.07146256315474,41.1444682849034],[20.071398138455645,41.14453837531382],[20.070678429270547,41.14436825262607],[20.070532014805995,41.1441696771758],[20.070844577216135,41.14396975445846],[20.070921581913435,41.14400945049356],[20.071288945422165,41.14419882555242],[20.071412963940343,41.14427184958272]]]},"properties":{"Zk_Numer":1885,"Zk_Emer":"GURABARDH","Nr_Pas":"33/4","Vol":2,"Faqe":36,"Pronaret":"SHTET","Kufizimet":"","Siperfaqe":2812}},
{"type":"Feature","geometry":{"type":"Polygon","coordinates":[[[20.070540040159823,41.1446608936552],[20.07035399396119,41.14479680342993],[20.070131648690374,41.14501059493342],[20.070130581199354,41.14501162135296],[20.06995927669535,41.1449829577347],[20.06980139700797,41.14493222234826],[20.069715693063046,41.144660083635394],[20.06980608735793,41.14444948267798],[20.06977881260802,41.14431858125296],[20.06969856444914,41.144218699660684],[20.06945018266082,41.14410831003631],[20.069923142364853,41.14389133872173],[20.07004454689847,41.143954221234566],[20.07018483601671,41.14405831999946],[20.07035755551687,41.1442483570794],[20.070285967220077,41.144325940277234],[20.070540040159823,41.1446608936552]]]},"properties":{"Zk_Numer":1885,"Zk_Emer":"GURABARDH","Nr_Pas":"33/2","Vol":2,"Faqe":91,"Pronaret":"PRONESI E PASAKTESUAR","Kufizimet":"KJO PASURI POSEDOHET NGA MIRDITA Q. FILJA SIPAS AMTP NR 55","Siperfaqe":5852}},
{"type":"Feature","geometry":{"type":"Polygon","coordinates":[[[20.070929544361167,41.14329361321543],[20.07078040038398,41.14335518379587],[20.070715358115436,41.14340629690667],[20.070685391486514,41.14348672050761],[20.07023111311081,41.14358253446892],[20.070314596516454,41.143223048180985],[20.070447526855755,41.14318513970751],[20.070800463561635,41.143219425769814],[20.070929544361167,41.14329361321543]]]},"properties":{"Zk_Numer":1885,"Zk_Emer":"GURABARDH","Nr_Pas":"33/7","Vol":2,"Faqe":35,"Pronaret":"SHTET","Kufizimet":"KJO PASURI OKUPOHET NGA XHEVID HASA\r\n","Siperfaqe":1530}},
{"type":"Feature","geometry":{"type":"Polygon","coordinates":[[[20.06085370296124,41.13864105467266],[20.060637166058356,41.13845793671657],[20.061122213013316,41.13835541846499],[20.06219700962071,41.13812824385591],[20.06232610123969,41.138284276704496],[20.06085370296124,41.13864105467266]]]},"properties":{"Zk_Numer":1885,"Zk_Emer":"GURABARDH","Nr_Pas":"5/13","Vol":2,"Faqe":13,"Pronaret":"HAMIDE SHARRA MUSTAFA, YMER SHARRA ALI, ELONA SHARRA MAHMUT, BRUNILDA SHARRA ALI, ALI SHARRA YMER","Kufizimet":"KA DIFERENCE FAKT-DOKUMENT MBI 20% TE TOTALIT TE AMTP-SE\r\n","Siperfaqe":2950}},
{"type":"Feature","geometry":{"type":"Polygon","coordinates":[[[20.060561831674296,41.14346165690434],[20.060871546975736,41.14346736367799],[20.06087511220273,41.14327544174566],[20.061055657728357,41.1429144479738],[20.06076232213266,41.14282334358726],[20.060626113046816,41.142397384388694],[20.060931471971102,41.1423993905802],[20.061042453893375,41.14240011952479],[20.061219339694,41.14238531392753],[20.06117889183655,41.142576307761786],[20.06125759514094,41.14272478313828],[20.06130851795304,41.14282084966584],[20.061140144499376,41.14301355052866],[20.060993974504523,41.14331496926062],[20.0609986528138,41.14358888572487],[20.061029059154105,41.14385099061598],[20.060807374316763,41.14405388993705],[20.060733528430482,41.14396434861439],[20.06063342737206,41.1438429712958],[20.060608101146155,41.14368519856817],[20.060550769319544,41.14368006880715],[20.060561831674296,41.14346165690434]]]},"properties":{"Zk_Numer":1885,"Zk_Emer":"GURABARDH","Nr_Pas":"6/1","Vol":2,"Faqe":112,"Pronaret":"SHTET","Kufizimet":"KJO PASURI OKUPOHET NGA BASHKIM FILJA\r\n","Siperfaqe":5000}},
{"type":"Feature","geometry":{"type":"Polygon","coordinates":[[[20.06076232213266,41.14282334358726],[20.060401028073525,41.14271113123528],[20.06000358486148,41.14322333346257],[20.05995127508342,41.14322176438925],[20.059851862528554,41.14330497395326],[20.05946160810351,41.1430846235676],[20.059449639815384,41.14294286823653],[20.05951969692329,41.14281256207626],[20.05966884166597,41.14253515111588],[20.059689401557545,41.1423718006765],[20.0598927084417,41.14235313663151],[20.06010347431845,41.142391134215856],[20.060209772233037,41.14239464774786],[20.060626113046816,41.142397384388694],[20.06076232213266,41.14282334358726]]]},"properties":{"Zk_Numer":1885,"Zk_Emer":"GURABARDH","Nr_Pas":"6/4","Vol":2,"Faqe":61,"Pronaret":"SHTET","Kufizimet":"KJO PASURI OKUPOHET NGA SELIM BODANI\r\n","Siperfaqe":6679}},
{"type":"Feature","geometry":{"type":"Polygon","coordinates":[[[20.059423143975042,41.14144854449627],[20.059437704162814,41.14173898979657],[20.059597040712337,41.14181747786173],[20.059839364484567,41.14191333135529],[20.059956190190228,41.141956135403426],[20.060015546920997,41.141982185806626],[20.06005630103516,41.14200691910312],[20.06008880191876,41.14204801563324],[20.060095047231027,41.1421241132032],[20.05994303560476,41.14227572642942],[20.059888035150447,41.142330582513374],[20.0598927084417,41.14235313663151],[20.059689401557545,41.1423718006765],[20.059617815747675,41.14229434144009],[20.059529649605274,41.14226967664742],[20.0594579719888,41.14226000542887],[20.059378969171497,41.14225703803604],[20.05934122626147,41.14228160389839],[20.05934132414445,41.142281421729145],[20.058856082342473,41.142149106526425],[20.05885915811678,41.14190102489078],[20.05885902862248,41.14166781046289],[20.05879646117656,41.141395766756304],[20.058686035184554,41.14130115676527],[20.058837966678492,41.14105932628082],[20.059153864150957,41.141269439701134],[20.059423143975042,41.14144854449627]]]},"properties":{"Zk_Numer":1885,"Zk_Emer":"GURABARDH","Nr_Pas":"15/2","Vol":2,"Faqe":55,"Pronaret":"ADMIR FILJA QEMAL, ENDRIT FILJA QEMAL, GRETRUDA FILJA QEMAL, FATBARDHA FILJA HYQMET, QEMAL FILJA QAZIM","Kufizimet":"KA DIFERENCE FAKT-DOKUMENT MBI 20% TE TOTALIT TE AMTP-SE\r\n, KUFIZOHET DERI NE PLOTESIMIN E DOKUMENTACIONIT TEKNIKO LIGJOR (CERTIFIKATE E GJENDJES FAMILJARE  AKTUALE)","Siperfaqe":8054}},
{"type":"Feature","geometry":{"type":"Polygon","coordinates":[[[20.060311879196934,41.14190855247558],[20.060383983191247,41.14202215555941],[20.060316603344056,41.14219133165745],[20.06010347431845,41.142391134215856],[20.0598927084417,41.14235313663151],[20.059888035150447,41.142330582513374],[20.05994303560476,41.14227572642942],[20.060095047231027,41.1421241132032],[20.06008880191876,41.14204801563324],[20.06005630103516,41.14200691910312],[20.060015546920997,41.141982185806626],[20.059956190190228,41.141956135403426],[20.059839364484567,41.14191333135529],[20.059597040712337,41.14181747786173],[20.059910142108617,41.14173082840971],[20.060311879196934,41.14190855247558]]]},"properties":{"Zk_Numer":1885,"Zk_Emer":"GURABARDH","Nr_Pas":"15/3","Vol":2,"Faqe":124,"Pronaret":"SHTET","Kufizimet":"KJO PASURI OKUPOHET NGA QEMAL FILJA\r\n","Siperfaqe":1930}},
{"type":"Feature","geometry":{"type":"Polygon","coordinates":[[[20.059423143975042,41.14144854449627],[20.05964219845948,41.14138414167345],[20.059927927613163,41.14132655319466],[20.05988227530318,41.14138871155719],[20.05986795216948,41.141429075570755],[20.059841818457446,41.14148232592918],[20.059821812735667,41.14151878037117],[20.05980759921513,41.14153865560675],[20.05979489129573,41.14158956877217],[20.059799437172828,41.14163770060564],[20.05981145652395,41.14166512380038],[20.05985467373531,41.14170925252485],[20.059910142108617,41.14173082840971],[20.059597040712337,41.14181747786173],[20.059437704162814,41.14173898979657],[20.059423143975042,41.14144854449627]]]},"properties":{"Zk_Numer":1885,"Zk_Emer":"GURABARDH","Nr_Pas":"15/4","Vol":2,"Faqe":56,"Pronaret":"MATILDA DANI ALI, AMARILDA DANI ALI, MARSIDA DANI ALI, ALI DANI ABDULLA, RESMIJE DANI SULEJMAN","Kufizimet":"KUFIZOHET DERI NE PLOTESIMIN E DOKUMENTACIONIT TEKNIKO LIGJOR (CERTIFIKATE E GJENDJES FAMILJARE  AKTUALE)","Siperfaqe":1500}},
{"type":"Feature","geometry":{"type":"Polygon","coordinates":[[[20.05979165952866,41.140598476888],[20.059973364356683,41.140775914165594],[20.060072022068113,41.14087225426191],[20.06009764288281,41.141032847110594],[20.059927927613163,41.14132655319466],[20.05964219845948,41.14138414167345],[20.059573728333948,41.14110798311893],[20.059153864150957,41.141269439701134],[20.058837966678492,41.14105932628082],[20.058832327032253,41.14083194382061],[20.05876402754982,41.140713109103004],[20.059101809157944,41.14065033570828],[20.059581374259608,41.14064057779553],[20.05979165952866,41.140598476888]]]},"properties":{"Zk_Numer":1885,"Zk_Emer":"GURABARDH","Nr_Pas":"15/7","Vol":2,"Faqe":123,"Pronaret":"SHTET","Kufizimet":"KJO PASURI OKUPOHET NGA VELI HUSHI\r\n","Siperfaqe":6500}},
{"type":"Feature","geometry":{"type":"Polygon","coordinates":[[[20.059641970373782,41.14005893178286],[20.059152100059652,41.140002739072386],[20.059257844915955,41.13976640969768],[20.0592542559063,41.13963908300547],[20.05920713896538,41.13954648370873],[20.05918288400331,41.13947261481518],[20.059191408007823,41.13943491508267],[20.059279997355308,41.13944012014104],[20.059364564318788,41.13945159544164],[20.05939025589277,41.139409135697605],[20.059390835242315,41.139288650430565],[20.05942873089075,41.13923625837611],[20.05958582573995,41.139278465637524],[20.059720439226286,41.13932336351546],[20.05989992618404,41.13927834439998],[20.05988810471503,41.139371542766234],[20.05983063702924,41.139472675403205],[20.05983267518605,41.139667662396135],[20.059834582376045,41.139850118904306],[20.05976392347629,41.139946683673],[20.059641970373782,41.14005893178286]]]},"properties":{"Zk_Numer":1885,"Zk_Emer":"GURABARDH","Nr_Pas":"15/9","Vol":2,"Faqe":134,"Pronaret":"SHTET","Kufizimet":"","Siperfaqe":4000}},
{"type":"Feature","geometry":{"type":"Polygon","coordinates":[[[20.070800463561635,41.143219425769814],[20.07067886102075,41.14319151281477],[20.07050340597056,41.143172210187764],[20.07044426546369,41.143173079050776],[20.070412303008585,41.14318117209081],[20.070368263886273,41.14319058388405],[20.07030537383627,41.1432087237159],[20.07028440181102,41.1432164105677],[20.07019331144864,41.14326318897958],[20.070035085051863,41.14335811510248],[20.069830051866692,41.143450422551744],[20.069707009763654,41.143497002835936],[20.06951610810677,41.143535648436675],[20.06935186294635,41.14353638806735],[20.06921298995921,41.143682254032534],[20.069207428062402,41.14382838627824],[20.069288959970013,41.143955488754195],[20.06945018266082,41.14410831003631],[20.06969856444914,41.144218699660684],[20.06977881260802,41.14431858125296],[20.06980608735793,41.14444948267798],[20.069715693063046,41.144660083635394],[20.06980139700797,41.14493222234826],[20.06995927669535,41.1449829577347],[20.070130581199354,41.14501162135296],[20.070131648690374,41.14501059493342],[20.070278395724593,41.14511535371289],[20.070347746067796,41.1453032784306],[20.070414244713483,41.14541602702363],[20.070447766832633,41.14543035566312],[20.07047558740871,41.145439493143094],[20.07047721693247,41.14547905212021],[20.07040755211615,41.14548497844206],[20.0703254778037,41.14563834872333],[20.070333922968377,41.14573010738867],[20.070385171787414,41.145790392912744],[20.070654804264738,41.14592741317039],[20.070829579247846,41.14600587770773],[20.070993121898855,41.146060939514264],[20.07110911946876,41.146076274343045],[20.071150744762768,41.14613439104618],[20.07093995394242,41.14607489724671],[20.070697262551107,41.145993213939164],[20.070511837365025,41.14590070283635],[20.07043969507002,41.145855691748764],[20.070420244584515,41.14584355616547],[20.07032865196302,41.14578640942107],[20.070287331476237,41.14572239377762],[20.070283197215492,41.14563732335356],[20.07032728868278,41.14551635607598],[20.070330774111365,41.145481977815635],[20.070328839542743,41.14545222482573],[20.070300432309146,41.14536315312793],[20.070231245636116,41.145146215279205],[20.07021272554031,41.14512116254374],[20.07015447118541,41.1450770567134],[20.07004513720473,41.14503932302579],[20.069904611447768,41.14500691574803],[20.069844324113728,41.14499507672889],[20.069800181636367,41.144970279703145],[20.069772580407438,41.14494645748933],[20.069686232982356,41.14473595407032],[20.06967833640972,41.14467855998026],[20.0696775199854,41.14461619495333],[20.069719169598862,41.14450626633705],[20.069741628621813,41.14445692359103],[20.069743906843463,41.14439918606176],[20.069727422847564,41.14434741128605],[20.069700521774074,41.14430208616132],[20.069641319880656,41.1442499805443],[20.069575368720457,41.14421589752859],[20.06942067213589,41.14413268037635],[20.06933355232384,41.14406922185586],[20.0692651762105,41.14398874017827],[20.069198127712152,41.14389261872539],[20.06916729197796,41.1438285591508],[20.069157923454576,41.14372119199],[20.069159944022946,41.14364879776695],[20.069215671357014,41.14354913298325],[20.069213779388235,41.14349055403691],[20.069226039892246,41.143466384573124],[20.06914914758595,41.14312872104735],[20.069001862783615,41.142925753953634],[20.068740015105245,41.14265312732014],[20.06873394151813,41.14258599187981],[20.06875278271936,41.142504878924534],[20.068778949266807,41.142468570720574],[20.068863715107565,41.14236295071976],[20.06893437631693,41.14225129712362],[20.06897105117868,41.14212754330686],[20.068985207436356,41.14199374089919],[20.06899505993959,41.14185333768095],[20.069037930444015,41.141726595614806],[20.06918767551767,41.1414770218595],[20.069292007855253,41.14144233820612],[20.069449253588665,41.14139123673154],[20.069711676027783,41.14124446605847],[20.069840143938745,41.141147955658475],[20.069897754250107,41.141104676274615],[20.070260098037767,41.14084205007988],[20.070263567059904,41.14084160108008],[20.070337172740622,41.14083207418019],[20.070367237871373,41.14083694865291],[20.070487425441666,41.14078868321471],[20.0705879390643,41.14074831837364],[20.0705488768871,41.140803679323845],[20.070520509953607,41.14083602031556],[20.07047014374468,41.14089928497304],[20.07045334525316,41.14096851739579],[20.07046157136902,41.14105121030558],[20.07047462745555,41.141110840108986],[20.0704563154807,41.141194496307946],[20.070475099214807,41.14126651411549],[20.07049876055069,41.141332685138856],[20.070511287312332,41.14136771728203],[20.070449305543963,41.14144235737278],[20.07035637038236,41.141595676502874],[20.07031298359443,41.14164566296747],[20.07019888018426,41.14174846500213],[20.070189749701463,41.14179138291027],[20.070208325146332,41.14183759345225],[20.070268444533752,41.14188377872032],[20.07036056759807,41.14193333681981],[20.07060607144351,41.14208207072537],[20.070656760729776,41.142136766229164],[20.070655370429485,41.14219063521744],[20.070636224483952,41.14222838195387],[20.070558432384217,41.14228249146306],[20.070424545494035,41.14233589457151],[20.070200802004724,41.14240015943871],[20.070160660536846,41.14243928611325],[20.070121399391642,41.14250933701234],[20.06993682796239,41.14272614085957],[20.06970185705771,41.14298734465457],[20.069393964370768,41.14334244962414],[20.06934907878962,41.14344443036821],[20.069411041931467,41.143497606363844],[20.069446287213324,41.14350645668024],[20.069591316042686,41.143481972357364],[20.069819105167518,41.14341618486462],[20.070030612921542,41.143321785516605],[20.07020386620239,41.143210623730255],[20.070325374626247,41.143159094511574],[20.07044690849272,41.14313151832671],[20.070702002800623,41.14316327563464],[20.0708735119839,41.14318978492081],[20.07114159667992,41.14333572773516],[20.07152727624242,41.14349331825263],[20.07162391408966,41.14351223641948],[20.07175465681531,41.143495232400404],[20.07174357103115,41.14359202833439],[20.07180746621325,41.143670052724985],[20.07195137438631,41.14370738789541],[20.072100033756705,41.14377590722965],[20.072099982602385,41.14381892257217],[20.072037988461638,41.143835540078875],[20.071990203578796,41.14384714865769],[20.071919476812294,41.143875707315594],[20.07184178013968,41.14391790511957],[20.07176150653852,41.14398065664912],[20.071718856452403,41.14409268506436],[20.071703986939013,41.14418166156027],[20.071703724981905,41.14436154489734],[20.071738384054093,41.144476618472105],[20.071738920558936,41.144477519378434],[20.07146256315474,41.1444682849034],[20.0715369827336,41.144344873478374],[20.071412963940343,41.14427184958272],[20.07148355296016,41.14417039938208],[20.07154878410097,41.144066278885745],[20.071674308700022,41.14392471819932],[20.071825659321764,41.14378686476318],[20.071602458660667,41.143636468147484],[20.071296217978304,41.14344912817672],[20.070929544361167,41.14329361321543],[20.070800463561635,41.143219425769814]],[[20.0690917501655,41.14178534904649],[20.069064340588568,41.14204987377914],[20.068999953562354,41.142272675084705],[20.06892330788419,41.14238614889494],[20.068769890114577,41.142562283827104],[20.069064054160183,41.14289738219966],[20.06919890472158,41.14311455965765],[20.069231961982208,41.14318509570417],[20.069247147953448,41.14329881437286],[20.069318630757433,41.14335460797978],[20.069422257323904,41.14318734621945],[20.069598490135974,41.14299315306855],[20.070074974335952,41.14249150273212],[20.070094393226253,41.142470111750804],[20.070129638101708,41.14241136535941],[20.070156948957226,41.142386254702174],[20.070175193832142,41.14237686487873],[20.070204891646714,41.14236688877087],[20.0702368912137,41.142356139445],[20.0703903928901,41.1423081233229],[20.070473359704753,41.14228156920721],[20.070516455446622,41.14225810979657],[20.070543822688666,41.142235511891926],[20.070571878076954,41.14221003405599],[20.070581218405202,41.14217352691153],[20.070573196904565,41.14212781667423],[20.0705559305685,41.14210795226042],[20.070419437204148,41.1420217576544],[20.070166443525608,41.14186649008614],[20.070137148709414,41.14181495207672],[20.070135870513525,41.14177594219741],[20.070142344218286,41.14175271405474],[20.070151091491013,41.14173183461473],[20.070330100639495,41.14154804238027],[20.070417976909493,41.141425848573476],[20.070390997130275,41.14140139585859],[20.070477088283802,41.1413471113971],[20.070407391510898,41.141185477456624],[20.07038704332089,41.14093447525272],[20.070284783037565,41.14086139460737],[20.069743448156924,41.141285819757194],[20.06946877886279,41.1414195035267],[20.06923406623861,41.14155233732749],[20.0690917501655,41.14178534904649]]]},"properties":{"Zk_Numer":1885,"Zk_Emer":"GURABARDH","Nr_Pas":"431","Vol":1,"Faqe":3,"Pronaret":"SHTET","Kufizimet":"","Siperfaqe":8693}},
{"type":"Feature","geometry":{"type":"Polygon","coordinates":[[[20.071150744762768,41.14613439104618],[20.07110911946876,41.146076274343045],[20.07130209744071,41.14574395748658],[20.071395216186886,41.14555409683206],[20.071448297162814,41.14549138620911],[20.07151262530288,41.14548219116723],[20.071612920362362,41.14537272374422],[20.071672896665216,41.14524349529935],[20.07189394671221,41.144765110021844],[20.071910778897244,41.14479666549134],[20.07195319644839,41.145104094690794],[20.07193261025823,41.14522511602249],[20.071874941153023,41.14530068260305],[20.071763359412248,41.14540671702024],[20.07163307917224,41.14550071510669],[20.07156680250933,41.145516811607976],[20.071507015463585,41.145518706775626],[20.07145003750906,41.145544386575864],[20.07137623185853,41.145648339034494],[20.07135092445386,41.145757751819836],[20.071324938998085,41.14582150796585],[20.071244953074785,41.14593457675372],[20.071206767869334,41.14602802030672],[20.0712018207064,41.1461084777304],[20.07120967365902,41.146226423699886],[20.071236243188686,41.146366085585015],[20.07133586194888,41.146590561491436],[20.071378566139668,41.14666565843868],[20.071386946768673,41.1467462323177],[20.07137083282114,41.1468093567185],[20.0713507859215,41.146881066400304],[20.071319076597415,41.14695620267807],[20.071278020626472,41.147168631239175],[20.071280635188874,41.14725347162455],[20.071330889711184,41.14733294245958],[20.07135120800275,41.14737623626298],[20.071342664174377,41.14744229401761],[20.07130924004021,41.14751821783023],[20.071243073536134,41.14759641679564],[20.07117696707986,41.14769651435117],[20.071146327708554,41.147844340869305],[20.071090961674315,41.14799196796191],[20.071012864154802,41.148132217352504],[20.0709389023377,41.14824950339339],[20.07090539609246,41.14833118007884],[20.070907274541643,41.14839809621794],[20.07092596516989,41.14843518208999],[20.07096404200483,41.148459242223],[20.071037146360588,41.148476975795155],[20.071188737949868,41.148503265937556],[20.07128096120084,41.14852776258905],[20.071355711568174,41.14855210928817],[20.071430510996368,41.14857382711657],[20.071535004139882,41.148595775256595],[20.0716115985355,41.14861354560173],[20.07170226930938,41.14862482928896],[20.071789497162953,41.14864512521549],[20.07176748105124,41.14866587361313],[20.071753898225406,41.14868128733841],[20.071017676222464,41.14850532588088],[20.070918549970518,41.14847338569806],[20.070878551271168,41.14843416339219],[20.070870389528217,41.14839290676358],[20.070871687644914,41.148328299553015],[20.07088212751436,41.14826511017801],[20.070894916333504,41.14823091433614],[20.07092600229359,41.148183348060826],[20.071053938832694,41.14798758476557],[20.071086988934454,41.14788758537396],[20.071096335245784,41.14785404305506],[20.0711266549032,41.14771593741838],[20.071134121627168,41.147677402350396],[20.071144859428717,41.14765756572513],[20.071160592574255,41.14763385944991],[20.071205157438474,41.14757554342268],[20.071285555213226,41.14747292644645],[20.071291590940042,41.14742998499236],[20.07125710290555,41.14733695256286],[20.07124399434199,41.1473005193317],[20.071222855790364,41.14722993455608],[20.071229429018118,41.14713485372776],[20.071244191773232,41.14705559973811],[20.07133587870505,41.14681271737029],[20.071350437650807,41.14674787680198],[20.071345745113543,41.14671882591048],[20.071321474001774,41.14666698246964],[20.07128342917762,41.146600464911415],[20.071253438193743,41.14651591356794],[20.071195465852725,41.146346681508696],[20.071150744762768,41.14613439104618]]]},"properties":{"Zk_Numer":1885,"Zk_Emer":"GURABARDH","Nr_Pas":"436","Vol":1,"Faqe":2,"Pronaret":"SHTET","Kufizimet":"","Siperfaqe":2820}},
{"type":"Feature","geometry":{"type":"Polygon","coordinates":[[[20.060441269128958,41.136281014958506],[20.060415205055975,41.13635673000187],[20.05988721434576,41.136090101377995],[20.05967680483452,41.13581549969939],[20.059663363221688,41.13579795720019],[20.05963892158595,41.13576605866548],[20.059344619065865,41.13551912896567],[20.059591481416405,41.13539173326052],[20.060441269128958,41.136281014958506]]]},"properties":{"Zk_Numer":1885,"Zk_Emer":"GURABARDH","Nr_Pas":"79/10","Vol":2,"Faqe":21,"Pronaret":"PRONESI E PASAKTESUAR","Kufizimet":"KJO PASURI POSEDOHET NGA SKENDER S. DANI SIPAS AMTP-SE NR 81","Siperfaqe":2580}},
{"type":"Feature","geometry":{"type":"Polygon","coordinates":[[[20.060520011403483,41.13605227084236],[20.060441269128958,41.136281014958506],[20.059591481416405,41.13539173326052],[20.059729401093033,41.13532114234864],[20.05988135061137,41.13528067833733],[20.060520011403483,41.13605227084236]]]},"properties":{"Zk_Numer":1885,"Zk_Emer":"GURABARDH","Nr_Pas":"79/11","Vol":2,"Faqe":20,"Pronaret":"PRONESI E PASAKTESUAR","Kufizimet":"KJO PASURI POSEDOHET NGA LUAN S. DANI SIPAS AMTP NR 77","Siperfaqe":2630}},
{"type":"Feature","geometry":{"type":"Polygon","coordinates":[[[20.060520011403483,41.13605227084236],[20.059881350611366,41.13528067833733],[20.06033824842514,41.13516041247644],[20.060351478405394,41.13515693001219],[20.06035504006729,41.13516194238644],[20.060390004135396,41.135211147738886],[20.060508694648224,41.135400389056855],[20.060558799510297,41.135605608896526],[20.060603475704138,41.135809807571185],[20.060520011403483,41.13605227084236]]]},"properties":{"Zk_Numer":1885,"Zk_Emer":"GURABARDH","Nr_Pas":"79/12","Vol":2,"Faqe":19,"Pronaret":"PRONESI E PASAKTESUAR","Kufizimet":"KJO PASURI POSEDOHET NGA NAZMI S DANI SIPAS AMTP NR 73","Siperfaqe":2800}},
{"type":"Feature","geometry":{"type":"Polygon","coordinates":[[[20.067860414829426,41.13936012959714],[20.068005489741523,41.139101423866514],[20.06824212425898,41.13884101185482],[20.06842720288664,41.13869047777149],[20.068771638408794,41.138986841146725],[20.06849488061267,41.139182664660424],[20.068388227904357,41.139325752051064],[20.068400351332865,41.13939135531608],[20.06840064241805,41.13939293045784],[20.06839967425942,41.1393928716767],[20.067860414829426,41.13936012959714]]]},"properties":{"Zk_Numer":1885,"Zk_Emer":"GURABARDH","Nr_Pas":"41/8","Vol":2,"Faqe":17,"Pronaret":"FARIJE FILJA MUSTAFA","Kufizimet":"KUFIZOHET DERI NE PLOTESIMIN E DOKUMENTACIONIT TEKNIKO LIGJOR (CERTIFIKATE E GJENDJES FAMILJARE  AKTUALE)","Siperfaqe":3000}},
{"type":"Feature","geometry":{"type":"Polygon","coordinates":[[[20.067860414829426,41.13936012959714],[20.06769026683007,41.139349798233006],[20.06726972137745,41.13934204617266],[20.06710773302169,41.13932011949312],[20.067182939015623,41.13907750808638],[20.06723118796362,41.13885366431236],[20.067227591003313,41.13873784362864],[20.067322182812187,41.13851228630233],[20.067538888145553,41.13820082923894],[20.06803995818561,41.13842501182498],[20.06842720288664,41.13869047777149],[20.06824212425898,41.13884101185482],[20.068005489741523,41.139101423866514],[20.067860414829426,41.13936012959714]]]},"properties":{"Zk_Numer":1885,"Zk_Emer":"GURABARDH","Nr_Pas":"41/9","Vol":2,"Faqe":34,"Pronaret":"SHTET","Kufizimet":"KJO PASURI OKUPOHET NGA FARIJE FILJA\r\n","Siperfaqe":8571}},
{"type":"Feature","geometry":{"type":"Polygon","coordinates":[[[20.069897754250107,41.141104676274615],[20.069840143938745,41.141147955658475],[20.069711676027783,41.14124446605847],[20.069449253588665,41.14139123673154],[20.069292007855253,41.14144233820612],[20.06918767551767,41.1414770218595],[20.069037930444015,41.141726595614806],[20.06899505993959,41.14185333768095],[20.068985207436356,41.14199374089919],[20.068676110446315,41.14195004574268],[20.06875077494107,41.141704204533674],[20.0689352272545,41.141445579147664],[20.069061969794294,41.1412679229497],[20.0693301538829,41.14117624808044],[20.069553182165507,41.141030862837276],[20.069705329456813,41.14093454166988],[20.069791589977793,41.14100227795296],[20.069897754250107,41.141104676274615]]]},"properties":{"Zk_Numer":1885,"Zk_Emer":"GURABARDH","Nr_Pas":"43/2","Vol":2,"Faqe":133,"Pronaret":"FARIJE FILJA MUSTAFA","Kufizimet":"KUFIZOHET DERI NE PLOTESIMIN E DOKUMENTACIONIT TEKNIKO LIGJOR (CERTIFIKATE E GJENDJES FAMILJARE  AKTUALE)","Siperfaqe":3422}},
{"type":"Feature","geometry":{"type":"Polygon","coordinates":[[[20.069159944022946,41.14364879776695],[20.0690562835629,41.143675273821344],[20.06883719497139,41.14371742512287],[20.06866356613744,41.143826513225],[20.068454562993047,41.14390077676878],[20.068296394761553,41.143774834089214],[20.068225572950453,41.14371844144587],[20.068211871357246,41.14367257217701],[20.06836078983548,41.143647152248036],[20.068615259126904,41.14362636635004],[20.068660386288563,41.14360113219924],[20.0687724974073,41.14350776896495],[20.068894837581027,41.14345078071161],[20.068953933137607,41.14341632543526],[20.068997863608736,41.14333885655179],[20.069028075915252,41.14328557875422],[20.069129024110516,41.14340765602939],[20.069213779388235,41.14349055403691],[20.069215671357014,41.14354913298325],[20.069159944022946,41.14364879776695]]]},"properties":{"Zk_Numer":1885,"Zk_Emer":"GURABARDH","Nr_Pas":"37/1","Vol":2,"Faqe":18,"Pronaret":"ERIOLA ÇEHU BASHKIM, AXHENSILA ÇEHU BASHKIM, DEON TAFA KLEON, OLIGERS ÇEHU BASHKIM, LAVDI ÇEHU SELMAN, BASHKIM ÇEHU SELMAN, JELSO TAFA KLEON","Kufizimet":"KA DIFERENCE FAKT-DOKUMENT MBI 20% TE TOTALIT TE AMTP-SE\r\n","Siperfaqe":2140}},
{"type":"Feature","geometry":{"type":"Polygon","coordinates":[[[20.071612920362362,41.14537272374422],[20.07140883265284,41.145413648837604],[20.071099292298943,41.14549085916332],[20.07086873544223,41.145531552727356],[20.070677483265378,41.14550266536959],[20.07047721693247,41.14547905212021],[20.07047558740871,41.145439493143094],[20.0705476395548,41.14529765753934],[20.0708912859558,41.14468262293536],[20.071030523868078,41.144624229708974],[20.07132974202602,41.144673043038715],[20.071358473261245,41.144599465750346],[20.071398138455645,41.14453837531382],[20.07146256315474,41.1444682849034],[20.071738920558936,41.144477519378434],[20.071807070360407,41.14459195724285],[20.071851119420753,41.1446848211119],[20.07189394671221,41.144765110021844],[20.071672896665216,41.14524349529935],[20.071612920362362,41.14537272374422]]]},"properties":{"Zk_Numer":1885,"Zk_Emer":"GURABARDH","Nr_Pas":"33/9","Vol":2,"Faqe":38,"Pronaret":"SHTET","Kufizimet":"KJO PASURI OKUPOHET NGA VELI SULEJMAN FILJA\r\n","Siperfaqe":8860}},
{"type":"Feature","geometry":{"type":"Polygon","coordinates":[[[20.070540040159823,41.1446608936552],[20.070751963897898,41.14469566155586],[20.0708912859558,41.14468262293536],[20.0705476395548,41.14529765753934],[20.07047558740871,41.145439493143094],[20.070447766832633,41.14543035566312],[20.070414244713483,41.14541602702363],[20.070347746067796,41.1453032784306],[20.070278395724593,41.14511535371289],[20.070131648690374,41.14501059493342],[20.07035399396119,41.14479680342993],[20.070540040159823,41.1446608936552]]]},"properties":{"Zk_Numer":1885,"Zk_Emer":"GURABARDH","Nr_Pas":"33/8","Vol":2,"Faqe":37,"Pronaret":"SHTET","Kufizimet":"KJO PASURI OKUPOHET NGA IBRAHIM SULEJMAN FILJA\r\n","Siperfaqe":2615}},
{"type":"Feature","geometry":{"type":"Polygon","coordinates":[[[20.07027156594883,41.140680534449885],[20.070076478795745,41.140832064278186],[20.069791589977793,41.14100227795296],[20.069705329456813,41.14093454166988],[20.069918801624887,41.14083069522244],[20.07010923705592,41.140700069188675],[20.070172186945914,41.140642627370006],[20.070274854362793,41.14054894299043],[20.070294007101428,41.14053146600918],[20.070372431099944,41.1405675870082],[20.07027156594883,41.140680534449885]]]},"properties":{"Zk_Numer":1885,"Zk_Emer":"GURABARDH","Nr_Pas":"43/3","Vol":2,"Faqe":24,"Pronaret":"LULJETA FILJA ALI, AGIM FILJA ISLAM, ERJON FILJA AGIM","Kufizimet":"KUFIZOHET DERI NE PLOTESIMIN E DOKUMENTACIONIT TEKNIKO LIGJOR (CERTIFIKATE E GJENDJES FAMILJARE  AKTUALE)\r\n","Siperfaqe":600}},
{"type":"Feature","geometry":{"type":"Polygon","coordinates":[[[20.070172186945914,41.140642627370006],[20.07010923705592,41.140700069188675],[20.069918801624887,41.14083069522244],[20.069768974671824,41.14074057391477],[20.069928274098125,41.14061525248864],[20.07001679629511,41.140549100124595],[20.070172186945914,41.140642627370006]]]},"properties":{"Zk_Numer":1885,"Zk_Emer":"GURABARDH","Nr_Pas":"43/4","Vol":2,"Faqe":41,"Pronaret":"SHTET","Kufizimet":"KJO PASURI POSEDOHET NGA AGIM FILJA SIPAS AMTP NR 51","Siperfaqe":500}},
{"type":"Feature","geometry":{"type":"Polygon","coordinates":[[[20.069918801624887,41.14083069522244],[20.069705329456813,41.14093454166988],[20.06968160663168,41.140914698991566],[20.06961431716147,41.14085841541285],[20.06964325901821,41.14083902634716],[20.06973704693526,41.140765577710184],[20.069768974671824,41.14074057391477],[20.069918801624887,41.14083069522244]]]},"properties":{"Zk_Numer":1885,"Zk_Emer":"GURABARDH","Nr_Pas":"43/5","Vol":2,"Faqe":42,"Pronaret":"SHTET","Kufizimet":"KJO PASURI OKUPOHET NGA AGIM FILJA\r\n","Siperfaqe":265}},
{"type":"Feature","geometry":{"type":"Polygon","coordinates":[[[20.07001679629511,41.140549100124595],[20.070118619206294,41.14047300792868],[20.07015602986028,41.14044505090405],[20.070294007101428,41.14053146600918],[20.070274854362793,41.14054894299043],[20.070172186945914,41.140642627370006],[20.07001679629511,41.140549100124595]]]},"properties":{"Zk_Numer":1885,"Zk_Emer":"GURABARDH","Nr_Pas":"43/6","Vol":2,"Faqe":43,"Pronaret":"SHTET","Kufizimet":"KJO PASURI OKUPOHET NGA AGIM FILJA\r\n","Siperfaqe":257}},
{"type":"Feature","geometry":{"type":"Polygon","coordinates":[[[20.060561831674296,41.14346165690434],[20.060563977929505,41.14341928170115],[20.060559300443863,41.143216741117584],[20.06063171459222,41.143039057390254],[20.060684635743176,41.14290920329731],[20.06076232213266,41.14282334358726],[20.061055657728357,41.1429144479738],[20.06087511220273,41.14327544174566],[20.060871546975736,41.14346736367799],[20.060561831674296,41.14346165690434]]]},"properties":{"Zk_Numer":1885,"Zk_Emer":"GURABARDH","Nr_Pas":"6/2","Vol":2,"Faqe":54,"Pronaret":"MABEL FILJA MEHMET, JONIDA FILJA BASHKIM, FATIME FILJA QERIM, MEHMET FILJA BASHKIM, FABJOLA FILJA BASHKIM, DENISA FILJA PETRIT, DARIEN FILJA MEHMET, RENADA FILJA BASHKIM, BASHKIM FILJA QAZIM","Kufizimet":"","Siperfaqe":1900}},
{"type":"Feature","geometry":{"type":"Polygon","coordinates":[[[20.06000358486148,41.14322333346257],[20.060401028073525,41.14271113123528],[20.06076232213266,41.14282334358726],[20.060684635743176,41.14290920329731],[20.06063171459222,41.143039057390254],[20.060559300443863,41.143216741117584],[20.060563977929505,41.14341928170115],[20.060561831674296,41.14346165690434],[20.060550769319544,41.14368006880715],[20.06047306227849,41.143654143387735],[20.060177383537017,41.14355549534859],[20.060068733128155,41.14347343449623],[20.060027460363493,41.14336585348303],[20.06003500436459,41.14326285384669],[20.060015335293517,41.14324312496464],[20.06000358486148,41.14322333346257]]]},"properties":{"Zk_Numer":1885,"Zk_Emer":"GURABARDH","Nr_Pas":"6/5","Vol":2,"Faqe":51,"Pronaret":"PRONESI E PASAKTESUAR","Kufizimet":"KJO PASURI POSEDOHET NGA SELIM Q. BODANI SIPAS AMTP NR 31","Siperfaqe":3820}},
{"type":"Feature","geometry":{"type":"Polygon","coordinates":[[[20.059851862528554,41.14330497395326],[20.059793434284586,41.143387809800096],[20.059680962650084,41.14346340956838],[20.059463387697484,41.14352800889297],[20.05934634141638,41.14352798563847],[20.059401630606715,41.143396385458004],[20.05946160810351,41.1430846235676],[20.059851862528554,41.14330497395326]]]},"properties":{"Zk_Numer":1885,"Zk_Emer":"GURABARDH","Nr_Pas":"6/3","Vol":2,"Faqe":166,"Pronaret":"SHTET","Kufizimet":"KJO PASURI OKUPOHET NGA KADRI FILJA\r\n","Siperfaqe":1135}},
{"type":"Feature","geometry":{"type":"Polygon","coordinates":[[[20.06245409506647,41.13784722335965],[20.062195794066486,41.137861549384326],[20.062190334047646,41.13764816388939],[20.06249559676202,41.137559184405106],[20.06245409506647,41.13784722335965]]]},"properties":{"Zk_Numer":1885,"Zk_Emer":"GURABARDH","Nr_Pas":"115/4","Vol":2,"Faqe":10,"Pronaret":"SHTET","Kufizimet":"KJO PASURI POSEDOHET NGA KADRI DANI SIPAS AMTP NR 43","Siperfaqe":650}},
{"type":"Feature","geometry":{"type":"Polygon","coordinates":[[[20.06245409506647,41.13784722335965],[20.06249559676202,41.137559184405106],[20.062575660237655,41.13756404592752],[20.062546797800387,41.13784650613533],[20.06245409506647,41.13784722335965]]]},"properties":{"Zk_Numer":1885,"Zk_Emer":"GURABARDH","Nr_Pas":"115/5","Vol":2,"Faqe":9,"Pronaret":"SHTET","Kufizimet":"KJO PASURI OKUPOHET NGA ISMAIL DANI","Siperfaqe":230}},
{"type":"Feature","geometry":{"type":"Polygon","coordinates":[[[20.062546797800387,41.13784650613533],[20.062575660237655,41.13756404592752],[20.062745431417152,41.13754348550972],[20.062845937826946,41.137763493166105],[20.062720853100096,41.1378367998149],[20.062546797800387,41.13784650613533]]]},"properties":{"Zk_Numer":1885,"Zk_Emer":"GURABARDH","Nr_Pas":"115/6","Vol":2,"Faqe":8,"Pronaret":"SHTET","Kufizimet":"KJO PASURI OKUPOHET NGA KUJTIM DANI","Siperfaqe":620}},
{"type":"Feature","geometry":{"type":"Polygon","coordinates":[[[20.062845937826946,41.137763493166105],[20.062745431417152,41.13754348550972],[20.062923220979624,41.137474404068136],[20.063073830479556,41.137472547916964],[20.063130677729006,41.13751647043759],[20.063193057309746,41.137612518527305],[20.062845937826946,41.137763493166105]]]},"properties":{"Zk_Numer":1885,"Zk_Emer":"GURABARDH","Nr_Pas":"115/7","Vol":1,"Faqe":247,"Pronaret":"KLODJANA DANI KUJTIM, ISLAM DANI OSMAN, KUJTIM DANI ISLAM, FATIME DANI MUSTAFA, DRITA DANI ISLAM, LULJETA DANI SHYQERI","Kufizimet":"KUFIZOHET DERI NE PLOTESIMIN E DOKUMENTACIONIT TEKNIKO LIGJOR (CERTIFIKATE E GJENDJES FAMILJARE  AKTUALE)","Siperfaqe":740}},
{"type":"Feature","geometry":{"type":"Polygon","coordinates":[[[20.06063173971411,41.141425663363684],[20.060676014784985,41.141491387789905],[20.059969197586693,41.14171371832025],[20.059870836001895,41.1416753280291],[20.05983491639612,41.14163180745119],[20.059833859986366,41.14157741300164],[20.05984180284438,41.14153840502299],[20.059890877055263,41.14144664992379],[20.059936609082893,41.14135989191112],[20.05998420460133,41.14130442723523],[20.06043041349588,41.1411289934612],[20.06063173971411,41.141425663363684]]]},"properties":{"Zk_Numer":1885,"Zk_Emer":"GURABARDH","Nr_Pas":"15/5","Vol":2,"Faqe":125,"Pronaret":"SHTET","Kufizimet":"KJO PASURI OKUPOHET NG ALI DANI\r\n","Siperfaqe":2635}},
{"type":"Feature","geometry":{"type":"Polygon","coordinates":[[[20.059153864150957,41.141269439701134],[20.059573728333948,41.14110798311893],[20.05964219845948,41.14138414167345],[20.059423143975042,41.14144854449627],[20.059153864150957,41.141269439701134]]]},"properties":{"Zk_Numer":1885,"Zk_Emer":"GURABARDH","Nr_Pas":"15/6","Vol":2,"Faqe":57,"Pronaret":"BUKURI HUSHI VELI, FADIL HUSHI VELI, FARI HUSHI DEMIR, SHKËLQIM HUSHI VELI, VELI HUSHI DEMIR","Kufizimet":"KA DIFERENCE FAKT-DOKUMENT MBI 20% TE TOTALIT TE AMTP-SE\r\n, KUFIZOHET DERI NE PLOTESIMIN E DOKUMENTACIONIT TEKNIKO LIGJOR (CERTIFIKATE E GJENDJES FAMILJARE  AKTUALE)","Siperfaqe":856}},
{"type":"Feature","geometry":{"type":"Polygon","coordinates":[[[20.060150530619207,41.14102976826623],[20.060152385042194,41.140964368106744],[20.06011600482631,41.14086616404134],[20.06006293036788,41.14080396904168],[20.059829598181853,41.1405909134879],[20.060211019243035,41.140487501789636],[20.060316996664252,41.140490132936414],[20.06044845956163,41.14071723993093],[20.060578683388076,41.1408735377247],[20.060560418585737,41.14096313861376],[20.060347861603205,41.14101828048287],[20.060150530619207,41.14102976826623]]]},"properties":{"Zk_Numer":1885,"Zk_Emer":"GURABARDH","Nr_Pas":"15/8","Vol":2,"Faqe":53,"Pronaret":"MUSA HUSHI DEMIR, ETLEVA HUSHI NUSA, ROLANDO HUSHI MUSA, ALIJE HUSHI SELMAN","Kufizimet":"KUFIZOHET DERI NE PLOTESIMIN E DOKUMENTACIONIT TEKNIKO LIGJOR (CERTIFIKATE E GJENDJES FAMILJARE  AKTUALE)\r\n","Siperfaqe":2121}},
{"type":"Feature","geometry":{"type":"Polygon","coordinates":[[[20.052549073141638,41.14471359283588],[20.05200026626634,41.144852989405614],[20.05146324626032,41.144988222335925],[20.051444127677886,41.14485109741419],[20.051374325338784,41.14435044657101],[20.052205274973254,41.14410290907944],[20.052365652341646,41.14444084890398],[20.052433253733327,41.14445023038966],[20.052549073141638,41.14471359283588]]]},"properties":{"Zk_Numer":1885,"Zk_Emer":"GURABARDH","Nr_Pas":"38/9","Vol":2,"Faqe":67,"Pronaret":"SHTET","Kufizimet":"KJO PASURI OKUPOHET NGA ADEM SHORJA","Siperfaqe":6100}},
{"type":"Feature","geometry":{"type":"Polygon","coordinates":[[[20.057538531182928,41.131792520309645],[20.05643686214148,41.13088625478071],[20.05669788453403,41.130711393224324],[20.05760871331949,41.13155146071038],[20.057538531182928,41.131792520309645]]]},"properties":{"Zk_Numer":1885,"Zk_Emer":"GURABARDH","Nr_Pas":"71/9","Vol":2,"Faqe":59,"Pronaret":"SHTET","Kufizimet":"KJO PASURI  OKUPOHET NGA FISNIK SHARRA","Siperfaqe":3300}},
{"type":"Feature","geometry":{"type":"Polygon","coordinates":[[[20.05760871331949,41.13155146071038],[20.05669788453403,41.130711393224324],[20.057390707951313,41.13024725637505],[20.057617188314723,41.13086411199141],[20.05760871331949,41.13155146071038]]]},"properties":{"Zk_Numer":1885,"Zk_Emer":"GURABARDH","Nr_Pas":"71/10","Vol":2,"Faqe":68,"Pronaret":"PRONESI E PASAKTESUAR","Kufizimet":"KJO PASURI POSEDOHET NGA XHEVAHIR D. SHARRA SIPAS AMTP-SE NR 25","Siperfaqe":5435}},
{"type":"Feature","geometry":{"type":"Polygon","coordinates":[[[20.05609912788618,41.13229399498025],[20.056674641432185,41.132734386851844],[20.05647079035001,41.13287845981818],[20.056212535117197,41.132686596133205],[20.055345568749274,41.131934193459436],[20.055190631995778,41.131670584561036],[20.05505281967483,41.13160243989911],[20.05519043488581,41.13155264461126],[20.05533464128712,41.13161055537998],[20.0554719153963,41.131814032250965],[20.05609912788618,41.13229399498025]]]},"properties":{"Zk_Numer":1885,"Zk_Emer":"GURABARDH","Nr_Pas":"71/1","Vol":1,"Faqe":7,"Pronaret":"RUDINA SHARRA HASAN, MARJETA SHARRA HASAN, HASAN SHARRA YMER, HAVA SHARRA ALI, SAIMIR SHARRA HASAN, HAXHIRE SHARRA HASAN, MIRELA SHARRA HASAN","Kufizimet":"KA DIFERENCE FAKT-DOKUMENT MBI 20% TE TOTALIT TE AMTP-SE\r\n","Siperfaqe":3572}},
{"type":"Feature","geometry":{"type":"Polygon","coordinates":[[[20.063912805714953,41.13627674309193],[20.06388679367247,41.136350966530436],[20.063801313225294,41.13633384374993],[20.06365384267739,41.13630430342285],[20.063513125019025,41.13627233059747],[20.063520341786035,41.13608948966458],[20.063594657864137,41.136100079725445],[20.063852102642382,41.13613676527749],[20.063951529698365,41.136166246748544],[20.063998175362485,41.13618007778207],[20.063912805714953,41.13627674309193]]]},"properties":{"Zk_Numer":1885,"Zk_Emer":"GURABARDH","Nr_Pas":"112/9","Vol":1,"Faqe":5,"Pronaret":"DEJE HUSHI DEMIR, HEKURAN HUSHI RRAPUSH","Kufizimet":"KUFIZOHET DERI NE PLOTESIMIN E DOKUMENTACIONIT TEKNIKO LIGJOR (CERTIFIKATE E GJENDJES FAMILJARE  AKTUALE)","Siperfaqe":770}},
{"type":"Feature","geometry":{"type":"Polygon","coordinates":[[[20.063883461305043,41.1367462278088],[20.063631888541103,41.136804347546054],[20.063508450780294,41.13680047690045],[20.063480839853693,41.136692366518616],[20.063496789769815,41.136564950038625],[20.063507807834846,41.136450787966425],[20.063515181367432,41.13635876040845],[20.063628394324653,41.13639641978056],[20.06374122940363,41.13643395330068],[20.063764519742403,41.13639623915264],[20.06387108352769,41.13643180877584],[20.063844034743724,41.13646954330939],[20.063830085882895,41.13653633580559],[20.063883461305043,41.1367462278088]]]},"properties":{"Zk_Numer":1885,"Zk_Emer":"GURABARDH","Nr_Pas":"112/2","Vol":2,"Faqe":63,"Pronaret":"PRONESI E PASAKTESUAR","Kufizimet":"MBI KETE PASURI NDODHET NJE NDERTIM PA LEJE, KJO PASURI POSEDOHET NGA HYSEN A HUSHI SIPAS AMTP NR 71","Siperfaqe":1284}},
{"type":"Feature","geometry":{"type":"Polygon","coordinates":[[[20.059121506057064,41.14514434344655],[20.05891442345115,41.145262825800216],[20.058708643573933,41.14536746911823],[20.058635277410637,41.14540025002134],[20.058564002295476,41.145432096542294],[20.058409349092255,41.14545187150791],[20.058261376271833,41.145481291548194],[20.058245153350967,41.14546346914875],[20.05823367587894,41.14546270786508],[20.058363573501506,41.145339240593074],[20.058626933212487,41.145171403695805],[20.05897192443347,41.14501037479619],[20.059121506057064,41.14514434344655]]]},"properties":{"Zk_Numer":1885,"Zk_Emer":"GURABARDH","Nr_Pas":"2/23","Vol":2,"Faqe":70,"Pronaret":"SHTET","Kufizimet":"KJO PASURI OKUPOHET NGA HYSEN SHARRA","Siperfaqe":1426}},
{"type":"Feature","geometry":{"type":"Polygon","coordinates":[[[20.05577055394735,41.13493444596396],[20.05566807825995,41.13502191336448],[20.05564265086964,41.13500969627447],[20.054381815549867,41.134403890373704],[20.05457838246709,41.134355452829524],[20.055853140363503,41.13488810076125],[20.05577055394735,41.13493444596396]]]},"properties":{"Zk_Numer":1885,"Zk_Emer":"GURABARDH","Nr_Pas":"20/36","Vol":1,"Faqe":45,"Pronaret":"PRONESI E PASAKTESUAR","Kufizimet":"KJO PASURI POSEDOHET NGA SHEFQET H. SHARRA SIPAS AMTP-SE NR 28","Siperfaqe":2100}},
{"type":"Feature","geometry":{"type":"Polygon","coordinates":[[[20.055853140363503,41.13488810076125],[20.05457838246709,41.134355452829524],[20.054680044656852,41.13432749479454],[20.054846447940367,41.13426557729991],[20.056013751003704,41.134813859529594],[20.055946671467183,41.134835899466076],[20.055853140363503,41.13488810076125]]]},"properties":{"Zk_Numer":1885,"Zk_Emer":"GURABARDH","Nr_Pas":"20/37","Vol":1,"Faqe":6,"Pronaret":"PRONESI E PASAKTESUAR","Kufizimet":"KJO PASURI POSEDOHET NGA HYSEN SHARRA SIPAS AMTP NR 30","Siperfaqe":2000}},
{"type":"Feature","geometry":{"type":"Polygon","coordinates":[[[20.05635550177189,41.13212996855211],[20.05609912788618,41.13229399498025],[20.0554719153963,41.131814032250965],[20.05533464128712,41.13161055537998],[20.05519043488581,41.13155264461126],[20.055481570388473,41.13144729808071],[20.055920848301135,41.13181771594829],[20.05635550177189,41.13212996855211]]]},"properties":{"Zk_Numer":1885,"Zk_Emer":"GURABARDH","Nr_Pas":"71/2","Vol":1,"Faqe":8,"Pronaret":"LULJETA SHARRA HYSEN, ISLAM SHARRA YMER, HAVA SHARRA XHEME, ESTELJANO SHARRA ISLAM, ELSON SHARRA ISLAM","Kufizimet":"KA DIFERENCE FAKT-DOKUMENT MBI 20% TE TOTALIT TE AMTP-SE\r\n","Siperfaqe":2860}},
{"type":"Feature","geometry":{"type":"Polygon","coordinates":[[[20.057604629447702,41.134679833662325],[20.057016528243842,41.13442267471576],[20.057396374170608,41.13421142187596],[20.05824237629678,41.13447178445754],[20.05812396058688,41.13452548567758],[20.058044774346666,41.13455158224097],[20.057988581576694,41.13455864167646],[20.05789999914338,41.13456177397907],[20.057818127247206,41.134565598510044],[20.05775344568949,41.13459137751489],[20.05766641373108,41.134645232775895],[20.057604629447702,41.134679833662325]]]},"properties":{"Zk_Numer":1885,"Zk_Emer":"GURABARDH","Nr_Pas":"85/5","Vol":2,"Faqe":90,"Pronaret":"PRONESI E PASAKTESUAR","Kufizimet":"KJO PASURI POSEDOHET NGA KADRI XH. DANI SIPAS AMTP NR 43","Siperfaqe":2570}},
{"type":"Feature","geometry":{"type":"Polygon","coordinates":[[[20.057628891522917,41.13469902476213],[20.05768560954173,41.13466468137588],[20.057771882295658,41.13462379540257],[20.057831599525805,41.13460092674405],[20.057925945449576,41.134591346407525],[20.057992859115902,41.13458717201451],[20.058035396979143,41.134582831032276],[20.058104605358317,41.13456252894162],[20.058295993349645,41.13449700728536],[20.058595735232164,41.134795217750565],[20.058265969553425,41.13503022147582],[20.05802922606372,41.135015683692416],[20.057628891522917,41.13469902476213]]]},"properties":{"Zk_Numer":1885,"Zk_Emer":"GURABARDH","Nr_Pas":"85/6","Vol":2,"Faqe":95,"Pronaret":"SHTET","Kufizimet":"KJO PASURI OKUPOHET NGA KADRI DANI\r\n","Siperfaqe":2800}},
{"type":"Feature","geometry":{"type":"Polygon","coordinates":[[[20.058295993349645,41.13449700728536],[20.05837941566217,41.134443960156844],[20.058465030050467,41.13440088972409],[20.058516166389687,41.13437519282861],[20.05857046237747,41.13434790810814],[20.058670534293164,41.13427615349298],[20.058727744451616,41.134244505155905],[20.058793585397332,41.1342199412364],[20.058869904716225,41.134213742829246],[20.05896186878688,41.13417981624415],[20.059284555842584,41.13447628818146],[20.058595735232164,41.134795217750565],[20.058295993349645,41.13449700728536]]]},"properties":{"Zk_Numer":1885,"Zk_Emer":"GURABARDH","Nr_Pas":"85/2","Vol":1,"Faqe":1,"Pronaret":"SHTET","Kufizimet":"","Siperfaqe":2935}},
{"type":"Feature","geometry":{"type":"Polygon","coordinates":[[[20.045232989469223,41.14310431868183],[20.045463705505792,41.14302555802079],[20.0456367784468,41.1429658210381],[20.04575875501003,41.14294664813118],[20.045796819020463,41.142949026801205],[20.045876622322286,41.14295354145717],[20.045930853591905,41.14295963311063],[20.04612351768167,41.1429913959019],[20.046305462672862,41.14303616476441],[20.046457968292714,41.14307996610115],[20.046554764167734,41.14311382330855],[20.046609695053245,41.14314031878907],[20.046507609537233,41.143394658684954],[20.046495078877864,41.14348598527809],[20.04688224582152,41.143936054241934],[20.046468519252354,41.143985396171246],[20.04601640525462,41.1441115786833],[20.045710349346706,41.14401837145764],[20.0452006587618,41.14378668690743],[20.045406518430447,41.14352149549382],[20.045433674963068,41.14348119561334],[20.045443601383546,41.143409207571054],[20.045433874727944,41.14335868998993],[20.045411982471798,41.143310153655115],[20.045351629316038,41.14323260817811],[20.045248073130875,41.14313676663538],[20.045232989469223,41.14310431868183]]]},"properties":{"Zk_Numer":1885,"Zk_Emer":"GURABARDH","Nr_Pas":"47/5","Vol":1,"Faqe":74,"Pronaret":"PRONESI E PASAKTESUAR","Kufizimet":"KJO PASURI POSEDOHET NGA MUSA S. SHORJA SIPAS AMTP NR 8","Siperfaqe":12000}},
{"type":"Feature","geometry":{"type":"Polygon","coordinates":[[[20.046609695053245,41.14314031878907],[20.046554764167734,41.14311382330855],[20.046457968292714,41.14307996610115],[20.046305462672862,41.14303616476441],[20.04612351768167,41.1429913959019],[20.045930853591905,41.14295963311063],[20.045876622322286,41.14295354145717],[20.045796819020463,41.142949026801205],[20.04575875501003,41.14294664813118],[20.0456367784468,41.1429658210381],[20.045463705505792,41.14302555802079],[20.045232989469223,41.14310431868183],[20.045225512115056,41.14308823339448],[20.045234740354253,41.143022169255865],[20.04546233098556,41.142534888717734],[20.045514199706478,41.14248460498306],[20.04567399027659,41.142387514899234],[20.04581402060889,41.14235018210068],[20.045954083835994,41.142360200764806],[20.046074151137603,41.142390881032],[20.046465079343296,41.14249854083037],[20.046717208665743,41.14247526810601],[20.04713608963302,41.14240380003549],[20.04732098426232,41.14254809553207],[20.047471473060348,41.14275630689985],[20.047409335517862,41.14297986564382],[20.04730544134008,41.14316116089203],[20.047011080238185,41.14327087485738],[20.046609695053245,41.14314031878907]]]},"properties":{"Zk_Numer":1885,"Zk_Emer":"GURABARDH","Nr_Pas":"47/6","Vol":2,"Faqe":96,"Pronaret":"SHTET","Kufizimet":"KJO PASURI OKUPOHET NGA MUSA SHORJA\r\n","Siperfaqe":12300}},
{"type":"Feature","geometry":{"type":"Polygon","coordinates":[[[20.054417820144835,41.14172580986189],[20.05487183333883,41.141682634737265],[20.054951808796392,41.141616964137555],[20.05518635972864,41.14134789261099],[20.055197188153127,41.142627093680694],[20.05490808477642,41.1426337709189],[20.054730484725727,41.142678319189464],[20.05455288443439,41.14272286718604],[20.054306745493747,41.1426936943181],[20.054417820144835,41.14172580986189]]]},"properties":{"Zk_Numer":1885,"Zk_Emer":"GURABARDH","Nr_Pas":"23/9","Vol":2,"Faqe":87,"Pronaret":"PRONESI E PASAKTESUAR","Kufizimet":"KJO PASURI POSEDOHET NGA MUSTAFA M SHARRA SIPAS AMTP-SE NR 23","Siperfaqe":8000}},
{"type":"Feature","geometry":{"type":"Polygon","coordinates":[[[20.057337030722767,41.13228106354314],[20.05676598839651,41.13188117505883],[20.05594191780408,41.13122002432562],[20.05608896303647,41.13114742729922],[20.056924697885155,41.13182618734682],[20.05745974087403,41.13220889444251],[20.057337030722767,41.13228106354314]]]},"properties":{"Zk_Numer":1885,"Zk_Emer":"GURABARDH","Nr_Pas":"71/6","Vol":2,"Faqe":88,"Pronaret":"PRONESI E PASAKTESUAR","Kufizimet":"KJO PASURI POSEDOHET NGA MUSTAFA M SHARRA SIPAS AMTP-SE NR 23","Siperfaqe":2290}},
{"type":"Feature","geometry":{"type":"Polygon","coordinates":[[[20.05142579395163,41.14194399996373],[20.051164631959818,41.1420598474898],[20.050821103265854,41.141832980457636],[20.05103542423132,41.14184101716102],[20.05142579395163,41.14194399996373]]]},"properties":{"Zk_Numer":1885,"Zk_Emer":"GURABARDH","Nr_Pas":"34/4","Vol":2,"Faqe":79,"Pronaret":"SHTET","Kufizimet":"KJO PASURI OKUPOHET NGA NAZMI SHORJA","Siperfaqe":550}},
{"type":"Feature","geometry":{"type":"Polygon","coordinates":[[[20.050690277606417,41.14233574573566],[20.050177550705257,41.14247594627962],[20.049998051388663,41.14229555208705],[20.049829631205736,41.14221343455256],[20.049510780511348,41.142191892237605],[20.04948364538844,41.142192868132895],[20.048883403719366,41.14173535799557],[20.048957979133867,41.14167222240549],[20.0489962343775,41.14162852137559],[20.049019481242407,41.141601965192194],[20.04931405462731,41.14178006051003],[20.04952592527154,41.14184558713334],[20.04992433592283,41.141945913056986],[20.050163688647135,41.14197413734416],[20.050593394724142,41.141987246366014],[20.050584210481553,41.142068807619744],[20.0505480958299,41.14216844763151],[20.050690277606417,41.14233574573566]]]},"properties":{"Zk_Numer":1885,"Zk_Emer":"GURABARDH","Nr_Pas":"34/6","Vol":2,"Faqe":76,"Pronaret":"PRONESI E PASAKTESUAR","Kufizimet":"KJO PASURI POSEDOHET NGA OSMAN M SHORJA SIPAS AMTP NR 3 MBI KETE PASURI NDODHET NDERTESA ME NR 34/6-ND","Siperfaqe":5330}},
{"type":"Feature","geometry":{"type":"Polygon","coordinates":[[[20.050397697368766,41.141848966874775],[20.050713755233303,41.14181789832823],[20.050821103265854,41.141832980457636],[20.051164631959818,41.1420598474898],[20.05142579395163,41.14194399996373],[20.051576516598775,41.14201197960405],[20.051544854401563,41.14207556112108],[20.05155849117958,41.14209537879173],[20.051533820170278,41.14210508036321],[20.050997436921936,41.14225175441243],[20.050690277606417,41.14233574573566],[20.0505480958299,41.14216844763151],[20.050584210481553,41.142068807619744],[20.050593394724142,41.141987246366014],[20.05053226954726,41.141916356175656],[20.050397697368766,41.141848966874775]]]},"properties":{"Zk_Numer":1885,"Zk_Emer":"GURABARDH","Nr_Pas":"34/5","Vol":2,"Faqe":170,"Pronaret":"SHTET","Kufizimet":"","Siperfaqe":2740}},
{"type":"Feature","geometry":{"type":"Polygon","coordinates":[[[20.055490912522338,41.14256551221016],[20.055363901891493,41.14262324286828],[20.055197188153127,41.142627093680694],[20.05518635972864,41.14134789261099],[20.055418087390116,41.14122972240169],[20.055485528937922,41.14120974059332],[20.05578402863714,41.14141699742122],[20.055787039677078,41.14146340403872],[20.05575324531913,41.1418347186097],[20.055924171480587,41.14223652459473],[20.05577169520553,41.142262245657],[20.055676657732576,41.14233366552789],[20.055697979461687,41.14247139271446],[20.055490912522338,41.14256551221016]]]},"properties":{"Zk_Numer":1885,"Zk_Emer":"GURABARDH","Nr_Pas":"23/10","Vol":2,"Faqe":84,"Pronaret":"PRONESI E PASAKTESUAR","Kufizimet":"KJO PASURI POSEDOHET NGA PETRIT M. SHARRA SIPAS AMTP NR 18","Siperfaqe":7000}},
{"type":"Feature","geometry":{"type":"Polygon","coordinates":[[[20.05756311654184,41.132115543812546],[20.057528916819646,41.13216786914081],[20.057459740874034,41.13220889444251],[20.056924697885155,41.13182618734682],[20.05608896303647,41.13114742729922],[20.056243446833683,41.1310394689478],[20.057100004146562,41.131740147649396],[20.05756311654184,41.132115543812546]]]},"properties":{"Zk_Numer":1885,"Zk_Emer":"GURABARDH","Nr_Pas":"71/7","Vol":2,"Faqe":85,"Pronaret":"PRONESI E PASAKTESUAR","Kufizimet":"KJO PASURI POSEDOHET NGA PETRIT M. SHARRA SIPAS AMTP NR 18","Siperfaqe":2746}},
{"type":"Feature","geometry":{"type":"Polygon","coordinates":[[[20.056629806604242,41.131954468474085],[20.05580659612313,41.131286833063335],[20.05594191780408,41.13122002432562],[20.05676598839651,41.13188117505883],[20.057337030722767,41.13228106354314],[20.05719028387608,41.1323534121434],[20.056629806604242,41.131954468474085]]]},"properties":{"Zk_Numer":1885,"Zk_Emer":"GURABARDH","Nr_Pas":"71/5","Vol":2,"Faqe":81,"Pronaret":"PRONESI E PASAKTESUAR","Kufizimet":"KJO PASURI POSEDOHET NGA SELIM M SHARRA SIPAS AMTP NR 13","Siperfaqe":2290}},
{"type":"Feature","geometry":{"type":"Polygon","coordinates":[[[20.054148296278285,41.142747576912406],[20.0539790966894,41.142805114964276],[20.05380077572516,41.142865754454846],[20.05365144677514,41.14291653467706],[20.053757969369784,41.14228984714966],[20.054028358594046,41.14158962607199],[20.05416297792613,41.1416736509198],[20.054417573972085,41.14172576181785],[20.054306745493747,41.1426936943181],[20.054148296278285,41.142747576912406]]]},"properties":{"Zk_Numer":1885,"Zk_Emer":"GURABARDH","Nr_Pas":"23/8","Vol":2,"Faqe":80,"Pronaret":"PRONESI E PASAKTESUAR","Kufizimet":"KJO PASURI POSEDOHET NGA SELIM M SHARRA SIPAS AMTP NR 13","Siperfaqe":5864}},
{"type":"Feature","geometry":{"type":"Polygon","coordinates":[[[20.05981854328569,41.13650960634771],[20.059512858971512,41.13650849331897],[20.05939305413617,41.136377702265406],[20.05938998353827,41.13619030788754],[20.059467273767805,41.136119695060614],[20.059626682697512,41.13625182482203],[20.05981854328569,41.13650960634771]]]},"properties":{"Zk_Numer":1885,"Zk_Emer":"GURABARDH","Nr_Pas":"79/13","Vol":1,"Faqe":230,"Pronaret":"FARI HUSHI DEMIR, VELI HUSHI DEMIR, BUKURI HUSHI VELI, SHKËLQIM HUSHI VELI, FADIL HUSHI VELI","Kufizimet":"KUFIZOHET DERI NE PLOTESIMIN E DOKUMENTACIONIT TEKNIKO LIGJOR (CERTIFIKATE E GJENDJES FAMILJARE  AKTUALE)","Siperfaqe":885}},
{"type":"Feature","geometry":{"type":"Polygon","coordinates":[[[20.054983689705363,41.13421498248856],[20.05630001955102,41.134716777597234],[20.056275572561788,41.13472874652015],[20.056013751003704,41.134813859529594],[20.054846447940367,41.13426557729991],[20.054983689705363,41.13421498248856]]]},"properties":{"Zk_Numer":1885,"Zk_Emer":"GURABARDH","Nr_Pas":"20/38","Vol":1,"Faqe":112,"Pronaret":"PRONESI E PASAKTESUAR","Kufizimet":"KJO PASURI POSEDOHET NGA NEZIR H. SHARRA SIPAS AMTP-SE NR 29","Siperfaqe":1897}},
{"type":"Feature","geometry":{"type":"Polygon","coordinates":[[[20.055180271140653,41.13414251141244],[20.05562657666115,41.1342921823359],[20.056043617283393,41.134466472781334],[20.056398286229335,41.13466866743346],[20.05630001955102,41.134716777597234],[20.054983689705363,41.13421498248856],[20.055180271140653,41.13414251141244]]]},"properties":{"Zk_Numer":1885,"Zk_Emer":"GURABARDH","Nr_Pas":"20/39","Vol":1,"Faqe":110,"Pronaret":"PRONESI E PASAKTESUAR","Kufizimet":"KJO PASURI POSEDOHET NGA BEXHET H, SHARRA SIPAS AMTP NR 35","Siperfaqe":1769}},
{"type":"Feature","geometry":{"type":"Polygon","coordinates":[[[20.05635550177189,41.13212996855211],[20.055920848301135,41.13181771594829],[20.055481570388473,41.13144729808071],[20.05580659612313,41.131286833063335],[20.056629806604242,41.131954468474085],[20.05635550177189,41.13212996855211]]]},"properties":{"Zk_Numer":1885,"Zk_Emer":"GURABARDH","Nr_Pas":"71/4","Vol":2,"Faqe":73,"Pronaret":"YMER SHARRA ALI, ELONA SHARRA MAHMUT, ALI SHARRA YMER, HAMIDE SHARRA MUSTAFA, BRUNILDA SHARRA ALI","Kufizimet":"KA DIFERENCE FAKT-DOKUMENT MBI 20% TE TOTALIT TE AMTP-SE\r\n","Siperfaqe":3327}},
{"type":"Feature","geometry":{"type":"Polygon","coordinates":[[[20.056398286229335,41.13466866743346],[20.056043617283393,41.134466472781334],[20.05562657666115,41.1342921823359],[20.055180271140653,41.13414251141244],[20.05552987140933,41.13398794782084],[20.055859903907404,41.13413997769594],[20.05661845891208,41.13455508757146],[20.056398286229335,41.13466866743346]]]},"properties":{"Zk_Numer":1885,"Zk_Emer":"GURABARDH","Nr_Pas":"20/40","Vol":1,"Faqe":115,"Pronaret":"LULJETA DANI SHYQERI, KLODJANA DANI KUJTIM, DRITA DANI ISLAM, KUJTIM DANI ISLAM, ISLAM DANI OSMAN, FATIME DANI MUSTAFA","Kufizimet":"KUFIZOHET DERI NE PLOTESIMIN E DOKUMENTACIONIT TEKNIKO LIGJOR (CERTIFIKATE E GJENDJES FAMILJARE  AKTUALE)","Siperfaqe":2645}},
{"type":"Feature","geometry":{"type":"Polygon","coordinates":[[[20.055823056872313,41.13386933158279],[20.056441898326998,41.13423781880868],[20.05678199432668,41.13447072449036],[20.05661845891208,41.13455508757146],[20.055859903907404,41.13413997769594],[20.05552987140933,41.13398794782084],[20.055823056872313,41.13386933158279]]]},"properties":{"Zk_Numer":1885,"Zk_Emer":"GURABARDH","Nr_Pas":"20/41","Vol":2,"Faqe":74,"Pronaret":"ISMAIL DANI OSMAN, MIMOZA DANI ISMAIL, SUZANA DANI ISMAIL, OSMAN DANI ISMAIL, FATIME DANI LIMON","Kufizimet":"KUFIZOHET DERI NE PLOTESIMIN E DOKUMENTACIONIT TEKNIKO LIGJOR (CERTIFIKATE E GJENDJES FAMILJARE  AKTUALE)","Siperfaqe":2200}},
{"type":"Feature","geometry":{"type":"Polygon","coordinates":[[[20.056126029292763,41.1337650427859],[20.05623655097567,41.1337829082574],[20.057126307784962,41.13429335892292],[20.05678199432668,41.13447072449036],[20.056441898326998,41.13423781880868],[20.055823056872313,41.13386933158279],[20.055952811882452,41.13381906780951],[20.056126029292763,41.1337650427859]]]},"properties":{"Zk_Numer":1885,"Zk_Emer":"GURABARDH","Nr_Pas":"20/42","Vol":2,"Faqe":75,"Pronaret":"ABDULLA DANI LIMAN, HANIFE DANI RRAPUSH, FLUTUR DANI ABDULLA, KADRI DANI ABDULLA","Kufizimet":"KUFIZOHET DERI NE PLOTESIMIN E DOKUMENTACIONIT TEKNIKO LIGJOR (CERTIFIKATE E GJENDJES FAMILJARE  AKTUALE)","Siperfaqe":3100}},
{"type":"Feature","geometry":{"type":"Polygon","coordinates":[[[20.057126307784962,41.13429335892292],[20.05623655097567,41.1337829082574],[20.056126029292763,41.1337650427859],[20.056194254035624,41.133751628273515],[20.0567292226757,41.13377323931345],[20.05706977695375,41.13391466405053],[20.0574455847504,41.13396565219971],[20.057624164192056,41.13396355747768],[20.057709678393334,41.134019858540434],[20.05736380468302,41.13417285998708],[20.057126307784962,41.13429335892292]]]},"properties":{"Zk_Numer":1885,"Zk_Emer":"GURABARDH","Nr_Pas":"20/43","Vol":1,"Faqe":111,"Pronaret":"ALI DANI ABDULLA, AMARILDA DANI ALI, RESMIJE DANI SULEJMAN, MARSIDA DANI ALI, MATILDA DANI ALI","Kufizimet":"KUFIZOHET DERI NE PLOTESIMIN E DOKUMENTACIONIT TEKNIKO LIGJOR (CERTIFIKATE E GJENDJES FAMILJARE  AKTUALE)","Siperfaqe":3020}},
{"type":"Feature","geometry":{"type":"Polygon","coordinates":[[[20.054946995861833,41.135850092812845],[20.055008509569884,41.135781302053594],[20.055208133266813,41.13564746644993],[20.055302215387428,41.13553261416039],[20.056021777866388,41.13576845255257],[20.055958001261743,41.13594879872269],[20.055947699433155,41.136051858531864],[20.054946995861833,41.135850092812845]]]},"properties":{"Zk_Numer":1885,"Zk_Emer":"GURABARDH","Nr_Pas":"20/46","Vol":1,"Faqe":19,"Pronaret":"SHTET","Kufizimet":"KJO PASURI OKUPOHET NGA BUJAR SHARRA","Siperfaqe":2800}},
{"type":"Feature","geometry":{"type":"Polygon","coordinates":[[[20.055497218163392,41.135224378960935],[20.055572473629518,41.13517752327352],[20.05571395089117,41.1350451319879],[20.056389640044753,41.13538713084258],[20.056228381612975,41.13556952962345],[20.055497218163392,41.135224378960935]]]},"properties":{"Zk_Numer":1885,"Zk_Emer":"GURABARDH","Nr_Pas":"20/49","Vol":1,"Faqe":28,"Pronaret":"BRUNILDA SHARRA ALI, ALI SHARRA YMER, HAMIDE SHARRA MUSTAFA, ELONA SHARRA MAHMUD, YMER SHARRA ALI","Kufizimet":"KA DIFERENCE FAKT-DOKUMENT MBI 20% TE TOTALIT TE AMTP-SE","Siperfaqe":1776}},
{"type":"Feature","geometry":{"type":"Polygon","coordinates":[[[20.052980356564362,41.13884850569073],[20.05300999231228,41.13905207265905],[20.05298445662129,41.139673916075324],[20.05295460874642,41.13990188910748],[20.052283069574496,41.139623645572456],[20.05215596668914,41.13949124034411],[20.052980356564362,41.13884850569073]]]},"properties":{"Zk_Numer":1885,"Zk_Emer":"GURABARDH","Nr_Pas":"28/8","Vol":2,"Faqe":89,"Pronaret":"SHTET","Kufizimet":"KJO PASURI OKUPOHET NGA XHEVAHIR SHARRA","Siperfaqe":4450}},
{"type":"Feature","geometry":{"type":"Polygon","coordinates":[[[20.05215596668914,41.13949124034411],[20.051934620354583,41.1392606585042],[20.05233286109448,41.1389609664937],[20.052622295528444,41.13863313870419],[20.0530199749853,41.1382995833767],[20.053133316406942,41.13821033741697],[20.053144244525555,41.13839962977589],[20.052980356564362,41.13884850569073],[20.05215596668914,41.13949124034411]]]},"properties":{"Zk_Numer":1885,"Zk_Emer":"GURABARDH","Nr_Pas":"28/9","Vol":2,"Faqe":97,"Pronaret":"SHTET","Kufizimet":"KJO PASURI OKUPOHET NGA XHEVAHIR SHARRA\r\n","Siperfaqe":4480}},
{"type":"Feature","geometry":{"type":"Polygon","coordinates":[[[20.05492279405888,41.13626294864354],[20.054929464462045,41.1362633164849],[20.05598983200142,41.13632178580483],[20.05596229945906,41.136456268540556],[20.055831328140517,41.13654063230421],[20.055794520770796,41.13656434130892],[20.055608287625628,41.13660826273472],[20.05533165514108,41.136590302468804],[20.05518237353308,41.13656037812919],[20.05508246288558,41.136488749437916],[20.05496635492926,41.136423244192116],[20.05492603574784,41.13634085991518],[20.05492279405888,41.13626294864354]]]},"properties":{"Zk_Numer":1885,"Zk_Emer":"GURABARDH","Nr_Pas":"20/44","Vol":1,"Faqe":20,"Pronaret":"QERIM SHARRA SELMAN, FISNIK SHARRA QERIM, MARGARITA SHARRA QERIM, BUJAR SHARRA QERIM, BASHKIM SHARRA JONUZ, EMINE SHARRA OSMAN, SHAHE SHARRA ARIF","Kufizimet":"KUFIZOHET DERI NE PLOTESIMIN E DOKUMENTACIONIT TEKNIKO LIGJOR (CERTIFIKATE E GJENDJES FAMILJARE  AKTUALE)","Siperfaqe":2489}},
{"type":"Feature","geometry":{"type":"Polygon","coordinates":[[[20.056107637479798,41.13568260087514],[20.056021777866388,41.13576845255257],[20.055302215387428,41.13553261416039],[20.055366568568868,41.13540200648434],[20.055379626602587,41.135371826062986],[20.056107637479798,41.13568260087514]]]},"properties":{"Zk_Numer":1885,"Zk_Emer":"GURABARDH","Nr_Pas":"20/47","Vol":1,"Faqe":58,"Pronaret":"SHTET","Kufizimet":"KJO PASURI OKUPOHET NGA HASAN SHARRA","Siperfaqe":1040}},
{"type":"Feature","geometry":{"type":"Polygon","coordinates":[[[20.056389640044753,41.13538713084258],[20.05571395089117,41.1350451319879],[20.05571660284597,41.13504265034061],[20.055838262560435,41.13495465259016],[20.055989762113253,41.134869797460226],[20.05629974495774,41.134765704299994],[20.0563420941458,41.134743586469035],[20.056436163615064,41.1346996246075],[20.056698156461536,41.134913750125676],[20.056668071287287,41.13496105012656],[20.056637986069845,41.135008350119236],[20.056671444385902,41.135114408307174],[20.05666962182995,41.135150836309066],[20.056389640044753,41.13538713084258]]]},"properties":{"Zk_Numer":1885,"Zk_Emer":"GURABARDH","Nr_Pas":"20/50","Vol":1,"Faqe":38,"Pronaret":"PRONESI E PASAKTESUAR","Kufizimet":"KJO PASURI POSEDOHET NGA XHEVAHIR D. SHARRA SIPAS AMTP-SE NR 25","Siperfaqe":3490}},
{"type":"Feature","geometry":{"type":"Polygon","coordinates":[[[20.05598983200142,41.13632178580483],[20.054929464462045,41.1362633164849],[20.05492279405888,41.13626294864354],[20.054923942599657,41.136099251800694],[20.05493242521313,41.13588262516609],[20.054946601517102,41.135850650582064],[20.054946995861833,41.135850092812845],[20.055947699433155,41.136051858531864],[20.055962949253864,41.13622654496504],[20.05598983200142,41.13632178580483]]]},"properties":{"Zk_Numer":1885,"Zk_Emer":"GURABARDH","Nr_Pas":"20/45","Vol":1,"Faqe":18,"Pronaret":"SHTET","Kufizimet":"KJO PASURI OKUPOHET NGA FISNIK SHARRA","Siperfaqe":3295}},
{"type":"Feature","geometry":{"type":"Polygon","coordinates":[[[20.055379626602587,41.135371826062986],[20.055411676818153,41.135297749777784],[20.055497218163392,41.135224378960935],[20.056228381612975,41.13556952962345],[20.056129287205852,41.13566232695401],[20.056107637479798,41.13568260087514],[20.055379626602587,41.135371826062986]]]},"properties":{"Zk_Numer":1885,"Zk_Emer":"GURABARDH","Nr_Pas":"20/48","Vol":1,"Faqe":34,"Pronaret":"LULJETA SHARRA HYSEN, ELSON SHARRA ISLAM, HAVA SHARRA XHEME, ISLAM SHARRA YMER, ESTELJANO SHARRA ISLAM","Kufizimet":"KA DIFERENCE FAKT-DOKUMENT MBI 20% TE TOTALIT TE AMTP-SE\r\n","Siperfaqe":1269}},
{"type":"Feature","geometry":{"type":"Polygon","coordinates":[[[20.057538531182928,41.131792520309645],[20.05756311654184,41.132115543812546],[20.057100004146562,41.131740147649396],[20.056243446833683,41.1310394689478],[20.05643686214148,41.13088625478071],[20.057538531182928,41.131792520309645]]]},"properties":{"Zk_Numer":1885,"Zk_Emer":"GURABARDH","Nr_Pas":"71/8","Vol":2,"Faqe":82,"Pronaret":"SHTET","Kufizimet":"KJO PASURI OKUPOHET NGA BUJAR SHARRA","Siperfaqe":3482}},
{"type":"Feature","geometry":{"type":"Polygon","coordinates":[[[20.05609912788618,41.13229399498025],[20.05635550177189,41.13212996855211],[20.056629806604242,41.131954468474085],[20.05719028387608,41.1323534121434],[20.05710436605641,41.13239548754898],[20.056957944155524,41.13250166608257],[20.056726187071725,41.13270259720233],[20.056674641432185,41.132734386851844],[20.05609912788618,41.13229399498025]]]},"properties":{"Zk_Numer":1885,"Zk_Emer":"GURABARDH","Nr_Pas":"71/3","Vol":2,"Faqe":98,"Pronaret":"SHTET","Kufizimet":"KJO PASURI OKUPOHET NGA DEMIR SHARRA\r\n","Siperfaqe":3900}},
{"type":"Feature","geometry":{"type":"Polygon","coordinates":[[[20.04992433592283,41.141945913056986],[20.049738816181378,41.14168802934956],[20.049634886408047,41.14145828952466],[20.04948913818783,41.14113509381694],[20.04962371999631,41.14107567159473],[20.049767226029342,41.141030162768686],[20.04990195667145,41.14101304216843],[20.050073427374237,41.14101524254717],[20.050383608692325,41.14099680230566],[20.0504001351812,41.141080633796044],[20.05038615686136,41.141147606399514],[20.05030368016841,41.1412134526761],[20.050192440399464,41.141302262003],[20.050129409519617,41.14139284465939],[20.050119022888826,41.14148062826916],[20.050160937128144,41.141612326836466],[20.050224764469355,41.14162020010783],[20.050397697368766,41.141848966874775],[20.05053226954726,41.141916356175656],[20.050593394724142,41.141987246366014],[20.050163688647135,41.14197413734416],[20.04992433592283,41.141945913056986]]]},"properties":{"Zk_Numer":1885,"Zk_Emer":"GURABARDH","Nr_Pas":"34/7","Vol":2,"Faqe":77,"Pronaret":"PRONESI E PASAKTESUAR","Kufizimet":"KJO PASURI POSEDOHET NGA BAJRAM M SHORJA SIPAS AMTP NR 5","Siperfaqe":5420}},
{"type":"Feature","geometry":{"type":"Polygon","coordinates":[[[20.051814504525847,41.14180414392698],[20.051607653399348,41.1416220941099],[20.05138380777156,41.14137119030068],[20.051054498946115,41.14098428005219],[20.051129829845625,41.14092816822834],[20.051296062703248,41.1408921919468],[20.051488202581044,41.14088616374412],[20.0515419893375,41.14090338250569],[20.05160611461064,41.14097515864321],[20.051685264643194,41.14117371989076],[20.05178769021531,41.14139413095659],[20.05187490369878,41.141507503431185],[20.051867117808765,41.14158820580434],[20.05185651576423,41.14169809788713],[20.051814504525847,41.14180414392698]]]},"properties":{"Zk_Numer":1885,"Zk_Emer":"GURABARDH","Nr_Pas":"34/2","Vol":1,"Faqe":89,"Pronaret":"PRONESI E PASAKTESUAR","Kufizimet":"KJO PASURI POSEDOHET NGA OSMAN M SHORJA SIPAS AMTP NR 3","Siperfaqe":3120}},
{"type":"Feature","geometry":{"type":"Polygon","coordinates":[[[20.04948913818783,41.14113509381694],[20.049634886408047,41.14145828952466],[20.049738816181378,41.14168802934956],[20.04992433592283,41.141945913056986],[20.04952592527154,41.14184558713334],[20.04931405462731,41.14178006051003],[20.049019481242407,41.141601965192194],[20.049021860487603,41.14159924724696],[20.049115695916726,41.141461265863896],[20.04916252650602,41.141331789731055],[20.049194806400152,41.14127961368712],[20.049242659648296,41.14123888910211],[20.049335705593254,41.14119125852925],[20.049475069590923,41.141141305542305],[20.04948913818783,41.14113509381694]]]},"properties":{"Zk_Numer":1885,"Zk_Emer":"GURABARDH","Nr_Pas":"34/8","Vol":2,"Faqe":99,"Pronaret":"SHTET","Kufizimet":"KJO PASURI OKUPOHET NGA BAJRAM SHORJA\r\n","Siperfaqe":3180}},
{"type":"Feature","geometry":{"type":"Polygon","coordinates":[[[20.048883403719366,41.14173535799557],[20.04948364538844,41.142192868132895],[20.04922620401007,41.142202126508565],[20.04875418006521,41.141827108325366],[20.048853779077735,41.14176043818754],[20.048883403719366,41.14173535799557]]]},"properties":{"Zk_Numer":1885,"Zk_Emer":"GURABARDH","Nr_Pas":"34/10","Vol":2,"Faqe":100,"Pronaret":"SHTET","Kufizimet":"KJO PASURI OKUPOHET NGA HALIT SHORJA\r\n","Siperfaqe":1000}},
{"type":"Feature","geometry":{"type":"Polygon","coordinates":[[[20.05155849117958,41.14209537879173],[20.05159000494993,41.142141176179514],[20.05167210590699,41.14218003435478],[20.051793145700785,41.14221377742495],[20.051693582406422,41.14219539284072],[20.05149517303548,41.142182095347664],[20.05143327431636,41.14231196893348],[20.051192774040995,41.14281657244812],[20.0511926049832,41.14281692715232],[20.05156618916053,41.14281028342919],[20.051723796334834,41.14277331627234],[20.051936886220616,41.14266761538362],[20.05193606399842,41.14266921613873],[20.05177603725534,41.14284018132194],[20.051625785273455,41.14293422858201],[20.051511167496088,41.14296403084498],[20.051313657241582,41.14304425979314],[20.051149922613703,41.143118098645445],[20.051077790812485,41.143163120966975],[20.050922175200448,41.14333595279236],[20.050806759873602,41.14338327555772],[20.050554240999297,41.14345802595186],[20.050348322327178,41.143500247073696],[20.050244199832996,41.14348905817967],[20.050126978645366,41.14345812642407],[20.049949901145556,41.14337798000671],[20.04989753881332,41.143331462947835],[20.0498473677708,41.143228580174174],[20.049752717113375,41.1430344847579],[20.049695034266595,41.14297452773559],[20.049594550538586,41.14288729224365],[20.04941766211483,41.14287438199794],[20.049326327933517,41.14286579814944],[20.049207598105532,41.14281282140947],[20.049098950496845,41.14274510609044],[20.04900299338399,41.14271831026939],[20.04888362352095,41.142732648176484],[20.048809246318744,41.14277449514348],[20.048748278071628,41.142788594634546],[20.0486691750476,41.14278378355273],[20.04834329202494,41.142690188164345],[20.048228681388842,41.142640213446256],[20.048104348205637,41.14254121585911],[20.048000449862577,41.142503316721964],[20.047609248937444,41.14248698708685],[20.047546565058102,41.142508449269926],[20.0475053420063,41.142516959601245],[20.047489067268064,41.14251329320006],[20.047492844669215,41.14249666250531],[20.047526454850523,41.14247644652907],[20.047563371917224,41.14245756856503],[20.047679756609774,41.14245752045289],[20.047792995329562,41.14242038835398],[20.047896058700964,41.14235224859583],[20.047937818686158,41.142339156413115],[20.04798235599345,41.14234033931753],[20.048063576995386,41.14232819846804],[20.04811919677537,41.1422944209403],[20.04810354189345,41.142252404199645],[20.048042908767066,41.14221866414643],[20.04796289226944,41.14219947011865],[20.04780982271201,41.142216738272396],[20.04769954592993,41.14226460427231],[20.047572599521754,41.14230523412126],[20.04739669146337,41.14230885931183],[20.047111049039156,41.14228372073264],[20.047001618951136,41.142290439968555],[20.046844501970206,41.14235642852292],[20.046667402099718,41.14241797792328],[20.046607181579738,41.14242457070927],[20.046551995276904,41.14241732942427],[20.046859016617887,41.142299056752265],[20.047003256333255,41.14224349140135],[20.047111795634077,41.14222052954907],[20.047348029791017,41.14219437451663],[20.04748150409843,41.14215867173784],[20.047808408049086,41.14202969426791],[20.04795833420253,41.14198846495906],[20.048171903277446,41.14195841640099],[20.048361929442336,41.14194616252863],[20.048596105326368,41.14189770832773],[20.04875418006521,41.141827108325366],[20.04922620401007,41.142202126508565],[20.04948364538844,41.142192868132895],[20.049510780511348,41.142191892237605],[20.049829631205736,41.14221343455256],[20.049998051388663,41.14229555208705],[20.050177550705257,41.14247594627962],[20.050690277606417,41.14233574573566],[20.050997436921936,41.14225175441243],[20.051533820170278,41.14210508036321],[20.05155849117958,41.14209537879173]]]},"properties":{"Zk_Numer":1885,"Zk_Emer":"GURABARDH","Nr_Pas":"34/11","Vol":2,"Faqe":101,"Pronaret":"SHTET","Kufizimet":"","Siperfaqe":29750}},
{"type":"Feature","geometry":{"type":"Polygon","coordinates":[[[20.054079637907,41.139491735953385],[20.054219048242174,41.139313522238595],[20.05428185916099,41.13932614227313],[20.054432557779187,41.13929866374246],[20.05454799665793,41.139176231828],[20.05456085749086,41.139048712954924],[20.054848292955217,41.13906528062064],[20.055058994949153,41.13907742493877],[20.055232298013603,41.13913125574802],[20.055382815957056,41.1392302028651],[20.054959227976582,41.139682972035274],[20.054620092304354,41.139651614195245],[20.054079637907,41.139491735953385]]]},"properties":{"Zk_Numer":1885,"Zk_Emer":"GURABARDH","Nr_Pas":"25/1","Vol":2,"Faqe":86,"Pronaret":"ROAN SHARRA NAZMI, ERGI SHARRA NAZMI, TEUTA SHARRA BAJRAM, HATIXHE SHARRA HASAN, NAZMI SHARRA QAZIM, QAZIM SHARRA MUSA","Kufizimet":"","Siperfaqe":4660}},
{"type":"Feature","geometry":{"type":"Polygon","coordinates":[[[20.054079637907,41.139491735953385],[20.05372925284356,41.13933508461083],[20.05364586928103,41.1391441652939],[20.053399383637988,41.13857666337249],[20.05326308084484,41.138262839027036],[20.05318920265002,41.13816147682799],[20.053216951124053,41.138137216674025],[20.053324177097934,41.13805240133333],[20.053696172557395,41.13768897270529],[20.053825818381615,41.13757689378879],[20.05386900684397,41.137751565608056],[20.053808056478058,41.13793591151952],[20.053760679347516,41.13800958345471],[20.053766352126686,41.13810397394162],[20.05389026990679,41.138358252251564],[20.054109398777822,41.138726425099485],[20.05435280917833,41.13896954618502],[20.05456085749086,41.139048712954924],[20.05454799665793,41.139176231828],[20.054432557779187,41.13929866374246],[20.05428185916099,41.13932614227313],[20.054219048242174,41.139313522238595],[20.054079637907,41.139491735953385]]]},"properties":{"Zk_Numer":1885,"Zk_Emer":"GURABARDH","Nr_Pas":"25/2","Vol":2,"Faqe":102,"Pronaret":"SHTET","Kufizimet":"KJO PASURI OKUPOHET NGA QAZIM SHARRA\r\n","Siperfaqe":9677}},
{"type":"Feature","geometry":{"type":"Polygon","coordinates":[[[20.05383083715004,41.140114456583035],[20.053754259152115,41.140438889114385],[20.05338706195959,41.140372535713254],[20.05337137338021,41.14009786903156],[20.053455939244227,41.13966887342012],[20.05370699772596,41.13979063444608],[20.053926214436856,41.13984170860037],[20.05383083715004,41.140114456583035]]]},"properties":{"Zk_Numer":1885,"Zk_Emer":"GURABARDH","Nr_Pas":"27/10","Vol":2,"Faqe":83,"Pronaret":"FISNIK SHARRA QERIM, MARGARITA SHARRA RIZA, BUJAR SHARRA QERIM, BASHKIM SHARRA JONUZ, EMINE SHARRA OSMAN, QERIM SHARRA SELMAN, SHAHE SHARRA ARIF","Kufizimet":"KUFIZOHET DERI NE PLOTESIMIN E DOKUMENTACIONIT TEKNIKO LIGJOR (CERTIFIKATE E GJENDJES FAMILJARE  AKTUALE)","Siperfaqe":2702}},
{"type":"Feature","geometry":{"type":"Polygon","coordinates":[[[20.055143207527856,41.13987360459195],[20.05500801471947,41.13978507867445],[20.05502345415984,41.139666870031114],[20.055497573471172,41.13958486836196],[20.055523102040468,41.13965982689589],[20.055714806931316,41.13986118868255],[20.055583592876552,41.139930476489205],[20.05556764901477,41.140003442127615],[20.055489873546843,41.14004517726127],[20.055420745988993,41.139931224929235],[20.05529573742683,41.13996857685333],[20.0552418301446,41.13993077848347],[20.055143207527856,41.13987360459195]]]},"properties":{"Zk_Numer":1885,"Zk_Emer":"GURABARDH","Nr_Pas":"27/2","Vol":1,"Faqe":9,"Pronaret":"LUJLETA SHARRA HYSEN, ELSON SHARRA ISLAM, HAVA SHARRA XHEME, ESTELJANO SHARRA ISLAM, ISLAM SHARRA YMER","Kufizimet":"MBI KETE PASURI NDODHEN DY NDERTIME PA LEJE, KA DIFERENCE FAKT-DOKUMENT MBI 20% TE TOTALIT TE AMTP-SE\r\n","Siperfaqe":1700}},
{"type":"Feature","geometry":{"type":"Polygon","coordinates":[[[20.054950170787222,41.139796052834825],[20.055143207527856,41.13987360459195],[20.0552418301446,41.13993077848347],[20.05529573742683,41.13996857685333],[20.055420745988993,41.139931224929235],[20.055489873546843,41.14004517726127],[20.055146426897608,41.140148424864854],[20.055006246834104,41.140130616613675],[20.05487851564345,41.13993429360184],[20.054950170787222,41.139796052834825]]]},"properties":{"Zk_Numer":1885,"Zk_Emer":"GURABARDH","Nr_Pas":"27/3","Vol":2,"Faqe":71,"Pronaret":"SHTET","Kufizimet":"KJO PASURI OKUPOHET NGA ISLAM SHARRA\r\n","Siperfaqe":1100}},
{"type":"Feature","geometry":{"type":"Polygon","coordinates":[[[20.055591291255173,41.140338416322514],[20.055529694230884,41.14029449567087],[20.05557119260248,41.140179225931625],[20.055489873546843,41.14004517726127],[20.05556764901477,41.140003442127615],[20.055583592876552,41.139930476489205],[20.055714806931316,41.13986118868255],[20.055796683277915,41.139910062861965],[20.055828996589113,41.139915006555],[20.05590484677041,41.140078868033356],[20.055807270829966,41.140174064164334],[20.055641032330087,41.140297623514165],[20.055591291255173,41.140338416322514]]]},"properties":{"Zk_Numer":1885,"Zk_Emer":"GURABARDH","Nr_Pas":"27/1","Vol":2,"Faqe":105,"Pronaret":"SHTET","Kufizimet":"MBI KETE PASURI NDODHET NJE NDERTIM PA LEJE, KJO PASURI OKUPOHET NGA HASAN SHARRA","Siperfaqe":1034}},
{"type":"Feature","geometry":{"type":"Polygon","coordinates":[[[20.055497573471172,41.13958486836196],[20.05502345415984,41.139666870031114],[20.05500801471947,41.13978507867445],[20.055143207527856,41.13987360459195],[20.054950170787222,41.139796052834825],[20.054959227976582,41.139682972035274],[20.055382815957056,41.1392302028651],[20.05545669186796,41.13932272706988],[20.055505298181618,41.1394212341154],[20.055497573471172,41.13958486836196]]]},"properties":{"Zk_Numer":1885,"Zk_Emer":"GURABARDH","Nr_Pas":"27/4","Vol":2,"Faqe":104,"Pronaret":"SHTET","Kufizimet":"KJO PASURI OKUPOHET NGA ISLAM SHARRA\r\n","Siperfaqe":1140}},
{"type":"Feature","geometry":{"type":"Polygon","coordinates":[[[20.055006246834104,41.140130616613675],[20.05500227966043,41.14019138629834],[20.054930713568602,41.140284411379454],[20.054848032982093,41.1403716179432],[20.0546311693351,41.14042951695601],[20.054517108377727,41.14047883637196],[20.054278381563105,41.140506818617034],[20.053988851840284,41.14063296375209],[20.053878641149645,41.1407921877008],[20.053800562778957,41.14083646712589],[20.05376146977377,41.141139559635754],[20.053708181147837,41.14113543371683],[20.053698312311155,41.14113184516227],[20.053762893832875,41.14069517114114],[20.053763569097192,41.14068745637513],[20.053754259152115,41.140438889114385],[20.05383083715004,41.140114456583035],[20.05422329154218,41.140161979612635],[20.054525683227098,41.140088629518715],[20.05468294744227,41.14001472074262],[20.05487851564345,41.13993429360184],[20.055006246834104,41.140130616613675]]]},"properties":{"Zk_Numer":1885,"Zk_Emer":"GURABARDH","Nr_Pas":"27/6","Vol":2,"Faqe":107,"Pronaret":"SHTET","Kufizimet":"KJO PASURI OKUPOHET NGA ISLAM SHARRA\r\n","Siperfaqe":5070}},
{"type":"Feature","geometry":{"type":"Polygon","coordinates":[[[20.05487851564345,41.13993429360184],[20.05468294744227,41.14001472074262],[20.054525683227098,41.140088629518715],[20.05422329154218,41.140161979612635],[20.05383083715004,41.140114456583035],[20.053926214436856,41.13984170860037],[20.054195607658126,41.139794749621664],[20.054620092304354,41.139651614195245],[20.054959227976582,41.139682972035274],[20.054950170787222,41.139796052834825],[20.05487851564345,41.13993429360184]]]},"properties":{"Zk_Numer":1885,"Zk_Emer":"GURABARDH","Nr_Pas":"27/5","Vol":2,"Faqe":106,"Pronaret":"SHTET","Kufizimet":"KJO PASURI OKUPOHET NGA HASAN SHARRA\r\n","Siperfaqe":3400}},
{"type":"Feature","geometry":{"type":"Polygon","coordinates":[[[20.05376146977377,41.141139559635754],[20.053800562778957,41.14083646712589],[20.053878641149645,41.1407921877008],[20.053988851840284,41.14063296375209],[20.054278381563105,41.140506818617034],[20.054517108377727,41.14047883637196],[20.0546311693351,41.14042951695601],[20.054848032982093,41.1403716179432],[20.054930713568602,41.140284411379454],[20.05500227966043,41.14019138629834],[20.055006246834104,41.140130616613675],[20.055146426897608,41.140148424864854],[20.055489873546843,41.14004517726127],[20.05557119260248,41.140179225931625],[20.055529694230884,41.14029449567087],[20.055591291255173,41.140338416322514],[20.055427710478384,41.1404529173347],[20.05518061095832,41.140582539137256],[20.05501313728768,41.14065260257224],[20.054947307793917,41.14070806050913],[20.054830168507895,41.140786100301746],[20.05475788320339,41.14081990648207],[20.05467117308293,41.140822893697816],[20.054552212956068,41.140817889916626],[20.05445586526318,41.14083542523676],[20.054309485571054,41.14091512234572],[20.054139113820995,41.14100267711707],[20.053977378099642,41.141080754394416],[20.053876747577597,41.14112317673366],[20.053781108080216,41.141141080142624],[20.05376146977377,41.141139559635754]]]},"properties":{"Zk_Numer":1885,"Zk_Emer":"GURABARDH","Nr_Pas":"27/7","Vol":2,"Faqe":108,"Pronaret":"SHTET","Kufizimet":"KJO PASURI OKUPOHET NGA HASAN SHARRA\r\n","Siperfaqe":6695}},
{"type":"Feature","geometry":{"type":"Polygon","coordinates":[[[20.053762893832875,41.14069517114114],[20.05340208321622,41.14063551710755],[20.05338706195959,41.140372535713254],[20.053754259152115,41.140438889114385],[20.053763569097192,41.14068745637513],[20.053762893832875,41.14069517114114]]]},"properties":{"Zk_Numer":1885,"Zk_Emer":"GURABARDH","Nr_Pas":"27/9","Vol":2,"Faqe":110,"Pronaret":"SHTET","Kufizimet":"KJO PASURI OKUPOHET NGA BUJAR SHARRA\r\n","Siperfaqe":875}},
{"type":"Feature","geometry":{"type":"Polygon","coordinates":[[[20.053762893832875,41.14069517114114],[20.053698312311155,41.14113184516227],[20.053494513957695,41.14105773873307],[20.053425021904005,41.1410371070927],[20.05340208321622,41.14063551710755],[20.053762893832875,41.14069517114114]]]},"properties":{"Zk_Numer":1885,"Zk_Emer":"GURABARDH","Nr_Pas":"27/8","Vol":2,"Faqe":109,"Pronaret":"SHTET","Kufizimet":"KJO PASURI OKUPOHET NGA FISNIK SHARRA\r\n","Siperfaqe":1250}},
{"type":"Feature","geometry":{"type":"Polygon","coordinates":[[[20.05298445662129,41.139673916075324],[20.053243759009877,41.13968108667204],[20.053455939244227,41.13966887342012],[20.05337137338021,41.14009786903156],[20.05338706195959,41.140372535713254],[20.05340208321622,41.14063551710755],[20.053425021904005,41.1410371070927],[20.053313692426535,41.14100405413807],[20.053173039454414,41.14099560457983],[20.052819462290838,41.14101060007788],[20.05280944473567,41.14101060467056],[20.05295460874642,41.13990188910748],[20.05298445662129,41.139673916075324]]]},"properties":{"Zk_Numer":1885,"Zk_Emer":"GURABARDH","Nr_Pas":"27/11","Vol":2,"Faqe":126,"Pronaret":"SHTET","Kufizimet":"KJO PASURI OKUPOHET NGA QAZIM SHARRA\r\n","Siperfaqe":6260}},
{"type":"Feature","geometry":{"type":"Polygon","coordinates":[[[20.05955249889963,41.14446786646204],[20.05913470017897,41.14458572438343],[20.058718014244906,41.14474958712513],[20.058394541525566,41.14451181476074],[20.058378938381193,41.14449398055811],[20.058878906285447,41.14428220348148],[20.059136676460508,41.144296109829575],[20.05947337225645,41.144273125034786],[20.05955249889963,41.14446786646204]]]},"properties":{"Zk_Numer":1885,"Zk_Emer":"GURABARDH","Nr_Pas":"17/14","Vol":1,"Faqe":135,"Pronaret":"SHTET","Kufizimet":"KJO PASURI OKUPOHET NGA XHEVAHIR BODANI\r\n","Siperfaqe":2950}},
{"type":"Feature","geometry":{"type":"Polygon","coordinates":[[[20.058878906285447,41.14428220348148],[20.058378938381193,41.14449398055811],[20.057906452585257,41.14395392948087],[20.058095135310033,41.14391475566413],[20.058273103145794,41.14384209591265],[20.058520156396643,41.143689163301985],[20.058878906285447,41.14428220348148]]]},"properties":{"Zk_Numer":1885,"Zk_Emer":"GURABARDH","Nr_Pas":"17/13","Vol":1,"Faqe":98,"Pronaret":"PRONESI E PASAKTESUAR","Kufizimet":"KJO PASURI POSEDOHET NGA SELIM Q. BODANI SIPAS AMTP NR 31","Siperfaqe":3700}},
{"type":"Feature","geometry":{"type":"Polygon","coordinates":[[[20.05955249889963,41.14446786646204],[20.05947337225645,41.144273125034786],[20.059136676460508,41.144296109829575],[20.058878906285447,41.14428220348148],[20.058520156396643,41.143689163301985],[20.058664766808526,41.14362057609143],[20.058849261306793,41.14356992139474],[20.059126798556086,41.14343912194229],[20.059104073572307,41.1435561317043],[20.0591249354248,41.14358334589558],[20.05913106949308,41.143591347754615],[20.059172388319332,41.1436452478813],[20.059220114355888,41.14366239657998],[20.059250961990386,41.143670022407825],[20.059841939221972,41.1443413513813],[20.059710818802728,41.144409089783125],[20.05955249889963,41.14446786646204]]]},"properties":{"Zk_Numer":1885,"Zk_Emer":"GURABARDH","Nr_Pas":"17/12","Vol":1,"Faqe":108,"Pronaret":"MARIGLEN FILJA PETRIT, ORTIDO FILJA PETRIT, URKAN FILJA ORTIDO, ERJONA FILJA KUJTIM, HATIXHE FILJA XHAFER, PETRIT FILJA QAZIM","Kufizimet":"KA DIFERENCE FAKT-DOKUMENT DERI NE 20% TE TOTALIT TE AMTP-SE","Siperfaqe":5730}},
{"type":"Feature","geometry":{"type":"Polygon","coordinates":[[[20.059250961990386,41.143670022407825],[20.059783851938693,41.14350495151752],[20.059865922203127,41.1434533828763],[20.059929999859357,41.143351911259884],[20.059896288605827,41.1434655821149],[20.059936607156615,41.14351105422872],[20.060531446570455,41.14374366474613],[20.060308671266704,41.143963102487454],[20.060008379885087,41.14417544416976],[20.059841939221972,41.1443413513813],[20.059250961990386,41.143670022407825]]]},"properties":{"Zk_Numer":1885,"Zk_Emer":"GURABARDH","Nr_Pas":"17/11","Vol":1,"Faqe":104,"Pronaret":"XHEJE FILJA XHEMALI, KADRI FILJA QAZIM, QAZIM FILJA MEHMET","Kufizimet":"KUFIZOHET DERI NE PLOTESIMIN E DOKUMENTACIONIT TEKNIKO LIGJOR (CERTIFIKATE E GJENDJES FAMILJARE  AKTUALE)","Siperfaqe":5200}},
{"type":"Feature","geometry":{"type":"Polygon","coordinates":[[[20.06424399162127,41.13673419541417],[20.06426107854665,41.136900767580435],[20.06376182445162,41.13696743765092],[20.063770488356994,41.13682661841363],[20.06424399162127,41.13673419541417]]]},"properties":{"Zk_Numer":1885,"Zk_Emer":"GURABARDH","Nr_Pas":"118/14","Vol":2,"Faqe":128,"Pronaret":"SHTET","Kufizimet":"KJO PASURI OKUPOHET NGA VELI HUSHI\r\n","Siperfaqe":700}},
{"type":"Feature","geometry":{"type":"Polygon","coordinates":[[[20.061828972203767,41.13944351422597],[20.061820632951967,41.13951402622211],[20.06180868517053,41.139630072552364],[20.06179264277855,41.139702206742186],[20.06174943248693,41.139811330970616],[20.061709195021866,41.139888732902534],[20.06168051159085,41.139954442381764],[20.061652967438242,41.13997959972761],[20.061546996382468,41.14000408045581],[20.061326138124027,41.140048998446595],[20.061222106980903,41.140028469268344],[20.060772215889948,41.13992048190994],[20.06087433338624,41.13963012620491],[20.06102649410028,41.13937383944413],[20.061828972203767,41.13944351422597]]]},"properties":{"Zk_Numer":1885,"Zk_Emer":"GURABARDH","Nr_Pas":"5/19","Vol":2,"Faqe":118,"Pronaret":"SHTET","Kufizimet":"KJO PASURI OKUPOHET NGA NEZIR SHARRA\r\n","Siperfaqe":5000}},
{"type":"Feature","geometry":{"type":"Polygon","coordinates":[[[20.051934620354583,41.1392606585042],[20.05215596668914,41.13949124034411],[20.052283069574496,41.139623645572456],[20.05295460874642,41.13990188910748],[20.05268042583651,41.1398970450627],[20.052455456860528,41.13985462675578],[20.05229613009454,41.13983804468889],[20.052224736883662,41.139842668831115],[20.052116316886522,41.13987369810966],[20.05192276990596,41.13993002970192],[20.051759751877285,41.139952054219464],[20.051554033536124,41.13969885947135],[20.051596799894675,41.13967378125169],[20.05171987508322,41.13954612899785],[20.05184664545111,41.13934623283969],[20.051934620354583,41.1392606585042]]]},"properties":{"Zk_Numer":1885,"Zk_Emer":"GURABARDH","Nr_Pas":"28/10","Vol":2,"Faqe":121,"Pronaret":"SHTET","Kufizimet":"","Siperfaqe":3500}},
{"type":"Feature","geometry":{"type":"Polygon","coordinates":[[[20.05298445662129,41.139673916075324],[20.05300999231228,41.13905207265905],[20.052980356564362,41.13884850569073],[20.053144244525555,41.13839962977589],[20.053133316406942,41.13821033741697],[20.05318920265002,41.13816147682799],[20.05326308084484,41.138262839027036],[20.053399383637988,41.13857666337249],[20.05364586928103,41.1391441652939],[20.05372925284356,41.13933508461083],[20.054079637907,41.139491735953385],[20.054620092304354,41.139651614195245],[20.054195607658126,41.139794749621664],[20.053926214436856,41.13984170860037],[20.05370699772596,41.13979063444608],[20.053455939244227,41.13966887342012],[20.053243759009877,41.13968108667204],[20.05298445662129,41.139673916075324]]]},"properties":{"Zk_Numer":1885,"Zk_Emer":"GURABARDH","Nr_Pas":"27/12","Vol":2,"Faqe":127,"Pronaret":"SHTET","Kufizimet":"","Siperfaqe":9277}},
{"type":"Feature","geometry":{"type":"Polygon","coordinates":[[[20.067851678750735,41.14314669222428],[20.067837958392083,41.14311845233597],[20.06813428360111,41.143063648652415],[20.068195098474092,41.14305385537281],[20.068222917030525,41.14304149170796],[20.068251051639187,41.14300925187923],[20.068264482375753,41.142974491088765],[20.068261733625267,41.142921068519044],[20.068242008693524,41.1428382034321],[20.06820177591759,41.142674882916594],[20.068185449674083,41.14240608512339],[20.068193909548423,41.142339465493905],[20.068313394675368,41.142201106115834],[20.068468365224874,41.142085733469884],[20.06862843569287,41.14191115126583],[20.068711681748727,41.14167487870167],[20.06889154591863,41.14143559704706],[20.068989728698575,41.14131881210585],[20.069042282675184,41.1412450588191],[20.069079959244373,41.14121702917499],[20.069286820838283,41.141148302709716],[20.069412678082013,41.141097452858325],[20.069518754495952,41.14101824636832],[20.06968160663168,41.140914698991566],[20.069705329456813,41.14093454166988],[20.069553182165507,41.141030862837276],[20.0693301538829,41.14117624808044],[20.069061969794294,41.1412679229497],[20.0689352272545,41.141445579147664],[20.06875077494107,41.141704204533674],[20.068676110446315,41.14195004574268],[20.068549390559294,41.14208701034862],[20.06839049107394,41.142201120601484],[20.068305240579726,41.142284408569964],[20.068264861630812,41.14236622591784],[20.0682565478013,41.142383071685394],[20.068263803926644,41.14242844436018],[20.068280408278515,41.142532271414524],[20.06828201422784,41.142674052391534],[20.068325840946024,41.14294801364897],[20.068326912592003,41.14300740000264],[20.06830809079455,41.14303794788219],[20.06826760240302,41.14306128097509],[20.068224868643952,41.143083772160544],[20.068144309062344,41.1430999615397],[20.068013922232915,41.143116120061606],[20.067851678750735,41.14314669222428]]]},"properties":{"Zk_Numer":1885,"Zk_Emer":"GURABARDH","Nr_Pas":"429","Vol":2,"Faqe":171,"Pronaret":"SHTET","Kufizimet":"","Siperfaqe":1471}},
{"type":"Feature","geometry":{"type":"Polygon","coordinates":[[[20.06710773302169,41.13932011949312],[20.067032613787912,41.139562449175145],[20.06685030414798,41.140268393350425],[20.06685464192943,41.14056177232912],[20.066815974609913,41.14081236425352],[20.06681738922407,41.140824519818544],[20.066835429576,41.1408534859998],[20.066847471475707,41.14087282085341],[20.06689280336219,41.141126797669536],[20.066888929721873,41.14141366403751],[20.06674591652544,41.141845409146924],[20.06661916963932,41.14212743497392],[20.066574278327206,41.14232382371869],[20.066532945287875,41.14248392572125],[20.06630178442335,41.14268847669779],[20.0662188244116,41.14284856458955],[20.066118297438685,41.14331267759867],[20.06592500198495,41.143536192362504],[20.06580265531803,41.14395200563143],[20.065746111702538,41.144288714664484],[20.06583926391692,41.144536512824786],[20.06583378000435,41.14480182678794],[20.06578279161328,41.145002414716444],[20.06582333879451,41.145925824492295],[20.06577491001523,41.14629845936506],[20.065779058143914,41.14658315271593],[20.06578684440426,41.14668627258294],[20.065834255879764,41.146756892396795],[20.065904145725273,41.14681855671213],[20.06599183416387,41.14692581826707],[20.066095907252407,41.1470531211799],[20.066147308644666,41.147145062331006],[20.06619046160093,41.147253066946796],[20.066155579868248,41.14725919661476],[20.066113649211044,41.147154251071804],[20.06606406063599,41.14706555241025],[20.065961434072875,41.146940018822605],[20.065875203262042,41.14683454019964],[20.065804328355433,41.14677200672998],[20.065751592405196,41.14669345600436],[20.06574333318778,41.14658407160016],[20.06573915470177,41.14629728408365],[20.065778161102852,41.14592454609842],[20.065746943221036,41.145000287737524],[20.065798097911355,41.14479904602758],[20.065797390509285,41.14455767056292],[20.06570974166754,41.14429078884341],[20.065767413559072,41.14394736221367],[20.065891532281118,41.14352552708879],[20.066084253421018,41.143302676578855],[20.066184171516408,41.14284137571645],[20.066282771590586,41.14265110731199],[20.066493889838156,41.14246005095851],[20.066584434503795,41.14212074947026],[20.066711609878837,41.141837770545315],[20.06685324130031,41.141410197594055],[20.06685704564066,41.141128474624445],[20.066812795928385,41.14088056006838],[20.06680310058373,41.14086499290428],[20.06678235104267,41.14083167673135],[20.066779472194234,41.140806939107144],[20.066785129667544,41.140292523249194],[20.06687703782064,41.1398517652422],[20.066979881779595,41.1393517944345],[20.067092879866436,41.13912725053125],[20.067161714869926,41.13884256223891],[20.067148791006915,41.1386985993505],[20.06725491499715,41.13846263562946],[20.067474836534444,41.13817207270377],[20.067538888145553,41.13820082923894],[20.067322182812187,41.13851228630233],[20.067227591003313,41.13873784362864],[20.06723118796362,41.13885366431236],[20.067182939015623,41.13907750808638],[20.06710773302169,41.13932011949312]]]},"properties":{"Zk_Numer":1885,"Zk_Emer":"GURABARDH","Nr_Pas":"428","Vol":2,"Faqe":172,"Pronaret":"SHTET","Kufizimet":"","Siperfaqe":4352}},
{"type":"Feature","geometry":{"type":"Polygon","coordinates":[[[20.06919696366587,41.146182517643204],[20.06917286711154,41.14618963963152],[20.069096432332177,41.146182577987396],[20.069042394173735,41.14617134427273],[20.068862143693003,41.1460752596711],[20.068645257198092,41.146057380995934],[20.068584150438067,41.146049604595035],[20.0685540474398,41.146026894527026],[20.06849943783305,41.14593956615531],[20.068480202601066,41.145881069130944],[20.068510701143875,41.145838313084084],[20.068586728117385,41.14573173024367],[20.068517098227726,41.145406601015544],[20.068542256247095,41.14528704652184],[20.068633457051195,41.14520906775429],[20.068697262087355,41.14515451283987],[20.068762985256406,41.145076337546726],[20.068826779813072,41.14495199206278],[20.068889509839423,41.144910662522],[20.068904508038493,41.14479993376429],[20.068866076588915,41.14469266649122],[20.068853329052814,41.14461912122022],[20.06884524856171,41.14454635512485],[20.0688151307219,41.144462059248475],[20.068756202482344,41.14440204643443],[20.068727649003666,41.14432541098488],[20.06849446681141,41.14400739447276],[20.068454562993047,41.14390077676878],[20.06866356613744,41.143826513225],[20.06883719497139,41.14371742512287],[20.0690562835629,41.143675273821344],[20.069159944022946,41.14364879776695],[20.069157923454576,41.14372119199],[20.06916729197796,41.1438285591508],[20.069198127712152,41.14389261872539],[20.0692651762105,41.14398874017827],[20.06933355232384,41.14406922185586],[20.06942067213589,41.14413268037635],[20.069575368720457,41.14421589752859],[20.069641319880656,41.1442499805443],[20.069700521774074,41.14430208616132],[20.069727422847564,41.14434741128605],[20.069743906843463,41.14439918606176],[20.069741628621813,41.14445692359103],[20.069719169598862,41.14450626633705],[20.0696775199854,41.14461619495333],[20.06967833640972,41.14467855998026],[20.069686232982356,41.14473595407032],[20.069772580407438,41.14494645748933],[20.069800181636367,41.144970279703145],[20.069844324113728,41.14499507672889],[20.069904611447768,41.14500691574803],[20.07004513720473,41.14503932302579],[20.07015447118541,41.1450770567134],[20.07021272554031,41.14512116254374],[20.070231245636116,41.145146215279205],[20.070300432309146,41.14536315312793],[20.070328839542743,41.14545222482573],[20.070330774111365,41.145481977815635],[20.07032728868278,41.14551635607598],[20.070283197215492,41.14563732335356],[20.070287331476237,41.14572239377762],[20.07032865196302,41.14578640942107],[20.070420244584515,41.14584355616547],[20.070367796043147,41.1458398284745],[20.070322568343645,41.14583249278289],[20.070286655043176,41.14582001380058],[20.070234912735202,41.145790212445014],[20.070192201093686,41.14576592568142],[20.070171210459087,41.14576170403117],[20.070142927958578,41.145761721255845],[20.070108974797936,41.14576933097694],[20.070079606904113,41.145781082346815],[20.070006969559454,41.14581014765307],[20.069952332985327,41.14582418453064],[20.069897383139264,41.14583516489357],[20.069879914837333,41.145843689819266],[20.06983697359118,41.14587448527423],[20.069810373559942,41.14588885051077],[20.069786770371945,41.1458997099255],[20.069755580684298,41.14590501438601],[20.069712136683922,41.145912160885395],[20.069675705333896,41.145915554379094],[20.069586364608806,41.14591938334316],[20.06945276273572,41.14592294852177],[20.069423236873302,41.1459286336767],[20.069363317975526,41.14596909084218],[20.069314053687734,41.14601378202902],[20.069280922468245,41.1460767428403],[20.06922689395105,41.146132302789994],[20.06919696366587,41.146182517643204]]]},"properties":{"Zk_Numer":1885,"Zk_Emer":"GURABARDH","Nr_Pas":"21","Vol":2,"Faqe":173,"Pronaret":"SHTET","Kufizimet":"","Siperfaqe":25162}},
{"type":"Feature","geometry":{"type":"Polygon","coordinates":[[[20.071150744762768,41.14613439104618],[20.071195465852725,41.146346681508696],[20.071253438193743,41.14651591356794],[20.07128342917762,41.146600464911415],[20.071321474001774,41.14666698246964],[20.071345745113543,41.14671882591048],[20.071350437650807,41.14674787680198],[20.07133587870505,41.14681271737029],[20.071244191773232,41.14705559973811],[20.071229429018118,41.14713485372776],[20.071222855790364,41.14722993455608],[20.07124399434199,41.1473005193317],[20.07125710290555,41.14733695256286],[20.071291590940042,41.14742998499236],[20.071285555213226,41.14747292644645],[20.071205157438474,41.14757554342268],[20.071160592574255,41.14763385944991],[20.071144859428717,41.14765756572513],[20.071134121627168,41.147677402350396],[20.0711266549032,41.14771593741838],[20.071096335245784,41.14785404305506],[20.071086988934454,41.14788758537396],[20.071053938832694,41.14798758476557],[20.07092600229359,41.148183348060826],[20.070894916333504,41.14823091433614],[20.07088212751436,41.14826511017801],[20.070871687644914,41.148328299553015],[20.070870389528217,41.14839290676358],[20.070878551271168,41.14843416339219],[20.070918549970518,41.14847338569806],[20.071017676222464,41.14850532588088],[20.071753898225406,41.14868128733841],[20.071709830101653,41.14875681032366],[20.071579543131996,41.14894621640926],[20.07144548097811,41.14908484440537],[20.071356799637105,41.14928370685642],[20.0713476545893,41.14946325729287],[20.071372465590148,41.14957822446891],[20.071449961168515,41.14970358399481],[20.071553523630126,41.149854104141994],[20.071558515325744,41.14996890250482],[20.071538061919632,41.15001364141849],[20.07140519422555,41.15006745970301],[20.071253210541872,41.150071222594505],[20.071048459918153,41.150069571409205],[20.070870268821633,41.150058157495586],[20.070732058068586,41.150022115325854],[20.070574520787726,41.14995098987171],[20.07049674480152,41.14984558073903],[20.070419802756856,41.14968030956831],[20.070156277707095,41.14913237674345],[20.070085607342676,41.148992097513435],[20.069995246754818,41.14884168263347],[20.069891266469565,41.14872108755778],[20.069766620636493,41.14866021221921],[20.06954297198554,41.14859353970159],[20.068930798594366,41.14850497104445],[20.068595137495898,41.14844282068492],[20.068459255731337,41.14841677124253],[20.068331604510405,41.14839077921117],[20.06821205453173,41.14837734135959],[20.068059376063296,41.14836986622634],[20.067931339427133,41.1483719456337],[20.067749532693036,41.14837983859797],[20.067670723388474,41.14840415125394],[20.06762474535571,41.14844432484841],[20.06754980374463,41.14848738839737],[20.067458574714685,41.14851472480829],[20.067432626906864,41.14849469810828],[20.067427358282824,41.148386585849615],[20.067457905539964,41.148270247191064],[20.06751641524462,41.14822081078102],[20.06761589781495,41.14819355013869],[20.06773207730624,41.148153935772626],[20.067836102221722,41.148098636703395],[20.067915605992965,41.148024419437846],[20.06799120933771,41.147934575332236],[20.06802481164641,41.147894301449824],[20.068054678451844,41.14782592232968],[20.06804318660456,41.14776344845422],[20.068015251232683,41.1476946016351],[20.067983447896058,41.14760701284334],[20.067972221229372,41.14752582143359],[20.06796141231345,41.14741345195833],[20.067946317706866,41.14731351857681],[20.067898239564766,41.14721019382944],[20.067828315963585,41.147190917282984],[20.067708756489548,41.14717746983092],[20.067539428481385,41.14717921458265],[20.067370068107852,41.14718408327068],[20.067076750112747,41.14719418765435],[20.066725365094932,41.147222531472956],[20.066547694501278,41.14723044705868],[20.066312310718537,41.14723165465501],[20.06619046160093,41.147253066946796],[20.066147308644666,41.147145062331006],[20.066095907252407,41.1470531211799],[20.06599183416387,41.14692581826707],[20.065904145725273,41.14681855671213],[20.065834255879764,41.146756892396795],[20.06578684440426,41.14668627258294],[20.065779058143914,41.14658315271593],[20.06577491001523,41.14629845936506],[20.06582333879451,41.145925824492295],[20.06578279161328,41.145002414716444],[20.06583378000435,41.14480182678794],[20.06583926391692,41.144536512824786],[20.065746111702538,41.144288714664484],[20.06580265531803,41.14395200563143],[20.06592500198495,41.143536192362504],[20.066118297438685,41.14331267759867],[20.0662188244116,41.14284856458955],[20.06630178442335,41.14268847669779],[20.066532945287875,41.14248392572125],[20.066574278327206,41.14232382371869],[20.06661916963932,41.14212743497392],[20.06674591652544,41.141845409146924],[20.066888929721873,41.14141366403751],[20.06689280336219,41.141126797669536],[20.066847471475707,41.14087282085341],[20.066835429576,41.1408534859998],[20.06681738922407,41.140824519818544],[20.066815974609913,41.14081236425352],[20.06685464192943,41.14056177232912],[20.06685030414798,41.140268393350425],[20.067032613787912,41.139562449175145],[20.06710773302169,41.13932011949312],[20.06726972137745,41.13934204617266],[20.06769026683007,41.139349798233006],[20.067860414829426,41.13936012959714],[20.06839967425942,41.1393928716767],[20.06840064241805,41.13939293045784],[20.068400351332865,41.13939135531608],[20.068473642216745,41.139578690880164],[20.068495276945512,41.139589181767455],[20.06864782924145,41.14015744290578],[20.069171791179627,41.14045920362768],[20.069059646943586,41.14047198189448],[20.068733950526777,41.14079532605488],[20.069029319289214,41.14101327398499],[20.0691375034013,41.14104417143153],[20.069273475646852,41.141027990866625],[20.06946830861576,41.140959480976534],[20.069715666087557,41.140751279338446],[20.069737046935256,41.140765577710184],[20.06964325901821,41.14083902634716],[20.06961431716147,41.14085841541285],[20.06968160663168,41.140914698991566],[20.069518754495952,41.14101824636832],[20.069412678082013,41.141097452858325],[20.069286820838283,41.141148302709716],[20.069079959244373,41.14121702917499],[20.069042282675184,41.1412450588191],[20.068989728698575,41.14131881210585],[20.06889154591863,41.14143559704706],[20.068711681748727,41.14167487870167],[20.06862843569287,41.14191115126583],[20.068468365224874,41.142085733469884],[20.068313394675368,41.142201106115834],[20.068193909548423,41.142339465493905],[20.068185449674083,41.14240608512339],[20.06820177591759,41.142674882916594],[20.068242008693524,41.1428382034321],[20.068261733625267,41.142921068519044],[20.068264482375753,41.142974491088765],[20.068251051639187,41.14300925187923],[20.068222917030525,41.14304149170796],[20.068195098474092,41.14305385537281],[20.06813428360111,41.143063648652415],[20.067837958392083,41.14311845233597],[20.067851678750735,41.14314669222428],[20.06788182095182,41.1432087322306],[20.06798553635546,41.14333767019567],[20.068061962481377,41.143431105718314],[20.06816451294238,41.14351075051105],[20.06818567537015,41.14357450229688],[20.068211871357246,41.14367257217701],[20.068225572950453,41.14371844144587],[20.068296394761553,41.143774834089214],[20.068454562993047,41.14390077676878],[20.06849446681141,41.14400739447276],[20.068727649003666,41.14432541098488],[20.068756202482344,41.14440204643443],[20.0688151307219,41.144462059248475],[20.06884524856171,41.14454635512485],[20.068853329052814,41.14461912122022],[20.068866076588915,41.14469266649122],[20.068904508038493,41.14479993376429],[20.068889509839423,41.144910662522],[20.068826779813072,41.14495199206278],[20.068762985256406,41.145076337546726],[20.068697262087355,41.14515451283987],[20.068633457051195,41.14520906775429],[20.068542256247095,41.14528704652184],[20.068517098227726,41.145406601015544],[20.068586728117385,41.14573173024367],[20.068510701143875,41.145838313084084],[20.068480202601066,41.145881069130944],[20.06849943783305,41.14593956615531],[20.0685540474398,41.146026894527026],[20.068584150438067,41.146049604595035],[20.068645257198092,41.146057380995934],[20.068862143693003,41.1460752596711],[20.069042394173735,41.14617134427273],[20.069096432332177,41.146182577987396],[20.06917286711154,41.14618963963152],[20.06919696366587,41.146182517643204],[20.069221928440236,41.146235003875034],[20.069265890038732,41.14632742903264],[20.06929642118421,41.14635361267157],[20.069324395050266,41.146377603151386],[20.06932844968997,41.1464150073915],[20.069323354677664,41.146458011867594],[20.06934411722724,41.14645832376365],[20.069347596286057,41.14641706641947],[20.06934051562944,41.14638335673951],[20.069281947980855,41.146314926808834],[20.06923681694791,41.14620158423675],[20.06924189902351,41.14615757403707],[20.0693023169023,41.14610163743384],[20.06932942035135,41.14604894416747],[20.069334911590808,41.14603145590156],[20.069415100463477,41.14595860684212],[20.06943047939654,41.14594262374956],[20.06944563983592,41.14593740577944],[20.069463343603836,41.145934946460095],[20.069542110184635,41.145934233719885],[20.069610136284915,41.14593361812439],[20.069711241405148,41.14592050029326],[20.069769274462722,41.145912970782],[20.069803551278113,41.14590487339196],[20.069844305130527,41.1458843085295],[20.069896393397315,41.14584698219981],[20.069932500137064,41.145838228216704],[20.07002653585934,41.1458204040704],[20.070059746072303,41.14581061674312],[20.070123273239382,41.145779485815446],[20.070155963619737,41.145771692802974],[20.070187563591123,41.14577500489351],[20.070204954049142,41.14578117022828],[20.07023058801854,41.145800973257124],[20.070262558019692,41.1458209261561],[20.070299810168457,41.14583688137562],[20.070365516449275,41.14585754451403],[20.070402986697218,41.14586238449631],[20.07043969507002,41.145855691748764],[20.070511837365025,41.14590070283635],[20.070697262551107,41.145993213939164],[20.07093995394242,41.14607489724671],[20.071150744762768,41.14613439104618]]]},"properties":{"Zk_Numer":1885,"Zk_Emer":"GURABARDH","Nr_Pas":"12","Vol":2,"Faqe":198,"Pronaret":"SHTET","Kufizimet":"","Siperfaqe":31316}},
{"type":"Feature","geometry":{"type":"Polygon","coordinates":[[[20.064332039146915,41.1370520335399],[20.06426107854665,41.136900767580435],[20.06424399162127,41.13673419541417],[20.064231086582588,41.13662624404572],[20.06419481750419,41.136558916311365],[20.06419058393162,41.13651262216564],[20.06420579009493,41.13639476035105],[20.064224817509245,41.13624727971319],[20.064229609907446,41.13623298790197],[20.064297043324984,41.13624474274628],[20.06750509782878,41.13716098002609],[20.067364990537374,41.13754592288556],[20.06726759959191,41.13780323829253],[20.067121711126795,41.138013532847054],[20.066933877054893,41.13841941748881],[20.066842135958144,41.13873701422211],[20.066686714799424,41.139421272094026],[20.066599382539227,41.14042217136091],[20.06664049858165,41.14095279197172],[20.06662986057154,41.14110506124655],[20.066617386001596,41.14128361759095],[20.066568543681555,41.141399975957036],[20.066389110985764,41.141827439547015],[20.06629582899864,41.1421813227509],[20.066218092706013,41.14247622739224],[20.066091508732264,41.14268076261498],[20.065943861300696,41.14277015631006],[20.065842624824427,41.142831450066645],[20.06578493046257,41.142899903821295],[20.06575835519,41.143022513266786],[20.06524664304563,41.14491852738793],[20.0652441997079,41.14518605160028],[20.06522481771568,41.14533119879502],[20.065200900741928,41.14551030651551],[20.065178699407184,41.1461979745113],[20.06532096752059,41.14679657365055],[20.065521293006146,41.147617671399196],[20.06573322202714,41.14817011870824],[20.065760966268485,41.14825143529352],[20.065812611200705,41.148395335609166],[20.06587534778657,41.14862978172978],[20.0659148321363,41.14885248689201],[20.065985700599636,41.14900335016561],[20.0663578130942,41.149302298068875],[20.066733327813264,41.14959257430493],[20.066985603722866,41.14973980133898],[20.06707776498637,41.14981741643074],[20.067286108127853,41.15007317434082],[20.0675564471046,41.150342246705414],[20.067833332051528,41.15061273103573],[20.06791343589758,41.15074362456428],[20.06801991977147,41.1508085328681],[20.068099015351596,41.15081130683694],[20.06823183664265,41.1508123814041],[20.068380833625753,41.15086909733787],[20.06846715906726,41.150959468031644],[20.06863464169946,41.15110814861847],[20.068897717931584,41.15129175457558],[20.06904679059779,41.15140554766258],[20.06915492182678,41.15155373874875],[20.069226458026385,41.151690964071804],[20.06929178678067,41.15186870294989],[20.069358960887172,41.15211477129126],[20.069422753692535,41.15220069121717],[20.06954928605037,41.15224654519352],[20.069616004662294,41.15232608668647],[20.06974083128525,41.15252716746255],[20.069914738011704,41.15282107217806],[20.069997924973833,41.15293490822403],[20.07016336558438,41.153028050401346],[20.07029228252081,41.15310595061893],[20.070108046820657,41.15331090380339],[20.067304877440048,41.15159022926078],[20.065893491793698,41.15050119888875],[20.06476682484448,41.14896761374643],[20.064292726590896,41.14804383139669],[20.06404680052198,41.146166148828044],[20.062149897325416,41.14626611505923],[20.06214344385264,41.146241830476434],[20.06214229916054,41.14606954665715],[20.062081986636123,41.14589068906378],[20.062024147608785,41.14575723768019],[20.06202724327844,41.1457042462058],[20.062048465041887,41.145652459258336],[20.062088025240424,41.14559484572525],[20.062137899313818,41.14550161746005],[20.062155519381907,41.145435568496936],[20.062166537891184,41.14536364502708],[20.06219139469651,41.14520139130865],[20.062230409558392,41.14502324407412],[20.062254783181906,41.14486479645657],[20.062316504395156,41.14446355685282],[20.0623292160399,41.14435022318825],[20.062376347701314,41.144274637489005],[20.062568810850625,41.14403440976075],[20.062640449692346,41.14387714207563],[20.06271857394423,41.14379572785482],[20.06280057553404,41.143755526715196],[20.062834239686513,41.14373551011156],[20.062848654851788,41.143713685956875],[20.062853294291077,41.14368242504623],[20.062821930442286,41.1436068224657],[20.06275908411758,41.14345533080172],[20.062717176204867,41.143334256245446],[20.062694644026912,41.14300610463646],[20.062699819264967,41.14255648873735],[20.06276135199841,41.14193840988993],[20.0627365498195,41.14172773438668],[20.062746713040504,41.14153209887552],[20.062785499619086,41.141358569174756],[20.06290948191842,41.14109800564399],[20.062993615866684,41.14074020441187],[20.0630225423325,41.1406593519386],[20.063023670238834,41.14049516124409],[20.063026576095364,41.14010626491931],[20.063105024337165,41.13982366813142],[20.06328019014556,41.13957730684064],[20.063426219574826,41.13937192268118],[20.063878261951277,41.13873613503919],[20.064036010639832,41.1385640194045],[20.064202128809978,41.138283061160706],[20.064241325165394,41.138224160056595],[20.06428063590547,41.1381642042615],[20.064329799712077,41.13796793124304],[20.064370307126598,41.13780254761535],[20.06440382448911,41.13766570232355],[20.064447192906805,41.137541657481314],[20.064466481877236,41.13746352675271],[20.06448039021149,41.13738188696163],[20.064400907555985,41.13725440803384],[20.064332039146915,41.1370520335399]]]},"properties":{"Zk_Numer":1885,"Zk_Emer":"GURABARDH","Nr_Pas":"1/1","Vol":2,"Faqe":64,"Pronaret":"SHTET","Kufizimet":"","Siperfaqe":34758}},
{"type":"Feature","geometry":{"type":"Polygon","coordinates":[[[20.066155579868248,41.14725919661476],[20.06614259602473,41.14726147822578],[20.06601775303973,41.147329086744435],[20.065930070651497,41.14739699649019],[20.06582095030022,41.14752087329638],[20.065794936813724,41.14760799375379],[20.06580596327418,41.147704778966116],[20.065813110569678,41.14778281304478],[20.06581187104149,41.14787013443188],[20.065781426626927,41.14797400271449],[20.065743424206786,41.1480329599157],[20.06573001885974,41.148104587396396],[20.06573322202714,41.14817011870824],[20.065521293006146,41.147617671399196],[20.06532096752059,41.14679657365055],[20.065178699407184,41.1461979745113],[20.065200900741928,41.14551030651551],[20.06522481771568,41.14533119879502],[20.0652441997079,41.14518605160028],[20.06524664304563,41.14491852738793],[20.06575835519,41.143022513266786],[20.06578493046257,41.142899903821295],[20.065842624824427,41.142831450066645],[20.065943861300696,41.14277015631006],[20.066091508732264,41.14268076261498],[20.066218092706013,41.14247622739224],[20.06629582899864,41.1421813227509],[20.066389110985764,41.141827439547015],[20.066568543681555,41.141399975957036],[20.066617386001596,41.14128361759095],[20.06662986057154,41.14110506124655],[20.06664049858165,41.14095279197172],[20.066599382539227,41.14042217136091],[20.066686714799424,41.139421272094026],[20.066842135958144,41.13873701422211],[20.066933877054893,41.13841941748881],[20.067121711126795,41.138013532847054],[20.067474836534444,41.13817207270377],[20.06725491499715,41.13846263562946],[20.067148791006915,41.1386985993505],[20.067161714869926,41.13884256223891],[20.067092879866436,41.13912725053125],[20.066979881779595,41.1393517944345],[20.06687703782064,41.1398517652422],[20.066785129667544,41.140292523249194],[20.066779472194234,41.140806939107144],[20.06678235104267,41.14083167673135],[20.06680310058373,41.14086499290428],[20.066812795928385,41.14088056006838],[20.06685704564066,41.141128474624445],[20.06685324130031,41.141410197594055],[20.066711609878837,41.141837770545315],[20.066584434503795,41.14212074947026],[20.066493889838156,41.14246005095851],[20.066282771590586,41.14265110731199],[20.066184171516408,41.14284137571645],[20.066084253421018,41.143302676578855],[20.065891532281118,41.14352552708879],[20.065767413559072,41.14394736221367],[20.06570974166754,41.14429078884341],[20.065797390509285,41.14455767056292],[20.065798097911355,41.14479904602758],[20.065746943221036,41.145000287737524],[20.065778161102852,41.14592454609842],[20.06573915470177,41.14629728408365],[20.06574333318778,41.14658407160016],[20.065751592405196,41.14669345600436],[20.065804328355433,41.14677200672998],[20.065875203262042,41.14683454019964],[20.065961434072875,41.146940018822605],[20.06606406063599,41.14706555241025],[20.066113649211044,41.147154251071804],[20.066155579868248,41.14725919661476]]]},"properties":{"Zk_Numer":1885,"Zk_Emer":"GURABARDH","Nr_Pas":"1/2","Vol":2,"Faqe":191,"Pronaret":"SHTET","Kufizimet":"","Siperfaqe":33124}},
{"type":"Feature","geometry":{"type":"Polygon","coordinates":[[[20.062221059030733,41.144742747715895],[20.062169404590502,41.14432713936861],[20.062305402850928,41.14404898474194],[20.062724623685163,41.143547777751174],[20.062655288446997,41.14328292317427],[20.062630149436718,41.1429157535634],[20.062591186395643,41.14234666785812],[20.06258964172733,41.14232410656257],[20.062584813156917,41.14181625246732],[20.06244014443203,41.141548532242716],[20.06254644117987,41.14150379240493],[20.06257958838074,41.14139642256504],[20.06284399136548,41.14092498549295],[20.062875665587086,41.140831072913784],[20.062882196652208,41.14081170857797],[20.06290733971849,41.14073716032443],[20.062931366127152,41.140573823638405],[20.062907799523977,41.14039814947757],[20.062867773571597,41.14022248819123],[20.062965784004053,41.139927569498454],[20.063069149770882,41.139580041287346],[20.063186753519556,41.139225238279195],[20.06336705079905,41.138802113123205],[20.06371514263727,41.13876470845735],[20.06376775347268,41.138467554041874],[20.063867775379354,41.13844078718611],[20.063921797189508,41.13843081243691],[20.06402491304852,41.1384242544166],[20.064086722436905,41.13837571652693],[20.064202128809978,41.138283061160706],[20.064036010639832,41.1385640194045],[20.063878261951277,41.13873613503919],[20.063426219574826,41.13937192268118],[20.06328019014556,41.13957730684064],[20.063105024337165,41.13982366813142],[20.063026576095364,41.14010626491931],[20.063023670238834,41.14049516124409],[20.0630225423325,41.1406593519386],[20.062993615866684,41.14074020441187],[20.06290948191842,41.14109800564399],[20.062785499619086,41.141358569174756],[20.062746713040504,41.14153209887552],[20.0627365498195,41.14172773438668],[20.06276135199841,41.14193840988993],[20.062699819264967,41.14255648873735],[20.062694644026912,41.14300610463646],[20.062717176204867,41.143334256245446],[20.06275908411758,41.14345533080172],[20.062821930442286,41.1436068224657],[20.062853294291077,41.14368242504623],[20.062848654851788,41.143713685956875],[20.062834239686513,41.14373551011156],[20.06280057553404,41.143755526715196],[20.06271857394423,41.14379572785482],[20.062640449692346,41.14387714207563],[20.062568810850625,41.14403440976075],[20.062376347701314,41.144274637489005],[20.0623292160399,41.14435022318825],[20.062316504395156,41.14446355685282],[20.062254783181906,41.14486479645657],[20.062230409558392,41.14502324407412],[20.06219139469651,41.14520139130865],[20.062166537891184,41.14536364502708],[20.06206123746379,41.145428910645315],[20.06210394169639,41.14522034109543],[20.062221059030733,41.144742747715895]]]},"properties":{"Zk_Numer":1885,"Zk_Emer":"GURABARDH","Nr_Pas":"9","Vol":2,"Faqe":196,"Pronaret":"SHTET","Kufizimet":"","Siperfaqe":10557}},
{"type":"Feature","geometry":{"type":"Polygon","coordinates":[[[20.06417494093456,41.13639602043378],[20.064153829237373,41.13645897901935],[20.06413595417072,41.13655486909178],[20.064205326669704,41.136653177726544],[20.06406890758982,41.136723252051844],[20.063883461305043,41.1367462278088],[20.063830085882895,41.13653633580559],[20.063844034743724,41.13646954330939],[20.06387108352769,41.13643180877584],[20.06392038364654,41.13636303228462],[20.06417494093456,41.13639602043378]]]},"properties":{"Zk_Numer":1885,"Zk_Emer":"GURABARDH","Nr_Pas":"112/4","Vol":2,"Faqe":93,"Pronaret":"SHTET","Kufizimet":"KJO PASURI OKUPOHET NGA ALI HUSHI\r\n","Siperfaqe":980}},
{"type":"Feature","geometry":{"type":"Polygon","coordinates":[[[20.06392038364654,41.13636303228462],[20.06387108352769,41.13643180877584],[20.063764519742403,41.13639623915264],[20.063787120698844,41.13635758024349],[20.063801313225294,41.13633384374993],[20.06388679367247,41.136350966530436],[20.06392038364654,41.13636303228462]]]},"properties":{"Zk_Numer":1885,"Zk_Emer":"GURABARDH","Nr_Pas":"112/5","Vol":2,"Faqe":190,"Pronaret":"SHTET","Kufizimet":"MBI KETE PASURI NDODHET NJE NDERTIM PA LEJE, KJO PASURI OKUPOHET NGA ALBI HUSHI","Siperfaqe":84}},
{"type":"Feature","geometry":{"type":"Polygon","coordinates":[[[20.063764519742403,41.13639623915264],[20.06374122940363,41.13643395330068],[20.063628394324653,41.13639641978056],[20.063515181367432,41.13635876040845],[20.063513125019025,41.13627233059747],[20.06365384267739,41.13630430342285],[20.063801313225294,41.13633384374993],[20.063787120698844,41.13635758024349],[20.063764519742403,41.13639623915264]]]},"properties":{"Zk_Numer":1885,"Zk_Emer":"GURABARDH","Nr_Pas":"112/6","Vol":2,"Faqe":180,"Pronaret":"SHTET","Kufizimet":"KJO PASURI OKUPOHET NGA XHEMILE HUSHI\r\n, MBI KETE PASURI NDODHET NJE NDERTIM PA LEJE\r\n","Siperfaqe":240}},
{"type":"Feature","geometry":{"type":"Polygon","coordinates":[[[20.064224817509245,41.13624727971319],[20.064196052591452,41.13633306184369],[20.06417494093456,41.13639602043378],[20.06392038364654,41.13636303228462],[20.063973755575525,41.136288575198414],[20.06404217585429,41.136193124465656],[20.064224817509245,41.13624727971319]]]},"properties":{"Zk_Numer":1885,"Zk_Emer":"GURABARDH","Nr_Pas":"112/7","Vol":2,"Faqe":197,"Pronaret":"SHTET","Kufizimet":"KJO PASURI OKUPOHET NGA XHEMILE HUSHI\r\n","Siperfaqe":360}},
{"type":"Feature","geometry":{"type":"Polygon","coordinates":[[[20.051282717678728,41.14311063727878],[20.051498389011687,41.14334002796599],[20.05137203800962,41.14337004167348],[20.051236480079723,41.1433863842182],[20.051173226678003,41.14337491207104],[20.051117888435602,41.14337209506407],[20.051075173104763,41.143383051696176],[20.051021088462335,41.143405431424505],[20.051000692305916,41.14340228150458],[20.050968628672887,41.14337995306389],[20.0509772370286,41.143354813880876],[20.05112225218485,41.143193755134185],[20.051184337868257,41.1431550032566],[20.051282717678728,41.14311063727878]]]},"properties":{"Zk_Numer":1885,"Zk_Emer":"GURABARDH","Nr_Pas":"36/1","Vol":2,"Faqe":66,"Pronaret":"SHTET","Kufizimet":"KJO PASURI OKUPOHET NGA ADEM SHORJA\r\n","Siperfaqe":780}},
{"type":"Feature","geometry":{"type":"Polygon","coordinates":[[[20.051282717678728,41.14311063727878],[20.051343023369544,41.14308344137407],[20.05153510463456,41.14300541768014],[20.051655413638947,41.142974135604874],[20.051820097166605,41.14287105517098],[20.051847099398078,41.14284220729457],[20.051847244579676,41.142842052189486],[20.05203444923386,41.143314751246045],[20.05190100781853,41.14329042494588],[20.051783784350103,41.14329358444828],[20.051669410249577,41.14330555270608],[20.05153320500964,41.14333242461295],[20.051498389011687,41.14334002796599],[20.051282717678728,41.14311063727878]]]},"properties":{"Zk_Numer":1885,"Zk_Emer":"GURABARDH","Nr_Pas":"36/2","Vol":1,"Faqe":86,"Pronaret":"ILIRJAN SHORJA HALIT, ARDIAN SHORJA HALIT, HALIT SHORJA IBRAHIM, HIDAJETE SHORJA ARIF, KADRI SHORJA HALIT, RIZA SHORJA HALIT, FISNIK SHORJA HALIT","Kufizimet":"KUFIZOHET DERI NE PLOTESIMIN E DOKUMENTACIONIT TEKNIKO LIGJOR (CERTIFIKATE E GJENDJES FAMILJARE  AKTUALE), KA DIFERENCE FAKT-DOKUMENT MBI 20% TE TOTALIT TE AMTP-SE\r\n","Siperfaqe":1878}},
{"type":"Feature","geometry":{"type":"Polygon","coordinates":[[[20.052720263325437,41.14319869370468],[20.052683278960398,41.14321903489605],[20.052330111920483,41.14332459640705],[20.052178242962512,41.14334096457421],[20.05203444923386,41.143314751246045],[20.051847244579676,41.142842052189486],[20.051988923671583,41.14269068858802],[20.052720263325437,41.14319869370468]]]},"properties":{"Zk_Numer":1885,"Zk_Emer":"GURABARDH","Nr_Pas":"36/3","Vol":1,"Faqe":87,"Pronaret":"ZYRA SHORJA ABDYL, HEDIJE SHORJA ISMAIL, IBRAHIM SHORJA RAMAZAN, HEDIJE SHORJA ARIF, RAMAZAN SHORJA IBRAHIM, ARBEN SHORJA RAMAZAN, MIMOZA SHORJA RAMAZAN","Kufizimet":"","Siperfaqe":2700}},
{"type":"Feature","geometry":{"type":"Polygon","coordinates":[[[20.069194012314256,41.142038141348785],[20.06937629969898,41.14207612644489],[20.069573428637675,41.142155381134046],[20.070074974335952,41.14249150273212],[20.069598490135974,41.14299315306855],[20.069422257323904,41.14318734621945],[20.069318630757433,41.14335460797978],[20.069247147953448,41.14329881437286],[20.069231961982208,41.14318509570417],[20.06919890472158,41.14311455965765],[20.069064054160183,41.14289738219966],[20.068769890114577,41.142562283827104],[20.06892330788419,41.14238614889494],[20.06899995356235,41.14227267508471],[20.069076598976487,41.142159201221446],[20.069194012314256,41.142038141348785]]]},"properties":{"Zk_Numer":1885,"Zk_Emer":"GURABARDH","Nr_Pas":"37/3","Vol":2,"Faqe":32,"Pronaret":"FLORA META ALUSH, SHEFIKAT META LIMOAN, ALUSH META ALI, SHEJE (AISHE) META IBRAHIM, ALI META ALUSH, EDUART META ALUSH, PERPARIM META ALUSH","Kufizimet":"KA DIFERENCE FAKT-DOKUMENT MBI 20% TE TOTALIT TE AMTP-SE\r\n, KUFIZOHET DERI NE PLOTESIMIN E DOKUMENTACIONIT TEKNIKO LIGJOR (CERTIFIKATE E GJENDJES FAMILJARE  AKTUALE)\r\n","Siperfaqe":8000}},
{"type":"Feature","geometry":{"type":"Polygon","coordinates":[[[20.070407391510898,41.141185477456624],[20.070477088283802,41.1413471113971],[20.070390997130275,41.14140139585859],[20.070417976909493,41.141425848573476],[20.070330100639495,41.14154804238027],[20.070151091491013,41.14173183461473],[20.070023894533424,41.14188728605671],[20.069573428637675,41.142155381134046],[20.06937629969898,41.14207612644489],[20.069194012314256,41.142038141348785],[20.069193829090988,41.14186381762021],[20.069224399934317,41.14178871785896],[20.069618977761085,41.14155331418746],[20.069986093113013,41.141335566908495],[20.070407391510898,41.141185477456624]]]},"properties":{"Zk_Numer":1885,"Zk_Emer":"GURABARDH","Nr_Pas":"37/4","Vol":2,"Faqe":27,"Pronaret":"PRONESI E PASAKTESUAR","Kufizimet":"KJO PASURI POSEDOHET NGA ISMAIL Q FILJA SIPAS AMTP NR 60","Siperfaqe":5340}},
{"type":"Feature","geometry":{"type":"Polygon","coordinates":[[[20.0690917501655,41.14178534904649],[20.06923406623861,41.14155233732749],[20.06946877886279,41.1414195035267],[20.069743448156924,41.141285819757194],[20.070284783037565,41.14086139460737],[20.07038704332089,41.14093447525272],[20.070407391510898,41.141185477456624],[20.069986093113013,41.141335566908495],[20.069618977761085,41.14155331418746],[20.069224399934317,41.14178871785896],[20.069193829090988,41.14186381762021],[20.069194012314256,41.142038141348785],[20.0690917501655,41.14178534904649]]]},"properties":{"Zk_Numer":1885,"Zk_Emer":"GURABARDH","Nr_Pas":"37/8","Vol":2,"Faqe":195,"Pronaret":"SHTET","Kufizimet":"","Siperfaqe":2977}},
{"type":"Feature","geometry":{"type":"Polygon","coordinates":[[[20.068740015105245,41.14265312732014],[20.069001862783615,41.142925753953634],[20.06914914758595,41.14312872104735],[20.069226039892246,41.143466384573124],[20.069213779388235,41.14349055403691],[20.069129024110516,41.14340765602939],[20.069028075915252,41.14328557875422],[20.068794228568784,41.14290739419102],[20.068726136182484,41.14284873754079],[20.068638277840503,41.142804701997434],[20.068740015105245,41.14265312732014]]]},"properties":{"Zk_Numer":1885,"Zk_Emer":"GURABARDH","Nr_Pas":"37/6","Vol":2,"Faqe":194,"Pronaret":"SHTET","Kufizimet":"KJO PASURI OKUPOHET NGA GEZIM FILJA\r\n","Siperfaqe":1247}},
{"type":"Feature","geometry":{"type":"Polygon","coordinates":[[[20.067851678750735,41.14314669222428],[20.068013922232915,41.143116120061606],[20.068144309062344,41.1430999615397],[20.068224868643952,41.143083772160544],[20.06826760240302,41.14306128097509],[20.06830809079455,41.14303794788219],[20.068326912592003,41.14300740000264],[20.068325840946024,41.14294801364897],[20.06828201422784,41.142674052391534],[20.068280408278515,41.142532271414524],[20.068263803926644,41.14242844436018],[20.0682565478013,41.142383071685394],[20.068264861630812,41.14236622591784],[20.068305240579726,41.142284408569964],[20.06839049107394,41.142201120601484],[20.068549390559294,41.14208701034862],[20.068676110446315,41.14195004574268],[20.068985207436356,41.14199374089919],[20.06897105117868,41.14212754330686],[20.06893437631693,41.14225129712362],[20.068863715107565,41.14236295071976],[20.068778949266807,41.142468570720574],[20.06875278271936,41.142504878924534],[20.06873394151813,41.14258599187981],[20.068740015105245,41.14265312732014],[20.068638277840503,41.142804701997434],[20.068726136182484,41.14284873754079],[20.068794228568784,41.14290739419102],[20.069028075915252,41.14328557875422],[20.068997863608736,41.14333885655179],[20.068953933137607,41.14341632543526],[20.068894837581027,41.14345078071161],[20.0687724974073,41.14350776896495],[20.068660386288563,41.14360113219924],[20.068615259126904,41.14362636635004],[20.06836078983548,41.143647152248036],[20.068211871357246,41.14367257217701],[20.06818567537015,41.14357450229688],[20.06816451294238,41.14351075051105],[20.068061962481377,41.143431105718314],[20.06798553635546,41.14333767019567],[20.06788182095182,41.1432087322306],[20.067851678750735,41.14314669222428]]]},"properties":{"Zk_Numer":1885,"Zk_Emer":"GURABARDH","Nr_Pas":"37/7","Vol":2,"Faqe":193,"Pronaret":"SHTET","Kufizimet":"","Siperfaqe":9480}},
{"type":"Feature","geometry":{"type":"Polygon","coordinates":[[[20.063912805714953,41.13627674309193],[20.06399817536249,41.13618007778207],[20.06404217585429,41.136193124465656],[20.063973755575525,41.136288575198414],[20.06392038364654,41.13636303228462],[20.06388679367247,41.136350966530436],[20.063912805714953,41.13627674309193]]]},"properties":{"Zk_Numer":1885,"Zk_Emer":"GURABARDH","Nr_Pas":"112/10","Vol":2,"Faqe":192,"Pronaret":"SHTET","Kufizimet":"","Siperfaqe":93}},
{"type":"Feature","geometry":{"type":"Polygon","coordinates":[[[20.050471418958956,41.140936238370195],[20.050398644663705,41.14094171511128],[20.05007122744934,41.14096118005924],[20.04989659477702,41.140958939097196],[20.04975169767905,41.14098549707332],[20.049599514923102,41.14103477606257],[20.04944167749634,41.14109348277624],[20.049397845553894,41.14110919371738],[20.049494459883885,41.140945391953196],[20.049562166634225,41.14088669744852],[20.049630766010726,41.14085075094067],[20.049860788602924,41.14074997326953],[20.050020085079225,41.140665482352176],[20.050226069778002,41.14053689956994],[20.050471418958956,41.140936238370195]]]},"properties":{"Zk_Numer":1885,"Zk_Emer":"GURABARDH","Nr_Pas":"28/1","Vol":2,"Faqe":132,"Pronaret":"SHTET","Kufizimet":"KJO PASURI OKUPOHET NGA BAJRAM SHORJA","Siperfaqe":2201}},
{"type":"Feature","geometry":{"type":"Polygon","coordinates":[[[20.057016528243842,41.13442267471576],[20.057604629447702,41.134679833662325],[20.057391490551264,41.13479192191013],[20.057310608112164,41.134801260081026],[20.057117055511483,41.13483554816162],[20.057048356566835,41.13484882210612],[20.056995146563175,41.13486622325797],[20.056924054463583,41.13488272893636],[20.056845556422278,41.13489883638243],[20.05676953852706,41.134906527802165],[20.056698156461536,41.134913750125676],[20.056436163615064,41.1346996246075],[20.057016528243842,41.13442267471576]]]},"properties":{"Zk_Numer":1885,"Zk_Emer":"GURABARDH","Nr_Pas":"85/7","Vol":2,"Faqe":189,"Pronaret":"SHTET","Kufizimet":"","Siperfaqe":2894}},
{"type":"Feature","geometry":{"type":"Polygon","coordinates":[[[20.057628891522917,41.13469902476213],[20.05802922606372,41.135015683692416],[20.058056734371853,41.1350371553942],[20.057977815695693,41.13507502811219],[20.057864225747377,41.13512953924611],[20.05766643357077,41.13514818116707],[20.057352046867653,41.135153933773644],[20.057083072241266,41.13500102487129],[20.056668071287287,41.13496105012656],[20.056799163665765,41.13493190488551],[20.05691982939218,41.134911172290664],[20.05703422240893,41.134883277614804],[20.057075065552002,41.13486013320991],[20.057135570958582,41.13484944092607],[20.057229751446457,41.134832797640605],[20.057419466319462,41.134805133795396],[20.057515771684038,41.134767519881905],[20.057628891522917,41.13469902476213]]]},"properties":{"Zk_Numer":1885,"Zk_Emer":"GURABARDH","Nr_Pas":"85/8","Vol":2,"Faqe":188,"Pronaret":"SHTET","Kufizimet":"","Siperfaqe":2822}},
{"type":"Feature","geometry":{"type":"Polygon","coordinates":[[[20.057263050996113,41.13526843752914],[20.057352046867653,41.135153933773644],[20.05766643357077,41.13514818116707],[20.057864225747377,41.13512953924611],[20.057977815695693,41.13507502811219],[20.058056734371853,41.1350371553942],[20.058177632092544,41.13528733808855],[20.05846232734268,41.13560225350092],[20.059255286834247,41.13547978087201],[20.05944223525995,41.13531451702352],[20.05974994560253,41.13525397161826],[20.06023606043464,41.13515110193136],[20.060351478405394,41.13515693001219],[20.06033824842514,41.13516041247644],[20.059881350611366,41.13528067833733],[20.059729401093033,41.13532114234864],[20.059591481416405,41.13539173326052],[20.059344619065865,41.13551912896567],[20.05963892158595,41.13576605866548],[20.059663363221688,41.13579795720019],[20.059624945900616,41.135803249170976],[20.059594158165982,41.13581085013059],[20.059560183443686,41.13582586536196],[20.0592897708366,41.135682045726064],[20.05912918735769,41.13565173588252],[20.05880436791222,41.135628424842004],[20.05853157363724,41.135732036464056],[20.058289344982597,41.13595923903315],[20.05809866228636,41.13584504257247],[20.057798731354385,41.13559070611281],[20.057724418937962,41.135536861279554],[20.057263050996113,41.13526843752914]]]},"properties":{"Zk_Numer":1885,"Zk_Emer":"GURABARDH","Nr_Pas":"85/9","Vol":2,"Faqe":187,"Pronaret":"SHTET","Kufizimet":"","Siperfaqe":6962}},
{"type":"Feature","geometry":{"type":"Polygon","coordinates":[[[20.059467273767805,41.136119695060614],[20.059331983651315,41.13584384039378],[20.05912918735769,41.13565173588252],[20.0592897708366,41.135682045726064],[20.059560183443686,41.13582586536196],[20.059542405363054,41.13584173409053],[20.059542418612914,41.135856386951495],[20.059546767799258,41.1358731062251],[20.05955547507584,41.13589243207903],[20.05957361677703,41.13591192486913],[20.059664995661137,41.13597525727937],[20.059688926628993,41.13601514159419],[20.0596872042096,41.13604421626272],[20.059669261544194,41.13609210816434],[20.059669448639497,41.13612928823664],[20.05969216320131,41.136176373618895],[20.05971551944979,41.136198681379994],[20.059731104573476,41.13622115737068],[20.059751406544784,41.13627675347139],[20.05978409254203,41.13632827073436],[20.05982258013722,41.13635027397278],[20.059874464845088,41.136363020433755],[20.059906911776594,41.13638040278058],[20.059922988217185,41.1364048057162],[20.059918007141107,41.136417488601005],[20.05981854328569,41.13650960634771],[20.059626682697512,41.13625182482203],[20.059467273767805,41.136119695060614]]]},"properties":{"Zk_Numer":1885,"Zk_Emer":"GURABARDH","Nr_Pas":"79/9","Vol":2,"Faqe":135,"Pronaret":"SHTET","Kufizimet":"","Siperfaqe":1382}},
{"type":"Feature","geometry":{"type":"Polygon","coordinates":[[[20.059603486346134,41.13685817633051],[20.059575266604668,41.136859857954924],[20.059737280358828,41.136644932836305],[20.05977685881486,41.13658897954364],[20.059789060393605,41.13654845498842],[20.05981854328569,41.13650960634771],[20.059918007141107,41.136417488601005],[20.059922988217185,41.1364048057162],[20.059906911776594,41.13638040278058],[20.059874464845088,41.136363020433755],[20.05982258013722,41.13635027397278],[20.05978409254203,41.13632827073436],[20.059751406544784,41.13627675347139],[20.059731104573476,41.13622115737068],[20.05971551944979,41.136198681379994],[20.05969216320131,41.136176373618895],[20.059669448639497,41.13612928823664],[20.059669261544194,41.13609210816434],[20.0596872042096,41.13604421626272],[20.059688926628993,41.13601514159419],[20.059664995661137,41.13597525727937],[20.05957361677703,41.13591192486913],[20.05955547507584,41.13589243207903],[20.059546767799258,41.1358731062251],[20.059542418612914,41.135856386951495],[20.059542405363054,41.13584173409053],[20.059560183443686,41.13582586536196],[20.059594158165982,41.13581085013059],[20.059624945900616,41.135803249170976],[20.059663363221688,41.13579795720019],[20.05967680483452,41.13581549969939],[20.059585475569857,41.13582870057965],[20.05957090428126,41.135846967201495],[20.059570017312222,41.13586837449085],[20.05958211646012,41.13588886667902],[20.059598770064365,41.135904705553145],[20.05963893655179,41.13592784241079],[20.05968997909443,41.13596660135776],[20.059707854335578,41.135987522059466],[20.05971558759176,41.136020632472345],[20.059714992186993,41.136038779767084],[20.05970651486842,41.13606277557077],[20.059694155591693,41.13609775956947],[20.059704046888168,41.136154489737876],[20.05972185104331,41.13618132364586],[20.059748530225928,41.136199993124784],[20.05976502951228,41.13622834956935],[20.059787466355743,41.13626691053379],[20.059803043948875,41.13630132310777],[20.05981946479621,41.136322523805184],[20.059845722220015,41.13633876137605],[20.05988464522949,41.136352848868455],[20.059910614329063,41.13636361443525],[20.059931311173816,41.13638009555693],[20.059939165845346,41.13639087053951],[20.05994338016226,41.13640130114276],[20.059942227645827,41.136409393231844],[20.05993648031364,41.13641890895304],[20.059831153438306,41.136519012770904],[20.059803862847545,41.13657060307006],[20.059786704775636,41.13661025891448],[20.05976450230112,41.136648011708886],[20.059670801630663,41.136767539794036],[20.059603486346134,41.13685817633051]]]},"properties":{"Zk_Numer":1885,"Zk_Emer":"GURABARDH","Nr_Pas":"79/14","Vol":2,"Faqe":136,"Pronaret":"SHTET","Kufizimet":"","Siperfaqe":293}},
{"type":"Feature","geometry":{"type":"Polygon","coordinates":[[[20.05864516161528,41.1368967798846],[20.058609330482366,41.13686658228952],[20.058131008365788,41.13675491941429],[20.058040847690798,41.136626422891965],[20.058250369784425,41.136706638482636],[20.05832859862742,41.136759084205586],[20.058391045927515,41.13678013859837],[20.058478829201533,41.1367976640961],[20.058584924012692,41.13683598698468],[20.05864516161528,41.1368967798846]]]},"properties":{"Zk_Numer":1885,"Zk_Emer":"GURABARDH","Nr_Pas":"78/7","Vol":2,"Faqe":137,"Pronaret":"SHTET","Kufizimet":"","Siperfaqe":266}},
{"type":"Feature","geometry":{"type":"Polygon","coordinates":[[[20.05931544317492,41.13700875116545],[20.059265191954996,41.13696086158556],[20.059168640378726,41.13691960965319],[20.059140150367693,41.136918745546076],[20.05874757118898,41.136926130785476],[20.058721921573923,41.13691934492583],[20.058703026556554,41.13690388246324],[20.058687538411352,41.13688240134592],[20.0586623660027,41.136853769483864],[20.058624508322357,41.13680981990658],[20.05852562977167,41.13678657983503],[20.058433390403923,41.136758876090774],[20.058341501858763,41.13670752654255],[20.058195611890735,41.13661428213006],[20.058618376522936,41.13678942161336],[20.058678900611724,41.1368543052479],[20.05928523340436,41.13687714073073],[20.05931544317492,41.13700875116545]]]},"properties":{"Zk_Numer":1885,"Zk_Emer":"GURABARDH","Nr_Pas":"79/15","Vol":2,"Faqe":138,"Pronaret":"SHTET","Kufizimet":"","Siperfaqe":474}},
{"type":"Feature","geometry":{"type":"Polygon","coordinates":[[[20.05864516161528,41.1368967798846],[20.058584924012692,41.13683598698468],[20.058478829201533,41.1367976640961],[20.058391045927515,41.13678013859837],[20.05832859862742,41.136759084205586],[20.058250369784425,41.136706638482636],[20.058040847690798,41.136626422891965],[20.05779801757774,41.13647890860509],[20.057669740251608,41.13639332709477],[20.057345126034598,41.13621096911849],[20.057274497236506,41.13618676235275],[20.05696827350701,41.13610122319547],[20.05666707381881,41.13599287091087],[20.05647780348698,41.135861154317304],[20.056107637479798,41.13568260087514],[20.056129287205852,41.13566232695401],[20.056530568116347,41.13584364354816],[20.056680298552397,41.13595730877464],[20.056813224533695,41.13601782921142],[20.057263550092276,41.13615112014737],[20.057458869538596,41.13622112309967],[20.058195611890735,41.13661428213006],[20.058341501858763,41.13670752654255],[20.058433390403923,41.136758876090774],[20.05852562977167,41.13678657983503],[20.058624508322357,41.13680981990658],[20.0586623660027,41.136853769483864],[20.058687538411352,41.13688240134592],[20.058703026556554,41.13690388246324],[20.058721921573923,41.13691934492583],[20.05874757118898,41.136926130785476],[20.059140150367693,41.136918745546076],[20.059168640378726,41.13691960965319],[20.059265191954996,41.13696086158556],[20.05931544317492,41.13700875116545],[20.05932099584983,41.137032941623524],[20.059158202512165,41.13694632892854],[20.058676407270102,41.136954768025625],[20.05864516161528,41.1368967798846]]]},"properties":{"Zk_Numer":1885,"Zk_Emer":"GURABARDH","Nr_Pas":"79/17","Vol":2,"Faqe":160,"Pronaret":"SHTET","Kufizimet":"","Siperfaqe":1378}},
{"type":"Feature","geometry":{"type":"Polygon","coordinates":[[[20.059603486346134,41.13685817633051],[20.059670801630663,41.136767539794036],[20.05976450230112,41.136648011708886],[20.059786704775636,41.13661025891448],[20.059803862847545,41.13657060307006],[20.059831153438306,41.136519012770904],[20.05993648031364,41.13641890895304],[20.059942227645827,41.136409393231844],[20.05994338016226,41.13640130114276],[20.059939165845346,41.13639087053951],[20.059931311173816,41.13638009555693],[20.059910614329063,41.13636361443525],[20.05988464522949,41.136352848868455],[20.059845722220015,41.13633876137605],[20.05981946479621,41.136322523805184],[20.059803043948875,41.13630132310777],[20.059787466355743,41.13626691053379],[20.05976502951228,41.13622834956935],[20.059748530225928,41.136199993124784],[20.05972185104331,41.13618132364586],[20.059704046888168,41.136154489737876],[20.059694155591693,41.13609775956947],[20.05970651486842,41.13606277557077],[20.059714992186993,41.136038779767084],[20.05971558759176,41.136020632472345],[20.059707854335578,41.135987522059466],[20.05968997909443,41.13596660135776],[20.05963893655179,41.13592784241079],[20.059598770064365,41.135904705553145],[20.05958211646012,41.13588886667902],[20.059570017312222,41.13586837449085],[20.05957090428126,41.135846967201495],[20.059585475569857,41.13582870057965],[20.05967680483452,41.13581549969939],[20.05988721434576,41.136090101377995],[20.060415205055975,41.13635673000187],[20.060441269128958,41.136281014958506],[20.060520011403483,41.13605227084236],[20.060603475704138,41.135809807571185],[20.06063778857859,41.136129274657115],[20.06068453506558,41.13636719223918],[20.060655287672937,41.13636810372846],[20.06060323481447,41.1363937812089],[20.060587201095796,41.136414284100084],[20.06058108613618,41.13644679334508],[20.060598649098928,41.136487965324974],[20.060638586342506,41.136567366895555],[20.06065822824143,41.136663330222966],[20.06044264459225,41.13661171036972],[20.060083106270685,41.13668048278496],[20.06007123824088,41.13684147889356],[20.059854626718614,41.13684321047824],[20.059603486346134,41.13685817633051]]]},"properties":{"Zk_Numer":1885,"Zk_Emer":"GURABARDH","Nr_Pas":"112/16","Vol":2,"Faqe":186,"Pronaret":"SHTET","Kufizimet":"","Siperfaqe":4720}},
{"type":"Feature","geometry":{"type":"Polygon","coordinates":[[[20.060702523313005,41.13720136090847],[20.060647763556144,41.136883487618725],[20.06065822824143,41.136663330222966],[20.060638586342506,41.136567366895555],[20.060598649098928,41.136487965324974],[20.06058108613618,41.13644679334508],[20.060587201095796,41.136414284100084],[20.06060323481447,41.1363937812089],[20.060655287672937,41.13636810372846],[20.06068453506558,41.13636719223918],[20.060767111294727,41.136364618726894],[20.060977931595108,41.13637706948287],[20.06115144850629,41.136304548288166],[20.06125410314591,41.1362935405609],[20.061471367824517,41.136298538872225],[20.061714682428278,41.136327901796555],[20.06189961830685,41.1363502192826],[20.061967880250428,41.13641251429414],[20.061830963665713,41.13638947556671],[20.0615015978486,41.13634673613386],[20.061426537347355,41.136341106364014],[20.061358536984635,41.136336505006554],[20.061263899614772,41.13634012109122],[20.06111630699289,41.1363857358606],[20.061002738382484,41.136420835044625],[20.060838462119452,41.13641327304169],[20.06070074526641,41.13642430169255],[20.060674017502418,41.13644215622787],[20.060674049604017,41.13647699412736],[20.06069021801359,41.13652917653404],[20.06069505490218,41.13666019202144],[20.06066867312128,41.136884075126574],[20.06072644966899,41.13720390022923],[20.060715822187888,41.13739001655181],[20.060671356509395,41.137518718298985],[20.06068760251903,41.13757789193849],[20.060606395032792,41.137666875346866],[20.06053175985088,41.13774865686447],[20.060435066111925,41.137784059367334],[20.06029589038605,41.1378365076652],[20.060245713276135,41.13785541682039],[20.060167444420166,41.13788491223505],[20.060120990911397,41.137902418081225],[20.060077576480943,41.1379378046418],[20.060048174921725,41.1379903183277],[20.060058830286607,41.13808291191039],[20.060056648528803,41.13809794529055],[20.060046283865073,41.13812757763085],[20.060028819787068,41.138141507803304],[20.060029779474064,41.13815792702519],[20.06005907306267,41.13816683552556],[20.06010381758752,41.13818142251627],[20.059952486073882,41.13826537552573],[20.059964378769507,41.1380114890315],[20.059967140914967,41.137862102732434],[20.06016710391002,41.13786127905496],[20.060240404021137,41.13782040422211],[20.060313901987897,41.137802078177295],[20.06038063438129,41.13778543901673],[20.060485259856637,41.13772626689248],[20.060569677360707,41.137629518074064],[20.060616926000826,41.13754719667598],[20.060645887508446,41.13746741834293],[20.060702523313005,41.13720136090847]]]},"properties":{"Zk_Numer":1885,"Zk_Emer":"GURABARDH","Nr_Pas":"112/17","Vol":2,"Faqe":185,"Pronaret":"SHTET","Kufizimet":"","Siperfaqe":1632}},
{"type":"Feature","geometry":{"type":"Polygon","coordinates":[[[20.06069021801359,41.13652917653404],[20.060674049604017,41.13647699412736],[20.060674017502418,41.13644215622787],[20.06070074526641,41.13642430169255],[20.060838462119452,41.13641327304169],[20.061002738382484,41.136420835044625],[20.06111630699289,41.1363857358606],[20.061263899614772,41.13634012109122],[20.061358536984635,41.136336505006554],[20.061426537347355,41.136341106364014],[20.0615015978486,41.13634673613386],[20.061830963665713,41.13638947556671],[20.061967880250428,41.13641251429414],[20.0620808795318,41.136445449040174],[20.062355851135273,41.13683144800356],[20.062562795011974,41.136926371380795],[20.062652648529358,41.13693885881909],[20.0625374217899,41.136963609440535],[20.062293718016967,41.137073355224025],[20.06216109113172,41.1371289926762],[20.062111053462587,41.13718379706021],[20.06199043378402,41.13706554184005],[20.061907305241668,41.136952449506566],[20.06160809827316,41.13693324372166],[20.06126691520154,41.1369008826599],[20.06122379333189,41.136657564941125],[20.06069021801359,41.13652917653404]]]},"properties":{"Zk_Numer":1885,"Zk_Emer":"GURABARDH","Nr_Pas":"112/18","Vol":2,"Faqe":181,"Pronaret":"SHTET","Kufizimet":"","Siperfaqe":7000}},
{"type":"Feature","geometry":{"type":"Polygon","coordinates":[[[20.06340913056423,41.13804607353829],[20.063491107182205,41.13789638661022],[20.063544633624094,41.13780130075669],[20.06355104091155,41.13776329495736],[20.06357043760453,41.137648348728],[20.063640963092073,41.137646823510124],[20.063557119817922,41.137889188432204],[20.06350534566136,41.13801127289085],[20.06347560630553,41.13808139864875],[20.06343312914974,41.13818156001841],[20.06339789317583,41.138227404004226],[20.063484584504717,41.138267102065555],[20.063485115012593,41.138280188797246],[20.06349007179644,41.13830868114908],[20.063450145509325,41.13836280541897],[20.063402689430816,41.13837043040855],[20.063432120277156,41.138310096431624],[20.06343326189066,41.13829584135609],[20.06342208575511,41.13828653842159],[20.06339770291956,41.13827890138339],[20.063373708504482,41.13827787736457],[20.063349296798563,41.13827919766672],[20.063336794113404,41.138271362595056],[20.063332359402597,41.1382572787154],[20.063334454699667,41.138237091876995],[20.06335177831566,41.13821481967896],[20.063388953079787,41.1381743478387],[20.063406578756442,41.13814692659411],[20.06340873021655,41.138091785025274],[20.06340913056423,41.13804607353829]]]},"properties":{"Zk_Numer":1885,"Zk_Emer":"GURABARDH","Nr_Pas":"111/8","Vol":2,"Faqe":140,"Pronaret":"SHTET","Kufizimet":"","Siperfaqe":423}},
{"type":"Feature","geometry":{"type":"Polygon","coordinates":[[[20.06349007179644,41.13830868114908],[20.063485115012593,41.138280188797246],[20.063484584504717,41.138267102065555],[20.06339789317583,41.138227404004226],[20.06343312914974,41.13818156001841],[20.06347560630553,41.13808139864875],[20.06350534566136,41.13801127289085],[20.063557119817922,41.137889188432204],[20.063640963092073,41.137646823510124],[20.0637270814563,41.137644961014594],[20.06373336264678,41.13747189812849],[20.063673072435527,41.13736597792398],[20.063853407236056,41.137439894101604],[20.063834967955508,41.137511532778554],[20.06381652863493,41.13758317145169],[20.06380987143641,41.13769472246875],[20.063766355559988,41.13781561605725],[20.06370178371978,41.137977918256865],[20.063589395115592,41.138174037524514],[20.063529998017952,41.138254556864894],[20.06349007179644,41.13830868114908]]]},"properties":{"Zk_Numer":1885,"Zk_Emer":"GURABARDH","Nr_Pas":"111/9","Vol":2,"Faqe":141,"Pronaret":"SHTET","Kufizimet":"","Siperfaqe":1227}},
{"type":"Feature","geometry":{"type":"Polygon","coordinates":[[[20.063186753519556,41.139225238279195],[20.062495384731815,41.13914430354718],[20.06221610442674,41.13911927283079],[20.06238922402643,41.138761051258456],[20.062382107106174,41.138482790242385],[20.06232610123969,41.138284276704496],[20.06219700962071,41.13812824385591],[20.062922580210657,41.138274861956845],[20.06310435594677,41.138418364553196],[20.063126349978678,41.1384946775748],[20.06320156311557,41.13857512365587],[20.063263016574382,41.138625316365086],[20.06336705079905,41.138802113123205],[20.063186753519556,41.139225238279195]]]},"properties":{"Zk_Numer":1885,"Zk_Emer":"GURABARDH","Nr_Pas":"5/6","Vol":2,"Faqe":142,"Pronaret":"SHTET","Kufizimet":"","Siperfaqe":7805}},
{"type":"Feature","geometry":{"type":"Polygon","coordinates":[[[20.061326138124027,41.140048998446595],[20.061546996382468,41.14000408045581],[20.061652967438242,41.13997959972761],[20.06168051159085,41.139954442381764],[20.061709195021866,41.139888732902534],[20.06174943248693,41.139811330970616],[20.06179264277855,41.139702206742186],[20.06180868517053,41.139630072552364],[20.061820632951967,41.13951402622211],[20.061828972203767,41.13944351422597],[20.061852645683167,41.13944556957747],[20.061844372058406,41.139515526881354],[20.06183235272676,41.13963226857136],[20.061815888928443,41.13970629772198],[20.061771967875625,41.139817217020145],[20.061737320109415,41.13989690551762],[20.061715508706907,41.13995645506449],[20.06166676247274,41.139995243775296],[20.061553573415864,41.140021391962435],[20.06139095511608,41.140054465201366],[20.061326138124027,41.140048998446595]]]},"properties":{"Zk_Numer":1885,"Zk_Emer":"GURABARDH","Nr_Pas":"5/18","Vol":2,"Faqe":143,"Pronaret":"SHTET","Kufizimet":"","Siperfaqe":187}},
{"type":"Feature","geometry":{"type":"Polygon","coordinates":[[[20.05998420460133,41.14130442723523],[20.06015050145522,41.141030796795185],[20.060150530619207,41.14102976826623],[20.060347861603205,41.14101828048287],[20.060560418585737,41.14096313861376],[20.060578683388076,41.1408735377247],[20.06044845956163,41.14071723993093],[20.060316996664252,41.140490132936414],[20.060211019243035,41.140487501789636],[20.059829598181853,41.1405909134879],[20.059717052571305,41.14048814745718],[20.059650510010357,41.14040426061107],[20.059596917265292,41.14030567848683],[20.059668639775612,41.140125435455154],[20.059696838079027,41.1400786191809],[20.0598146304682,41.13996610467716],[20.05988691351917,41.13985622492209],[20.059884233807054,41.139480618002324],[20.05995006616726,41.13937680957992],[20.05997730834829,41.13929236307907],[20.060115558039865,41.13930904938968],[20.060429456982813,41.139340528546754],[20.06072746051202,41.139415130760604],[20.06102649410028,41.13937383944413],[20.06087433338624,41.13963012620491],[20.060772215889948,41.13992048190994],[20.061222106980903,41.140028469268344],[20.061326138124027,41.140048998446595],[20.06139095511608,41.140054465201366],[20.061654814835055,41.1400767191092],[20.062668241791968,41.14024285416569],[20.062867773571597,41.14022248819123],[20.062907799523977,41.14039814947757],[20.062931366127152,41.140573823638405],[20.06290733971849,41.14073716032443],[20.062882196652208,41.14081170857797],[20.062852965060948,41.14080988112874],[20.062821592969698,41.140810417386085],[20.062792529942328,41.140830852489614],[20.06276850640013,41.14085301525244],[20.062749114229355,41.14088748127692],[20.062731593399267,41.14092552347934],[20.062679873171373,41.140976230540325],[20.062653886543465,41.140984821322014],[20.062618090280353,41.14097740304027],[20.062514752946406,41.14090644124343],[20.061832215490394,41.14080799898989],[20.061591679608444,41.14114018110478],[20.061229943221875,41.14130360121987],[20.06063173971411,41.141425663363684],[20.06043041349588,41.1411289934612],[20.05998420460133,41.14130442723523]]]},"properties":{"Zk_Numer":1885,"Zk_Emer":"GURABARDH","Nr_Pas":"5/20","Vol":2,"Faqe":144,"Pronaret":"SHTET","Kufizimet":"","Siperfaqe":33040}},
{"type":"Feature","geometry":{"type":"Polygon","coordinates":[[[20.06010381758752,41.13818142251627],[20.06005907306267,41.13816683552556],[20.060029779474064,41.13815792702519],[20.060028819787068,41.138141507803304],[20.060046283865073,41.13812757763085],[20.060056648528803,41.13809794529055],[20.060058830286607,41.13808291191039],[20.060048174921725,41.1379903183277],[20.060077576480943,41.1379378046418],[20.060120990911397,41.137902418081225],[20.060167444420166,41.13788491223505],[20.060245713276135,41.13785541682039],[20.06029589038605,41.1378365076652],[20.060435066111925,41.137784059367334],[20.06053175985088,41.13774865686447],[20.060606395032792,41.137666875346866],[20.06068760251903,41.13757789193849],[20.06100448909301,41.13744759454702],[20.061339310670242,41.13727914811957],[20.061528075464203,41.13752379906518],[20.06192946412065,41.137465138439346],[20.061965522997884,41.137476374182654],[20.062333605333414,41.13741568467325],[20.062579770880156,41.137344815694355],[20.062577850316853,41.13738751187897],[20.06261897046532,41.1374963698905],[20.062478277732506,41.13750073820098],[20.062226711887142,41.13755440228659],[20.062035138640404,41.13766171898359],[20.06198937942065,41.1377543422157],[20.061782924300125,41.13780332968203],[20.061471429309226,41.13790110413367],[20.061306808567775,41.137930493156325],[20.06092110225654,41.137968786601945],[20.060687975181892,41.13808489095633],[20.060348844497682,41.13814093241701],[20.06010381758752,41.13818142251627]]]},"properties":{"Zk_Numer":1885,"Zk_Emer":"GURABARDH","Nr_Pas":"5/21","Vol":2,"Faqe":103,"Pronaret":"SHTET","Kufizimet":"","Siperfaqe":8393}},
{"type":"Feature","geometry":{"type":"Polygon","coordinates":[[[20.059152100059652,41.140002739072386],[20.059641970373782,41.14005893178286],[20.059623944196957,41.140112726868615],[20.059546421726747,41.14030754518253],[20.059607805732472,41.14042045923535],[20.059678989543375,41.14051019713881],[20.05979165952866,41.140598476888],[20.059581374259608,41.14064057779553],[20.059101809157944,41.14065033570828],[20.05876402754982,41.140713109103004],[20.05877001380044,41.14065657596284],[20.05885862470096,41.140438487316906],[20.058932902201317,41.140306883516956],[20.059062718003098,41.14007687637451],[20.059152100059652,41.140002739072386]]]},"properties":{"Zk_Numer":1885,"Zk_Emer":"GURABARDH","Nr_Pas":"15/10","Vol":2,"Faqe":146,"Pronaret":"SHTET","Kufizimet":"","Siperfaqe":4160}},
{"type":"Feature","geometry":{"type":"Polygon","coordinates":[[[20.062875665587086,41.140831072913784],[20.06284399136548,41.14092498549295],[20.06257958838074,41.14139642256504],[20.06254644117987,41.14150379240493],[20.06244014443203,41.141548532242716],[20.062145510924488,41.14164233764324],[20.062207812733703,41.14153752017409],[20.062245863957948,41.14149573802666],[20.06226268885732,41.14146551986391],[20.062304595687237,41.14136306178788],[20.062333784858126,41.141325791238195],[20.06242860772539,41.14127529151678],[20.06251474297226,41.141233062530425],[20.06252811317721,41.141212168559655],[20.06254680709055,41.14116658449112],[20.062638634533403,41.14102397989315],[20.062655836492194,41.14101179322748],[20.062693912132445,41.14099738121188],[20.06272549248572,41.14097029280667],[20.062748374277046,41.14094362278749],[20.062767254563724,41.1409131216328],[20.062800088463554,41.14086007830296],[20.062839374771066,41.140829954869204],[20.062875665587086,41.140831072913784]]]},"properties":{"Zk_Numer":1885,"Zk_Emer":"GURABARDH","Nr_Pas":"5/22","Vol":2,"Faqe":147,"Pronaret":"SHTET","Kufizimet":"","Siperfaqe":1358}},
{"type":"Feature","geometry":{"type":"Polygon","coordinates":[[[20.059969197586693,41.14171371832025],[20.060676014784985,41.141491387789905],[20.060837453426267,41.14173103520145],[20.061475049024754,41.14161549953126],[20.06205866687488,41.14162389104928],[20.06204053273849,41.141673396754],[20.06142382319141,41.14169214513445],[20.06119459321961,41.14173700825448],[20.060907556656634,41.14179522374355],[20.060480376015402,41.14175616993796],[20.060144704933997,41.14178221809726],[20.059969197586693,41.14171371832025]]]},"properties":{"Zk_Numer":1885,"Zk_Emer":"GURABARDH","Nr_Pas":"5/23","Vol":2,"Faqe":148,"Pronaret":"SHTET","Kufizimet":"","Siperfaqe":2069}},
{"type":"Feature","geometry":{"type":"Polygon","coordinates":[[[20.06223206344688,41.141399121933034],[20.062311097527978,41.14126222264278],[20.062511999570663,41.141119634026744],[20.062618090280353,41.14097740304027],[20.062653886543465,41.140984821322014],[20.062679873171373,41.140976230540325],[20.062731593399267,41.14092552347934],[20.062749114229355,41.14088748127692],[20.06276850640013,41.14085301525244],[20.062792529942328,41.140830852489614],[20.062821592969698,41.140810417386085],[20.062852965060948,41.14080988112874],[20.062882196652208,41.14081170857797],[20.062875665587086,41.140831072913784],[20.062839374771066,41.140829954869204],[20.062800088463554,41.14086007830296],[20.062767254563724,41.1409131216328],[20.062748374277046,41.14094362278749],[20.06272549248572,41.14097029280667],[20.062693912132445,41.14099738121188],[20.062655836492194,41.14101179322748],[20.062638634533403,41.14102397989315],[20.06254680709055,41.14116658449112],[20.06252811317721,41.141212168559655],[20.06251474297226,41.141233062530425],[20.06242860772539,41.14127529151678],[20.062333784858126,41.141325791238195],[20.062304595687237,41.14136306178788],[20.06226268885732,41.14146551986391],[20.062245863957948,41.14149573802666],[20.062207812733703,41.14153752017409],[20.062145510924488,41.14164233764324],[20.062102704396608,41.14171435575392],[20.06199043185604,41.141903243319256],[20.061875006251878,41.142179223337635],[20.06179189538843,41.14237793802882],[20.06178728857735,41.142680672413704],[20.061705142509457,41.14291412750687],[20.061561811169632,41.14321102308676],[20.061548864105198,41.14338944993317],[20.061571356039817,41.143534993966654],[20.06149826867476,41.14382682785866],[20.06142735445111,41.14393393902574],[20.06129332876549,41.1441348267588],[20.061205795782897,41.144276009771204],[20.06110230833892,41.14454970409466],[20.06103566724168,41.144737258925076],[20.061092863515256,41.145056295288605],[20.06113072099971,41.145098922055254],[20.06133339163452,41.14505625680059],[20.061435805124194,41.144946418129685],[20.061533149106587,41.144984949058156],[20.06149757258201,41.14514939634418],[20.061773693476496,41.145433912266256],[20.06176198559139,41.14557847791261],[20.06206123746379,41.145428910645315],[20.062166537891184,41.14536364502708],[20.062155519381907,41.145435568496936],[20.06206890452466,41.14556254937712],[20.061975462863977,41.14551799553985],[20.06175584138179,41.145679250398494],[20.061538230009454,41.14578501166301],[20.061174872374256,41.145961605365564],[20.06114335641411,41.1459789247344],[20.061123972735803,41.14595189253057],[20.06111241133533,41.14594602472828],[20.061499559262035,41.14566152788071],[20.061692757004256,41.145561446853556],[20.061725092411795,41.14546696081415],[20.061575988865734,41.14532547036102],[20.061494477645446,41.1452115334164],[20.061370058471798,41.1451135165716],[20.060929765337576,41.14518363390099],[20.060952476163546,41.14514443051964],[20.061003616265573,41.14505643190876],[20.061013947405737,41.14499121847094],[20.06100095724122,41.144785125695826],[20.06096907901824,41.14494554344593],[20.06091053192154,41.145010849002375],[20.060836318966288,41.14503204118535],[20.060681396456665,41.144972405595546],[20.0603677318215,41.144962241909056],[20.060220618334174,41.144978700701245],[20.060170071199025,41.14498479857322],[20.060059938314964,41.1450106440417],[20.0598720854053,41.14505376564421],[20.059719241933802,41.145074965438084],[20.059445878643594,41.14508913540808],[20.059253876785842,41.14514683798395],[20.059194043335516,41.14517369885197],[20.059106042681087,41.14521113938068],[20.0589172632495,41.14531766590069],[20.05869595303515,41.14541372303204],[20.058455016521872,41.14548795077214],[20.05829595994899,41.14551928491965],[20.058261376271833,41.145481291548194],[20.058409349092255,41.14545187150791],[20.058564002295476,41.145432096542294],[20.058635277410637,41.14540025002134],[20.058708643573933,41.14536746911823],[20.05891442345115,41.145262825800216],[20.059121506057064,41.14514434344655],[20.059373331178946,41.14506645206331],[20.05970854665031,41.14503238781355],[20.06017590998792,41.144946992460916],[20.060478142415153,41.144911933098456],[20.06069754246876,41.144924355916636],[20.060822958289123,41.1449807129452],[20.060910350791268,41.14494280210518],[20.06097242643987,41.14471778741201],[20.061075293191465,41.14436543322689],[20.061157141374842,41.1441635211033],[20.061230586053064,41.14414116801457],[20.061276880608716,41.14407900216682],[20.061354927776463,41.1439741975609],[20.06138027495534,41.14390557993902],[20.06139805264041,41.14382652857187],[20.061482392169346,41.143625564206474],[20.061484528422973,41.1433256190572],[20.061542774671643,41.143061326981694],[20.06130851795304,41.14282084966584],[20.06125759514094,41.14272478313828],[20.06117889183655,41.142576307761786],[20.061240636537587,41.14259685086678],[20.061300710854557,41.1427205146133],[20.061390072537712,41.14281633106813],[20.061545125859762,41.14298268181849],[20.06168536727614,41.142849093802425],[20.06176083263212,41.14255978329655],[20.061733469450157,41.14234227894369],[20.061839430677594,41.14212294254594],[20.061911796384717,41.14189921768324],[20.06204053273849,41.141673396754],[20.06205866687488,41.14162389104928],[20.062165630673558,41.14152199068068],[20.06223206344688,41.141399121933034]]]},"properties":{"Zk_Numer":1885,"Zk_Emer":"GURABARDH","Nr_Pas":"5/24","Vol":2,"Faqe":149,"Pronaret":"SHTET","Kufizimet":"","Siperfaqe":6125}},
{"type":"Feature","geometry":{"type":"Polygon","coordinates":[[[20.06196097811436,41.146038743243366],[20.062099969394428,41.14601001942918],[20.062100923926874,41.14607685537518],[20.062103297038774,41.146243019019174],[20.06189059492866,41.146249315811474],[20.061625801493893,41.14620897217261],[20.061467438702792,41.14623632415827],[20.06123926264571,41.146286967999416],[20.061164256285135,41.14627344866877],[20.06143350387656,41.1462305246003],[20.061660633027984,41.14618672204355],[20.06177550564485,41.146071439748034],[20.06196097811436,41.146038743243366]]]},"properties":{"Zk_Numer":1885,"Zk_Emer":"GURABARDH","Nr_Pas":"3/5","Vol":2,"Faqe":150,"Pronaret":"SHTET","Kufizimet":"","Siperfaqe":792}},
{"type":"Feature","geometry":{"type":"Polygon","coordinates":[[[20.0606562802545,41.14396931111952],[20.06022679114729,41.14412361761216],[20.06003424517666,41.144249897630985],[20.060225396529503,41.144091914471524],[20.06033007952775,41.144027763122445],[20.060397295022685,41.14396451740915],[20.060518691943717,41.143844486582815],[20.060559586733216,41.14377839737299],[20.060577058226038,41.14379520217264],[20.060588211553842,41.14383807026361],[20.060610328905103,41.143899546056936],[20.0606562802545,41.14396931111952]]]},"properties":{"Zk_Numer":1885,"Zk_Emer":"GURABARDH","Nr_Pas":"2/24","Vol":2,"Faqe":151,"Pronaret":"SHTET","Kufizimet":"","Siperfaqe":450}},
{"type":"Feature","geometry":{"type":"Polygon","coordinates":[[[20.05913106949308,41.143591347754615],[20.0591249354248,41.14358334589558],[20.059104073572307,41.1435561317043],[20.059126798556086,41.14343912194229],[20.05922920213354,41.14337268275436],[20.059292753128044,41.143316276596536],[20.0593364818529,41.14323858923603],[20.059376049129657,41.143156196397086],[20.059378270052445,41.14318849109281],[20.05936446604387,41.143274344535826],[20.05934675929795,41.143378066268184],[20.059323070973193,41.14343359925365],[20.0592787447012,41.143490981926604],[20.059222645451495,41.143529109222044],[20.05913106949308,41.143591347754615]]]},"properties":{"Zk_Numer":1885,"Zk_Emer":"GURABARDH","Nr_Pas":"17/15","Vol":2,"Faqe":152,"Pronaret":"SHTET","Kufizimet":"","Siperfaqe":367}},
{"type":"Feature","geometry":{"type":"Polygon","coordinates":[[[20.05877690221073,41.141625232280816],[20.058600470785123,41.14156981393443],[20.0584336898902,41.14149156047395],[20.05850789753526,41.14148114913895],[20.058544559741755,41.141454011070415],[20.058592367479708,41.14140517195266],[20.058626514970737,41.14137954783669],[20.058658970536086,41.14138071053175],[20.058698304612854,41.141396018233344],[20.058731823813297,41.14142913300175],[20.058763774604767,41.14151870550099],[20.05877690221073,41.141625232280816]]]},"properties":{"Zk_Numer":1885,"Zk_Emer":"GURABARDH","Nr_Pas":"17/16","Vol":2,"Faqe":153,"Pronaret":"SHTET","Kufizimet":"","Siperfaqe":398}},
{"type":"Feature","geometry":{"type":"Polygon","coordinates":[[[20.058630698620146,41.14130821936251],[20.058605524750426,41.1412970211779],[20.058607803717553,41.14127333842996],[20.058638176157842,41.14119174877681],[20.058696100180953,41.14101092956319],[20.058685484048116,41.140880085475374],[20.058578979012342,41.140723950751784],[20.058575741513742,41.140682378285334],[20.05859957598149,41.140628168084234],[20.058699334970683,41.14047200007705],[20.058763952727205,41.14022444409075],[20.05880957200769,41.140107621744264],[20.058912670036946,41.1400135992454],[20.058996611018543,41.14001564013781],[20.059012533395382,41.14003300610302],[20.059022065875993,41.14005712620102],[20.05888908072058,41.14029274853676],[20.058813150928163,41.1404272796789],[20.05872043193738,41.14064834877088],[20.058711825726476,41.14072471982169],[20.058790466346387,41.140848688202325],[20.058763220166618,41.14107577878218],[20.058678351847348,41.14121929748376],[20.058647257523297,41.14126393718777],[20.058630698620146,41.14130821936251]]]},"properties":{"Zk_Numer":1885,"Zk_Emer":"GURABARDH","Nr_Pas":"20/51","Vol":2,"Faqe":154,"Pronaret":"SHTET","Kufizimet":"","Siperfaqe":1357}},
{"type":"Feature","geometry":{"type":"Polygon","coordinates":[[[20.054279512046616,41.14099585371247],[20.05434966345148,41.14095980253541],[20.054491570419685,41.14088687554388],[20.05455534870562,41.140878492931066],[20.05467526322997,41.14088474121987],[20.054797356437998,41.14087639014166],[20.054873742981933,41.140837206263605],[20.054998835286032,41.140745544228615],[20.055059040080625,41.140694824783225],[20.05521256439827,41.14062581644515],[20.05547088632022,41.14049609561268],[20.055588038404252,41.1404202426353],[20.055694117693136,41.140339113796905],[20.05587847433335,41.14027557688833],[20.056209592396435,41.140227078768845],[20.05631760064437,41.14024610775812],[20.056340388868218,41.14030620425206],[20.056309517173432,41.140394207883546],[20.056167516987195,41.14050829160126],[20.056004075933316,41.14071475064537],[20.055951064077863,41.14079704624968],[20.055935344998385,41.14087958171263],[20.05595938903337,41.14093204558441],[20.05603908548031,41.14104057895519],[20.056348458551582,41.14125871016294],[20.056372633336306,41.14130498836368],[20.056353685587776,41.1413801544328],[20.056200319216813,41.14146303205433],[20.056117364918936,41.14154110091858],[20.0560766822985,41.14161929964439],[20.05604906248851,41.14170868059866],[20.056079537987827,41.1417910830179],[20.056170201749694,41.141844543258884],[20.05628636973291,41.141871481392904],[20.05666636800918,41.14191528014039],[20.057090467188562,41.141917149986796],[20.057244497203648,41.141894636462716],[20.057527291852256,41.141826028000544],[20.057651325293378,41.14177861827657],[20.057845258520352,41.14168325710446],[20.057673981304205,41.141805732176756],[20.05742076791348,41.141925814976055],[20.057420675356724,41.14192574009118],[20.057174451709674,41.142018991176755],[20.057186859606738,41.14203771406343],[20.05683992715279,41.14227644879921],[20.056611408508704,41.14238153170957],[20.056375091227633,41.142475315429884],[20.05624851063115,41.14248856999524],[20.05613395868639,41.14248084743802],[20.05596383738999,41.14245115961027],[20.05595842391,41.14230449631495],[20.055924171480587,41.14223652459473],[20.05575324531913,41.1418347186097],[20.055787039677078,41.14146340403872],[20.05578402863714,41.14141699742122],[20.055485528937922,41.14120974059332],[20.055522009253767,41.140945317510884],[20.055589134226366,41.14086150623617],[20.05559155087488,41.14066260245425],[20.055431118298646,41.1406009030983],[20.05511035944191,41.14084598119594],[20.054705432229767,41.14120843371459],[20.054533432706453,41.14109999132621],[20.05431405211017,41.14125710189161],[20.05429029391563,41.141289569684425],[20.054368897228272,41.14143929101958],[20.054379549466503,41.141512672171864],[20.054322296362425,41.14163998358284],[20.054417820144835,41.14172580986189],[20.054306745493747,41.1426936943181],[20.054417573972085,41.14172576181785],[20.05416297792613,41.1416736509198],[20.05427422464257,41.141634611531686],[20.054329720204766,41.1414602952391],[20.054322340482415,41.14145092764899],[20.054199433225918,41.141294912534846],[20.05420273722268,41.1412825736297],[20.053934366151335,41.14136247813863],[20.054203260892532,41.1412806179637],[20.054279512046616,41.14099585371247]]]},"properties":{"Zk_Numer":1885,"Zk_Emer":"GURABARDH","Nr_Pas":"20/52","Vol":2,"Faqe":155,"Pronaret":"SHTET","Kufizimet":"","Siperfaqe":16430}},
{"type":"Feature","geometry":{"type":"Polygon","coordinates":[[[20.056874491536107,41.13728285820091],[20.0566770721324,41.137538083726895],[20.056565963591932,41.137758315586275],[20.056225758911978,41.137761533958574],[20.05610712074469,41.13778688641908],[20.056083941218425,41.137458146606065],[20.055924164740166,41.13743486684524],[20.055552875623842,41.137520223462545],[20.05552216833751,41.13747345066312],[20.055547585382634,41.1374218427462],[20.05562968228258,41.13734440886656],[20.055746032046617,41.13727019239627],[20.055801456959635,41.137187689892784],[20.05581430767725,41.13707026010515],[20.05574011224068,41.13693775417599],[20.05562861305403,41.13681802577426],[20.05548917465891,41.136736302237395],[20.055358057139607,41.13668596283315],[20.055286676361046,41.136635155435634],[20.05518237353308,41.13656037812919],[20.05533165514108,41.136590302468804],[20.055608287625628,41.13660826273472],[20.055794520770796,41.13656434130892],[20.055831328140517,41.13654063230421],[20.056131468924622,41.13669857265249],[20.0564710579575,41.13677775499915],[20.057097384343994,41.13699118693186],[20.056874491536107,41.13728285820091]]]},"properties":{"Zk_Numer":1885,"Zk_Emer":"GURABARDH","Nr_Pas":"24/2","Vol":2,"Faqe":183,"Pronaret":"SHTET","Kufizimet":"","Siperfaqe":10389}},
{"type":"Feature","geometry":{"type":"Polygon","coordinates":[[[20.058295993349645,41.13449700728536],[20.058104605358317,41.13456252894162],[20.058035396979143,41.134582831032276],[20.057992859115902,41.13458717201451],[20.057925945449576,41.134591346407525],[20.057831599525805,41.13460092674405],[20.057771882295658,41.13462379540257],[20.05768560954173,41.13466468137588],[20.057628891522917,41.13469902476213],[20.057515771684038,41.134767519881905],[20.057419466319462,41.134805133795396],[20.057229751446457,41.134832797640605],[20.057135570958582,41.13484944092607],[20.057075065552002,41.13486013320991],[20.05703422240893,41.134883277614804],[20.05691982939218,41.134911172290664],[20.056799163665765,41.13493190488551],[20.056668071287287,41.13496105012656],[20.056698156461536,41.134913750125676],[20.05676953852706,41.134906527802165],[20.056845556422278,41.13489883638243],[20.056924054463583,41.13488272893636],[20.056995146563175,41.13486622325797],[20.057048356566835,41.13484882210612],[20.057117055511483,41.13483554816162],[20.057310608112164,41.134801260081026],[20.057391490551264,41.13479192191013],[20.057604629447702,41.134679833662325],[20.05766641373108,41.134645232775895],[20.05775344568949,41.13459137751489],[20.057818127247206,41.134565598510044],[20.05789999914338,41.13456177397907],[20.057988581576694,41.13455864167646],[20.058044774346666,41.13455158224097],[20.05812396058688,41.13452548567758],[20.05824237629678,41.13447178445754],[20.058309768273404,41.134435800655766],[20.058372738179354,41.13440910907624],[20.058441363180307,41.134380020360446],[20.058497543707862,41.13435373979873],[20.05853094152702,41.134334187482466],[20.058571326501454,41.13429935565857],[20.058610421584017,41.1342741354853],[20.058647626408305,41.13424932942626],[20.058698039563573,41.13422595834124],[20.05881327286606,41.13418775095171],[20.058859604164123,41.13418605996779],[20.058933445151332,41.13415370157459],[20.05896186878688,41.13417981624415],[20.058869904716225,41.134213742829246],[20.058793585397332,41.1342199412364],[20.058727744451616,41.134244505155905],[20.058670534293164,41.13427615349298],[20.05857046237747,41.13434790810814],[20.058516166389687,41.13437519282861],[20.058465030050467,41.13440088972409],[20.05837941566217,41.134443960156844],[20.058295993349645,41.13449700728536]]]},"properties":{"Zk_Numer":1885,"Zk_Emer":"GURABARDH","Nr_Pas":"85/1","Vol":2,"Faqe":156,"Pronaret":"SHTET","Kufizimet":"","Siperfaqe":672}},
{"type":"Feature","geometry":{"type":"Polygon","coordinates":[[[20.04905132020574,41.13983439069682],[20.049067019784275,41.13979998580819],[20.049083307379654,41.13969431399855],[20.049093686600248,41.139607525482894],[20.04911236890097,41.13949328273701],[20.049122993970247,41.13946302016072],[20.049137680413388,41.13943318187615],[20.049215225098976,41.13929605874535],[20.049300518980182,41.13914129483531],[20.04934972597876,41.13905231801328],[20.04943736958562,41.13894386857783],[20.049488107475316,41.13890070383185],[20.049569778272456,41.13886893587983],[20.04967437721207,41.13885107569082],[20.049913095409135,41.13885598308181],[20.050107308200886,41.13893051631514],[20.050265790154704,41.138971414555364],[20.050362194891527,41.13899629286561],[20.05047458740807,41.1390216176954],[20.050629433197674,41.13904093778379],[20.05071552628497,41.139042163974494],[20.050856115255726,41.13903274656541],[20.05097778048839,41.13897042216089],[20.051041720413817,41.138936023423895],[20.051332153850392,41.13866185127445],[20.051346579459032,41.13864823327271],[20.05145725412455,41.13855042273442],[20.05159024815087,41.13840388196948],[20.05158897317084,41.13835042084507],[20.051572707777872,41.13830652224504],[20.05155669446688,41.13827467786727],[20.05149229365081,41.138223316996616],[20.05146132946075,41.13820239132737],[20.051323842137396,41.13810997666008],[20.051284016765457,41.13807711881985],[20.051171973273952,41.13798467731944],[20.050801276072352,41.13750120091246],[20.05080615203024,41.137423074251615],[20.05085607400887,41.137350662772235],[20.050912332307295,41.13727828487657],[20.051063346679356,41.137271843393286],[20.050893602482187,41.13743453558504],[20.050888855001418,41.137496207223705],[20.051265443720798,41.137977472170135],[20.05134858172799,41.138038085029045],[20.05150937161451,41.13815531052417],[20.051559797897436,41.13819976156138],[20.05161006264565,41.13825048209129],[20.051635368581127,41.138302175145085],[20.05166591461608,41.13836457216206],[20.05159281926287,41.138470923865164],[20.051397191312674,41.13866617765959],[20.051375029612693,41.13868630264588],[20.051044167092503,41.13898675612525],[20.05100679926719,41.13900247024894],[20.05086267310679,41.139063882794616],[20.050740828361786,41.13907819114417],[20.05062181764271,41.13908098785561],[20.05046211580174,41.139054529061234],[20.050396473648114,41.139036915215506],[20.05033984265471,41.13902171952874],[20.049996701659257,41.13892964441154],[20.049855765372023,41.138888513400396],[20.049717441246482,41.13888810659031],[20.04971494685365,41.1388880992528],[20.049552426282418,41.13890667749657],[20.049468802528672,41.13897488909192],[20.049384149369082,41.13909144667227],[20.049343265762534,41.139171107812075],[20.049257622625237,41.13931636367203],[20.049208434220617,41.13939164149258],[20.04918038006501,41.139429344473726],[20.049159463008102,41.1394666826594],[20.049145704933025,41.139538724696635],[20.049132020318215,41.139640956637095],[20.049119982838384,41.139744032324],[20.049111088694463,41.139792643354355],[20.049094531920545,41.13982423685277],[20.048982108490904,41.14005606773492],[20.048916527748762,41.13998452172369],[20.04905132020574,41.13983439069682]]]},"properties":{"Zk_Numer":1885,"Zk_Emer":"GURABARDH","Nr_Pas":"30/33","Vol":2,"Faqe":157,"Pronaret":"SHTET","Kufizimet":"","Siperfaqe":2444}},
{"type":"Feature","geometry":{"type":"Polygon","coordinates":[[[20.057673981304205,41.141805732176756],[20.057845258520352,41.14168325710446],[20.057651325293378,41.14177861827657],[20.057527291852256,41.141826028000544],[20.057244497203648,41.141894636462716],[20.057090467188562,41.141917149986796],[20.05666636800918,41.14191528014039],[20.05628636973291,41.141871481392904],[20.056170201749694,41.141844543258884],[20.056079537987827,41.1417910830179],[20.05604906248851,41.14170868059866],[20.0560766822985,41.14161929964439],[20.056117364918936,41.14154110091858],[20.056200319216813,41.14146303205433],[20.056353685587776,41.1413801544328],[20.056372633336306,41.14130498836368],[20.056348458551582,41.14125871016294],[20.05603908548031,41.14104057895519],[20.05595938903337,41.14093204558441],[20.055935344998385,41.14087958171263],[20.055951064077863,41.14079704624968],[20.056004075933316,41.14071475064537],[20.056167516987195,41.14050829160126],[20.056309517173432,41.140394207883546],[20.056340388868218,41.14030620425206],[20.05631760064437,41.14024610775812],[20.056209592396435,41.140227078768845],[20.05587847433335,41.14027557688833],[20.055694117693136,41.140339113796905],[20.055588038404252,41.1404202426353],[20.05547088632022,41.14049609561268],[20.05521256439827,41.14062581644515],[20.055059040080625,41.140694824783225],[20.054998835286032,41.140745544228615],[20.054873742981933,41.140837206263605],[20.054797356437998,41.14087639014166],[20.05467526322997,41.14088474121987],[20.05455534870562,41.140878492931066],[20.054491570419685,41.14088687554388],[20.05434966345148,41.14095980253541],[20.054279512046616,41.14099585371247],[20.054178442573576,41.14104779370301],[20.054014150511797,41.14112730781858],[20.05390320517188,41.14117388218195],[20.053844705803073,41.141184833093625],[20.053786206414774,41.141195783975576],[20.05368846613821,41.1411882163569],[20.05346592323733,41.14110729393864],[20.053297448843026,41.14105727512035],[20.053172206574157,41.14104975133852],[20.052821486969922,41.141064625634755],[20.052754148597796,41.14106465649139],[20.05269765630976,41.14104466539382],[20.052531610836276,41.14094629442088],[20.05245880878929,41.14089997707351],[20.05236817108855,41.14086432743405],[20.052284922434936,41.140846026412966],[20.05214707122031,41.140849364815466],[20.051924331815243,41.14083350177722],[20.051575143315244,41.140827043693385],[20.051475373836496,41.14082729342101],[20.05121186498284,41.14085264433398],[20.05088528734767,41.14093323839083],[20.050630351602262,41.14097857102015],[20.050404986536222,41.1409955313643],[20.050383608692325,41.14099680230566],[20.050073427374237,41.14101524254717],[20.04990195667145,41.14101304216843],[20.049767226029342,41.141030162768686],[20.04962371999631,41.14107567159473],[20.04948913818783,41.14113509381694],[20.049475069590923,41.141141305542305],[20.049335705593254,41.14119125852925],[20.049242659648296,41.14123888910211],[20.049194806400152,41.14127961368712],[20.04916252650602,41.141331789731055],[20.049115695916726,41.141461265863896],[20.049021860487603,41.14159924724696],[20.049019481242407,41.141601965192194],[20.0489962343775,41.14162852137559],[20.048957979133867,41.14167222240549],[20.048883403719366,41.14173535799557],[20.048853779077735,41.14176043818754],[20.04875418006521,41.141827108325366],[20.048596105326368,41.14189770832773],[20.048361929442336,41.14194616252863],[20.048171903277446,41.14195841640099],[20.04795833420253,41.14198846495906],[20.047808408049086,41.14202969426791],[20.04748150409843,41.14215867173784],[20.047348029791017,41.14219437451663],[20.047111795634077,41.14222052954907],[20.047003256333255,41.14224349140135],[20.046859016617887,41.142299056752265],[20.046551995276904,41.14241732942427],[20.046416072058097,41.14243244144619],[20.046342484272728,41.14242829223907],[20.046321710650464,41.14242712092111],[20.046074151137603,41.142390881032],[20.045954083835994,41.142360200764806],[20.04581402060889,41.14235018210068],[20.04567399027659,41.142387514899234],[20.045514199706478,41.14248460498306],[20.04546233098556,41.142534888717734],[20.045234740354253,41.143022169255865],[20.045225512115056,41.14308823339448],[20.045232989469223,41.14310431868183],[20.045248073130875,41.14313676663538],[20.045351629316038,41.14323260817811],[20.045411982471798,41.143310153655115],[20.045433874727944,41.14335868998993],[20.045443601383546,41.143409207571054],[20.045433674963068,41.14348119561334],[20.045406518430447,41.14352149549382],[20.0452006587618,41.14378668690743],[20.04510210758721,41.14392020049697],[20.045031818022043,41.14411048109896],[20.04499336251203,41.14420064231816],[20.044905316155642,41.14435999049589],[20.044789705789366,41.14449829725993],[20.044716037771853,41.14455863112606],[20.044593202657236,41.14461724849599],[20.044443863748764,41.14464106549556],[20.044461313119836,41.14458808279696],[20.04458384834972,41.14454977996107],[20.044684542911597,41.14449724031308],[20.044743133299626,41.14445074919458],[20.044796897307087,41.144385078814835],[20.044925010522142,41.144170672129746],[20.045016651381054,41.14392997345846],[20.045076997138967,41.14381852232743],[20.045247212044167,41.143600506672755],[20.045349107643247,41.14346999533829],[20.045363187185615,41.14336937968542],[20.045346689187213,41.1433328026323],[20.04529281049107,41.143263575858185],[20.045180528950496,41.143168990080824],[20.045152748064982,41.14309466294826],[20.045164549923058,41.14301017516286],[20.045398815255005,41.14250860490614],[20.045425977875958,41.14245767228752],[20.0456692540234,41.14231040361575],[20.045805864215367,41.14228523496081],[20.045975325800168,41.14229167339265],[20.04609294633365,41.14232725415137],[20.046330677887987,41.142360224904074],[20.04641886771332,41.14236514630769],[20.046591594448163,41.14232952053212],[20.046826567680554,41.14225092008367],[20.046977145615767,41.142192913069664],[20.0470969270249,41.142167572914616],[20.047330768641412,41.14214168278842],[20.04745290908117,41.14210901168523],[20.047779532943654,41.141980144727576],[20.047939452033052,41.14193616739008],[20.048162304312388,41.141904812714806],[20.048349354743948,41.14189275074146],[20.048569456374736,41.14184720870055],[20.048688249139115,41.141799078918375],[20.04880326300407,41.1417220903659],[20.048901230965598,41.14163915073338],[20.04896009566379,41.141571906442664],[20.04904872664889,41.1414415781839],[20.049095201781956,41.14131308515989],[20.04913952544314,41.141254949556085],[20.049196761922676,41.141203046164335],[20.04934001633849,41.1411299217464],[20.049397845553894,41.14110919371738],[20.04944167749634,41.14109348277624],[20.049599514923102,41.14103477606257],[20.04975169767905,41.14098549707332],[20.04989659477702,41.140958939097196],[20.05007122744934,41.14096118005924],[20.050398644663705,41.14094171511128],[20.050471418958953,41.140936238370195],[20.050618578962712,41.140925163475394],[20.050865131387877,41.140881321567306],[20.05098039058263,41.140850505756255],[20.051039120940008,41.14083480349496],[20.051133337565673,41.140813814670295],[20.051194630686847,41.140800160231464],[20.051291534160292,41.14078530494736],[20.051368314154196,41.1407735345262],[20.05157589913094,41.140773015026845],[20.05165569922574,41.140774490987766],[20.051918985782976,41.14077936027201],[20.051928562283514,41.14077953737073],[20.052149287328692,41.140795256957375],[20.05229397892943,41.140791752888354],[20.052394899328576,41.14081393878983],[20.052498791072054,41.140854801504005],[20.052576674234945,41.14090435148921],[20.05273532949952,41.140998344223505],[20.052770027001863,41.1410106227337],[20.05280944473567,41.14101060467056],[20.052819462290838,41.14101060007788],[20.053173039454414,41.14099560457983],[20.053313692426535,41.14100405413807],[20.053425021904005,41.1410371070927],[20.053494513957695,41.14105773873307],[20.053698312311155,41.14113184516227],[20.053708181147837,41.14113543371683],[20.053761469773768,41.141139559635754],[20.053781108080216,41.141141080142624],[20.053876747577597,41.14112317673366],[20.053977378099642,41.141080754394416],[20.054139113820995,41.14100267711707],[20.054309485571054,41.14091512234572],[20.05445586526318,41.14083542523676],[20.054552212956068,41.140817889916626],[20.05467117308293,41.140822893697816],[20.05475788320339,41.14081990648207],[20.054830168507895,41.140786100301746],[20.054947307793917,41.14070806050913],[20.05501313728768,41.14065260257224],[20.05518061095832,41.140582539137256],[20.055427710478384,41.1404529173347],[20.055591291255173,41.140338416322514],[20.055641032330087,41.140297623514165],[20.055807270829966,41.140174064164334],[20.05590484677041,41.140078868033356],[20.055976505357922,41.140119741276806],[20.056054110973577,41.14016074017525],[20.056226321644647,41.14015713868572],[20.056393742270668,41.14022263555202],[20.05686397281384,41.1402782050034],[20.057097320061715,41.14031509659238],[20.0571458551696,41.140178959846445],[20.057179027479584,41.140049165740194],[20.057231398086024,41.13993413012535],[20.057105543684937,41.13975134043043],[20.056865114131572,41.139699215539935],[20.05671021491632,41.13979546485051],[20.056663297465715,41.13975291152682],[20.05681016242754,41.13963819143147],[20.05691652938232,41.13964157079653],[20.05717137788201,41.139710237396294],[20.057229750205067,41.139770005965616],[20.057287099970765,41.139848297677524],[20.05739917532063,41.139958993179576],[20.057594733341475,41.14006222866952],[20.057692910658826,41.14008320159539],[20.05789655891217,41.14005529929968],[20.058001414473605,41.14000312474905],[20.058118326723353,41.13992524147253],[20.058257313180693,41.139898298046276],[20.05838196426875,41.13989120795983],[20.05842565528837,41.13980844860149],[20.058463091832834,41.13973753626605],[20.058540640056307,41.139775289635914],[20.05885679123032,41.13992920283722],[20.05904710162421,41.1399573538312],[20.058996611018543,41.14001564013781],[20.058912670036946,41.1400135992454],[20.05880957200769,41.140107621744264],[20.058763952727205,41.14022444409075],[20.058699334970683,41.14047200007705],[20.05859957598149,41.140628168084234],[20.058575741513742,41.140682378285334],[20.058578979012342,41.140723950751784],[20.058685484048116,41.140880085475374],[20.058696100180953,41.14101092956319],[20.058638176157842,41.14119174877681],[20.058607803717553,41.14127333842996],[20.058605524750426,41.1412970211779],[20.058630698620146,41.14130821936251],[20.058686035184554,41.14130115676527],[20.05879646117656,41.141395766756304],[20.05885902862248,41.14166781046289],[20.05885915811678,41.14190102489078],[20.058856082342473,41.142149106526425],[20.058840754821183,41.142383932256045],[20.058737292553555,41.1425327375841],[20.058796323972132,41.14259447822403],[20.058870331074946,41.142631835572054],[20.058977107944536,41.142618627079656],[20.0590599441689,41.14259396407174],[20.059127703160115,41.1425613371112],[20.059293967008063,41.14236955758874],[20.05934122626147,41.14228160389839],[20.059378969171497,41.14225703803604],[20.0594579719888,41.14226000542887],[20.059529649605274,41.14226967664742],[20.059617815747675,41.14229434144009],[20.059689401557545,41.1423718006765],[20.05966884166597,41.14253515111588],[20.05951969692329,41.14281256207626],[20.059449639815384,41.14294286823653],[20.05946160810351,41.1430846235676],[20.059401630606715,41.143396385458004],[20.05934634141638,41.14352798563847],[20.059463387697484,41.14352800889297],[20.059680962650084,41.14346340956838],[20.059793434284586,41.143387809800096],[20.059851862528554,41.14330497395326],[20.05995127508342,41.14322176438925],[20.06000358486148,41.14322333346257],[20.060015335293517,41.14324312496464],[20.06003500436459,41.14326285384669],[20.060027460363493,41.14336585348303],[20.060068733128155,41.14347343449623],[20.060177383537017,41.14355549534859],[20.06047306227849,41.143654143387735],[20.060550769319544,41.14368006880715],[20.060608101146155,41.14368519856817],[20.06063342737206,41.1438429712958],[20.060733528430482,41.14396434861439],[20.060807374316763,41.14405388993705],[20.061029059154105,41.14385099061598],[20.06139805264041,41.14382652857187],[20.06138027495534,41.14390557993902],[20.061354927776463,41.1439741975609],[20.061276880608716,41.14407900216682],[20.061230586053064,41.14414116801457],[20.061157141374842,41.1441635211033],[20.061201022199658,41.14406193333928],[20.061227348781177,41.143925922440275],[20.061117297419777,41.14395562953376],[20.060991934636238,41.14403755193256],[20.06084183567877,41.144130444426075],[20.06076087060931,41.144148541759996],[20.060736730416934,41.14411682685697],[20.0606562802545,41.14396931111952],[20.060610328905103,41.143899546056936],[20.060588211553842,41.14383807026361],[20.060577058226038,41.14379520217264],[20.060559586733216,41.14377839737299],[20.060518691943717,41.143844486582815],[20.060397295022685,41.14396451740915],[20.06033007952775,41.144027763122445],[20.060225396529503,41.144091914471524],[20.06003424517666,41.144249897630985],[20.059868292676654,41.14443962600315],[20.05918110627647,41.14464003115217],[20.05873094483344,41.14479454650926],[20.058344389674602,41.14496552992562],[20.058194948243063,41.144969780000004],[20.057940079737943,41.14508759094087],[20.057858174748162,41.14507331941144],[20.057723718906228,41.14501968163754],[20.057733306024467,41.144982156899815],[20.05783756843024,41.14503149822694],[20.05793548134336,41.145046238867536],[20.05819545279839,41.14493650129783],[20.058344538438668,41.14493536694],[20.058718014244906,41.14474958712513],[20.05913470017897,41.14458572438343],[20.05955249889963,41.14446786646204],[20.059710818802728,41.144409089783125],[20.059841939221972,41.1443413513813],[20.060008379885087,41.14417544416976],[20.060308671266704,41.143963102487454],[20.060531446570455,41.14374366474613],[20.059936607156615,41.14351105422872],[20.059896288605827,41.1434655821149],[20.059929999859357,41.143351911259884],[20.059865922203127,41.1434533828763],[20.059783851938693,41.14350495151752],[20.059250961990386,41.143670022407825],[20.059220114355888,41.14366239657998],[20.059172388319332,41.1436452478813],[20.05913106949308,41.143591347754615],[20.059222645451495,41.143529109222044],[20.0592787447012,41.143490981926604],[20.059323070973193,41.14343359925365],[20.05934675929795,41.143378066268184],[20.05936446604387,41.143274344535826],[20.059378270052445,41.14318849109281],[20.059376049129657,41.143156196397086],[20.0593364818529,41.14323858923603],[20.059292753128044,41.143316276596536],[20.05922920213354,41.14337268275436],[20.059126798556086,41.14343912194229],[20.058849261306793,41.14356992139474],[20.058664766808526,41.14362057609143],[20.058520156396643,41.143689163301985],[20.058273103145794,41.14384209591265],[20.058095135310033,41.14391475566413],[20.057906452585257,41.14395392948087],[20.057684076764573,41.1439663068965],[20.057459930819928,41.14395903206573],[20.057435233859973,41.143928998538854],[20.05768288736611,41.143933033478625],[20.057871824902673,41.14390976707649],[20.058064725482037,41.14387063886924],[20.058238035099567,41.143809440263446],[20.058629580850255,41.143581997498146],[20.05881426476406,41.143527004607996],[20.059121106081577,41.14338860618338],[20.05925894334468,41.14328046973493],[20.059332887349335,41.14313489057812],[20.059352745627034,41.14307825539914],[20.05942569999876,41.142838270612096],[20.05960753883993,41.14249337430164],[20.059617804867695,41.14239289656438],[20.059521980816974,41.14233007591185],[20.059400183600207,41.14231993924185],[20.059137982699788,41.14260583274029],[20.058855220899403,41.14269777287687],[20.05860890285338,41.14278817814237],[20.05831738234499,41.14289412265371],[20.058291046949307,41.142844974831256],[20.05876430308514,41.14268363789423],[20.058716780251885,41.14264943444351],[20.0586817017573,41.14260369823544],[20.05867260176122,41.14255824055747],[20.058688605469534,41.142502952572535],[20.05878171431946,41.142323501997794],[20.058780725102476,41.14213275856549],[20.058778594229047,41.141849865314185],[20.05877690221073,41.141625232280816],[20.058763774604767,41.14151870550099],[20.058731823813297,41.14142913300175],[20.058698304612854,41.141396018233344],[20.058658970536086,41.14138071053175],[20.058626514970737,41.14137954783669],[20.058592367479708,41.14140517195266],[20.058544559741755,41.141454011070415],[20.05850789753526,41.14148114913895],[20.0584336898902,41.14149156047395],[20.058321404360605,41.141486411149145],[20.05814581329868,41.1415628309102],[20.057846232582154,41.141684010828904],[20.057673981304205,41.141805732176756]],[[20.05854594696692,41.14060858969448],[20.05857992796334,41.140555394203254],[20.05864238526993,41.140457620270844],[20.058705538434182,41.14021567605996],[20.058735768600727,41.140101280389544],[20.058721407380666,41.139994998259226],[20.05861198572506,41.13993667319717],[20.058483216116816,41.13992723616146],[20.058331750559066,41.13993562501823],[20.058130958387203,41.13996346748659],[20.05797238342317,41.140066518041294],[20.057796836485796,41.140103472942904],[20.057706908653206,41.1401203262152],[20.057584361174325,41.140084565891584],[20.057323809361684,41.139972892742506],[20.05725825690625,41.13999273650909],[20.05722659948872,41.140059443650166],[20.057207196923226,41.14016790462198],[20.057178241495446,41.14028097380669],[20.05712991248385,41.14036344364171],[20.0570682140466,41.14037315181824],[20.056848136855635,41.140320472633306],[20.0564650111973,41.140267806877034],[20.056325464926914,41.14042129253292],[20.056125736530767,41.14063437309684],[20.056021561821904,41.14078221058034],[20.05601522135611,41.14088360771327],[20.05613032864255,41.141016866265694],[20.056351205838,41.1411844519207],[20.056527669333743,41.141288509907206],[20.05641444779683,41.14139007719028],[20.056233621667698,41.14151446678999],[20.0561511447733,41.14163532495968],[20.056156446030016,41.14174511452286],[20.05622181099641,41.14179271561606],[20.056410678991234,41.14182132179919],[20.05683235810624,41.14185419701348],[20.057019621737705,41.1418561038659],[20.057214212828466,41.141839517792555],[20.057535978040388,41.14176523575793],[20.05772049844898,41.14167809013381],[20.058119491906638,41.14149053545945],[20.0582921879653,41.14141025017093],[20.05841376697807,41.14142395174731],[20.058497088215848,41.14141004947746],[20.05853394820174,41.14133885215484],[20.058633925199313,41.140992422868116],[20.058634201084757,41.14099146689505],[20.058606066412956,41.140894692891855],[20.058529021780686,41.1407685324503],[20.058513240486015,41.140659789906614],[20.05854594696692,41.14060858969448]]]},"properties":{"Zk_Numer":1885,"Zk_Emer":"GURABARDH","Nr_Pas":"362","Vol":2,"Faqe":182,"Pronaret":"SHTET","Kufizimet":"","Siperfaqe":22019}},
{"type":"Feature","geometry":{"type":"Polygon","coordinates":[[[20.053825818381615,41.13757689378879],[20.053780014409828,41.13745471780816],[20.053683375750158,41.13740169571806],[20.053558192977405,41.13728074355779],[20.05321232903866,41.13694656522634],[20.053586283775125,41.13718653795983],[20.053876333214227,41.13734761291149],[20.053973226018165,41.13743536773221],[20.054017344787223,41.137585416973856],[20.0540332198646,41.13762531815029],[20.054001621960925,41.13773308805095],[20.05396097980139,41.137785034714],[20.053808056478058,41.13793591151952],[20.05386900684397,41.137751565608056],[20.053825818381615,41.13757689378879]]]},"properties":{"Zk_Numer":1885,"Zk_Emer":"GURABARDH","Nr_Pas":"20/53","Vol":2,"Faqe":158,"Pronaret":"SHTET","Kufizimet":"","Siperfaqe":1266}},
{"type":"Feature","geometry":{"type":"Polygon","coordinates":[[[20.059152100059652,41.140002739072386],[20.059062718003098,41.14007687637451],[20.058932902201317,41.140306883516956],[20.05885862470096,41.140438487316906],[20.05877001380044,41.14065657596284],[20.05876402754982,41.140713109103004],[20.058832327032253,41.14083194382061],[20.058837966678492,41.14105932628082],[20.058686035184554,41.14130115676527],[20.058630698620146,41.14130821936251],[20.058647257523297,41.14126393718777],[20.058678351847348,41.14121929748376],[20.058763220166618,41.14107577878218],[20.058790466346387,41.140848688202325],[20.058711825726476,41.14072471982169],[20.05872043193738,41.14064834877088],[20.058813150928163,41.1404272796789],[20.05888908072058,41.14029274853676],[20.059022065875993,41.14005712620102],[20.059012533395382,41.14003300610302],[20.058996611018543,41.14001564013781],[20.05904710162421,41.1399573538312],[20.059153760600413,41.13985933899597],[20.05919784742774,41.13966532093767],[20.0591180501763,41.13946692961833],[20.059223334573574,41.13926847964832],[20.059351786902557,41.13916103757103],[20.059570261466632,41.13918324714021],[20.05972292910332,41.1392748721561],[20.059871779102135,41.13922114648944],[20.05989992618404,41.13927834439998],[20.059720439226286,41.13932336351546],[20.05958582573995,41.139278465637524],[20.05942873089075,41.13923625837611],[20.059390835242315,41.139288650430565],[20.05939025589277,41.139409135697605],[20.059364564318788,41.13945159544164],[20.059279997355308,41.13944012014104],[20.059191408007823,41.13943491508267],[20.05918288400331,41.13947261481518],[20.05920713896538,41.13954648370873],[20.0592542559063,41.13963908300547],[20.059257844915955,41.13976640969768],[20.059152100059652,41.140002739072386]]]},"properties":{"Zk_Numer":1885,"Zk_Emer":"GURABARDH","Nr_Pas":"15/11","Vol":2,"Faqe":159,"Pronaret":"SHTET","Kufizimet":"","Siperfaqe":1862}},
{"type":"Feature","geometry":{"type":"Polygon","coordinates":[[[20.06192946412065,41.137465138439346],[20.062111053462587,41.13718379706021],[20.06216109113172,41.1371289926762],[20.062293718016967,41.137073355224025],[20.0625374217899,41.136963609440535],[20.062652648529358,41.13693885881909],[20.062780824919248,41.13691132646462],[20.063022342687532,41.136877492163585],[20.06346804833581,41.13681505169645],[20.063508450780294,41.13680047690045],[20.063631888541103,41.136804347546054],[20.063883461305043,41.1367462278088],[20.06406890758982,41.136723252051844],[20.064205326669704,41.136653177726544],[20.06413595417072,41.13655486909178],[20.064153829237373,41.13645897901935],[20.06417494093456,41.13639602043378],[20.064196052591452,41.13633306184369],[20.064224817509245,41.13624727971319],[20.06420579009493,41.13639476035105],[20.06419058393162,41.13651262216564],[20.06419481750419,41.136558916311365],[20.064231086582588,41.13662624404572],[20.06424399162127,41.13673419541417],[20.063770488356994,41.13682661841363],[20.06353072727551,41.13686589026219],[20.063233076799623,41.136912424638055],[20.0630275474082,41.136921208674636],[20.062985479130482,41.136921100490085],[20.062799364025985,41.136933916817675],[20.062630097507956,41.13697533732219],[20.062352852823267,41.13711064140778],[20.062153421579133,41.13717630026542],[20.061965522997884,41.137476374182654],[20.06192946412065,41.137465138439346]]]},"properties":{"Zk_Numer":1885,"Zk_Emer":"GURABARDH","Nr_Pas":"112/19","Vol":2,"Faqe":184,"Pronaret":"SHTET","Kufizimet":"","Siperfaqe":1262}},
{"type":"Feature","geometry":{"type":"Polygon","coordinates":[[[20.05928523340436,41.13687714073073],[20.059209254655435,41.13669216448139],[20.058962158322153,41.13658116793404],[20.05916502525446,41.136395829991855],[20.05938998353827,41.13619030788754],[20.05939305413617,41.136377702265406],[20.059512858971512,41.13650849331897],[20.05981854328569,41.13650960634771],[20.059789060393605,41.13654845498842],[20.05977685881486,41.13658897954364],[20.059737280358828,41.136644932836305],[20.059575266604668,41.136859857954924],[20.05928523340436,41.13687714073073]]]},"properties":{"Zk_Numer":1885,"Zk_Emer":"GURABARDH","Nr_Pas":"79/16","Vol":2,"Faqe":139,"Pronaret":"SHTET","Kufizimet":"","Siperfaqe":2453}},
{"type":"Feature","geometry":{"type":"Polygon","coordinates":[[[20.046551995276904,41.14241732942427],[20.046607181579738,41.14242457070927],[20.046667402099718,41.14241797792328],[20.046844501970206,41.14235642852292],[20.047001618951136,41.142290439968555],[20.047111049039156,41.14228372073264],[20.04739669146337,41.14230885931183],[20.047572599521754,41.14230523412126],[20.04769954592993,41.14226460427231],[20.04780982271201,41.142216738272396],[20.04796289226944,41.14219947011865],[20.048042908767066,41.14221866414643],[20.04810354189345,41.142252404199645],[20.04811919677537,41.1422944209403],[20.048063576995386,41.14232819846804],[20.04798235599345,41.14234033931753],[20.047937818686158,41.142339156413115],[20.047896058700964,41.14235224859583],[20.047792995329562,41.14242038835398],[20.047679756609774,41.14245752045289],[20.047563371917224,41.14245756856503],[20.047526454850523,41.14247644652907],[20.047492844669215,41.14249666250531],[20.047489067268064,41.14251329320006],[20.0475053420063,41.142516959601245],[20.047546565058102,41.142508449269926],[20.047609248937444,41.14248698708685],[20.048000449862577,41.142503316721964],[20.048104348205637,41.14254121585911],[20.048228681388842,41.142640213446256],[20.04834329202494,41.142690188164345],[20.0486691750476,41.14278378355273],[20.048748278071628,41.142788594634546],[20.048809246318744,41.14277449514348],[20.04888362352095,41.142732648176484],[20.04900299338399,41.14271831026939],[20.049098950496845,41.14274510609044],[20.049207598105532,41.14281282140947],[20.049326327933517,41.14286579814944],[20.04941766211483,41.14287438199794],[20.049594550538586,41.14288729224365],[20.049695034266595,41.14297452773559],[20.049752717113375,41.1430344847579],[20.0498473677708,41.143228580174174],[20.04989753881332,41.143331462947835],[20.049949901145556,41.14337798000671],[20.050126978645366,41.14345812642407],[20.050244199832996,41.14348905817967],[20.050348322327178,41.143500247073696],[20.050554240999297,41.14345802595186],[20.050806759873602,41.14338327555772],[20.050922175200448,41.14333595279236],[20.050878270682446,41.143384714393505],[20.05085061904596,41.14341542503827],[20.050572210835707,41.14350099020646],[20.050352079463604,41.14354612546132],[20.050230061289138,41.14353301351976],[20.050101605244397,41.14349911716228],[20.049910895956337,41.143412800887695],[20.049845319459283,41.14335454474206],[20.049791486539043,41.143244152595216],[20.04969969296592,41.1430559157512],[20.04964840404466,41.14300260469437],[20.049565213673976,41.14293038250004],[20.049411125224058,41.142919136299554],[20.04930670620423,41.14290932269501],[20.049173309432106,41.14284980162227],[20.049068848872942,41.14278469589804],[20.04899696177378,41.14276462157793],[20.04890743345732,41.14277537511841],[20.048836531364977,41.14281526687755],[20.048754831534918,41.14283416074634],[20.04865594823141,41.14282814662024],[20.048317673431278,41.14273099224396],[20.04819143939044,41.14267594925351],[20.048068656374387,41.14257818592587],[20.047985284776992,41.142547774353474],[20.04762053156943,41.14253254871202],[20.047566823139483,41.14255093780894],[20.04750462859167,41.14256377761717],[20.047455422447165,41.14255269237121],[20.04741242616387,41.14252580035897],[20.047411258425143,41.1424749713133],[20.04747625824737,41.142430949347165],[20.04755428259961,41.142412550256935],[20.047667380512795,41.142412503514066],[20.047760776930534,41.142381877904604],[20.047864211444033,41.14231349277819],[20.047926966745027,41.14229381835006],[20.04797446892387,41.1422950800058],[20.04800516686456,41.14228797555785],[20.048026479093195,41.142274982808736],[20.04800780507365,41.14225747792351],[20.04795803335907,41.14224553888797],[20.0478297301948,41.1422600130826],[20.04772607987845,41.14230500284217],[20.047585463657434,41.1423500077838],[20.047394045971927,41.14235395260943],[20.04711000623391,41.14232895509093],[20.047019281424795,41.14233452578646],[20.046871441834657,41.14239661786814],[20.046683830774644,41.14246182033468],[20.046511963275822,41.142477639277516],[20.046342484272714,41.14242829223907],[20.046416072058097,41.14243244144619],[20.046551995276904,41.14241732942427]]]},"properties":{"Zk_Numer":1885,"Zk_Emer":"GURABARDH","Nr_Pas":"364","Vol":2,"Faqe":177,"Pronaret":"SHTET","Kufizimet":"","Siperfaqe":2813}},
{"type":"Feature","geometry":{"type":"Polygon","coordinates":[[[20.070118619206294,41.14047300792868],[20.07009771218488,41.140424069129345],[20.070063711445595,41.140254234892495],[20.07011918515347,41.139971773543735],[20.07021278259598,41.139691284859346],[20.070238635283896,41.13962928298807],[20.070303111527956,41.13947465064749],[20.070308022901784,41.13945296099806],[20.07037332607972,41.13947401559654],[20.070320391183493,41.139608448626696],[20.070271150877556,41.139692018101144],[20.07027330116298,41.13982139188652],[20.070288310839572,41.139870905863006],[20.07030833708161,41.13994123061235],[20.07031513698487,41.14020625563235],[20.07034301351538,41.14035060281435],[20.070393644077523,41.14043492950142],[20.070432430144887,41.14048130017349],[20.070452533077663,41.14062480207618],[20.070337172740622,41.14083207418019],[20.070263567059904,41.14084160108008],[20.070260098037767,41.14084205007988],[20.070262152573942,41.14081311376914],[20.070264708574385,41.14077711474573],[20.07027156594883,41.140680534449885],[20.070372431099944,41.1405675870082],[20.070353176779705,41.14051064680268],[20.07030902986339,41.140385043389685],[20.07027286429296,41.140277213496674],[20.070261978957756,41.140191499706475],[20.070260957910676,41.14012313213741],[20.070259258682356,41.14004266689816],[20.0702577900234,41.13997311987316],[20.070239269586786,41.13994938202032],[20.070217245708214,41.13984528096229],[20.070178341234683,41.13997247202259],[20.070150475176334,41.14006357469232],[20.070125957219243,41.14021396062709],[20.070126364014943,41.140261406636526],[20.070126890452734,41.14032280681275],[20.07015602986028,41.14044505090405],[20.070118619206294,41.14047300792868]]]},"properties":{"Zk_Numer":1885,"Zk_Emer":"GURABARDH","Nr_Pas":"42/15","Vol":2,"Faqe":162,"Pronaret":"SHTET","Kufizimet":"","Siperfaqe":1276}},
{"type":"Feature","geometry":{"type":"Polygon","coordinates":[[[20.07015602986028,41.14044505090405],[20.070126890452734,41.14032280681275],[20.070126364014943,41.140261406636526],[20.070125957219243,41.14021396062709],[20.070150475176334,41.14006357469232],[20.070178341234683,41.13997247202259],[20.070217245708214,41.13984528096229],[20.070239269586786,41.13994938202032],[20.0702577900234,41.13997311987316],[20.070259258682356,41.14004266689816],[20.070260957910676,41.14012313213741],[20.070261978957756,41.140191499706475],[20.07027286429296,41.140277213496674],[20.07030902986339,41.140385043389685],[20.070353176779705,41.14051064680268],[20.070372431099944,41.1405675870082],[20.070294007101428,41.14053146600918],[20.07015602986028,41.14044505090405]]]},"properties":{"Zk_Numer":1885,"Zk_Emer":"GURABARDH","Nr_Pas":"42/16","Vol":2,"Faqe":163,"Pronaret":"SHTET","Kufizimet":"","Siperfaqe":742}},
{"type":"Feature","geometry":{"type":"Polygon","coordinates":[[[20.0690917501655,41.14178534904649],[20.069194012314256,41.142038141348785],[20.069076598976487,41.142159201221446],[20.068999953562354,41.142272675084705],[20.069064340588568,41.14204987377914],[20.0690917501655,41.14178534904649]]]},"properties":{"Zk_Numer":1885,"Zk_Emer":"GURABARDH","Nr_Pas":"37/2","Vol":2,"Faqe":164,"Pronaret":"SHTET","Kufizimet":"","Siperfaqe":271}},
{"type":"Feature","geometry":{"type":"Polygon","coordinates":[[[20.070074974335952,41.14249150273212],[20.069573428637675,41.142155381134046],[20.070023894533424,41.14188728605671],[20.070151091491013,41.14173183461473],[20.070142344218286,41.14175271405474],[20.070135870513525,41.14177594219741],[20.070137148709414,41.14181495207672],[20.070166443525608,41.14186649008614],[20.070419437204148,41.1420217576544],[20.0705559305685,41.14210795226042],[20.070573196904565,41.14212781667423],[20.070581218405202,41.14217352691153],[20.070571878076954,41.14221003405599],[20.070543822688666,41.142235511891926],[20.070516455446622,41.14225810979657],[20.070473359704753,41.14228156920721],[20.0703903928901,41.1423081233229],[20.0702368912137,41.142356139445],[20.070204891646714,41.14236688877087],[20.070175193832142,41.14237686487873],[20.070156948957226,41.142386254702174],[20.070129638101708,41.14241136535941],[20.070094393226253,41.142470111750804],[20.070074974335952,41.14249150273212]]]},"properties":{"Zk_Numer":1885,"Zk_Emer":"GURABARDH","Nr_Pas":"37/5","Vol":2,"Faqe":165,"Pronaret":"SHTET","Kufizimet":"","Siperfaqe":3237}},
{"type":"Feature","geometry":{"type":"Polygon","coordinates":[[[20.069791589977793,41.14100227795296],[20.070076478795745,41.140832064278186],[20.07027156594883,41.140680534449885],[20.070264708574385,41.14077711474573],[20.070262152573942,41.14081311376914],[20.070260098037767,41.14084205007988],[20.069897754250107,41.141104676274615],[20.069791589977793,41.14100227795296]]]},"properties":{"Zk_Numer":1885,"Zk_Emer":"GURABARDH","Nr_Pas":"43/9","Vol":2,"Faqe":168,"Pronaret":"SHTET","Kufizimet":"","Siperfaqe":601}},
{"type":"Feature","geometry":{"type":"Polygon","coordinates":[[[20.071296217978304,41.14344912817672],[20.07108918521088,41.14338314121148],[20.0709509564879,41.14339702000606],[20.07079325440252,41.14344323571396],[20.070752112017672,41.1435253219376],[20.07080298670135,41.143798844144875],[20.070921581913435,41.14400945049356],[20.070844577216135,41.14396975445846],[20.070781498659663,41.14385357313591],[20.070712836460856,41.143643845982055],[20.070685391486514,41.14348672050761],[20.070715358115436,41.14340629690667],[20.07078040038398,41.14335518379587],[20.070929544361167,41.14329361321543],[20.071296217978304,41.14344912817672]]]},"properties":{"Zk_Numer":1885,"Zk_Emer":"GURABARDH","Nr_Pas":"33/11","Vol":2,"Faqe":174,"Pronaret":"SHTET","Kufizimet":"","Siperfaqe":590}},
{"type":"Feature","geometry":{"type":"Polygon","coordinates":[[[20.069707009763654,41.143497002835936],[20.069732097799687,41.143526491562945],[20.069872240654558,41.14368832513135],[20.070010657824707,41.14388389842728],[20.070215107240617,41.1439990133832],[20.070459381570586,41.14421613490956],[20.070453660578334,41.14421979417091],[20.07035755551687,41.1442483570794],[20.07018483601671,41.14405831999946],[20.07004454689847,41.143954221234566],[20.069923142364853,41.14389133872173],[20.069872493954136,41.143791876127956],[20.069781108272867,41.14362311880303],[20.069556156018567,41.143572181685116],[20.06935186294635,41.14353638806735],[20.06951610810677,41.143535648436675],[20.069707009763654,41.143497002835936]]]},"properties":{"Zk_Numer":1885,"Zk_Emer":"GURABARDH","Nr_Pas":"33/12","Vol":2,"Faqe":175,"Pronaret":"SHTET","Kufizimet":"","Siperfaqe":713}},
{"type":"Feature","geometry":{"type":"Polygon","coordinates":[[[20.069707009763654,41.143497002835936],[20.069830051866692,41.143450422551744],[20.070035085051863,41.14335811510248],[20.07019331144864,41.14326318897958],[20.07028440181102,41.1432164105677],[20.07030537383627,41.1432087237159],[20.070368263886273,41.14319058388405],[20.070412303008585,41.14318117209081],[20.07044426546369,41.143173079050776],[20.07050340597056,41.143172210187764],[20.07067886102075,41.14319151281477],[20.070800463561635,41.143219425769814],[20.070447526855755,41.14318513970751],[20.070314596516454,41.143223048180985],[20.07012486710638,41.1433626279648],[20.069922086446716,41.14345980297676],[20.069732097799687,41.143526491562945],[20.069707009763654,41.143497002835936]]]},"properties":{"Zk_Numer":1885,"Zk_Emer":"GURABARDH","Nr_Pas":"33/13","Vol":2,"Faqe":176,"Pronaret":"SHTET","Kufizimet":"","Siperfaqe":316}},
{"type":"Feature","geometry":{"type":"Polygon","coordinates":[[[20.07047721693247,41.14547905212021],[20.070677483265378,41.14550266536959],[20.07086873544223,41.145531552727356],[20.071099292298943,41.14549085916332],[20.07140883265284,41.145413648837604],[20.071612920362362,41.14537272374422],[20.07151262530288,41.14548219116723],[20.071448297162814,41.14549138620911],[20.071395216186886,41.14555409683206],[20.07130209744071,41.14574395748658],[20.07110911946876,41.146076274343045],[20.070993121898855,41.146060939514264],[20.070829579247846,41.14600587770773],[20.070654804264738,41.14592741317039],[20.070385171787414,41.145790392912744],[20.070333922968377,41.14573010738867],[20.0703254778037,41.14563834872333],[20.07040755211615,41.14548497844206],[20.07047721693247,41.14547905212021]]]},"properties":{"Zk_Numer":1885,"Zk_Emer":"GURABARDH","Nr_Pas":"33/10","Vol":2,"Faqe":39,"Pronaret":"SHTET","Kufizimet":"KJO PASURI OKUPOHET NGA KUJTIM SHAQIR PISHA\r\n","Siperfaqe":4300}},
{"type":"Feature","geometry":{"type":"Polygon","coordinates":[[[20.07043969507002,41.145855691748764],[20.070402986697218,41.14586238449631],[20.070365516449275,41.14585754451403],[20.070299810168457,41.14583688137562],[20.070262558019692,41.1458209261561],[20.07023058801854,41.145800973257124],[20.070204954049142,41.14578117022828],[20.070187563591123,41.14577500489351],[20.070155963619737,41.145771692802974],[20.070123273239382,41.145779485815446],[20.070059746072303,41.14581061674312],[20.07002653585934,41.1458204040704],[20.069932500137064,41.145838228216704],[20.069896393397315,41.14584698219981],[20.069844305130527,41.1458843085295],[20.069803551278113,41.14590487339196],[20.069769274462722,41.145912970782],[20.069711241405148,41.14592050029326],[20.069610136284915,41.14593361812439],[20.069542110184635,41.145934233719885],[20.069463343603836,41.145934946460095],[20.06944563983592,41.14593740577944],[20.06943047939654,41.14594262374956],[20.069415100463477,41.14595860684212],[20.069334911590808,41.14603145590156],[20.06932942035135,41.14604894416747],[20.0693023169023,41.14610163743384],[20.06924189902351,41.14615757403707],[20.06923681694791,41.14620158423675],[20.069281947980855,41.146314926808834],[20.06934051562944,41.14638335673951],[20.069347596286057,41.14641706641947],[20.06934411722724,41.14645832376365],[20.069323354677664,41.146458011867594],[20.06932844968997,41.1464150073915],[20.069324395050266,41.146377603151386],[20.06929642118421,41.14635361267157],[20.069265890038732,41.14632742903264],[20.069221928440236,41.146235003875034],[20.06919696366587,41.146182517643204],[20.06922689395105,41.146132302789994],[20.069280922468245,41.1460767428403],[20.069314053687734,41.14601378202902],[20.069363317975526,41.14596909084218],[20.069423236873302,41.1459286336767],[20.06945276273572,41.14592294852177],[20.069586364608806,41.14591938334316],[20.069675705333896,41.145915554379094],[20.069712136683922,41.145912160885395],[20.069755580684298,41.14590501438601],[20.069786770371945,41.1458997099255],[20.069810373559942,41.14588885051077],[20.06983697359118,41.14587448527423],[20.069879914837333,41.145843689819266],[20.069897383139264,41.14583516489357],[20.069952332985327,41.14582418453064],[20.070006969559454,41.14581014765307],[20.070079606904113,41.145781082346815],[20.070108974797936,41.14576933097694],[20.070142927958578,41.145761721255845],[20.070171210459087,41.14576170403117],[20.070192201093686,41.14576592568142],[20.070234912735202,41.145790212445014],[20.070286655043176,41.14582001380058],[20.070322568343645,41.14583249278289],[20.070367796043147,41.1458398284745],[20.070420244584515,41.14584355616547],[20.07043969507002,41.145855691748764]]]},"properties":{"Zk_Numer":1885,"Zk_Emer":"GURABARDH","Nr_Pas":"33/15","Vol":2,"Faqe":178,"Pronaret":"SHTET","Kufizimet":"","Siperfaqe":271}},
{"type":"Feature","geometry":{"type":"Polygon","coordinates":[[[20.062155519381907,41.145435568496936],[20.062137899313818,41.14550161746005],[20.062088025240424,41.14559484572525],[20.062048465041887,41.145652459258336],[20.06202724327844,41.1457042462058],[20.062024147608785,41.14575723768019],[20.062081986636123,41.14589068906378],[20.06214229916054,41.14606954665715],[20.06214344385264,41.146241830476434],[20.062103297038774,41.146243019019174],[20.062100923926874,41.14607685537518],[20.062099969394428,41.14601001942918],[20.061959992142537,41.14569224592231],[20.06206890452466,41.14556254937712],[20.062155519381907,41.145435568496936]]]},"properties":{"Zk_Numer":1885,"Zk_Emer":"GURABARDH","Nr_Pas":"3/6","Vol":2,"Faqe":179,"Pronaret":"SHTET","Kufizimet":"","Siperfaqe":280}},
{"type":"Feature","geometry":{"type":"Polygon","coordinates":[[[20.06972378292568,41.140044117209065],[20.069804840655976,41.140146046013726],[20.069814450872872,41.140219892801014],[20.069714399565214,41.140251475862755],[20.0695597574219,41.140273422787956],[20.06926862564855,41.14006618043317],[20.06956651324779,41.14004961612294],[20.06972378292568,41.140044117209065]]]},"properties":{"Zk_Numer":1885,"Zk_Emer":"GURABARDH","Nr_Pas":"41/13","Vol":2,"Faqe":69,"Pronaret":"SHTET","Kufizimet":"MBI KETE PASURI NDODHET NJE NDERTIM PA LEJE","Siperfaqe":741}},
{"type":"Feature","geometry":{"type":"Polygon","coordinates":[[[20.06972952576606,41.13984146924964],[20.06972378292568,41.140044117209065],[20.06956651324779,41.14004961612294],[20.069478290433175,41.139999233409924],[20.06945321523447,41.139947911914874],[20.069473400037985,41.13988125228364],[20.069598479501757,41.139856859403224],[20.06972952576606,41.13984146924964]]]},"properties":{"Zk_Numer":1885,"Zk_Emer":"GURABARDH","Nr_Pas":"41/14","Vol":2,"Faqe":60,"Pronaret":"SHTET","Kufizimet":"MBI KETE PASURI NDODHET NJE NDERTIM PA LEJE, KJO PASURI OKUPOHET NGA ALUSH ALI META","Siperfaqe":433}},
{"type":"Feature","geometry":{"type":"Polygon","coordinates":[[[20.06972952576606,41.13984146924964],[20.069941761190357,41.13984184151701],[20.07006233408315,41.13984574600055],[20.07005049474768,41.14005469733318],[20.06972378292568,41.140044117209065],[20.06972952576606,41.13984146924964]]]},"properties":{"Zk_Numer":1885,"Zk_Emer":"GURABARDH","Nr_Pas":"41/15","Vol":2,"Faqe":169,"Pronaret":"SHTET","Kufizimet":"KJO PASURI OKUPOHET NGA BASHKIM QEHU, MBI KETE PASURI NDODHET NJE NDERTIM PA LEJE","Siperfaqe":637}},
{"type":"Feature","geometry":{"type":"Polygon","coordinates":[[[20.070118619206294,41.14047300792868],[20.07001679629511,41.140549100124595],[20.069928274098125,41.14061525248864],[20.069768974671824,41.14074057391477],[20.069737046935256,41.140765577710184],[20.069715666087557,41.140751279338446],[20.069534151360813,41.14062989154889],[20.069171791179627,41.14045920362768],[20.06864782924145,41.14015744290578],[20.06939492519408,41.13982404001366],[20.070035460941913,41.139543681933574],[20.070205742470552,41.139419984347946],[20.070308022901784,41.13945296099806],[20.070303111527956,41.13947465064749],[20.070238635283896,41.13962928298807],[20.07021278259598,41.139691284859346],[20.07011918515347,41.139971773543735],[20.070063711445595,41.140254234892495],[20.07009771218488,41.140424069129345],[20.070118619206294,41.14047300792868]],[[20.06972378292568,41.140044117209065],[20.07005049474768,41.14005469733318],[20.07006233408315,41.13984574600055],[20.069941761190357,41.13984184151701],[20.06972952576606,41.13984146924964],[20.069598479501757,41.139856859403224],[20.069473400037985,41.13988125228364],[20.06945321523447,41.139947911914874],[20.069478290433175,41.139999233409924],[20.06956651324779,41.14004961612294],[20.06926862564855,41.14006618043317],[20.0695597574219,41.140273422787956],[20.069714399565214,41.140251475862755],[20.069814450872872,41.140219892801014],[20.069804840655976,41.140146046013726],[20.06972378292568,41.140044117209065]]]},"properties":{"Zk_Numer":1885,"Zk_Emer":"GURABARDH","Nr_Pas":"41/16","Vol":1,"Faqe":10,"Pronaret":"SHTET","Kufizimet":"","Siperfaqe":7705}},
{"type":"Feature","geometry":{"type":"Polygon","coordinates":[[[20.045637205927335,41.14635768780602],[20.045819526347056,41.146443963534644],[20.045896829386102,41.146464782235284],[20.045998114702176,41.14649190434696],[20.046137058031153,41.1465112885152],[20.046286596284233,41.146528662273624],[20.04647370421866,41.14654439296168],[20.046628919365368,41.14654567780873],[20.0467386252275,41.14654658581073],[20.046853678824053,41.146547537962064],[20.04697712336388,41.146524284198044],[20.04711681077232,41.14649312395925],[20.04723472479187,41.14647585695521],[20.047294993330333,41.146475365017174],[20.0473552500885,41.146474863945926],[20.047526343639145,41.14648436465039],[20.047670594984503,41.14650574476728],[20.047806998908687,41.14651296831111],[20.047952124014305,41.14650260424423],[20.047556421329446,41.146795076402405],[20.047258419197686,41.147059299663674],[20.04664801378364,41.147565403585574],[20.046188379921887,41.147817183571256],[20.045605776399047,41.14843462241365],[20.044981978301088,41.147829471285185],[20.04430793686629,41.14733571731943],[20.044514883411743,41.14727515951814],[20.044837710434795,41.14711869826689],[20.045037150084553,41.14694392519116],[20.045141430682037,41.14680688297406],[20.045348261204886,41.14659174157288],[20.04546616973391,41.146442320925],[20.045637205927335,41.14635768780602]]]},"properties":{"Zk_Numer":1885,"Zk_Emer":"GURABARDH","Nr_Pas":"12","Vol":2,"Faqe":198,"Pronaret":"SHTET","Kufizimet":"","Siperfaqe":31316}}
]}